family,policy,id,ordinal,task,priority,arrival_ns,deadline_offset_ns,status,queue_entry_ns,backend,decision_start_ns,decision_end_ns,record_end_ns,dispatch_ns,source_request_id,execution_start_ns,output_ready_ns,persist_complete_ns,response_ns,late_success,worker_release_ns,lane_available_ns
queue,RESERVED_THERMAL_REQUEST_V1,610810001/queue/0,0,detection,normal,35000000000,6000000000,succeeded,35000000000,CPU,35000000000.0,35000000000.0,35000000000.0,35000000000,fixed_mean,35001185129,35611805776,35619471443,619471443,False,35619743960,35621736895
queue,RESERVED_THERMAL_REQUEST_V1,610810001/queue/1,1,detection,normal,35205146616,6000000000,succeeded,35205146616,CPU,35786953170.541664,35786953170.541664,35786953170.541664,35786953171,fixed_mean,35788138299,36398758946,36406424614,1201277998,False,36406697130,36408690065
queue,RESERVED_THERMAL_REQUEST_V1,610810001/queue/2,2,detection,normal,35410129751,6000000000,succeeded,35410129751,CPU,36408690065.39583,36408690065.39583,36408690065.39583,36408690065,fixed_mean,36409875194,37020495841,37028161509,1618031758,False,37028434025,37030426960
queue,RESERVED_THERMAL_REQUEST_V1,610810001/queue/3,3,classification,urgent,35613263315,1500000000,succeeded,35613263315,CPU,35621736894.854164,35621736894.854164,35621736894.854164,35621736895,fixed_mean,35623311068,35777916826,35784425105,164653511,False,35784700550,35786953171
queue,RESERVED_THERMAL_REQUEST_V1,610810001/queue/4,4,detection,normal,35817109134,6000000000,succeeded,35817109134,CPU,37030426960.24999,37030426960.24999,37030426960.24999,37030426960,fixed_mean,37031612089,37642232736,37649898404,1832789270,False,37650170920,37652163855
queue,RESERVED_THERMAL_REQUEST_V1,610810001/queue/5,5,detection,normal,36016100813,6000000000,succeeded,36016100813,CPU,37652163855.10416,37652163855.10416,37652163855.10416,37652163855,fixed_mean,37653348984,38263969631,38271635298,2255534485,False,38271907815,38273900750
queue,RESERVED_THERMAL_REQUEST_V1,610810001/queue/6,6,detection,normal,36216376604,6000000000,succeeded,36216376604,CPU,38604333301.33332,38604333301.33332,38604333301.33332,38604333301,fixed_mean,38605518430,39216139077,39223804745,3007428141,False,39224077261,39226070196
queue,RESERVED_THERMAL_REQUEST_V1,610810001/queue/7,7,detection,normal,36412574208,6000000000,succeeded,36412574208,CPU,39226070196.187485,39226070196.187485,39226070196.187485,39226070196,fixed_mean,39227255325,39837875972,39845541640,3432967432,False,39845814156,39847807091
queue,RESERVED_THERMAL_REQUEST_V1,610810001/queue/8,8,detection,normal,36612831581,6000000000,succeeded,36612831581,CPU,39847807091.04165,39847807091.04165,39847807091.04165,39847807091,fixed_mean,39848992220,40459612867,40467278534,3854446953,False,40467551051,40469543986
queue,RESERVED_THERMAL_REQUEST_V1,610810001/queue/9,9,classification,urgent,36808093990,1500000000,succeeded,36808093990,GPU,36808093990.0,36808093990.0,36808093990.0,36808093990,fixed_mean,36809474811,37102148625,37109513886,294054635,False,37109985524,37112923465
queue,RESERVED_THERMAL_REQUEST_V1,610810001/queue/10,10,detection,normal,37004627458,6000000000,succeeded,37004627458,CPU,40469543985.89581,40469543985.89581,40469543985.89581,40469543986,fixed_mean,40470729115,41081349762,41089015429,4084387971,False,41089287946,41091280881
queue,RESERVED_THERMAL_REQUEST_V1,610810001/queue/11,11,detection,normal,37211401297,6000000000,succeeded,37211401297,CPU,41091280880.74998,41091280880.74998,41091280880.74998,41091280881,fixed_mean,41092466009,41703086656,41710752324,4499351027,False,41711024841,41713017776
queue,RESERVED_THERMAL_REQUEST_V1,610810001/queue/12,12,classification,urgent,37421260390,1500000000,succeeded,37421260390,GPU,37421260390.0,37421260390.0,37421260390.0,37421260390,fixed_mean,37422641211,37715315025,37722680286,294054635,False,37723151924,37726089865
queue,RESERVED_THERMAL_REQUEST_V1,610810001/queue/13,13,detection,normal,37619016414,6000000000,succeeded,37619016414,CPU,41713017775.60414,41713017775.60414,41713017775.60414,41713017776,fixed_mean,41714202904,42324823551,42332489219,4713472805,False,42332761736,42334754670
queue,RESERVED_THERMAL_REQUEST_V1,610810001/queue/14,14,detection,normal,37816890488,6000000000,succeeded,37816890488,CPU,42334754670.458305,42334754670.458305,42334754670.458305,42334754670,fixed_mean,42335939799,42946560446,42954226114,5137335626,False,42954498630,42956491565
queue,RESERVED_THERMAL_REQUEST_V1,610810001/queue/15,15,detection,normal,38020048275,6000000000,succeeded,38020048275,CPU,42956491565.31247,42956491565.31247,42956491565.31247,42956491565,fixed_mean,42957676694,43568297341,43575963009,5555914734,False,43576235525,43578228460
queue,RESERVED_THERMAL_REQUEST_V1,610810001/queue/16,16,classification,urgent,38216148510,1500000000,succeeded,38216148510,CPU,38273900749.95832,38273900749.95832,38273900749.95832,38273900750,fixed_mean,38275474923,38430080681,38436588960,213932171,False,38436864406,38439117026
queue,RESERVED_THERMAL_REQUEST_V1,610810001/queue/17,17,classification,urgent,38424174507,1500000000,succeeded,38424174507,CPU,38439117025.64582,38439117025.64582,38439117025.64582,38439117026,fixed_mean,38440691199,38595296957,38601805236,171122450,False,38602080681,38604333301
queue,RESERVED_THERMAL_REQUEST_V1,610810001/queue/18,18,detection,normal,38621801615,6000000000,succeeded,38621801615,CPU,43578228460.16663,43578228460.16663,43578228460.16663,43578228460,fixed_mean,43579413589,44190034236,44197699904,5575898289,False,44197972420,44199965355
queue,RESERVED_THERMAL_REQUEST_V1,610810001/queue/19,19,detection,normal,38829024386,6000000000,succeeded,38829024386,CPU,44199965355.0208,44199965355.0208,44199965355.0208,44199965355,fixed_mean,44201150484,44811771131,44819436798,5990412412,False,44819709315,44821702250
queue,RESERVED_THERMAL_REQUEST_V1,610810001/queue/20,20,detection,normal,39023803235,6000000000,succeeded,39023803235,CPU,44821702249.87496,44821702249.87496,44821702249.87496,44821702250,fixed_mean,44822887379,45433508026,45441173693,6417370458,True,45441446210,45443439145
queue,RESERVED_THERMAL_REQUEST_V1,610810001/queue/21,21,detection,normal,39223651586,6000000000,succeeded,39223651586,CPU,45443439144.729126,45443439144.729126,45443439144.729126,45443439145,fixed_mean,45444624273,46055244920,46062910588,6839259002,True,46063183105,46065176040
queue,RESERVED_THERMAL_REQUEST_V1,610810001/queue/22,22,classification,urgent,39430925432,1500000000,succeeded,39430925432,GPU,39430925432.0,39430925432.0,39430925432.0,39430925432,fixed_mean,39432306253,39724980067,39732345328,294054635,False,39732816966,39735754907
queue,RESERVED_THERMAL_REQUEST_V1,610810001/queue/23,23,detection,normal,39621414105,6000000000,succeeded,39621414105,CPU,46065176039.58329,46065176039.58329,46065176039.58329,46065176040,fixed_mean,46066361168,46676981815,46684647483,7063233378,True,46684920000,46686912934
sustained,RESERVED_THERMAL_REQUEST_V1,610810001/sustained/0,0,classification,urgent,35000000000,1500000000,succeeded,35000000000,CPU,35000000000.0,35000000000.0,35000000000.0,35000000000,fixed_mean,35001574173,35156179931,35162688210,156179931,False,35162963656,35165216276
sustained,RESERVED_THERMAL_REQUEST_V1,610810001/sustained/1,1,classification,urgent,35383011853,1500000000,succeeded,35383011853,CPU,35383011853.0,35383011853.0,35383011853.0,35383011853,fixed_mean,35384586026,35539191784,35545700063,156179931,False,35545975509,35548228129
sustained,RESERVED_THERMAL_REQUEST_V1,610810001/sustained/2,2,detection,normal,35767774281,6000000000,succeeded,35767774281,CPU,35767774281.0,35767774281.0,35767774281.0,35767774281,fixed_mean,35768959410,36379580057,36387245724,619471443,False,36387518241,36389511176
sustained,RESERVED_THERMAL_REQUEST_V1,610810001/sustained/3,3,classification,urgent,36149588174,1500000000,succeeded,36149588174,GPU,36149588174.0,36149588174.0,36149588174.0,36149588174,fixed_mean,36150968995,36443642809,36451008070,294054635,False,36451479708,36454417649
sustained,RESERVED_THERMAL_REQUEST_V1,610810001/sustained/4,4,classification,urgent,36532246217,1500000000,succeeded,36532246217,CPU,36532246217.0,36532246217.0,36532246217.0,36532246217,fixed_mean,36533820390,36688426148,36694934427,156179931,False,36695209873,36697462493
sustained,RESERVED_THERMAL_REQUEST_V1,610810001/sustained/5,5,detection,normal,36943000353,6000000000,succeeded,36943000353,CPU,36943000353.0,36943000353.0,36943000353.0,36943000353,fixed_mean,36944185482,37554806129,37562471796,619471443,False,37562744313,37564737248
sustained,RESERVED_THERMAL_REQUEST_V1,610810001/sustained/6,6,classification,urgent,37358861397,1500000000,succeeded,37358861397,GPU,37358861397.0,37358861397.0,37358861397.0,37358861397,fixed_mean,37360242218,37652916032,37660281293,294054635,False,37660752931,37663690872
sustained,RESERVED_THERMAL_REQUEST_V1,610810001/sustained/7,7,detection,normal,37763267022,6000000000,succeeded,37763267022,CPU,37763267022.0,37763267022.0,37763267022.0,37763267022,fixed_mean,37764452151,38375072798,38382738465,619471443,False,38383010982,38385003917
sustained,RESERVED_THERMAL_REQUEST_V1,610810001/sustained/8,8,classification,urgent,38175871106,1500000000,succeeded,38175871106,GPU,38175871106.0,38175871106.0,38175871106.0,38175871106,fixed_mean,38177251927,38469925741,38477291002,294054635,False,38477762640,38480700581
sustained,RESERVED_THERMAL_REQUEST_V1,610810001/sustained/9,9,detection,normal,38587654396,6000000000,succeeded,38587654396,CPU,38587654396.0,38587654396.0,38587654396.0,38587654396,fixed_mean,38588839525,39199460172,39207125839,619471443,False,39207398356,39209391291
sustained,RESERVED_THERMAL_REQUEST_V1,610810001/sustained/10,10,detection,normal,38987130461,6000000000,succeeded,38987130461,CPU,39209391290.854164,39209391290.854164,39209391290.854164,39209391291,fixed_mean,39210576420,39821197067,39828862734,841732273,False,39829135251,39831128186
sustained,RESERVED_THERMAL_REQUEST_V1,610810001/sustained/11,11,classification,urgent,39381835341,1500000000,succeeded,39381835341,GPU,39381835341.0,39381835341.0,39381835341.0,39381835341,fixed_mean,39383216162,39675889976,39683255237,294054635,False,39683726875,39686664816
sustained,RESERVED_THERMAL_REQUEST_V1,610810001/sustained/12,12,detection,normal,39800843935,6000000000,succeeded,39800843935,CPU,39831128185.70833,39831128185.70833,39831128185.70833,39831128186,fixed_mean,39832313314,40442933961,40450599629,649755694,False,40450872146,40452865081
sustained,RESERVED_THERMAL_REQUEST_V1,610810001/sustained/13,13,classification,urgent,40197008897,1500000000,succeeded,40197008897,GPU,40197008897.0,40197008897.0,40197008897.0,40197008897,fixed_mean,40198389718,40491063532,40498428793,294054635,False,40498900431,40501838372
sustained,RESERVED_THERMAL_REQUEST_V1,610810001/sustained/14,14,detection,normal,40586078191,6000000000,succeeded,40586078191,CPU,40586078191.0,40586078191.0,40586078191.0,40586078191,fixed_mean,40587263320,41197883967,41205549634,619471443,False,41205822151,41207815086
sustained,RESERVED_THERMAL_REQUEST_V1,610810001/sustained/15,15,classification,urgent,41005104733,1500000000,succeeded,41005104733,GPU,41005104733.0,41005104733.0,41005104733.0,41005104733,fixed_mean,41006485554,41299159368,41306524629,294054635,False,41306996267,41309934208
sustained,RESERVED_THERMAL_REQUEST_V1,610810001/sustained/16,16,detection,normal,41400938572,6000000000,succeeded,41400938572,CPU,41400938572.0,41400938572.0,41400938572.0,41400938572,fixed_mean,41402123701,42012744348,42020410015,619471443,False,42020682532,42022675467
sustained,RESERVED_THERMAL_REQUEST_V1,610810001/sustained/17,17,detection,normal,41787139062,6000000000,succeeded,41787139062,CPU,42022675466.854164,42022675466.854164,42022675466.854164,42022675467,fixed_mean,42023860596,42634481243,42642146910,855007848,False,42642419427,42644412362
sustained,RESERVED_THERMAL_REQUEST_V1,610810001/sustained/18,18,detection,normal,42192341496,6000000000,succeeded,42192341496,CPU,42644412361.70833,42644412361.70833,42644412361.70833,42644412362,fixed_mean,42645597490,43256218137,43263883805,1071542309,False,43264156322,43266149257
sustained,RESERVED_THERMAL_REQUEST_V1,610810001/sustained/19,19,detection,normal,42585724390,6000000000,succeeded,42585724390,CPU,43266149256.56249,43266149256.56249,43266149256.56249,43266149257,fixed_mean,43267334385,43877955032,43885620700,1299896310,False,43885893217,43887886151
sustained,RESERVED_THERMAL_REQUEST_V1,610810001/sustained/20,20,classification,urgent,42972811447,1500000000,succeeded,42972811447,GPU,42972811447.0,42972811447.0,42972811447.0,42972811447,fixed_mean,42974192268,43266866082,43274231343,294054635,False,43274702981,43277640922
sustained,RESERVED_THERMAL_REQUEST_V1,610810001/sustained/21,21,detection,normal,43376904063,6000000000,succeeded,43376904063,CPU,44053102427.10416,44053102427.10416,44053102427.10416,44053102427,fixed_mean,44054287556,44664908203,44672573870,1295669807,False,44672846387,44674839322
sustained,RESERVED_THERMAL_REQUEST_V1,610810001/sustained/22,22,classification,urgent,43771013673,1500000000,succeeded,43771013673,CPU,43887886151.41666,43887886151.41666,43887886151.41666,43887886151,fixed_mean,43889460325,44044066083,44050574361,273052410,False,44050849807,44053102427
sustained,RESERVED_THERMAL_REQUEST_V1,610810001/sustained/23,23,classification,urgent,44158057603,1500000000,succeeded,44158057603,GPU,44158057603.0,44158057603.0,44158057603.0,44158057603,fixed_mean,44159438424,44452112238,44459477499,294054635,False,44459949137,44462887078
sustained,RESERVED_THERMAL_REQUEST_V1,610810001/sustained/24,24,classification,urgent,44552115778,1500000000,succeeded,44552115778,CPU,44674839321.95832,44674839321.95832,44674839321.95832,44674839322,fixed_mean,44676413495,44831019253,44837527532,278903475,False,44837802978,44840055598
sustained,RESERVED_THERMAL_REQUEST_V1,610810001/sustained/25,25,classification,urgent,44957915866,1500000000,succeeded,44957915866,CPU,44957915866.0,44957915866.0,44957915866.0,44957915866,fixed_mean,44959490039,45114095797,45120604076,156179931,False,45120879522,45123132142
sustained,RESERVED_THERMAL_REQUEST_V1,610810001/sustained/26,26,detection,normal,45361456942,6000000000,succeeded,45361456942,CPU,45361456942.0,45361456942.0,45361456942.0,45361456942,fixed_mean,45362642071,45973262718,45980928385,619471443,False,45981200902,45983193837
sustained,RESERVED_THERMAL_REQUEST_V1,610810001/sustained/27,27,classification,urgent,45754155826,1500000000,succeeded,45754155826,GPU,45754155826.0,45754155826.0,45754155826.0,45754155826,fixed_mean,45755536647,46048210461,46055575722,294054635,False,46056047360,46058985301
sustained,RESERVED_THERMAL_REQUEST_V1,610810001/sustained/28,28,classification,urgent,46135601008,1500000000,succeeded,46135601008,CPU,46135601008.0,46135601008.0,46135601008.0,46135601008,fixed_mean,46137175181,46291780939,46298289218,156179931,False,46298564664,46300817284
sustained,RESERVED_THERMAL_REQUEST_V1,610810001/sustained/29,29,classification,urgent,46533320331,1500000000,succeeded,46533320331,CPU,46533320331.0,46533320331.0,46533320331.0,46533320331,fixed_mean,46534894504,46689500262,46696008541,156179931,False,46696283987,46698536607
sustained,RESERVED_THERMAL_REQUEST_V1,610810001/sustained/30,30,detection,normal,46950967677,6000000000,succeeded,46950967677,CPU,46950967677.0,46950967677.0,46950967677.0,46950967677,fixed_mean,46952152806,47562773453,47570439120,619471443,False,47570711637,47572704572
sustained,RESERVED_THERMAL_REQUEST_V1,610810001/sustained/31,31,detection,normal,47343259463,6000000000,succeeded,47343259463,CPU,47572704571.854164,47572704571.854164,47572704571.854164,47572704572,fixed_mean,47573889701,48184510348,48192176015,848916552,False,48192448532,48194441467
sustained,RESERVED_THERMAL_REQUEST_V1,610810001/sustained/32,32,classification,urgent,47753685231,1500000000,succeeded,47753685231,GPU,47753685231.0,47753685231.0,47753685231.0,47753685231,fixed_mean,47755066052,48047739866,48055105127,294054635,False,48055576765,48058514706
sustained,RESERVED_THERMAL_REQUEST_V1,610810001/sustained/33,33,classification,urgent,48143877339,1500000000,succeeded,48143877339,CPU,48194441466.70833,48194441466.70833,48194441466.70833,48194441467,fixed_mean,48196015640,48350621398,48357129677,206744059,False,48357405122,48359657742
sustained,RESERVED_THERMAL_REQUEST_V1,610810001/sustained/34,34,detection,normal,48548501108,6000000000,succeeded,48548501108,CPU,48548501108.0,48548501108.0,48548501108.0,48548501108,fixed_mean,48549686237,49160306884,49167972551,619471443,False,49168245068,49170238003
sustained,RESERVED_THERMAL_REQUEST_V1,610810001/sustained/35,35,detection,normal,48940679009,6000000000,succeeded,48940679009,CPU,49170238002.854164,49170238002.854164,49170238002.854164,49170238003,fixed_mean,49171423132,49782043779,49789709446,849030437,False,49789981963,49791974898
sustained,RESERVED_THERMAL_REQUEST_V1,610810001/sustained/36,36,classification,urgent,49323061149,1500000000,succeeded,49323061149,GPU,49323061149.0,49323061149.0,49323061149.0,49323061149,fixed_mean,49324441970,49617115784,49624481045,294054635,False,49624952683,49627890624
sustained,RESERVED_THERMAL_REQUEST_V1,610810001/sustained/37,37,detection,normal,49707250613,6000000000,succeeded,49707250613,CPU,49791974897.70833,49791974897.70833,49791974897.70833,49791974898,fixed_mean,49793160026,50403780673,50411446341,704195728,False,50411718858,50413711793
sustained,RESERVED_THERMAL_REQUEST_V1,610810001/sustained/38,38,detection,normal,50123893272,6000000000,succeeded,50123893272,CPU,50413711792.56249,50413711792.56249,50413711792.56249,50413711793,fixed_mean,50414896921,51025517568,51033183236,909289964,False,51033455753,51035448687
sustained,RESERVED_THERMAL_REQUEST_V1,610810001/sustained/39,39,detection,normal,50533054387,6000000000,succeeded,50533054387,CPU,51200664963.10415,51200664963.10415,51200664963.10415,51200664963,fixed_mean,51201850092,51812470739,51820136406,1287082019,False,51820408923,51822401858
sustained,RESERVED_THERMAL_REQUEST_V1,610810001/sustained/40,40,classification,urgent,50926936420,1500000000,succeeded,50926936420,CPU,51035448687.41666,51035448687.41666,51035448687.41666,51035448687,fixed_mean,51037022861,51191628619,51198136897,264692199,False,51198412343,51200664963
sustained,RESERVED_THERMAL_REQUEST_V1,610810001/sustained/41,41,classification,urgent,51318387695,1500000000,succeeded,51318387695,GPU,51318387695.0,51318387695.0,51318387695.0,51318387695,fixed_mean,51319768516,51612442330,51619807591,294054635,False,51620279229,51623217170
sustained,RESERVED_THERMAL_REQUEST_V1,610810001/sustained/42,42,detection,normal,51704149682,6000000000,succeeded,51704149682,CPU,51822401857.95831,51822401857.95831,51822401857.95831,51822401858,fixed_mean,51823586987,52434207634,52441873301,737723619,False,52442145818,52444138753
sustained,RESERVED_THERMAL_REQUEST_V1,610810001/sustained/43,43,detection,normal,52096271588,6000000000,succeeded,52096271588,CPU,52444138752.81248,52444138752.81248,52444138752.81248,52444138753,fixed_mean,52445323882,53055944529,53063610196,967338608,False,53063882713,53065875648
sustained,RESERVED_THERMAL_REQUEST_V1,610810001/sustained/44,44,classification,urgent,52480564263,1500000000,succeeded,52480564263,GPU,52480564263.0,52480564263.0,52480564263.0,52480564263,fixed_mean,52481945084,52774618898,52781984159,294054635,False,52782455797,52785393738
sustained,RESERVED_THERMAL_REQUEST_V1,610810001/sustained/45,45,detection,normal,52895920313,6000000000,succeeded,52895920313,CPU,53065875647.66664,53065875647.66664,53065875647.66664,53065875648,fixed_mean,53067060776,53677681423,53685347091,789426778,False,53685619608,53687612543
sustained,RESERVED_THERMAL_REQUEST_V1,610810001/sustained/46,46,detection,normal,53286410151,6000000000,succeeded,53286410151,CPU,53687612542.520805,53687612542.520805,53687612542.520805,53687612543,fixed_mean,53688797671,54299418318,54307083986,1020673835,False,54307356502,54309349437
sustained,RESERVED_THERMAL_REQUEST_V1,610810001/sustained/47,47,detection,normal,53703283625,6000000000,succeeded,53703283625,CPU,54309349437.37497,54309349437.37497,54309349437.37497,54309349437,fixed_mean,54310534566,54921155213,54928820881,1225537256,False,54929093397,54931086332
sustained,RESERVED_THERMAL_REQUEST_V1,610810001/sustained/48,48,detection,normal,54117249915,6000000000,succeeded,54117249915,CPU,54931086332.22913,54931086332.22913,54931086332.22913,54931086332,fixed_mean,54932271461,55542892108,55550557776,1433307861,False,55550830292,55552823227
sustained,RESERVED_THERMAL_REQUEST_V1,610810001/sustained/49,49,classification,urgent,54497329263,1500000000,succeeded,54497329263,GPU,54497329263.0,54497329263.0,54497329263.0,54497329263,fixed_mean,54498710084,54791383898,54798749159,294054635,False,54799220797,54802158738
sustained,RESERVED_THERMAL_REQUEST_V1,610810001/sustained/50,50,detection,normal,54914267005,6000000000,succeeded,54914267005,CPU,55552823227.0833,55552823227.0833,55552823227.0833,55552823227,fixed_mean,55554008356,56164629003,56172294670,1258027665,False,56172567187,56174560122
sustained,RESERVED_THERMAL_REQUEST_V1,610810001/sustained/51,51,classification,urgent,55314109519,1500000000,succeeded,55314109519,GPU,55314109519.0,55314109519.0,55314109519.0,55314109519,fixed_mean,55315490340,55608164154,55615529415,294054635,False,55616001053,55618938994
sustained,RESERVED_THERMAL_REQUEST_V1,610810001/sustained/52,52,detection,normal,55702407061,6000000000,succeeded,55702407061,CPU,56174560121.93746,56174560121.93746,56174560121.93746,56174560122,fixed_mean,56175745251,56786365898,56794031565,1091624504,False,56794304082,56796297017
sustained,RESERVED_THERMAL_REQUEST_V1,610810001/sustained/53,53,detection,normal,56120955604,6000000000,succeeded,56120955604,CPU,56796297016.791626,56796297016.791626,56796297016.791626,56796297017,fixed_mean,56797482146,57408102792,57415768460,1294812856,False,57416040977,57418033912
sustained,RESERVED_THERMAL_REQUEST_V1,610810001/sustained/54,54,classification,urgent,56501476382,1500000000,succeeded,56501476382,GPU,56501476382.0,56501476382.0,56501476382.0,56501476382,fixed_mean,56502857203,56795531017,56802896278,294054635,False,56803367916,56806305857
sustained,RESERVED_THERMAL_REQUEST_V1,610810001/sustained/55,55,classification,urgent,56897783038,1500000000,succeeded,56897783038,GPU,56897783038.0,56897783038.0,56897783038.0,56897783038,fixed_mean,56899163859,57191837673,57199202934,294054635,False,57199674572,57202612513
sustained,RESERVED_THERMAL_REQUEST_V1,610810001/sustained/56,56,classification,urgent,57314770647,1500000000,succeeded,57314770647,CPU,57418033911.64579,57418033911.64579,57418033911.64579,57418033912,fixed_mean,57419608085,57574213843,57580722122,259443196,False,57580997567,57583250187
sustained,RESERVED_THERMAL_REQUEST_V1,610810001/sustained/57,57,detection,normal,57696485661,6000000000,succeeded,57696485661,CPU,57696485661.0,57696485661.0,57696485661.0,57696485661,fixed_mean,57697670790,58308291437,58315957104,619471443,False,58316229621,58318222556
sustained,RESERVED_THERMAL_REQUEST_V1,610810001/sustained/58,58,detection,normal,58100504823,6000000000,succeeded,58100504823,CPU,58318222555.854164,58318222555.854164,58318222555.854164,58318222556,fixed_mean,58319407685,58930028332,58937693999,837189176,False,58937966516,58939959451
sustained,RESERVED_THERMAL_REQUEST_V1,610810001/sustained/59,59,classification,urgent,58494105935,1500000000,succeeded,58494105935,GPU,58494105935.0,58494105935.0,58494105935.0,58494105935,fixed_mean,58495486756,58788160570,58795525831,294054635,False,58795997469,58798935410
sustained,RESERVED_THERMAL_REQUEST_V1,610810001/sustained/60,60,detection,normal,58911490698,6000000000,succeeded,58911490698,CPU,58939959450.70833,58939959450.70833,58939959450.70833,58939959451,fixed_mean,58941144579,59551765226,59559430894,647940196,False,59559703411,59561696346
sustained,RESERVED_THERMAL_REQUEST_V1,610810001/sustained/61,61,classification,urgent,59295134990,1500000000,succeeded,59295134990,GPU,59295134990.0,59295134990.0,59295134990.0,59295134990,fixed_mean,59296515811,59589189625,59596554886,294054635,False,59597026524,59599964465
sustained,RESERVED_THERMAL_REQUEST_V1,610810001/sustained/62,62,detection,normal,59700477396,6000000000,succeeded,59700477396,CPU,59700477396.0,59700477396.0,59700477396.0,59700477396,fixed_mean,59701662525,60312283172,60319948839,619471443,False,60320221356,60322214291
sustained,RESERVED_THERMAL_REQUEST_V1,610810001/sustained/63,63,classification,urgent,60110659494,1500000000,succeeded,60110659494,GPU,60110659494.0,60110659494.0,60110659494.0,60110659494,fixed_mean,60112040315,60404714129,60412079390,294054635,False,60412551028,60415488969
sustained,RESERVED_THERMAL_REQUEST_V1,610810001/sustained/64,64,classification,urgent,60503180465,1500000000,succeeded,60503180465,CPU,60503180465.0,60503180465.0,60503180465.0,60503180465,fixed_mean,60504754638,60659360396,60665868675,156179931,False,60666144121,60668396741
sustained,RESERVED_THERMAL_REQUEST_V1,610810001/sustained/65,65,detection,normal,60916463042,6000000000,succeeded,60916463042,CPU,60916463042.0,60916463042.0,60916463042.0,60916463042,fixed_mean,60917648171,61528268818,61535934485,619471443,False,61536207002,61538199937
sustained,RESERVED_THERMAL_REQUEST_V1,610810001/sustained/66,66,classification,urgent,61299569682,1500000000,succeeded,61299569682,GPU,61299569682.0,61299569682.0,61299569682.0,61299569682,fixed_mean,61300950503,61593624317,61600989578,294054635,False,61601461216,61604399157
sustained,RESERVED_THERMAL_REQUEST_V1,610810001/sustained/67,67,classification,urgent,61685726793,1500000000,succeeded,61685726793,CPU,61685726793.0,61685726793.0,61685726793.0,61685726793,fixed_mean,61687300966,61841906724,61848415003,156179931,False,61848690449,61850943069
sustained,RESERVED_THERMAL_REQUEST_V1,610810001/sustained/68,68,detection,normal,62082015230,6000000000,succeeded,62082015230,CPU,62082015230.0,62082015230.0,62082015230.0,62082015230,fixed_mean,62083200359,62693821006,62701486673,619471443,False,62701759190,62703752125
sustained,RESERVED_THERMAL_REQUEST_V1,610810001/sustained/69,69,detection,normal,62487460798,6000000000,succeeded,62487460798,CPU,62703752124.854164,62703752124.854164,62703752124.854164,62703752125,fixed_mean,62704937254,63315557901,63323223568,835762770,False,63323496085,63325489020
sustained,RESERVED_THERMAL_REQUEST_V1,610810001/sustained/70,70,detection,normal,62872894800,6000000000,succeeded,62872894800,CPU,63325489019.70833,63325489019.70833,63325489019.70833,63325489020,fixed_mean,63326674148,63937294795,63944960463,1072065663,False,63945232980,63947225915
sustained,RESERVED_THERMAL_REQUEST_V1,610810001/sustained/71,71,detection,normal,63270110079,6000000000,succeeded,63270110079,CPU,63947225914.56249,63947225914.56249,63947225914.56249,63947225915,fixed_mean,63948411043,64559031690,64566697358,1296587279,False,64566969875,64568962809
sustained,RESERVED_THERMAL_REQUEST_V1,610810001/sustained/72,72,detection,normal,63680563080,6000000000,succeeded,63680563080,CPU,64734179085.10416,64734179085.10416,64734179085.10416,64734179085,fixed_mean,64735364214,65345984861,65353650528,1673087448,False,65353923045,65355915980
sustained,RESERVED_THERMAL_REQUEST_V1,610810001/sustained/73,73,detection,normal,64094719343,6000000000,succeeded,64094719343,CPU,65355915979.95832,65355915979.95832,65355915979.95832,65355915980,fixed_mean,65357101109,65967721756,65975387423,1880668080,False,65975659940,65977652875
sustained,RESERVED_THERMAL_REQUEST_V1,610810001/sustained/74,74,classification,urgent,64500915432,1500000000,succeeded,64500915432,CPU,64568962809.41666,64568962809.41666,64568962809.41666,64568962809,fixed_mean,64570536983,64725142741,64731651019,224227309,False,64731926465,64734179085
sustained,RESERVED_THERMAL_REQUEST_V1,610810001/sustained/75,75,classification,urgent,64905496422,1500000000,succeeded,64905496422,GPU,64905496422.0,64905496422.0,64905496422.0,64905496422,fixed_mean,64906877243,65199551057,65206916318,294054635,False,65207387956,65210325897
sustained,RESERVED_THERMAL_REQUEST_V1,610810001/sustained/76,76,detection,normal,65311650708,6000000000,succeeded,65311650708,CPU,65977652874.812485,65977652874.812485,65977652874.812485,65977652875,fixed_mean,65978838004,66589458651,66597124318,1285473610,False,66597396835,66599389770
sustained,RESERVED_THERMAL_REQUEST_V1,610810001/sustained/77,77,classification,urgent,65695296070,1500000000,succeeded,65695296070,GPU,65695296070.0,65695296070.0,65695296070.0,65695296070,fixed_mean,65696676891,65989350705,65996715966,294054635,False,65997187604,66000125545
sustained,RESERVED_THERMAL_REQUEST_V1,610810001/sustained/78,78,classification,urgent,66110790785,1500000000,succeeded,66110790785,GPU,66110790785.0,66110790785.0,66110790785.0,66110790785,fixed_mean,66112171606,66404845420,66412210681,294054635,False,66412682319,66415620260
sustained,RESERVED_THERMAL_REQUEST_V1,610810001/sustained/79,79,classification,urgent,66492785337,1500000000,succeeded,66492785337,CPU,66599389769.66665,66599389769.66665,66599389769.66665,66599389770,fixed_mean,66600963943,66755569701,66762077980,262784364,False,66762353425,66764606045
sustained,RESERVED_THERMAL_REQUEST_V1,610810001/sustained/80,80,detection,normal,66884003702,6000000000,succeeded,66884003702,CPU,66884003702.0,66884003702.0,66884003702.0,66884003702,fixed_mean,66885188831,67495809478,67503475145,619471443,False,67503747662,67505740597
sustained,RESERVED_THERMAL_REQUEST_V1,610810001/sustained/81,81,classification,urgent,67286061781,1500000000,succeeded,67286061781,GPU,67286061781.0,67286061781.0,67286061781.0,67286061781,fixed_mean,67287442602,67580116416,67587481677,294054635,False,67587953315,67590891256
sustained,RESERVED_THERMAL_REQUEST_V1,610810001/sustained/82,82,detection,normal,67667964379,6000000000,succeeded,67667964379,CPU,67667964379.0,67667964379.0,67667964379.0,67667964379,fixed_mean,67669149508,68279770155,68287435822,619471443,False,68287708339,68289701274
sustained,RESERVED_THERMAL_REQUEST_V1,610810001/sustained/83,83,classification,urgent,68067496172,1500000000,succeeded,68067496172,GPU,68067496172.0,68067496172.0,68067496172.0,68067496172,fixed_mean,68068876993,68361550807,68368916068,294054635,False,68369387706,68372325647
sustained,RESERVED_THERMAL_REQUEST_V1,610810001/sustained/84,84,classification,urgent,68447798722,1500000000,succeeded,68447798722,CPU,68447798722.0,68447798722.0,68447798722.0,68447798722,fixed_mean,68449372895,68603978653,68610486932,156179931,False,68610762378,68613014998
sustained,RESERVED_THERMAL_REQUEST_V1,610810001/sustained/85,85,detection,normal,68861756880,6000000000,succeeded,68861756880,CPU,68861756880.0,68861756880.0,68861756880.0,68861756880,fixed_mean,68862942009,69473562656,69481228323,619471443,False,69481500840,69483493775
sustained,RESERVED_THERMAL_REQUEST_V1,610810001/sustained/86,86,classification,urgent,69265127391,1500000000,succeeded,69265127391,GPU,69265127391.0,69265127391.0,69265127391.0,69265127391,fixed_mean,69266508212,69559182026,69566547287,294054635,False,69567018925,69569956866
sustained,RESERVED_THERMAL_REQUEST_V1,610810001/sustained/87,87,detection,normal,69657770984,6000000000,succeeded,69657770984,CPU,69657770984.0,69657770984.0,69657770984.0,69657770984,fixed_mean,69658956113,70269576760,70277242427,619471443,False,70277514944,70279507879
sustained,RESERVED_THERMAL_REQUEST_V1,610810001/sustained/88,88,classification,urgent,70055591180,1500000000,succeeded,70055591180,GPU,70055591180.0,70055591180.0,70055591180.0,70055591180,fixed_mean,70056972001,70349645815,70357011076,294054635,False,70357482714,70360420655
sustained,RESERVED_THERMAL_REQUEST_V1,610810001/sustained/89,89,classification,urgent,70465999054,1500000000,succeeded,70465999054,CPU,70465999054.0,70465999054.0,70465999054.0,70465999054,fixed_mean,70467573227,70622178985,70628687264,156179931,False,70628962710,70631215330
sustained,RESERVED_THERMAL_REQUEST_V1,610810001/sustained/90,90,classification,urgent,70851593015,1500000000,succeeded,70851593015,CPU,70851593015.0,70851593015.0,70851593015.0,70851593015,fixed_mean,70853167188,71007772946,71014281225,156179931,False,71014556671,71016809291
sustained,RESERVED_THERMAL_REQUEST_V1,610810001/sustained/91,91,classification,urgent,71266265777,1500000000,succeeded,71266265777,CPU,71266265777.0,71266265777.0,71266265777.0,71266265777,fixed_mean,71267839950,71422445708,71428953987,156179931,False,71429229433,71431482053
sustained,RESERVED_THERMAL_REQUEST_V1,610810001/sustained/92,92,detection,normal,71673926532,6000000000,succeeded,71673926532,CPU,71673926532.0,71673926532.0,71673926532.0,71673926532,fixed_mean,71675111661,72285732308,72293397975,619471443,False,72293670492,72295663427
sustained,RESERVED_THERMAL_REQUEST_V1,610810001/sustained/93,93,detection,normal,72061303870,6000000000,succeeded,72061303870,CPU,72295663426.85416,72295663426.85416,72295663426.85416,72295663427,fixed_mean,72296848556,72907469203,72915134870,853831000,False,72915407387,72917400322
sustained,RESERVED_THERMAL_REQUEST_V1,610810001/sustained/94,94,detection,normal,72479210835,6000000000,succeeded,72479210835,CPU,73082616597.39581,73082616597.39581,73082616597.39581,73082616597,fixed_mean,73083801726,73694422373,73702088041,1222877206,False,73702360557,73704353492
sustained,RESERVED_THERMAL_REQUEST_V1,610810001/sustained/95,95,classification,urgent,72874809791,1500000000,succeeded,72874809791,CPU,72917400321.70831,72917400321.70831,72917400321.70831,72917400322,fixed_mean,72918974495,73073580253,73080088532,198770462,False,73080363977,73082616597
sustained,RESERVED_THERMAL_REQUEST_V1,610810001/sustained/96,96,classification,urgent,73263010102,1500000000,succeeded,73263010102,GPU,73263010102.0,73263010102.0,73263010102.0,73263010102,fixed_mean,73264390923,73557064737,73564429998,294054635,False,73564901636,73567839577
sustained,RESERVED_THERMAL_REQUEST_V1,610810001/sustained/97,97,classification,urgent,73660323274,1500000000,succeeded,73660323274,CPU,73704353492.24997,73704353492.24997,73704353492.24997,73704353492,fixed_mean,73705927665,73860533423,73867041702,200210149,False,73867317148,73869569768
sustained,RESERVED_THERMAL_REQUEST_V1,610810001/sustained/98,98,detection,normal,74067955121,6000000000,succeeded,74067955121,CPU,74067955121.0,74067955121.0,74067955121.0,74067955121,fixed_mean,74069140250,74679760897,74687426564,619471443,False,74687699081,74689692016
sustained,RESERVED_THERMAL_REQUEST_V1,610810001/sustained/99,99,classification,urgent,74459630465,1500000000,succeeded,74459630465,GPU,74459630465.0,74459630465.0,74459630465.0,74459630465,fixed_mean,74461011286,74753685100,74761050361,294054635,False,74761521999,74764459940
sustained,RESERVED_THERMAL_REQUEST_V1,610810001/sustained/100,100,classification,urgent,74867561370,1500000000,succeeded,74867561370,CPU,74867561370.0,74867561370.0,74867561370.0,74867561370,fixed_mean,74869135543,75023741301,75030249580,156179931,False,75030525026,75032777646
sustained,RESERVED_THERMAL_REQUEST_V1,610810001/sustained/101,101,detection,normal,75254787716,6000000000,succeeded,75254787716,CPU,75254787716.0,75254787716.0,75254787716.0,75254787716,fixed_mean,75255972845,75866593492,75874259159,619471443,False,75874531676,75876524611
sustained,RESERVED_THERMAL_REQUEST_V1,610810001/sustained/102,102,detection,normal,75674355249,6000000000,succeeded,75674355249,CPU,75876524610.85416,75876524610.85416,75876524610.85416,75876524611,fixed_mean,75877709740,76488330387,76495996054,821640805,False,76496268571,76498261506
sustained,RESERVED_THERMAL_REQUEST_V1,610810001/sustained/103,103,classification,urgent,76080492777,1500000000,succeeded,76080492777,GPU,76080492777.0,76080492777.0,76080492777.0,76080492777,fixed_mean,76081873598,76374547412,76381912673,294054635,False,76382384311,76385322252
sustained,RESERVED_THERMAL_REQUEST_V1,610810001/sustained/104,104,detection,normal,76495497176,6000000000,succeeded,76495497176,CPU,76498261505.70831,76498261505.70831,76498261505.70831,76498261506,fixed_mean,76499446634,77110067281,77117732949,622235773,False,77118005466,77119998401
sustained,RESERVED_THERMAL_REQUEST_V1,610810001/sustained/105,105,classification,urgent,76909652721,1500000000,succeeded,76909652721,GPU,76909652721.0,76909652721.0,76909652721.0,76909652721,fixed_mean,76911033542,77203707356,77211072617,294054635,False,77211544255,77214482196
sustained,RESERVED_THERMAL_REQUEST_V1,610810001/sustained/106,106,detection,normal,77320736922,6000000000,succeeded,77320736922,CPU,77320736922.0,77320736922.0,77320736922.0,77320736922,fixed_mean,77321922051,77932542698,77940208365,619471443,False,77940480882,77942473817
sustained,RESERVED_THERMAL_REQUEST_V1,610810001/sustained/107,107,classification,urgent,77717917512,1500000000,succeeded,77717917512,GPU,77717917512.0,77717917512.0,77717917512.0,77717917512,fixed_mean,77719298333,78011972147,78019337408,294054635,False,78019809046,78022746987
sustained,RESERVED_THERMAL_REQUEST_V1,610810001/sustained/108,108,classification,urgent,78116729242,1500000000,succeeded,78116729242,CPU,78116729242.0,78116729242.0,78116729242.0,78116729242,fixed_mean,78118303415,78272909173,78279417452,156179931,False,78279692898,78281945518
sustained,RESERVED_THERMAL_REQUEST_V1,610810001/sustained/109,109,detection,normal,78528326634,6000000000,succeeded,78528326634,CPU,78528326634.0,78528326634.0,78528326634.0,78528326634,fixed_mean,78529511763,79140132410,79147798077,619471443,False,79148070594,79150063529
sustained,RESERVED_THERMAL_REQUEST_V1,610810001/sustained/110,110,detection,normal,78934911805,6000000000,succeeded,78934911805,CPU,79150063528.85416,79150063528.85416,79150063528.85416,79150063529,fixed_mean,79151248658,79761869305,79769534972,834623167,False,79769807489,79771800424
sustained,RESERVED_THERMAL_REQUEST_V1,610810001/sustained/111,111,detection,normal,79344156733,6000000000,succeeded,79344156733,CPU,79771800423.70831,79771800423.70831,79771800423.70831,79771800424,fixed_mean,79772985552,80383606199,80391271867,1047115134,False,80391544384,80393537319
sustained,RESERVED_THERMAL_REQUEST_V1,610810001/sustained/112,112,detection,normal,79742440272,6000000000,succeeded,79742440272,CPU,80393537318.56247,80393537318.56247,80393537318.56247,80393537319,fixed_mean,80394722447,81005343094,81013008762,1270568490,False,81013281279,81015274213
sustained,RESERVED_THERMAL_REQUEST_V1,610810001/sustained/113,113,classification,urgent,80161919862,1500000000,succeeded,80161919862,GPU,80161919862.0,80161919862.0,80161919862.0,80161919862,fixed_mean,80163300683,80455974497,80463339758,294054635,False,80463811396,80466749337
sustained,RESERVED_THERMAL_REQUEST_V1,610810001/sustained/114,114,classification,urgent,80553523723,1500000000,succeeded,80553523723,GPU,80553523723.0,80553523723.0,80553523723.0,80553523723,fixed_mean,80554904544,80847578358,80854943619,294054635,False,80855415257,80858353198
sustained,RESERVED_THERMAL_REQUEST_V1,610810001/sustained/115,115,classification,urgent,80934814434,1500000000,succeeded,80934814434,CPU,81015274213.41663,81015274213.41663,81015274213.41663,81015274213,fixed_mean,81016848387,81171454145,81177962423,236639711,False,81178237869,81180490489
sustained,RESERVED_THERMAL_REQUEST_V1,610810001/sustained/116,116,classification,urgent,81332152994,1500000000,succeeded,81332152994,CPU,81332152994.0,81332152994.0,81332152994.0,81332152994,fixed_mean,81333727167,81488332925,81494841204,156179931,False,81495116650,81497369270
sustained,RESERVED_THERMAL_REQUEST_V1,610810001/sustained/117,117,classification,urgent,81736230076,1500000000,succeeded,81736230076,CPU,81736230076.0,81736230076.0,81736230076.0,81736230076,fixed_mean,81737804249,81892410007,81898918286,156179931,False,81899193732,81901446352
sustained,RESERVED_THERMAL_REQUEST_V1,610810001/sustained/118,118,detection,normal,82138348006,6000000000,succeeded,82138348006,CPU,82138348006.0,82138348006.0,82138348006.0,82138348006,fixed_mean,82139533135,82750153782,82757819449,619471443,False,82758091966,82760084901
sustained,RESERVED_THERMAL_REQUEST_V1,610810001/sustained/119,119,detection,normal,82535901298,6000000000,succeeded,82535901298,CPU,82760084900.85416,82760084900.85416,82760084900.85416,82760084901,fixed_mean,82761270030,83371890677,83379556344,843655046,False,83379828861,83381821796
sustained,RESERVED_THERMAL_REQUEST_V1,610810001/sustained/120,120,detection,normal,82927551634,6000000000,succeeded,82927551634,CPU,83381821795.70831,83381821795.70831,83381821795.70831,83381821796,fixed_mean,83383006924,83993627571,84001293239,1073741605,False,84001565756,84003558691
sustained,RESERVED_THERMAL_REQUEST_V1,610810001/sustained/121,121,detection,normal,83317140787,6000000000,succeeded,83317140787,CPU,84003558690.56247,84003558690.56247,84003558690.56247,84003558691,fixed_mean,84004743819,84615364466,84623030134,1305889347,False,84623302651,84625295585
sustained,RESERVED_THERMAL_REQUEST_V1,610810001/sustained/122,122,classification,urgent,83732703677,1500000000,succeeded,83732703677,GPU,83732703677.0,83732703677.0,83732703677.0,83732703677,fixed_mean,83734084498,84026758312,84034123573,294054635,False,84034595211,84037533152
sustained,RESERVED_THERMAL_REQUEST_V1,610810001/sustained/123,123,detection,normal,84114551247,6000000000,succeeded,84114551247,CPU,84790511861.10413,84790511861.10413,84790511861.10413,84790511861,fixed_mean,84791696990,85402317637,85409983304,1295432057,False,85410255821,85412248756
sustained,RESERVED_THERMAL_REQUEST_V1,610810001/sustained/124,124,classification,urgent,84506153166,1500000000,succeeded,84506153166,CPU,84625295585.41663,84625295585.41663,84625295585.41663,84625295585,fixed_mean,84626869759,84781475517,84787983795,275322351,False,84788259241,84790511861
sustained,RESERVED_THERMAL_REQUEST_V1,610810001/sustained/125,125,classification,urgent,84893669982,1500000000,succeeded,84893669982,GPU,84893669982.0,84893669982.0,84893669982.0,84893669982,fixed_mean,84895050803,85187724617,85195089878,294054635,False,85195561516,85198499457
sustained,RESERVED_THERMAL_REQUEST_V1,610810001/sustained/126,126,classification,urgent,85280262686,1500000000,succeeded,85280262686,CPU,85412248755.95828,85412248755.95828,85412248755.95828,85412248756,fixed_mean,85413822929,85568428687,85574936966,288166001,False,85575212412,85577465032
sustained,RESERVED_THERMAL_REQUEST_V1,610810001/sustained/127,127,detection,normal,85698707645,6000000000,succeeded,85698707645,CPU,85698707645.0,85698707645.0,85698707645.0,85698707645,fixed_mean,85699892774,86310513421,86318179088,619471443,False,86318451605,86320444540
sustained,RESERVED_THERMAL_REQUEST_V1,610810001/sustained/128,128,detection,normal,86088376502,6000000000,succeeded,86088376502,CPU,86320444539.85416,86320444539.85416,86320444539.85416,86320444540,fixed_mean,86321629669,86932250316,86939915983,851539481,False,86940188500,86942181435
sustained,RESERVED_THERMAL_REQUEST_V1,610810001/sustained/129,129,classification,urgent,86471150878,1500000000,succeeded,86471150878,GPU,86471150878.0,86471150878.0,86471150878.0,86471150878,fixed_mean,86472531699,86765205513,86772570774,294054635,False,86773042412,86775980353
sustained,RESERVED_THERMAL_REQUEST_V1,610810001/sustained/130,130,classification,urgent,86871124842,1500000000,succeeded,86871124842,CPU,86942181434.70831,86942181434.70831,86942181434.70831,86942181435,fixed_mean,86943755608,87098361366,87104869645,227236524,False,87105145090,87107397710
sustained,RESERVED_THERMAL_REQUEST_V1,610810001/sustained/131,131,classification,urgent,87257641917,1500000000,succeeded,87257641917,CPU,87257641917.0,87257641917.0,87257641917.0,87257641917,fixed_mean,87259216090,87413821848,87420330127,156179931,False,87420605573,87422858193
sustained,RESERVED_THERMAL_REQUEST_V1,610810001/sustained/132,132,classification,urgent,87665758702,1500000000,succeeded,87665758702,CPU,87665758702.0,87665758702.0,87665758702.0,87665758702,fixed_mean,87667332875,87821938633,87828446912,156179931,False,87828722358,87830974978
sustained,RESERVED_THERMAL_REQUEST_V1,610810001/sustained/133,133,detection,normal,88052072407,6000000000,succeeded,88052072407,CPU,88052072407.0,88052072407.0,88052072407.0,88052072407,fixed_mean,88053257536,88663878183,88671543850,619471443,False,88671816367,88673809302
sustained,RESERVED_THERMAL_REQUEST_V1,610810001/sustained/134,134,classification,urgent,88457797979,1500000000,succeeded,88457797979,GPU,88457797979.0,88457797979.0,88457797979.0,88457797979,fixed_mean,88459178800,88751852614,88759217875,294054635,False,88759689513,88762627454
sustained,RESERVED_THERMAL_REQUEST_V1,610810001/sustained/135,135,detection,normal,88865055283,6000000000,succeeded,88865055283,CPU,88865055283.0,88865055283.0,88865055283.0,88865055283,fixed_mean,88866240412,89476861059,89484526726,619471443,False,89484799243,89486792178
sustained,RESERVED_THERMAL_REQUEST_V1,610810001/sustained/136,136,classification,urgent,89278225727,1500000000,succeeded,89278225727,GPU,89278225727.0,89278225727.0,89278225727.0,89278225727,fixed_mean,89279606548,89572280362,89579645623,294054635,False,89580117261,89583055202
sustained,RESERVED_THERMAL_REQUEST_V1,610810001/sustained/137,137,detection,normal,89664446540,6000000000,succeeded,89664446540,CPU,89664446540.0,89664446540.0,89664446540.0,89664446540,fixed_mean,89665631669,90276252316,90283917983,619471443,False,90284190500,90286183435
sustained,RESERVED_THERMAL_REQUEST_V1,610810001/sustained/138,138,classification,urgent,90068007324,1500000000,succeeded,90068007324,GPU,90068007324.0,90068007324.0,90068007324.0,90068007324,fixed_mean,90069388145,90362061959,90369427220,294054635,False,90369898858,90372836799
sustained,RESERVED_THERMAL_REQUEST_V1,610810001/sustained/139,139,detection,normal,90462348790,6000000000,succeeded,90462348790,CPU,90462348790.0,90462348790.0,90462348790.0,90462348790,fixed_mean,90463533919,91074154566,91081820233,619471443,False,91082092750,91084085685
sustained,RESERVED_THERMAL_REQUEST_V1,610810001/sustained/140,140,classification,urgent,90873959031,1500000000,succeeded,90873959031,GPU,90873959031.0,90873959031.0,90873959031.0,90873959031,fixed_mean,90875339852,91168013666,91175378927,294054635,False,91175850565,91178788506
sustained,RESERVED_THERMAL_REQUEST_V1,610810001/sustained/141,141,classification,urgent,91266562467,1500000000,succeeded,91266562467,CPU,91266562467.0,91266562467.0,91266562467.0,91266562467,fixed_mean,91268136640,91422742398,91429250677,156179931,False,91429526123,91431778743
sustained,RESERVED_THERMAL_REQUEST_V1,610810001/sustained/142,142,detection,normal,91666219586,6000000000,succeeded,91666219586,CPU,91666219586.0,91666219586.0,91666219586.0,91666219586,fixed_mean,91667404715,92278025362,92285691029,619471443,False,92285963546,92287956481
sustained,RESERVED_THERMAL_REQUEST_V1,610810001/sustained/143,143,classification,urgent,92076036835,1500000000,succeeded,92076036835,GPU,92076036835.0,92076036835.0,92076036835.0,92076036835,fixed_mean,92077417656,92370091470,92377456731,294054635,False,92377928369,92380866310
sustained,RESERVED_THERMAL_REQUEST_V1,610810001/sustained/144,144,detection,normal,92468743803,6000000000,succeeded,92468743803,CPU,92468743803.0,92468743803.0,92468743803.0,92468743803,fixed_mean,92469928932,93080549579,93088215246,619471443,False,93088487763,93090480698
sustained,RESERVED_THERMAL_REQUEST_V1,610810001/sustained/145,145,detection,normal,92854000059,6000000000,succeeded,92854000059,CPU,93090480697.85416,93090480697.85416,93090480697.85416,93090480698,fixed_mean,93091665827,93702286474,93709952141,855952082,False,93710224658,93712217593
sustained,RESERVED_THERMAL_REQUEST_V1,610810001/sustained/146,146,detection,normal,93237600643,6000000000,succeeded,93237600643,CPU,93712217592.70831,93712217592.70831,93712217592.70831,93712217593,fixed_mean,93713402721,94324023368,94331689036,1094088393,False,94331961553,94333954488
sustained,RESERVED_THERMAL_REQUEST_V1,610810001/sustained/147,147,detection,normal,93638117343,6000000000,succeeded,93638117343,CPU,94333954487.56247,94333954487.56247,94333954487.56247,94333954488,fixed_mean,94335139616,94945760263,94953425931,1315308588,False,94953698448,94955691382
sustained,RESERVED_THERMAL_REQUEST_V1,610810001/sustained/148,148,detection,normal,94055056013,6000000000,succeeded,94055056013,CPU,95120907658.10413,95120907658.10413,95120907658.10413,95120907658,fixed_mean,95122092787,95732713434,95740379101,1685323088,False,95740651618,95742644553
sustained,RESERVED_THERMAL_REQUEST_V1,610810001/sustained/149,149,detection,normal,94473311562,6000000000,succeeded,94473311562,CPU,95742644552.95828,95742644552.95828,95742644552.95828,95742644553,fixed_mean,95743829682,96354450329,96362115996,1888804434,False,96362388513,96364381448
sustained,RESERVED_THERMAL_REQUEST_V1,610810001/sustained/150,150,classification,urgent,94861232260,1500000000,succeeded,94861232260,CPU,94955691382.41663,94955691382.41663,94955691382.41663,94955691382,fixed_mean,94957265556,95111871314,95118379592,250639054,False,95118655038,95120907658
sustained,RESERVED_THERMAL_REQUEST_V1,610810001/sustained/151,151,classification,urgent,95259674668,1500000000,succeeded,95259674668,GPU,95259674668.0,95259674668.0,95259674668.0,95259674668,fixed_mean,95261055489,95553729303,95561094564,294054635,False,95561566202,95564504143
sustained,RESERVED_THERMAL_REQUEST_V1,610810001/sustained/152,152,detection,normal,95652209008,6000000000,succeeded,95652209008,CPU,96364381447.81244,96364381447.81244,96364381447.81244,96364381448,fixed_mean,96365566577,96976187224,96983852891,1331643883,False,96984125408,96986118343
sustained,RESERVED_THERMAL_REQUEST_V1,610810001/sustained/153,153,classification,urgent,96064225435,1500000000,succeeded,96064225435,GPU,96064225435.0,96064225435.0,96064225435.0,96064225435,fixed_mean,96065606256,96358280070,96365645331,294054635,False,96366116969,96369054910
sustained,RESERVED_THERMAL_REQUEST_V1,610810001/sustained/154,154,detection,normal,96459810125,6000000000,succeeded,96459810125,CPU,97151334618.3541,97151334618.3541,97151334618.3541,97151334618,fixed_mean,97152519747,97763140394,97770806062,1310995937,False,97771078578,97773071513
sustained,RESERVED_THERMAL_REQUEST_V1,610810001/sustained/155,155,classification,urgent,96870667100,1500000000,succeeded,96870667100,CPU,96986118342.6666,96986118342.6666,96986118342.6666,96986118343,fixed_mean,96987692516,97142298274,97148806553,271631174,False,97149081998,97151334618
sustained,RESERVED_THERMAL_REQUEST_V1,610810001/sustained/156,156,classification,urgent,97285687404,1500000000,succeeded,97285687404,GPU,97285687404.0,97285687404.0,97285687404.0,97285687404,fixed_mean,97287068225,97579742039,97587107300,294054635,False,97587578938,97590516879
sustained,RESERVED_THERMAL_REQUEST_V1,610810001/sustained/157,157,detection,normal,97677633976,6000000000,succeeded,97677633976,CPU,97773071513.20825,97773071513.20825,97773071513.20825,97773071513,fixed_mean,97774256642,98384877289,98392542957,714908981,False,98392815473,98394808408
sustained,RESERVED_THERMAL_REQUEST_V1,610810001/sustained/158,158,classification,urgent,98088612972,1500000000,succeeded,98088612972,GPU,98088612972.0,98088612972.0,98088612972.0,98088612972,fixed_mean,98089993793,98382667607,98390032868,294054635,False,98390504506,98393442447
sustained,RESERVED_THERMAL_REQUEST_V1,610810001/sustained/159,159,classification,urgent,98506671753,1500000000,succeeded,98506671753,CPU,98506671753.0,98506671753.0,98506671753.0,98506671753,fixed_mean,98508245926,98662851684,98669359963,156179931,False,98669635409,98671888029
sustained,RESERVED_THERMAL_REQUEST_V1,610810001/sustained/160,160,classification,urgent,98892140484,1500000000,succeeded,98892140484,CPU,98892140484.0,98892140484.0,98892140484.0,98892140484,fixed_mean,98893714657,99048320415,99054828694,156179931,False,99055104140,99057356760
sustained,RESERVED_THERMAL_REQUEST_V1,610810001/sustained/161,161,detection,normal,99301886314,6000000000,succeeded,99301886314,CPU,99301886314.0,99301886314.0,99301886314.0,99301886314,fixed_mean,99303071443,99913692090,99921357757,619471443,False,99921630274,99923623209
sustained,RESERVED_THERMAL_REQUEST_V1,610810001/sustained/162,162,detection,normal,99716866614,6000000000,succeeded,99716866614,CPU,99923623208.85416,99923623208.85416,99923623208.85416,99923623209,fixed_mean,99924808338,100535428985,100543094652,826228038,False,100543367169,100545360104
sustained,RESERVED_THERMAL_REQUEST_V1,610810001/sustained/163,163,classification,urgent,100128076037,1500000000,succeeded,100128076037,GPU,100128076037.0,100128076037.0,100128076037.0,100128076037,fixed_mean,100129456858,100422130672,100429495933,294054635,False,100429967571,100432905512
sustained,RESERVED_THERMAL_REQUEST_V1,610810001/sustained/164,164,detection,normal,100526097776,6000000000,succeeded,100526097776,CPU,100545360103.70831,100545360103.70831,100545360103.70831,100545360104,fixed_mean,100546545232,101157165879,101164831547,638733771,False,101165104064,101167096999
sustained,RESERVED_THERMAL_REQUEST_V1,610810001/sustained/165,165,detection,normal,100912147942,6000000000,succeeded,100912147942,CPU,101167096998.56247,101167096998.56247,101167096998.56247,101167096999,fixed_mean,101168282127,101778902774,101786568442,874420500,False,101786840959,101788833893
sustained,RESERVED_THERMAL_REQUEST_V1,610810001/sustained/166,166,detection,normal,101298782555,6000000000,succeeded,101298782555,CPU,101954050169.10413,101954050169.10413,101954050169.10413,101954050169,fixed_mean,101955235298,102565855945,102573521612,1274739057,False,102573794129,102575787064
sustained,RESERVED_THERMAL_REQUEST_V1,610810001/sustained/167,167,classification,urgent,101693708479,1500000000,succeeded,101693708479,CPU,101788833893.41663,101788833893.41663,101788833893.41663,101788833893,fixed_mean,101790408067,101945013825,101951522103,251305346,False,101951797549,101954050169
sustained,RESERVED_THERMAL_REQUEST_V1,610810001/sustained/168,168,detection,normal,102091082388,6000000000,succeeded,102091082388,CPU,102575787063.95828,102575787063.95828,102575787063.95828,102575787064,fixed_mean,102576972193,103187592840,103195258507,1104176119,False,103195531024,103197523959
sustained,RESERVED_THERMAL_REQUEST_V1,610810001/sustained/169,169,detection,normal,102474146544,6000000000,succeeded,102474146544,CPU,103197523958.81244,103197523958.81244,103197523958.81244,103197523959,fixed_mean,103198709088,103809329735,103816995402,1342848858,False,103817267919,103819260854
sustained,RESERVED_THERMAL_REQUEST_V1,610810001/sustained/170,170,classification,urgent,102883940266,1500000000,succeeded,102883940266,GPU,102883940266.0,102883940266.0,102883940266.0,102883940266,fixed_mean,102885321087,103177994901,103185360162,294054635,False,103185831800,103188769741
sustained,RESERVED_THERMAL_REQUEST_V1,610810001/sustained/171,171,classification,urgent,103281389703,1500000000,succeeded,103281389703,GPU,103281389703.0,103281389703.0,103281389703.0,103281389703,fixed_mean,103282770524,103575444338,103582809599,294054635,False,103583281237,103586219178
sustained,RESERVED_THERMAL_REQUEST_V1,610810001/sustained/172,172,classification,urgent,103674987700,1500000000,succeeded,103674987700,CPU,103819260853.6666,103819260853.6666,103819260853.6666,103819260854,fixed_mean,103820835027,103975440785,103981949064,300453085,False,103982224509,103984477129
sustained,RESERVED_THERMAL_REQUEST_V1,610810001/sustained/173,173,classification,urgent,104069768185,1500000000,succeeded,104069768185,CPU,104069768185.0,104069768185.0,104069768185.0,104069768185,fixed_mean,104071342358,104225948116,104232456395,156179931,False,104232731841,104234984461
sustained,RESERVED_THERMAL_REQUEST_V1,610810001/sustained/174,174,detection,normal,104465101524,6000000000,succeeded,104465101524,CPU,104465101524.0,104465101524.0,104465101524.0,104465101524,fixed_mean,104466286653,105076907300,105084572967,619471443,False,105084845484,105086838419
sustained,RESERVED_THERMAL_REQUEST_V1,610810001/sustained/175,175,classification,urgent,104855927132,1500000000,succeeded,104855927132,GPU,104855927132.0,104855927132.0,104855927132.0,104855927132,fixed_mean,104857307953,105149981767,105157347028,294054635,False,105157818666,105160756607
sustained,RESERVED_THERMAL_REQUEST_V1,610810001/sustained/176,176,classification,urgent,105240841639,1500000000,succeeded,105240841639,CPU,105240841639.0,105240841639.0,105240841639.0,105240841639,fixed_mean,105242415812,105397021570,105403529849,156179931,False,105403805295,105406057915
sustained,RESERVED_THERMAL_REQUEST_V1,610810001/sustained/177,177,classification,urgent,105632709290,1500000000,succeeded,105632709290,CPU,105632709290.0,105632709290.0,105632709290.0,105632709290,fixed_mean,105634283463,105788889221,105795397500,156179931,False,105795672946,105797925566
sustained,RESERVED_THERMAL_REQUEST_V1,610810001/sustained/178,178,classification,urgent,106040927119,1500000000,succeeded,106040927119,CPU,106040927119.0,106040927119.0,106040927119.0,106040927119,fixed_mean,106042501292,106197107050,106203615329,156179931,False,106203890775,106206143395
sustained,RESERVED_THERMAL_REQUEST_V1,610810001/sustained/179,179,detection,normal,106448538499,6000000000,succeeded,106448538499,CPU,106448538499.0,106448538499.0,106448538499.0,106448538499,fixed_mean,106449723628,107060344275,107068009942,619471443,False,107068282459,107070275394
sustained,RESERVED_THERMAL_REQUEST_V1,610810001/sustained/180,180,classification,urgent,106848930247,1500000000,succeeded,106848930247,GPU,106848930247.0,106848930247.0,106848930247.0,106848930247,fixed_mean,106850311068,107142984882,107150350143,294054635,False,107150821781,107153759722
sustained,RESERVED_THERMAL_REQUEST_V1,610810001/sustained/181,181,detection,normal,107244440734,6000000000,succeeded,107244440734,CPU,107244440734.0,107244440734.0,107244440734.0,107244440734,fixed_mean,107245625863,107856246510,107863912177,619471443,False,107864184694,107866177629
sustained,RESERVED_THERMAL_REQUEST_V1,610810001/sustained/182,182,detection,normal,107644104830,6000000000,succeeded,107644104830,CPU,107866177628.85416,107866177628.85416,107866177628.85416,107866177629,fixed_mean,107867362758,108477983405,108485649072,841544242,False,108485921589,108487914524
sustained,RESERVED_THERMAL_REQUEST_V1,610810001/sustained/183,183,detection,normal,108062881154,6000000000,succeeded,108062881154,CPU,108487914523.70831,108487914523.70831,108487914523.70831,108487914524,fixed_mean,108489099652,109099720299,109107385967,1044504813,False,109107658484,109109651419
sustained,RESERVED_THERMAL_REQUEST_V1,610810001/sustained/184,184,detection,normal,108448871848,6000000000,succeeded,108448871848,CPU,109109651418.56247,109109651418.56247,109109651418.56247,109109651419,fixed_mean,109110836547,109721457194,109729122862,1280251014,False,109729395379,109731388313
sustained,RESERVED_THERMAL_REQUEST_V1,610810001/sustained/185,185,detection,normal,108831727430,6000000000,succeeded,108831727430,CPU,109731388313.41663,109731388313.41663,109731388313.41663,109731388313,fixed_mean,109732573442,110343194089,110350859757,1519132327,False,110351132273,110353125208
sustained,RESERVED_THERMAL_REQUEST_V1,610810001/sustained/186,186,classification,urgent,109246236275,1500000000,succeeded,109246236275,GPU,109246236275.0,109246236275.0,109246236275.0,109246236275,fixed_mean,109247617096,109540290910,109547656171,294054635,False,109548127809,109551065750
sustained,RESERVED_THERMAL_REQUEST_V1,610810001/sustained/187,187,detection,normal,109650757417,6000000000,succeeded,109650757417,CPU,110353125208.27078,110353125208.27078,110353125208.27078,110353125208,fixed_mean,110354310337,110964930984,110972596652,1321839235,False,110972869168,110974862103
sustained,RESERVED_THERMAL_REQUEST_V1,610810001/sustained/188,188,classification,urgent,110049811645,1500000000,succeeded,110049811645,GPU,110049811645.0,110049811645.0,110049811645.0,110049811645,fixed_mean,110051192466,110343866280,110351231541,294054635,False,110351703179,110354641120
sustained,RESERVED_THERMAL_REQUEST_V1,610810001/sustained/189,189,detection,normal,110434835375,6000000000,succeeded,110434835375,CPU,110974862103.12494,110974862103.12494,110974862103.12494,110974862103,fixed_mean,110976047232,111586667879,111594333547,1159498172,False,111594606063,111596598998
sustained,RESERVED_THERMAL_REQUEST_V1,610810001/sustained/190,190,detection,normal,110841595300,6000000000,succeeded,110841595300,CPU,111596598997.9791,111596598997.9791,111596598997.9791,111596598998,fixed_mean,111597784127,112208404774,112216070441,1374475141,False,112216342958,112218335893
sustained,RESERVED_THERMAL_REQUEST_V1,610810001/sustained/191,191,detection,normal,111259456638,6000000000,succeeded,111259456638,CPU,112218335892.83325,112218335892.83325,112218335892.83325,112218335893,fixed_mean,112219521022,112830141669,112837807336,1578350698,False,112838079853,112840072788
queue,TRITON_RATE_OFF_FIXED_REQUEST_ADAPT_V1,610810001/queue/0,0,detection,normal,35000000000,6000000000,succeeded,35000000000,CPU,35000000000.0,35000000000.0,35000000000.0,35000000000,shared_development_context_mean,35001185129,35611805776,35619471443,619471443,False,35619743960,35621736895
queue,TRITON_RATE_OFF_FIXED_REQUEST_ADAPT_V1,610810001/queue/1,1,detection,normal,35205146616,6000000000,succeeded,35205146616,CPU,35621736894.854164,35621736894.854164,35621736894.854164,35621736895,shared_development_context_mean,35622922024,36233542671,36241208338,1036061722,False,36241480855,36243473790
queue,TRITON_RATE_OFF_FIXED_REQUEST_ADAPT_V1,610810001/queue/2,2,detection,normal,35410129751,6000000000,succeeded,35410129751,CPU,36243473789.70833,36243473789.70833,36243473789.70833,36243473790,shared_development_context_mean,36244658918,36855279565,36862945233,1452815482,False,36863217750,36865210685
queue,TRITON_RATE_OFF_FIXED_REQUEST_ADAPT_V1,610810001/queue/3,3,classification,urgent,35613263315,1500000000,succeeded,35613263315,GPU,35613263315.0,35613263315.0,35613263315.0,35613263315,shared_development_context_mean,35614644136,35907317950,35914683211,294054635,False,35915154849,35918092790
queue,TRITON_RATE_OFF_FIXED_REQUEST_ADAPT_V1,610810001/queue/4,4,detection,normal,35817109134,6000000000,succeeded,35817109134,CPU,36865210684.56249,36865210684.56249,36865210684.56249,36865210685,shared_development_context_mean,36866395813,37477016460,37484682128,1667572994,False,37484954645,37486947579
queue,TRITON_RATE_OFF_FIXED_REQUEST_ADAPT_V1,610810001/queue/5,5,detection,normal,36016100813,6000000000,succeeded,36016100813,CPU,37486947579.41666,37486947579.41666,37486947579.41666,37486947579,shared_development_context_mean,37488132708,38098753355,38106419023,2090318210,False,38106691539,38108684474
queue,TRITON_RATE_OFF_FIXED_REQUEST_ADAPT_V1,610810001/queue/6,6,detection,normal,36216376604,6000000000,succeeded,36216376604,CPU,38108684474.27082,38108684474.27082,38108684474.27082,38108684474,shared_development_context_mean,38109869603,38720490250,38728155918,2511779314,False,38728428434,38730421369
queue,TRITON_RATE_OFF_FIXED_REQUEST_ADAPT_V1,610810001/queue/7,7,detection,normal,36412574208,6000000000,succeeded,36412574208,CPU,38730421369.124985,38730421369.124985,38730421369.124985,38730421369,shared_development_context_mean,38731606498,39342227145,39349892813,2937318605,False,39350165329,39352158264
queue,TRITON_RATE_OFF_FIXED_REQUEST_ADAPT_V1,610810001/queue/8,8,detection,normal,36612831581,6000000000,succeeded,36612831581,CPU,39352158263.97915,39352158263.97915,39352158263.97915,39352158264,shared_development_context_mean,39353343393,39963964040,39971629707,3358798126,False,39971902224,39973895159
queue,TRITON_RATE_OFF_FIXED_REQUEST_ADAPT_V1,610810001/queue/9,9,classification,urgent,36808093990,1500000000,succeeded,36808093990,GPU,36808093990.0,36808093990.0,36808093990.0,36808093990,shared_development_context_mean,36809474811,37102148625,37109513886,294054635,False,37109985524,37112923465
queue,TRITON_RATE_OFF_FIXED_REQUEST_ADAPT_V1,610810001/queue/10,10,detection,normal,37004627458,6000000000,succeeded,37004627458,CPU,39973895158.83331,39973895158.83331,39973895158.83331,39973895159,shared_development_context_mean,39975080288,40585700935,40593366602,3588739144,False,40593639119,40595632054
queue,TRITON_RATE_OFF_FIXED_REQUEST_ADAPT_V1,610810001/queue/11,11,detection,normal,37211401297,6000000000,succeeded,37211401297,CPU,40595632053.68748,40595632053.68748,40595632053.68748,40595632054,shared_development_context_mean,40596817182,41207437829,41215103497,4003702200,False,41215376014,41217368949
queue,TRITON_RATE_OFF_FIXED_REQUEST_ADAPT_V1,610810001/queue/12,12,classification,urgent,37421260390,1500000000,succeeded,37421260390,GPU,37421260390.0,37421260390.0,37421260390.0,37421260390,shared_development_context_mean,37422641211,37715315025,37722680286,294054635,False,37723151924,37726089865
queue,TRITON_RATE_OFF_FIXED_REQUEST_ADAPT_V1,610810001/queue/13,13,detection,normal,37619016414,6000000000,succeeded,37619016414,CPU,41217368948.54164,41217368948.54164,41217368948.54164,41217368949,shared_development_context_mean,41218554077,41829174724,41836840392,4217823978,False,41837112908,41839105843
queue,TRITON_RATE_OFF_FIXED_REQUEST_ADAPT_V1,610810001/queue/14,14,detection,normal,37816890488,6000000000,succeeded,37816890488,CPU,41839105843.395805,41839105843.395805,41839105843.395805,41839105843,shared_development_context_mean,41840290972,42450911619,42458577287,4641686799,False,42458849803,42460842738
queue,TRITON_RATE_OFF_FIXED_REQUEST_ADAPT_V1,610810001/queue/15,15,detection,normal,38020048275,6000000000,succeeded,38020048275,CPU,42460842738.24997,42460842738.24997,42460842738.24997,42460842738,shared_development_context_mean,42462027867,43072648514,43080314182,5060265907,False,43080586698,43082579633
queue,TRITON_RATE_OFF_FIXED_REQUEST_ADAPT_V1,610810001/queue/16,16,classification,urgent,38216148510,1500000000,succeeded,38216148510,GPU,38216148510.0,38216148510.0,38216148510.0,38216148510,shared_development_context_mean,38217529331,38510203145,38517568406,294054635,False,38518040044,38520977985
queue,TRITON_RATE_OFF_FIXED_REQUEST_ADAPT_V1,610810001/queue/17,17,classification,urgent,38424174507,1500000000,succeeded,38424174507,GPU,38520977985.22916,38520977985.22916,38520977985.22916,38520977985,shared_development_context_mean,38522358806,38815032620,38822397881,390858113,False,38822869519,38825807460
queue,TRITON_RATE_OFF_FIXED_REQUEST_ADAPT_V1,610810001/queue/18,18,detection,normal,38621801615,6000000000,succeeded,38621801615,CPU,43082579633.10413,43082579633.10413,43082579633.10413,43082579633,shared_development_context_mean,43083764762,43694385409,43702051076,5080249461,False,43702323593,43704316528
queue,TRITON_RATE_OFF_FIXED_REQUEST_ADAPT_V1,610810001/queue/19,19,detection,normal,38829024386,6000000000,succeeded,38829024386,CPU,43704316527.9583,43704316527.9583,43704316527.9583,43704316528,shared_development_context_mean,43705501657,44316122304,44323787971,5494763585,False,44324060488,44326053423
queue,TRITON_RATE_OFF_FIXED_REQUEST_ADAPT_V1,610810001/queue/20,20,detection,normal,39023803235,6000000000,succeeded,39023803235,CPU,44326053422.81246,44326053422.81246,44326053422.81246,44326053423,shared_development_context_mean,44327238552,44937859199,44945524866,5921721631,False,44945797383,44947790318
queue,TRITON_RATE_OFF_FIXED_REQUEST_ADAPT_V1,610810001/queue/21,21,detection,normal,39223651586,6000000000,succeeded,39223651586,CPU,44947790317.666626,44947790317.666626,44947790317.666626,44947790318,shared_development_context_mean,44948975446,45559596093,45567261761,6343610175,True,45567534278,45569527213
queue,TRITON_RATE_OFF_FIXED_REQUEST_ADAPT_V1,610810001/queue/22,22,classification,urgent,39430925432,1500000000,succeeded,39430925432,GPU,39430925432.0,39430925432.0,39430925432.0,39430925432,shared_development_context_mean,39432306253,39724980067,39732345328,294054635,False,39732816966,39735754907
queue,TRITON_RATE_OFF_FIXED_REQUEST_ADAPT_V1,610810001/queue/23,23,detection,normal,39621414105,6000000000,succeeded,39621414105,CPU,45569527212.52079,45569527212.52079,45569527212.52079,45569527213,shared_development_context_mean,45570712341,46181332988,46188998656,6567584551,True,46189271172,46191264107
sustained,TRITON_RATE_OFF_FIXED_REQUEST_ADAPT_V1,610810001/sustained/0,0,classification,urgent,35000000000,1500000000,succeeded,35000000000,GPU,35000000000.0,35000000000.0,35000000000.0,35000000000,shared_development_context_mean,35001380821,35294054635,35301419896,294054635,False,35301891534,35304829475
sustained,TRITON_RATE_OFF_FIXED_REQUEST_ADAPT_V1,610810001/sustained/1,1,classification,urgent,35383011853,1500000000,succeeded,35383011853,GPU,35383011853.0,35383011853.0,35383011853.0,35383011853,shared_development_context_mean,35384392674,35677066488,35684431749,294054635,False,35684903387,35687841328
sustained,TRITON_RATE_OFF_FIXED_REQUEST_ADAPT_V1,610810001/sustained/2,2,detection,normal,35767774281,6000000000,succeeded,35767774281,CPU,35767774281.0,35767774281.0,35767774281.0,35767774281,shared_development_context_mean,35768959410,36379580057,36387245724,619471443,False,36387518241,36389511176
sustained,TRITON_RATE_OFF_FIXED_REQUEST_ADAPT_V1,610810001/sustained/3,3,classification,urgent,36149588174,1500000000,succeeded,36149588174,GPU,36149588174.0,36149588174.0,36149588174.0,36149588174,shared_development_context_mean,36150968995,36443642809,36451008070,294054635,False,36451479708,36454417649
sustained,TRITON_RATE_OFF_FIXED_REQUEST_ADAPT_V1,610810001/sustained/4,4,classification,urgent,36532246217,1500000000,succeeded,36532246217,GPU,36532246217.0,36532246217.0,36532246217.0,36532246217,shared_development_context_mean,36533627038,36826300852,36833666113,294054635,False,36834137751,36837075692
sustained,TRITON_RATE_OFF_FIXED_REQUEST_ADAPT_V1,610810001/sustained/5,5,detection,normal,36943000353,6000000000,succeeded,36943000353,CPU,36943000353.0,36943000353.0,36943000353.0,36943000353,shared_development_context_mean,36944185482,37554806129,37562471796,619471443,False,37562744313,37564737248
sustained,TRITON_RATE_OFF_FIXED_REQUEST_ADAPT_V1,610810001/sustained/6,6,classification,urgent,37358861397,1500000000,succeeded,37358861397,GPU,37358861397.0,37358861397.0,37358861397.0,37358861397,shared_development_context_mean,37360242218,37652916032,37660281293,294054635,False,37660752931,37663690872
sustained,TRITON_RATE_OFF_FIXED_REQUEST_ADAPT_V1,610810001/sustained/7,7,detection,normal,37763267022,6000000000,succeeded,37763267022,CPU,37763267022.0,37763267022.0,37763267022.0,37763267022,shared_development_context_mean,37764452151,38375072798,38382738465,619471443,False,38383010982,38385003917
sustained,TRITON_RATE_OFF_FIXED_REQUEST_ADAPT_V1,610810001/sustained/8,8,classification,urgent,38175871106,1500000000,succeeded,38175871106,GPU,38175871106.0,38175871106.0,38175871106.0,38175871106,shared_development_context_mean,38177251927,38469925741,38477291002,294054635,False,38477762640,38480700581
sustained,TRITON_RATE_OFF_FIXED_REQUEST_ADAPT_V1,610810001/sustained/9,9,detection,normal,38587654396,6000000000,succeeded,38587654396,CPU,38587654396.0,38587654396.0,38587654396.0,38587654396,shared_development_context_mean,38588839525,39199460172,39207125839,619471443,False,39207398356,39209391291
sustained,TRITON_RATE_OFF_FIXED_REQUEST_ADAPT_V1,610810001/sustained/10,10,detection,normal,38987130461,6000000000,succeeded,38987130461,CPU,39209391290.854164,39209391290.854164,39209391290.854164,39209391291,shared_development_context_mean,39210576420,39821197067,39828862734,841732273,False,39829135251,39831128186
sustained,TRITON_RATE_OFF_FIXED_REQUEST_ADAPT_V1,610810001/sustained/11,11,classification,urgent,39381835341,1500000000,succeeded,39381835341,GPU,39381835341.0,39381835341.0,39381835341.0,39381835341,shared_development_context_mean,39383216162,39675889976,39683255237,294054635,False,39683726875,39686664816
sustained,TRITON_RATE_OFF_FIXED_REQUEST_ADAPT_V1,610810001/sustained/12,12,detection,normal,39800843935,6000000000,succeeded,39800843935,CPU,39831128185.70833,39831128185.70833,39831128185.70833,39831128186,shared_development_context_mean,39832313314,40442933961,40450599629,649755694,False,40450872146,40452865081
sustained,TRITON_RATE_OFF_FIXED_REQUEST_ADAPT_V1,610810001/sustained/13,13,classification,urgent,40197008897,1500000000,succeeded,40197008897,GPU,40197008897.0,40197008897.0,40197008897.0,40197008897,shared_development_context_mean,40198389718,40491063532,40498428793,294054635,False,40498900431,40501838372
sustained,TRITON_RATE_OFF_FIXED_REQUEST_ADAPT_V1,610810001/sustained/14,14,detection,normal,40586078191,6000000000,succeeded,40586078191,CPU,40586078191.0,40586078191.0,40586078191.0,40586078191,shared_development_context_mean,40587263320,41197883967,41205549634,619471443,False,41205822151,41207815086
sustained,TRITON_RATE_OFF_FIXED_REQUEST_ADAPT_V1,610810001/sustained/15,15,classification,urgent,41005104733,1500000000,succeeded,41005104733,GPU,41005104733.0,41005104733.0,41005104733.0,41005104733,shared_development_context_mean,41006485554,41299159368,41306524629,294054635,False,41306996267,41309934208
sustained,TRITON_RATE_OFF_FIXED_REQUEST_ADAPT_V1,610810001/sustained/16,16,detection,normal,41400938572,6000000000,succeeded,41400938572,CPU,41400938572.0,41400938572.0,41400938572.0,41400938572,shared_development_context_mean,41402123701,42012744348,42020410015,619471443,False,42020682532,42022675467
sustained,TRITON_RATE_OFF_FIXED_REQUEST_ADAPT_V1,610810001/sustained/17,17,detection,normal,41787139062,6000000000,succeeded,41787139062,CPU,42022675466.854164,42022675466.854164,42022675466.854164,42022675467,shared_development_context_mean,42023860596,42634481243,42642146910,855007848,False,42642419427,42644412362
sustained,TRITON_RATE_OFF_FIXED_REQUEST_ADAPT_V1,610810001/sustained/18,18,detection,normal,42192341496,6000000000,succeeded,42192341496,CPU,42644412361.70833,42644412361.70833,42644412361.70833,42644412362,shared_development_context_mean,42645597490,43256218137,43263883805,1071542309,False,43264156322,43266149257
sustained,TRITON_RATE_OFF_FIXED_REQUEST_ADAPT_V1,610810001/sustained/19,19,detection,normal,42585724390,6000000000,succeeded,42585724390,CPU,43266149256.56249,43266149256.56249,43266149256.56249,43266149257,shared_development_context_mean,43267334385,43877955032,43885620700,1299896310,False,43885893217,43887886151
sustained,TRITON_RATE_OFF_FIXED_REQUEST_ADAPT_V1,610810001/sustained/20,20,classification,urgent,42972811447,1500000000,succeeded,42972811447,GPU,42972811447.0,42972811447.0,42972811447.0,42972811447,shared_development_context_mean,42974192268,43266866082,43274231343,294054635,False,43274702981,43277640922
sustained,TRITON_RATE_OFF_FIXED_REQUEST_ADAPT_V1,610810001/sustained/21,21,detection,normal,43376904063,6000000000,succeeded,43376904063,CPU,43887886151.41666,43887886151.41666,43887886151.41666,43887886151,shared_development_context_mean,43889071280,44499691927,44507357595,1130453532,False,44507630111,44509623046
sustained,TRITON_RATE_OFF_FIXED_REQUEST_ADAPT_V1,610810001/sustained/22,22,classification,urgent,43771013673,1500000000,succeeded,43771013673,GPU,43771013673.0,43771013673.0,43771013673.0,43771013673,shared_development_context_mean,43772394494,44065068308,44072433569,294054635,False,44072905207,44075843148
sustained,TRITON_RATE_OFF_FIXED_REQUEST_ADAPT_V1,610810001/sustained/23,23,classification,urgent,44158057603,1500000000,succeeded,44158057603,GPU,44158057603.0,44158057603.0,44158057603.0,44158057603,shared_development_context_mean,44159438424,44452112238,44459477499,294054635,False,44459949137,44462887078
sustained,TRITON_RATE_OFF_FIXED_REQUEST_ADAPT_V1,610810001/sustained/24,24,classification,urgent,44552115778,1500000000,succeeded,44552115778,GPU,44552115778.0,44552115778.0,44552115778.0,44552115778,shared_development_context_mean,44553496599,44846170413,44853535674,294054635,False,44854007312,44856945253
sustained,TRITON_RATE_OFF_FIXED_REQUEST_ADAPT_V1,610810001/sustained/25,25,classification,urgent,44957915866,1500000000,succeeded,44957915866,GPU,44957915866.0,44957915866.0,44957915866.0,44957915866,shared_development_context_mean,44959296687,45251970501,45259335762,294054635,False,45259807400,45262745341
sustained,TRITON_RATE_OFF_FIXED_REQUEST_ADAPT_V1,610810001/sustained/26,26,detection,normal,45361456942,6000000000,succeeded,45361456942,CPU,45361456942.0,45361456942.0,45361456942.0,45361456942,shared_development_context_mean,45362642071,45973262718,45980928385,619471443,False,45981200902,45983193837
sustained,TRITON_RATE_OFF_FIXED_REQUEST_ADAPT_V1,610810001/sustained/27,27,classification,urgent,45754155826,1500000000,succeeded,45754155826,GPU,45754155826.0,45754155826.0,45754155826.0,45754155826,shared_development_context_mean,45755536647,46048210461,46055575722,294054635,False,46056047360,46058985301
sustained,TRITON_RATE_OFF_FIXED_REQUEST_ADAPT_V1,610810001/sustained/28,28,classification,urgent,46135601008,1500000000,succeeded,46135601008,GPU,46135601008.0,46135601008.0,46135601008.0,46135601008,shared_development_context_mean,46136981829,46429655643,46437020904,294054635,False,46437492542,46440430483
sustained,TRITON_RATE_OFF_FIXED_REQUEST_ADAPT_V1,610810001/sustained/29,29,classification,urgent,46533320331,1500000000,succeeded,46533320331,GPU,46533320331.0,46533320331.0,46533320331.0,46533320331,shared_development_context_mean,46534701152,46827374966,46834740227,294054635,False,46835211865,46838149806
sustained,TRITON_RATE_OFF_FIXED_REQUEST_ADAPT_V1,610810001/sustained/30,30,detection,normal,46950967677,6000000000,succeeded,46950967677,CPU,46950967677.0,46950967677.0,46950967677.0,46950967677,shared_development_context_mean,46952152806,47562773453,47570439120,619471443,False,47570711637,47572704572
sustained,TRITON_RATE_OFF_FIXED_REQUEST_ADAPT_V1,610810001/sustained/31,31,detection,normal,47343259463,6000000000,succeeded,47343259463,CPU,47572704571.854164,47572704571.854164,47572704571.854164,47572704572,shared_development_context_mean,47573889701,48184510348,48192176015,848916552,False,48192448532,48194441467
sustained,TRITON_RATE_OFF_FIXED_REQUEST_ADAPT_V1,610810001/sustained/32,32,classification,urgent,47753685231,1500000000,succeeded,47753685231,GPU,47753685231.0,47753685231.0,47753685231.0,47753685231,shared_development_context_mean,47755066052,48047739866,48055105127,294054635,False,48055576765,48058514706
sustained,TRITON_RATE_OFF_FIXED_REQUEST_ADAPT_V1,610810001/sustained/33,33,classification,urgent,48143877339,1500000000,succeeded,48143877339,GPU,48143877339.0,48143877339.0,48143877339.0,48143877339,shared_development_context_mean,48145258160,48437931974,48445297235,294054635,False,48445768873,48448706814
sustained,TRITON_RATE_OFF_FIXED_REQUEST_ADAPT_V1,610810001/sustained/34,34,detection,normal,48548501108,6000000000,succeeded,48548501108,CPU,48548501108.0,48548501108.0,48548501108.0,48548501108,shared_development_context_mean,48549686237,49160306884,49167972551,619471443,False,49168245068,49170238003
sustained,TRITON_RATE_OFF_FIXED_REQUEST_ADAPT_V1,610810001/sustained/35,35,detection,normal,48940679009,6000000000,succeeded,48940679009,CPU,49170238002.854164,49170238002.854164,49170238002.854164,49170238003,shared_development_context_mean,49171423132,49782043779,49789709446,849030437,False,49789981963,49791974898
sustained,TRITON_RATE_OFF_FIXED_REQUEST_ADAPT_V1,610810001/sustained/36,36,classification,urgent,49323061149,1500000000,succeeded,49323061149,GPU,49323061149.0,49323061149.0,49323061149.0,49323061149,shared_development_context_mean,49324441970,49617115784,49624481045,294054635,False,49624952683,49627890624
sustained,TRITON_RATE_OFF_FIXED_REQUEST_ADAPT_V1,610810001/sustained/37,37,detection,normal,49707250613,6000000000,succeeded,49707250613,CPU,49791974897.70833,49791974897.70833,49791974897.70833,49791974898,shared_development_context_mean,49793160026,50403780673,50411446341,704195728,False,50411718858,50413711793
sustained,TRITON_RATE_OFF_FIXED_REQUEST_ADAPT_V1,610810001/sustained/38,38,detection,normal,50123893272,6000000000,succeeded,50123893272,CPU,50413711792.56249,50413711792.56249,50413711792.56249,50413711793,shared_development_context_mean,50414896921,51025517568,51033183236,909289964,False,51033455753,51035448687
sustained,TRITON_RATE_OFF_FIXED_REQUEST_ADAPT_V1,610810001/sustained/39,39,detection,normal,50533054387,6000000000,succeeded,50533054387,CPU,51035448687.41666,51035448687.41666,51035448687.41666,51035448687,shared_development_context_mean,51036633816,51647254463,51654920131,1121865744,False,51655192647,51657185582
sustained,TRITON_RATE_OFF_FIXED_REQUEST_ADAPT_V1,610810001/sustained/40,40,classification,urgent,50926936420,1500000000,succeeded,50926936420,GPU,50926936420.0,50926936420.0,50926936420.0,50926936420,shared_development_context_mean,50928317241,51220991055,51228356316,294054635,False,51228827954,51231765895
sustained,TRITON_RATE_OFF_FIXED_REQUEST_ADAPT_V1,610810001/sustained/41,41,classification,urgent,51318387695,1500000000,succeeded,51318387695,GPU,51318387695.0,51318387695.0,51318387695.0,51318387695,shared_development_context_mean,51319768516,51612442330,51619807591,294054635,False,51620279229,51623217170
sustained,TRITON_RATE_OFF_FIXED_REQUEST_ADAPT_V1,610810001/sustained/42,42,detection,normal,51704149682,6000000000,succeeded,51704149682,CPU,51704149682.0,51704149682.0,51704149682.0,51704149682,shared_development_context_mean,51705334811,52315955458,52323621125,619471443,False,52323893642,52325886577
sustained,TRITON_RATE_OFF_FIXED_REQUEST_ADAPT_V1,610810001/sustained/43,43,detection,normal,52096271588,6000000000,succeeded,52096271588,CPU,52325886576.854164,52325886576.854164,52325886576.854164,52325886577,shared_development_context_mean,52327071706,52937692353,52945358020,849086432,False,52945630537,52947623472
sustained,TRITON_RATE_OFF_FIXED_REQUEST_ADAPT_V1,610810001/sustained/44,44,classification,urgent,52480564263,1500000000,succeeded,52480564263,GPU,52480564263.0,52480564263.0,52480564263.0,52480564263,shared_development_context_mean,52481945084,52774618898,52781984159,294054635,False,52782455797,52785393738
sustained,TRITON_RATE_OFF_FIXED_REQUEST_ADAPT_V1,610810001/sustained/45,45,detection,normal,52895920313,6000000000,succeeded,52895920313,CPU,52947623471.70833,52947623471.70833,52947623471.70833,52947623472,shared_development_context_mean,52948808600,53559429247,53567094915,671174602,False,53567367432,53569360367
sustained,TRITON_RATE_OFF_FIXED_REQUEST_ADAPT_V1,610810001/sustained/46,46,detection,normal,53286410151,6000000000,succeeded,53286410151,CPU,53569360366.56249,53569360366.56249,53569360366.56249,53569360367,shared_development_context_mean,53570545495,54181166142,54188831810,902421659,False,54189104327,54191097261
sustained,TRITON_RATE_OFF_FIXED_REQUEST_ADAPT_V1,610810001/sustained/47,47,detection,normal,53703283625,6000000000,succeeded,53703283625,CPU,54191097261.41666,54191097261.41666,54191097261.41666,54191097261,shared_development_context_mean,54192282390,54802903037,54810568705,1107285080,False,54810841221,54812834156
sustained,TRITON_RATE_OFF_FIXED_REQUEST_ADAPT_V1,610810001/sustained/48,48,detection,normal,54117249915,6000000000,succeeded,54117249915,CPU,54812834156.27082,54812834156.27082,54812834156.27082,54812834156,shared_development_context_mean,54814019285,55424639932,55432305600,1315055685,False,55432578116,55434571051
sustained,TRITON_RATE_OFF_FIXED_REQUEST_ADAPT_V1,610810001/sustained/49,49,classification,urgent,54497329263,1500000000,succeeded,54497329263,GPU,54497329263.0,54497329263.0,54497329263.0,54497329263,shared_development_context_mean,54498710084,54791383898,54798749159,294054635,False,54799220797,54802158738
sustained,TRITON_RATE_OFF_FIXED_REQUEST_ADAPT_V1,610810001/sustained/50,50,detection,normal,54914267005,6000000000,succeeded,54914267005,CPU,55434571051.124985,55434571051.124985,55434571051.124985,55434571051,shared_development_context_mean,55435756180,56046376827,56054042495,1139775490,False,56054315011,56056307946
sustained,TRITON_RATE_OFF_FIXED_REQUEST_ADAPT_V1,610810001/sustained/51,51,classification,urgent,55314109519,1500000000,succeeded,55314109519,GPU,55314109519.0,55314109519.0,55314109519.0,55314109519,shared_development_context_mean,55315490340,55608164154,55615529415,294054635,False,55616001053,55618938994
sustained,TRITON_RATE_OFF_FIXED_REQUEST_ADAPT_V1,610810001/sustained/52,52,detection,normal,55702407061,6000000000,succeeded,55702407061,CPU,56056307945.97915,56056307945.97915,56056307945.97915,56056307946,shared_development_context_mean,56057493075,56668113722,56675779389,973372328,False,56676051906,56678044841
sustained,TRITON_RATE_OFF_FIXED_REQUEST_ADAPT_V1,610810001/sustained/53,53,detection,normal,56120955604,6000000000,succeeded,56120955604,CPU,56678044840.83331,56678044840.83331,56678044840.83331,56678044841,shared_development_context_mean,56679229970,57289850617,57297516284,1176560680,False,57297788801,57299781736
sustained,TRITON_RATE_OFF_FIXED_REQUEST_ADAPT_V1,610810001/sustained/54,54,classification,urgent,56501476382,1500000000,succeeded,56501476382,GPU,56501476382.0,56501476382.0,56501476382.0,56501476382,shared_development_context_mean,56502857203,56795531017,56802896278,294054635,False,56803367916,56806305857
sustained,TRITON_RATE_OFF_FIXED_REQUEST_ADAPT_V1,610810001/sustained/55,55,classification,urgent,56897783038,1500000000,succeeded,56897783038,GPU,56897783038.0,56897783038.0,56897783038.0,56897783038,shared_development_context_mean,56899163859,57191837673,57199202934,294054635,False,57199674572,57202612513
sustained,TRITON_RATE_OFF_FIXED_REQUEST_ADAPT_V1,610810001/sustained/56,56,classification,urgent,57314770647,1500000000,succeeded,57314770647,GPU,57314770647.0,57314770647.0,57314770647.0,57314770647,shared_development_context_mean,57316151468,57608825282,57616190543,294054635,False,57616662181,57619600122
sustained,TRITON_RATE_OFF_FIXED_REQUEST_ADAPT_V1,610810001/sustained/57,57,detection,normal,57696485661,6000000000,succeeded,57696485661,CPU,57696485661.0,57696485661.0,57696485661.0,57696485661,shared_development_context_mean,57697670790,58308291437,58315957104,619471443,False,58316229621,58318222556
sustained,TRITON_RATE_OFF_FIXED_REQUEST_ADAPT_V1,610810001/sustained/58,58,detection,normal,58100504823,6000000000,succeeded,58100504823,CPU,58318222555.854164,58318222555.854164,58318222555.854164,58318222556,shared_development_context_mean,58319407685,58930028332,58937693999,837189176,False,58937966516,58939959451
sustained,TRITON_RATE_OFF_FIXED_REQUEST_ADAPT_V1,610810001/sustained/59,59,classification,urgent,58494105935,1500000000,succeeded,58494105935,GPU,58494105935.0,58494105935.0,58494105935.0,58494105935,shared_development_context_mean,58495486756,58788160570,58795525831,294054635,False,58795997469,58798935410
sustained,TRITON_RATE_OFF_FIXED_REQUEST_ADAPT_V1,610810001/sustained/60,60,detection,normal,58911490698,6000000000,succeeded,58911490698,CPU,58939959450.70833,58939959450.70833,58939959450.70833,58939959451,shared_development_context_mean,58941144579,59551765226,59559430894,647940196,False,59559703411,59561696346
sustained,TRITON_RATE_OFF_FIXED_REQUEST_ADAPT_V1,610810001/sustained/61,61,classification,urgent,59295134990,1500000000,succeeded,59295134990,GPU,59295134990.0,59295134990.0,59295134990.0,59295134990,shared_development_context_mean,59296515811,59589189625,59596554886,294054635,False,59597026524,59599964465
sustained,TRITON_RATE_OFF_FIXED_REQUEST_ADAPT_V1,610810001/sustained/62,62,detection,normal,59700477396,6000000000,succeeded,59700477396,CPU,59700477396.0,59700477396.0,59700477396.0,59700477396,shared_development_context_mean,59701662525,60312283172,60319948839,619471443,False,60320221356,60322214291
sustained,TRITON_RATE_OFF_FIXED_REQUEST_ADAPT_V1,610810001/sustained/63,63,classification,urgent,60110659494,1500000000,succeeded,60110659494,GPU,60110659494.0,60110659494.0,60110659494.0,60110659494,shared_development_context_mean,60112040315,60404714129,60412079390,294054635,False,60412551028,60415488969
sustained,TRITON_RATE_OFF_FIXED_REQUEST_ADAPT_V1,610810001/sustained/64,64,classification,urgent,60503180465,1500000000,succeeded,60503180465,GPU,60503180465.0,60503180465.0,60503180465.0,60503180465,shared_development_context_mean,60504561286,60797235100,60804600361,294054635,False,60805071999,60808009940
sustained,TRITON_RATE_OFF_FIXED_REQUEST_ADAPT_V1,610810001/sustained/65,65,detection,normal,60916463042,6000000000,succeeded,60916463042,CPU,60916463042.0,60916463042.0,60916463042.0,60916463042,shared_development_context_mean,60917648171,61528268818,61535934485,619471443,False,61536207002,61538199937
sustained,TRITON_RATE_OFF_FIXED_REQUEST_ADAPT_V1,610810001/sustained/66,66,classification,urgent,61299569682,1500000000,succeeded,61299569682,GPU,61299569682.0,61299569682.0,61299569682.0,61299569682,shared_development_context_mean,61300950503,61593624317,61600989578,294054635,False,61601461216,61604399157
sustained,TRITON_RATE_OFF_FIXED_REQUEST_ADAPT_V1,610810001/sustained/67,67,classification,urgent,61685726793,1500000000,succeeded,61685726793,GPU,61685726793.0,61685726793.0,61685726793.0,61685726793,shared_development_context_mean,61687107614,61979781428,61987146689,294054635,False,61987618327,61990556268
sustained,TRITON_RATE_OFF_FIXED_REQUEST_ADAPT_V1,610810001/sustained/68,68,detection,normal,62082015230,6000000000,succeeded,62082015230,CPU,62082015230.0,62082015230.0,62082015230.0,62082015230,shared_development_context_mean,62083200359,62693821006,62701486673,619471443,False,62701759190,62703752125
sustained,TRITON_RATE_OFF_FIXED_REQUEST_ADAPT_V1,610810001/sustained/69,69,detection,normal,62487460798,6000000000,succeeded,62487460798,CPU,62703752124.854164,62703752124.854164,62703752124.854164,62703752125,shared_development_context_mean,62704937254,63315557901,63323223568,835762770,False,63323496085,63325489020
sustained,TRITON_RATE_OFF_FIXED_REQUEST_ADAPT_V1,610810001/sustained/70,70,detection,normal,62872894800,6000000000,succeeded,62872894800,CPU,63325489019.70833,63325489019.70833,63325489019.70833,63325489020,shared_development_context_mean,63326674148,63937294795,63944960463,1072065663,False,63945232980,63947225915
sustained,TRITON_RATE_OFF_FIXED_REQUEST_ADAPT_V1,610810001/sustained/71,71,detection,normal,63270110079,6000000000,succeeded,63270110079,CPU,63947225914.56249,63947225914.56249,63947225914.56249,63947225915,shared_development_context_mean,63948411043,64559031690,64566697358,1296587279,False,64566969875,64568962809
sustained,TRITON_RATE_OFF_FIXED_REQUEST_ADAPT_V1,610810001/sustained/72,72,detection,normal,63680563080,6000000000,succeeded,63680563080,CPU,64568962809.41666,64568962809.41666,64568962809.41666,64568962809,shared_development_context_mean,64570147938,65180768585,65188434253,1507871173,False,65188706769,65190699704
sustained,TRITON_RATE_OFF_FIXED_REQUEST_ADAPT_V1,610810001/sustained/73,73,detection,normal,64094719343,6000000000,succeeded,64094719343,CPU,65190699704.27082,65190699704.27082,65190699704.27082,65190699704,shared_development_context_mean,65191884833,65802505480,65810171148,1715451805,False,65810443664,65812436599
sustained,TRITON_RATE_OFF_FIXED_REQUEST_ADAPT_V1,610810001/sustained/74,74,classification,urgent,64500915432,1500000000,succeeded,64500915432,GPU,64500915432.0,64500915432.0,64500915432.0,64500915432,shared_development_context_mean,64502296253,64794970067,64802335328,294054635,False,64802806966,64805744907
sustained,TRITON_RATE_OFF_FIXED_REQUEST_ADAPT_V1,610810001/sustained/75,75,classification,urgent,64905496422,1500000000,succeeded,64905496422,GPU,64905496422.0,64905496422.0,64905496422.0,64905496422,shared_development_context_mean,64906877243,65199551057,65206916318,294054635,False,65207387956,65210325897
sustained,TRITON_RATE_OFF_FIXED_REQUEST_ADAPT_V1,610810001/sustained/76,76,detection,normal,65311650708,6000000000,succeeded,65311650708,CPU,65812436599.124985,65812436599.124985,65812436599.124985,65812436599,shared_development_context_mean,65813621728,66424242375,66431908043,1120257335,False,66432180559,66434173494
sustained,TRITON_RATE_OFF_FIXED_REQUEST_ADAPT_V1,610810001/sustained/77,77,classification,urgent,65695296070,1500000000,succeeded,65695296070,GPU,65695296070.0,65695296070.0,65695296070.0,65695296070,shared_development_context_mean,65696676891,65989350705,65996715966,294054635,False,65997187604,66000125545
sustained,TRITON_RATE_OFF_FIXED_REQUEST_ADAPT_V1,610810001/sustained/78,78,classification,urgent,66110790785,1500000000,succeeded,66110790785,GPU,66110790785.0,66110790785.0,66110790785.0,66110790785,shared_development_context_mean,66112171606,66404845420,66412210681,294054635,False,66412682319,66415620260
sustained,TRITON_RATE_OFF_FIXED_REQUEST_ADAPT_V1,610810001/sustained/79,79,classification,urgent,66492785337,1500000000,succeeded,66492785337,GPU,66492785337.0,66492785337.0,66492785337.0,66492785337,shared_development_context_mean,66494166158,66786839972,66794205233,294054635,False,66794676871,66797614812
sustained,TRITON_RATE_OFF_FIXED_REQUEST_ADAPT_V1,610810001/sustained/80,80,detection,normal,66884003702,6000000000,succeeded,66884003702,CPU,66884003702.0,66884003702.0,66884003702.0,66884003702,shared_development_context_mean,66885188831,67495809478,67503475145,619471443,False,67503747662,67505740597
sustained,TRITON_RATE_OFF_FIXED_REQUEST_ADAPT_V1,610810001/sustained/81,81,classification,urgent,67286061781,1500000000,succeeded,67286061781,GPU,67286061781.0,67286061781.0,67286061781.0,67286061781,shared_development_context_mean,67287442602,67580116416,67587481677,294054635,False,67587953315,67590891256
sustained,TRITON_RATE_OFF_FIXED_REQUEST_ADAPT_V1,610810001/sustained/82,82,detection,normal,67667964379,6000000000,succeeded,67667964379,CPU,67667964379.0,67667964379.0,67667964379.0,67667964379,shared_development_context_mean,67669149508,68279770155,68287435822,619471443,False,68287708339,68289701274
sustained,TRITON_RATE_OFF_FIXED_REQUEST_ADAPT_V1,610810001/sustained/83,83,classification,urgent,68067496172,1500000000,succeeded,68067496172,GPU,68067496172.0,68067496172.0,68067496172.0,68067496172,shared_development_context_mean,68068876993,68361550807,68368916068,294054635,False,68369387706,68372325647
sustained,TRITON_RATE_OFF_FIXED_REQUEST_ADAPT_V1,610810001/sustained/84,84,classification,urgent,68447798722,1500000000,succeeded,68447798722,GPU,68447798722.0,68447798722.0,68447798722.0,68447798722,shared_development_context_mean,68449179543,68741853357,68749218618,294054635,False,68749690256,68752628197
sustained,TRITON_RATE_OFF_FIXED_REQUEST_ADAPT_V1,610810001/sustained/85,85,detection,normal,68861756880,6000000000,succeeded,68861756880,CPU,68861756880.0,68861756880.0,68861756880.0,68861756880,shared_development_context_mean,68862942009,69473562656,69481228323,619471443,False,69481500840,69483493775
sustained,TRITON_RATE_OFF_FIXED_REQUEST_ADAPT_V1,610810001/sustained/86,86,classification,urgent,69265127391,1500000000,succeeded,69265127391,GPU,69265127391.0,69265127391.0,69265127391.0,69265127391,shared_development_context_mean,69266508212,69559182026,69566547287,294054635,False,69567018925,69569956866
sustained,TRITON_RATE_OFF_FIXED_REQUEST_ADAPT_V1,610810001/sustained/87,87,detection,normal,69657770984,6000000000,succeeded,69657770984,CPU,69657770984.0,69657770984.0,69657770984.0,69657770984,shared_development_context_mean,69658956113,70269576760,70277242427,619471443,False,70277514944,70279507879
sustained,TRITON_RATE_OFF_FIXED_REQUEST_ADAPT_V1,610810001/sustained/88,88,classification,urgent,70055591180,1500000000,succeeded,70055591180,GPU,70055591180.0,70055591180.0,70055591180.0,70055591180,shared_development_context_mean,70056972001,70349645815,70357011076,294054635,False,70357482714,70360420655
sustained,TRITON_RATE_OFF_FIXED_REQUEST_ADAPT_V1,610810001/sustained/89,89,classification,urgent,70465999054,1500000000,succeeded,70465999054,GPU,70465999054.0,70465999054.0,70465999054.0,70465999054,shared_development_context_mean,70467379875,70760053689,70767418950,294054635,False,70767890588,70770828529
sustained,TRITON_RATE_OFF_FIXED_REQUEST_ADAPT_V1,610810001/sustained/90,90,classification,urgent,70851593015,1500000000,succeeded,70851593015,GPU,70851593015.0,70851593015.0,70851593015.0,70851593015,shared_development_context_mean,70852973836,71145647650,71153012911,294054635,False,71153484549,71156422490
sustained,TRITON_RATE_OFF_FIXED_REQUEST_ADAPT_V1,610810001/sustained/91,91,classification,urgent,71266265777,1500000000,succeeded,71266265777,GPU,71266265777.0,71266265777.0,71266265777.0,71266265777,shared_development_context_mean,71267646598,71560320412,71567685673,294054635,False,71568157311,71571095252
sustained,TRITON_RATE_OFF_FIXED_REQUEST_ADAPT_V1,610810001/sustained/92,92,detection,normal,71673926532,6000000000,succeeded,71673926532,CPU,71673926532.0,71673926532.0,71673926532.0,71673926532,shared_development_context_mean,71675111661,72285732308,72293397975,619471443,False,72293670492,72295663427
sustained,TRITON_RATE_OFF_FIXED_REQUEST_ADAPT_V1,610810001/sustained/93,93,detection,normal,72061303870,6000000000,succeeded,72061303870,CPU,72295663426.85416,72295663426.85416,72295663426.85416,72295663427,shared_development_context_mean,72296848556,72907469203,72915134870,853831000,False,72915407387,72917400322
sustained,TRITON_RATE_OFF_FIXED_REQUEST_ADAPT_V1,610810001/sustained/94,94,detection,normal,72479210835,6000000000,succeeded,72479210835,CPU,72917400321.70831,72917400321.70831,72917400321.70831,72917400322,shared_development_context_mean,72918585450,73529206097,73536871765,1057660930,False,73537144282,73539137217
sustained,TRITON_RATE_OFF_FIXED_REQUEST_ADAPT_V1,610810001/sustained/95,95,classification,urgent,72874809791,1500000000,succeeded,72874809791,GPU,72874809791.0,72874809791.0,72874809791.0,72874809791,shared_development_context_mean,72876190612,73168864426,73176229687,294054635,False,73176701325,73179639266
sustained,TRITON_RATE_OFF_FIXED_REQUEST_ADAPT_V1,610810001/sustained/96,96,classification,urgent,73263010102,1500000000,succeeded,73263010102,GPU,73263010102.0,73263010102.0,73263010102.0,73263010102,shared_development_context_mean,73264390923,73557064737,73564429998,294054635,False,73564901636,73567839577
sustained,TRITON_RATE_OFF_FIXED_REQUEST_ADAPT_V1,610810001/sustained/97,97,classification,urgent,73660323274,1500000000,succeeded,73660323274,GPU,73660323274.0,73660323274.0,73660323274.0,73660323274,shared_development_context_mean,73661704095,73954377909,73961743170,294054635,False,73962214808,73965152749
sustained,TRITON_RATE_OFF_FIXED_REQUEST_ADAPT_V1,610810001/sustained/98,98,detection,normal,74067955121,6000000000,succeeded,74067955121,CPU,74067955121.0,74067955121.0,74067955121.0,74067955121,shared_development_context_mean,74069140250,74679760897,74687426564,619471443,False,74687699081,74689692016
sustained,TRITON_RATE_OFF_FIXED_REQUEST_ADAPT_V1,610810001/sustained/99,99,classification,urgent,74459630465,1500000000,succeeded,74459630465,GPU,74459630465.0,74459630465.0,74459630465.0,74459630465,shared_development_context_mean,74461011286,74753685100,74761050361,294054635,False,74761521999,74764459940
sustained,TRITON_RATE_OFF_FIXED_REQUEST_ADAPT_V1,610810001/sustained/100,100,classification,urgent,74867561370,1500000000,succeeded,74867561370,GPU,74867561370.0,74867561370.0,74867561370.0,74867561370,shared_development_context_mean,74868942191,75161616005,75168981266,294054635,False,75169452904,75172390845
sustained,TRITON_RATE_OFF_FIXED_REQUEST_ADAPT_V1,610810001/sustained/101,101,detection,normal,75254787716,6000000000,succeeded,75254787716,CPU,75254787716.0,75254787716.0,75254787716.0,75254787716,shared_development_context_mean,75255972845,75866593492,75874259159,619471443,False,75874531676,75876524611
sustained,TRITON_RATE_OFF_FIXED_REQUEST_ADAPT_V1,610810001/sustained/102,102,detection,normal,75674355249,6000000000,succeeded,75674355249,CPU,75876524610.85416,75876524610.85416,75876524610.85416,75876524611,shared_development_context_mean,75877709740,76488330387,76495996054,821640805,False,76496268571,76498261506
sustained,TRITON_RATE_OFF_FIXED_REQUEST_ADAPT_V1,610810001/sustained/103,103,classification,urgent,76080492777,1500000000,succeeded,76080492777,GPU,76080492777.0,76080492777.0,76080492777.0,76080492777,shared_development_context_mean,76081873598,76374547412,76381912673,294054635,False,76382384311,76385322252
sustained,TRITON_RATE_OFF_FIXED_REQUEST_ADAPT_V1,610810001/sustained/104,104,detection,normal,76495497176,6000000000,succeeded,76495497176,CPU,76498261505.70831,76498261505.70831,76498261505.70831,76498261506,shared_development_context_mean,76499446634,77110067281,77117732949,622235773,False,77118005466,77119998401
sustained,TRITON_RATE_OFF_FIXED_REQUEST_ADAPT_V1,610810001/sustained/105,105,classification,urgent,76909652721,1500000000,succeeded,76909652721,GPU,76909652721.0,76909652721.0,76909652721.0,76909652721,shared_development_context_mean,76911033542,77203707356,77211072617,294054635,False,77211544255,77214482196
sustained,TRITON_RATE_OFF_FIXED_REQUEST_ADAPT_V1,610810001/sustained/106,106,detection,normal,77320736922,6000000000,succeeded,77320736922,CPU,77320736922.0,77320736922.0,77320736922.0,77320736922,shared_development_context_mean,77321922051,77932542698,77940208365,619471443,False,77940480882,77942473817
sustained,TRITON_RATE_OFF_FIXED_REQUEST_ADAPT_V1,610810001/sustained/107,107,classification,urgent,77717917512,1500000000,succeeded,77717917512,GPU,77717917512.0,77717917512.0,77717917512.0,77717917512,shared_development_context_mean,77719298333,78011972147,78019337408,294054635,False,78019809046,78022746987
sustained,TRITON_RATE_OFF_FIXED_REQUEST_ADAPT_V1,610810001/sustained/108,108,classification,urgent,78116729242,1500000000,succeeded,78116729242,GPU,78116729242.0,78116729242.0,78116729242.0,78116729242,shared_development_context_mean,78118110063,78410783877,78418149138,294054635,False,78418620776,78421558717
sustained,TRITON_RATE_OFF_FIXED_REQUEST_ADAPT_V1,610810001/sustained/109,109,detection,normal,78528326634,6000000000,succeeded,78528326634,CPU,78528326634.0,78528326634.0,78528326634.0,78528326634,shared_development_context_mean,78529511763,79140132410,79147798077,619471443,False,79148070594,79150063529
sustained,TRITON_RATE_OFF_FIXED_REQUEST_ADAPT_V1,610810001/sustained/110,110,detection,normal,78934911805,6000000000,succeeded,78934911805,CPU,79150063528.85416,79150063528.85416,79150063528.85416,79150063529,shared_development_context_mean,79151248658,79761869305,79769534972,834623167,False,79769807489,79771800424
sustained,TRITON_RATE_OFF_FIXED_REQUEST_ADAPT_V1,610810001/sustained/111,111,detection,normal,79344156733,6000000000,succeeded,79344156733,CPU,79771800423.70831,79771800423.70831,79771800423.70831,79771800424,shared_development_context_mean,79772985552,80383606199,80391271867,1047115134,False,80391544384,80393537319
sustained,TRITON_RATE_OFF_FIXED_REQUEST_ADAPT_V1,610810001/sustained/112,112,detection,normal,79742440272,6000000000,succeeded,79742440272,CPU,80393537318.56247,80393537318.56247,80393537318.56247,80393537319,shared_development_context_mean,80394722447,81005343094,81013008762,1270568490,False,81013281279,81015274213
sustained,TRITON_RATE_OFF_FIXED_REQUEST_ADAPT_V1,610810001/sustained/113,113,classification,urgent,80161919862,1500000000,succeeded,80161919862,GPU,80161919862.0,80161919862.0,80161919862.0,80161919862,shared_development_context_mean,80163300683,80455974497,80463339758,294054635,False,80463811396,80466749337
sustained,TRITON_RATE_OFF_FIXED_REQUEST_ADAPT_V1,610810001/sustained/114,114,classification,urgent,80553523723,1500000000,succeeded,80553523723,GPU,80553523723.0,80553523723.0,80553523723.0,80553523723,shared_development_context_mean,80554904544,80847578358,80854943619,294054635,False,80855415257,80858353198
sustained,TRITON_RATE_OFF_FIXED_REQUEST_ADAPT_V1,610810001/sustained/115,115,classification,urgent,80934814434,1500000000,succeeded,80934814434,GPU,80934814434.0,80934814434.0,80934814434.0,80934814434,shared_development_context_mean,80936195255,81228869069,81236234330,294054635,False,81236705968,81239643909
sustained,TRITON_RATE_OFF_FIXED_REQUEST_ADAPT_V1,610810001/sustained/116,116,classification,urgent,81332152994,1500000000,succeeded,81332152994,GPU,81332152994.0,81332152994.0,81332152994.0,81332152994,shared_development_context_mean,81333533815,81626207629,81633572890,294054635,False,81634044528,81636982469
sustained,TRITON_RATE_OFF_FIXED_REQUEST_ADAPT_V1,610810001/sustained/117,117,classification,urgent,81736230076,1500000000,succeeded,81736230076,GPU,81736230076.0,81736230076.0,81736230076.0,81736230076,shared_development_context_mean,81737610897,82030284711,82037649972,294054635,False,82038121610,82041059551
sustained,TRITON_RATE_OFF_FIXED_REQUEST_ADAPT_V1,610810001/sustained/118,118,detection,normal,82138348006,6000000000,succeeded,82138348006,CPU,82138348006.0,82138348006.0,82138348006.0,82138348006,shared_development_context_mean,82139533135,82750153782,82757819449,619471443,False,82758091966,82760084901
sustained,TRITON_RATE_OFF_FIXED_REQUEST_ADAPT_V1,610810001/sustained/119,119,detection,normal,82535901298,6000000000,succeeded,82535901298,CPU,82760084900.85416,82760084900.85416,82760084900.85416,82760084901,shared_development_context_mean,82761270030,83371890677,83379556344,843655046,False,83379828861,83381821796
sustained,TRITON_RATE_OFF_FIXED_REQUEST_ADAPT_V1,610810001/sustained/120,120,detection,normal,82927551634,6000000000,succeeded,82927551634,CPU,83381821795.70831,83381821795.70831,83381821795.70831,83381821796,shared_development_context_mean,83383006924,83993627571,84001293239,1073741605,False,84001565756,84003558691
sustained,TRITON_RATE_OFF_FIXED_REQUEST_ADAPT_V1,610810001/sustained/121,121,detection,normal,83317140787,6000000000,succeeded,83317140787,CPU,84003558690.56247,84003558690.56247,84003558690.56247,84003558691,shared_development_context_mean,84004743819,84615364466,84623030134,1305889347,False,84623302651,84625295585
sustained,TRITON_RATE_OFF_FIXED_REQUEST_ADAPT_V1,610810001/sustained/122,122,classification,urgent,83732703677,1500000000,succeeded,83732703677,GPU,83732703677.0,83732703677.0,83732703677.0,83732703677,shared_development_context_mean,83734084498,84026758312,84034123573,294054635,False,84034595211,84037533152
sustained,TRITON_RATE_OFF_FIXED_REQUEST_ADAPT_V1,610810001/sustained/123,123,detection,normal,84114551247,6000000000,succeeded,84114551247,CPU,84625295585.41663,84625295585.41663,84625295585.41663,84625295585,shared_development_context_mean,84626480714,85237101361,85244767029,1130215782,False,85245039545,85247032480
sustained,TRITON_RATE_OFF_FIXED_REQUEST_ADAPT_V1,610810001/sustained/124,124,classification,urgent,84506153166,1500000000,succeeded,84506153166,GPU,84506153166.0,84506153166.0,84506153166.0,84506153166,shared_development_context_mean,84507533987,84800207801,84807573062,294054635,False,84808044700,84810982641
sustained,TRITON_RATE_OFF_FIXED_REQUEST_ADAPT_V1,610810001/sustained/125,125,classification,urgent,84893669982,1500000000,succeeded,84893669982,GPU,84893669982.0,84893669982.0,84893669982.0,84893669982,shared_development_context_mean,84895050803,85187724617,85195089878,294054635,False,85195561516,85198499457
sustained,TRITON_RATE_OFF_FIXED_REQUEST_ADAPT_V1,610810001/sustained/126,126,classification,urgent,85280262686,1500000000,succeeded,85280262686,GPU,85280262686.0,85280262686.0,85280262686.0,85280262686,shared_development_context_mean,85281643507,85574317321,85581682582,294054635,False,85582154220,85585092161
sustained,TRITON_RATE_OFF_FIXED_REQUEST_ADAPT_V1,610810001/sustained/127,127,detection,normal,85698707645,6000000000,succeeded,85698707645,CPU,85698707645.0,85698707645.0,85698707645.0,85698707645,shared_development_context_mean,85699892774,86310513421,86318179088,619471443,False,86318451605,86320444540
sustained,TRITON_RATE_OFF_FIXED_REQUEST_ADAPT_V1,610810001/sustained/128,128,detection,normal,86088376502,6000000000,succeeded,86088376502,CPU,86320444539.85416,86320444539.85416,86320444539.85416,86320444540,shared_development_context_mean,86321629669,86932250316,86939915983,851539481,False,86940188500,86942181435
sustained,TRITON_RATE_OFF_FIXED_REQUEST_ADAPT_V1,610810001/sustained/129,129,classification,urgent,86471150878,1500000000,succeeded,86471150878,GPU,86471150878.0,86471150878.0,86471150878.0,86471150878,shared_development_context_mean,86472531699,86765205513,86772570774,294054635,False,86773042412,86775980353
sustained,TRITON_RATE_OFF_FIXED_REQUEST_ADAPT_V1,610810001/sustained/130,130,classification,urgent,86871124842,1500000000,succeeded,86871124842,GPU,86871124842.0,86871124842.0,86871124842.0,86871124842,shared_development_context_mean,86872505663,87165179477,87172544738,294054635,False,87173016376,87175954317
sustained,TRITON_RATE_OFF_FIXED_REQUEST_ADAPT_V1,610810001/sustained/131,131,classification,urgent,87257641917,1500000000,succeeded,87257641917,GPU,87257641917.0,87257641917.0,87257641917.0,87257641917,shared_development_context_mean,87259022738,87551696552,87559061813,294054635,False,87559533451,87562471392
sustained,TRITON_RATE_OFF_FIXED_REQUEST_ADAPT_V1,610810001/sustained/132,132,classification,urgent,87665758702,1500000000,succeeded,87665758702,GPU,87665758702.0,87665758702.0,87665758702.0,87665758702,shared_development_context_mean,87667139523,87959813337,87967178598,294054635,False,87967650236,87970588177
sustained,TRITON_RATE_OFF_FIXED_REQUEST_ADAPT_V1,610810001/sustained/133,133,detection,normal,88052072407,6000000000,succeeded,88052072407,CPU,88052072407.0,88052072407.0,88052072407.0,88052072407,shared_development_context_mean,88053257536,88663878183,88671543850,619471443,False,88671816367,88673809302
sustained,TRITON_RATE_OFF_FIXED_REQUEST_ADAPT_V1,610810001/sustained/134,134,classification,urgent,88457797979,1500000000,succeeded,88457797979,GPU,88457797979.0,88457797979.0,88457797979.0,88457797979,shared_development_context_mean,88459178800,88751852614,88759217875,294054635,False,88759689513,88762627454
sustained,TRITON_RATE_OFF_FIXED_REQUEST_ADAPT_V1,610810001/sustained/135,135,detection,normal,88865055283,6000000000,succeeded,88865055283,CPU,88865055283.0,88865055283.0,88865055283.0,88865055283,shared_development_context_mean,88866240412,89476861059,89484526726,619471443,False,89484799243,89486792178
sustained,TRITON_RATE_OFF_FIXED_REQUEST_ADAPT_V1,610810001/sustained/136,136,classification,urgent,89278225727,1500000000,succeeded,89278225727,GPU,89278225727.0,89278225727.0,89278225727.0,89278225727,shared_development_context_mean,89279606548,89572280362,89579645623,294054635,False,89580117261,89583055202
sustained,TRITON_RATE_OFF_FIXED_REQUEST_ADAPT_V1,610810001/sustained/137,137,detection,normal,89664446540,6000000000,succeeded,89664446540,CPU,89664446540.0,89664446540.0,89664446540.0,89664446540,shared_development_context_mean,89665631669,90276252316,90283917983,619471443,False,90284190500,90286183435
sustained,TRITON_RATE_OFF_FIXED_REQUEST_ADAPT_V1,610810001/sustained/138,138,classification,urgent,90068007324,1500000000,succeeded,90068007324,GPU,90068007324.0,90068007324.0,90068007324.0,90068007324,shared_development_context_mean,90069388145,90362061959,90369427220,294054635,False,90369898858,90372836799
sustained,TRITON_RATE_OFF_FIXED_REQUEST_ADAPT_V1,610810001/sustained/139,139,detection,normal,90462348790,6000000000,succeeded,90462348790,CPU,90462348790.0,90462348790.0,90462348790.0,90462348790,shared_development_context_mean,90463533919,91074154566,91081820233,619471443,False,91082092750,91084085685
sustained,TRITON_RATE_OFF_FIXED_REQUEST_ADAPT_V1,610810001/sustained/140,140,classification,urgent,90873959031,1500000000,succeeded,90873959031,GPU,90873959031.0,90873959031.0,90873959031.0,90873959031,shared_development_context_mean,90875339852,91168013666,91175378927,294054635,False,91175850565,91178788506
sustained,TRITON_RATE_OFF_FIXED_REQUEST_ADAPT_V1,610810001/sustained/141,141,classification,urgent,91266562467,1500000000,succeeded,91266562467,GPU,91266562467.0,91266562467.0,91266562467.0,91266562467,shared_development_context_mean,91267943288,91560617102,91567982363,294054635,False,91568454001,91571391942
sustained,TRITON_RATE_OFF_FIXED_REQUEST_ADAPT_V1,610810001/sustained/142,142,detection,normal,91666219586,6000000000,succeeded,91666219586,CPU,91666219586.0,91666219586.0,91666219586.0,91666219586,shared_development_context_mean,91667404715,92278025362,92285691029,619471443,False,92285963546,92287956481
sustained,TRITON_RATE_OFF_FIXED_REQUEST_ADAPT_V1,610810001/sustained/143,143,classification,urgent,92076036835,1500000000,succeeded,92076036835,GPU,92076036835.0,92076036835.0,92076036835.0,92076036835,shared_development_context_mean,92077417656,92370091470,92377456731,294054635,False,92377928369,92380866310
sustained,TRITON_RATE_OFF_FIXED_REQUEST_ADAPT_V1,610810001/sustained/144,144,detection,normal,92468743803,6000000000,succeeded,92468743803,CPU,92468743803.0,92468743803.0,92468743803.0,92468743803,shared_development_context_mean,92469928932,93080549579,93088215246,619471443,False,93088487763,93090480698
sustained,TRITON_RATE_OFF_FIXED_REQUEST_ADAPT_V1,610810001/sustained/145,145,detection,normal,92854000059,6000000000,succeeded,92854000059,CPU,93090480697.85416,93090480697.85416,93090480697.85416,93090480698,shared_development_context_mean,93091665827,93702286474,93709952141,855952082,False,93710224658,93712217593
sustained,TRITON_RATE_OFF_FIXED_REQUEST_ADAPT_V1,610810001/sustained/146,146,detection,normal,93237600643,6000000000,succeeded,93237600643,CPU,93712217592.70831,93712217592.70831,93712217592.70831,93712217593,shared_development_context_mean,93713402721,94324023368,94331689036,1094088393,False,94331961553,94333954488
sustained,TRITON_RATE_OFF_FIXED_REQUEST_ADAPT_V1,610810001/sustained/147,147,detection,normal,93638117343,6000000000,succeeded,93638117343,CPU,94333954487.56247,94333954487.56247,94333954487.56247,94333954488,shared_development_context_mean,94335139616,94945760263,94953425931,1315308588,False,94953698448,94955691382
sustained,TRITON_RATE_OFF_FIXED_REQUEST_ADAPT_V1,610810001/sustained/148,148,detection,normal,94055056013,6000000000,succeeded,94055056013,CPU,94955691382.41663,94955691382.41663,94955691382.41663,94955691382,shared_development_context_mean,94956876511,95567497158,95575162826,1520106813,False,95575435342,95577428277
sustained,TRITON_RATE_OFF_FIXED_REQUEST_ADAPT_V1,610810001/sustained/149,149,detection,normal,94473311562,6000000000,succeeded,94473311562,CPU,95577428277.27078,95577428277.27078,95577428277.27078,95577428277,shared_development_context_mean,95578613406,96189234053,96196899721,1723588159,False,96197172237,96199165172
sustained,TRITON_RATE_OFF_FIXED_REQUEST_ADAPT_V1,610810001/sustained/150,150,classification,urgent,94861232260,1500000000,succeeded,94861232260,GPU,94861232260.0,94861232260.0,94861232260.0,94861232260,shared_development_context_mean,94862613081,95155286895,95162652156,294054635,False,95163123794,95166061735
sustained,TRITON_RATE_OFF_FIXED_REQUEST_ADAPT_V1,610810001/sustained/151,151,classification,urgent,95259674668,1500000000,succeeded,95259674668,GPU,95259674668.0,95259674668.0,95259674668.0,95259674668,shared_development_context_mean,95261055489,95553729303,95561094564,294054635,False,95561566202,95564504143
sustained,TRITON_RATE_OFF_FIXED_REQUEST_ADAPT_V1,610810001/sustained/152,152,detection,normal,95652209008,6000000000,succeeded,95652209008,CPU,96199165172.12494,96199165172.12494,96199165172.12494,96199165172,shared_development_context_mean,96200350301,96810970948,96818636616,1166427608,False,96818909132,96820902067
sustained,TRITON_RATE_OFF_FIXED_REQUEST_ADAPT_V1,610810001/sustained/153,153,classification,urgent,96064225435,1500000000,succeeded,96064225435,GPU,96064225435.0,96064225435.0,96064225435.0,96064225435,shared_development_context_mean,96065606256,96358280070,96365645331,294054635,False,96366116969,96369054910
sustained,TRITON_RATE_OFF_FIXED_REQUEST_ADAPT_V1,610810001/sustained/154,154,detection,normal,96459810125,6000000000,succeeded,96459810125,CPU,96820902066.9791,96820902066.9791,96820902066.9791,96820902067,shared_development_context_mean,96822087196,97432707843,97440373510,980563385,False,97440646027,97442638962
sustained,TRITON_RATE_OFF_FIXED_REQUEST_ADAPT_V1,610810001/sustained/155,155,classification,urgent,96870667100,1500000000,succeeded,96870667100,GPU,96870667100.0,96870667100.0,96870667100.0,96870667100,shared_development_context_mean,96872047921,97164721735,97172086996,294054635,False,97172558634,97175496575
sustained,TRITON_RATE_OFF_FIXED_REQUEST_ADAPT_V1,610810001/sustained/156,156,classification,urgent,97285687404,1500000000,succeeded,97285687404,GPU,97285687404.0,97285687404.0,97285687404.0,97285687404,shared_development_context_mean,97287068225,97579742039,97587107300,294054635,False,97587578938,97590516879
sustained,TRITON_RATE_OFF_FIXED_REQUEST_ADAPT_V1,610810001/sustained/157,157,detection,normal,97677633976,6000000000,succeeded,97677633976,CPU,97677633976.0,97677633976.0,97677633976.0,97677633976,shared_development_context_mean,97678819105,98289439752,98297105419,619471443,False,98297377936,98299370871
sustained,TRITON_RATE_OFF_FIXED_REQUEST_ADAPT_V1,610810001/sustained/158,158,classification,urgent,98088612972,1500000000,succeeded,98088612972,GPU,98088612972.0,98088612972.0,98088612972.0,98088612972,shared_development_context_mean,98089993793,98382667607,98390032868,294054635,False,98390504506,98393442447
sustained,TRITON_RATE_OFF_FIXED_REQUEST_ADAPT_V1,610810001/sustained/159,159,classification,urgent,98506671753,1500000000,succeeded,98506671753,GPU,98506671753.0,98506671753.0,98506671753.0,98506671753,shared_development_context_mean,98508052574,98800726388,98808091649,294054635,False,98808563287,98811501228
sustained,TRITON_RATE_OFF_FIXED_REQUEST_ADAPT_V1,610810001/sustained/160,160,classification,urgent,98892140484,1500000000,succeeded,98892140484,GPU,98892140484.0,98892140484.0,98892140484.0,98892140484,shared_development_context_mean,98893521305,99186195119,99193560380,294054635,False,99194032018,99196969959
sustained,TRITON_RATE_OFF_FIXED_REQUEST_ADAPT_V1,610810001/sustained/161,161,detection,normal,99301886314,6000000000,succeeded,99301886314,CPU,99301886314.0,99301886314.0,99301886314.0,99301886314,shared_development_context_mean,99303071443,99913692090,99921357757,619471443,False,99921630274,99923623209
sustained,TRITON_RATE_OFF_FIXED_REQUEST_ADAPT_V1,610810001/sustained/162,162,detection,normal,99716866614,6000000000,succeeded,99716866614,CPU,99923623208.85416,99923623208.85416,99923623208.85416,99923623209,shared_development_context_mean,99924808338,100535428985,100543094652,826228038,False,100543367169,100545360104
sustained,TRITON_RATE_OFF_FIXED_REQUEST_ADAPT_V1,610810001/sustained/163,163,classification,urgent,100128076037,1500000000,succeeded,100128076037,GPU,100128076037.0,100128076037.0,100128076037.0,100128076037,shared_development_context_mean,100129456858,100422130672,100429495933,294054635,False,100429967571,100432905512
sustained,TRITON_RATE_OFF_FIXED_REQUEST_ADAPT_V1,610810001/sustained/164,164,detection,normal,100526097776,6000000000,succeeded,100526097776,CPU,100545360103.70831,100545360103.70831,100545360103.70831,100545360104,shared_development_context_mean,100546545232,101157165879,101164831547,638733771,False,101165104064,101167096999
sustained,TRITON_RATE_OFF_FIXED_REQUEST_ADAPT_V1,610810001/sustained/165,165,detection,normal,100912147942,6000000000,succeeded,100912147942,CPU,101167096998.56247,101167096998.56247,101167096998.56247,101167096999,shared_development_context_mean,101168282127,101778902774,101786568442,874420500,False,101786840959,101788833893
sustained,TRITON_RATE_OFF_FIXED_REQUEST_ADAPT_V1,610810001/sustained/166,166,detection,normal,101298782555,6000000000,succeeded,101298782555,CPU,101788833893.41663,101788833893.41663,101788833893.41663,101788833893,shared_development_context_mean,101790019022,102400639669,102408305337,1109522782,False,102408577853,102410570788
sustained,TRITON_RATE_OFF_FIXED_REQUEST_ADAPT_V1,610810001/sustained/167,167,classification,urgent,101693708479,1500000000,succeeded,101693708479,GPU,101693708479.0,101693708479.0,101693708479.0,101693708479,shared_development_context_mean,101695089300,101987763114,101995128375,294054635,False,101995600013,101998537954
sustained,TRITON_RATE_OFF_FIXED_REQUEST_ADAPT_V1,610810001/sustained/168,168,detection,normal,102091082388,6000000000,succeeded,102091082388,CPU,102410570788.27078,102410570788.27078,102410570788.27078,102410570788,shared_development_context_mean,102411755917,103022376564,103030042232,938959844,False,103030314748,103032307683
sustained,TRITON_RATE_OFF_FIXED_REQUEST_ADAPT_V1,610810001/sustained/169,169,detection,normal,102474146544,6000000000,succeeded,102474146544,CPU,103032307683.12494,103032307683.12494,103032307683.12494,103032307683,shared_development_context_mean,103033492812,103644113459,103651779127,1177632583,False,103652051643,103654044578
sustained,TRITON_RATE_OFF_FIXED_REQUEST_ADAPT_V1,610810001/sustained/170,170,classification,urgent,102883940266,1500000000,succeeded,102883940266,GPU,102883940266.0,102883940266.0,102883940266.0,102883940266,shared_development_context_mean,102885321087,103177994901,103185360162,294054635,False,103185831800,103188769741
sustained,TRITON_RATE_OFF_FIXED_REQUEST_ADAPT_V1,610810001/sustained/171,171,classification,urgent,103281389703,1500000000,succeeded,103281389703,GPU,103281389703.0,103281389703.0,103281389703.0,103281389703,shared_development_context_mean,103282770524,103575444338,103582809599,294054635,False,103583281237,103586219178
sustained,TRITON_RATE_OFF_FIXED_REQUEST_ADAPT_V1,610810001/sustained/172,172,classification,urgent,103674987700,1500000000,succeeded,103674987700,GPU,103674987700.0,103674987700.0,103674987700.0,103674987700,shared_development_context_mean,103676368521,103969042335,103976407596,294054635,False,103976879234,103979817175
sustained,TRITON_RATE_OFF_FIXED_REQUEST_ADAPT_V1,610810001/sustained/173,173,classification,urgent,104069768185,1500000000,succeeded,104069768185,GPU,104069768185.0,104069768185.0,104069768185.0,104069768185,shared_development_context_mean,104071149006,104363822820,104371188081,294054635,False,104371659719,104374597660
sustained,TRITON_RATE_OFF_FIXED_REQUEST_ADAPT_V1,610810001/sustained/174,174,detection,normal,104465101524,6000000000,succeeded,104465101524,CPU,104465101524.0,104465101524.0,104465101524.0,104465101524,shared_development_context_mean,104466286653,105076907300,105084572967,619471443,False,105084845484,105086838419
sustained,TRITON_RATE_OFF_FIXED_REQUEST_ADAPT_V1,610810001/sustained/175,175,classification,urgent,104855927132,1500000000,succeeded,104855927132,GPU,104855927132.0,104855927132.0,104855927132.0,104855927132,shared_development_context_mean,104857307953,105149981767,105157347028,294054635,False,105157818666,105160756607
sustained,TRITON_RATE_OFF_FIXED_REQUEST_ADAPT_V1,610810001/sustained/176,176,classification,urgent,105240841639,1500000000,succeeded,105240841639,GPU,105240841639.0,105240841639.0,105240841639.0,105240841639,shared_development_context_mean,105242222460,105534896274,105542261535,294054635,False,105542733173,105545671114
sustained,TRITON_RATE_OFF_FIXED_REQUEST_ADAPT_V1,610810001/sustained/177,177,classification,urgent,105632709290,1500000000,succeeded,105632709290,GPU,105632709290.0,105632709290.0,105632709290.0,105632709290,shared_development_context_mean,105634090111,105926763925,105934129186,294054635,False,105934600824,105937538765
sustained,TRITON_RATE_OFF_FIXED_REQUEST_ADAPT_V1,610810001/sustained/178,178,classification,urgent,106040927119,1500000000,succeeded,106040927119,GPU,106040927119.0,106040927119.0,106040927119.0,106040927119,shared_development_context_mean,106042307940,106334981754,106342347015,294054635,False,106342818653,106345756594
sustained,TRITON_RATE_OFF_FIXED_REQUEST_ADAPT_V1,610810001/sustained/179,179,detection,normal,106448538499,6000000000,succeeded,106448538499,CPU,106448538499.0,106448538499.0,106448538499.0,106448538499,shared_development_context_mean,106449723628,107060344275,107068009942,619471443,False,107068282459,107070275394
sustained,TRITON_RATE_OFF_FIXED_REQUEST_ADAPT_V1,610810001/sustained/180,180,classification,urgent,106848930247,1500000000,succeeded,106848930247,GPU,106848930247.0,106848930247.0,106848930247.0,106848930247,shared_development_context_mean,106850311068,107142984882,107150350143,294054635,False,107150821781,107153759722
sustained,TRITON_RATE_OFF_FIXED_REQUEST_ADAPT_V1,610810001/sustained/181,181,detection,normal,107244440734,6000000000,succeeded,107244440734,CPU,107244440734.0,107244440734.0,107244440734.0,107244440734,shared_development_context_mean,107245625863,107856246510,107863912177,619471443,False,107864184694,107866177629
sustained,TRITON_RATE_OFF_FIXED_REQUEST_ADAPT_V1,610810001/sustained/182,182,detection,normal,107644104830,6000000000,succeeded,107644104830,CPU,107866177628.85416,107866177628.85416,107866177628.85416,107866177629,shared_development_context_mean,107867362758,108477983405,108485649072,841544242,False,108485921589,108487914524
sustained,TRITON_RATE_OFF_FIXED_REQUEST_ADAPT_V1,610810001/sustained/183,183,detection,normal,108062881154,6000000000,succeeded,108062881154,CPU,108487914523.70831,108487914523.70831,108487914523.70831,108487914524,shared_development_context_mean,108489099652,109099720299,109107385967,1044504813,False,109107658484,109109651419
sustained,TRITON_RATE_OFF_FIXED_REQUEST_ADAPT_V1,610810001/sustained/184,184,detection,normal,108448871848,6000000000,succeeded,108448871848,CPU,109109651418.56247,109109651418.56247,109109651418.56247,109109651419,shared_development_context_mean,109110836547,109721457194,109729122862,1280251014,False,109729395379,109731388313
sustained,TRITON_RATE_OFF_FIXED_REQUEST_ADAPT_V1,610810001/sustained/185,185,detection,normal,108831727430,6000000000,succeeded,108831727430,CPU,109731388313.41663,109731388313.41663,109731388313.41663,109731388313,shared_development_context_mean,109732573442,110343194089,110350859757,1519132327,False,110351132273,110353125208
sustained,TRITON_RATE_OFF_FIXED_REQUEST_ADAPT_V1,610810001/sustained/186,186,classification,urgent,109246236275,1500000000,succeeded,109246236275,GPU,109246236275.0,109246236275.0,109246236275.0,109246236275,shared_development_context_mean,109247617096,109540290910,109547656171,294054635,False,109548127809,109551065750
sustained,TRITON_RATE_OFF_FIXED_REQUEST_ADAPT_V1,610810001/sustained/187,187,detection,normal,109650757417,6000000000,succeeded,109650757417,CPU,110353125208.27078,110353125208.27078,110353125208.27078,110353125208,shared_development_context_mean,110354310337,110964930984,110972596652,1321839235,False,110972869168,110974862103
sustained,TRITON_RATE_OFF_FIXED_REQUEST_ADAPT_V1,610810001/sustained/188,188,classification,urgent,110049811645,1500000000,succeeded,110049811645,GPU,110049811645.0,110049811645.0,110049811645.0,110049811645,shared_development_context_mean,110051192466,110343866280,110351231541,294054635,False,110351703179,110354641120
sustained,TRITON_RATE_OFF_FIXED_REQUEST_ADAPT_V1,610810001/sustained/189,189,detection,normal,110434835375,6000000000,succeeded,110434835375,CPU,110974862103.12494,110974862103.12494,110974862103.12494,110974862103,shared_development_context_mean,110976047232,111586667879,111594333547,1159498172,False,111594606063,111596598998
sustained,TRITON_RATE_OFF_FIXED_REQUEST_ADAPT_V1,610810001/sustained/190,190,detection,normal,110841595300,6000000000,succeeded,110841595300,CPU,111596598997.9791,111596598997.9791,111596598997.9791,111596598998,shared_development_context_mean,111597784127,112208404774,112216070441,1374475141,False,112216342958,112218335893
sustained,TRITON_RATE_OFF_FIXED_REQUEST_ADAPT_V1,610810001/sustained/191,191,detection,normal,111259456638,6000000000,succeeded,111259456638,CPU,112218335892.83325,112218335892.83325,112218335892.83325,112218335893,shared_development_context_mean,112219521022,112830141669,112837807336,1578350698,False,112838079853,112840072788
queue,SHARED_EFT,610810001/queue/0,0,detection,normal,35000000000,6000000000,succeeded,35000000000,CPU,35000000000.0,35000000000.0,35000000000.0,35000000000,shared_development_context_mean,35001185129,35611805776,35619471443,619471443,False,35619743960,35621736895
queue,SHARED_EFT,610810001/queue/1,1,detection,normal,35205146616,6000000000,succeeded,35205146616,CPU,35621736894.854164,35621736894.854164,35621736894.854164,35621736895,shared_development_context_mean,35622922024,36233542671,36241208338,1036061722,False,36241480855,36243473790
queue,SHARED_EFT,610810001/queue/2,2,detection,normal,35410129751,6000000000,succeeded,35410129751,CPU,36243473789.70833,36243473789.70833,36243473789.70833,36243473790,shared_development_context_mean,36244658918,36855279565,36862945233,1452815482,False,36863217750,36865210685
queue,SHARED_EFT,610810001/queue/3,3,classification,urgent,35613263315,1500000000,succeeded,35613263315,GPU,35613263315.0,35613263315.0,35613263315.0,35613263315,shared_development_context_mean,35614644136,35907317950,35914683211,294054635,False,35915154849,35918092790
queue,SHARED_EFT,610810001/queue/4,4,detection,normal,35817109134,6000000000,succeeded,35817109134,CPU,36865210684.56249,36865210684.56249,36865210684.56249,36865210685,shared_development_context_mean,36866395813,37477016460,37484682128,1667572994,False,37484954645,37486947579
queue,SHARED_EFT,610810001/queue/5,5,detection,normal,36016100813,6000000000,succeeded,36016100813,CPU,37486947579.41666,37486947579.41666,37486947579.41666,37486947579,shared_development_context_mean,37488132708,38098753355,38106419023,2090318210,False,38106691539,38108684474
queue,SHARED_EFT,610810001/queue/6,6,detection,normal,36216376604,6000000000,succeeded,36216376604,CPU,38108684474.27082,38108684474.27082,38108684474.27082,38108684474,shared_development_context_mean,38109869603,38720490250,38728155918,2511779314,False,38728428434,38730421369
queue,SHARED_EFT,610810001/queue/7,7,detection,normal,36412574208,6000000000,succeeded,36412574208,CPU,38730421369.124985,38730421369.124985,38730421369.124985,38730421369,shared_development_context_mean,38731606498,39342227145,39349892813,2937318605,False,39350165329,39352158264
queue,SHARED_EFT,610810001/queue/8,8,detection,normal,36612831581,6000000000,succeeded,36612831581,CPU,39352158263.97915,39352158263.97915,39352158263.97915,39352158264,shared_development_context_mean,39353343393,39963964040,39971629707,3358798126,False,39971902224,39973895159
queue,SHARED_EFT,610810001/queue/9,9,classification,urgent,36808093990,1500000000,succeeded,36808093990,GPU,36808093990.0,36808093990.0,36808093990.0,36808093990,shared_development_context_mean,36809474811,37102148625,37109513886,294054635,False,37109985524,37112923465
queue,SHARED_EFT,610810001/queue/10,10,detection,normal,37004627458,6000000000,succeeded,37004627458,CPU,39973895158.83331,39973895158.83331,39973895158.83331,39973895159,shared_development_context_mean,39975080288,40585700935,40593366602,3588739144,False,40593639119,40595632054
queue,SHARED_EFT,610810001/queue/11,11,detection,normal,37211401297,6000000000,succeeded,37211401297,CPU,40595632053.68748,40595632053.68748,40595632053.68748,40595632054,shared_development_context_mean,40596817182,41207437829,41215103497,4003702200,False,41215376014,41217368949
queue,SHARED_EFT,610810001/queue/12,12,classification,urgent,37421260390,1500000000,succeeded,37421260390,GPU,37421260390.0,37421260390.0,37421260390.0,37421260390,shared_development_context_mean,37422641211,37715315025,37722680286,294054635,False,37723151924,37726089865
queue,SHARED_EFT,610810001/queue/13,13,detection,normal,37619016414,6000000000,succeeded,37619016414,CPU,41217368948.54164,41217368948.54164,41217368948.54164,41217368949,shared_development_context_mean,41218554077,41829174724,41836840392,4217823978,False,41837112908,41839105843
queue,SHARED_EFT,610810001/queue/14,14,detection,normal,37816890488,6000000000,succeeded,37816890488,CPU,41839105843.395805,41839105843.395805,41839105843.395805,41839105843,shared_development_context_mean,41840290972,42450911619,42458577287,4641686799,False,42458849803,42460842738
queue,SHARED_EFT,610810001/queue/15,15,detection,normal,38020048275,6000000000,succeeded,38020048275,CPU,42460842738.24997,42460842738.24997,42460842738.24997,42460842738,shared_development_context_mean,42462027867,43072648514,43080314182,5060265907,False,43080586698,43082579633
queue,SHARED_EFT,610810001/queue/16,16,classification,urgent,38216148510,1500000000,succeeded,38216148510,GPU,38216148510.0,38216148510.0,38216148510.0,38216148510,shared_development_context_mean,38217529331,38510203145,38517568406,294054635,False,38518040044,38520977985
queue,SHARED_EFT,610810001/queue/17,17,classification,urgent,38424174507,1500000000,succeeded,38424174507,GPU,38520977985.22916,38520977985.22916,38520977985.22916,38520977985,shared_development_context_mean,38522358806,38815032620,38822397881,390858113,False,38822869519,38825807460
queue,SHARED_EFT,610810001/queue/18,18,detection,normal,38621801615,6000000000,succeeded,38621801615,CPU,43082579633.10413,43082579633.10413,43082579633.10413,43082579633,shared_development_context_mean,43083764762,43694385409,43702051076,5080249461,False,43702323593,43704316528
queue,SHARED_EFT,610810001/queue/19,19,detection,normal,38829024386,6000000000,succeeded,38829024386,CPU,43704316527.9583,43704316527.9583,43704316527.9583,43704316528,shared_development_context_mean,43705501657,44316122304,44323787971,5494763585,False,44324060488,44326053423
queue,SHARED_EFT,610810001/queue/20,20,detection,normal,39023803235,6000000000,succeeded,39023803235,CPU,44326053422.81246,44326053422.81246,44326053422.81246,44326053423,shared_development_context_mean,44327238552,44937859199,44945524866,5921721631,False,44945797383,44947790318
queue,SHARED_EFT,610810001/queue/21,21,detection,normal,39223651586,6000000000,succeeded,39223651586,CPU,44947790317.666626,44947790317.666626,44947790317.666626,44947790318,shared_development_context_mean,44948975446,45559596093,45567261761,6343610175,True,45567534278,45569527213
queue,SHARED_EFT,610810001/queue/22,22,classification,urgent,39430925432,1500000000,succeeded,39430925432,GPU,39430925432.0,39430925432.0,39430925432.0,39430925432,shared_development_context_mean,39432306253,39724980067,39732345328,294054635,False,39732816966,39735754907
queue,SHARED_EFT,610810001/queue/23,23,detection,normal,39621414105,6000000000,succeeded,39621414105,CPU,45569527212.52079,45569527212.52079,45569527212.52079,45569527213,shared_development_context_mean,45570712341,46181332988,46188998656,6567584551,True,46189271172,46191264107
queue,BAND_HEFT_WHOLE_REQUEST_ADAPT_V1,610810001/queue/0,0,detection,normal,35000000000,6000000000,succeeded,35000000000,CPU,35000000000.0,35000000000.0,35000000000.0,35000000000,shared_development_context_mean,35001185129,35611805776,35619471443,619471443,False,35619743960,35621736895
queue,BAND_HEFT_WHOLE_REQUEST_ADAPT_V1,610810001/queue/1,1,detection,normal,35205146616,6000000000,succeeded,35205146616,CPU,35621736894.854164,35621736894.854164,35621736894.854164,35621736895,shared_development_context_mean,35622922024,36233542671,36241208338,1036061722,False,36241480855,36243473790
queue,BAND_HEFT_WHOLE_REQUEST_ADAPT_V1,610810001/queue/2,2,detection,normal,35410129751,6000000000,succeeded,35410129751,CPU,36243473789.70833,36243473789.70833,36243473789.70833,36243473790,shared_development_context_mean,36244658918,36855279565,36862945233,1452815482,False,36863217750,36865210685
queue,BAND_HEFT_WHOLE_REQUEST_ADAPT_V1,610810001/queue/3,3,classification,urgent,35613263315,1500000000,succeeded,35613263315,GPU,35613263315.0,35613263315.0,35613263315.0,35613263315,shared_development_context_mean,35614644136,35907317950,35914683211,294054635,False,35915154849,35918092790
queue,BAND_HEFT_WHOLE_REQUEST_ADAPT_V1,610810001/queue/4,4,detection,normal,35817109134,6000000000,succeeded,35817109134,CPU,36865210684.56249,36865210684.56249,36865210684.56249,36865210685,shared_development_context_mean,36866395813,37477016460,37484682128,1667572994,False,37484954645,37486947579
queue,BAND_HEFT_WHOLE_REQUEST_ADAPT_V1,610810001/queue/5,5,detection,normal,36016100813,6000000000,succeeded,36016100813,CPU,37486947579.41666,37486947579.41666,37486947579.41666,37486947579,shared_development_context_mean,37488132708,38098753355,38106419023,2090318210,False,38106691539,38108684474
queue,BAND_HEFT_WHOLE_REQUEST_ADAPT_V1,610810001/queue/6,6,detection,normal,36216376604,6000000000,succeeded,36216376604,CPU,38108684474.27082,38108684474.27082,38108684474.27082,38108684474,shared_development_context_mean,38109869603,38720490250,38728155918,2511779314,False,38728428434,38730421369
queue,BAND_HEFT_WHOLE_REQUEST_ADAPT_V1,610810001/queue/7,7,detection,normal,36412574208,6000000000,succeeded,36412574208,CPU,38730421369.124985,38730421369.124985,38730421369.124985,38730421369,shared_development_context_mean,38731606498,39342227145,39349892813,2937318605,False,39350165329,39352158264
queue,BAND_HEFT_WHOLE_REQUEST_ADAPT_V1,610810001/queue/8,8,detection,normal,36612831581,6000000000,succeeded,36612831581,CPU,39352158263.97915,39352158263.97915,39352158263.97915,39352158264,shared_development_context_mean,39353343393,39963964040,39971629707,3358798126,False,39971902224,39973895159
queue,BAND_HEFT_WHOLE_REQUEST_ADAPT_V1,610810001/queue/9,9,classification,urgent,36808093990,1500000000,succeeded,36808093990,GPU,36808093990.0,36808093990.0,36808093990.0,36808093990,shared_development_context_mean,36809474811,37102148625,37109513886,294054635,False,37109985524,37112923465
queue,BAND_HEFT_WHOLE_REQUEST_ADAPT_V1,610810001/queue/10,10,detection,normal,37004627458,6000000000,succeeded,37004627458,CPU,39973895158.83331,39973895158.83331,39973895158.83331,39973895159,shared_development_context_mean,39975080288,40585700935,40593366602,3588739144,False,40593639119,40595632054
queue,BAND_HEFT_WHOLE_REQUEST_ADAPT_V1,610810001/queue/11,11,detection,normal,37211401297,6000000000,succeeded,37211401297,CPU,40595632053.68748,40595632053.68748,40595632053.68748,40595632054,shared_development_context_mean,40596817182,41207437829,41215103497,4003702200,False,41215376014,41217368949
queue,BAND_HEFT_WHOLE_REQUEST_ADAPT_V1,610810001/queue/12,12,classification,urgent,37421260390,1500000000,succeeded,37421260390,GPU,37421260390.0,37421260390.0,37421260390.0,37421260390,shared_development_context_mean,37422641211,37715315025,37722680286,294054635,False,37723151924,37726089865
queue,BAND_HEFT_WHOLE_REQUEST_ADAPT_V1,610810001/queue/13,13,detection,normal,37619016414,6000000000,succeeded,37619016414,CPU,41217368948.54164,41217368948.54164,41217368948.54164,41217368949,shared_development_context_mean,41218554077,41829174724,41836840392,4217823978,False,41837112908,41839105843
queue,BAND_HEFT_WHOLE_REQUEST_ADAPT_V1,610810001/queue/14,14,detection,normal,37816890488,6000000000,succeeded,37816890488,CPU,41839105843.395805,41839105843.395805,41839105843.395805,41839105843,shared_development_context_mean,41840290972,42450911619,42458577287,4641686799,False,42458849803,42460842738
queue,BAND_HEFT_WHOLE_REQUEST_ADAPT_V1,610810001/queue/15,15,detection,normal,38020048275,6000000000,succeeded,38020048275,CPU,42460842738.24997,42460842738.24997,42460842738.24997,42460842738,shared_development_context_mean,42462027867,43072648514,43080314182,5060265907,False,43080586698,43082579633
queue,BAND_HEFT_WHOLE_REQUEST_ADAPT_V1,610810001/queue/16,16,classification,urgent,38216148510,1500000000,succeeded,38216148510,GPU,38216148510.0,38216148510.0,38216148510.0,38216148510,shared_development_context_mean,38217529331,38510203145,38517568406,294054635,False,38518040044,38520977985
queue,BAND_HEFT_WHOLE_REQUEST_ADAPT_V1,610810001/queue/17,17,classification,urgent,38424174507,1500000000,succeeded,38424174507,GPU,38520977985.22916,38520977985.22916,38520977985.22916,38520977985,shared_development_context_mean,38522358806,38815032620,38822397881,390858113,False,38822869519,38825807460
queue,BAND_HEFT_WHOLE_REQUEST_ADAPT_V1,610810001/queue/18,18,detection,normal,38621801615,6000000000,succeeded,38621801615,CPU,43082579633.10413,43082579633.10413,43082579633.10413,43082579633,shared_development_context_mean,43083764762,43694385409,43702051076,5080249461,False,43702323593,43704316528
queue,BAND_HEFT_WHOLE_REQUEST_ADAPT_V1,610810001/queue/19,19,detection,normal,38829024386,6000000000,succeeded,38829024386,CPU,43704316527.9583,43704316527.9583,43704316527.9583,43704316528,shared_development_context_mean,43705501657,44316122304,44323787971,5494763585,False,44324060488,44326053423
queue,BAND_HEFT_WHOLE_REQUEST_ADAPT_V1,610810001/queue/20,20,detection,normal,39023803235,6000000000,succeeded,39023803235,CPU,44326053422.81246,44326053422.81246,44326053422.81246,44326053423,shared_development_context_mean,44327238552,44937859199,44945524866,5921721631,False,44945797383,44947790318
queue,BAND_HEFT_WHOLE_REQUEST_ADAPT_V1,610810001/queue/21,21,detection,normal,39223651586,6000000000,succeeded,39223651586,CPU,44947790317.666626,44947790317.666626,44947790317.666626,44947790318,shared_development_context_mean,44948975446,45559596093,45567261761,6343610175,True,45567534278,45569527213
queue,BAND_HEFT_WHOLE_REQUEST_ADAPT_V1,610810001/queue/22,22,classification,urgent,39430925432,1500000000,succeeded,39430925432,GPU,39430925432.0,39430925432.0,39430925432.0,39430925432,shared_development_context_mean,39432306253,39724980067,39732345328,294054635,False,39732816966,39735754907
queue,BAND_HEFT_WHOLE_REQUEST_ADAPT_V1,610810001/queue/23,23,detection,normal,39621414105,6000000000,succeeded,39621414105,CPU,45569527212.52079,45569527212.52079,45569527212.52079,45569527213,shared_development_context_mean,45570712341,46181332988,46188998656,6567584551,True,46189271172,46191264107
sustained,SHARED_EFT,610810001/sustained/0,0,classification,urgent,35000000000,1500000000,succeeded,35000000000,CPU,35000000000.0,35000000000.0,35000000000.0,35000000000,shared_development_context_mean,35001574173,35156179931,35162688210,156179931,False,35162963656,35165216276
sustained,SHARED_EFT,610810001/sustained/1,1,classification,urgent,35383011853,1500000000,succeeded,35383011853,CPU,35383011853.0,35383011853.0,35383011853.0,35383011853,shared_development_context_mean,35384586026,35539191784,35545700063,156179931,False,35545975509,35548228129
sustained,SHARED_EFT,610810001/sustained/2,2,detection,normal,35767774281,6000000000,succeeded,35767774281,CPU,35767774281.0,35767774281.0,35767774281.0,35767774281,shared_development_context_mean,35768959410,36379580057,36387245724,619471443,False,36387518241,36389511176
sustained,SHARED_EFT,610810001/sustained/3,3,classification,urgent,36149588174,1500000000,succeeded,36149588174,GPU,36149588174.0,36149588174.0,36149588174.0,36149588174,shared_development_context_mean,36150968995,36443642809,36451008070,294054635,False,36451479708,36454417649
sustained,SHARED_EFT,610810001/sustained/4,4,classification,urgent,36532246217,1500000000,succeeded,36532246217,CPU,36532246217.0,36532246217.0,36532246217.0,36532246217,shared_development_context_mean,36533820390,36688426148,36694934427,156179931,False,36695209873,36697462493
sustained,SHARED_EFT,610810001/sustained/5,5,detection,normal,36943000353,6000000000,succeeded,36943000353,CPU,36943000353.0,36943000353.0,36943000353.0,36943000353,shared_development_context_mean,36944185482,37554806129,37562471796,619471443,False,37562744313,37564737248
sustained,SHARED_EFT,610810001/sustained/6,6,classification,urgent,37358861397,1500000000,succeeded,37358861397,GPU,37358861397.0,37358861397.0,37358861397.0,37358861397,shared_development_context_mean,37360242218,37652916032,37660281293,294054635,False,37660752931,37663690872
sustained,SHARED_EFT,610810001/sustained/7,7,detection,normal,37763267022,6000000000,succeeded,37763267022,CPU,37763267022.0,37763267022.0,37763267022.0,37763267022,shared_development_context_mean,37764452151,38375072798,38382738465,619471443,False,38383010982,38385003917
sustained,SHARED_EFT,610810001/sustained/8,8,classification,urgent,38175871106,1500000000,succeeded,38175871106,GPU,38175871106.0,38175871106.0,38175871106.0,38175871106,shared_development_context_mean,38177251927,38469925741,38477291002,294054635,False,38477762640,38480700581
sustained,SHARED_EFT,610810001/sustained/9,9,detection,normal,38587654396,6000000000,succeeded,38587654396,CPU,38587654396.0,38587654396.0,38587654396.0,38587654396,shared_development_context_mean,38588839525,39199460172,39207125839,619471443,False,39207398356,39209391291
sustained,SHARED_EFT,610810001/sustained/10,10,detection,normal,38987130461,6000000000,succeeded,38987130461,CPU,39209391290.854164,39209391290.854164,39209391290.854164,39209391291,shared_development_context_mean,39210576420,39821197067,39828862734,841732273,False,39829135251,39831128186
sustained,SHARED_EFT,610810001/sustained/11,11,classification,urgent,39381835341,1500000000,succeeded,39381835341,GPU,39381835341.0,39381835341.0,39381835341.0,39381835341,shared_development_context_mean,39383216162,39675889976,39683255237,294054635,False,39683726875,39686664816
sustained,SHARED_EFT,610810001/sustained/12,12,detection,normal,39800843935,6000000000,succeeded,39800843935,CPU,39831128185.70833,39831128185.70833,39831128185.70833,39831128186,shared_development_context_mean,39832313314,40442933961,40450599629,649755694,False,40450872146,40452865081
sustained,SHARED_EFT,610810001/sustained/13,13,classification,urgent,40197008897,1500000000,succeeded,40197008897,GPU,40197008897.0,40197008897.0,40197008897.0,40197008897,shared_development_context_mean,40198389718,40491063532,40498428793,294054635,False,40498900431,40501838372
sustained,SHARED_EFT,610810001/sustained/14,14,detection,normal,40586078191,6000000000,succeeded,40586078191,CPU,40586078191.0,40586078191.0,40586078191.0,40586078191,shared_development_context_mean,40587263320,41197883967,41205549634,619471443,False,41205822151,41207815086
sustained,SHARED_EFT,610810001/sustained/15,15,classification,urgent,41005104733,1500000000,succeeded,41005104733,GPU,41005104733.0,41005104733.0,41005104733.0,41005104733,shared_development_context_mean,41006485554,41299159368,41306524629,294054635,False,41306996267,41309934208
sustained,SHARED_EFT,610810001/sustained/16,16,detection,normal,41400938572,6000000000,succeeded,41400938572,CPU,41400938572.0,41400938572.0,41400938572.0,41400938572,shared_development_context_mean,41402123701,42012744348,42020410015,619471443,False,42020682532,42022675467
sustained,SHARED_EFT,610810001/sustained/17,17,detection,normal,41787139062,6000000000,succeeded,41787139062,CPU,42022675466.854164,42022675466.854164,42022675466.854164,42022675467,shared_development_context_mean,42023860596,42634481243,42642146910,855007848,False,42642419427,42644412362
sustained,SHARED_EFT,610810001/sustained/18,18,detection,normal,42192341496,6000000000,succeeded,42192341496,CPU,42644412361.70833,42644412361.70833,42644412361.70833,42644412362,shared_development_context_mean,42645597490,43256218137,43263883805,1071542309,False,43264156322,43266149257
sustained,SHARED_EFT,610810001/sustained/19,19,detection,normal,42585724390,6000000000,succeeded,42585724390,CPU,43266149256.56249,43266149256.56249,43266149256.56249,43266149257,shared_development_context_mean,43267334385,43877955032,43885620700,1299896310,False,43885893217,43887886151
sustained,SHARED_EFT,610810001/sustained/20,20,classification,urgent,42972811447,1500000000,succeeded,42972811447,GPU,42972811447.0,42972811447.0,42972811447.0,42972811447,shared_development_context_mean,42974192268,43266866082,43274231343,294054635,False,43274702981,43277640922
sustained,SHARED_EFT,610810001/sustained/21,21,detection,normal,43376904063,6000000000,succeeded,43376904063,CPU,43887886151.41666,43887886151.41666,43887886151.41666,43887886151,shared_development_context_mean,43889071280,44499691927,44507357595,1130453532,False,44507630111,44509623046
sustained,SHARED_EFT,610810001/sustained/22,22,classification,urgent,43771013673,1500000000,succeeded,43771013673,GPU,43771013673.0,43771013673.0,43771013673.0,43771013673,shared_development_context_mean,43772394494,44065068308,44072433569,294054635,False,44072905207,44075843148
sustained,SHARED_EFT,610810001/sustained/23,23,classification,urgent,44158057603,1500000000,succeeded,44158057603,GPU,44158057603.0,44158057603.0,44158057603.0,44158057603,shared_development_context_mean,44159438424,44452112238,44459477499,294054635,False,44459949137,44462887078
sustained,SHARED_EFT,610810001/sustained/24,24,classification,urgent,44552115778,1500000000,succeeded,44552115778,CPU,44552115778.0,44552115778.0,44552115778.0,44552115778,shared_development_context_mean,44553689951,44708295709,44714803988,156179931,False,44715079434,44717332054
sustained,SHARED_EFT,610810001/sustained/25,25,classification,urgent,44957915866,1500000000,succeeded,44957915866,CPU,44957915866.0,44957915866.0,44957915866.0,44957915866,shared_development_context_mean,44959490039,45114095797,45120604076,156179931,False,45120879522,45123132142
sustained,SHARED_EFT,610810001/sustained/26,26,detection,normal,45361456942,6000000000,succeeded,45361456942,CPU,45361456942.0,45361456942.0,45361456942.0,45361456942,shared_development_context_mean,45362642071,45973262718,45980928385,619471443,False,45981200902,45983193837
sustained,SHARED_EFT,610810001/sustained/27,27,classification,urgent,45754155826,1500000000,succeeded,45754155826,GPU,45754155826.0,45754155826.0,45754155826.0,45754155826,shared_development_context_mean,45755536647,46048210461,46055575722,294054635,False,46056047360,46058985301
sustained,SHARED_EFT,610810001/sustained/28,28,classification,urgent,46135601008,1500000000,succeeded,46135601008,CPU,46135601008.0,46135601008.0,46135601008.0,46135601008,shared_development_context_mean,46137175181,46291780939,46298289218,156179931,False,46298564664,46300817284
sustained,SHARED_EFT,610810001/sustained/29,29,classification,urgent,46533320331,1500000000,succeeded,46533320331,CPU,46533320331.0,46533320331.0,46533320331.0,46533320331,shared_development_context_mean,46534894504,46689500262,46696008541,156179931,False,46696283987,46698536607
sustained,SHARED_EFT,610810001/sustained/30,30,detection,normal,46950967677,6000000000,succeeded,46950967677,CPU,46950967677.0,46950967677.0,46950967677.0,46950967677,shared_development_context_mean,46952152806,47562773453,47570439120,619471443,False,47570711637,47572704572
sustained,SHARED_EFT,610810001/sustained/31,31,detection,normal,47343259463,6000000000,succeeded,47343259463,CPU,47572704571.854164,47572704571.854164,47572704571.854164,47572704572,shared_development_context_mean,47573889701,48184510348,48192176015,848916552,False,48192448532,48194441467
sustained,SHARED_EFT,610810001/sustained/32,32,classification,urgent,47753685231,1500000000,succeeded,47753685231,GPU,47753685231.0,47753685231.0,47753685231.0,47753685231,shared_development_context_mean,47755066052,48047739866,48055105127,294054635,False,48055576765,48058514706
sustained,SHARED_EFT,610810001/sustained/33,33,classification,urgent,48143877339,1500000000,succeeded,48143877339,GPU,48143877339.0,48143877339.0,48143877339.0,48143877339,shared_development_context_mean,48145258160,48437931974,48445297235,294054635,False,48445768873,48448706814
sustained,SHARED_EFT,610810001/sustained/34,34,detection,normal,48548501108,6000000000,succeeded,48548501108,CPU,48548501108.0,48548501108.0,48548501108.0,48548501108,shared_development_context_mean,48549686237,49160306884,49167972551,619471443,False,49168245068,49170238003
sustained,SHARED_EFT,610810001/sustained/35,35,detection,normal,48940679009,6000000000,succeeded,48940679009,CPU,49170238002.854164,49170238002.854164,49170238002.854164,49170238003,shared_development_context_mean,49171423132,49782043779,49789709446,849030437,False,49789981963,49791974898
sustained,SHARED_EFT,610810001/sustained/36,36,classification,urgent,49323061149,1500000000,succeeded,49323061149,GPU,49323061149.0,49323061149.0,49323061149.0,49323061149,shared_development_context_mean,49324441970,49617115784,49624481045,294054635,False,49624952683,49627890624
sustained,SHARED_EFT,610810001/sustained/37,37,detection,normal,49707250613,6000000000,succeeded,49707250613,CPU,49791974897.70833,49791974897.70833,49791974897.70833,49791974898,shared_development_context_mean,49793160026,50403780673,50411446341,704195728,False,50411718858,50413711793
sustained,SHARED_EFT,610810001/sustained/38,38,detection,normal,50123893272,6000000000,succeeded,50123893272,CPU,50413711792.56249,50413711792.56249,50413711792.56249,50413711793,shared_development_context_mean,50414896921,51025517568,51033183236,909289964,False,51033455753,51035448687
sustained,SHARED_EFT,610810001/sustained/39,39,detection,normal,50533054387,6000000000,succeeded,50533054387,CPU,51035448687.41666,51035448687.41666,51035448687.41666,51035448687,shared_development_context_mean,51036633816,51647254463,51654920131,1121865744,False,51655192647,51657185582
sustained,SHARED_EFT,610810001/sustained/40,40,classification,urgent,50926936420,1500000000,succeeded,50926936420,GPU,50926936420.0,50926936420.0,50926936420.0,50926936420,shared_development_context_mean,50928317241,51220991055,51228356316,294054635,False,51228827954,51231765895
sustained,SHARED_EFT,610810001/sustained/41,41,classification,urgent,51318387695,1500000000,succeeded,51318387695,GPU,51318387695.0,51318387695.0,51318387695.0,51318387695,shared_development_context_mean,51319768516,51612442330,51619807591,294054635,False,51620279229,51623217170
sustained,SHARED_EFT,610810001/sustained/42,42,detection,normal,51704149682,6000000000,succeeded,51704149682,CPU,51704149682.0,51704149682.0,51704149682.0,51704149682,shared_development_context_mean,51705334811,52315955458,52323621125,619471443,False,52323893642,52325886577
sustained,SHARED_EFT,610810001/sustained/43,43,detection,normal,52096271588,6000000000,succeeded,52096271588,CPU,52325886576.854164,52325886576.854164,52325886576.854164,52325886577,shared_development_context_mean,52327071706,52937692353,52945358020,849086432,False,52945630537,52947623472
sustained,SHARED_EFT,610810001/sustained/44,44,classification,urgent,52480564263,1500000000,succeeded,52480564263,GPU,52480564263.0,52480564263.0,52480564263.0,52480564263,shared_development_context_mean,52481945084,52774618898,52781984159,294054635,False,52782455797,52785393738
sustained,SHARED_EFT,610810001/sustained/45,45,detection,normal,52895920313,6000000000,succeeded,52895920313,CPU,52947623471.70833,52947623471.70833,52947623471.70833,52947623472,shared_development_context_mean,52948808600,53559429247,53567094915,671174602,False,53567367432,53569360367
sustained,SHARED_EFT,610810001/sustained/46,46,detection,normal,53286410151,6000000000,succeeded,53286410151,CPU,53569360366.56249,53569360366.56249,53569360366.56249,53569360367,shared_development_context_mean,53570545495,54181166142,54188831810,902421659,False,54189104327,54191097261
sustained,SHARED_EFT,610810001/sustained/47,47,detection,normal,53703283625,6000000000,succeeded,53703283625,CPU,54191097261.41666,54191097261.41666,54191097261.41666,54191097261,shared_development_context_mean,54192282390,54802903037,54810568705,1107285080,False,54810841221,54812834156
sustained,SHARED_EFT,610810001/sustained/48,48,detection,normal,54117249915,6000000000,succeeded,54117249915,CPU,54812834156.27082,54812834156.27082,54812834156.27082,54812834156,shared_development_context_mean,54814019285,55424639932,55432305600,1315055685,False,55432578116,55434571051
sustained,SHARED_EFT,610810001/sustained/49,49,classification,urgent,54497329263,1500000000,succeeded,54497329263,GPU,54497329263.0,54497329263.0,54497329263.0,54497329263,shared_development_context_mean,54498710084,54791383898,54798749159,294054635,False,54799220797,54802158738
sustained,SHARED_EFT,610810001/sustained/50,50,detection,normal,54914267005,6000000000,succeeded,54914267005,CPU,55434571051.124985,55434571051.124985,55434571051.124985,55434571051,shared_development_context_mean,55435756180,56046376827,56054042495,1139775490,False,56054315011,56056307946
sustained,SHARED_EFT,610810001/sustained/51,51,classification,urgent,55314109519,1500000000,succeeded,55314109519,GPU,55314109519.0,55314109519.0,55314109519.0,55314109519,shared_development_context_mean,55315490340,55608164154,55615529415,294054635,False,55616001053,55618938994
sustained,SHARED_EFT,610810001/sustained/52,52,detection,normal,55702407061,6000000000,succeeded,55702407061,CPU,56056307945.97915,56056307945.97915,56056307945.97915,56056307946,shared_development_context_mean,56057493075,56668113722,56675779389,973372328,False,56676051906,56678044841
sustained,SHARED_EFT,610810001/sustained/53,53,detection,normal,56120955604,6000000000,succeeded,56120955604,CPU,56678044840.83331,56678044840.83331,56678044840.83331,56678044841,shared_development_context_mean,56679229970,57289850617,57297516284,1176560680,False,57297788801,57299781736
sustained,SHARED_EFT,610810001/sustained/54,54,classification,urgent,56501476382,1500000000,succeeded,56501476382,GPU,56501476382.0,56501476382.0,56501476382.0,56501476382,shared_development_context_mean,56502857203,56795531017,56802896278,294054635,False,56803367916,56806305857
sustained,SHARED_EFT,610810001/sustained/55,55,classification,urgent,56897783038,1500000000,succeeded,56897783038,GPU,56897783038.0,56897783038.0,56897783038.0,56897783038,shared_development_context_mean,56899163859,57191837673,57199202934,294054635,False,57199674572,57202612513
sustained,SHARED_EFT,610810001/sustained/56,56,classification,urgent,57314770647,1500000000,succeeded,57314770647,CPU,57314770647.0,57314770647.0,57314770647.0,57314770647,shared_development_context_mean,57316344820,57470950578,57477458857,156179931,False,57477734303,57479986923
sustained,SHARED_EFT,610810001/sustained/57,57,detection,normal,57696485661,6000000000,succeeded,57696485661,CPU,57696485661.0,57696485661.0,57696485661.0,57696485661,shared_development_context_mean,57697670790,58308291437,58315957104,619471443,False,58316229621,58318222556
sustained,SHARED_EFT,610810001/sustained/58,58,detection,normal,58100504823,6000000000,succeeded,58100504823,CPU,58318222555.854164,58318222555.854164,58318222555.854164,58318222556,shared_development_context_mean,58319407685,58930028332,58937693999,837189176,False,58937966516,58939959451
sustained,SHARED_EFT,610810001/sustained/59,59,classification,urgent,58494105935,1500000000,succeeded,58494105935,GPU,58494105935.0,58494105935.0,58494105935.0,58494105935,shared_development_context_mean,58495486756,58788160570,58795525831,294054635,False,58795997469,58798935410
sustained,SHARED_EFT,610810001/sustained/60,60,detection,normal,58911490698,6000000000,succeeded,58911490698,CPU,58939959450.70833,58939959450.70833,58939959450.70833,58939959451,shared_development_context_mean,58941144579,59551765226,59559430894,647940196,False,59559703411,59561696346
sustained,SHARED_EFT,610810001/sustained/61,61,classification,urgent,59295134990,1500000000,succeeded,59295134990,GPU,59295134990.0,59295134990.0,59295134990.0,59295134990,shared_development_context_mean,59296515811,59589189625,59596554886,294054635,False,59597026524,59599964465
sustained,SHARED_EFT,610810001/sustained/62,62,detection,normal,59700477396,6000000000,succeeded,59700477396,CPU,59700477396.0,59700477396.0,59700477396.0,59700477396,shared_development_context_mean,59701662525,60312283172,60319948839,619471443,False,60320221356,60322214291
sustained,SHARED_EFT,610810001/sustained/63,63,classification,urgent,60110659494,1500000000,succeeded,60110659494,GPU,60110659494.0,60110659494.0,60110659494.0,60110659494,shared_development_context_mean,60112040315,60404714129,60412079390,294054635,False,60412551028,60415488969
sustained,SHARED_EFT,610810001/sustained/64,64,classification,urgent,60503180465,1500000000,succeeded,60503180465,CPU,60503180465.0,60503180465.0,60503180465.0,60503180465,shared_development_context_mean,60504754638,60659360396,60665868675,156179931,False,60666144121,60668396741
sustained,SHARED_EFT,610810001/sustained/65,65,detection,normal,60916463042,6000000000,succeeded,60916463042,CPU,60916463042.0,60916463042.0,60916463042.0,60916463042,shared_development_context_mean,60917648171,61528268818,61535934485,619471443,False,61536207002,61538199937
sustained,SHARED_EFT,610810001/sustained/66,66,classification,urgent,61299569682,1500000000,succeeded,61299569682,GPU,61299569682.0,61299569682.0,61299569682.0,61299569682,shared_development_context_mean,61300950503,61593624317,61600989578,294054635,False,61601461216,61604399157
sustained,SHARED_EFT,610810001/sustained/67,67,classification,urgent,61685726793,1500000000,succeeded,61685726793,CPU,61685726793.0,61685726793.0,61685726793.0,61685726793,shared_development_context_mean,61687300966,61841906724,61848415003,156179931,False,61848690449,61850943069
sustained,SHARED_EFT,610810001/sustained/68,68,detection,normal,62082015230,6000000000,succeeded,62082015230,CPU,62082015230.0,62082015230.0,62082015230.0,62082015230,shared_development_context_mean,62083200359,62693821006,62701486673,619471443,False,62701759190,62703752125
sustained,SHARED_EFT,610810001/sustained/69,69,detection,normal,62487460798,6000000000,succeeded,62487460798,CPU,62703752124.854164,62703752124.854164,62703752124.854164,62703752125,shared_development_context_mean,62704937254,63315557901,63323223568,835762770,False,63323496085,63325489020
sustained,SHARED_EFT,610810001/sustained/70,70,detection,normal,62872894800,6000000000,succeeded,62872894800,CPU,63325489019.70833,63325489019.70833,63325489019.70833,63325489020,shared_development_context_mean,63326674148,63937294795,63944960463,1072065663,False,63945232980,63947225915
sustained,SHARED_EFT,610810001/sustained/71,71,detection,normal,63270110079,6000000000,succeeded,63270110079,CPU,63947225914.56249,63947225914.56249,63947225914.56249,63947225915,shared_development_context_mean,63948411043,64559031690,64566697358,1296587279,False,64566969875,64568962809
sustained,SHARED_EFT,610810001/sustained/72,72,detection,normal,63680563080,6000000000,succeeded,63680563080,CPU,64568962809.41666,64568962809.41666,64568962809.41666,64568962809,shared_development_context_mean,64570147938,65180768585,65188434253,1507871173,False,65188706769,65190699704
sustained,SHARED_EFT,610810001/sustained/73,73,detection,normal,64094719343,6000000000,succeeded,64094719343,CPU,65190699704.27082,65190699704.27082,65190699704.27082,65190699704,shared_development_context_mean,65191884833,65802505480,65810171148,1715451805,False,65810443664,65812436599
sustained,SHARED_EFT,610810001/sustained/74,74,classification,urgent,64500915432,1500000000,succeeded,64500915432,GPU,64500915432.0,64500915432.0,64500915432.0,64500915432,shared_development_context_mean,64502296253,64794970067,64802335328,294054635,False,64802806966,64805744907
sustained,SHARED_EFT,610810001/sustained/75,75,classification,urgent,64905496422,1500000000,succeeded,64905496422,GPU,64905496422.0,64905496422.0,64905496422.0,64905496422,shared_development_context_mean,64906877243,65199551057,65206916318,294054635,False,65207387956,65210325897
sustained,SHARED_EFT,610810001/sustained/76,76,detection,normal,65311650708,6000000000,succeeded,65311650708,CPU,65812436599.124985,65812436599.124985,65812436599.124985,65812436599,shared_development_context_mean,65813621728,66424242375,66431908043,1120257335,False,66432180559,66434173494
sustained,SHARED_EFT,610810001/sustained/77,77,classification,urgent,65695296070,1500000000,succeeded,65695296070,GPU,65695296070.0,65695296070.0,65695296070.0,65695296070,shared_development_context_mean,65696676891,65989350705,65996715966,294054635,False,65997187604,66000125545
sustained,SHARED_EFT,610810001/sustained/78,78,classification,urgent,66110790785,1500000000,succeeded,66110790785,GPU,66110790785.0,66110790785.0,66110790785.0,66110790785,shared_development_context_mean,66112171606,66404845420,66412210681,294054635,False,66412682319,66415620260
sustained,SHARED_EFT,610810001/sustained/79,79,classification,urgent,66492785337,1500000000,succeeded,66492785337,CPU,66492785337.0,66492785337.0,66492785337.0,66492785337,shared_development_context_mean,66494359510,66648965268,66655473547,156179931,False,66655748993,66658001613
sustained,SHARED_EFT,610810001/sustained/80,80,detection,normal,66884003702,6000000000,succeeded,66884003702,CPU,66884003702.0,66884003702.0,66884003702.0,66884003702,shared_development_context_mean,66885188831,67495809478,67503475145,619471443,False,67503747662,67505740597
sustained,SHARED_EFT,610810001/sustained/81,81,classification,urgent,67286061781,1500000000,succeeded,67286061781,GPU,67286061781.0,67286061781.0,67286061781.0,67286061781,shared_development_context_mean,67287442602,67580116416,67587481677,294054635,False,67587953315,67590891256
sustained,SHARED_EFT,610810001/sustained/82,82,detection,normal,67667964379,6000000000,succeeded,67667964379,CPU,67667964379.0,67667964379.0,67667964379.0,67667964379,shared_development_context_mean,67669149508,68279770155,68287435822,619471443,False,68287708339,68289701274
sustained,SHARED_EFT,610810001/sustained/83,83,classification,urgent,68067496172,1500000000,succeeded,68067496172,GPU,68067496172.0,68067496172.0,68067496172.0,68067496172,shared_development_context_mean,68068876993,68361550807,68368916068,294054635,False,68369387706,68372325647
sustained,SHARED_EFT,610810001/sustained/84,84,classification,urgent,68447798722,1500000000,succeeded,68447798722,CPU,68447798722.0,68447798722.0,68447798722.0,68447798722,shared_development_context_mean,68449372895,68603978653,68610486932,156179931,False,68610762378,68613014998
sustained,SHARED_EFT,610810001/sustained/85,85,detection,normal,68861756880,6000000000,succeeded,68861756880,CPU,68861756880.0,68861756880.0,68861756880.0,68861756880,shared_development_context_mean,68862942009,69473562656,69481228323,619471443,False,69481500840,69483493775
sustained,SHARED_EFT,610810001/sustained/86,86,classification,urgent,69265127391,1500000000,succeeded,69265127391,GPU,69265127391.0,69265127391.0,69265127391.0,69265127391,shared_development_context_mean,69266508212,69559182026,69566547287,294054635,False,69567018925,69569956866
sustained,SHARED_EFT,610810001/sustained/87,87,detection,normal,69657770984,6000000000,succeeded,69657770984,CPU,69657770984.0,69657770984.0,69657770984.0,69657770984,shared_development_context_mean,69658956113,70269576760,70277242427,619471443,False,70277514944,70279507879
sustained,SHARED_EFT,610810001/sustained/88,88,classification,urgent,70055591180,1500000000,succeeded,70055591180,GPU,70055591180.0,70055591180.0,70055591180.0,70055591180,shared_development_context_mean,70056972001,70349645815,70357011076,294054635,False,70357482714,70360420655
sustained,SHARED_EFT,610810001/sustained/89,89,classification,urgent,70465999054,1500000000,succeeded,70465999054,CPU,70465999054.0,70465999054.0,70465999054.0,70465999054,shared_development_context_mean,70467573227,70622178985,70628687264,156179931,False,70628962710,70631215330
sustained,SHARED_EFT,610810001/sustained/90,90,classification,urgent,70851593015,1500000000,succeeded,70851593015,CPU,70851593015.0,70851593015.0,70851593015.0,70851593015,shared_development_context_mean,70853167188,71007772946,71014281225,156179931,False,71014556671,71016809291
sustained,SHARED_EFT,610810001/sustained/91,91,classification,urgent,71266265777,1500000000,succeeded,71266265777,CPU,71266265777.0,71266265777.0,71266265777.0,71266265777,shared_development_context_mean,71267839950,71422445708,71428953987,156179931,False,71429229433,71431482053
sustained,SHARED_EFT,610810001/sustained/92,92,detection,normal,71673926532,6000000000,succeeded,71673926532,CPU,71673926532.0,71673926532.0,71673926532.0,71673926532,shared_development_context_mean,71675111661,72285732308,72293397975,619471443,False,72293670492,72295663427
sustained,SHARED_EFT,610810001/sustained/93,93,detection,normal,72061303870,6000000000,succeeded,72061303870,CPU,72295663426.85416,72295663426.85416,72295663426.85416,72295663427,shared_development_context_mean,72296848556,72907469203,72915134870,853831000,False,72915407387,72917400322
sustained,SHARED_EFT,610810001/sustained/94,94,detection,normal,72479210835,6000000000,succeeded,72479210835,CPU,72917400321.70831,72917400321.70831,72917400321.70831,72917400322,shared_development_context_mean,72918585450,73529206097,73536871765,1057660930,False,73537144282,73539137217
sustained,SHARED_EFT,610810001/sustained/95,95,classification,urgent,72874809791,1500000000,succeeded,72874809791,GPU,72874809791.0,72874809791.0,72874809791.0,72874809791,shared_development_context_mean,72876190612,73168864426,73176229687,294054635,False,73176701325,73179639266
sustained,SHARED_EFT,610810001/sustained/96,96,classification,urgent,73263010102,1500000000,succeeded,73263010102,GPU,73263010102.0,73263010102.0,73263010102.0,73263010102,shared_development_context_mean,73264390923,73557064737,73564429998,294054635,False,73564901636,73567839577
sustained,SHARED_EFT,610810001/sustained/97,97,classification,urgent,73660323274,1500000000,succeeded,73660323274,CPU,73660323274.0,73660323274.0,73660323274.0,73660323274,shared_development_context_mean,73661897447,73816503205,73823011484,156179931,False,73823286930,73825539550
sustained,SHARED_EFT,610810001/sustained/98,98,detection,normal,74067955121,6000000000,succeeded,74067955121,CPU,74067955121.0,74067955121.0,74067955121.0,74067955121,shared_development_context_mean,74069140250,74679760897,74687426564,619471443,False,74687699081,74689692016
sustained,SHARED_EFT,610810001/sustained/99,99,classification,urgent,74459630465,1500000000,succeeded,74459630465,GPU,74459630465.0,74459630465.0,74459630465.0,74459630465,shared_development_context_mean,74461011286,74753685100,74761050361,294054635,False,74761521999,74764459940
sustained,SHARED_EFT,610810001/sustained/100,100,classification,urgent,74867561370,1500000000,succeeded,74867561370,CPU,74867561370.0,74867561370.0,74867561370.0,74867561370,shared_development_context_mean,74869135543,75023741301,75030249580,156179931,False,75030525026,75032777646
sustained,SHARED_EFT,610810001/sustained/101,101,detection,normal,75254787716,6000000000,succeeded,75254787716,CPU,75254787716.0,75254787716.0,75254787716.0,75254787716,shared_development_context_mean,75255972845,75866593492,75874259159,619471443,False,75874531676,75876524611
sustained,SHARED_EFT,610810001/sustained/102,102,detection,normal,75674355249,6000000000,succeeded,75674355249,CPU,75876524610.85416,75876524610.85416,75876524610.85416,75876524611,shared_development_context_mean,75877709740,76488330387,76495996054,821640805,False,76496268571,76498261506
sustained,SHARED_EFT,610810001/sustained/103,103,classification,urgent,76080492777,1500000000,succeeded,76080492777,GPU,76080492777.0,76080492777.0,76080492777.0,76080492777,shared_development_context_mean,76081873598,76374547412,76381912673,294054635,False,76382384311,76385322252
sustained,SHARED_EFT,610810001/sustained/104,104,detection,normal,76495497176,6000000000,succeeded,76495497176,CPU,76498261505.70831,76498261505.70831,76498261505.70831,76498261506,shared_development_context_mean,76499446634,77110067281,77117732949,622235773,False,77118005466,77119998401
sustained,SHARED_EFT,610810001/sustained/105,105,classification,urgent,76909652721,1500000000,succeeded,76909652721,GPU,76909652721.0,76909652721.0,76909652721.0,76909652721,shared_development_context_mean,76911033542,77203707356,77211072617,294054635,False,77211544255,77214482196
sustained,SHARED_EFT,610810001/sustained/106,106,detection,normal,77320736922,6000000000,succeeded,77320736922,CPU,77320736922.0,77320736922.0,77320736922.0,77320736922,shared_development_context_mean,77321922051,77932542698,77940208365,619471443,False,77940480882,77942473817
sustained,SHARED_EFT,610810001/sustained/107,107,classification,urgent,77717917512,1500000000,succeeded,77717917512,GPU,77717917512.0,77717917512.0,77717917512.0,77717917512,shared_development_context_mean,77719298333,78011972147,78019337408,294054635,False,78019809046,78022746987
sustained,SHARED_EFT,610810001/sustained/108,108,classification,urgent,78116729242,1500000000,succeeded,78116729242,CPU,78116729242.0,78116729242.0,78116729242.0,78116729242,shared_development_context_mean,78118303415,78272909173,78279417452,156179931,False,78279692898,78281945518
sustained,SHARED_EFT,610810001/sustained/109,109,detection,normal,78528326634,6000000000,succeeded,78528326634,CPU,78528326634.0,78528326634.0,78528326634.0,78528326634,shared_development_context_mean,78529511763,79140132410,79147798077,619471443,False,79148070594,79150063529
sustained,SHARED_EFT,610810001/sustained/110,110,detection,normal,78934911805,6000000000,succeeded,78934911805,CPU,79150063528.85416,79150063528.85416,79150063528.85416,79150063529,shared_development_context_mean,79151248658,79761869305,79769534972,834623167,False,79769807489,79771800424
sustained,SHARED_EFT,610810001/sustained/111,111,detection,normal,79344156733,6000000000,succeeded,79344156733,CPU,79771800423.70831,79771800423.70831,79771800423.70831,79771800424,shared_development_context_mean,79772985552,80383606199,80391271867,1047115134,False,80391544384,80393537319
sustained,SHARED_EFT,610810001/sustained/112,112,detection,normal,79742440272,6000000000,succeeded,79742440272,CPU,80393537318.56247,80393537318.56247,80393537318.56247,80393537319,shared_development_context_mean,80394722447,81005343094,81013008762,1270568490,False,81013281279,81015274213
sustained,SHARED_EFT,610810001/sustained/113,113,classification,urgent,80161919862,1500000000,succeeded,80161919862,GPU,80161919862.0,80161919862.0,80161919862.0,80161919862,shared_development_context_mean,80163300683,80455974497,80463339758,294054635,False,80463811396,80466749337
sustained,SHARED_EFT,610810001/sustained/114,114,classification,urgent,80553523723,1500000000,succeeded,80553523723,GPU,80553523723.0,80553523723.0,80553523723.0,80553523723,shared_development_context_mean,80554904544,80847578358,80854943619,294054635,False,80855415257,80858353198
sustained,SHARED_EFT,610810001/sustained/115,115,classification,urgent,80934814434,1500000000,succeeded,80934814434,GPU,80934814434.0,80934814434.0,80934814434.0,80934814434,shared_development_context_mean,80936195255,81228869069,81236234330,294054635,False,81236705968,81239643909
sustained,SHARED_EFT,610810001/sustained/116,116,classification,urgent,81332152994,1500000000,succeeded,81332152994,CPU,81332152994.0,81332152994.0,81332152994.0,81332152994,shared_development_context_mean,81333727167,81488332925,81494841204,156179931,False,81495116650,81497369270
sustained,SHARED_EFT,610810001/sustained/117,117,classification,urgent,81736230076,1500000000,succeeded,81736230076,CPU,81736230076.0,81736230076.0,81736230076.0,81736230076,shared_development_context_mean,81737804249,81892410007,81898918286,156179931,False,81899193732,81901446352
sustained,SHARED_EFT,610810001/sustained/118,118,detection,normal,82138348006,6000000000,succeeded,82138348006,CPU,82138348006.0,82138348006.0,82138348006.0,82138348006,shared_development_context_mean,82139533135,82750153782,82757819449,619471443,False,82758091966,82760084901
sustained,SHARED_EFT,610810001/sustained/119,119,detection,normal,82535901298,6000000000,succeeded,82535901298,CPU,82760084900.85416,82760084900.85416,82760084900.85416,82760084901,shared_development_context_mean,82761270030,83371890677,83379556344,843655046,False,83379828861,83381821796
sustained,SHARED_EFT,610810001/sustained/120,120,detection,normal,82927551634,6000000000,succeeded,82927551634,CPU,83381821795.70831,83381821795.70831,83381821795.70831,83381821796,shared_development_context_mean,83383006924,83993627571,84001293239,1073741605,False,84001565756,84003558691
sustained,SHARED_EFT,610810001/sustained/121,121,detection,normal,83317140787,6000000000,succeeded,83317140787,CPU,84003558690.56247,84003558690.56247,84003558690.56247,84003558691,shared_development_context_mean,84004743819,84615364466,84623030134,1305889347,False,84623302651,84625295585
sustained,SHARED_EFT,610810001/sustained/122,122,classification,urgent,83732703677,1500000000,succeeded,83732703677,GPU,83732703677.0,83732703677.0,83732703677.0,83732703677,shared_development_context_mean,83734084498,84026758312,84034123573,294054635,False,84034595211,84037533152
sustained,SHARED_EFT,610810001/sustained/123,123,detection,normal,84114551247,6000000000,succeeded,84114551247,CPU,84625295585.41663,84625295585.41663,84625295585.41663,84625295585,shared_development_context_mean,84626480714,85237101361,85244767029,1130215782,False,85245039545,85247032480
sustained,SHARED_EFT,610810001/sustained/124,124,classification,urgent,84506153166,1500000000,succeeded,84506153166,GPU,84506153166.0,84506153166.0,84506153166.0,84506153166,shared_development_context_mean,84507533987,84800207801,84807573062,294054635,False,84808044700,84810982641
sustained,SHARED_EFT,610810001/sustained/125,125,classification,urgent,84893669982,1500000000,succeeded,84893669982,GPU,84893669982.0,84893669982.0,84893669982.0,84893669982,shared_development_context_mean,84895050803,85187724617,85195089878,294054635,False,85195561516,85198499457
sustained,SHARED_EFT,610810001/sustained/126,126,classification,urgent,85280262686,1500000000,succeeded,85280262686,CPU,85280262686.0,85280262686.0,85280262686.0,85280262686,shared_development_context_mean,85281836859,85436442617,85442950896,156179931,False,85443226342,85445478962
sustained,SHARED_EFT,610810001/sustained/127,127,detection,normal,85698707645,6000000000,succeeded,85698707645,CPU,85698707645.0,85698707645.0,85698707645.0,85698707645,shared_development_context_mean,85699892774,86310513421,86318179088,619471443,False,86318451605,86320444540
sustained,SHARED_EFT,610810001/sustained/128,128,detection,normal,86088376502,6000000000,succeeded,86088376502,CPU,86320444539.85416,86320444539.85416,86320444539.85416,86320444540,shared_development_context_mean,86321629669,86932250316,86939915983,851539481,False,86940188500,86942181435
sustained,SHARED_EFT,610810001/sustained/129,129,classification,urgent,86471150878,1500000000,succeeded,86471150878,GPU,86471150878.0,86471150878.0,86471150878.0,86471150878,shared_development_context_mean,86472531699,86765205513,86772570774,294054635,False,86773042412,86775980353
sustained,SHARED_EFT,610810001/sustained/130,130,classification,urgent,86871124842,1500000000,succeeded,86871124842,GPU,86871124842.0,86871124842.0,86871124842.0,86871124842,shared_development_context_mean,86872505663,87165179477,87172544738,294054635,False,87173016376,87175954317
sustained,SHARED_EFT,610810001/sustained/131,131,classification,urgent,87257641917,1500000000,succeeded,87257641917,CPU,87257641917.0,87257641917.0,87257641917.0,87257641917,shared_development_context_mean,87259216090,87413821848,87420330127,156179931,False,87420605573,87422858193
sustained,SHARED_EFT,610810001/sustained/132,132,classification,urgent,87665758702,1500000000,succeeded,87665758702,CPU,87665758702.0,87665758702.0,87665758702.0,87665758702,shared_development_context_mean,87667332875,87821938633,87828446912,156179931,False,87828722358,87830974978
sustained,SHARED_EFT,610810001/sustained/133,133,detection,normal,88052072407,6000000000,succeeded,88052072407,CPU,88052072407.0,88052072407.0,88052072407.0,88052072407,shared_development_context_mean,88053257536,88663878183,88671543850,619471443,False,88671816367,88673809302
sustained,SHARED_EFT,610810001/sustained/134,134,classification,urgent,88457797979,1500000000,succeeded,88457797979,GPU,88457797979.0,88457797979.0,88457797979.0,88457797979,shared_development_context_mean,88459178800,88751852614,88759217875,294054635,False,88759689513,88762627454
sustained,SHARED_EFT,610810001/sustained/135,135,detection,normal,88865055283,6000000000,succeeded,88865055283,CPU,88865055283.0,88865055283.0,88865055283.0,88865055283,shared_development_context_mean,88866240412,89476861059,89484526726,619471443,False,89484799243,89486792178
sustained,SHARED_EFT,610810001/sustained/136,136,classification,urgent,89278225727,1500000000,succeeded,89278225727,GPU,89278225727.0,89278225727.0,89278225727.0,89278225727,shared_development_context_mean,89279606548,89572280362,89579645623,294054635,False,89580117261,89583055202
sustained,SHARED_EFT,610810001/sustained/137,137,detection,normal,89664446540,6000000000,succeeded,89664446540,CPU,89664446540.0,89664446540.0,89664446540.0,89664446540,shared_development_context_mean,89665631669,90276252316,90283917983,619471443,False,90284190500,90286183435
sustained,SHARED_EFT,610810001/sustained/138,138,classification,urgent,90068007324,1500000000,succeeded,90068007324,GPU,90068007324.0,90068007324.0,90068007324.0,90068007324,shared_development_context_mean,90069388145,90362061959,90369427220,294054635,False,90369898858,90372836799
sustained,SHARED_EFT,610810001/sustained/139,139,detection,normal,90462348790,6000000000,succeeded,90462348790,CPU,90462348790.0,90462348790.0,90462348790.0,90462348790,shared_development_context_mean,90463533919,91074154566,91081820233,619471443,False,91082092750,91084085685
sustained,SHARED_EFT,610810001/sustained/140,140,classification,urgent,90873959031,1500000000,succeeded,90873959031,GPU,90873959031.0,90873959031.0,90873959031.0,90873959031,shared_development_context_mean,90875339852,91168013666,91175378927,294054635,False,91175850565,91178788506
sustained,SHARED_EFT,610810001/sustained/141,141,classification,urgent,91266562467,1500000000,succeeded,91266562467,CPU,91266562467.0,91266562467.0,91266562467.0,91266562467,shared_development_context_mean,91268136640,91422742398,91429250677,156179931,False,91429526123,91431778743
sustained,SHARED_EFT,610810001/sustained/142,142,detection,normal,91666219586,6000000000,succeeded,91666219586,CPU,91666219586.0,91666219586.0,91666219586.0,91666219586,shared_development_context_mean,91667404715,92278025362,92285691029,619471443,False,92285963546,92287956481
sustained,SHARED_EFT,610810001/sustained/143,143,classification,urgent,92076036835,1500000000,succeeded,92076036835,GPU,92076036835.0,92076036835.0,92076036835.0,92076036835,shared_development_context_mean,92077417656,92370091470,92377456731,294054635,False,92377928369,92380866310
sustained,SHARED_EFT,610810001/sustained/144,144,detection,normal,92468743803,6000000000,succeeded,92468743803,CPU,92468743803.0,92468743803.0,92468743803.0,92468743803,shared_development_context_mean,92469928932,93080549579,93088215246,619471443,False,93088487763,93090480698
sustained,SHARED_EFT,610810001/sustained/145,145,detection,normal,92854000059,6000000000,succeeded,92854000059,CPU,93090480697.85416,93090480697.85416,93090480697.85416,93090480698,shared_development_context_mean,93091665827,93702286474,93709952141,855952082,False,93710224658,93712217593
sustained,SHARED_EFT,610810001/sustained/146,146,detection,normal,93237600643,6000000000,succeeded,93237600643,CPU,93712217592.70831,93712217592.70831,93712217592.70831,93712217593,shared_development_context_mean,93713402721,94324023368,94331689036,1094088393,False,94331961553,94333954488
sustained,SHARED_EFT,610810001/sustained/147,147,detection,normal,93638117343,6000000000,succeeded,93638117343,CPU,94333954487.56247,94333954487.56247,94333954487.56247,94333954488,shared_development_context_mean,94335139616,94945760263,94953425931,1315308588,False,94953698448,94955691382
sustained,SHARED_EFT,610810001/sustained/148,148,detection,normal,94055056013,6000000000,succeeded,94055056013,CPU,94955691382.41663,94955691382.41663,94955691382.41663,94955691382,shared_development_context_mean,94956876511,95567497158,95575162826,1520106813,False,95575435342,95577428277
sustained,SHARED_EFT,610810001/sustained/149,149,detection,normal,94473311562,6000000000,succeeded,94473311562,CPU,95577428277.27078,95577428277.27078,95577428277.27078,95577428277,shared_development_context_mean,95578613406,96189234053,96196899721,1723588159,False,96197172237,96199165172
sustained,SHARED_EFT,610810001/sustained/150,150,classification,urgent,94861232260,1500000000,succeeded,94861232260,GPU,94861232260.0,94861232260.0,94861232260.0,94861232260,shared_development_context_mean,94862613081,95155286895,95162652156,294054635,False,95163123794,95166061735
sustained,SHARED_EFT,610810001/sustained/151,151,classification,urgent,95259674668,1500000000,succeeded,95259674668,GPU,95259674668.0,95259674668.0,95259674668.0,95259674668,shared_development_context_mean,95261055489,95553729303,95561094564,294054635,False,95561566202,95564504143
sustained,SHARED_EFT,610810001/sustained/152,152,detection,normal,95652209008,6000000000,succeeded,95652209008,CPU,96199165172.12494,96199165172.12494,96199165172.12494,96199165172,shared_development_context_mean,96200350301,96810970948,96818636616,1166427608,False,96818909132,96820902067
sustained,SHARED_EFT,610810001/sustained/153,153,classification,urgent,96064225435,1500000000,succeeded,96064225435,GPU,96064225435.0,96064225435.0,96064225435.0,96064225435,shared_development_context_mean,96065606256,96358280070,96365645331,294054635,False,96366116969,96369054910
sustained,SHARED_EFT,610810001/sustained/154,154,detection,normal,96459810125,6000000000,succeeded,96459810125,CPU,96820902066.9791,96820902066.9791,96820902066.9791,96820902067,shared_development_context_mean,96822087196,97432707843,97440373510,980563385,False,97440646027,97442638962
sustained,SHARED_EFT,610810001/sustained/155,155,classification,urgent,96870667100,1500000000,succeeded,96870667100,GPU,96870667100.0,96870667100.0,96870667100.0,96870667100,shared_development_context_mean,96872047921,97164721735,97172086996,294054635,False,97172558634,97175496575
sustained,SHARED_EFT,610810001/sustained/156,156,classification,urgent,97285687404,1500000000,succeeded,97285687404,GPU,97285687404.0,97285687404.0,97285687404.0,97285687404,shared_development_context_mean,97287068225,97579742039,97587107300,294054635,False,97587578938,97590516879
sustained,SHARED_EFT,610810001/sustained/157,157,detection,normal,97677633976,6000000000,succeeded,97677633976,CPU,97677633976.0,97677633976.0,97677633976.0,97677633976,shared_development_context_mean,97678819105,98289439752,98297105419,619471443,False,98297377936,98299370871
sustained,SHARED_EFT,610810001/sustained/158,158,classification,urgent,98088612972,1500000000,succeeded,98088612972,GPU,98088612972.0,98088612972.0,98088612972.0,98088612972,shared_development_context_mean,98089993793,98382667607,98390032868,294054635,False,98390504506,98393442447
sustained,SHARED_EFT,610810001/sustained/159,159,classification,urgent,98506671753,1500000000,succeeded,98506671753,CPU,98506671753.0,98506671753.0,98506671753.0,98506671753,shared_development_context_mean,98508245926,98662851684,98669359963,156179931,False,98669635409,98671888029
sustained,SHARED_EFT,610810001/sustained/160,160,classification,urgent,98892140484,1500000000,succeeded,98892140484,CPU,98892140484.0,98892140484.0,98892140484.0,98892140484,shared_development_context_mean,98893714657,99048320415,99054828694,156179931,False,99055104140,99057356760
sustained,SHARED_EFT,610810001/sustained/161,161,detection,normal,99301886314,6000000000,succeeded,99301886314,CPU,99301886314.0,99301886314.0,99301886314.0,99301886314,shared_development_context_mean,99303071443,99913692090,99921357757,619471443,False,99921630274,99923623209
sustained,SHARED_EFT,610810001/sustained/162,162,detection,normal,99716866614,6000000000,succeeded,99716866614,CPU,99923623208.85416,99923623208.85416,99923623208.85416,99923623209,shared_development_context_mean,99924808338,100535428985,100543094652,826228038,False,100543367169,100545360104
sustained,SHARED_EFT,610810001/sustained/163,163,classification,urgent,100128076037,1500000000,succeeded,100128076037,GPU,100128076037.0,100128076037.0,100128076037.0,100128076037,shared_development_context_mean,100129456858,100422130672,100429495933,294054635,False,100429967571,100432905512
sustained,SHARED_EFT,610810001/sustained/164,164,detection,normal,100526097776,6000000000,succeeded,100526097776,CPU,100545360103.70831,100545360103.70831,100545360103.70831,100545360104,shared_development_context_mean,100546545232,101157165879,101164831547,638733771,False,101165104064,101167096999
sustained,SHARED_EFT,610810001/sustained/165,165,detection,normal,100912147942,6000000000,succeeded,100912147942,CPU,101167096998.56247,101167096998.56247,101167096998.56247,101167096999,shared_development_context_mean,101168282127,101778902774,101786568442,874420500,False,101786840959,101788833893
sustained,SHARED_EFT,610810001/sustained/166,166,detection,normal,101298782555,6000000000,succeeded,101298782555,CPU,101788833893.41663,101788833893.41663,101788833893.41663,101788833893,shared_development_context_mean,101790019022,102400639669,102408305337,1109522782,False,102408577853,102410570788
sustained,SHARED_EFT,610810001/sustained/167,167,classification,urgent,101693708479,1500000000,succeeded,101693708479,GPU,101693708479.0,101693708479.0,101693708479.0,101693708479,shared_development_context_mean,101695089300,101987763114,101995128375,294054635,False,101995600013,101998537954
sustained,SHARED_EFT,610810001/sustained/168,168,detection,normal,102091082388,6000000000,succeeded,102091082388,CPU,102410570788.27078,102410570788.27078,102410570788.27078,102410570788,shared_development_context_mean,102411755917,103022376564,103030042232,938959844,False,103030314748,103032307683
sustained,SHARED_EFT,610810001/sustained/169,169,detection,normal,102474146544,6000000000,succeeded,102474146544,CPU,103032307683.12494,103032307683.12494,103032307683.12494,103032307683,shared_development_context_mean,103033492812,103644113459,103651779127,1177632583,False,103652051643,103654044578
sustained,SHARED_EFT,610810001/sustained/170,170,classification,urgent,102883940266,1500000000,succeeded,102883940266,GPU,102883940266.0,102883940266.0,102883940266.0,102883940266,shared_development_context_mean,102885321087,103177994901,103185360162,294054635,False,103185831800,103188769741
sustained,SHARED_EFT,610810001/sustained/171,171,classification,urgent,103281389703,1500000000,succeeded,103281389703,GPU,103281389703.0,103281389703.0,103281389703.0,103281389703,shared_development_context_mean,103282770524,103575444338,103582809599,294054635,False,103583281237,103586219178
sustained,SHARED_EFT,610810001/sustained/172,172,classification,urgent,103674987700,1500000000,succeeded,103674987700,CPU,103674987700.0,103674987700.0,103674987700.0,103674987700,shared_development_context_mean,103676561873,103831167631,103837675910,156179931,False,103837951356,103840203976
sustained,SHARED_EFT,610810001/sustained/173,173,classification,urgent,104069768185,1500000000,succeeded,104069768185,CPU,104069768185.0,104069768185.0,104069768185.0,104069768185,shared_development_context_mean,104071342358,104225948116,104232456395,156179931,False,104232731841,104234984461
sustained,SHARED_EFT,610810001/sustained/174,174,detection,normal,104465101524,6000000000,succeeded,104465101524,CPU,104465101524.0,104465101524.0,104465101524.0,104465101524,shared_development_context_mean,104466286653,105076907300,105084572967,619471443,False,105084845484,105086838419
sustained,SHARED_EFT,610810001/sustained/175,175,classification,urgent,104855927132,1500000000,succeeded,104855927132,GPU,104855927132.0,104855927132.0,104855927132.0,104855927132,shared_development_context_mean,104857307953,105149981767,105157347028,294054635,False,105157818666,105160756607
sustained,SHARED_EFT,610810001/sustained/176,176,classification,urgent,105240841639,1500000000,succeeded,105240841639,CPU,105240841639.0,105240841639.0,105240841639.0,105240841639,shared_development_context_mean,105242415812,105397021570,105403529849,156179931,False,105403805295,105406057915
sustained,SHARED_EFT,610810001/sustained/177,177,classification,urgent,105632709290,1500000000,succeeded,105632709290,CPU,105632709290.0,105632709290.0,105632709290.0,105632709290,shared_development_context_mean,105634283463,105788889221,105795397500,156179931,False,105795672946,105797925566
sustained,SHARED_EFT,610810001/sustained/178,178,classification,urgent,106040927119,1500000000,succeeded,106040927119,CPU,106040927119.0,106040927119.0,106040927119.0,106040927119,shared_development_context_mean,106042501292,106197107050,106203615329,156179931,False,106203890775,106206143395
sustained,SHARED_EFT,610810001/sustained/179,179,detection,normal,106448538499,6000000000,succeeded,106448538499,CPU,106448538499.0,106448538499.0,106448538499.0,106448538499,shared_development_context_mean,106449723628,107060344275,107068009942,619471443,False,107068282459,107070275394
sustained,SHARED_EFT,610810001/sustained/180,180,classification,urgent,106848930247,1500000000,succeeded,106848930247,GPU,106848930247.0,106848930247.0,106848930247.0,106848930247,shared_development_context_mean,106850311068,107142984882,107150350143,294054635,False,107150821781,107153759722
sustained,SHARED_EFT,610810001/sustained/181,181,detection,normal,107244440734,6000000000,succeeded,107244440734,CPU,107244440734.0,107244440734.0,107244440734.0,107244440734,shared_development_context_mean,107245625863,107856246510,107863912177,619471443,False,107864184694,107866177629
sustained,SHARED_EFT,610810001/sustained/182,182,detection,normal,107644104830,6000000000,succeeded,107644104830,CPU,107866177628.85416,107866177628.85416,107866177628.85416,107866177629,shared_development_context_mean,107867362758,108477983405,108485649072,841544242,False,108485921589,108487914524
sustained,SHARED_EFT,610810001/sustained/183,183,detection,normal,108062881154,6000000000,succeeded,108062881154,CPU,108487914523.70831,108487914523.70831,108487914523.70831,108487914524,shared_development_context_mean,108489099652,109099720299,109107385967,1044504813,False,109107658484,109109651419
sustained,SHARED_EFT,610810001/sustained/184,184,detection,normal,108448871848,6000000000,succeeded,108448871848,CPU,109109651418.56247,109109651418.56247,109109651418.56247,109109651419,shared_development_context_mean,109110836547,109721457194,109729122862,1280251014,False,109729395379,109731388313
sustained,SHARED_EFT,610810001/sustained/185,185,detection,normal,108831727430,6000000000,succeeded,108831727430,CPU,109731388313.41663,109731388313.41663,109731388313.41663,109731388313,shared_development_context_mean,109732573442,110343194089,110350859757,1519132327,False,110351132273,110353125208
sustained,SHARED_EFT,610810001/sustained/186,186,classification,urgent,109246236275,1500000000,succeeded,109246236275,GPU,109246236275.0,109246236275.0,109246236275.0,109246236275,shared_development_context_mean,109247617096,109540290910,109547656171,294054635,False,109548127809,109551065750
sustained,SHARED_EFT,610810001/sustained/187,187,detection,normal,109650757417,6000000000,succeeded,109650757417,CPU,110353125208.27078,110353125208.27078,110353125208.27078,110353125208,shared_development_context_mean,110354310337,110964930984,110972596652,1321839235,False,110972869168,110974862103
sustained,SHARED_EFT,610810001/sustained/188,188,classification,urgent,110049811645,1500000000,succeeded,110049811645,GPU,110049811645.0,110049811645.0,110049811645.0,110049811645,shared_development_context_mean,110051192466,110343866280,110351231541,294054635,False,110351703179,110354641120
sustained,SHARED_EFT,610810001/sustained/189,189,detection,normal,110434835375,6000000000,succeeded,110434835375,CPU,110974862103.12494,110974862103.12494,110974862103.12494,110974862103,shared_development_context_mean,110976047232,111586667879,111594333547,1159498172,False,111594606063,111596598998
sustained,SHARED_EFT,610810001/sustained/190,190,detection,normal,110841595300,6000000000,succeeded,110841595300,CPU,111596598997.9791,111596598997.9791,111596598997.9791,111596598998,shared_development_context_mean,111597784127,112208404774,112216070441,1374475141,False,112216342958,112218335893
sustained,SHARED_EFT,610810001/sustained/191,191,detection,normal,111259456638,6000000000,succeeded,111259456638,CPU,112218335892.83325,112218335892.83325,112218335892.83325,112218335893,shared_development_context_mean,112219521022,112830141669,112837807336,1578350698,False,112838079853,112840072788
sustained,BAND_HEFT_WHOLE_REQUEST_ADAPT_V1,610810001/sustained/0,0,classification,urgent,35000000000,1500000000,succeeded,35000000000,CPU,35000000000.0,35000000000.0,35000000000.0,35000000000,shared_development_context_mean,35001574173,35156179931,35162688210,156179931,False,35162963656,35165216276
sustained,BAND_HEFT_WHOLE_REQUEST_ADAPT_V1,610810001/sustained/1,1,classification,urgent,35383011853,1500000000,succeeded,35383011853,CPU,35383011853.0,35383011853.0,35383011853.0,35383011853,shared_development_context_mean,35384586026,35539191784,35545700063,156179931,False,35545975509,35548228129
sustained,BAND_HEFT_WHOLE_REQUEST_ADAPT_V1,610810001/sustained/2,2,detection,normal,35767774281,6000000000,succeeded,35767774281,CPU,35767774281.0,35767774281.0,35767774281.0,35767774281,shared_development_context_mean,35768959410,36379580057,36387245724,619471443,False,36387518241,36389511176
sustained,BAND_HEFT_WHOLE_REQUEST_ADAPT_V1,610810001/sustained/3,3,classification,urgent,36149588174,1500000000,succeeded,36149588174,GPU,36149588174.0,36149588174.0,36149588174.0,36149588174,shared_development_context_mean,36150968995,36443642809,36451008070,294054635,False,36451479708,36454417649
sustained,BAND_HEFT_WHOLE_REQUEST_ADAPT_V1,610810001/sustained/4,4,classification,urgent,36532246217,1500000000,succeeded,36532246217,CPU,36532246217.0,36532246217.0,36532246217.0,36532246217,shared_development_context_mean,36533820390,36688426148,36694934427,156179931,False,36695209873,36697462493
sustained,BAND_HEFT_WHOLE_REQUEST_ADAPT_V1,610810001/sustained/5,5,detection,normal,36943000353,6000000000,succeeded,36943000353,CPU,36943000353.0,36943000353.0,36943000353.0,36943000353,shared_development_context_mean,36944185482,37554806129,37562471796,619471443,False,37562744313,37564737248
sustained,BAND_HEFT_WHOLE_REQUEST_ADAPT_V1,610810001/sustained/6,6,classification,urgent,37358861397,1500000000,succeeded,37358861397,GPU,37358861397.0,37358861397.0,37358861397.0,37358861397,shared_development_context_mean,37360242218,37652916032,37660281293,294054635,False,37660752931,37663690872
sustained,BAND_HEFT_WHOLE_REQUEST_ADAPT_V1,610810001/sustained/7,7,detection,normal,37763267022,6000000000,succeeded,37763267022,CPU,37763267022.0,37763267022.0,37763267022.0,37763267022,shared_development_context_mean,37764452151,38375072798,38382738465,619471443,False,38383010982,38385003917
sustained,BAND_HEFT_WHOLE_REQUEST_ADAPT_V1,610810001/sustained/8,8,classification,urgent,38175871106,1500000000,succeeded,38175871106,GPU,38175871106.0,38175871106.0,38175871106.0,38175871106,shared_development_context_mean,38177251927,38469925741,38477291002,294054635,False,38477762640,38480700581
sustained,BAND_HEFT_WHOLE_REQUEST_ADAPT_V1,610810001/sustained/9,9,detection,normal,38587654396,6000000000,succeeded,38587654396,CPU,38587654396.0,38587654396.0,38587654396.0,38587654396,shared_development_context_mean,38588839525,39199460172,39207125839,619471443,False,39207398356,39209391291
sustained,BAND_HEFT_WHOLE_REQUEST_ADAPT_V1,610810001/sustained/10,10,detection,normal,38987130461,6000000000,succeeded,38987130461,CPU,39209391290.854164,39209391290.854164,39209391290.854164,39209391291,shared_development_context_mean,39210576420,39821197067,39828862734,841732273,False,39829135251,39831128186
sustained,BAND_HEFT_WHOLE_REQUEST_ADAPT_V1,610810001/sustained/11,11,classification,urgent,39381835341,1500000000,succeeded,39381835341,GPU,39381835341.0,39381835341.0,39381835341.0,39381835341,shared_development_context_mean,39383216162,39675889976,39683255237,294054635,False,39683726875,39686664816
sustained,BAND_HEFT_WHOLE_REQUEST_ADAPT_V1,610810001/sustained/12,12,detection,normal,39800843935,6000000000,succeeded,39800843935,CPU,39831128185.70833,39831128185.70833,39831128185.70833,39831128186,shared_development_context_mean,39832313314,40442933961,40450599629,649755694,False,40450872146,40452865081
sustained,BAND_HEFT_WHOLE_REQUEST_ADAPT_V1,610810001/sustained/13,13,classification,urgent,40197008897,1500000000,succeeded,40197008897,GPU,40197008897.0,40197008897.0,40197008897.0,40197008897,shared_development_context_mean,40198389718,40491063532,40498428793,294054635,False,40498900431,40501838372
sustained,BAND_HEFT_WHOLE_REQUEST_ADAPT_V1,610810001/sustained/14,14,detection,normal,40586078191,6000000000,succeeded,40586078191,CPU,40586078191.0,40586078191.0,40586078191.0,40586078191,shared_development_context_mean,40587263320,41197883967,41205549634,619471443,False,41205822151,41207815086
sustained,BAND_HEFT_WHOLE_REQUEST_ADAPT_V1,610810001/sustained/15,15,classification,urgent,41005104733,1500000000,succeeded,41005104733,GPU,41005104733.0,41005104733.0,41005104733.0,41005104733,shared_development_context_mean,41006485554,41299159368,41306524629,294054635,False,41306996267,41309934208
sustained,BAND_HEFT_WHOLE_REQUEST_ADAPT_V1,610810001/sustained/16,16,detection,normal,41400938572,6000000000,succeeded,41400938572,CPU,41400938572.0,41400938572.0,41400938572.0,41400938572,shared_development_context_mean,41402123701,42012744348,42020410015,619471443,False,42020682532,42022675467
sustained,BAND_HEFT_WHOLE_REQUEST_ADAPT_V1,610810001/sustained/17,17,detection,normal,41787139062,6000000000,succeeded,41787139062,CPU,42022675466.854164,42022675466.854164,42022675466.854164,42022675467,shared_development_context_mean,42023860596,42634481243,42642146910,855007848,False,42642419427,42644412362
sustained,BAND_HEFT_WHOLE_REQUEST_ADAPT_V1,610810001/sustained/18,18,detection,normal,42192341496,6000000000,succeeded,42192341496,CPU,42644412361.70833,42644412361.70833,42644412361.70833,42644412362,shared_development_context_mean,42645597490,43256218137,43263883805,1071542309,False,43264156322,43266149257
sustained,BAND_HEFT_WHOLE_REQUEST_ADAPT_V1,610810001/sustained/19,19,detection,normal,42585724390,6000000000,succeeded,42585724390,CPU,43266149256.56249,43266149256.56249,43266149256.56249,43266149257,shared_development_context_mean,43267334385,43877955032,43885620700,1299896310,False,43885893217,43887886151
sustained,BAND_HEFT_WHOLE_REQUEST_ADAPT_V1,610810001/sustained/20,20,classification,urgent,42972811447,1500000000,succeeded,42972811447,GPU,42972811447.0,42972811447.0,42972811447.0,42972811447,shared_development_context_mean,42974192268,43266866082,43274231343,294054635,False,43274702981,43277640922
sustained,BAND_HEFT_WHOLE_REQUEST_ADAPT_V1,610810001/sustained/21,21,detection,normal,43376904063,6000000000,succeeded,43376904063,CPU,43887886151.41666,43887886151.41666,43887886151.41666,43887886151,shared_development_context_mean,43889071280,44499691927,44507357595,1130453532,False,44507630111,44509623046
sustained,BAND_HEFT_WHOLE_REQUEST_ADAPT_V1,610810001/sustained/22,22,classification,urgent,43771013673,1500000000,succeeded,43771013673,GPU,43771013673.0,43771013673.0,43771013673.0,43771013673,shared_development_context_mean,43772394494,44065068308,44072433569,294054635,False,44072905207,44075843148
sustained,BAND_HEFT_WHOLE_REQUEST_ADAPT_V1,610810001/sustained/23,23,classification,urgent,44158057603,1500000000,succeeded,44158057603,GPU,44158057603.0,44158057603.0,44158057603.0,44158057603,shared_development_context_mean,44159438424,44452112238,44459477499,294054635,False,44459949137,44462887078
sustained,BAND_HEFT_WHOLE_REQUEST_ADAPT_V1,610810001/sustained/24,24,classification,urgent,44552115778,1500000000,succeeded,44552115778,CPU,44552115778.0,44552115778.0,44552115778.0,44552115778,shared_development_context_mean,44553689951,44708295709,44714803988,156179931,False,44715079434,44717332054
sustained,BAND_HEFT_WHOLE_REQUEST_ADAPT_V1,610810001/sustained/25,25,classification,urgent,44957915866,1500000000,succeeded,44957915866,CPU,44957915866.0,44957915866.0,44957915866.0,44957915866,shared_development_context_mean,44959490039,45114095797,45120604076,156179931,False,45120879522,45123132142
sustained,BAND_HEFT_WHOLE_REQUEST_ADAPT_V1,610810001/sustained/26,26,detection,normal,45361456942,6000000000,succeeded,45361456942,CPU,45361456942.0,45361456942.0,45361456942.0,45361456942,shared_development_context_mean,45362642071,45973262718,45980928385,619471443,False,45981200902,45983193837
sustained,BAND_HEFT_WHOLE_REQUEST_ADAPT_V1,610810001/sustained/27,27,classification,urgent,45754155826,1500000000,succeeded,45754155826,GPU,45754155826.0,45754155826.0,45754155826.0,45754155826,shared_development_context_mean,45755536647,46048210461,46055575722,294054635,False,46056047360,46058985301
sustained,BAND_HEFT_WHOLE_REQUEST_ADAPT_V1,610810001/sustained/28,28,classification,urgent,46135601008,1500000000,succeeded,46135601008,CPU,46135601008.0,46135601008.0,46135601008.0,46135601008,shared_development_context_mean,46137175181,46291780939,46298289218,156179931,False,46298564664,46300817284
sustained,BAND_HEFT_WHOLE_REQUEST_ADAPT_V1,610810001/sustained/29,29,classification,urgent,46533320331,1500000000,succeeded,46533320331,CPU,46533320331.0,46533320331.0,46533320331.0,46533320331,shared_development_context_mean,46534894504,46689500262,46696008541,156179931,False,46696283987,46698536607
sustained,BAND_HEFT_WHOLE_REQUEST_ADAPT_V1,610810001/sustained/30,30,detection,normal,46950967677,6000000000,succeeded,46950967677,CPU,46950967677.0,46950967677.0,46950967677.0,46950967677,shared_development_context_mean,46952152806,47562773453,47570439120,619471443,False,47570711637,47572704572
sustained,BAND_HEFT_WHOLE_REQUEST_ADAPT_V1,610810001/sustained/31,31,detection,normal,47343259463,6000000000,succeeded,47343259463,CPU,47572704571.854164,47572704571.854164,47572704571.854164,47572704572,shared_development_context_mean,47573889701,48184510348,48192176015,848916552,False,48192448532,48194441467
sustained,BAND_HEFT_WHOLE_REQUEST_ADAPT_V1,610810001/sustained/32,32,classification,urgent,47753685231,1500000000,succeeded,47753685231,GPU,47753685231.0,47753685231.0,47753685231.0,47753685231,shared_development_context_mean,47755066052,48047739866,48055105127,294054635,False,48055576765,48058514706
sustained,BAND_HEFT_WHOLE_REQUEST_ADAPT_V1,610810001/sustained/33,33,classification,urgent,48143877339,1500000000,succeeded,48143877339,CPU,48194441466.70833,48194441466.70833,48194441466.70833,48194441467,shared_development_context_mean,48196015640,48350621398,48357129677,206744059,False,48357405122,48359657742
sustained,BAND_HEFT_WHOLE_REQUEST_ADAPT_V1,610810001/sustained/34,34,detection,normal,48548501108,6000000000,succeeded,48548501108,CPU,48548501108.0,48548501108.0,48548501108.0,48548501108,shared_development_context_mean,48549686237,49160306884,49167972551,619471443,False,49168245068,49170238003
sustained,BAND_HEFT_WHOLE_REQUEST_ADAPT_V1,610810001/sustained/35,35,detection,normal,48940679009,6000000000,succeeded,48940679009,CPU,49170238002.854164,49170238002.854164,49170238002.854164,49170238003,shared_development_context_mean,49171423132,49782043779,49789709446,849030437,False,49789981963,49791974898
sustained,BAND_HEFT_WHOLE_REQUEST_ADAPT_V1,610810001/sustained/36,36,classification,urgent,49323061149,1500000000,succeeded,49323061149,GPU,49323061149.0,49323061149.0,49323061149.0,49323061149,shared_development_context_mean,49324441970,49617115784,49624481045,294054635,False,49624952683,49627890624
sustained,BAND_HEFT_WHOLE_REQUEST_ADAPT_V1,610810001/sustained/37,37,detection,normal,49707250613,6000000000,succeeded,49707250613,CPU,49791974897.70833,49791974897.70833,49791974897.70833,49791974898,shared_development_context_mean,49793160026,50403780673,50411446341,704195728,False,50411718858,50413711793
sustained,BAND_HEFT_WHOLE_REQUEST_ADAPT_V1,610810001/sustained/38,38,detection,normal,50123893272,6000000000,succeeded,50123893272,CPU,50413711792.56249,50413711792.56249,50413711792.56249,50413711793,shared_development_context_mean,50414896921,51025517568,51033183236,909289964,False,51033455753,51035448687
sustained,BAND_HEFT_WHOLE_REQUEST_ADAPT_V1,610810001/sustained/39,39,detection,normal,50533054387,6000000000,succeeded,50533054387,CPU,51035448687.41666,51035448687.41666,51035448687.41666,51035448687,shared_development_context_mean,51036633816,51647254463,51654920131,1121865744,False,51655192647,51657185582
sustained,BAND_HEFT_WHOLE_REQUEST_ADAPT_V1,610810001/sustained/40,40,classification,urgent,50926936420,1500000000,succeeded,50926936420,GPU,50926936420.0,50926936420.0,50926936420.0,50926936420,shared_development_context_mean,50928317241,51220991055,51228356316,294054635,False,51228827954,51231765895
sustained,BAND_HEFT_WHOLE_REQUEST_ADAPT_V1,610810001/sustained/41,41,classification,urgent,51318387695,1500000000,succeeded,51318387695,GPU,51318387695.0,51318387695.0,51318387695.0,51318387695,shared_development_context_mean,51319768516,51612442330,51619807591,294054635,False,51620279229,51623217170
sustained,BAND_HEFT_WHOLE_REQUEST_ADAPT_V1,610810001/sustained/42,42,detection,normal,51704149682,6000000000,succeeded,51704149682,CPU,51704149682.0,51704149682.0,51704149682.0,51704149682,shared_development_context_mean,51705334811,52315955458,52323621125,619471443,False,52323893642,52325886577
sustained,BAND_HEFT_WHOLE_REQUEST_ADAPT_V1,610810001/sustained/43,43,detection,normal,52096271588,6000000000,succeeded,52096271588,CPU,52325886576.854164,52325886576.854164,52325886576.854164,52325886577,shared_development_context_mean,52327071706,52937692353,52945358020,849086432,False,52945630537,52947623472
sustained,BAND_HEFT_WHOLE_REQUEST_ADAPT_V1,610810001/sustained/44,44,classification,urgent,52480564263,1500000000,succeeded,52480564263,GPU,52480564263.0,52480564263.0,52480564263.0,52480564263,shared_development_context_mean,52481945084,52774618898,52781984159,294054635,False,52782455797,52785393738
sustained,BAND_HEFT_WHOLE_REQUEST_ADAPT_V1,610810001/sustained/45,45,detection,normal,52895920313,6000000000,succeeded,52895920313,CPU,52947623471.70833,52947623471.70833,52947623471.70833,52947623472,shared_development_context_mean,52948808600,53559429247,53567094915,671174602,False,53567367432,53569360367
sustained,BAND_HEFT_WHOLE_REQUEST_ADAPT_V1,610810001/sustained/46,46,detection,normal,53286410151,6000000000,succeeded,53286410151,CPU,53569360366.56249,53569360366.56249,53569360366.56249,53569360367,shared_development_context_mean,53570545495,54181166142,54188831810,902421659,False,54189104327,54191097261
sustained,BAND_HEFT_WHOLE_REQUEST_ADAPT_V1,610810001/sustained/47,47,detection,normal,53703283625,6000000000,succeeded,53703283625,CPU,54191097261.41666,54191097261.41666,54191097261.41666,54191097261,shared_development_context_mean,54192282390,54802903037,54810568705,1107285080,False,54810841221,54812834156
sustained,BAND_HEFT_WHOLE_REQUEST_ADAPT_V1,610810001/sustained/48,48,detection,normal,54117249915,6000000000,succeeded,54117249915,CPU,54812834156.27082,54812834156.27082,54812834156.27082,54812834156,shared_development_context_mean,54814019285,55424639932,55432305600,1315055685,False,55432578116,55434571051
sustained,BAND_HEFT_WHOLE_REQUEST_ADAPT_V1,610810001/sustained/49,49,classification,urgent,54497329263,1500000000,succeeded,54497329263,GPU,54497329263.0,54497329263.0,54497329263.0,54497329263,shared_development_context_mean,54498710084,54791383898,54798749159,294054635,False,54799220797,54802158738
sustained,BAND_HEFT_WHOLE_REQUEST_ADAPT_V1,610810001/sustained/50,50,detection,normal,54914267005,6000000000,succeeded,54914267005,CPU,55434571051.124985,55434571051.124985,55434571051.124985,55434571051,shared_development_context_mean,55435756180,56046376827,56054042495,1139775490,False,56054315011,56056307946
sustained,BAND_HEFT_WHOLE_REQUEST_ADAPT_V1,610810001/sustained/51,51,classification,urgent,55314109519,1500000000,succeeded,55314109519,GPU,55314109519.0,55314109519.0,55314109519.0,55314109519,shared_development_context_mean,55315490340,55608164154,55615529415,294054635,False,55616001053,55618938994
sustained,BAND_HEFT_WHOLE_REQUEST_ADAPT_V1,610810001/sustained/52,52,detection,normal,55702407061,6000000000,succeeded,55702407061,CPU,56056307945.97915,56056307945.97915,56056307945.97915,56056307946,shared_development_context_mean,56057493075,56668113722,56675779389,973372328,False,56676051906,56678044841
sustained,BAND_HEFT_WHOLE_REQUEST_ADAPT_V1,610810001/sustained/53,53,detection,normal,56120955604,6000000000,succeeded,56120955604,CPU,56678044840.83331,56678044840.83331,56678044840.83331,56678044841,shared_development_context_mean,56679229970,57289850617,57297516284,1176560680,False,57297788801,57299781736
sustained,BAND_HEFT_WHOLE_REQUEST_ADAPT_V1,610810001/sustained/54,54,classification,urgent,56501476382,1500000000,succeeded,56501476382,GPU,56501476382.0,56501476382.0,56501476382.0,56501476382,shared_development_context_mean,56502857203,56795531017,56802896278,294054635,False,56803367916,56806305857
sustained,BAND_HEFT_WHOLE_REQUEST_ADAPT_V1,610810001/sustained/55,55,classification,urgent,56897783038,1500000000,succeeded,56897783038,GPU,56897783038.0,56897783038.0,56897783038.0,56897783038,shared_development_context_mean,56899163859,57191837673,57199202934,294054635,False,57199674572,57202612513
sustained,BAND_HEFT_WHOLE_REQUEST_ADAPT_V1,610810001/sustained/56,56,classification,urgent,57314770647,1500000000,succeeded,57314770647,CPU,57314770647.0,57314770647.0,57314770647.0,57314770647,shared_development_context_mean,57316344820,57470950578,57477458857,156179931,False,57477734303,57479986923
sustained,BAND_HEFT_WHOLE_REQUEST_ADAPT_V1,610810001/sustained/57,57,detection,normal,57696485661,6000000000,succeeded,57696485661,CPU,57696485661.0,57696485661.0,57696485661.0,57696485661,shared_development_context_mean,57697670790,58308291437,58315957104,619471443,False,58316229621,58318222556
sustained,BAND_HEFT_WHOLE_REQUEST_ADAPT_V1,610810001/sustained/58,58,detection,normal,58100504823,6000000000,succeeded,58100504823,CPU,58318222555.854164,58318222555.854164,58318222555.854164,58318222556,shared_development_context_mean,58319407685,58930028332,58937693999,837189176,False,58937966516,58939959451
sustained,BAND_HEFT_WHOLE_REQUEST_ADAPT_V1,610810001/sustained/59,59,classification,urgent,58494105935,1500000000,succeeded,58494105935,GPU,58494105935.0,58494105935.0,58494105935.0,58494105935,shared_development_context_mean,58495486756,58788160570,58795525831,294054635,False,58795997469,58798935410
sustained,BAND_HEFT_WHOLE_REQUEST_ADAPT_V1,610810001/sustained/60,60,detection,normal,58911490698,6000000000,succeeded,58911490698,CPU,58939959450.70833,58939959450.70833,58939959450.70833,58939959451,shared_development_context_mean,58941144579,59551765226,59559430894,647940196,False,59559703411,59561696346
sustained,BAND_HEFT_WHOLE_REQUEST_ADAPT_V1,610810001/sustained/61,61,classification,urgent,59295134990,1500000000,succeeded,59295134990,GPU,59295134990.0,59295134990.0,59295134990.0,59295134990,shared_development_context_mean,59296515811,59589189625,59596554886,294054635,False,59597026524,59599964465
sustained,BAND_HEFT_WHOLE_REQUEST_ADAPT_V1,610810001/sustained/62,62,detection,normal,59700477396,6000000000,succeeded,59700477396,CPU,59700477396.0,59700477396.0,59700477396.0,59700477396,shared_development_context_mean,59701662525,60312283172,60319948839,619471443,False,60320221356,60322214291
sustained,BAND_HEFT_WHOLE_REQUEST_ADAPT_V1,610810001/sustained/63,63,classification,urgent,60110659494,1500000000,succeeded,60110659494,GPU,60110659494.0,60110659494.0,60110659494.0,60110659494,shared_development_context_mean,60112040315,60404714129,60412079390,294054635,False,60412551028,60415488969
sustained,BAND_HEFT_WHOLE_REQUEST_ADAPT_V1,610810001/sustained/64,64,classification,urgent,60503180465,1500000000,succeeded,60503180465,CPU,60503180465.0,60503180465.0,60503180465.0,60503180465,shared_development_context_mean,60504754638,60659360396,60665868675,156179931,False,60666144121,60668396741
sustained,BAND_HEFT_WHOLE_REQUEST_ADAPT_V1,610810001/sustained/65,65,detection,normal,60916463042,6000000000,succeeded,60916463042,CPU,60916463042.0,60916463042.0,60916463042.0,60916463042,shared_development_context_mean,60917648171,61528268818,61535934485,619471443,False,61536207002,61538199937
sustained,BAND_HEFT_WHOLE_REQUEST_ADAPT_V1,610810001/sustained/66,66,classification,urgent,61299569682,1500000000,succeeded,61299569682,GPU,61299569682.0,61299569682.0,61299569682.0,61299569682,shared_development_context_mean,61300950503,61593624317,61600989578,294054635,False,61601461216,61604399157
sustained,BAND_HEFT_WHOLE_REQUEST_ADAPT_V1,610810001/sustained/67,67,classification,urgent,61685726793,1500000000,succeeded,61685726793,CPU,61685726793.0,61685726793.0,61685726793.0,61685726793,shared_development_context_mean,61687300966,61841906724,61848415003,156179931,False,61848690449,61850943069
sustained,BAND_HEFT_WHOLE_REQUEST_ADAPT_V1,610810001/sustained/68,68,detection,normal,62082015230,6000000000,succeeded,62082015230,CPU,62082015230.0,62082015230.0,62082015230.0,62082015230,shared_development_context_mean,62083200359,62693821006,62701486673,619471443,False,62701759190,62703752125
sustained,BAND_HEFT_WHOLE_REQUEST_ADAPT_V1,610810001/sustained/69,69,detection,normal,62487460798,6000000000,succeeded,62487460798,CPU,62703752124.854164,62703752124.854164,62703752124.854164,62703752125,shared_development_context_mean,62704937254,63315557901,63323223568,835762770,False,63323496085,63325489020
sustained,BAND_HEFT_WHOLE_REQUEST_ADAPT_V1,610810001/sustained/70,70,detection,normal,62872894800,6000000000,succeeded,62872894800,CPU,63325489019.70833,63325489019.70833,63325489019.70833,63325489020,shared_development_context_mean,63326674148,63937294795,63944960463,1072065663,False,63945232980,63947225915
sustained,BAND_HEFT_WHOLE_REQUEST_ADAPT_V1,610810001/sustained/71,71,detection,normal,63270110079,6000000000,succeeded,63270110079,CPU,63947225914.56249,63947225914.56249,63947225914.56249,63947225915,shared_development_context_mean,63948411043,64559031690,64566697358,1296587279,False,64566969875,64568962809
sustained,BAND_HEFT_WHOLE_REQUEST_ADAPT_V1,610810001/sustained/72,72,detection,normal,63680563080,6000000000,succeeded,63680563080,CPU,64568962809.41666,64568962809.41666,64568962809.41666,64568962809,shared_development_context_mean,64570147938,65180768585,65188434253,1507871173,False,65188706769,65190699704
sustained,BAND_HEFT_WHOLE_REQUEST_ADAPT_V1,610810001/sustained/73,73,detection,normal,64094719343,6000000000,succeeded,64094719343,CPU,65190699704.27082,65190699704.27082,65190699704.27082,65190699704,shared_development_context_mean,65191884833,65802505480,65810171148,1715451805,False,65810443664,65812436599
sustained,BAND_HEFT_WHOLE_REQUEST_ADAPT_V1,610810001/sustained/74,74,classification,urgent,64500915432,1500000000,succeeded,64500915432,GPU,64500915432.0,64500915432.0,64500915432.0,64500915432,shared_development_context_mean,64502296253,64794970067,64802335328,294054635,False,64802806966,64805744907
sustained,BAND_HEFT_WHOLE_REQUEST_ADAPT_V1,610810001/sustained/75,75,classification,urgent,64905496422,1500000000,succeeded,64905496422,GPU,64905496422.0,64905496422.0,64905496422.0,64905496422,shared_development_context_mean,64906877243,65199551057,65206916318,294054635,False,65207387956,65210325897
sustained,BAND_HEFT_WHOLE_REQUEST_ADAPT_V1,610810001/sustained/76,76,detection,normal,65311650708,6000000000,succeeded,65311650708,CPU,65812436599.124985,65812436599.124985,65812436599.124985,65812436599,shared_development_context_mean,65813621728,66424242375,66431908043,1120257335,False,66432180559,66434173494
sustained,BAND_HEFT_WHOLE_REQUEST_ADAPT_V1,610810001/sustained/77,77,classification,urgent,65695296070,1500000000,succeeded,65695296070,GPU,65695296070.0,65695296070.0,65695296070.0,65695296070,shared_development_context_mean,65696676891,65989350705,65996715966,294054635,False,65997187604,66000125545
sustained,BAND_HEFT_WHOLE_REQUEST_ADAPT_V1,610810001/sustained/78,78,classification,urgent,66110790785,1500000000,succeeded,66110790785,GPU,66110790785.0,66110790785.0,66110790785.0,66110790785,shared_development_context_mean,66112171606,66404845420,66412210681,294054635,False,66412682319,66415620260
sustained,BAND_HEFT_WHOLE_REQUEST_ADAPT_V1,610810001/sustained/79,79,classification,urgent,66492785337,1500000000,succeeded,66492785337,CPU,66492785337.0,66492785337.0,66492785337.0,66492785337,shared_development_context_mean,66494359510,66648965268,66655473547,156179931,False,66655748993,66658001613
sustained,BAND_HEFT_WHOLE_REQUEST_ADAPT_V1,610810001/sustained/80,80,detection,normal,66884003702,6000000000,succeeded,66884003702,CPU,66884003702.0,66884003702.0,66884003702.0,66884003702,shared_development_context_mean,66885188831,67495809478,67503475145,619471443,False,67503747662,67505740597
sustained,BAND_HEFT_WHOLE_REQUEST_ADAPT_V1,610810001/sustained/81,81,classification,urgent,67286061781,1500000000,succeeded,67286061781,GPU,67286061781.0,67286061781.0,67286061781.0,67286061781,shared_development_context_mean,67287442602,67580116416,67587481677,294054635,False,67587953315,67590891256
sustained,BAND_HEFT_WHOLE_REQUEST_ADAPT_V1,610810001/sustained/82,82,detection,normal,67667964379,6000000000,succeeded,67667964379,CPU,67667964379.0,67667964379.0,67667964379.0,67667964379,shared_development_context_mean,67669149508,68279770155,68287435822,619471443,False,68287708339,68289701274
sustained,BAND_HEFT_WHOLE_REQUEST_ADAPT_V1,610810001/sustained/83,83,classification,urgent,68067496172,1500000000,succeeded,68067496172,GPU,68067496172.0,68067496172.0,68067496172.0,68067496172,shared_development_context_mean,68068876993,68361550807,68368916068,294054635,False,68369387706,68372325647
sustained,BAND_HEFT_WHOLE_REQUEST_ADAPT_V1,610810001/sustained/84,84,classification,urgent,68447798722,1500000000,succeeded,68447798722,CPU,68447798722.0,68447798722.0,68447798722.0,68447798722,shared_development_context_mean,68449372895,68603978653,68610486932,156179931,False,68610762378,68613014998
sustained,BAND_HEFT_WHOLE_REQUEST_ADAPT_V1,610810001/sustained/85,85,detection,normal,68861756880,6000000000,succeeded,68861756880,CPU,68861756880.0,68861756880.0,68861756880.0,68861756880,shared_development_context_mean,68862942009,69473562656,69481228323,619471443,False,69481500840,69483493775
sustained,BAND_HEFT_WHOLE_REQUEST_ADAPT_V1,610810001/sustained/86,86,classification,urgent,69265127391,1500000000,succeeded,69265127391,GPU,69265127391.0,69265127391.0,69265127391.0,69265127391,shared_development_context_mean,69266508212,69559182026,69566547287,294054635,False,69567018925,69569956866
sustained,BAND_HEFT_WHOLE_REQUEST_ADAPT_V1,610810001/sustained/87,87,detection,normal,69657770984,6000000000,succeeded,69657770984,CPU,69657770984.0,69657770984.0,69657770984.0,69657770984,shared_development_context_mean,69658956113,70269576760,70277242427,619471443,False,70277514944,70279507879
sustained,BAND_HEFT_WHOLE_REQUEST_ADAPT_V1,610810001/sustained/88,88,classification,urgent,70055591180,1500000000,succeeded,70055591180,GPU,70055591180.0,70055591180.0,70055591180.0,70055591180,shared_development_context_mean,70056972001,70349645815,70357011076,294054635,False,70357482714,70360420655
sustained,BAND_HEFT_WHOLE_REQUEST_ADAPT_V1,610810001/sustained/89,89,classification,urgent,70465999054,1500000000,succeeded,70465999054,CPU,70465999054.0,70465999054.0,70465999054.0,70465999054,shared_development_context_mean,70467573227,70622178985,70628687264,156179931,False,70628962710,70631215330
sustained,BAND_HEFT_WHOLE_REQUEST_ADAPT_V1,610810001/sustained/90,90,classification,urgent,70851593015,1500000000,succeeded,70851593015,CPU,70851593015.0,70851593015.0,70851593015.0,70851593015,shared_development_context_mean,70853167188,71007772946,71014281225,156179931,False,71014556671,71016809291
sustained,BAND_HEFT_WHOLE_REQUEST_ADAPT_V1,610810001/sustained/91,91,classification,urgent,71266265777,1500000000,succeeded,71266265777,CPU,71266265777.0,71266265777.0,71266265777.0,71266265777,shared_development_context_mean,71267839950,71422445708,71428953987,156179931,False,71429229433,71431482053
sustained,BAND_HEFT_WHOLE_REQUEST_ADAPT_V1,610810001/sustained/92,92,detection,normal,71673926532,6000000000,succeeded,71673926532,CPU,71673926532.0,71673926532.0,71673926532.0,71673926532,shared_development_context_mean,71675111661,72285732308,72293397975,619471443,False,72293670492,72295663427
sustained,BAND_HEFT_WHOLE_REQUEST_ADAPT_V1,610810001/sustained/93,93,detection,normal,72061303870,6000000000,succeeded,72061303870,CPU,72295663426.85416,72295663426.85416,72295663426.85416,72295663427,shared_development_context_mean,72296848556,72907469203,72915134870,853831000,False,72915407387,72917400322
sustained,BAND_HEFT_WHOLE_REQUEST_ADAPT_V1,610810001/sustained/94,94,detection,normal,72479210835,6000000000,succeeded,72479210835,CPU,72917400321.70831,72917400321.70831,72917400321.70831,72917400322,shared_development_context_mean,72918585450,73529206097,73536871765,1057660930,False,73537144282,73539137217
sustained,BAND_HEFT_WHOLE_REQUEST_ADAPT_V1,610810001/sustained/95,95,classification,urgent,72874809791,1500000000,succeeded,72874809791,GPU,72874809791.0,72874809791.0,72874809791.0,72874809791,shared_development_context_mean,72876190612,73168864426,73176229687,294054635,False,73176701325,73179639266
sustained,BAND_HEFT_WHOLE_REQUEST_ADAPT_V1,610810001/sustained/96,96,classification,urgent,73263010102,1500000000,succeeded,73263010102,GPU,73263010102.0,73263010102.0,73263010102.0,73263010102,shared_development_context_mean,73264390923,73557064737,73564429998,294054635,False,73564901636,73567839577
sustained,BAND_HEFT_WHOLE_REQUEST_ADAPT_V1,610810001/sustained/97,97,classification,urgent,73660323274,1500000000,succeeded,73660323274,CPU,73660323274.0,73660323274.0,73660323274.0,73660323274,shared_development_context_mean,73661897447,73816503205,73823011484,156179931,False,73823286930,73825539550
sustained,BAND_HEFT_WHOLE_REQUEST_ADAPT_V1,610810001/sustained/98,98,detection,normal,74067955121,6000000000,succeeded,74067955121,CPU,74067955121.0,74067955121.0,74067955121.0,74067955121,shared_development_context_mean,74069140250,74679760897,74687426564,619471443,False,74687699081,74689692016
sustained,BAND_HEFT_WHOLE_REQUEST_ADAPT_V1,610810001/sustained/99,99,classification,urgent,74459630465,1500000000,succeeded,74459630465,GPU,74459630465.0,74459630465.0,74459630465.0,74459630465,shared_development_context_mean,74461011286,74753685100,74761050361,294054635,False,74761521999,74764459940
sustained,BAND_HEFT_WHOLE_REQUEST_ADAPT_V1,610810001/sustained/100,100,classification,urgent,74867561370,1500000000,succeeded,74867561370,CPU,74867561370.0,74867561370.0,74867561370.0,74867561370,shared_development_context_mean,74869135543,75023741301,75030249580,156179931,False,75030525026,75032777646
sustained,BAND_HEFT_WHOLE_REQUEST_ADAPT_V1,610810001/sustained/101,101,detection,normal,75254787716,6000000000,succeeded,75254787716,CPU,75254787716.0,75254787716.0,75254787716.0,75254787716,shared_development_context_mean,75255972845,75866593492,75874259159,619471443,False,75874531676,75876524611
sustained,BAND_HEFT_WHOLE_REQUEST_ADAPT_V1,610810001/sustained/102,102,detection,normal,75674355249,6000000000,succeeded,75674355249,CPU,75876524610.85416,75876524610.85416,75876524610.85416,75876524611,shared_development_context_mean,75877709740,76488330387,76495996054,821640805,False,76496268571,76498261506
sustained,BAND_HEFT_WHOLE_REQUEST_ADAPT_V1,610810001/sustained/103,103,classification,urgent,76080492777,1500000000,succeeded,76080492777,GPU,76080492777.0,76080492777.0,76080492777.0,76080492777,shared_development_context_mean,76081873598,76374547412,76381912673,294054635,False,76382384311,76385322252
sustained,BAND_HEFT_WHOLE_REQUEST_ADAPT_V1,610810001/sustained/104,104,detection,normal,76495497176,6000000000,succeeded,76495497176,CPU,76498261505.70831,76498261505.70831,76498261505.70831,76498261506,shared_development_context_mean,76499446634,77110067281,77117732949,622235773,False,77118005466,77119998401
sustained,BAND_HEFT_WHOLE_REQUEST_ADAPT_V1,610810001/sustained/105,105,classification,urgent,76909652721,1500000000,succeeded,76909652721,GPU,76909652721.0,76909652721.0,76909652721.0,76909652721,shared_development_context_mean,76911033542,77203707356,77211072617,294054635,False,77211544255,77214482196
sustained,BAND_HEFT_WHOLE_REQUEST_ADAPT_V1,610810001/sustained/106,106,detection,normal,77320736922,6000000000,succeeded,77320736922,CPU,77320736922.0,77320736922.0,77320736922.0,77320736922,shared_development_context_mean,77321922051,77932542698,77940208365,619471443,False,77940480882,77942473817
sustained,BAND_HEFT_WHOLE_REQUEST_ADAPT_V1,610810001/sustained/107,107,classification,urgent,77717917512,1500000000,succeeded,77717917512,GPU,77717917512.0,77717917512.0,77717917512.0,77717917512,shared_development_context_mean,77719298333,78011972147,78019337408,294054635,False,78019809046,78022746987
sustained,BAND_HEFT_WHOLE_REQUEST_ADAPT_V1,610810001/sustained/108,108,classification,urgent,78116729242,1500000000,succeeded,78116729242,CPU,78116729242.0,78116729242.0,78116729242.0,78116729242,shared_development_context_mean,78118303415,78272909173,78279417452,156179931,False,78279692898,78281945518
sustained,BAND_HEFT_WHOLE_REQUEST_ADAPT_V1,610810001/sustained/109,109,detection,normal,78528326634,6000000000,succeeded,78528326634,CPU,78528326634.0,78528326634.0,78528326634.0,78528326634,shared_development_context_mean,78529511763,79140132410,79147798077,619471443,False,79148070594,79150063529
sustained,BAND_HEFT_WHOLE_REQUEST_ADAPT_V1,610810001/sustained/110,110,detection,normal,78934911805,6000000000,succeeded,78934911805,CPU,79150063528.85416,79150063528.85416,79150063528.85416,79150063529,shared_development_context_mean,79151248658,79761869305,79769534972,834623167,False,79769807489,79771800424
sustained,BAND_HEFT_WHOLE_REQUEST_ADAPT_V1,610810001/sustained/111,111,detection,normal,79344156733,6000000000,succeeded,79344156733,CPU,79771800423.70831,79771800423.70831,79771800423.70831,79771800424,shared_development_context_mean,79772985552,80383606199,80391271867,1047115134,False,80391544384,80393537319
sustained,BAND_HEFT_WHOLE_REQUEST_ADAPT_V1,610810001/sustained/112,112,detection,normal,79742440272,6000000000,succeeded,79742440272,CPU,80393537318.56247,80393537318.56247,80393537318.56247,80393537319,shared_development_context_mean,80394722447,81005343094,81013008762,1270568490,False,81013281279,81015274213
sustained,BAND_HEFT_WHOLE_REQUEST_ADAPT_V1,610810001/sustained/113,113,classification,urgent,80161919862,1500000000,succeeded,80161919862,GPU,80161919862.0,80161919862.0,80161919862.0,80161919862,shared_development_context_mean,80163300683,80455974497,80463339758,294054635,False,80463811396,80466749337
sustained,BAND_HEFT_WHOLE_REQUEST_ADAPT_V1,610810001/sustained/114,114,classification,urgent,80553523723,1500000000,succeeded,80553523723,GPU,80553523723.0,80553523723.0,80553523723.0,80553523723,shared_development_context_mean,80554904544,80847578358,80854943619,294054635,False,80855415257,80858353198
sustained,BAND_HEFT_WHOLE_REQUEST_ADAPT_V1,610810001/sustained/115,115,classification,urgent,80934814434,1500000000,succeeded,80934814434,CPU,81015274213.41663,81015274213.41663,81015274213.41663,81015274213,shared_development_context_mean,81016848387,81171454145,81177962423,236639711,False,81178237869,81180490489
sustained,BAND_HEFT_WHOLE_REQUEST_ADAPT_V1,610810001/sustained/116,116,classification,urgent,81332152994,1500000000,succeeded,81332152994,CPU,81332152994.0,81332152994.0,81332152994.0,81332152994,shared_development_context_mean,81333727167,81488332925,81494841204,156179931,False,81495116650,81497369270
sustained,BAND_HEFT_WHOLE_REQUEST_ADAPT_V1,610810001/sustained/117,117,classification,urgent,81736230076,1500000000,succeeded,81736230076,CPU,81736230076.0,81736230076.0,81736230076.0,81736230076,shared_development_context_mean,81737804249,81892410007,81898918286,156179931,False,81899193732,81901446352
sustained,BAND_HEFT_WHOLE_REQUEST_ADAPT_V1,610810001/sustained/118,118,detection,normal,82138348006,6000000000,succeeded,82138348006,CPU,82138348006.0,82138348006.0,82138348006.0,82138348006,shared_development_context_mean,82139533135,82750153782,82757819449,619471443,False,82758091966,82760084901
sustained,BAND_HEFT_WHOLE_REQUEST_ADAPT_V1,610810001/sustained/119,119,detection,normal,82535901298,6000000000,succeeded,82535901298,CPU,82760084900.85416,82760084900.85416,82760084900.85416,82760084901,shared_development_context_mean,82761270030,83371890677,83379556344,843655046,False,83379828861,83381821796
sustained,BAND_HEFT_WHOLE_REQUEST_ADAPT_V1,610810001/sustained/120,120,detection,normal,82927551634,6000000000,succeeded,82927551634,CPU,83381821795.70831,83381821795.70831,83381821795.70831,83381821796,shared_development_context_mean,83383006924,83993627571,84001293239,1073741605,False,84001565756,84003558691
sustained,BAND_HEFT_WHOLE_REQUEST_ADAPT_V1,610810001/sustained/121,121,detection,normal,83317140787,6000000000,succeeded,83317140787,CPU,84003558690.56247,84003558690.56247,84003558690.56247,84003558691,shared_development_context_mean,84004743819,84615364466,84623030134,1305889347,False,84623302651,84625295585
sustained,BAND_HEFT_WHOLE_REQUEST_ADAPT_V1,610810001/sustained/122,122,classification,urgent,83732703677,1500000000,succeeded,83732703677,GPU,83732703677.0,83732703677.0,83732703677.0,83732703677,shared_development_context_mean,83734084498,84026758312,84034123573,294054635,False,84034595211,84037533152
sustained,BAND_HEFT_WHOLE_REQUEST_ADAPT_V1,610810001/sustained/123,123,detection,normal,84114551247,6000000000,succeeded,84114551247,CPU,84625295585.41663,84625295585.41663,84625295585.41663,84625295585,shared_development_context_mean,84626480714,85237101361,85244767029,1130215782,False,85245039545,85247032480
sustained,BAND_HEFT_WHOLE_REQUEST_ADAPT_V1,610810001/sustained/124,124,classification,urgent,84506153166,1500000000,succeeded,84506153166,GPU,84506153166.0,84506153166.0,84506153166.0,84506153166,shared_development_context_mean,84507533987,84800207801,84807573062,294054635,False,84808044700,84810982641
sustained,BAND_HEFT_WHOLE_REQUEST_ADAPT_V1,610810001/sustained/125,125,classification,urgent,84893669982,1500000000,succeeded,84893669982,GPU,84893669982.0,84893669982.0,84893669982.0,84893669982,shared_development_context_mean,84895050803,85187724617,85195089878,294054635,False,85195561516,85198499457
sustained,BAND_HEFT_WHOLE_REQUEST_ADAPT_V1,610810001/sustained/126,126,classification,urgent,85280262686,1500000000,succeeded,85280262686,CPU,85280262686.0,85280262686.0,85280262686.0,85280262686,shared_development_context_mean,85281836859,85436442617,85442950896,156179931,False,85443226342,85445478962
sustained,BAND_HEFT_WHOLE_REQUEST_ADAPT_V1,610810001/sustained/127,127,detection,normal,85698707645,6000000000,succeeded,85698707645,CPU,85698707645.0,85698707645.0,85698707645.0,85698707645,shared_development_context_mean,85699892774,86310513421,86318179088,619471443,False,86318451605,86320444540
sustained,BAND_HEFT_WHOLE_REQUEST_ADAPT_V1,610810001/sustained/128,128,detection,normal,86088376502,6000000000,succeeded,86088376502,CPU,86320444539.85416,86320444539.85416,86320444539.85416,86320444540,shared_development_context_mean,86321629669,86932250316,86939915983,851539481,False,86940188500,86942181435
sustained,BAND_HEFT_WHOLE_REQUEST_ADAPT_V1,610810001/sustained/129,129,classification,urgent,86471150878,1500000000,succeeded,86471150878,GPU,86471150878.0,86471150878.0,86471150878.0,86471150878,shared_development_context_mean,86472531699,86765205513,86772570774,294054635,False,86773042412,86775980353
sustained,BAND_HEFT_WHOLE_REQUEST_ADAPT_V1,610810001/sustained/130,130,classification,urgent,86871124842,1500000000,succeeded,86871124842,CPU,86942181434.70831,86942181434.70831,86942181434.70831,86942181435,shared_development_context_mean,86943755608,87098361366,87104869645,227236524,False,87105145090,87107397710
sustained,BAND_HEFT_WHOLE_REQUEST_ADAPT_V1,610810001/sustained/131,131,classification,urgent,87257641917,1500000000,succeeded,87257641917,CPU,87257641917.0,87257641917.0,87257641917.0,87257641917,shared_development_context_mean,87259216090,87413821848,87420330127,156179931,False,87420605573,87422858193
sustained,BAND_HEFT_WHOLE_REQUEST_ADAPT_V1,610810001/sustained/132,132,classification,urgent,87665758702,1500000000,succeeded,87665758702,CPU,87665758702.0,87665758702.0,87665758702.0,87665758702,shared_development_context_mean,87667332875,87821938633,87828446912,156179931,False,87828722358,87830974978
sustained,BAND_HEFT_WHOLE_REQUEST_ADAPT_V1,610810001/sustained/133,133,detection,normal,88052072407,6000000000,succeeded,88052072407,CPU,88052072407.0,88052072407.0,88052072407.0,88052072407,shared_development_context_mean,88053257536,88663878183,88671543850,619471443,False,88671816367,88673809302
sustained,BAND_HEFT_WHOLE_REQUEST_ADAPT_V1,610810001/sustained/134,134,classification,urgent,88457797979,1500000000,succeeded,88457797979,GPU,88457797979.0,88457797979.0,88457797979.0,88457797979,shared_development_context_mean,88459178800,88751852614,88759217875,294054635,False,88759689513,88762627454
sustained,BAND_HEFT_WHOLE_REQUEST_ADAPT_V1,610810001/sustained/135,135,detection,normal,88865055283,6000000000,succeeded,88865055283,CPU,88865055283.0,88865055283.0,88865055283.0,88865055283,shared_development_context_mean,88866240412,89476861059,89484526726,619471443,False,89484799243,89486792178
sustained,BAND_HEFT_WHOLE_REQUEST_ADAPT_V1,610810001/sustained/136,136,classification,urgent,89278225727,1500000000,succeeded,89278225727,GPU,89278225727.0,89278225727.0,89278225727.0,89278225727,shared_development_context_mean,89279606548,89572280362,89579645623,294054635,False,89580117261,89583055202
sustained,BAND_HEFT_WHOLE_REQUEST_ADAPT_V1,610810001/sustained/137,137,detection,normal,89664446540,6000000000,succeeded,89664446540,CPU,89664446540.0,89664446540.0,89664446540.0,89664446540,shared_development_context_mean,89665631669,90276252316,90283917983,619471443,False,90284190500,90286183435
sustained,BAND_HEFT_WHOLE_REQUEST_ADAPT_V1,610810001/sustained/138,138,classification,urgent,90068007324,1500000000,succeeded,90068007324,GPU,90068007324.0,90068007324.0,90068007324.0,90068007324,shared_development_context_mean,90069388145,90362061959,90369427220,294054635,False,90369898858,90372836799
sustained,BAND_HEFT_WHOLE_REQUEST_ADAPT_V1,610810001/sustained/139,139,detection,normal,90462348790,6000000000,succeeded,90462348790,CPU,90462348790.0,90462348790.0,90462348790.0,90462348790,shared_development_context_mean,90463533919,91074154566,91081820233,619471443,False,91082092750,91084085685
sustained,BAND_HEFT_WHOLE_REQUEST_ADAPT_V1,610810001/sustained/140,140,classification,urgent,90873959031,1500000000,succeeded,90873959031,GPU,90873959031.0,90873959031.0,90873959031.0,90873959031,shared_development_context_mean,90875339852,91168013666,91175378927,294054635,False,91175850565,91178788506
sustained,BAND_HEFT_WHOLE_REQUEST_ADAPT_V1,610810001/sustained/141,141,classification,urgent,91266562467,1500000000,succeeded,91266562467,CPU,91266562467.0,91266562467.0,91266562467.0,91266562467,shared_development_context_mean,91268136640,91422742398,91429250677,156179931,False,91429526123,91431778743
sustained,BAND_HEFT_WHOLE_REQUEST_ADAPT_V1,610810001/sustained/142,142,detection,normal,91666219586,6000000000,succeeded,91666219586,CPU,91666219586.0,91666219586.0,91666219586.0,91666219586,shared_development_context_mean,91667404715,92278025362,92285691029,619471443,False,92285963546,92287956481
sustained,BAND_HEFT_WHOLE_REQUEST_ADAPT_V1,610810001/sustained/143,143,classification,urgent,92076036835,1500000000,succeeded,92076036835,GPU,92076036835.0,92076036835.0,92076036835.0,92076036835,shared_development_context_mean,92077417656,92370091470,92377456731,294054635,False,92377928369,92380866310
sustained,BAND_HEFT_WHOLE_REQUEST_ADAPT_V1,610810001/sustained/144,144,detection,normal,92468743803,6000000000,succeeded,92468743803,CPU,92468743803.0,92468743803.0,92468743803.0,92468743803,shared_development_context_mean,92469928932,93080549579,93088215246,619471443,False,93088487763,93090480698
sustained,BAND_HEFT_WHOLE_REQUEST_ADAPT_V1,610810001/sustained/145,145,detection,normal,92854000059,6000000000,succeeded,92854000059,CPU,93090480697.85416,93090480697.85416,93090480697.85416,93090480698,shared_development_context_mean,93091665827,93702286474,93709952141,855952082,False,93710224658,93712217593
sustained,BAND_HEFT_WHOLE_REQUEST_ADAPT_V1,610810001/sustained/146,146,detection,normal,93237600643,6000000000,succeeded,93237600643,CPU,93712217592.70831,93712217592.70831,93712217592.70831,93712217593,shared_development_context_mean,93713402721,94324023368,94331689036,1094088393,False,94331961553,94333954488
sustained,BAND_HEFT_WHOLE_REQUEST_ADAPT_V1,610810001/sustained/147,147,detection,normal,93638117343,6000000000,succeeded,93638117343,CPU,94333954487.56247,94333954487.56247,94333954487.56247,94333954488,shared_development_context_mean,94335139616,94945760263,94953425931,1315308588,False,94953698448,94955691382
sustained,BAND_HEFT_WHOLE_REQUEST_ADAPT_V1,610810001/sustained/148,148,detection,normal,94055056013,6000000000,succeeded,94055056013,CPU,94955691382.41663,94955691382.41663,94955691382.41663,94955691382,shared_development_context_mean,94956876511,95567497158,95575162826,1520106813,False,95575435342,95577428277
sustained,BAND_HEFT_WHOLE_REQUEST_ADAPT_V1,610810001/sustained/149,149,detection,normal,94473311562,6000000000,succeeded,94473311562,CPU,95577428277.27078,95577428277.27078,95577428277.27078,95577428277,shared_development_context_mean,95578613406,96189234053,96196899721,1723588159,False,96197172237,96199165172
sustained,BAND_HEFT_WHOLE_REQUEST_ADAPT_V1,610810001/sustained/150,150,classification,urgent,94861232260,1500000000,succeeded,94861232260,GPU,94861232260.0,94861232260.0,94861232260.0,94861232260,shared_development_context_mean,94862613081,95155286895,95162652156,294054635,False,95163123794,95166061735
sustained,BAND_HEFT_WHOLE_REQUEST_ADAPT_V1,610810001/sustained/151,151,classification,urgent,95259674668,1500000000,succeeded,95259674668,GPU,95259674668.0,95259674668.0,95259674668.0,95259674668,shared_development_context_mean,95261055489,95553729303,95561094564,294054635,False,95561566202,95564504143
sustained,BAND_HEFT_WHOLE_REQUEST_ADAPT_V1,610810001/sustained/152,152,detection,normal,95652209008,6000000000,succeeded,95652209008,CPU,96199165172.12494,96199165172.12494,96199165172.12494,96199165172,shared_development_context_mean,96200350301,96810970948,96818636616,1166427608,False,96818909132,96820902067
sustained,BAND_HEFT_WHOLE_REQUEST_ADAPT_V1,610810001/sustained/153,153,classification,urgent,96064225435,1500000000,succeeded,96064225435,GPU,96064225435.0,96064225435.0,96064225435.0,96064225435,shared_development_context_mean,96065606256,96358280070,96365645331,294054635,False,96366116969,96369054910
sustained,BAND_HEFT_WHOLE_REQUEST_ADAPT_V1,610810001/sustained/154,154,detection,normal,96459810125,6000000000,succeeded,96459810125,CPU,96820902066.9791,96820902066.9791,96820902066.9791,96820902067,shared_development_context_mean,96822087196,97432707843,97440373510,980563385,False,97440646027,97442638962
sustained,BAND_HEFT_WHOLE_REQUEST_ADAPT_V1,610810001/sustained/155,155,classification,urgent,96870667100,1500000000,succeeded,96870667100,GPU,96870667100.0,96870667100.0,96870667100.0,96870667100,shared_development_context_mean,96872047921,97164721735,97172086996,294054635,False,97172558634,97175496575
sustained,BAND_HEFT_WHOLE_REQUEST_ADAPT_V1,610810001/sustained/156,156,classification,urgent,97285687404,1500000000,succeeded,97285687404,GPU,97285687404.0,97285687404.0,97285687404.0,97285687404,shared_development_context_mean,97287068225,97579742039,97587107300,294054635,False,97587578938,97590516879
sustained,BAND_HEFT_WHOLE_REQUEST_ADAPT_V1,610810001/sustained/157,157,detection,normal,97677633976,6000000000,succeeded,97677633976,CPU,97677633976.0,97677633976.0,97677633976.0,97677633976,shared_development_context_mean,97678819105,98289439752,98297105419,619471443,False,98297377936,98299370871
sustained,BAND_HEFT_WHOLE_REQUEST_ADAPT_V1,610810001/sustained/158,158,classification,urgent,98088612972,1500000000,succeeded,98088612972,GPU,98088612972.0,98088612972.0,98088612972.0,98088612972,shared_development_context_mean,98089993793,98382667607,98390032868,294054635,False,98390504506,98393442447
sustained,BAND_HEFT_WHOLE_REQUEST_ADAPT_V1,610810001/sustained/159,159,classification,urgent,98506671753,1500000000,succeeded,98506671753,CPU,98506671753.0,98506671753.0,98506671753.0,98506671753,shared_development_context_mean,98508245926,98662851684,98669359963,156179931,False,98669635409,98671888029
sustained,BAND_HEFT_WHOLE_REQUEST_ADAPT_V1,610810001/sustained/160,160,classification,urgent,98892140484,1500000000,succeeded,98892140484,CPU,98892140484.0,98892140484.0,98892140484.0,98892140484,shared_development_context_mean,98893714657,99048320415,99054828694,156179931,False,99055104140,99057356760
sustained,BAND_HEFT_WHOLE_REQUEST_ADAPT_V1,610810001/sustained/161,161,detection,normal,99301886314,6000000000,succeeded,99301886314,CPU,99301886314.0,99301886314.0,99301886314.0,99301886314,shared_development_context_mean,99303071443,99913692090,99921357757,619471443,False,99921630274,99923623209
sustained,BAND_HEFT_WHOLE_REQUEST_ADAPT_V1,610810001/sustained/162,162,detection,normal,99716866614,6000000000,succeeded,99716866614,CPU,99923623208.85416,99923623208.85416,99923623208.85416,99923623209,shared_development_context_mean,99924808338,100535428985,100543094652,826228038,False,100543367169,100545360104
sustained,BAND_HEFT_WHOLE_REQUEST_ADAPT_V1,610810001/sustained/163,163,classification,urgent,100128076037,1500000000,succeeded,100128076037,GPU,100128076037.0,100128076037.0,100128076037.0,100128076037,shared_development_context_mean,100129456858,100422130672,100429495933,294054635,False,100429967571,100432905512
sustained,BAND_HEFT_WHOLE_REQUEST_ADAPT_V1,610810001/sustained/164,164,detection,normal,100526097776,6000000000,succeeded,100526097776,CPU,100545360103.70831,100545360103.70831,100545360103.70831,100545360104,shared_development_context_mean,100546545232,101157165879,101164831547,638733771,False,101165104064,101167096999
sustained,BAND_HEFT_WHOLE_REQUEST_ADAPT_V1,610810001/sustained/165,165,detection,normal,100912147942,6000000000,succeeded,100912147942,CPU,101167096998.56247,101167096998.56247,101167096998.56247,101167096999,shared_development_context_mean,101168282127,101778902774,101786568442,874420500,False,101786840959,101788833893
sustained,BAND_HEFT_WHOLE_REQUEST_ADAPT_V1,610810001/sustained/166,166,detection,normal,101298782555,6000000000,succeeded,101298782555,CPU,101788833893.41663,101788833893.41663,101788833893.41663,101788833893,shared_development_context_mean,101790019022,102400639669,102408305337,1109522782,False,102408577853,102410570788
sustained,BAND_HEFT_WHOLE_REQUEST_ADAPT_V1,610810001/sustained/167,167,classification,urgent,101693708479,1500000000,succeeded,101693708479,GPU,101693708479.0,101693708479.0,101693708479.0,101693708479,shared_development_context_mean,101695089300,101987763114,101995128375,294054635,False,101995600013,101998537954
sustained,BAND_HEFT_WHOLE_REQUEST_ADAPT_V1,610810001/sustained/168,168,detection,normal,102091082388,6000000000,succeeded,102091082388,CPU,102410570788.27078,102410570788.27078,102410570788.27078,102410570788,shared_development_context_mean,102411755917,103022376564,103030042232,938959844,False,103030314748,103032307683
sustained,BAND_HEFT_WHOLE_REQUEST_ADAPT_V1,610810001/sustained/169,169,detection,normal,102474146544,6000000000,succeeded,102474146544,CPU,103032307683.12494,103032307683.12494,103032307683.12494,103032307683,shared_development_context_mean,103033492812,103644113459,103651779127,1177632583,False,103652051643,103654044578
sustained,BAND_HEFT_WHOLE_REQUEST_ADAPT_V1,610810001/sustained/170,170,classification,urgent,102883940266,1500000000,succeeded,102883940266,GPU,102883940266.0,102883940266.0,102883940266.0,102883940266,shared_development_context_mean,102885321087,103177994901,103185360162,294054635,False,103185831800,103188769741
sustained,BAND_HEFT_WHOLE_REQUEST_ADAPT_V1,610810001/sustained/171,171,classification,urgent,103281389703,1500000000,succeeded,103281389703,GPU,103281389703.0,103281389703.0,103281389703.0,103281389703,shared_development_context_mean,103282770524,103575444338,103582809599,294054635,False,103583281237,103586219178
sustained,BAND_HEFT_WHOLE_REQUEST_ADAPT_V1,610810001/sustained/172,172,classification,urgent,103674987700,1500000000,succeeded,103674987700,CPU,103674987700.0,103674987700.0,103674987700.0,103674987700,shared_development_context_mean,103676561873,103831167631,103837675910,156179931,False,103837951356,103840203976
sustained,BAND_HEFT_WHOLE_REQUEST_ADAPT_V1,610810001/sustained/173,173,classification,urgent,104069768185,1500000000,succeeded,104069768185,CPU,104069768185.0,104069768185.0,104069768185.0,104069768185,shared_development_context_mean,104071342358,104225948116,104232456395,156179931,False,104232731841,104234984461
sustained,BAND_HEFT_WHOLE_REQUEST_ADAPT_V1,610810001/sustained/174,174,detection,normal,104465101524,6000000000,succeeded,104465101524,CPU,104465101524.0,104465101524.0,104465101524.0,104465101524,shared_development_context_mean,104466286653,105076907300,105084572967,619471443,False,105084845484,105086838419
sustained,BAND_HEFT_WHOLE_REQUEST_ADAPT_V1,610810001/sustained/175,175,classification,urgent,104855927132,1500000000,succeeded,104855927132,GPU,104855927132.0,104855927132.0,104855927132.0,104855927132,shared_development_context_mean,104857307953,105149981767,105157347028,294054635,False,105157818666,105160756607
sustained,BAND_HEFT_WHOLE_REQUEST_ADAPT_V1,610810001/sustained/176,176,classification,urgent,105240841639,1500000000,succeeded,105240841639,CPU,105240841639.0,105240841639.0,105240841639.0,105240841639,shared_development_context_mean,105242415812,105397021570,105403529849,156179931,False,105403805295,105406057915
sustained,BAND_HEFT_WHOLE_REQUEST_ADAPT_V1,610810001/sustained/177,177,classification,urgent,105632709290,1500000000,succeeded,105632709290,CPU,105632709290.0,105632709290.0,105632709290.0,105632709290,shared_development_context_mean,105634283463,105788889221,105795397500,156179931,False,105795672946,105797925566
sustained,BAND_HEFT_WHOLE_REQUEST_ADAPT_V1,610810001/sustained/178,178,classification,urgent,106040927119,1500000000,succeeded,106040927119,CPU,106040927119.0,106040927119.0,106040927119.0,106040927119,shared_development_context_mean,106042501292,106197107050,106203615329,156179931,False,106203890775,106206143395
sustained,BAND_HEFT_WHOLE_REQUEST_ADAPT_V1,610810001/sustained/179,179,detection,normal,106448538499,6000000000,succeeded,106448538499,CPU,106448538499.0,106448538499.0,106448538499.0,106448538499,shared_development_context_mean,106449723628,107060344275,107068009942,619471443,False,107068282459,107070275394
sustained,BAND_HEFT_WHOLE_REQUEST_ADAPT_V1,610810001/sustained/180,180,classification,urgent,106848930247,1500000000,succeeded,106848930247,GPU,106848930247.0,106848930247.0,106848930247.0,106848930247,shared_development_context_mean,106850311068,107142984882,107150350143,294054635,False,107150821781,107153759722
sustained,BAND_HEFT_WHOLE_REQUEST_ADAPT_V1,610810001/sustained/181,181,detection,normal,107244440734,6000000000,succeeded,107244440734,CPU,107244440734.0,107244440734.0,107244440734.0,107244440734,shared_development_context_mean,107245625863,107856246510,107863912177,619471443,False,107864184694,107866177629
sustained,BAND_HEFT_WHOLE_REQUEST_ADAPT_V1,610810001/sustained/182,182,detection,normal,107644104830,6000000000,succeeded,107644104830,CPU,107866177628.85416,107866177628.85416,107866177628.85416,107866177629,shared_development_context_mean,107867362758,108477983405,108485649072,841544242,False,108485921589,108487914524
sustained,BAND_HEFT_WHOLE_REQUEST_ADAPT_V1,610810001/sustained/183,183,detection,normal,108062881154,6000000000,succeeded,108062881154,CPU,108487914523.70831,108487914523.70831,108487914523.70831,108487914524,shared_development_context_mean,108489099652,109099720299,109107385967,1044504813,False,109107658484,109109651419
sustained,BAND_HEFT_WHOLE_REQUEST_ADAPT_V1,610810001/sustained/184,184,detection,normal,108448871848,6000000000,succeeded,108448871848,CPU,109109651418.56247,109109651418.56247,109109651418.56247,109109651419,shared_development_context_mean,109110836547,109721457194,109729122862,1280251014,False,109729395379,109731388313
sustained,BAND_HEFT_WHOLE_REQUEST_ADAPT_V1,610810001/sustained/185,185,detection,normal,108831727430,6000000000,succeeded,108831727430,CPU,109731388313.41663,109731388313.41663,109731388313.41663,109731388313,shared_development_context_mean,109732573442,110343194089,110350859757,1519132327,False,110351132273,110353125208
sustained,BAND_HEFT_WHOLE_REQUEST_ADAPT_V1,610810001/sustained/186,186,classification,urgent,109246236275,1500000000,succeeded,109246236275,GPU,109246236275.0,109246236275.0,109246236275.0,109246236275,shared_development_context_mean,109247617096,109540290910,109547656171,294054635,False,109548127809,109551065750
sustained,BAND_HEFT_WHOLE_REQUEST_ADAPT_V1,610810001/sustained/187,187,detection,normal,109650757417,6000000000,succeeded,109650757417,CPU,110353125208.27078,110353125208.27078,110353125208.27078,110353125208,shared_development_context_mean,110354310337,110964930984,110972596652,1321839235,False,110972869168,110974862103
sustained,BAND_HEFT_WHOLE_REQUEST_ADAPT_V1,610810001/sustained/188,188,classification,urgent,110049811645,1500000000,succeeded,110049811645,GPU,110049811645.0,110049811645.0,110049811645.0,110049811645,shared_development_context_mean,110051192466,110343866280,110351231541,294054635,False,110351703179,110354641120
sustained,BAND_HEFT_WHOLE_REQUEST_ADAPT_V1,610810001/sustained/189,189,detection,normal,110434835375,6000000000,succeeded,110434835375,CPU,110974862103.12494,110974862103.12494,110974862103.12494,110974862103,shared_development_context_mean,110976047232,111586667879,111594333547,1159498172,False,111594606063,111596598998
sustained,BAND_HEFT_WHOLE_REQUEST_ADAPT_V1,610810001/sustained/190,190,detection,normal,110841595300,6000000000,succeeded,110841595300,CPU,111596598997.9791,111596598997.9791,111596598997.9791,111596598998,shared_development_context_mean,111597784127,112208404774,112216070441,1374475141,False,112216342958,112218335893
sustained,BAND_HEFT_WHOLE_REQUEST_ADAPT_V1,610810001/sustained/191,191,detection,normal,111259456638,6000000000,succeeded,111259456638,CPU,112218335892.83325,112218335892.83325,112218335892.83325,112218335893,shared_development_context_mean,112219521022,112830141669,112837807336,1578350698,False,112838079853,112840072788
queue,RESERVED_THERMAL_REQUEST_V1_NUMERIC_R2,610810001/queue/0,0,detection,normal,35000000000,6000000000,succeeded,35000000000,CPU,35000000000.0,35000000000.0,35000000000.0,35000000000,fixed_mean,35001185129,35611805776,35619471443,619471443,False,35619743960,35621736895
queue,RESERVED_THERMAL_REQUEST_V1_NUMERIC_R2,610810001/queue/1,1,detection,normal,35205146616,6000000000,succeeded,35205146616,CPU,35786953170.541664,35786953170.541664,35786953170.541664,35786953171,fixed_mean,35788138299,36398758946,36406424614,1201277998,False,36406697130,36408690065
queue,RESERVED_THERMAL_REQUEST_V1_NUMERIC_R2,610810001/queue/2,2,detection,normal,35410129751,6000000000,succeeded,35410129751,CPU,36408690065.39583,36408690065.39583,36408690065.39583,36408690065,fixed_mean,36409875194,37020495841,37028161509,1618031758,False,37028434025,37030426960
queue,RESERVED_THERMAL_REQUEST_V1_NUMERIC_R2,610810001/queue/3,3,classification,urgent,35613263315,1500000000,succeeded,35613263315,CPU,35621736894.854164,35621736894.854164,35621736894.854164,35621736895,fixed_mean,35623311068,35777916826,35784425105,164653511,False,35784700550,35786953171
queue,RESERVED_THERMAL_REQUEST_V1_NUMERIC_R2,610810001/queue/4,4,detection,normal,35817109134,6000000000,succeeded,35817109134,CPU,37030426960.24999,37030426960.24999,37030426960.24999,37030426960,fixed_mean,37031612089,37642232736,37649898404,1832789270,False,37650170920,37652163855
queue,RESERVED_THERMAL_REQUEST_V1_NUMERIC_R2,610810001/queue/5,5,detection,normal,36016100813,6000000000,succeeded,36016100813,CPU,37652163855.10416,37652163855.10416,37652163855.10416,37652163855,fixed_mean,37653348984,38263969631,38271635298,2255534485,False,38271907815,38273900750
queue,RESERVED_THERMAL_REQUEST_V1_NUMERIC_R2,610810001/queue/6,6,detection,normal,36216376604,6000000000,succeeded,36216376604,CPU,38604333301.33332,38604333301.33332,38604333301.33332,38604333301,fixed_mean,38605518430,39216139077,39223804745,3007428141,False,39224077261,39226070196
queue,RESERVED_THERMAL_REQUEST_V1_NUMERIC_R2,610810001/queue/7,7,detection,normal,36412574208,6000000000,succeeded,36412574208,CPU,39226070196.187485,39226070196.187485,39226070196.187485,39226070196,fixed_mean,39227255325,39837875972,39845541640,3432967432,False,39845814156,39847807091
queue,RESERVED_THERMAL_REQUEST_V1_NUMERIC_R2,610810001/queue/8,8,detection,normal,36612831581,6000000000,succeeded,36612831581,CPU,39847807091.04165,39847807091.04165,39847807091.04165,39847807091,fixed_mean,39848992220,40459612867,40467278534,3854446953,False,40467551051,40469543986
queue,RESERVED_THERMAL_REQUEST_V1_NUMERIC_R2,610810001/queue/9,9,classification,urgent,36808093990,1500000000,succeeded,36808093990,GPU,36808093990.0,36808093990.0,36808093990.0,36808093990,fixed_mean,36809474811,37102148625,37109513886,294054635,False,37109985524,37112923465
queue,RESERVED_THERMAL_REQUEST_V1_NUMERIC_R2,610810001/queue/10,10,detection,normal,37004627458,6000000000,succeeded,37004627458,CPU,40469543985.89581,40469543985.89581,40469543985.89581,40469543986,fixed_mean,40470729115,41081349762,41089015429,4084387971,False,41089287946,41091280881
queue,RESERVED_THERMAL_REQUEST_V1_NUMERIC_R2,610810001/queue/11,11,detection,normal,37211401297,6000000000,succeeded,37211401297,CPU,41091280880.74998,41091280880.74998,41091280880.74998,41091280881,fixed_mean,41092466009,41703086656,41710752324,4499351027,False,41711024841,41713017776
queue,RESERVED_THERMAL_REQUEST_V1_NUMERIC_R2,610810001/queue/12,12,classification,urgent,37421260390,1500000000,succeeded,37421260390,GPU,37421260390.0,37421260390.0,37421260390.0,37421260390,fixed_mean,37422641211,37715315025,37722680286,294054635,False,37723151924,37726089865
queue,RESERVED_THERMAL_REQUEST_V1_NUMERIC_R2,610810001/queue/13,13,detection,normal,37619016414,6000000000,succeeded,37619016414,CPU,41713017775.60414,41713017775.60414,41713017775.60414,41713017776,fixed_mean,41714202904,42324823551,42332489219,4713472805,False,42332761736,42334754670
queue,RESERVED_THERMAL_REQUEST_V1_NUMERIC_R2,610810001/queue/14,14,detection,normal,37816890488,6000000000,succeeded,37816890488,CPU,42334754670.458305,42334754670.458305,42334754670.458305,42334754670,fixed_mean,42335939799,42946560446,42954226114,5137335626,False,42954498630,42956491565
queue,RESERVED_THERMAL_REQUEST_V1_NUMERIC_R2,610810001/queue/15,15,detection,normal,38020048275,6000000000,succeeded,38020048275,CPU,42956491565.31247,42956491565.31247,42956491565.31247,42956491565,fixed_mean,42957676694,43568297341,43575963009,5555914734,False,43576235525,43578228460
queue,RESERVED_THERMAL_REQUEST_V1_NUMERIC_R2,610810001/queue/16,16,classification,urgent,38216148510,1500000000,succeeded,38216148510,CPU,38273900749.95832,38273900749.95832,38273900749.95832,38273900750,fixed_mean,38275474923,38430080681,38436588960,213932171,False,38436864406,38439117026
queue,RESERVED_THERMAL_REQUEST_V1_NUMERIC_R2,610810001/queue/17,17,classification,urgent,38424174507,1500000000,succeeded,38424174507,CPU,38439117025.64582,38439117025.64582,38439117025.64582,38439117026,fixed_mean,38440691199,38595296957,38601805236,171122450,False,38602080681,38604333301
queue,RESERVED_THERMAL_REQUEST_V1_NUMERIC_R2,610810001/queue/18,18,detection,normal,38621801615,6000000000,succeeded,38621801615,CPU,43578228460.16663,43578228460.16663,43578228460.16663,43578228460,fixed_mean,43579413589,44190034236,44197699904,5575898289,False,44197972420,44199965355
queue,RESERVED_THERMAL_REQUEST_V1_NUMERIC_R2,610810001/queue/19,19,detection,normal,38829024386,6000000000,succeeded,38829024386,CPU,44199965355.0208,44199965355.0208,44199965355.0208,44199965355,fixed_mean,44201150484,44811771131,44819436798,5990412412,False,44819709315,44821702250
queue,RESERVED_THERMAL_REQUEST_V1_NUMERIC_R2,610810001/queue/20,20,detection,normal,39023803235,6000000000,succeeded,39023803235,CPU,44821702249.87496,44821702249.87496,44821702249.87496,44821702250,fixed_mean,44822887379,45433508026,45441173693,6417370458,True,45441446210,45443439145
queue,RESERVED_THERMAL_REQUEST_V1_NUMERIC_R2,610810001/queue/21,21,detection,normal,39223651586,6000000000,succeeded,39223651586,CPU,45443439144.729126,45443439144.729126,45443439144.729126,45443439145,fixed_mean,45444624273,46055244920,46062910588,6839259002,True,46063183105,46065176040
queue,RESERVED_THERMAL_REQUEST_V1_NUMERIC_R2,610810001/queue/22,22,classification,urgent,39430925432,1500000000,succeeded,39430925432,GPU,39430925432.0,39430925432.0,39430925432.0,39430925432,fixed_mean,39432306253,39724980067,39732345328,294054635,False,39732816966,39735754907
queue,RESERVED_THERMAL_REQUEST_V1_NUMERIC_R2,610810001/queue/23,23,detection,normal,39621414105,6000000000,succeeded,39621414105,CPU,46065176039.58329,46065176039.58329,46065176039.58329,46065176040,fixed_mean,46066361168,46676981815,46684647483,7063233378,True,46684920000,46686912934
sustained,RESERVED_THERMAL_REQUEST_V1_NUMERIC_R2,610810001/sustained/0,0,classification,urgent,35000000000,1500000000,succeeded,35000000000,CPU,35000000000.0,35000000000.0,35000000000.0,35000000000,fixed_mean,35001574173,35156179931,35162688210,156179931,False,35162963656,35165216276
sustained,RESERVED_THERMAL_REQUEST_V1_NUMERIC_R2,610810001/sustained/1,1,classification,urgent,35383011853,1500000000,succeeded,35383011853,CPU,35383011853.0,35383011853.0,35383011853.0,35383011853,fixed_mean,35384586026,35539191784,35545700063,156179931,False,35545975509,35548228129
sustained,RESERVED_THERMAL_REQUEST_V1_NUMERIC_R2,610810001/sustained/2,2,detection,normal,35767774281,6000000000,succeeded,35767774281,CPU,35767774281.0,35767774281.0,35767774281.0,35767774281,fixed_mean,35768959410,36379580057,36387245724,619471443,False,36387518241,36389511176
sustained,RESERVED_THERMAL_REQUEST_V1_NUMERIC_R2,610810001/sustained/3,3,classification,urgent,36149588174,1500000000,succeeded,36149588174,GPU,36149588174.0,36149588174.0,36149588174.0,36149588174,fixed_mean,36150968995,36443642809,36451008070,294054635,False,36451479708,36454417649
sustained,RESERVED_THERMAL_REQUEST_V1_NUMERIC_R2,610810001/sustained/4,4,classification,urgent,36532246217,1500000000,succeeded,36532246217,CPU,36532246217.0,36532246217.0,36532246217.0,36532246217,fixed_mean,36533820390,36688426148,36694934427,156179931,False,36695209873,36697462493
sustained,RESERVED_THERMAL_REQUEST_V1_NUMERIC_R2,610810001/sustained/5,5,detection,normal,36943000353,6000000000,succeeded,36943000353,CPU,36943000353.0,36943000353.0,36943000353.0,36943000353,fixed_mean,36944185482,37554806129,37562471796,619471443,False,37562744313,37564737248
sustained,RESERVED_THERMAL_REQUEST_V1_NUMERIC_R2,610810001/sustained/6,6,classification,urgent,37358861397,1500000000,succeeded,37358861397,GPU,37358861397.0,37358861397.0,37358861397.0,37358861397,fixed_mean,37360242218,37652916032,37660281293,294054635,False,37660752931,37663690872
sustained,RESERVED_THERMAL_REQUEST_V1_NUMERIC_R2,610810001/sustained/7,7,detection,normal,37763267022,6000000000,succeeded,37763267022,CPU,37763267022.0,37763267022.0,37763267022.0,37763267022,fixed_mean,37764452151,38375072798,38382738465,619471443,False,38383010982,38385003917
sustained,RESERVED_THERMAL_REQUEST_V1_NUMERIC_R2,610810001/sustained/8,8,classification,urgent,38175871106,1500000000,succeeded,38175871106,GPU,38175871106.0,38175871106.0,38175871106.0,38175871106,fixed_mean,38177251927,38469925741,38477291002,294054635,False,38477762640,38480700581
sustained,RESERVED_THERMAL_REQUEST_V1_NUMERIC_R2,610810001/sustained/9,9,detection,normal,38587654396,6000000000,succeeded,38587654396,CPU,38587654396.0,38587654396.0,38587654396.0,38587654396,fixed_mean,38588839525,39199460172,39207125839,619471443,False,39207398356,39209391291
sustained,RESERVED_THERMAL_REQUEST_V1_NUMERIC_R2,610810001/sustained/10,10,detection,normal,38987130461,6000000000,succeeded,38987130461,CPU,39209391290.854164,39209391290.854164,39209391290.854164,39209391291,fixed_mean,39210576420,39821197067,39828862734,841732273,False,39829135251,39831128186
sustained,RESERVED_THERMAL_REQUEST_V1_NUMERIC_R2,610810001/sustained/11,11,classification,urgent,39381835341,1500000000,succeeded,39381835341,GPU,39381835341.0,39381835341.0,39381835341.0,39381835341,fixed_mean,39383216162,39675889976,39683255237,294054635,False,39683726875,39686664816
sustained,RESERVED_THERMAL_REQUEST_V1_NUMERIC_R2,610810001/sustained/12,12,detection,normal,39800843935,6000000000,succeeded,39800843935,CPU,39831128185.70833,39831128185.70833,39831128185.70833,39831128186,fixed_mean,39832313314,40442933961,40450599629,649755694,False,40450872146,40452865081
sustained,RESERVED_THERMAL_REQUEST_V1_NUMERIC_R2,610810001/sustained/13,13,classification,urgent,40197008897,1500000000,succeeded,40197008897,GPU,40197008897.0,40197008897.0,40197008897.0,40197008897,fixed_mean,40198389718,40491063532,40498428793,294054635,False,40498900431,40501838372
sustained,RESERVED_THERMAL_REQUEST_V1_NUMERIC_R2,610810001/sustained/14,14,detection,normal,40586078191,6000000000,succeeded,40586078191,CPU,40586078191.0,40586078191.0,40586078191.0,40586078191,fixed_mean,40587263320,41197883967,41205549634,619471443,False,41205822151,41207815086
sustained,RESERVED_THERMAL_REQUEST_V1_NUMERIC_R2,610810001/sustained/15,15,classification,urgent,41005104733,1500000000,succeeded,41005104733,GPU,41005104733.0,41005104733.0,41005104733.0,41005104733,fixed_mean,41006485554,41299159368,41306524629,294054635,False,41306996267,41309934208
sustained,RESERVED_THERMAL_REQUEST_V1_NUMERIC_R2,610810001/sustained/16,16,detection,normal,41400938572,6000000000,succeeded,41400938572,CPU,41400938572.0,41400938572.0,41400938572.0,41400938572,fixed_mean,41402123701,42012744348,42020410015,619471443,False,42020682532,42022675467
sustained,RESERVED_THERMAL_REQUEST_V1_NUMERIC_R2,610810001/sustained/17,17,detection,normal,41787139062,6000000000,succeeded,41787139062,CPU,42022675466.854164,42022675466.854164,42022675466.854164,42022675467,fixed_mean,42023860596,42634481243,42642146910,855007848,False,42642419427,42644412362
sustained,RESERVED_THERMAL_REQUEST_V1_NUMERIC_R2,610810001/sustained/18,18,detection,normal,42192341496,6000000000,succeeded,42192341496,CPU,42644412361.70833,42644412361.70833,42644412361.70833,42644412362,fixed_mean,42645597490,43256218137,43263883805,1071542309,False,43264156322,43266149257
sustained,RESERVED_THERMAL_REQUEST_V1_NUMERIC_R2,610810001/sustained/19,19,detection,normal,42585724390,6000000000,succeeded,42585724390,CPU,43266149256.56249,43266149256.56249,43266149256.56249,43266149257,fixed_mean,43267334385,43877955032,43885620700,1299896310,False,43885893217,43887886151
sustained,RESERVED_THERMAL_REQUEST_V1_NUMERIC_R2,610810001/sustained/20,20,classification,urgent,42972811447,1500000000,succeeded,42972811447,GPU,42972811447.0,42972811447.0,42972811447.0,42972811447,fixed_mean,42974192268,43266866082,43274231343,294054635,False,43274702981,43277640922
sustained,RESERVED_THERMAL_REQUEST_V1_NUMERIC_R2,610810001/sustained/21,21,detection,normal,43376904063,6000000000,succeeded,43376904063,CPU,44053102427.10416,44053102427.10416,44053102427.10416,44053102427,fixed_mean,44054287556,44664908203,44672573870,1295669807,False,44672846387,44674839322
sustained,RESERVED_THERMAL_REQUEST_V1_NUMERIC_R2,610810001/sustained/22,22,classification,urgent,43771013673,1500000000,succeeded,43771013673,CPU,43887886151.41666,43887886151.41666,43887886151.41666,43887886151,fixed_mean,43889460325,44044066083,44050574361,273052410,False,44050849807,44053102427
sustained,RESERVED_THERMAL_REQUEST_V1_NUMERIC_R2,610810001/sustained/23,23,classification,urgent,44158057603,1500000000,succeeded,44158057603,GPU,44158057603.0,44158057603.0,44158057603.0,44158057603,fixed_mean,44159438424,44452112238,44459477499,294054635,False,44459949137,44462887078
sustained,RESERVED_THERMAL_REQUEST_V1_NUMERIC_R2,610810001/sustained/24,24,classification,urgent,44552115778,1500000000,succeeded,44552115778,CPU,44674839321.95832,44674839321.95832,44674839321.95832,44674839322,fixed_mean,44676413495,44831019253,44837527532,278903475,False,44837802978,44840055598
sustained,RESERVED_THERMAL_REQUEST_V1_NUMERIC_R2,610810001/sustained/25,25,classification,urgent,44957915866,1500000000,succeeded,44957915866,CPU,44957915866.0,44957915866.0,44957915866.0,44957915866,fixed_mean,44959490039,45114095797,45120604076,156179931,False,45120879522,45123132142
sustained,RESERVED_THERMAL_REQUEST_V1_NUMERIC_R2,610810001/sustained/26,26,detection,normal,45361456942,6000000000,succeeded,45361456942,CPU,45361456942.0,45361456942.0,45361456942.0,45361456942,fixed_mean,45362642071,45973262718,45980928385,619471443,False,45981200902,45983193837
sustained,RESERVED_THERMAL_REQUEST_V1_NUMERIC_R2,610810001/sustained/27,27,classification,urgent,45754155826,1500000000,succeeded,45754155826,GPU,45754155826.0,45754155826.0,45754155826.0,45754155826,fixed_mean,45755536647,46048210461,46055575722,294054635,False,46056047360,46058985301
sustained,RESERVED_THERMAL_REQUEST_V1_NUMERIC_R2,610810001/sustained/28,28,classification,urgent,46135601008,1500000000,succeeded,46135601008,CPU,46135601008.0,46135601008.0,46135601008.0,46135601008,fixed_mean,46137175181,46291780939,46298289218,156179931,False,46298564664,46300817284
sustained,RESERVED_THERMAL_REQUEST_V1_NUMERIC_R2,610810001/sustained/29,29,classification,urgent,46533320331,1500000000,succeeded,46533320331,CPU,46533320331.0,46533320331.0,46533320331.0,46533320331,fixed_mean,46534894504,46689500262,46696008541,156179931,False,46696283987,46698536607
sustained,RESERVED_THERMAL_REQUEST_V1_NUMERIC_R2,610810001/sustained/30,30,detection,normal,46950967677,6000000000,succeeded,46950967677,CPU,46950967677.0,46950967677.0,46950967677.0,46950967677,fixed_mean,46952152806,47562773453,47570439120,619471443,False,47570711637,47572704572
sustained,RESERVED_THERMAL_REQUEST_V1_NUMERIC_R2,610810001/sustained/31,31,detection,normal,47343259463,6000000000,succeeded,47343259463,CPU,47572704571.854164,47572704571.854164,47572704571.854164,47572704572,fixed_mean,47573889701,48184510348,48192176015,848916552,False,48192448532,48194441467
sustained,RESERVED_THERMAL_REQUEST_V1_NUMERIC_R2,610810001/sustained/32,32,classification,urgent,47753685231,1500000000,succeeded,47753685231,GPU,47753685231.0,47753685231.0,47753685231.0,47753685231,fixed_mean,47755066052,48047739866,48055105127,294054635,False,48055576765,48058514706
sustained,RESERVED_THERMAL_REQUEST_V1_NUMERIC_R2,610810001/sustained/33,33,classification,urgent,48143877339,1500000000,succeeded,48143877339,CPU,48194441466.70833,48194441466.70833,48194441466.70833,48194441467,fixed_mean,48196015640,48350621398,48357129677,206744059,False,48357405122,48359657742
sustained,RESERVED_THERMAL_REQUEST_V1_NUMERIC_R2,610810001/sustained/34,34,detection,normal,48548501108,6000000000,succeeded,48548501108,CPU,48548501108.0,48548501108.0,48548501108.0,48548501108,fixed_mean,48549686237,49160306884,49167972551,619471443,False,49168245068,49170238003
sustained,RESERVED_THERMAL_REQUEST_V1_NUMERIC_R2,610810001/sustained/35,35,detection,normal,48940679009,6000000000,succeeded,48940679009,CPU,49170238002.854164,49170238002.854164,49170238002.854164,49170238003,fixed_mean,49171423132,49782043779,49789709446,849030437,False,49789981963,49791974898
sustained,RESERVED_THERMAL_REQUEST_V1_NUMERIC_R2,610810001/sustained/36,36,classification,urgent,49323061149,1500000000,succeeded,49323061149,GPU,49323061149.0,49323061149.0,49323061149.0,49323061149,fixed_mean,49324441970,49617115784,49624481045,294054635,False,49624952683,49627890624
sustained,RESERVED_THERMAL_REQUEST_V1_NUMERIC_R2,610810001/sustained/37,37,detection,normal,49707250613,6000000000,succeeded,49707250613,CPU,49791974897.70833,49791974897.70833,49791974897.70833,49791974898,fixed_mean,49793160026,50403780673,50411446341,704195728,False,50411718858,50413711793
sustained,RESERVED_THERMAL_REQUEST_V1_NUMERIC_R2,610810001/sustained/38,38,detection,normal,50123893272,6000000000,succeeded,50123893272,CPU,50413711792.56249,50413711792.56249,50413711792.56249,50413711793,fixed_mean,50414896921,51025517568,51033183236,909289964,False,51033455753,51035448687
sustained,RESERVED_THERMAL_REQUEST_V1_NUMERIC_R2,610810001/sustained/39,39,detection,normal,50533054387,6000000000,succeeded,50533054387,CPU,51200664963.10415,51200664963.10415,51200664963.10415,51200664963,fixed_mean,51201850092,51812470739,51820136406,1287082019,False,51820408923,51822401858
sustained,RESERVED_THERMAL_REQUEST_V1_NUMERIC_R2,610810001/sustained/40,40,classification,urgent,50926936420,1500000000,succeeded,50926936420,CPU,51035448687.41666,51035448687.41666,51035448687.41666,51035448687,fixed_mean,51037022861,51191628619,51198136897,264692199,False,51198412343,51200664963
sustained,RESERVED_THERMAL_REQUEST_V1_NUMERIC_R2,610810001/sustained/41,41,classification,urgent,51318387695,1500000000,succeeded,51318387695,GPU,51318387695.0,51318387695.0,51318387695.0,51318387695,fixed_mean,51319768516,51612442330,51619807591,294054635,False,51620279229,51623217170
sustained,RESERVED_THERMAL_REQUEST_V1_NUMERIC_R2,610810001/sustained/42,42,detection,normal,51704149682,6000000000,succeeded,51704149682,CPU,51822401857.95831,51822401857.95831,51822401857.95831,51822401858,fixed_mean,51823586987,52434207634,52441873301,737723619,False,52442145818,52444138753
sustained,RESERVED_THERMAL_REQUEST_V1_NUMERIC_R2,610810001/sustained/43,43,detection,normal,52096271588,6000000000,succeeded,52096271588,CPU,52444138752.81248,52444138752.81248,52444138752.81248,52444138753,fixed_mean,52445323882,53055944529,53063610196,967338608,False,53063882713,53065875648
sustained,RESERVED_THERMAL_REQUEST_V1_NUMERIC_R2,610810001/sustained/44,44,classification,urgent,52480564263,1500000000,succeeded,52480564263,GPU,52480564263.0,52480564263.0,52480564263.0,52480564263,fixed_mean,52481945084,52774618898,52781984159,294054635,False,52782455797,52785393738
sustained,RESERVED_THERMAL_REQUEST_V1_NUMERIC_R2,610810001/sustained/45,45,detection,normal,52895920313,6000000000,succeeded,52895920313,CPU,53065875647.66664,53065875647.66664,53065875647.66664,53065875648,fixed_mean,53067060776,53677681423,53685347091,789426778,False,53685619608,53687612543
sustained,RESERVED_THERMAL_REQUEST_V1_NUMERIC_R2,610810001/sustained/46,46,detection,normal,53286410151,6000000000,succeeded,53286410151,CPU,53687612542.520805,53687612542.520805,53687612542.520805,53687612543,fixed_mean,53688797671,54299418318,54307083986,1020673835,False,54307356502,54309349437
sustained,RESERVED_THERMAL_REQUEST_V1_NUMERIC_R2,610810001/sustained/47,47,detection,normal,53703283625,6000000000,succeeded,53703283625,CPU,54309349437.37497,54309349437.37497,54309349437.37497,54309349437,fixed_mean,54310534566,54921155213,54928820881,1225537256,False,54929093397,54931086332
sustained,RESERVED_THERMAL_REQUEST_V1_NUMERIC_R2,610810001/sustained/48,48,detection,normal,54117249915,6000000000,succeeded,54117249915,CPU,54931086332.22913,54931086332.22913,54931086332.22913,54931086332,fixed_mean,54932271461,55542892108,55550557776,1433307861,False,55550830292,55552823227
sustained,RESERVED_THERMAL_REQUEST_V1_NUMERIC_R2,610810001/sustained/49,49,classification,urgent,54497329263,1500000000,succeeded,54497329263,GPU,54497329263.0,54497329263.0,54497329263.0,54497329263,fixed_mean,54498710084,54791383898,54798749159,294054635,False,54799220797,54802158738
sustained,RESERVED_THERMAL_REQUEST_V1_NUMERIC_R2,610810001/sustained/50,50,detection,normal,54914267005,6000000000,succeeded,54914267005,CPU,55552823227.0833,55552823227.0833,55552823227.0833,55552823227,fixed_mean,55554008356,56164629003,56172294670,1258027665,False,56172567187,56174560122
sustained,RESERVED_THERMAL_REQUEST_V1_NUMERIC_R2,610810001/sustained/51,51,classification,urgent,55314109519,1500000000,succeeded,55314109519,GPU,55314109519.0,55314109519.0,55314109519.0,55314109519,fixed_mean,55315490340,55608164154,55615529415,294054635,False,55616001053,55618938994
sustained,RESERVED_THERMAL_REQUEST_V1_NUMERIC_R2,610810001/sustained/52,52,detection,normal,55702407061,6000000000,succeeded,55702407061,CPU,56174560121.93746,56174560121.93746,56174560121.93746,56174560122,fixed_mean,56175745251,56786365898,56794031565,1091624504,False,56794304082,56796297017
sustained,RESERVED_THERMAL_REQUEST_V1_NUMERIC_R2,610810001/sustained/53,53,detection,normal,56120955604,6000000000,succeeded,56120955604,CPU,56796297016.791626,56796297016.791626,56796297016.791626,56796297017,fixed_mean,56797482146,57408102792,57415768460,1294812856,False,57416040977,57418033912
sustained,RESERVED_THERMAL_REQUEST_V1_NUMERIC_R2,610810001/sustained/54,54,classification,urgent,56501476382,1500000000,succeeded,56501476382,GPU,56501476382.0,56501476382.0,56501476382.0,56501476382,fixed_mean,56502857203,56795531017,56802896278,294054635,False,56803367916,56806305857
sustained,RESERVED_THERMAL_REQUEST_V1_NUMERIC_R2,610810001/sustained/55,55,classification,urgent,56897783038,1500000000,succeeded,56897783038,GPU,56897783038.0,56897783038.0,56897783038.0,56897783038,fixed_mean,56899163859,57191837673,57199202934,294054635,False,57199674572,57202612513
sustained,RESERVED_THERMAL_REQUEST_V1_NUMERIC_R2,610810001/sustained/56,56,classification,urgent,57314770647,1500000000,succeeded,57314770647,CPU,57418033911.64579,57418033911.64579,57418033911.64579,57418033912,fixed_mean,57419608085,57574213843,57580722122,259443196,False,57580997567,57583250187
sustained,RESERVED_THERMAL_REQUEST_V1_NUMERIC_R2,610810001/sustained/57,57,detection,normal,57696485661,6000000000,succeeded,57696485661,CPU,57696485661.0,57696485661.0,57696485661.0,57696485661,fixed_mean,57697670790,58308291437,58315957104,619471443,False,58316229621,58318222556
sustained,RESERVED_THERMAL_REQUEST_V1_NUMERIC_R2,610810001/sustained/58,58,detection,normal,58100504823,6000000000,succeeded,58100504823,CPU,58318222555.854164,58318222555.854164,58318222555.854164,58318222556,fixed_mean,58319407685,58930028332,58937693999,837189176,False,58937966516,58939959451
sustained,RESERVED_THERMAL_REQUEST_V1_NUMERIC_R2,610810001/sustained/59,59,classification,urgent,58494105935,1500000000,succeeded,58494105935,GPU,58494105935.0,58494105935.0,58494105935.0,58494105935,fixed_mean,58495486756,58788160570,58795525831,294054635,False,58795997469,58798935410
sustained,RESERVED_THERMAL_REQUEST_V1_NUMERIC_R2,610810001/sustained/60,60,detection,normal,58911490698,6000000000,succeeded,58911490698,CPU,58939959450.70833,58939959450.70833,58939959450.70833,58939959451,fixed_mean,58941144579,59551765226,59559430894,647940196,False,59559703411,59561696346
sustained,RESERVED_THERMAL_REQUEST_V1_NUMERIC_R2,610810001/sustained/61,61,classification,urgent,59295134990,1500000000,succeeded,59295134990,GPU,59295134990.0,59295134990.0,59295134990.0,59295134990,fixed_mean,59296515811,59589189625,59596554886,294054635,False,59597026524,59599964465
sustained,RESERVED_THERMAL_REQUEST_V1_NUMERIC_R2,610810001/sustained/62,62,detection,normal,59700477396,6000000000,succeeded,59700477396,CPU,59700477396.0,59700477396.0,59700477396.0,59700477396,fixed_mean,59701662525,60312283172,60319948839,619471443,False,60320221356,60322214291
sustained,RESERVED_THERMAL_REQUEST_V1_NUMERIC_R2,610810001/sustained/63,63,classification,urgent,60110659494,1500000000,succeeded,60110659494,GPU,60110659494.0,60110659494.0,60110659494.0,60110659494,fixed_mean,60112040315,60404714129,60412079390,294054635,False,60412551028,60415488969
sustained,RESERVED_THERMAL_REQUEST_V1_NUMERIC_R2,610810001/sustained/64,64,classification,urgent,60503180465,1500000000,succeeded,60503180465,CPU,60503180465.0,60503180465.0,60503180465.0,60503180465,fixed_mean,60504754638,60659360396,60665868675,156179931,False,60666144121,60668396741
sustained,RESERVED_THERMAL_REQUEST_V1_NUMERIC_R2,610810001/sustained/65,65,detection,normal,60916463042,6000000000,succeeded,60916463042,CPU,60916463042.0,60916463042.0,60916463042.0,60916463042,fixed_mean,60917648171,61528268818,61535934485,619471443,False,61536207002,61538199937
sustained,RESERVED_THERMAL_REQUEST_V1_NUMERIC_R2,610810001/sustained/66,66,classification,urgent,61299569682,1500000000,succeeded,61299569682,GPU,61299569682.0,61299569682.0,61299569682.0,61299569682,fixed_mean,61300950503,61593624317,61600989578,294054635,False,61601461216,61604399157
sustained,RESERVED_THERMAL_REQUEST_V1_NUMERIC_R2,610810001/sustained/67,67,classification,urgent,61685726793,1500000000,succeeded,61685726793,CPU,61685726793.0,61685726793.0,61685726793.0,61685726793,fixed_mean,61687300966,61841906724,61848415003,156179931,False,61848690449,61850943069
sustained,RESERVED_THERMAL_REQUEST_V1_NUMERIC_R2,610810001/sustained/68,68,detection,normal,62082015230,6000000000,succeeded,62082015230,CPU,62082015230.0,62082015230.0,62082015230.0,62082015230,fixed_mean,62083200359,62693821006,62701486673,619471443,False,62701759190,62703752125
sustained,RESERVED_THERMAL_REQUEST_V1_NUMERIC_R2,610810001/sustained/69,69,detection,normal,62487460798,6000000000,succeeded,62487460798,CPU,62703752124.854164,62703752124.854164,62703752124.854164,62703752125,fixed_mean,62704937254,63315557901,63323223568,835762770,False,63323496085,63325489020
sustained,RESERVED_THERMAL_REQUEST_V1_NUMERIC_R2,610810001/sustained/70,70,detection,normal,62872894800,6000000000,succeeded,62872894800,CPU,63325489019.70833,63325489019.70833,63325489019.70833,63325489020,fixed_mean,63326674148,63937294795,63944960463,1072065663,False,63945232980,63947225915
sustained,RESERVED_THERMAL_REQUEST_V1_NUMERIC_R2,610810001/sustained/71,71,detection,normal,63270110079,6000000000,succeeded,63270110079,CPU,63947225914.56249,63947225914.56249,63947225914.56249,63947225915,fixed_mean,63948411043,64559031690,64566697358,1296587279,False,64566969875,64568962809
sustained,RESERVED_THERMAL_REQUEST_V1_NUMERIC_R2,610810001/sustained/72,72,detection,normal,63680563080,6000000000,succeeded,63680563080,CPU,64734179085.10416,64734179085.10416,64734179085.10416,64734179085,fixed_mean,64735364214,65345984861,65353650528,1673087448,False,65353923045,65355915980
sustained,RESERVED_THERMAL_REQUEST_V1_NUMERIC_R2,610810001/sustained/73,73,detection,normal,64094719343,6000000000,succeeded,64094719343,CPU,65355915979.95832,65355915979.95832,65355915979.95832,65355915980,fixed_mean,65357101109,65967721756,65975387423,1880668080,False,65975659940,65977652875
sustained,RESERVED_THERMAL_REQUEST_V1_NUMERIC_R2,610810001/sustained/74,74,classification,urgent,64500915432,1500000000,succeeded,64500915432,CPU,64568962809.41666,64568962809.41666,64568962809.41666,64568962809,fixed_mean,64570536983,64725142741,64731651019,224227309,False,64731926465,64734179085
sustained,RESERVED_THERMAL_REQUEST_V1_NUMERIC_R2,610810001/sustained/75,75,classification,urgent,64905496422,1500000000,succeeded,64905496422,GPU,64905496422.0,64905496422.0,64905496422.0,64905496422,fixed_mean,64906877243,65199551057,65206916318,294054635,False,65207387956,65210325897
sustained,RESERVED_THERMAL_REQUEST_V1_NUMERIC_R2,610810001/sustained/76,76,detection,normal,65311650708,6000000000,succeeded,65311650708,CPU,65977652874.812485,65977652874.812485,65977652874.812485,65977652875,fixed_mean,65978838004,66589458651,66597124318,1285473610,False,66597396835,66599389770
sustained,RESERVED_THERMAL_REQUEST_V1_NUMERIC_R2,610810001/sustained/77,77,classification,urgent,65695296070,1500000000,succeeded,65695296070,GPU,65695296070.0,65695296070.0,65695296070.0,65695296070,fixed_mean,65696676891,65989350705,65996715966,294054635,False,65997187604,66000125545
sustained,RESERVED_THERMAL_REQUEST_V1_NUMERIC_R2,610810001/sustained/78,78,classification,urgent,66110790785,1500000000,succeeded,66110790785,GPU,66110790785.0,66110790785.0,66110790785.0,66110790785,fixed_mean,66112171606,66404845420,66412210681,294054635,False,66412682319,66415620260
sustained,RESERVED_THERMAL_REQUEST_V1_NUMERIC_R2,610810001/sustained/79,79,classification,urgent,66492785337,1500000000,succeeded,66492785337,CPU,66599389769.66665,66599389769.66665,66599389769.66665,66599389770,fixed_mean,66600963943,66755569701,66762077980,262784364,False,66762353425,66764606045
sustained,RESERVED_THERMAL_REQUEST_V1_NUMERIC_R2,610810001/sustained/80,80,detection,normal,66884003702,6000000000,succeeded,66884003702,CPU,66884003702.0,66884003702.0,66884003702.0,66884003702,fixed_mean,66885188831,67495809478,67503475145,619471443,False,67503747662,67505740597
sustained,RESERVED_THERMAL_REQUEST_V1_NUMERIC_R2,610810001/sustained/81,81,classification,urgent,67286061781,1500000000,succeeded,67286061781,GPU,67286061781.0,67286061781.0,67286061781.0,67286061781,fixed_mean,67287442602,67580116416,67587481677,294054635,False,67587953315,67590891256
sustained,RESERVED_THERMAL_REQUEST_V1_NUMERIC_R2,610810001/sustained/82,82,detection,normal,67667964379,6000000000,succeeded,67667964379,CPU,67667964379.0,67667964379.0,67667964379.0,67667964379,fixed_mean,67669149508,68279770155,68287435822,619471443,False,68287708339,68289701274
sustained,RESERVED_THERMAL_REQUEST_V1_NUMERIC_R2,610810001/sustained/83,83,classification,urgent,68067496172,1500000000,succeeded,68067496172,GPU,68067496172.0,68067496172.0,68067496172.0,68067496172,fixed_mean,68068876993,68361550807,68368916068,294054635,False,68369387706,68372325647
sustained,RESERVED_THERMAL_REQUEST_V1_NUMERIC_R2,610810001/sustained/84,84,classification,urgent,68447798722,1500000000,succeeded,68447798722,CPU,68447798722.0,68447798722.0,68447798722.0,68447798722,fixed_mean,68449372895,68603978653,68610486932,156179931,False,68610762378,68613014998
sustained,RESERVED_THERMAL_REQUEST_V1_NUMERIC_R2,610810001/sustained/85,85,detection,normal,68861756880,6000000000,succeeded,68861756880,CPU,68861756880.0,68861756880.0,68861756880.0,68861756880,fixed_mean,68862942009,69473562656,69481228323,619471443,False,69481500840,69483493775
sustained,RESERVED_THERMAL_REQUEST_V1_NUMERIC_R2,610810001/sustained/86,86,classification,urgent,69265127391,1500000000,succeeded,69265127391,GPU,69265127391.0,69265127391.0,69265127391.0,69265127391,fixed_mean,69266508212,69559182026,69566547287,294054635,False,69567018925,69569956866
sustained,RESERVED_THERMAL_REQUEST_V1_NUMERIC_R2,610810001/sustained/87,87,detection,normal,69657770984,6000000000,succeeded,69657770984,CPU,69657770984.0,69657770984.0,69657770984.0,69657770984,fixed_mean,69658956113,70269576760,70277242427,619471443,False,70277514944,70279507879
sustained,RESERVED_THERMAL_REQUEST_V1_NUMERIC_R2,610810001/sustained/88,88,classification,urgent,70055591180,1500000000,succeeded,70055591180,GPU,70055591180.0,70055591180.0,70055591180.0,70055591180,fixed_mean,70056972001,70349645815,70357011076,294054635,False,70357482714,70360420655
sustained,RESERVED_THERMAL_REQUEST_V1_NUMERIC_R2,610810001/sustained/89,89,classification,urgent,70465999054,1500000000,succeeded,70465999054,CPU,70465999054.0,70465999054.0,70465999054.0,70465999054,fixed_mean,70467573227,70622178985,70628687264,156179931,False,70628962710,70631215330
sustained,RESERVED_THERMAL_REQUEST_V1_NUMERIC_R2,610810001/sustained/90,90,classification,urgent,70851593015,1500000000,succeeded,70851593015,CPU,70851593015.0,70851593015.0,70851593015.0,70851593015,fixed_mean,70853167188,71007772946,71014281225,156179931,False,71014556671,71016809291
sustained,RESERVED_THERMAL_REQUEST_V1_NUMERIC_R2,610810001/sustained/91,91,classification,urgent,71266265777,1500000000,succeeded,71266265777,CPU,71266265777.0,71266265777.0,71266265777.0,71266265777,fixed_mean,71267839950,71422445708,71428953987,156179931,False,71429229433,71431482053
sustained,RESERVED_THERMAL_REQUEST_V1_NUMERIC_R2,610810001/sustained/92,92,detection,normal,71673926532,6000000000,succeeded,71673926532,CPU,71673926532.0,71673926532.0,71673926532.0,71673926532,fixed_mean,71675111661,72285732308,72293397975,619471443,False,72293670492,72295663427
sustained,RESERVED_THERMAL_REQUEST_V1_NUMERIC_R2,610810001/sustained/93,93,detection,normal,72061303870,6000000000,succeeded,72061303870,CPU,72295663426.85416,72295663426.85416,72295663426.85416,72295663427,fixed_mean,72296848556,72907469203,72915134870,853831000,False,72915407387,72917400322
sustained,RESERVED_THERMAL_REQUEST_V1_NUMERIC_R2,610810001/sustained/94,94,detection,normal,72479210835,6000000000,succeeded,72479210835,CPU,73082616597.39581,73082616597.39581,73082616597.39581,73082616597,fixed_mean,73083801726,73694422373,73702088041,1222877206,False,73702360557,73704353492
sustained,RESERVED_THERMAL_REQUEST_V1_NUMERIC_R2,610810001/sustained/95,95,classification,urgent,72874809791,1500000000,succeeded,72874809791,CPU,72917400321.70831,72917400321.70831,72917400321.70831,72917400322,fixed_mean,72918974495,73073580253,73080088532,198770462,False,73080363977,73082616597
sustained,RESERVED_THERMAL_REQUEST_V1_NUMERIC_R2,610810001/sustained/96,96,classification,urgent,73263010102,1500000000,succeeded,73263010102,GPU,73263010102.0,73263010102.0,73263010102.0,73263010102,fixed_mean,73264390923,73557064737,73564429998,294054635,False,73564901636,73567839577
sustained,RESERVED_THERMAL_REQUEST_V1_NUMERIC_R2,610810001/sustained/97,97,classification,urgent,73660323274,1500000000,succeeded,73660323274,CPU,73704353492.24997,73704353492.24997,73704353492.24997,73704353492,fixed_mean,73705927665,73860533423,73867041702,200210149,False,73867317148,73869569768
sustained,RESERVED_THERMAL_REQUEST_V1_NUMERIC_R2,610810001/sustained/98,98,detection,normal,74067955121,6000000000,succeeded,74067955121,CPU,74067955121.0,74067955121.0,74067955121.0,74067955121,fixed_mean,74069140250,74679760897,74687426564,619471443,False,74687699081,74689692016
sustained,RESERVED_THERMAL_REQUEST_V1_NUMERIC_R2,610810001/sustained/99,99,classification,urgent,74459630465,1500000000,succeeded,74459630465,GPU,74459630465.0,74459630465.0,74459630465.0,74459630465,fixed_mean,74461011286,74753685100,74761050361,294054635,False,74761521999,74764459940
sustained,RESERVED_THERMAL_REQUEST_V1_NUMERIC_R2,610810001/sustained/100,100,classification,urgent,74867561370,1500000000,succeeded,74867561370,CPU,74867561370.0,74867561370.0,74867561370.0,74867561370,fixed_mean,74869135543,75023741301,75030249580,156179931,False,75030525026,75032777646
sustained,RESERVED_THERMAL_REQUEST_V1_NUMERIC_R2,610810001/sustained/101,101,detection,normal,75254787716,6000000000,succeeded,75254787716,CPU,75254787716.0,75254787716.0,75254787716.0,75254787716,fixed_mean,75255972845,75866593492,75874259159,619471443,False,75874531676,75876524611
sustained,RESERVED_THERMAL_REQUEST_V1_NUMERIC_R2,610810001/sustained/102,102,detection,normal,75674355249,6000000000,succeeded,75674355249,CPU,75876524610.85416,75876524610.85416,75876524610.85416,75876524611,fixed_mean,75877709740,76488330387,76495996054,821640805,False,76496268571,76498261506
sustained,RESERVED_THERMAL_REQUEST_V1_NUMERIC_R2,610810001/sustained/103,103,classification,urgent,76080492777,1500000000,succeeded,76080492777,GPU,76080492777.0,76080492777.0,76080492777.0,76080492777,fixed_mean,76081873598,76374547412,76381912673,294054635,False,76382384311,76385322252
sustained,RESERVED_THERMAL_REQUEST_V1_NUMERIC_R2,610810001/sustained/104,104,detection,normal,76495497176,6000000000,succeeded,76495497176,CPU,76498261505.70831,76498261505.70831,76498261505.70831,76498261506,fixed_mean,76499446634,77110067281,77117732949,622235773,False,77118005466,77119998401
sustained,RESERVED_THERMAL_REQUEST_V1_NUMERIC_R2,610810001/sustained/105,105,classification,urgent,76909652721,1500000000,succeeded,76909652721,GPU,76909652721.0,76909652721.0,76909652721.0,76909652721,fixed_mean,76911033542,77203707356,77211072617,294054635,False,77211544255,77214482196
sustained,RESERVED_THERMAL_REQUEST_V1_NUMERIC_R2,610810001/sustained/106,106,detection,normal,77320736922,6000000000,succeeded,77320736922,CPU,77320736922.0,77320736922.0,77320736922.0,77320736922,fixed_mean,77321922051,77932542698,77940208365,619471443,False,77940480882,77942473817
sustained,RESERVED_THERMAL_REQUEST_V1_NUMERIC_R2,610810001/sustained/107,107,classification,urgent,77717917512,1500000000,succeeded,77717917512,GPU,77717917512.0,77717917512.0,77717917512.0,77717917512,fixed_mean,77719298333,78011972147,78019337408,294054635,False,78019809046,78022746987
sustained,RESERVED_THERMAL_REQUEST_V1_NUMERIC_R2,610810001/sustained/108,108,classification,urgent,78116729242,1500000000,succeeded,78116729242,CPU,78116729242.0,78116729242.0,78116729242.0,78116729242,fixed_mean,78118303415,78272909173,78279417452,156179931,False,78279692898,78281945518
sustained,RESERVED_THERMAL_REQUEST_V1_NUMERIC_R2,610810001/sustained/109,109,detection,normal,78528326634,6000000000,succeeded,78528326634,CPU,78528326634.0,78528326634.0,78528326634.0,78528326634,fixed_mean,78529511763,79140132410,79147798077,619471443,False,79148070594,79150063529
sustained,RESERVED_THERMAL_REQUEST_V1_NUMERIC_R2,610810001/sustained/110,110,detection,normal,78934911805,6000000000,succeeded,78934911805,CPU,79150063528.85416,79150063528.85416,79150063528.85416,79150063529,fixed_mean,79151248658,79761869305,79769534972,834623167,False,79769807489,79771800424
sustained,RESERVED_THERMAL_REQUEST_V1_NUMERIC_R2,610810001/sustained/111,111,detection,normal,79344156733,6000000000,succeeded,79344156733,CPU,79771800423.70831,79771800423.70831,79771800423.70831,79771800424,fixed_mean,79772985552,80383606199,80391271867,1047115134,False,80391544384,80393537319
sustained,RESERVED_THERMAL_REQUEST_V1_NUMERIC_R2,610810001/sustained/112,112,detection,normal,79742440272,6000000000,succeeded,79742440272,CPU,80393537318.56247,80393537318.56247,80393537318.56247,80393537319,fixed_mean,80394722447,81005343094,81013008762,1270568490,False,81013281279,81015274213
sustained,RESERVED_THERMAL_REQUEST_V1_NUMERIC_R2,610810001/sustained/113,113,classification,urgent,80161919862,1500000000,succeeded,80161919862,GPU,80161919862.0,80161919862.0,80161919862.0,80161919862,fixed_mean,80163300683,80455974497,80463339758,294054635,False,80463811396,80466749337
sustained,RESERVED_THERMAL_REQUEST_V1_NUMERIC_R2,610810001/sustained/114,114,classification,urgent,80553523723,1500000000,succeeded,80553523723,GPU,80553523723.0,80553523723.0,80553523723.0,80553523723,fixed_mean,80554904544,80847578358,80854943619,294054635,False,80855415257,80858353198
sustained,RESERVED_THERMAL_REQUEST_V1_NUMERIC_R2,610810001/sustained/115,115,classification,urgent,80934814434,1500000000,succeeded,80934814434,CPU,81015274213.41663,81015274213.41663,81015274213.41663,81015274213,fixed_mean,81016848387,81171454145,81177962423,236639711,False,81178237869,81180490489
sustained,RESERVED_THERMAL_REQUEST_V1_NUMERIC_R2,610810001/sustained/116,116,classification,urgent,81332152994,1500000000,succeeded,81332152994,CPU,81332152994.0,81332152994.0,81332152994.0,81332152994,fixed_mean,81333727167,81488332925,81494841204,156179931,False,81495116650,81497369270
sustained,RESERVED_THERMAL_REQUEST_V1_NUMERIC_R2,610810001/sustained/117,117,classification,urgent,81736230076,1500000000,succeeded,81736230076,CPU,81736230076.0,81736230076.0,81736230076.0,81736230076,fixed_mean,81737804249,81892410007,81898918286,156179931,False,81899193732,81901446352
sustained,RESERVED_THERMAL_REQUEST_V1_NUMERIC_R2,610810001/sustained/118,118,detection,normal,82138348006,6000000000,succeeded,82138348006,CPU,82138348006.0,82138348006.0,82138348006.0,82138348006,fixed_mean,82139533135,82750153782,82757819449,619471443,False,82758091966,82760084901
sustained,RESERVED_THERMAL_REQUEST_V1_NUMERIC_R2,610810001/sustained/119,119,detection,normal,82535901298,6000000000,succeeded,82535901298,CPU,82760084900.85416,82760084900.85416,82760084900.85416,82760084901,fixed_mean,82761270030,83371890677,83379556344,843655046,False,83379828861,83381821796
sustained,RESERVED_THERMAL_REQUEST_V1_NUMERIC_R2,610810001/sustained/120,120,detection,normal,82927551634,6000000000,succeeded,82927551634,CPU,83381821795.70831,83381821795.70831,83381821795.70831,83381821796,fixed_mean,83383006924,83993627571,84001293239,1073741605,False,84001565756,84003558691
sustained,RESERVED_THERMAL_REQUEST_V1_NUMERIC_R2,610810001/sustained/121,121,detection,normal,83317140787,6000000000,succeeded,83317140787,CPU,84003558690.56247,84003558690.56247,84003558690.56247,84003558691,fixed_mean,84004743819,84615364466,84623030134,1305889347,False,84623302651,84625295585
sustained,RESERVED_THERMAL_REQUEST_V1_NUMERIC_R2,610810001/sustained/122,122,classification,urgent,83732703677,1500000000,succeeded,83732703677,GPU,83732703677.0,83732703677.0,83732703677.0,83732703677,fixed_mean,83734084498,84026758312,84034123573,294054635,False,84034595211,84037533152
sustained,RESERVED_THERMAL_REQUEST_V1_NUMERIC_R2,610810001/sustained/123,123,detection,normal,84114551247,6000000000,succeeded,84114551247,CPU,84790511861.10413,84790511861.10413,84790511861.10413,84790511861,fixed_mean,84791696990,85402317637,85409983304,1295432057,False,85410255821,85412248756
sustained,RESERVED_THERMAL_REQUEST_V1_NUMERIC_R2,610810001/sustained/124,124,classification,urgent,84506153166,1500000000,succeeded,84506153166,CPU,84625295585.41663,84625295585.41663,84625295585.41663,84625295585,fixed_mean,84626869759,84781475517,84787983795,275322351,False,84788259241,84790511861
sustained,RESERVED_THERMAL_REQUEST_V1_NUMERIC_R2,610810001/sustained/125,125,classification,urgent,84893669982,1500000000,succeeded,84893669982,GPU,84893669982.0,84893669982.0,84893669982.0,84893669982,fixed_mean,84895050803,85187724617,85195089878,294054635,False,85195561516,85198499457
sustained,RESERVED_THERMAL_REQUEST_V1_NUMERIC_R2,610810001/sustained/126,126,classification,urgent,85280262686,1500000000,succeeded,85280262686,CPU,85412248755.95828,85412248755.95828,85412248755.95828,85412248756,fixed_mean,85413822929,85568428687,85574936966,288166001,False,85575212412,85577465032
sustained,RESERVED_THERMAL_REQUEST_V1_NUMERIC_R2,610810001/sustained/127,127,detection,normal,85698707645,6000000000,succeeded,85698707645,CPU,85698707645.0,85698707645.0,85698707645.0,85698707645,fixed_mean,85699892774,86310513421,86318179088,619471443,False,86318451605,86320444540
sustained,RESERVED_THERMAL_REQUEST_V1_NUMERIC_R2,610810001/sustained/128,128,detection,normal,86088376502,6000000000,succeeded,86088376502,CPU,86320444539.85416,86320444539.85416,86320444539.85416,86320444540,fixed_mean,86321629669,86932250316,86939915983,851539481,False,86940188500,86942181435
sustained,RESERVED_THERMAL_REQUEST_V1_NUMERIC_R2,610810001/sustained/129,129,classification,urgent,86471150878,1500000000,succeeded,86471150878,GPU,86471150878.0,86471150878.0,86471150878.0,86471150878,fixed_mean,86472531699,86765205513,86772570774,294054635,False,86773042412,86775980353
sustained,RESERVED_THERMAL_REQUEST_V1_NUMERIC_R2,610810001/sustained/130,130,classification,urgent,86871124842,1500000000,succeeded,86871124842,CPU,86942181434.70831,86942181434.70831,86942181434.70831,86942181435,fixed_mean,86943755608,87098361366,87104869645,227236524,False,87105145090,87107397710
sustained,RESERVED_THERMAL_REQUEST_V1_NUMERIC_R2,610810001/sustained/131,131,classification,urgent,87257641917,1500000000,succeeded,87257641917,CPU,87257641917.0,87257641917.0,87257641917.0,87257641917,fixed_mean,87259216090,87413821848,87420330127,156179931,False,87420605573,87422858193
sustained,RESERVED_THERMAL_REQUEST_V1_NUMERIC_R2,610810001/sustained/132,132,classification,urgent,87665758702,1500000000,succeeded,87665758702,CPU,87665758702.0,87665758702.0,87665758702.0,87665758702,fixed_mean,87667332875,87821938633,87828446912,156179931,False,87828722358,87830974978
sustained,RESERVED_THERMAL_REQUEST_V1_NUMERIC_R2,610810001/sustained/133,133,detection,normal,88052072407,6000000000,succeeded,88052072407,CPU,88052072407.0,88052072407.0,88052072407.0,88052072407,fixed_mean,88053257536,88663878183,88671543850,619471443,False,88671816367,88673809302
sustained,RESERVED_THERMAL_REQUEST_V1_NUMERIC_R2,610810001/sustained/134,134,classification,urgent,88457797979,1500000000,succeeded,88457797979,GPU,88457797979.0,88457797979.0,88457797979.0,88457797979,fixed_mean,88459178800,88751852614,88759217875,294054635,False,88759689513,88762627454
sustained,RESERVED_THERMAL_REQUEST_V1_NUMERIC_R2,610810001/sustained/135,135,detection,normal,88865055283,6000000000,succeeded,88865055283,CPU,88865055283.0,88865055283.0,88865055283.0,88865055283,fixed_mean,88866240412,89476861059,89484526726,619471443,False,89484799243,89486792178
sustained,RESERVED_THERMAL_REQUEST_V1_NUMERIC_R2,610810001/sustained/136,136,classification,urgent,89278225727,1500000000,succeeded,89278225727,GPU,89278225727.0,89278225727.0,89278225727.0,89278225727,fixed_mean,89279606548,89572280362,89579645623,294054635,False,89580117261,89583055202
sustained,RESERVED_THERMAL_REQUEST_V1_NUMERIC_R2,610810001/sustained/137,137,detection,normal,89664446540,6000000000,succeeded,89664446540,CPU,89664446540.0,89664446540.0,89664446540.0,89664446540,fixed_mean,89665631669,90276252316,90283917983,619471443,False,90284190500,90286183435
sustained,RESERVED_THERMAL_REQUEST_V1_NUMERIC_R2,610810001/sustained/138,138,classification,urgent,90068007324,1500000000,succeeded,90068007324,GPU,90068007324.0,90068007324.0,90068007324.0,90068007324,fixed_mean,90069388145,90362061959,90369427220,294054635,False,90369898858,90372836799
sustained,RESERVED_THERMAL_REQUEST_V1_NUMERIC_R2,610810001/sustained/139,139,detection,normal,90462348790,6000000000,succeeded,90462348790,CPU,90462348790.0,90462348790.0,90462348790.0,90462348790,fixed_mean,90463533919,91074154566,91081820233,619471443,False,91082092750,91084085685
sustained,RESERVED_THERMAL_REQUEST_V1_NUMERIC_R2,610810001/sustained/140,140,classification,urgent,90873959031,1500000000,succeeded,90873959031,GPU,90873959031.0,90873959031.0,90873959031.0,90873959031,fixed_mean,90875339852,91168013666,91175378927,294054635,False,91175850565,91178788506
sustained,RESERVED_THERMAL_REQUEST_V1_NUMERIC_R2,610810001/sustained/141,141,classification,urgent,91266562467,1500000000,succeeded,91266562467,CPU,91266562467.0,91266562467.0,91266562467.0,91266562467,fixed_mean,91268136640,91422742398,91429250677,156179931,False,91429526123,91431778743
sustained,RESERVED_THERMAL_REQUEST_V1_NUMERIC_R2,610810001/sustained/142,142,detection,normal,91666219586,6000000000,succeeded,91666219586,CPU,91666219586.0,91666219586.0,91666219586.0,91666219586,fixed_mean,91667404715,92278025362,92285691029,619471443,False,92285963546,92287956481
sustained,RESERVED_THERMAL_REQUEST_V1_NUMERIC_R2,610810001/sustained/143,143,classification,urgent,92076036835,1500000000,succeeded,92076036835,GPU,92076036835.0,92076036835.0,92076036835.0,92076036835,fixed_mean,92077417656,92370091470,92377456731,294054635,False,92377928369,92380866310
sustained,RESERVED_THERMAL_REQUEST_V1_NUMERIC_R2,610810001/sustained/144,144,detection,normal,92468743803,6000000000,succeeded,92468743803,CPU,92468743803.0,92468743803.0,92468743803.0,92468743803,fixed_mean,92469928932,93080549579,93088215246,619471443,False,93088487763,93090480698
sustained,RESERVED_THERMAL_REQUEST_V1_NUMERIC_R2,610810001/sustained/145,145,detection,normal,92854000059,6000000000,succeeded,92854000059,CPU,93090480697.85416,93090480697.85416,93090480697.85416,93090480698,fixed_mean,93091665827,93702286474,93709952141,855952082,False,93710224658,93712217593
sustained,RESERVED_THERMAL_REQUEST_V1_NUMERIC_R2,610810001/sustained/146,146,detection,normal,93237600643,6000000000,succeeded,93237600643,CPU,93712217592.70831,93712217592.70831,93712217592.70831,93712217593,fixed_mean,93713402721,94324023368,94331689036,1094088393,False,94331961553,94333954488
sustained,RESERVED_THERMAL_REQUEST_V1_NUMERIC_R2,610810001/sustained/147,147,detection,normal,93638117343,6000000000,succeeded,93638117343,CPU,94333954487.56247,94333954487.56247,94333954487.56247,94333954488,fixed_mean,94335139616,94945760263,94953425931,1315308588,False,94953698448,94955691382
sustained,RESERVED_THERMAL_REQUEST_V1_NUMERIC_R2,610810001/sustained/148,148,detection,normal,94055056013,6000000000,succeeded,94055056013,CPU,95120907658.10413,95120907658.10413,95120907658.10413,95120907658,fixed_mean,95122092787,95732713434,95740379101,1685323088,False,95740651618,95742644553
sustained,RESERVED_THERMAL_REQUEST_V1_NUMERIC_R2,610810001/sustained/149,149,detection,normal,94473311562,6000000000,succeeded,94473311562,CPU,95742644552.95828,95742644552.95828,95742644552.95828,95742644553,fixed_mean,95743829682,96354450329,96362115996,1888804434,False,96362388513,96364381448
sustained,RESERVED_THERMAL_REQUEST_V1_NUMERIC_R2,610810001/sustained/150,150,classification,urgent,94861232260,1500000000,succeeded,94861232260,CPU,94955691382.41663,94955691382.41663,94955691382.41663,94955691382,fixed_mean,94957265556,95111871314,95118379592,250639054,False,95118655038,95120907658
sustained,RESERVED_THERMAL_REQUEST_V1_NUMERIC_R2,610810001/sustained/151,151,classification,urgent,95259674668,1500000000,succeeded,95259674668,GPU,95259674668.0,95259674668.0,95259674668.0,95259674668,fixed_mean,95261055489,95553729303,95561094564,294054635,False,95561566202,95564504143
sustained,RESERVED_THERMAL_REQUEST_V1_NUMERIC_R2,610810001/sustained/152,152,detection,normal,95652209008,6000000000,succeeded,95652209008,CPU,96364381447.81244,96364381447.81244,96364381447.81244,96364381448,fixed_mean,96365566577,96976187224,96983852891,1331643883,False,96984125408,96986118343
sustained,RESERVED_THERMAL_REQUEST_V1_NUMERIC_R2,610810001/sustained/153,153,classification,urgent,96064225435,1500000000,succeeded,96064225435,GPU,96064225435.0,96064225435.0,96064225435.0,96064225435,fixed_mean,96065606256,96358280070,96365645331,294054635,False,96366116969,96369054910
sustained,RESERVED_THERMAL_REQUEST_V1_NUMERIC_R2,610810001/sustained/154,154,detection,normal,96459810125,6000000000,succeeded,96459810125,CPU,97151334618.3541,97151334618.3541,97151334618.3541,97151334618,fixed_mean,97152519747,97763140394,97770806062,1310995937,False,97771078578,97773071513
sustained,RESERVED_THERMAL_REQUEST_V1_NUMERIC_R2,610810001/sustained/155,155,classification,urgent,96870667100,1500000000,succeeded,96870667100,CPU,96986118342.6666,96986118342.6666,96986118342.6666,96986118343,fixed_mean,96987692516,97142298274,97148806553,271631174,False,97149081998,97151334618
sustained,RESERVED_THERMAL_REQUEST_V1_NUMERIC_R2,610810001/sustained/156,156,classification,urgent,97285687404,1500000000,succeeded,97285687404,GPU,97285687404.0,97285687404.0,97285687404.0,97285687404,fixed_mean,97287068225,97579742039,97587107300,294054635,False,97587578938,97590516879
sustained,RESERVED_THERMAL_REQUEST_V1_NUMERIC_R2,610810001/sustained/157,157,detection,normal,97677633976,6000000000,succeeded,97677633976,CPU,97773071513.20825,97773071513.20825,97773071513.20825,97773071513,fixed_mean,97774256642,98384877289,98392542957,714908981,False,98392815473,98394808408
sustained,RESERVED_THERMAL_REQUEST_V1_NUMERIC_R2,610810001/sustained/158,158,classification,urgent,98088612972,1500000000,succeeded,98088612972,GPU,98088612972.0,98088612972.0,98088612972.0,98088612972,fixed_mean,98089993793,98382667607,98390032868,294054635,False,98390504506,98393442447
sustained,RESERVED_THERMAL_REQUEST_V1_NUMERIC_R2,610810001/sustained/159,159,classification,urgent,98506671753,1500000000,succeeded,98506671753,CPU,98506671753.0,98506671753.0,98506671753.0,98506671753,fixed_mean,98508245926,98662851684,98669359963,156179931,False,98669635409,98671888029
sustained,RESERVED_THERMAL_REQUEST_V1_NUMERIC_R2,610810001/sustained/160,160,classification,urgent,98892140484,1500000000,succeeded,98892140484,CPU,98892140484.0,98892140484.0,98892140484.0,98892140484,fixed_mean,98893714657,99048320415,99054828694,156179931,False,99055104140,99057356760
sustained,RESERVED_THERMAL_REQUEST_V1_NUMERIC_R2,610810001/sustained/161,161,detection,normal,99301886314,6000000000,succeeded,99301886314,CPU,99301886314.0,99301886314.0,99301886314.0,99301886314,fixed_mean,99303071443,99913692090,99921357757,619471443,False,99921630274,99923623209
sustained,RESERVED_THERMAL_REQUEST_V1_NUMERIC_R2,610810001/sustained/162,162,detection,normal,99716866614,6000000000,succeeded,99716866614,CPU,99923623208.85416,99923623208.85416,99923623208.85416,99923623209,fixed_mean,99924808338,100535428985,100543094652,826228038,False,100543367169,100545360104
sustained,RESERVED_THERMAL_REQUEST_V1_NUMERIC_R2,610810001/sustained/163,163,classification,urgent,100128076037,1500000000,succeeded,100128076037,GPU,100128076037.0,100128076037.0,100128076037.0,100128076037,fixed_mean,100129456858,100422130672,100429495933,294054635,False,100429967571,100432905512
sustained,RESERVED_THERMAL_REQUEST_V1_NUMERIC_R2,610810001/sustained/164,164,detection,normal,100526097776,6000000000,succeeded,100526097776,CPU,100545360103.70831,100545360103.70831,100545360103.70831,100545360104,fixed_mean,100546545232,101157165879,101164831547,638733771,False,101165104064,101167096999
sustained,RESERVED_THERMAL_REQUEST_V1_NUMERIC_R2,610810001/sustained/165,165,detection,normal,100912147942,6000000000,succeeded,100912147942,CPU,101167096998.56247,101167096998.56247,101167096998.56247,101167096999,fixed_mean,101168282127,101778902774,101786568442,874420500,False,101786840959,101788833893
sustained,RESERVED_THERMAL_REQUEST_V1_NUMERIC_R2,610810001/sustained/166,166,detection,normal,101298782555,6000000000,succeeded,101298782555,CPU,101954050169.10413,101954050169.10413,101954050169.10413,101954050169,fixed_mean,101955235298,102565855945,102573521612,1274739057,False,102573794129,102575787064
sustained,RESERVED_THERMAL_REQUEST_V1_NUMERIC_R2,610810001/sustained/167,167,classification,urgent,101693708479,1500000000,succeeded,101693708479,CPU,101788833893.41663,101788833893.41663,101788833893.41663,101788833893,fixed_mean,101790408067,101945013825,101951522103,251305346,False,101951797549,101954050169
sustained,RESERVED_THERMAL_REQUEST_V1_NUMERIC_R2,610810001/sustained/168,168,detection,normal,102091082388,6000000000,succeeded,102091082388,CPU,102575787063.95828,102575787063.95828,102575787063.95828,102575787064,fixed_mean,102576972193,103187592840,103195258507,1104176119,False,103195531024,103197523959
sustained,RESERVED_THERMAL_REQUEST_V1_NUMERIC_R2,610810001/sustained/169,169,detection,normal,102474146544,6000000000,succeeded,102474146544,CPU,103197523958.81244,103197523958.81244,103197523958.81244,103197523959,fixed_mean,103198709088,103809329735,103816995402,1342848858,False,103817267919,103819260854
sustained,RESERVED_THERMAL_REQUEST_V1_NUMERIC_R2,610810001/sustained/170,170,classification,urgent,102883940266,1500000000,succeeded,102883940266,GPU,102883940266.0,102883940266.0,102883940266.0,102883940266,fixed_mean,102885321087,103177994901,103185360162,294054635,False,103185831800,103188769741
sustained,RESERVED_THERMAL_REQUEST_V1_NUMERIC_R2,610810001/sustained/171,171,classification,urgent,103281389703,1500000000,succeeded,103281389703,GPU,103281389703.0,103281389703.0,103281389703.0,103281389703,fixed_mean,103282770524,103575444338,103582809599,294054635,False,103583281237,103586219178
sustained,RESERVED_THERMAL_REQUEST_V1_NUMERIC_R2,610810001/sustained/172,172,classification,urgent,103674987700,1500000000,succeeded,103674987700,CPU,103819260853.6666,103819260853.6666,103819260853.6666,103819260854,fixed_mean,103820835027,103975440785,103981949064,300453085,False,103982224509,103984477129
sustained,RESERVED_THERMAL_REQUEST_V1_NUMERIC_R2,610810001/sustained/173,173,classification,urgent,104069768185,1500000000,succeeded,104069768185,CPU,104069768185.0,104069768185.0,104069768185.0,104069768185,fixed_mean,104071342358,104225948116,104232456395,156179931,False,104232731841,104234984461
sustained,RESERVED_THERMAL_REQUEST_V1_NUMERIC_R2,610810001/sustained/174,174,detection,normal,104465101524,6000000000,succeeded,104465101524,CPU,104465101524.0,104465101524.0,104465101524.0,104465101524,fixed_mean,104466286653,105076907300,105084572967,619471443,False,105084845484,105086838419
sustained,RESERVED_THERMAL_REQUEST_V1_NUMERIC_R2,610810001/sustained/175,175,classification,urgent,104855927132,1500000000,succeeded,104855927132,GPU,104855927132.0,104855927132.0,104855927132.0,104855927132,fixed_mean,104857307953,105149981767,105157347028,294054635,False,105157818666,105160756607
sustained,RESERVED_THERMAL_REQUEST_V1_NUMERIC_R2,610810001/sustained/176,176,classification,urgent,105240841639,1500000000,succeeded,105240841639,CPU,105240841639.0,105240841639.0,105240841639.0,105240841639,fixed_mean,105242415812,105397021570,105403529849,156179931,False,105403805295,105406057915
sustained,RESERVED_THERMAL_REQUEST_V1_NUMERIC_R2,610810001/sustained/177,177,classification,urgent,105632709290,1500000000,succeeded,105632709290,CPU,105632709290.0,105632709290.0,105632709290.0,105632709290,fixed_mean,105634283463,105788889221,105795397500,156179931,False,105795672946,105797925566
sustained,RESERVED_THERMAL_REQUEST_V1_NUMERIC_R2,610810001/sustained/178,178,classification,urgent,106040927119,1500000000,succeeded,106040927119,CPU,106040927119.0,106040927119.0,106040927119.0,106040927119,fixed_mean,106042501292,106197107050,106203615329,156179931,False,106203890775,106206143395
sustained,RESERVED_THERMAL_REQUEST_V1_NUMERIC_R2,610810001/sustained/179,179,detection,normal,106448538499,6000000000,succeeded,106448538499,CPU,106448538499.0,106448538499.0,106448538499.0,106448538499,fixed_mean,106449723628,107060344275,107068009942,619471443,False,107068282459,107070275394
sustained,RESERVED_THERMAL_REQUEST_V1_NUMERIC_R2,610810001/sustained/180,180,classification,urgent,106848930247,1500000000,succeeded,106848930247,GPU,106848930247.0,106848930247.0,106848930247.0,106848930247,fixed_mean,106850311068,107142984882,107150350143,294054635,False,107150821781,107153759722
sustained,RESERVED_THERMAL_REQUEST_V1_NUMERIC_R2,610810001/sustained/181,181,detection,normal,107244440734,6000000000,succeeded,107244440734,CPU,107244440734.0,107244440734.0,107244440734.0,107244440734,fixed_mean,107245625863,107856246510,107863912177,619471443,False,107864184694,107866177629
sustained,RESERVED_THERMAL_REQUEST_V1_NUMERIC_R2,610810001/sustained/182,182,detection,normal,107644104830,6000000000,succeeded,107644104830,CPU,107866177628.85416,107866177628.85416,107866177628.85416,107866177629,fixed_mean,107867362758,108477983405,108485649072,841544242,False,108485921589,108487914524
sustained,RESERVED_THERMAL_REQUEST_V1_NUMERIC_R2,610810001/sustained/183,183,detection,normal,108062881154,6000000000,succeeded,108062881154,CPU,108487914523.70831,108487914523.70831,108487914523.70831,108487914524,fixed_mean,108489099652,109099720299,109107385967,1044504813,False,109107658484,109109651419
sustained,RESERVED_THERMAL_REQUEST_V1_NUMERIC_R2,610810001/sustained/184,184,detection,normal,108448871848,6000000000,succeeded,108448871848,CPU,109109651418.56247,109109651418.56247,109109651418.56247,109109651419,fixed_mean,109110836547,109721457194,109729122862,1280251014,False,109729395379,109731388313
sustained,RESERVED_THERMAL_REQUEST_V1_NUMERIC_R2,610810001/sustained/185,185,detection,normal,108831727430,6000000000,succeeded,108831727430,CPU,109731388313.41663,109731388313.41663,109731388313.41663,109731388313,fixed_mean,109732573442,110343194089,110350859757,1519132327,False,110351132273,110353125208
sustained,RESERVED_THERMAL_REQUEST_V1_NUMERIC_R2,610810001/sustained/186,186,classification,urgent,109246236275,1500000000,succeeded,109246236275,GPU,109246236275.0,109246236275.0,109246236275.0,109246236275,fixed_mean,109247617096,109540290910,109547656171,294054635,False,109548127809,109551065750
sustained,RESERVED_THERMAL_REQUEST_V1_NUMERIC_R2,610810001/sustained/187,187,detection,normal,109650757417,6000000000,succeeded,109650757417,CPU,110353125208.27078,110353125208.27078,110353125208.27078,110353125208,fixed_mean,110354310337,110964930984,110972596652,1321839235,False,110972869168,110974862103
sustained,RESERVED_THERMAL_REQUEST_V1_NUMERIC_R2,610810001/sustained/188,188,classification,urgent,110049811645,1500000000,succeeded,110049811645,GPU,110049811645.0,110049811645.0,110049811645.0,110049811645,fixed_mean,110051192466,110343866280,110351231541,294054635,False,110351703179,110354641120
sustained,RESERVED_THERMAL_REQUEST_V1_NUMERIC_R2,610810001/sustained/189,189,detection,normal,110434835375,6000000000,succeeded,110434835375,CPU,110974862103.12494,110974862103.12494,110974862103.12494,110974862103,fixed_mean,110976047232,111586667879,111594333547,1159498172,False,111594606063,111596598998
sustained,RESERVED_THERMAL_REQUEST_V1_NUMERIC_R2,610810001/sustained/190,190,detection,normal,110841595300,6000000000,succeeded,110841595300,CPU,111596598997.9791,111596598997.9791,111596598997.9791,111596598998,fixed_mean,111597784127,112208404774,112216070441,1374475141,False,112216342958,112218335893
sustained,RESERVED_THERMAL_REQUEST_V1_NUMERIC_R2,610810001/sustained/191,191,detection,normal,111259456638,6000000000,succeeded,111259456638,CPU,112218335892.83325,112218335892.83325,112218335892.83325,112218335893,fixed_mean,112219521022,112830141669,112837807336,1578350698,False,112838079853,112840072788
queue,EFT_REFERENCE,610810001/queue/0,0,detection,normal,35000000000,6000000000,succeeded,35000000000,CPU,35000000000.0,35000000000.0,35000000000.0,35000000000,shared_development_context_mean,35001185129,35611805776,35619471443,619471443,False,35619743960,35621736895
queue,EFT_REFERENCE,610810001/queue/1,1,detection,normal,35205146616,6000000000,succeeded,35205146616,CPU,35786953170.541664,35786953170.541664,35786953170.541664,35786953171,shared_development_context_mean,35788138299,36398758946,36406424614,1201277998,False,36406697130,36408690065
queue,EFT_REFERENCE,610810001/queue/2,2,detection,normal,35410129751,6000000000,succeeded,35410129751,CPU,36408690065.39583,36408690065.39583,36408690065.39583,36408690065,shared_development_context_mean,36409875194,37020495841,37028161509,1618031758,False,37028434025,37030426960
queue,EFT_REFERENCE,610810001/queue/3,3,classification,urgent,35613263315,1500000000,succeeded,35613263315,CPU,35621736894.854164,35621736894.854164,35621736894.854164,35621736895,shared_development_context_mean,35623311068,35777916826,35784425105,164653511,False,35784700550,35786953171
queue,EFT_REFERENCE,610810001/queue/4,4,detection,normal,35817109134,6000000000,succeeded,35817109134,CPU,37030426960.24999,37030426960.24999,37030426960.24999,37030426960,shared_development_context_mean,37031612089,37642232736,37649898404,1832789270,False,37650170920,37652163855
queue,EFT_REFERENCE,610810001/queue/5,5,detection,normal,36016100813,6000000000,succeeded,36016100813,CPU,37652163855.10416,37652163855.10416,37652163855.10416,37652163855,shared_development_context_mean,37653348984,38263969631,38271635298,2255534485,False,38271907815,38273900750
queue,EFT_REFERENCE,610810001/queue/6,6,detection,normal,36216376604,6000000000,succeeded,36216376604,CPU,38604333301.33332,38604333301.33332,38604333301.33332,38604333301,shared_development_context_mean,38605518430,39216139077,39223804745,3007428141,False,39224077261,39226070196
queue,EFT_REFERENCE,610810001/queue/7,7,detection,normal,36412574208,6000000000,succeeded,36412574208,CPU,39226070196.187485,39226070196.187485,39226070196.187485,39226070196,shared_development_context_mean,39227255325,39837875972,39845541640,3432967432,False,39845814156,39847807091
queue,EFT_REFERENCE,610810001/queue/8,8,detection,normal,36612831581,6000000000,succeeded,36612831581,CPU,39847807091.04165,39847807091.04165,39847807091.04165,39847807091,shared_development_context_mean,39848992220,40459612867,40467278534,3854446953,False,40467551051,40469543986
queue,EFT_REFERENCE,610810001/queue/9,9,classification,urgent,36808093990,1500000000,succeeded,36808093990,GPU,36808093990.0,36808093990.0,36808093990.0,36808093990,shared_development_context_mean,36809474811,37102148625,37109513886,294054635,False,37109985524,37112923465
queue,EFT_REFERENCE,610810001/queue/10,10,detection,normal,37004627458,6000000000,succeeded,37004627458,CPU,40469543985.89581,40469543985.89581,40469543985.89581,40469543986,shared_development_context_mean,40470729115,41081349762,41089015429,4084387971,False,41089287946,41091280881
queue,EFT_REFERENCE,610810001/queue/11,11,detection,normal,37211401297,6000000000,succeeded,37211401297,CPU,41091280880.74998,41091280880.74998,41091280880.74998,41091280881,shared_development_context_mean,41092466009,41703086656,41710752324,4499351027,False,41711024841,41713017776
queue,EFT_REFERENCE,610810001/queue/12,12,classification,urgent,37421260390,1500000000,succeeded,37421260390,GPU,37421260390.0,37421260390.0,37421260390.0,37421260390,shared_development_context_mean,37422641211,37715315025,37722680286,294054635,False,37723151924,37726089865
queue,EFT_REFERENCE,610810001/queue/13,13,detection,normal,37619016414,6000000000,succeeded,37619016414,CPU,41713017775.60414,41713017775.60414,41713017775.60414,41713017776,shared_development_context_mean,41714202904,42324823551,42332489219,4713472805,False,42332761736,42334754670
queue,EFT_REFERENCE,610810001/queue/14,14,detection,normal,37816890488,6000000000,succeeded,37816890488,CPU,42334754670.458305,42334754670.458305,42334754670.458305,42334754670,shared_development_context_mean,42335939799,42946560446,42954226114,5137335626,False,42954498630,42956491565
queue,EFT_REFERENCE,610810001/queue/15,15,detection,normal,38020048275,6000000000,succeeded,38020048275,CPU,42956491565.31247,42956491565.31247,42956491565.31247,42956491565,shared_development_context_mean,42957676694,43568297341,43575963009,5555914734,False,43576235525,43578228460
queue,EFT_REFERENCE,610810001/queue/16,16,classification,urgent,38216148510,1500000000,succeeded,38216148510,CPU,38273900749.95832,38273900749.95832,38273900749.95832,38273900750,shared_development_context_mean,38275474923,38430080681,38436588960,213932171,False,38436864406,38439117026
queue,EFT_REFERENCE,610810001/queue/17,17,classification,urgent,38424174507,1500000000,succeeded,38424174507,CPU,38439117025.64582,38439117025.64582,38439117025.64582,38439117026,shared_development_context_mean,38440691199,38595296957,38601805236,171122450,False,38602080681,38604333301
queue,EFT_REFERENCE,610810001/queue/18,18,detection,normal,38621801615,6000000000,succeeded,38621801615,CPU,43578228460.16663,43578228460.16663,43578228460.16663,43578228460,shared_development_context_mean,43579413589,44190034236,44197699904,5575898289,False,44197972420,44199965355
queue,EFT_REFERENCE,610810001/queue/19,19,detection,normal,38829024386,6000000000,succeeded,38829024386,CPU,44199965355.0208,44199965355.0208,44199965355.0208,44199965355,shared_development_context_mean,44201150484,44811771131,44819436798,5990412412,False,44819709315,44821702250
queue,EFT_REFERENCE,610810001/queue/20,20,detection,normal,39023803235,6000000000,succeeded,39023803235,CPU,44821702249.87496,44821702249.87496,44821702249.87496,44821702250,shared_development_context_mean,44822887379,45433508026,45441173693,6417370458,True,45441446210,45443439145
queue,EFT_REFERENCE,610810001/queue/21,21,detection,normal,39223651586,6000000000,succeeded,39223651586,CPU,45443439144.729126,45443439144.729126,45443439144.729126,45443439145,shared_development_context_mean,45444624273,46055244920,46062910588,6839259002,True,46063183105,46065176040
queue,EFT_REFERENCE,610810001/queue/22,22,classification,urgent,39430925432,1500000000,succeeded,39430925432,GPU,39430925432.0,39430925432.0,39430925432.0,39430925432,shared_development_context_mean,39432306253,39724980067,39732345328,294054635,False,39732816966,39735754907
queue,EFT_REFERENCE,610810001/queue/23,23,detection,normal,39621414105,6000000000,succeeded,39621414105,CPU,46065176039.58329,46065176039.58329,46065176039.58329,46065176040,shared_development_context_mean,46066361168,46676981815,46684647483,7063233378,True,46684920000,46686912934
sustained,EFT_REFERENCE,610810001/sustained/0,0,classification,urgent,35000000000,1500000000,succeeded,35000000000,CPU,35000000000.0,35000000000.0,35000000000.0,35000000000,shared_development_context_mean,35001574173,35156179931,35162688210,156179931,False,35162963656,35165216276
sustained,EFT_REFERENCE,610810001/sustained/1,1,classification,urgent,35383011853,1500000000,succeeded,35383011853,CPU,35383011853.0,35383011853.0,35383011853.0,35383011853,shared_development_context_mean,35384586026,35539191784,35545700063,156179931,False,35545975509,35548228129
sustained,EFT_REFERENCE,610810001/sustained/2,2,detection,normal,35767774281,6000000000,succeeded,35767774281,CPU,35767774281.0,35767774281.0,35767774281.0,35767774281,shared_development_context_mean,35768959410,36379580057,36387245724,619471443,False,36387518241,36389511176
sustained,EFT_REFERENCE,610810001/sustained/3,3,classification,urgent,36149588174,1500000000,succeeded,36149588174,GPU,36149588174.0,36149588174.0,36149588174.0,36149588174,shared_development_context_mean,36150968995,36443642809,36451008070,294054635,False,36451479708,36454417649
sustained,EFT_REFERENCE,610810001/sustained/4,4,classification,urgent,36532246217,1500000000,succeeded,36532246217,CPU,36532246217.0,36532246217.0,36532246217.0,36532246217,shared_development_context_mean,36533820390,36688426148,36694934427,156179931,False,36695209873,36697462493
sustained,EFT_REFERENCE,610810001/sustained/5,5,detection,normal,36943000353,6000000000,succeeded,36943000353,CPU,36943000353.0,36943000353.0,36943000353.0,36943000353,shared_development_context_mean,36944185482,37554806129,37562471796,619471443,False,37562744313,37564737248
sustained,EFT_REFERENCE,610810001/sustained/6,6,classification,urgent,37358861397,1500000000,succeeded,37358861397,GPU,37358861397.0,37358861397.0,37358861397.0,37358861397,shared_development_context_mean,37360242218,37652916032,37660281293,294054635,False,37660752931,37663690872
sustained,EFT_REFERENCE,610810001/sustained/7,7,detection,normal,37763267022,6000000000,succeeded,37763267022,CPU,37763267022.0,37763267022.0,37763267022.0,37763267022,shared_development_context_mean,37764452151,38375072798,38382738465,619471443,False,38383010982,38385003917
sustained,EFT_REFERENCE,610810001/sustained/8,8,classification,urgent,38175871106,1500000000,succeeded,38175871106,GPU,38175871106.0,38175871106.0,38175871106.0,38175871106,shared_development_context_mean,38177251927,38469925741,38477291002,294054635,False,38477762640,38480700581
sustained,EFT_REFERENCE,610810001/sustained/9,9,detection,normal,38587654396,6000000000,succeeded,38587654396,CPU,38587654396.0,38587654396.0,38587654396.0,38587654396,shared_development_context_mean,38588839525,39199460172,39207125839,619471443,False,39207398356,39209391291
sustained,EFT_REFERENCE,610810001/sustained/10,10,detection,normal,38987130461,6000000000,succeeded,38987130461,CPU,39209391290.854164,39209391290.854164,39209391290.854164,39209391291,shared_development_context_mean,39210576420,39821197067,39828862734,841732273,False,39829135251,39831128186
sustained,EFT_REFERENCE,610810001/sustained/11,11,classification,urgent,39381835341,1500000000,succeeded,39381835341,GPU,39381835341.0,39381835341.0,39381835341.0,39381835341,shared_development_context_mean,39383216162,39675889976,39683255237,294054635,False,39683726875,39686664816
sustained,EFT_REFERENCE,610810001/sustained/12,12,detection,normal,39800843935,6000000000,succeeded,39800843935,CPU,39831128185.70833,39831128185.70833,39831128185.70833,39831128186,shared_development_context_mean,39832313314,40442933961,40450599629,649755694,False,40450872146,40452865081
sustained,EFT_REFERENCE,610810001/sustained/13,13,classification,urgent,40197008897,1500000000,succeeded,40197008897,GPU,40197008897.0,40197008897.0,40197008897.0,40197008897,shared_development_context_mean,40198389718,40491063532,40498428793,294054635,False,40498900431,40501838372
sustained,EFT_REFERENCE,610810001/sustained/14,14,detection,normal,40586078191,6000000000,succeeded,40586078191,CPU,40586078191.0,40586078191.0,40586078191.0,40586078191,shared_development_context_mean,40587263320,41197883967,41205549634,619471443,False,41205822151,41207815086
sustained,EFT_REFERENCE,610810001/sustained/15,15,classification,urgent,41005104733,1500000000,succeeded,41005104733,GPU,41005104733.0,41005104733.0,41005104733.0,41005104733,shared_development_context_mean,41006485554,41299159368,41306524629,294054635,False,41306996267,41309934208
sustained,EFT_REFERENCE,610810001/sustained/16,16,detection,normal,41400938572,6000000000,succeeded,41400938572,CPU,41400938572.0,41400938572.0,41400938572.0,41400938572,shared_development_context_mean,41402123701,42012744348,42020410015,619471443,False,42020682532,42022675467
sustained,EFT_REFERENCE,610810001/sustained/17,17,detection,normal,41787139062,6000000000,succeeded,41787139062,CPU,42022675466.854164,42022675466.854164,42022675466.854164,42022675467,shared_development_context_mean,42023860596,42634481243,42642146910,855007848,False,42642419427,42644412362
sustained,EFT_REFERENCE,610810001/sustained/18,18,detection,normal,42192341496,6000000000,succeeded,42192341496,CPU,42644412361.70833,42644412361.70833,42644412361.70833,42644412362,shared_development_context_mean,42645597490,43256218137,43263883805,1071542309,False,43264156322,43266149257
sustained,EFT_REFERENCE,610810001/sustained/19,19,detection,normal,42585724390,6000000000,succeeded,42585724390,CPU,43266149256.56249,43266149256.56249,43266149256.56249,43266149257,shared_development_context_mean,43267334385,43877955032,43885620700,1299896310,False,43885893217,43887886151
sustained,EFT_REFERENCE,610810001/sustained/20,20,classification,urgent,42972811447,1500000000,succeeded,42972811447,GPU,42972811447.0,42972811447.0,42972811447.0,42972811447,shared_development_context_mean,42974192268,43266866082,43274231343,294054635,False,43274702981,43277640922
sustained,EFT_REFERENCE,610810001/sustained/21,21,detection,normal,43376904063,6000000000,succeeded,43376904063,CPU,44053102427.10416,44053102427.10416,44053102427.10416,44053102427,shared_development_context_mean,44054287556,44664908203,44672573870,1295669807,False,44672846387,44674839322
sustained,EFT_REFERENCE,610810001/sustained/22,22,classification,urgent,43771013673,1500000000,succeeded,43771013673,CPU,43887886151.41666,43887886151.41666,43887886151.41666,43887886151,shared_development_context_mean,43889460325,44044066083,44050574361,273052410,False,44050849807,44053102427
sustained,EFT_REFERENCE,610810001/sustained/23,23,classification,urgent,44158057603,1500000000,succeeded,44158057603,GPU,44158057603.0,44158057603.0,44158057603.0,44158057603,shared_development_context_mean,44159438424,44452112238,44459477499,294054635,False,44459949137,44462887078
sustained,EFT_REFERENCE,610810001/sustained/24,24,classification,urgent,44552115778,1500000000,succeeded,44552115778,CPU,44674839321.95832,44674839321.95832,44674839321.95832,44674839322,shared_development_context_mean,44676413495,44831019253,44837527532,278903475,False,44837802978,44840055598
sustained,EFT_REFERENCE,610810001/sustained/25,25,classification,urgent,44957915866,1500000000,succeeded,44957915866,CPU,44957915866.0,44957915866.0,44957915866.0,44957915866,shared_development_context_mean,44959490039,45114095797,45120604076,156179931,False,45120879522,45123132142
sustained,EFT_REFERENCE,610810001/sustained/26,26,detection,normal,45361456942,6000000000,succeeded,45361456942,CPU,45361456942.0,45361456942.0,45361456942.0,45361456942,shared_development_context_mean,45362642071,45973262718,45980928385,619471443,False,45981200902,45983193837
sustained,EFT_REFERENCE,610810001/sustained/27,27,classification,urgent,45754155826,1500000000,succeeded,45754155826,GPU,45754155826.0,45754155826.0,45754155826.0,45754155826,shared_development_context_mean,45755536647,46048210461,46055575722,294054635,False,46056047360,46058985301
sustained,EFT_REFERENCE,610810001/sustained/28,28,classification,urgent,46135601008,1500000000,succeeded,46135601008,CPU,46135601008.0,46135601008.0,46135601008.0,46135601008,shared_development_context_mean,46137175181,46291780939,46298289218,156179931,False,46298564664,46300817284
sustained,EFT_REFERENCE,610810001/sustained/29,29,classification,urgent,46533320331,1500000000,succeeded,46533320331,CPU,46533320331.0,46533320331.0,46533320331.0,46533320331,shared_development_context_mean,46534894504,46689500262,46696008541,156179931,False,46696283987,46698536607
sustained,EFT_REFERENCE,610810001/sustained/30,30,detection,normal,46950967677,6000000000,succeeded,46950967677,CPU,46950967677.0,46950967677.0,46950967677.0,46950967677,shared_development_context_mean,46952152806,47562773453,47570439120,619471443,False,47570711637,47572704572
sustained,EFT_REFERENCE,610810001/sustained/31,31,detection,normal,47343259463,6000000000,succeeded,47343259463,CPU,47572704571.854164,47572704571.854164,47572704571.854164,47572704572,shared_development_context_mean,47573889701,48184510348,48192176015,848916552,False,48192448532,48194441467
sustained,EFT_REFERENCE,610810001/sustained/32,32,classification,urgent,47753685231,1500000000,succeeded,47753685231,GPU,47753685231.0,47753685231.0,47753685231.0,47753685231,shared_development_context_mean,47755066052,48047739866,48055105127,294054635,False,48055576765,48058514706
sustained,EFT_REFERENCE,610810001/sustained/33,33,classification,urgent,48143877339,1500000000,succeeded,48143877339,CPU,48194441466.70833,48194441466.70833,48194441466.70833,48194441467,shared_development_context_mean,48196015640,48350621398,48357129677,206744059,False,48357405122,48359657742
sustained,EFT_REFERENCE,610810001/sustained/34,34,detection,normal,48548501108,6000000000,succeeded,48548501108,CPU,48548501108.0,48548501108.0,48548501108.0,48548501108,shared_development_context_mean,48549686237,49160306884,49167972551,619471443,False,49168245068,49170238003
sustained,EFT_REFERENCE,610810001/sustained/35,35,detection,normal,48940679009,6000000000,succeeded,48940679009,CPU,49170238002.854164,49170238002.854164,49170238002.854164,49170238003,shared_development_context_mean,49171423132,49782043779,49789709446,849030437,False,49789981963,49791974898
sustained,EFT_REFERENCE,610810001/sustained/36,36,classification,urgent,49323061149,1500000000,succeeded,49323061149,GPU,49323061149.0,49323061149.0,49323061149.0,49323061149,shared_development_context_mean,49324441970,49617115784,49624481045,294054635,False,49624952683,49627890624
sustained,EFT_REFERENCE,610810001/sustained/37,37,detection,normal,49707250613,6000000000,succeeded,49707250613,CPU,49791974897.70833,49791974897.70833,49791974897.70833,49791974898,shared_development_context_mean,49793160026,50403780673,50411446341,704195728,False,50411718858,50413711793
sustained,EFT_REFERENCE,610810001/sustained/38,38,detection,normal,50123893272,6000000000,succeeded,50123893272,CPU,50413711792.56249,50413711792.56249,50413711792.56249,50413711793,shared_development_context_mean,50414896921,51025517568,51033183236,909289964,False,51033455753,51035448687
sustained,EFT_REFERENCE,610810001/sustained/39,39,detection,normal,50533054387,6000000000,succeeded,50533054387,CPU,51200664963.10415,51200664963.10415,51200664963.10415,51200664963,shared_development_context_mean,51201850092,51812470739,51820136406,1287082019,False,51820408923,51822401858
sustained,EFT_REFERENCE,610810001/sustained/40,40,classification,urgent,50926936420,1500000000,succeeded,50926936420,CPU,51035448687.41666,51035448687.41666,51035448687.41666,51035448687,shared_development_context_mean,51037022861,51191628619,51198136897,264692199,False,51198412343,51200664963
sustained,EFT_REFERENCE,610810001/sustained/41,41,classification,urgent,51318387695,1500000000,succeeded,51318387695,GPU,51318387695.0,51318387695.0,51318387695.0,51318387695,shared_development_context_mean,51319768516,51612442330,51619807591,294054635,False,51620279229,51623217170
sustained,EFT_REFERENCE,610810001/sustained/42,42,detection,normal,51704149682,6000000000,succeeded,51704149682,CPU,51822401857.95831,51822401857.95831,51822401857.95831,51822401858,shared_development_context_mean,51823586987,52434207634,52441873301,737723619,False,52442145818,52444138753
sustained,EFT_REFERENCE,610810001/sustained/43,43,detection,normal,52096271588,6000000000,succeeded,52096271588,CPU,52444138752.81248,52444138752.81248,52444138752.81248,52444138753,shared_development_context_mean,52445323882,53055944529,53063610196,967338608,False,53063882713,53065875648
sustained,EFT_REFERENCE,610810001/sustained/44,44,classification,urgent,52480564263,1500000000,succeeded,52480564263,GPU,52480564263.0,52480564263.0,52480564263.0,52480564263,shared_development_context_mean,52481945084,52774618898,52781984159,294054635,False,52782455797,52785393738
sustained,EFT_REFERENCE,610810001/sustained/45,45,detection,normal,52895920313,6000000000,succeeded,52895920313,CPU,53065875647.66664,53065875647.66664,53065875647.66664,53065875648,shared_development_context_mean,53067060776,53677681423,53685347091,789426778,False,53685619608,53687612543
sustained,EFT_REFERENCE,610810001/sustained/46,46,detection,normal,53286410151,6000000000,succeeded,53286410151,CPU,53687612542.520805,53687612542.520805,53687612542.520805,53687612543,shared_development_context_mean,53688797671,54299418318,54307083986,1020673835,False,54307356502,54309349437
sustained,EFT_REFERENCE,610810001/sustained/47,47,detection,normal,53703283625,6000000000,succeeded,53703283625,CPU,54309349437.37497,54309349437.37497,54309349437.37497,54309349437,shared_development_context_mean,54310534566,54921155213,54928820881,1225537256,False,54929093397,54931086332
sustained,EFT_REFERENCE,610810001/sustained/48,48,detection,normal,54117249915,6000000000,succeeded,54117249915,CPU,54931086332.22913,54931086332.22913,54931086332.22913,54931086332,shared_development_context_mean,54932271461,55542892108,55550557776,1433307861,False,55550830292,55552823227
sustained,EFT_REFERENCE,610810001/sustained/49,49,classification,urgent,54497329263,1500000000,succeeded,54497329263,GPU,54497329263.0,54497329263.0,54497329263.0,54497329263,shared_development_context_mean,54498710084,54791383898,54798749159,294054635,False,54799220797,54802158738
sustained,EFT_REFERENCE,610810001/sustained/50,50,detection,normal,54914267005,6000000000,succeeded,54914267005,CPU,55552823227.0833,55552823227.0833,55552823227.0833,55552823227,shared_development_context_mean,55554008356,56164629003,56172294670,1258027665,False,56172567187,56174560122
sustained,EFT_REFERENCE,610810001/sustained/51,51,classification,urgent,55314109519,1500000000,succeeded,55314109519,GPU,55314109519.0,55314109519.0,55314109519.0,55314109519,shared_development_context_mean,55315490340,55608164154,55615529415,294054635,False,55616001053,55618938994
sustained,EFT_REFERENCE,610810001/sustained/52,52,detection,normal,55702407061,6000000000,succeeded,55702407061,CPU,56174560121.93746,56174560121.93746,56174560121.93746,56174560122,shared_development_context_mean,56175745251,56786365898,56794031565,1091624504,False,56794304082,56796297017
sustained,EFT_REFERENCE,610810001/sustained/53,53,detection,normal,56120955604,6000000000,succeeded,56120955604,CPU,56796297016.791626,56796297016.791626,56796297016.791626,56796297017,shared_development_context_mean,56797482146,57408102792,57415768460,1294812856,False,57416040977,57418033912
sustained,EFT_REFERENCE,610810001/sustained/54,54,classification,urgent,56501476382,1500000000,succeeded,56501476382,GPU,56501476382.0,56501476382.0,56501476382.0,56501476382,shared_development_context_mean,56502857203,56795531017,56802896278,294054635,False,56803367916,56806305857
sustained,EFT_REFERENCE,610810001/sustained/55,55,classification,urgent,56897783038,1500000000,succeeded,56897783038,GPU,56897783038.0,56897783038.0,56897783038.0,56897783038,shared_development_context_mean,56899163859,57191837673,57199202934,294054635,False,57199674572,57202612513
sustained,EFT_REFERENCE,610810001/sustained/56,56,classification,urgent,57314770647,1500000000,succeeded,57314770647,CPU,57418033911.64579,57418033911.64579,57418033911.64579,57418033912,shared_development_context_mean,57419608085,57574213843,57580722122,259443196,False,57580997567,57583250187
sustained,EFT_REFERENCE,610810001/sustained/57,57,detection,normal,57696485661,6000000000,succeeded,57696485661,CPU,57696485661.0,57696485661.0,57696485661.0,57696485661,shared_development_context_mean,57697670790,58308291437,58315957104,619471443,False,58316229621,58318222556
sustained,EFT_REFERENCE,610810001/sustained/58,58,detection,normal,58100504823,6000000000,succeeded,58100504823,CPU,58318222555.854164,58318222555.854164,58318222555.854164,58318222556,shared_development_context_mean,58319407685,58930028332,58937693999,837189176,False,58937966516,58939959451
sustained,EFT_REFERENCE,610810001/sustained/59,59,classification,urgent,58494105935,1500000000,succeeded,58494105935,GPU,58494105935.0,58494105935.0,58494105935.0,58494105935,shared_development_context_mean,58495486756,58788160570,58795525831,294054635,False,58795997469,58798935410
sustained,EFT_REFERENCE,610810001/sustained/60,60,detection,normal,58911490698,6000000000,succeeded,58911490698,CPU,58939959450.70833,58939959450.70833,58939959450.70833,58939959451,shared_development_context_mean,58941144579,59551765226,59559430894,647940196,False,59559703411,59561696346
sustained,EFT_REFERENCE,610810001/sustained/61,61,classification,urgent,59295134990,1500000000,succeeded,59295134990,GPU,59295134990.0,59295134990.0,59295134990.0,59295134990,shared_development_context_mean,59296515811,59589189625,59596554886,294054635,False,59597026524,59599964465
sustained,EFT_REFERENCE,610810001/sustained/62,62,detection,normal,59700477396,6000000000,succeeded,59700477396,CPU,59700477396.0,59700477396.0,59700477396.0,59700477396,shared_development_context_mean,59701662525,60312283172,60319948839,619471443,False,60320221356,60322214291
sustained,EFT_REFERENCE,610810001/sustained/63,63,classification,urgent,60110659494,1500000000,succeeded,60110659494,GPU,60110659494.0,60110659494.0,60110659494.0,60110659494,shared_development_context_mean,60112040315,60404714129,60412079390,294054635,False,60412551028,60415488969
sustained,EFT_REFERENCE,610810001/sustained/64,64,classification,urgent,60503180465,1500000000,succeeded,60503180465,CPU,60503180465.0,60503180465.0,60503180465.0,60503180465,shared_development_context_mean,60504754638,60659360396,60665868675,156179931,False,60666144121,60668396741
sustained,EFT_REFERENCE,610810001/sustained/65,65,detection,normal,60916463042,6000000000,succeeded,60916463042,CPU,60916463042.0,60916463042.0,60916463042.0,60916463042,shared_development_context_mean,60917648171,61528268818,61535934485,619471443,False,61536207002,61538199937
sustained,EFT_REFERENCE,610810001/sustained/66,66,classification,urgent,61299569682,1500000000,succeeded,61299569682,GPU,61299569682.0,61299569682.0,61299569682.0,61299569682,shared_development_context_mean,61300950503,61593624317,61600989578,294054635,False,61601461216,61604399157
sustained,EFT_REFERENCE,610810001/sustained/67,67,classification,urgent,61685726793,1500000000,succeeded,61685726793,CPU,61685726793.0,61685726793.0,61685726793.0,61685726793,shared_development_context_mean,61687300966,61841906724,61848415003,156179931,False,61848690449,61850943069
sustained,EFT_REFERENCE,610810001/sustained/68,68,detection,normal,62082015230,6000000000,succeeded,62082015230,CPU,62082015230.0,62082015230.0,62082015230.0,62082015230,shared_development_context_mean,62083200359,62693821006,62701486673,619471443,False,62701759190,62703752125
sustained,EFT_REFERENCE,610810001/sustained/69,69,detection,normal,62487460798,6000000000,succeeded,62487460798,CPU,62703752124.854164,62703752124.854164,62703752124.854164,62703752125,shared_development_context_mean,62704937254,63315557901,63323223568,835762770,False,63323496085,63325489020
sustained,EFT_REFERENCE,610810001/sustained/70,70,detection,normal,62872894800,6000000000,succeeded,62872894800,CPU,63325489019.70833,63325489019.70833,63325489019.70833,63325489020,shared_development_context_mean,63326674148,63937294795,63944960463,1072065663,False,63945232980,63947225915
sustained,EFT_REFERENCE,610810001/sustained/71,71,detection,normal,63270110079,6000000000,succeeded,63270110079,CPU,63947225914.56249,63947225914.56249,63947225914.56249,63947225915,shared_development_context_mean,63948411043,64559031690,64566697358,1296587279,False,64566969875,64568962809
sustained,EFT_REFERENCE,610810001/sustained/72,72,detection,normal,63680563080,6000000000,succeeded,63680563080,CPU,64734179085.10416,64734179085.10416,64734179085.10416,64734179085,shared_development_context_mean,64735364214,65345984861,65353650528,1673087448,False,65353923045,65355915980
sustained,EFT_REFERENCE,610810001/sustained/73,73,detection,normal,64094719343,6000000000,succeeded,64094719343,CPU,65355915979.95832,65355915979.95832,65355915979.95832,65355915980,shared_development_context_mean,65357101109,65967721756,65975387423,1880668080,False,65975659940,65977652875
sustained,EFT_REFERENCE,610810001/sustained/74,74,classification,urgent,64500915432,1500000000,succeeded,64500915432,CPU,64568962809.41666,64568962809.41666,64568962809.41666,64568962809,shared_development_context_mean,64570536983,64725142741,64731651019,224227309,False,64731926465,64734179085
sustained,EFT_REFERENCE,610810001/sustained/75,75,classification,urgent,64905496422,1500000000,succeeded,64905496422,GPU,64905496422.0,64905496422.0,64905496422.0,64905496422,shared_development_context_mean,64906877243,65199551057,65206916318,294054635,False,65207387956,65210325897
sustained,EFT_REFERENCE,610810001/sustained/76,76,detection,normal,65311650708,6000000000,succeeded,65311650708,CPU,65977652874.812485,65977652874.812485,65977652874.812485,65977652875,shared_development_context_mean,65978838004,66589458651,66597124318,1285473610,False,66597396835,66599389770
sustained,EFT_REFERENCE,610810001/sustained/77,77,classification,urgent,65695296070,1500000000,succeeded,65695296070,GPU,65695296070.0,65695296070.0,65695296070.0,65695296070,shared_development_context_mean,65696676891,65989350705,65996715966,294054635,False,65997187604,66000125545
sustained,EFT_REFERENCE,610810001/sustained/78,78,classification,urgent,66110790785,1500000000,succeeded,66110790785,GPU,66110790785.0,66110790785.0,66110790785.0,66110790785,shared_development_context_mean,66112171606,66404845420,66412210681,294054635,False,66412682319,66415620260
sustained,EFT_REFERENCE,610810001/sustained/79,79,classification,urgent,66492785337,1500000000,succeeded,66492785337,CPU,66599389769.66665,66599389769.66665,66599389769.66665,66599389770,shared_development_context_mean,66600963943,66755569701,66762077980,262784364,False,66762353425,66764606045
sustained,EFT_REFERENCE,610810001/sustained/80,80,detection,normal,66884003702,6000000000,succeeded,66884003702,CPU,66884003702.0,66884003702.0,66884003702.0,66884003702,shared_development_context_mean,66885188831,67495809478,67503475145,619471443,False,67503747662,67505740597
sustained,EFT_REFERENCE,610810001/sustained/81,81,classification,urgent,67286061781,1500000000,succeeded,67286061781,GPU,67286061781.0,67286061781.0,67286061781.0,67286061781,shared_development_context_mean,67287442602,67580116416,67587481677,294054635,False,67587953315,67590891256
sustained,EFT_REFERENCE,610810001/sustained/82,82,detection,normal,67667964379,6000000000,succeeded,67667964379,CPU,67667964379.0,67667964379.0,67667964379.0,67667964379,shared_development_context_mean,67669149508,68279770155,68287435822,619471443,False,68287708339,68289701274
sustained,EFT_REFERENCE,610810001/sustained/83,83,classification,urgent,68067496172,1500000000,succeeded,68067496172,GPU,68067496172.0,68067496172.0,68067496172.0,68067496172,shared_development_context_mean,68068876993,68361550807,68368916068,294054635,False,68369387706,68372325647
sustained,EFT_REFERENCE,610810001/sustained/84,84,classification,urgent,68447798722,1500000000,succeeded,68447798722,CPU,68447798722.0,68447798722.0,68447798722.0,68447798722,shared_development_context_mean,68449372895,68603978653,68610486932,156179931,False,68610762378,68613014998
sustained,EFT_REFERENCE,610810001/sustained/85,85,detection,normal,68861756880,6000000000,succeeded,68861756880,CPU,68861756880.0,68861756880.0,68861756880.0,68861756880,shared_development_context_mean,68862942009,69473562656,69481228323,619471443,False,69481500840,69483493775
sustained,EFT_REFERENCE,610810001/sustained/86,86,classification,urgent,69265127391,1500000000,succeeded,69265127391,GPU,69265127391.0,69265127391.0,69265127391.0,69265127391,shared_development_context_mean,69266508212,69559182026,69566547287,294054635,False,69567018925,69569956866
sustained,EFT_REFERENCE,610810001/sustained/87,87,detection,normal,69657770984,6000000000,succeeded,69657770984,CPU,69657770984.0,69657770984.0,69657770984.0,69657770984,shared_development_context_mean,69658956113,70269576760,70277242427,619471443,False,70277514944,70279507879
sustained,EFT_REFERENCE,610810001/sustained/88,88,classification,urgent,70055591180,1500000000,succeeded,70055591180,GPU,70055591180.0,70055591180.0,70055591180.0,70055591180,shared_development_context_mean,70056972001,70349645815,70357011076,294054635,False,70357482714,70360420655
sustained,EFT_REFERENCE,610810001/sustained/89,89,classification,urgent,70465999054,1500000000,succeeded,70465999054,CPU,70465999054.0,70465999054.0,70465999054.0,70465999054,shared_development_context_mean,70467573227,70622178985,70628687264,156179931,False,70628962710,70631215330
sustained,EFT_REFERENCE,610810001/sustained/90,90,classification,urgent,70851593015,1500000000,succeeded,70851593015,CPU,70851593015.0,70851593015.0,70851593015.0,70851593015,shared_development_context_mean,70853167188,71007772946,71014281225,156179931,False,71014556671,71016809291
sustained,EFT_REFERENCE,610810001/sustained/91,91,classification,urgent,71266265777,1500000000,succeeded,71266265777,CPU,71266265777.0,71266265777.0,71266265777.0,71266265777,shared_development_context_mean,71267839950,71422445708,71428953987,156179931,False,71429229433,71431482053
sustained,EFT_REFERENCE,610810001/sustained/92,92,detection,normal,71673926532,6000000000,succeeded,71673926532,CPU,71673926532.0,71673926532.0,71673926532.0,71673926532,shared_development_context_mean,71675111661,72285732308,72293397975,619471443,False,72293670492,72295663427
sustained,EFT_REFERENCE,610810001/sustained/93,93,detection,normal,72061303870,6000000000,succeeded,72061303870,CPU,72295663426.85416,72295663426.85416,72295663426.85416,72295663427,shared_development_context_mean,72296848556,72907469203,72915134870,853831000,False,72915407387,72917400322
sustained,EFT_REFERENCE,610810001/sustained/94,94,detection,normal,72479210835,6000000000,succeeded,72479210835,CPU,73082616597.39581,73082616597.39581,73082616597.39581,73082616597,shared_development_context_mean,73083801726,73694422373,73702088041,1222877206,False,73702360557,73704353492
sustained,EFT_REFERENCE,610810001/sustained/95,95,classification,urgent,72874809791,1500000000,succeeded,72874809791,CPU,72917400321.70831,72917400321.70831,72917400321.70831,72917400322,shared_development_context_mean,72918974495,73073580253,73080088532,198770462,False,73080363977,73082616597
sustained,EFT_REFERENCE,610810001/sustained/96,96,classification,urgent,73263010102,1500000000,succeeded,73263010102,GPU,73263010102.0,73263010102.0,73263010102.0,73263010102,shared_development_context_mean,73264390923,73557064737,73564429998,294054635,False,73564901636,73567839577
sustained,EFT_REFERENCE,610810001/sustained/97,97,classification,urgent,73660323274,1500000000,succeeded,73660323274,CPU,73704353492.24997,73704353492.24997,73704353492.24997,73704353492,shared_development_context_mean,73705927665,73860533423,73867041702,200210149,False,73867317148,73869569768
sustained,EFT_REFERENCE,610810001/sustained/98,98,detection,normal,74067955121,6000000000,succeeded,74067955121,CPU,74067955121.0,74067955121.0,74067955121.0,74067955121,shared_development_context_mean,74069140250,74679760897,74687426564,619471443,False,74687699081,74689692016
sustained,EFT_REFERENCE,610810001/sustained/99,99,classification,urgent,74459630465,1500000000,succeeded,74459630465,GPU,74459630465.0,74459630465.0,74459630465.0,74459630465,shared_development_context_mean,74461011286,74753685100,74761050361,294054635,False,74761521999,74764459940
sustained,EFT_REFERENCE,610810001/sustained/100,100,classification,urgent,74867561370,1500000000,succeeded,74867561370,CPU,74867561370.0,74867561370.0,74867561370.0,74867561370,shared_development_context_mean,74869135543,75023741301,75030249580,156179931,False,75030525026,75032777646
sustained,EFT_REFERENCE,610810001/sustained/101,101,detection,normal,75254787716,6000000000,succeeded,75254787716,CPU,75254787716.0,75254787716.0,75254787716.0,75254787716,shared_development_context_mean,75255972845,75866593492,75874259159,619471443,False,75874531676,75876524611
sustained,EFT_REFERENCE,610810001/sustained/102,102,detection,normal,75674355249,6000000000,succeeded,75674355249,CPU,75876524610.85416,75876524610.85416,75876524610.85416,75876524611,shared_development_context_mean,75877709740,76488330387,76495996054,821640805,False,76496268571,76498261506
sustained,EFT_REFERENCE,610810001/sustained/103,103,classification,urgent,76080492777,1500000000,succeeded,76080492777,GPU,76080492777.0,76080492777.0,76080492777.0,76080492777,shared_development_context_mean,76081873598,76374547412,76381912673,294054635,False,76382384311,76385322252
sustained,EFT_REFERENCE,610810001/sustained/104,104,detection,normal,76495497176,6000000000,succeeded,76495497176,CPU,76498261505.70831,76498261505.70831,76498261505.70831,76498261506,shared_development_context_mean,76499446634,77110067281,77117732949,622235773,False,77118005466,77119998401
sustained,EFT_REFERENCE,610810001/sustained/105,105,classification,urgent,76909652721,1500000000,succeeded,76909652721,GPU,76909652721.0,76909652721.0,76909652721.0,76909652721,shared_development_context_mean,76911033542,77203707356,77211072617,294054635,False,77211544255,77214482196
sustained,EFT_REFERENCE,610810001/sustained/106,106,detection,normal,77320736922,6000000000,succeeded,77320736922,CPU,77320736922.0,77320736922.0,77320736922.0,77320736922,shared_development_context_mean,77321922051,77932542698,77940208365,619471443,False,77940480882,77942473817
sustained,EFT_REFERENCE,610810001/sustained/107,107,classification,urgent,77717917512,1500000000,succeeded,77717917512,GPU,77717917512.0,77717917512.0,77717917512.0,77717917512,shared_development_context_mean,77719298333,78011972147,78019337408,294054635,False,78019809046,78022746987
sustained,EFT_REFERENCE,610810001/sustained/108,108,classification,urgent,78116729242,1500000000,succeeded,78116729242,CPU,78116729242.0,78116729242.0,78116729242.0,78116729242,shared_development_context_mean,78118303415,78272909173,78279417452,156179931,False,78279692898,78281945518
sustained,EFT_REFERENCE,610810001/sustained/109,109,detection,normal,78528326634,6000000000,succeeded,78528326634,CPU,78528326634.0,78528326634.0,78528326634.0,78528326634,shared_development_context_mean,78529511763,79140132410,79147798077,619471443,False,79148070594,79150063529
sustained,EFT_REFERENCE,610810001/sustained/110,110,detection,normal,78934911805,6000000000,succeeded,78934911805,CPU,79150063528.85416,79150063528.85416,79150063528.85416,79150063529,shared_development_context_mean,79151248658,79761869305,79769534972,834623167,False,79769807489,79771800424
sustained,EFT_REFERENCE,610810001/sustained/111,111,detection,normal,79344156733,6000000000,succeeded,79344156733,CPU,79771800423.70831,79771800423.70831,79771800423.70831,79771800424,shared_development_context_mean,79772985552,80383606199,80391271867,1047115134,False,80391544384,80393537319
sustained,EFT_REFERENCE,610810001/sustained/112,112,detection,normal,79742440272,6000000000,succeeded,79742440272,CPU,80393537318.56247,80393537318.56247,80393537318.56247,80393537319,shared_development_context_mean,80394722447,81005343094,81013008762,1270568490,False,81013281279,81015274213
sustained,EFT_REFERENCE,610810001/sustained/113,113,classification,urgent,80161919862,1500000000,succeeded,80161919862,GPU,80161919862.0,80161919862.0,80161919862.0,80161919862,shared_development_context_mean,80163300683,80455974497,80463339758,294054635,False,80463811396,80466749337
sustained,EFT_REFERENCE,610810001/sustained/114,114,classification,urgent,80553523723,1500000000,succeeded,80553523723,GPU,80553523723.0,80553523723.0,80553523723.0,80553523723,shared_development_context_mean,80554904544,80847578358,80854943619,294054635,False,80855415257,80858353198
sustained,EFT_REFERENCE,610810001/sustained/115,115,classification,urgent,80934814434,1500000000,succeeded,80934814434,CPU,81015274213.41663,81015274213.41663,81015274213.41663,81015274213,shared_development_context_mean,81016848387,81171454145,81177962423,236639711,False,81178237869,81180490489
sustained,EFT_REFERENCE,610810001/sustained/116,116,classification,urgent,81332152994,1500000000,succeeded,81332152994,CPU,81332152994.0,81332152994.0,81332152994.0,81332152994,shared_development_context_mean,81333727167,81488332925,81494841204,156179931,False,81495116650,81497369270
sustained,EFT_REFERENCE,610810001/sustained/117,117,classification,urgent,81736230076,1500000000,succeeded,81736230076,CPU,81736230076.0,81736230076.0,81736230076.0,81736230076,shared_development_context_mean,81737804249,81892410007,81898918286,156179931,False,81899193732,81901446352
sustained,EFT_REFERENCE,610810001/sustained/118,118,detection,normal,82138348006,6000000000,succeeded,82138348006,CPU,82138348006.0,82138348006.0,82138348006.0,82138348006,shared_development_context_mean,82139533135,82750153782,82757819449,619471443,False,82758091966,82760084901
sustained,EFT_REFERENCE,610810001/sustained/119,119,detection,normal,82535901298,6000000000,succeeded,82535901298,CPU,82760084900.85416,82760084900.85416,82760084900.85416,82760084901,shared_development_context_mean,82761270030,83371890677,83379556344,843655046,False,83379828861,83381821796
sustained,EFT_REFERENCE,610810001/sustained/120,120,detection,normal,82927551634,6000000000,succeeded,82927551634,CPU,83381821795.70831,83381821795.70831,83381821795.70831,83381821796,shared_development_context_mean,83383006924,83993627571,84001293239,1073741605,False,84001565756,84003558691
sustained,EFT_REFERENCE,610810001/sustained/121,121,detection,normal,83317140787,6000000000,succeeded,83317140787,CPU,84003558690.56247,84003558690.56247,84003558690.56247,84003558691,shared_development_context_mean,84004743819,84615364466,84623030134,1305889347,False,84623302651,84625295585
sustained,EFT_REFERENCE,610810001/sustained/122,122,classification,urgent,83732703677,1500000000,succeeded,83732703677,GPU,83732703677.0,83732703677.0,83732703677.0,83732703677,shared_development_context_mean,83734084498,84026758312,84034123573,294054635,False,84034595211,84037533152
sustained,EFT_REFERENCE,610810001/sustained/123,123,detection,normal,84114551247,6000000000,succeeded,84114551247,CPU,84790511861.10413,84790511861.10413,84790511861.10413,84790511861,shared_development_context_mean,84791696990,85402317637,85409983304,1295432057,False,85410255821,85412248756
sustained,EFT_REFERENCE,610810001/sustained/124,124,classification,urgent,84506153166,1500000000,succeeded,84506153166,CPU,84625295585.41663,84625295585.41663,84625295585.41663,84625295585,shared_development_context_mean,84626869759,84781475517,84787983795,275322351,False,84788259241,84790511861
sustained,EFT_REFERENCE,610810001/sustained/125,125,classification,urgent,84893669982,1500000000,succeeded,84893669982,GPU,84893669982.0,84893669982.0,84893669982.0,84893669982,shared_development_context_mean,84895050803,85187724617,85195089878,294054635,False,85195561516,85198499457
sustained,EFT_REFERENCE,610810001/sustained/126,126,classification,urgent,85280262686,1500000000,succeeded,85280262686,CPU,85412248755.95828,85412248755.95828,85412248755.95828,85412248756,shared_development_context_mean,85413822929,85568428687,85574936966,288166001,False,85575212412,85577465032
sustained,EFT_REFERENCE,610810001/sustained/127,127,detection,normal,85698707645,6000000000,succeeded,85698707645,CPU,85698707645.0,85698707645.0,85698707645.0,85698707645,shared_development_context_mean,85699892774,86310513421,86318179088,619471443,False,86318451605,86320444540
sustained,EFT_REFERENCE,610810001/sustained/128,128,detection,normal,86088376502,6000000000,succeeded,86088376502,CPU,86320444539.85416,86320444539.85416,86320444539.85416,86320444540,shared_development_context_mean,86321629669,86932250316,86939915983,851539481,False,86940188500,86942181435
sustained,EFT_REFERENCE,610810001/sustained/129,129,classification,urgent,86471150878,1500000000,succeeded,86471150878,GPU,86471150878.0,86471150878.0,86471150878.0,86471150878,shared_development_context_mean,86472531699,86765205513,86772570774,294054635,False,86773042412,86775980353
sustained,EFT_REFERENCE,610810001/sustained/130,130,classification,urgent,86871124842,1500000000,succeeded,86871124842,CPU,86942181434.70831,86942181434.70831,86942181434.70831,86942181435,shared_development_context_mean,86943755608,87098361366,87104869645,227236524,False,87105145090,87107397710
sustained,EFT_REFERENCE,610810001/sustained/131,131,classification,urgent,87257641917,1500000000,succeeded,87257641917,CPU,87257641917.0,87257641917.0,87257641917.0,87257641917,shared_development_context_mean,87259216090,87413821848,87420330127,156179931,False,87420605573,87422858193
sustained,EFT_REFERENCE,610810001/sustained/132,132,classification,urgent,87665758702,1500000000,succeeded,87665758702,CPU,87665758702.0,87665758702.0,87665758702.0,87665758702,shared_development_context_mean,87667332875,87821938633,87828446912,156179931,False,87828722358,87830974978
sustained,EFT_REFERENCE,610810001/sustained/133,133,detection,normal,88052072407,6000000000,succeeded,88052072407,CPU,88052072407.0,88052072407.0,88052072407.0,88052072407,shared_development_context_mean,88053257536,88663878183,88671543850,619471443,False,88671816367,88673809302
sustained,EFT_REFERENCE,610810001/sustained/134,134,classification,urgent,88457797979,1500000000,succeeded,88457797979,GPU,88457797979.0,88457797979.0,88457797979.0,88457797979,shared_development_context_mean,88459178800,88751852614,88759217875,294054635,False,88759689513,88762627454
sustained,EFT_REFERENCE,610810001/sustained/135,135,detection,normal,88865055283,6000000000,succeeded,88865055283,CPU,88865055283.0,88865055283.0,88865055283.0,88865055283,shared_development_context_mean,88866240412,89476861059,89484526726,619471443,False,89484799243,89486792178
sustained,EFT_REFERENCE,610810001/sustained/136,136,classification,urgent,89278225727,1500000000,succeeded,89278225727,GPU,89278225727.0,89278225727.0,89278225727.0,89278225727,shared_development_context_mean,89279606548,89572280362,89579645623,294054635,False,89580117261,89583055202
sustained,EFT_REFERENCE,610810001/sustained/137,137,detection,normal,89664446540,6000000000,succeeded,89664446540,CPU,89664446540.0,89664446540.0,89664446540.0,89664446540,shared_development_context_mean,89665631669,90276252316,90283917983,619471443,False,90284190500,90286183435
sustained,EFT_REFERENCE,610810001/sustained/138,138,classification,urgent,90068007324,1500000000,succeeded,90068007324,GPU,90068007324.0,90068007324.0,90068007324.0,90068007324,shared_development_context_mean,90069388145,90362061959,90369427220,294054635,False,90369898858,90372836799
sustained,EFT_REFERENCE,610810001/sustained/139,139,detection,normal,90462348790,6000000000,succeeded,90462348790,CPU,90462348790.0,90462348790.0,90462348790.0,90462348790,shared_development_context_mean,90463533919,91074154566,91081820233,619471443,False,91082092750,91084085685
sustained,EFT_REFERENCE,610810001/sustained/140,140,classification,urgent,90873959031,1500000000,succeeded,90873959031,GPU,90873959031.0,90873959031.0,90873959031.0,90873959031,shared_development_context_mean,90875339852,91168013666,91175378927,294054635,False,91175850565,91178788506
sustained,EFT_REFERENCE,610810001/sustained/141,141,classification,urgent,91266562467,1500000000,succeeded,91266562467,CPU,91266562467.0,91266562467.0,91266562467.0,91266562467,shared_development_context_mean,91268136640,91422742398,91429250677,156179931,False,91429526123,91431778743
sustained,EFT_REFERENCE,610810001/sustained/142,142,detection,normal,91666219586,6000000000,succeeded,91666219586,CPU,91666219586.0,91666219586.0,91666219586.0,91666219586,shared_development_context_mean,91667404715,92278025362,92285691029,619471443,False,92285963546,92287956481
sustained,EFT_REFERENCE,610810001/sustained/143,143,classification,urgent,92076036835,1500000000,succeeded,92076036835,GPU,92076036835.0,92076036835.0,92076036835.0,92076036835,shared_development_context_mean,92077417656,92370091470,92377456731,294054635,False,92377928369,92380866310
sustained,EFT_REFERENCE,610810001/sustained/144,144,detection,normal,92468743803,6000000000,succeeded,92468743803,CPU,92468743803.0,92468743803.0,92468743803.0,92468743803,shared_development_context_mean,92469928932,93080549579,93088215246,619471443,False,93088487763,93090480698
sustained,EFT_REFERENCE,610810001/sustained/145,145,detection,normal,92854000059,6000000000,succeeded,92854000059,CPU,93090480697.85416,93090480697.85416,93090480697.85416,93090480698,shared_development_context_mean,93091665827,93702286474,93709952141,855952082,False,93710224658,93712217593
sustained,EFT_REFERENCE,610810001/sustained/146,146,detection,normal,93237600643,6000000000,succeeded,93237600643,CPU,93712217592.70831,93712217592.70831,93712217592.70831,93712217593,shared_development_context_mean,93713402721,94324023368,94331689036,1094088393,False,94331961553,94333954488
sustained,EFT_REFERENCE,610810001/sustained/147,147,detection,normal,93638117343,6000000000,succeeded,93638117343,CPU,94333954487.56247,94333954487.56247,94333954487.56247,94333954488,shared_development_context_mean,94335139616,94945760263,94953425931,1315308588,False,94953698448,94955691382
sustained,EFT_REFERENCE,610810001/sustained/148,148,detection,normal,94055056013,6000000000,succeeded,94055056013,CPU,95120907658.10413,95120907658.10413,95120907658.10413,95120907658,shared_development_context_mean,95122092787,95732713434,95740379101,1685323088,False,95740651618,95742644553
sustained,EFT_REFERENCE,610810001/sustained/149,149,detection,normal,94473311562,6000000000,succeeded,94473311562,CPU,95742644552.95828,95742644552.95828,95742644552.95828,95742644553,shared_development_context_mean,95743829682,96354450329,96362115996,1888804434,False,96362388513,96364381448
sustained,EFT_REFERENCE,610810001/sustained/150,150,classification,urgent,94861232260,1500000000,succeeded,94861232260,CPU,94955691382.41663,94955691382.41663,94955691382.41663,94955691382,shared_development_context_mean,94957265556,95111871314,95118379592,250639054,False,95118655038,95120907658
sustained,EFT_REFERENCE,610810001/sustained/151,151,classification,urgent,95259674668,1500000000,succeeded,95259674668,GPU,95259674668.0,95259674668.0,95259674668.0,95259674668,shared_development_context_mean,95261055489,95553729303,95561094564,294054635,False,95561566202,95564504143
sustained,EFT_REFERENCE,610810001/sustained/152,152,detection,normal,95652209008,6000000000,succeeded,95652209008,CPU,96364381447.81244,96364381447.81244,96364381447.81244,96364381448,shared_development_context_mean,96365566577,96976187224,96983852891,1331643883,False,96984125408,96986118343
sustained,EFT_REFERENCE,610810001/sustained/153,153,classification,urgent,96064225435,1500000000,succeeded,96064225435,GPU,96064225435.0,96064225435.0,96064225435.0,96064225435,shared_development_context_mean,96065606256,96358280070,96365645331,294054635,False,96366116969,96369054910
sustained,EFT_REFERENCE,610810001/sustained/154,154,detection,normal,96459810125,6000000000,succeeded,96459810125,CPU,97151334618.3541,97151334618.3541,97151334618.3541,97151334618,shared_development_context_mean,97152519747,97763140394,97770806062,1310995937,False,97771078578,97773071513
sustained,EFT_REFERENCE,610810001/sustained/155,155,classification,urgent,96870667100,1500000000,succeeded,96870667100,CPU,96986118342.6666,96986118342.6666,96986118342.6666,96986118343,shared_development_context_mean,96987692516,97142298274,97148806553,271631174,False,97149081998,97151334618
sustained,EFT_REFERENCE,610810001/sustained/156,156,classification,urgent,97285687404,1500000000,succeeded,97285687404,GPU,97285687404.0,97285687404.0,97285687404.0,97285687404,shared_development_context_mean,97287068225,97579742039,97587107300,294054635,False,97587578938,97590516879
sustained,EFT_REFERENCE,610810001/sustained/157,157,detection,normal,97677633976,6000000000,succeeded,97677633976,CPU,97773071513.20825,97773071513.20825,97773071513.20825,97773071513,shared_development_context_mean,97774256642,98384877289,98392542957,714908981,False,98392815473,98394808408
sustained,EFT_REFERENCE,610810001/sustained/158,158,classification,urgent,98088612972,1500000000,succeeded,98088612972,GPU,98088612972.0,98088612972.0,98088612972.0,98088612972,shared_development_context_mean,98089993793,98382667607,98390032868,294054635,False,98390504506,98393442447
sustained,EFT_REFERENCE,610810001/sustained/159,159,classification,urgent,98506671753,1500000000,succeeded,98506671753,CPU,98506671753.0,98506671753.0,98506671753.0,98506671753,shared_development_context_mean,98508245926,98662851684,98669359963,156179931,False,98669635409,98671888029
sustained,EFT_REFERENCE,610810001/sustained/160,160,classification,urgent,98892140484,1500000000,succeeded,98892140484,CPU,98892140484.0,98892140484.0,98892140484.0,98892140484,shared_development_context_mean,98893714657,99048320415,99054828694,156179931,False,99055104140,99057356760
sustained,EFT_REFERENCE,610810001/sustained/161,161,detection,normal,99301886314,6000000000,succeeded,99301886314,CPU,99301886314.0,99301886314.0,99301886314.0,99301886314,shared_development_context_mean,99303071443,99913692090,99921357757,619471443,False,99921630274,99923623209
sustained,EFT_REFERENCE,610810001/sustained/162,162,detection,normal,99716866614,6000000000,succeeded,99716866614,CPU,99923623208.85416,99923623208.85416,99923623208.85416,99923623209,shared_development_context_mean,99924808338,100535428985,100543094652,826228038,False,100543367169,100545360104
sustained,EFT_REFERENCE,610810001/sustained/163,163,classification,urgent,100128076037,1500000000,succeeded,100128076037,GPU,100128076037.0,100128076037.0,100128076037.0,100128076037,shared_development_context_mean,100129456858,100422130672,100429495933,294054635,False,100429967571,100432905512
sustained,EFT_REFERENCE,610810001/sustained/164,164,detection,normal,100526097776,6000000000,succeeded,100526097776,CPU,100545360103.70831,100545360103.70831,100545360103.70831,100545360104,shared_development_context_mean,100546545232,101157165879,101164831547,638733771,False,101165104064,101167096999
sustained,EFT_REFERENCE,610810001/sustained/165,165,detection,normal,100912147942,6000000000,succeeded,100912147942,CPU,101167096998.56247,101167096998.56247,101167096998.56247,101167096999,shared_development_context_mean,101168282127,101778902774,101786568442,874420500,False,101786840959,101788833893
sustained,EFT_REFERENCE,610810001/sustained/166,166,detection,normal,101298782555,6000000000,succeeded,101298782555,CPU,101954050169.10413,101954050169.10413,101954050169.10413,101954050169,shared_development_context_mean,101955235298,102565855945,102573521612,1274739057,False,102573794129,102575787064
sustained,EFT_REFERENCE,610810001/sustained/167,167,classification,urgent,101693708479,1500000000,succeeded,101693708479,CPU,101788833893.41663,101788833893.41663,101788833893.41663,101788833893,shared_development_context_mean,101790408067,101945013825,101951522103,251305346,False,101951797549,101954050169
sustained,EFT_REFERENCE,610810001/sustained/168,168,detection,normal,102091082388,6000000000,succeeded,102091082388,CPU,102575787063.95828,102575787063.95828,102575787063.95828,102575787064,shared_development_context_mean,102576972193,103187592840,103195258507,1104176119,False,103195531024,103197523959
sustained,EFT_REFERENCE,610810001/sustained/169,169,detection,normal,102474146544,6000000000,succeeded,102474146544,CPU,103197523958.81244,103197523958.81244,103197523958.81244,103197523959,shared_development_context_mean,103198709088,103809329735,103816995402,1342848858,False,103817267919,103819260854
sustained,EFT_REFERENCE,610810001/sustained/170,170,classification,urgent,102883940266,1500000000,succeeded,102883940266,GPU,102883940266.0,102883940266.0,102883940266.0,102883940266,shared_development_context_mean,102885321087,103177994901,103185360162,294054635,False,103185831800,103188769741
sustained,EFT_REFERENCE,610810001/sustained/171,171,classification,urgent,103281389703,1500000000,succeeded,103281389703,GPU,103281389703.0,103281389703.0,103281389703.0,103281389703,shared_development_context_mean,103282770524,103575444338,103582809599,294054635,False,103583281237,103586219178
sustained,EFT_REFERENCE,610810001/sustained/172,172,classification,urgent,103674987700,1500000000,succeeded,103674987700,GPU,103674987700.0,103674987700.0,103674987700.0,103674987700,shared_development_context_mean,103676368521,103969042335,103976407596,294054635,False,103976879234,103979817175
sustained,EFT_REFERENCE,610810001/sustained/173,173,classification,urgent,104069768185,1500000000,succeeded,104069768185,CPU,104069768185.0,104069768185.0,104069768185.0,104069768185,shared_development_context_mean,104071342358,104225948116,104232456395,156179931,False,104232731841,104234984461
sustained,EFT_REFERENCE,610810001/sustained/174,174,detection,normal,104465101524,6000000000,succeeded,104465101524,CPU,104465101524.0,104465101524.0,104465101524.0,104465101524,shared_development_context_mean,104466286653,105076907300,105084572967,619471443,False,105084845484,105086838419
sustained,EFT_REFERENCE,610810001/sustained/175,175,classification,urgent,104855927132,1500000000,succeeded,104855927132,GPU,104855927132.0,104855927132.0,104855927132.0,104855927132,shared_development_context_mean,104857307953,105149981767,105157347028,294054635,False,105157818666,105160756607
sustained,EFT_REFERENCE,610810001/sustained/176,176,classification,urgent,105240841639,1500000000,succeeded,105240841639,CPU,105240841639.0,105240841639.0,105240841639.0,105240841639,shared_development_context_mean,105242415812,105397021570,105403529849,156179931,False,105403805295,105406057915
sustained,EFT_REFERENCE,610810001/sustained/177,177,classification,urgent,105632709290,1500000000,succeeded,105632709290,CPU,105632709290.0,105632709290.0,105632709290.0,105632709290,shared_development_context_mean,105634283463,105788889221,105795397500,156179931,False,105795672946,105797925566
sustained,EFT_REFERENCE,610810001/sustained/178,178,classification,urgent,106040927119,1500000000,succeeded,106040927119,CPU,106040927119.0,106040927119.0,106040927119.0,106040927119,shared_development_context_mean,106042501292,106197107050,106203615329,156179931,False,106203890775,106206143395
sustained,EFT_REFERENCE,610810001/sustained/179,179,detection,normal,106448538499,6000000000,succeeded,106448538499,CPU,106448538499.0,106448538499.0,106448538499.0,106448538499,shared_development_context_mean,106449723628,107060344275,107068009942,619471443,False,107068282459,107070275394
sustained,EFT_REFERENCE,610810001/sustained/180,180,classification,urgent,106848930247,1500000000,succeeded,106848930247,GPU,106848930247.0,106848930247.0,106848930247.0,106848930247,shared_development_context_mean,106850311068,107142984882,107150350143,294054635,False,107150821781,107153759722
sustained,EFT_REFERENCE,610810001/sustained/181,181,detection,normal,107244440734,6000000000,succeeded,107244440734,CPU,107244440734.0,107244440734.0,107244440734.0,107244440734,shared_development_context_mean,107245625863,107856246510,107863912177,619471443,False,107864184694,107866177629
sustained,EFT_REFERENCE,610810001/sustained/182,182,detection,normal,107644104830,6000000000,succeeded,107644104830,CPU,107866177628.85416,107866177628.85416,107866177628.85416,107866177629,shared_development_context_mean,107867362758,108477983405,108485649072,841544242,False,108485921589,108487914524
sustained,EFT_REFERENCE,610810001/sustained/183,183,detection,normal,108062881154,6000000000,succeeded,108062881154,CPU,108487914523.70831,108487914523.70831,108487914523.70831,108487914524,shared_development_context_mean,108489099652,109099720299,109107385967,1044504813,False,109107658484,109109651419
sustained,EFT_REFERENCE,610810001/sustained/184,184,detection,normal,108448871848,6000000000,succeeded,108448871848,CPU,109109651418.56247,109109651418.56247,109109651418.56247,109109651419,shared_development_context_mean,109110836547,109721457194,109729122862,1280251014,False,109729395379,109731388313
sustained,EFT_REFERENCE,610810001/sustained/185,185,detection,normal,108831727430,6000000000,succeeded,108831727430,CPU,109731388313.41663,109731388313.41663,109731388313.41663,109731388313,shared_development_context_mean,109732573442,110343194089,110350859757,1519132327,False,110351132273,110353125208
sustained,EFT_REFERENCE,610810001/sustained/186,186,classification,urgent,109246236275,1500000000,succeeded,109246236275,GPU,109246236275.0,109246236275.0,109246236275.0,109246236275,shared_development_context_mean,109247617096,109540290910,109547656171,294054635,False,109548127809,109551065750
sustained,EFT_REFERENCE,610810001/sustained/187,187,detection,normal,109650757417,6000000000,succeeded,109650757417,CPU,110353125208.27078,110353125208.27078,110353125208.27078,110353125208,shared_development_context_mean,110354310337,110964930984,110972596652,1321839235,False,110972869168,110974862103
sustained,EFT_REFERENCE,610810001/sustained/188,188,classification,urgent,110049811645,1500000000,succeeded,110049811645,GPU,110049811645.0,110049811645.0,110049811645.0,110049811645,shared_development_context_mean,110051192466,110343866280,110351231541,294054635,False,110351703179,110354641120
sustained,EFT_REFERENCE,610810001/sustained/189,189,detection,normal,110434835375,6000000000,succeeded,110434835375,CPU,110974862103.12494,110974862103.12494,110974862103.12494,110974862103,shared_development_context_mean,110976047232,111586667879,111594333547,1159498172,False,111594606063,111596598998
sustained,EFT_REFERENCE,610810001/sustained/190,190,detection,normal,110841595300,6000000000,succeeded,110841595300,CPU,111596598997.9791,111596598997.9791,111596598997.9791,111596598998,shared_development_context_mean,111597784127,112208404774,112216070441,1374475141,False,112216342958,112218335893
sustained,EFT_REFERENCE,610810001/sustained/191,191,detection,normal,111259456638,6000000000,succeeded,111259456638,CPU,112218335892.83325,112218335892.83325,112218335892.83325,112218335893,shared_development_context_mean,112219521022,112830141669,112837807336,1578350698,False,112838079853,112840072788
