id,t_s,offer,host_status,actual_manifest_binding,app_status
development_30_C0,-28.975649894,accepted,available_host_diagnostic,True,unavailable
development_30_C0,-26.305649894,accepted,available_host_diagnostic,True,unavailable
development_30_C0,-23.765649894,accepted,available_host_diagnostic,True,unavailable
development_30_C0,-21.270649894,accepted,available_host_diagnostic,True,unavailable
development_30_C0,-18.740649894,accepted,available_host_diagnostic,True,unavailable
development_30_C0,-16.060649894,accepted,available_host_diagnostic,True,unavailable
development_30_C0,-13.500649894,accepted,available_host_diagnostic,True,unavailable
development_30_C0,-10.940649894,accepted,available_host_diagnostic,True,unavailable
development_30_C0,-8.420649894,accepted,available_host_diagnostic,True,unavailable
development_30_C0,-5.940649894,accepted,available_host_diagnostic,True,unavailable
development_30_C0,-3.385649894,accepted,available_host_diagnostic,True,unavailable
development_30_C0,-0.445649894,accepted,available_host_diagnostic,True,unavailable
development_30_C0,2.089350106,accepted,available_host_diagnostic,True,unavailable
development_30_C0,4.689350106,accepted,available_host_diagnostic,True,unavailable
development_30_C0,7.219350106,accepted,available_host_diagnostic,True,unavailable
development_30_C0,9.784350106,accepted,available_host_diagnostic,True,unavailable
development_30_C0,12.379350106,accepted,available_host_diagnostic,True,unavailable
development_30_C0,14.839350106,accepted,available_host_diagnostic,True,unavailable
development_30_C0,17.414350106,accepted,available_host_diagnostic,True,unavailable
development_30_C0,20.349350106,accepted,available_host_diagnostic,True,unavailable
development_30_C0,23.054350106,accepted,available_host_diagnostic,True,unavailable
development_30_C0,25.704350106,accepted,available_host_diagnostic,True,unavailable
development_30_C0,28.189350106,accepted,available_host_diagnostic,True,unavailable
development_30_C0,30.644350106,accepted,available_host_diagnostic,True,unavailable
development_30_C0,33.224350106,accepted,available_host_diagnostic,True,unavailable
development_30_C0,35.839350106,accepted,available_host_diagnostic,True,unavailable
development_30_C0,38.289350106,accepted,available_host_diagnostic,True,unavailable
development_30_C0,40.979350106,accepted,available_host_diagnostic,True,unavailable
development_30_C0,43.514350106,accepted,available_host_diagnostic,True,unavailable
development_30_C0,46.079350106,accepted,available_host_diagnostic,True,unavailable
development_30_C0,48.624350106,accepted,available_host_diagnostic,True,unavailable
development_30_C0,51.599350106,accepted,available_host_diagnostic,True,unavailable
development_30_C0,54.159350106,accepted,available_host_diagnostic,True,unavailable
development_30_C0,56.684350106,accepted,available_host_diagnostic,True,unavailable
development_30_C0,59.174350106,accepted,available_host_diagnostic,True,unavailable
development_30_C0,61.899350106,accepted,available_host_diagnostic,True,unavailable
development_30_C0,64.414350106,accepted,available_host_diagnostic,True,unavailable
development_30_C0,66.939350106,accepted,available_host_diagnostic,True,unavailable
development_30_C0,69.409350106,accepted,available_host_diagnostic,True,unavailable
development_30_C0,71.849350106,accepted,available_host_diagnostic,True,unavailable
development_30_C0,74.449350106,accepted,available_host_diagnostic,True,unavailable
development_30_C0,76.909350106,accepted,available_host_diagnostic,True,unavailable
development_30_C0,79.449350106,accepted,available_host_diagnostic,True,unavailable
development_30_C0,82.019350106,accepted,available_host_diagnostic,True,unavailable
development_30_C0,84.584350106,accepted,available_host_diagnostic,True,unavailable
development_30_C0,87.139350106,accepted,available_host_diagnostic,True,unavailable
development_30_C0,89.674350106,accepted,available_host_diagnostic,True,unavailable
development_30_C0,92.129350106,accepted,available_host_diagnostic,True,unavailable
development_30_C0,94.694350106,accepted,available_host_diagnostic,True,unavailable
development_30_C0,97.184350106,accepted,available_host_diagnostic,True,unavailable
development_30_C0,99.729350106,accepted,available_host_diagnostic,True,unavailable
development_30_C0,102.264350106,accepted,available_host_diagnostic,True,unavailable
development_30_C0,104.849350106,accepted,available_host_diagnostic,True,unavailable
development_30_C0,107.419350106,accepted,available_host_diagnostic,True,unavailable
development_30_C0,109.869350106,accepted,available_host_diagnostic,True,unavailable
development_30_C0,112.329350106,accepted,available_host_diagnostic,True,unavailable
development_30_C0,114.869350106,accepted,available_host_diagnostic,True,unavailable
development_30_C0,117.329350106,accepted,available_host_diagnostic,True,unavailable
development_30_C0,119.784350106,accepted,available_host_diagnostic,True,unavailable
development_30_C0,122.234350106,accepted,available_host_diagnostic,True,unavailable
development_30_C0,124.714350106,accepted,available_host_diagnostic,True,unavailable
development_30_C0,127.154350106,accepted,available_host_diagnostic,True,unavailable
development_30_C0,129.604350106,accepted,available_host_diagnostic,True,unavailable
development_30_C0,132.039350106,accepted,available_host_diagnostic,True,unavailable
development_30_C0,134.554350106,accepted,available_host_diagnostic,True,unavailable
development_30_C0,137.104350106,accepted,available_host_diagnostic,True,unavailable
development_30_C0,139.659350106,accepted,available_host_diagnostic,True,unavailable
development_30_C0,142.134350106,accepted,available_host_diagnostic,True,unavailable
development_30_C0,144.649350106,accepted,available_host_diagnostic,True,unavailable
development_30_C0,147.144350106,accepted,available_host_diagnostic,True,unavailable
development_30_C0,149.644350106,accepted,available_host_diagnostic,True,unavailable
development_30_C0,152.129350106,accepted,available_host_diagnostic,True,unavailable
development_30_C0,154.709350106,accepted,available_host_diagnostic,True,unavailable
development_30_C0,157.164350106,accepted,available_host_diagnostic,True,unavailable
development_30_C0,159.754350106,accepted,available_host_diagnostic,True,unavailable
development_30_C0,162.309350106,accepted,available_host_diagnostic,True,unavailable
development_30_C0,164.959350106,accepted,available_host_diagnostic,True,unavailable
development_30_C0,167.634350106,accepted,available_host_diagnostic,True,unavailable
development_30_C0,170.234350106,accepted,available_host_diagnostic,True,unavailable
development_30_C0,172.774350106,accepted,available_host_diagnostic,True,unavailable
development_30_C0,175.394350106,accepted,available_host_diagnostic,True,unavailable
development_30_C0,177.954350106,accepted,available_host_diagnostic,True,unavailable
development_30_CPU,-27.548773995,accepted,available_host_diagnostic,True,unavailable
development_30_CPU,-24.938773995,accepted,available_host_diagnostic,True,unavailable
development_30_CPU,-22.343773995,accepted,available_host_diagnostic,True,unavailable
development_30_CPU,-19.653773995,accepted,available_host_diagnostic,True,unavailable
development_30_CPU,-17.058773995,accepted,available_host_diagnostic,True,unavailable
development_30_CPU,-14.518773995,accepted,available_host_diagnostic,True,unavailable
development_30_CPU,-12.008773995,accepted,available_host_diagnostic,True,unavailable
development_30_CPU,-8.878773995,accepted,available_host_diagnostic,True,unavailable
development_30_CPU,-6.508773995,accepted,available_host_diagnostic,True,unavailable
development_30_CPU,-3.843773995,accepted,available_host_diagnostic,True,unavailable
development_30_CPU,-1.303773995,accepted,available_host_diagnostic,True,unavailable
development_30_CPU,1.586226005,accepted,available_host_diagnostic,True,unavailable
development_30_CPU,4.171226005,accepted,available_host_diagnostic,True,unavailable
development_30_CPU,6.706226005,accepted,available_host_diagnostic,True,unavailable
development_30_CPU,9.276226005,accepted,available_host_diagnostic,True,unavailable
development_30_CPU,11.826226005,accepted,available_host_diagnostic,True,unavailable
development_30_CPU,14.381226005,accepted,available_host_diagnostic,True,unavailable
development_30_CPU,16.846226005,accepted,available_host_diagnostic,True,unavailable
development_30_CPU,19.396226005,accepted,available_host_diagnostic,True,unavailable
development_30_CPU,22.466226005,accepted,available_host_diagnostic,True,unavailable
development_30_CPU,25.046226005,accepted,available_host_diagnostic,True,unavailable
development_30_CPU,27.571226005,accepted,available_host_diagnostic,True,unavailable
development_30_CPU,30.086226005,accepted,available_host_diagnostic,True,unavailable
development_30_CPU,32.731226005,accepted,available_host_diagnostic,True,unavailable
development_30_CPU,35.391226005,accepted,available_host_diagnostic,True,unavailable
development_30_CPU,37.916226005,accepted,available_host_diagnostic,True,unavailable
development_30_CPU,40.381226005,accepted,available_host_diagnostic,True,unavailable
development_30_CPU,43.056226005,accepted,available_host_diagnostic,True,unavailable
development_30_CPU,45.591226005,accepted,available_host_diagnostic,True,unavailable
development_30_CPU,48.156226005,accepted,available_host_diagnostic,True,unavailable
development_30_CPU,50.691226005,accepted,available_host_diagnostic,True,unavailable
development_30_CPU,53.681226005,accepted,available_host_diagnostic,True,unavailable
development_30_CPU,56.066226005,accepted,available_host_diagnostic,True,unavailable
development_30_CPU,58.686226005,accepted,available_host_diagnostic,True,unavailable
development_30_CPU,61.176226005,accepted,available_host_diagnostic,True,unavailable
development_30_CPU,64.201226005,accepted,available_host_diagnostic,True,unavailable
development_30_CPU,66.761226005,accepted,available_host_diagnostic,True,unavailable
development_30_CPU,69.351226005,accepted,available_host_diagnostic,True,unavailable
development_30_CPU,71.916226005,accepted,available_host_diagnostic,True,unavailable
development_30_CPU,74.941226005,accepted,available_host_diagnostic,True,unavailable
development_30_CPU,77.776226005,accepted,available_host_diagnostic,True,unavailable
development_30_CPU,80.206226005,accepted,available_host_diagnostic,True,unavailable
development_30_CPU,82.746226005,accepted,available_host_diagnostic,True,unavailable
development_30_CPU,85.346226005,accepted,available_host_diagnostic,True,unavailable
development_30_CPU,88.051226005,accepted,available_host_diagnostic,True,unavailable
development_30_CPU,90.756226005,accepted,available_host_diagnostic,True,unavailable
development_30_CPU,93.221226005,accepted,available_host_diagnostic,True,unavailable
development_30_CPU,95.806226005,accepted,available_host_diagnostic,True,unavailable
development_30_CPU,98.326226005,accepted,available_host_diagnostic,True,unavailable
development_30_CPU,100.821226005,accepted,available_host_diagnostic,True,unavailable
development_30_CPU,103.356226005,accepted,available_host_diagnostic,True,unavailable
development_30_CPU,105.931226005,accepted,available_host_diagnostic,True,unavailable
development_30_CPU,108.476226005,accepted,available_host_diagnostic,True,unavailable
development_30_CPU,111.086226005,accepted,available_host_diagnostic,True,unavailable
development_30_CPU,113.701226005,accepted,available_host_diagnostic,True,unavailable
development_30_CPU,116.396226005,accepted,available_host_diagnostic,True,unavailable
development_30_CPU,119.036226005,accepted,available_host_diagnostic,True,unavailable
development_30_CPU,121.706226005,accepted,available_host_diagnostic,True,unavailable
development_30_CPU,124.241226005,accepted,available_host_diagnostic,True,unavailable
development_30_CPU,127.016226005,accepted,available_host_diagnostic,True,unavailable
development_30_CPU,129.586226005,accepted,available_host_diagnostic,True,unavailable
development_30_CPU,132.141226005,accepted,available_host_diagnostic,True,unavailable
development_30_CPU,134.696226005,accepted,available_host_diagnostic,True,unavailable
development_30_CPU,137.371226005,accepted,available_host_diagnostic,True,unavailable
development_30_CPU,139.941226005,accepted,available_host_diagnostic,True,unavailable
development_30_CPU,142.601226005,accepted,available_host_diagnostic,True,unavailable
development_30_CPU,145.136226005,accepted,available_host_diagnostic,True,unavailable
development_30_CPU,147.931226005,accepted,available_host_diagnostic,True,unavailable
development_30_CPU,150.581226005,accepted,available_host_diagnostic,True,unavailable
development_30_CPU,153.241226005,accepted,available_host_diagnostic,True,unavailable
development_30_CPU,155.851226005,accepted,available_host_diagnostic,True,unavailable
development_30_CPU,158.381226005,accepted,available_host_diagnostic,True,unavailable
development_30_CPU,161.126226005,accepted,available_host_diagnostic,True,unavailable
development_30_CPU,163.886226005,accepted,available_host_diagnostic,True,unavailable
development_30_CPU,166.446226005,accepted,available_host_diagnostic,True,unavailable
development_30_CPU,168.866226005,accepted,available_host_diagnostic,True,unavailable
development_30_CPU,171.441226005,accepted,available_host_diagnostic,True,unavailable
development_30_CPU,173.911226005,accepted,available_host_diagnostic,True,unavailable
development_30_CPU,176.481226005,accepted,available_host_diagnostic,True,unavailable
development_30_CPU,179.426226005,accepted,available_host_diagnostic,True,unavailable
development_30_PAR,-27.730317181,accepted,available_host_diagnostic,True,unavailable
development_30_PAR,-25.230317181,accepted,available_host_diagnostic,True,unavailable
development_30_PAR,-22.765317181,accepted,available_host_diagnostic,True,unavailable
development_30_PAR,-20.31531718,accepted,available_host_diagnostic,True,unavailable
development_30_PAR,-17.835317181,accepted,available_host_diagnostic,True,unavailable
development_30_PAR,-15.370317181,accepted,available_host_diagnostic,True,unavailable
development_30_PAR,-12.82031718,accepted,available_host_diagnostic,True,unavailable
development_30_PAR,-10.285317181,accepted,available_host_diagnostic,True,unavailable
development_30_PAR,-7.81031718,accepted,available_host_diagnostic,True,unavailable
development_30_PAR,-5.245317181,accepted,available_host_diagnostic,True,unavailable
development_30_PAR,-2.69031718,accepted,available_host_diagnostic,True,unavailable
development_30_PAR,-0.06031718,accepted,available_host_diagnostic,True,unavailable
development_30_PAR,2.44968282,accepted,available_host_diagnostic,True,unavailable
development_30_PAR,4.989682819,accepted,available_host_diagnostic,True,unavailable
development_30_PAR,7.539682819,accepted,available_host_diagnostic,True,unavailable
development_30_PAR,10.519682819,accepted,available_host_diagnostic,True,unavailable
development_30_PAR,13.17968282,accepted,available_host_diagnostic,True,unavailable
development_30_PAR,15.714682819,accepted,available_host_diagnostic,True,unavailable
development_30_PAR,18.17968282,accepted,available_host_diagnostic,True,unavailable
development_30_PAR,20.794682819,accepted,available_host_diagnostic,True,unavailable
development_30_PAR,23.419682819,accepted,available_host_diagnostic,True,unavailable
development_30_PAR,25.989682819,accepted,available_host_diagnostic,True,unavailable
development_30_PAR,28.51468282,accepted,available_host_diagnostic,True,unavailable
development_30_PAR,31.38468282,accepted,available_host_diagnostic,True,unavailable
development_30_PAR,33.899682819,accepted,available_host_diagnostic,True,unavailable
development_30_PAR,36.31968282,accepted,available_host_diagnostic,True,unavailable
development_30_PAR,38.849682819,accepted,available_host_diagnostic,True,unavailable
development_30_PAR,41.57468282,accepted,available_host_diagnostic,True,unavailable
development_30_PAR,44.08968282,accepted,available_host_diagnostic,True,unavailable
development_30_PAR,46.67468282,accepted,available_host_diagnostic,True,unavailable
development_30_PAR,49.19968282,accepted,available_host_diagnostic,True,unavailable
development_30_PAR,52.03968282,accepted,available_host_diagnostic,True,unavailable
development_30_PAR,54.539682819,accepted,available_host_diagnostic,True,unavailable
development_30_PAR,57.08968282,accepted,available_host_diagnostic,True,unavailable
development_30_PAR,59.56468282,accepted,available_host_diagnostic,True,unavailable
development_30_PAR,62.38968282,accepted,available_host_diagnostic,True,unavailable
development_30_PAR,64.874682819,accepted,available_host_diagnostic,True,unavailable
development_30_PAR,67.34468282,accepted,available_host_diagnostic,True,unavailable
development_30_PAR,69.91968282,accepted,available_host_diagnostic,True,unavailable
development_30_PAR,72.859682819,accepted,available_host_diagnostic,True,unavailable
development_30_PAR,75.35968282,accepted,available_host_diagnostic,True,unavailable
development_30_PAR,77.909682819,accepted,available_host_diagnostic,True,unavailable
development_30_PAR,80.47468282,accepted,available_host_diagnostic,True,unavailable
development_30_PAR,83.19968282,accepted,available_host_diagnostic,True,unavailable
development_30_PAR,85.80968282,accepted,available_host_diagnostic,True,unavailable
development_30_PAR,88.32968282,accepted,available_host_diagnostic,True,unavailable
development_30_PAR,90.92468282,accepted,available_host_diagnostic,True,unavailable
development_30_PAR,93.499682819,accepted,available_host_diagnostic,True,unavailable
development_30_PAR,96.149682819,accepted,available_host_diagnostic,True,unavailable
development_30_PAR,98.69468282,accepted,available_host_diagnostic,True,unavailable
development_30_PAR,101.264682819,accepted,available_host_diagnostic,True,unavailable
development_30_PAR,103.82968282,accepted,available_host_diagnostic,True,unavailable
development_30_PAR,106.369682819,accepted,available_host_diagnostic,True,unavailable
development_30_PAR,108.92468282,accepted,available_host_diagnostic,True,unavailable
development_30_PAR,111.384682819,accepted,available_host_diagnostic,True,unavailable
development_30_PAR,114.34468282,accepted,available_host_diagnostic,True,unavailable
development_30_PAR,116.92468282,accepted,available_host_diagnostic,True,unavailable
development_30_PAR,119.44468282,accepted,available_host_diagnostic,True,unavailable
development_30_PAR,121.88468282,accepted,available_host_diagnostic,True,unavailable
development_30_PAR,124.479682819,accepted,available_host_diagnostic,True,unavailable
development_30_PAR,127.09468282,accepted,available_host_diagnostic,True,unavailable
development_30_PAR,129.81968282,accepted,available_host_diagnostic,True,unavailable
development_30_PAR,132.379682819,accepted,available_host_diagnostic,True,unavailable
development_30_PAR,134.93968282,accepted,available_host_diagnostic,True,unavailable
development_30_PAR,137.504682819,accepted,available_host_diagnostic,True,unavailable
development_30_PAR,139.94968282,accepted,available_host_diagnostic,True,unavailable
development_30_PAR,142.45968282,accepted,available_host_diagnostic,True,unavailable
development_30_PAR,145.48968282,accepted,available_host_diagnostic,True,unavailable
development_30_PAR,148.14468282,accepted,available_host_diagnostic,True,unavailable
development_30_PAR,150.70968282,accepted,available_host_diagnostic,True,unavailable
development_30_PAR,153.18468282,accepted,available_host_diagnostic,True,unavailable
development_30_PAR,155.769682819,accepted,available_host_diagnostic,True,unavailable
development_30_PAR,158.26968282,accepted,available_host_diagnostic,True,unavailable
development_30_PAR,160.82968282,accepted,available_host_diagnostic,True,unavailable
development_30_PAR,163.42968282,accepted,available_host_diagnostic,True,unavailable
development_30_PAR,166.494682819,accepted,available_host_diagnostic,True,unavailable
development_30_PAR,169.13968282,accepted,available_host_diagnostic,True,unavailable
development_30_PAR,171.71468282,accepted,available_host_diagnostic,True,unavailable
development_30_PAR,174.269682819,accepted,available_host_diagnostic,True,unavailable
development_30_PAR,176.82468282,accepted,available_host_diagnostic,True,unavailable
development_30_PAR,179.399682819,accepted,available_host_diagnostic,True,unavailable
development_180_PAR,-28.323016298,accepted,available_host_diagnostic,True,unavailable
development_180_PAR,-25.733016298,accepted,available_host_diagnostic,True,unavailable
development_180_PAR,-23.228016299,accepted,available_host_diagnostic,True,unavailable
development_180_PAR,-20.818016299,accepted,available_host_diagnostic,True,unavailable
development_180_PAR,-18.288016299,accepted,available_host_diagnostic,True,unavailable
development_180_PAR,-15.848016298,accepted,available_host_diagnostic,True,unavailable
development_180_PAR,-13.473016298,accepted,available_host_diagnostic,True,unavailable
development_180_PAR,-10.923016299,accepted,available_host_diagnostic,True,unavailable
development_180_PAR,-8.363016299,accepted,available_host_diagnostic,True,unavailable
development_180_PAR,-5.898016299,accepted,available_host_diagnostic,True,unavailable
development_180_PAR,-3.288016299,accepted,available_host_diagnostic,True,unavailable
development_180_PAR,-0.778016298,accepted,available_host_diagnostic,True,unavailable
development_180_PAR,1.756983701,accepted,available_host_diagnostic,True,unavailable
development_180_PAR,4.231983701,accepted,available_host_diagnostic,True,unavailable
development_180_PAR,7.306983702,accepted,available_host_diagnostic,True,unavailable
development_180_PAR,9.946983701,accepted,available_host_diagnostic,True,unavailable
development_180_PAR,12.436983702,accepted,available_host_diagnostic,True,unavailable
development_180_PAR,15.011983702,accepted,available_host_diagnostic,True,unavailable
development_180_PAR,17.671983702,accepted,available_host_diagnostic,True,unavailable
development_180_PAR,20.196983701,accepted,available_host_diagnostic,True,unavailable
development_180_PAR,22.761983702,accepted,available_host_diagnostic,True,unavailable
development_180_PAR,25.351983701,accepted,available_host_diagnostic,True,unavailable
development_180_PAR,28.306983702,accepted,available_host_diagnostic,True,unavailable
development_180_PAR,30.621983701,accepted,available_host_diagnostic,True,unavailable
development_180_PAR,33.231983701,accepted,available_host_diagnostic,True,unavailable
development_180_PAR,35.781983702,accepted,available_host_diagnostic,True,unavailable
development_180_PAR,38.546983702,accepted,available_host_diagnostic,True,unavailable
development_180_PAR,41.086983701,accepted,available_host_diagnostic,True,unavailable
development_180_PAR,43.651983702,accepted,available_host_diagnostic,True,unavailable
development_180_PAR,46.086983701,accepted,available_host_diagnostic,True,unavailable
development_180_PAR,48.551983702,accepted,available_host_diagnostic,True,unavailable
development_180_PAR,51.141983702,accepted,available_host_diagnostic,True,unavailable
development_180_PAR,53.681983702,accepted,available_host_diagnostic,True,unavailable
development_180_PAR,56.136983701,accepted,available_host_diagnostic,True,unavailable
development_180_PAR,58.581983701,accepted,available_host_diagnostic,True,unavailable
development_180_PAR,61.156983702,accepted,available_host_diagnostic,True,unavailable
development_180_PAR,63.706983701,accepted,available_host_diagnostic,True,unavailable
development_180_PAR,66.136983702,accepted,available_host_diagnostic,True,unavailable
development_180_PAR,68.646983702,accepted,available_host_diagnostic,True,unavailable
development_180_PAR,71.216983701,accepted,available_host_diagnostic,True,unavailable
development_180_PAR,73.776983702,accepted,available_host_diagnostic,True,unavailable
development_180_PAR,76.326983701,accepted,available_host_diagnostic,True,unavailable
development_180_PAR,78.761983702,accepted,available_host_diagnostic,True,unavailable
development_180_PAR,81.326983701,accepted,available_host_diagnostic,True,unavailable
development_180_PAR,83.796983702,accepted,available_host_diagnostic,True,unavailable
development_180_PAR,86.261983702,accepted,available_host_diagnostic,True,unavailable
development_180_PAR,88.831983701,accepted,available_host_diagnostic,True,unavailable
development_180_PAR,91.381983702,accepted,available_host_diagnostic,True,unavailable
development_180_PAR,93.936983701,accepted,available_host_diagnostic,True,unavailable
development_180_PAR,96.491983701,accepted,available_host_diagnostic,True,unavailable
development_180_PAR,99.051983702,accepted,available_host_diagnostic,True,unavailable
development_180_PAR,101.616983701,accepted,available_host_diagnostic,True,unavailable
development_180_PAR,104.186983702,accepted,available_host_diagnostic,True,unavailable
development_180_PAR,106.736983701,accepted,available_host_diagnostic,True,unavailable
development_180_PAR,109.226983701,accepted,available_host_diagnostic,True,unavailable
development_180_PAR,111.786983702,accepted,available_host_diagnostic,True,unavailable
development_180_PAR,114.286983702,accepted,available_host_diagnostic,True,unavailable
development_180_PAR,116.861983702,accepted,available_host_diagnostic,True,unavailable
development_180_PAR,119.321983701,accepted,available_host_diagnostic,True,unavailable
development_180_PAR,122.276983702,accepted,available_host_diagnostic,True,unavailable
development_180_PAR,124.951983701,accepted,available_host_diagnostic,True,unavailable
development_180_PAR,127.591983702,accepted,available_host_diagnostic,True,unavailable
development_180_PAR,130.296983702,accepted,available_host_diagnostic,True,unavailable
development_180_PAR,132.746983701,accepted,available_host_diagnostic,True,unavailable
development_180_PAR,135.411983702,accepted,available_host_diagnostic,True,unavailable
development_180_PAR,137.946983701,accepted,available_host_diagnostic,True,unavailable
development_180_PAR,140.426983702,accepted,available_host_diagnostic,True,unavailable
development_180_PAR,143.056983702,accepted,available_host_diagnostic,True,unavailable
development_180_PAR,145.511983702,accepted,available_host_diagnostic,True,unavailable
development_180_PAR,148.001983702,accepted,available_host_diagnostic,True,unavailable
development_180_PAR,150.446983701,accepted,available_host_diagnostic,True,unavailable
development_180_PAR,153.026983702,accepted,available_host_diagnostic,True,unavailable
development_180_PAR,155.551983701,accepted,available_host_diagnostic,True,unavailable
development_180_PAR,158.046983702,accepted,available_host_diagnostic,True,unavailable
development_180_PAR,160.601983702,accepted,available_host_diagnostic,True,unavailable
development_180_PAR,163.166983702,accepted,available_host_diagnostic,True,unavailable
development_180_PAR,165.836983701,accepted,available_host_diagnostic,True,unavailable
development_180_PAR,168.486983701,accepted,available_host_diagnostic,True,unavailable
development_180_PAR,171.051983702,accepted,available_host_diagnostic,True,unavailable
development_180_PAR,173.651983702,accepted,available_host_diagnostic,True,unavailable
development_180_PAR,176.246983701,accepted,available_host_diagnostic,True,unavailable
development_180_PAR,178.701983701,accepted,available_host_diagnostic,True,unavailable
development_180_CPU,-29.444172647,accepted,available_host_diagnostic,True,unavailable
development_180_CPU,-26.969172648,accepted,available_host_diagnostic,True,unavailable
development_180_CPU,-24.384172648,accepted,available_host_diagnostic,True,unavailable
development_180_CPU,-21.809172647,accepted,available_host_diagnostic,True,unavailable
development_180_CPU,-19.349172648,accepted,available_host_diagnostic,True,unavailable
development_180_CPU,-16.839172648,accepted,available_host_diagnostic,True,unavailable
development_180_CPU,-14.344172648,accepted,available_host_diagnostic,True,unavailable
development_180_CPU,-11.794172647,accepted,available_host_diagnostic,True,unavailable
development_180_CPU,-9.234172648,accepted,available_host_diagnostic,True,unavailable
development_180_CPU,-6.664172647,accepted,available_host_diagnostic,True,unavailable
development_180_CPU,-4.219172647,accepted,available_host_diagnostic,True,unavailable
development_180_CPU,-1.654172647,accepted,available_host_diagnostic,True,unavailable
development_180_CPU,0.850827352,accepted,available_host_diagnostic,True,unavailable
development_180_CPU,3.350827352,accepted,available_host_diagnostic,True,unavailable
development_180_CPU,5.845827353,accepted,available_host_diagnostic,True,unavailable
development_180_CPU,8.365827352,accepted,available_host_diagnostic,True,unavailable
development_180_CPU,10.755827352,accepted,available_host_diagnostic,True,unavailable
development_180_CPU,13.280827353,accepted,available_host_diagnostic,True,unavailable
development_180_CPU,15.855827353,accepted,available_host_diagnostic,True,unavailable
development_180_CPU,18.325827353,accepted,available_host_diagnostic,True,unavailable
development_180_CPU,20.965827353,accepted,available_host_diagnostic,True,unavailable
development_180_CPU,23.530827352,accepted,available_host_diagnostic,True,unavailable
development_180_CPU,25.955827353,accepted,available_host_diagnostic,True,unavailable
development_180_CPU,28.430827353,accepted,available_host_diagnostic,True,unavailable
development_180_CPU,30.995827353,accepted,available_host_diagnostic,True,unavailable
development_180_CPU,33.540827353,accepted,available_host_diagnostic,True,unavailable
development_180_CPU,36.040827353,accepted,available_host_diagnostic,True,unavailable
development_180_CPU,38.530827352,accepted,available_host_diagnostic,True,unavailable
development_180_CPU,41.085827353,accepted,available_host_diagnostic,True,unavailable
development_180_CPU,43.575827353,accepted,available_host_diagnostic,True,unavailable
development_180_CPU,46.060827353,accepted,available_host_diagnostic,True,unavailable
development_180_CPU,48.555827353,accepted,available_host_diagnostic,True,unavailable
development_180_CPU,51.025827352,accepted,available_host_diagnostic,True,unavailable
development_180_CPU,53.630827353,accepted,available_host_diagnostic,True,unavailable
development_180_CPU,56.105827352,accepted,available_host_diagnostic,True,unavailable
development_180_CPU,58.645827352,accepted,available_host_diagnostic,True,unavailable
development_180_CPU,61.150827352,accepted,available_host_diagnostic,True,unavailable
development_180_CPU,63.620827352,accepted,available_host_diagnostic,True,unavailable
development_180_CPU,66.080827353,accepted,available_host_diagnostic,True,unavailable
development_180_CPU,68.565827353,accepted,available_host_diagnostic,True,unavailable
development_180_CPU,71.010827353,accepted,available_host_diagnostic,True,unavailable
development_180_CPU,73.595827352,accepted,available_host_diagnostic,True,unavailable
development_180_CPU,76.110827353,accepted,available_host_diagnostic,True,unavailable
development_180_CPU,78.640827352,accepted,available_host_diagnostic,True,unavailable
development_180_CPU,81.310827353,accepted,available_host_diagnostic,True,unavailable
development_180_CPU,83.935827353,accepted,available_host_diagnostic,True,unavailable
development_180_CPU,86.415827353,accepted,available_host_diagnostic,True,unavailable
development_180_CPU,88.975827353,accepted,available_host_diagnostic,True,unavailable
development_180_CPU,91.520827352,accepted,available_host_diagnostic,True,unavailable
development_180_CPU,94.080827353,accepted,available_host_diagnostic,True,unavailable
development_180_CPU,96.540827353,accepted,available_host_diagnostic,True,unavailable
development_180_CPU,99.105827352,accepted,available_host_diagnostic,True,unavailable
development_180_CPU,101.595827353,accepted,available_host_diagnostic,True,unavailable
development_180_CPU,104.320827353,accepted,available_host_diagnostic,True,unavailable
development_180_CPU,106.805827353,accepted,available_host_diagnostic,True,unavailable
development_180_CPU,109.330827353,accepted,available_host_diagnostic,True,unavailable
development_180_CPU,111.795827353,accepted,available_host_diagnostic,True,unavailable
development_180_CPU,114.230827352,accepted,available_host_diagnostic,True,unavailable
development_180_CPU,116.720827353,accepted,available_host_diagnostic,True,unavailable
development_180_CPU,119.275827352,accepted,available_host_diagnostic,True,unavailable
development_180_CPU,121.865827352,accepted,available_host_diagnostic,True,unavailable
development_180_CPU,124.400827352,accepted,available_host_diagnostic,True,unavailable
development_180_CPU,126.980827353,accepted,available_host_diagnostic,True,unavailable
development_180_CPU,129.515827352,accepted,available_host_diagnostic,True,unavailable
development_180_CPU,132.035827353,accepted,available_host_diagnostic,True,unavailable
development_180_CPU,134.635827353,accepted,available_host_diagnostic,True,unavailable
development_180_CPU,137.220827352,accepted,available_host_diagnostic,True,unavailable
development_180_CPU,139.760827352,accepted,available_host_diagnostic,True,unavailable
development_180_CPU,142.320827353,accepted,available_host_diagnostic,True,unavailable
development_180_CPU,144.830827353,accepted,available_host_diagnostic,True,unavailable
development_180_CPU,147.435827353,accepted,available_host_diagnostic,True,unavailable
development_180_CPU,150.000827353,accepted,available_host_diagnostic,True,unavailable
development_180_CPU,152.535827353,accepted,available_host_diagnostic,True,unavailable
development_180_CPU,155.015827352,accepted,available_host_diagnostic,True,unavailable
development_180_CPU,157.580827353,accepted,available_host_diagnostic,True,unavailable
development_180_CPU,160.145827352,accepted,available_host_diagnostic,True,unavailable
development_180_CPU,162.650827352,accepted,available_host_diagnostic,True,unavailable
development_180_CPU,165.150827352,accepted,available_host_diagnostic,True,unavailable
development_180_CPU,167.720827352,accepted,available_host_diagnostic,True,unavailable
development_180_CPU,170.205827353,accepted,available_host_diagnostic,True,unavailable
development_180_CPU,172.740827352,accepted,available_host_diagnostic,True,unavailable
development_180_CPU,175.280827352,accepted,available_host_diagnostic,True,unavailable
development_180_CPU,177.850827352,accepted,available_host_diagnostic,True,unavailable
development_180_C0,-27.67263338,accepted,available_host_diagnostic,True,unavailable
development_180_C0,-24.87763338,accepted,available_host_diagnostic,True,unavailable
development_180_C0,-22.36763338,accepted,available_host_diagnostic,True,unavailable
development_180_C0,-19.78263338,accepted,available_host_diagnostic,True,unavailable
development_180_C0,-17.247633381,accepted,available_host_diagnostic,True,unavailable
development_180_C0,-14.17263338,accepted,available_host_diagnostic,True,unavailable
development_180_C0,-11.79263338,accepted,available_host_diagnostic,True,unavailable
development_180_C0,-9.14763338,accepted,available_host_diagnostic,True,unavailable
development_180_C0,-6.572633381,accepted,available_host_diagnostic,True,unavailable
development_180_C0,-3.93263338,accepted,available_host_diagnostic,True,unavailable
development_180_C0,-1.237633381,accepted,available_host_diagnostic,True,unavailable
development_180_C0,1.297366619,accepted,available_host_diagnostic,True,unavailable
development_180_C0,3.792366619,accepted,available_host_diagnostic,True,unavailable
development_180_C0,6.71236662,accepted,available_host_diagnostic,True,unavailable
development_180_C0,9.292366619,accepted,available_host_diagnostic,True,unavailable
development_180_C0,11.83736662,accepted,available_host_diagnostic,True,unavailable
development_180_C0,14.33736662,accepted,available_host_diagnostic,True,unavailable
development_180_C0,16.917366619,accepted,available_host_diagnostic,True,unavailable
development_180_C0,19.417366619,accepted,available_host_diagnostic,True,unavailable
development_180_C0,21.882366619,accepted,available_host_diagnostic,True,unavailable
development_180_C0,24.427366619,accepted,available_host_diagnostic,True,unavailable
development_180_C0,26.88236662,accepted,available_host_diagnostic,True,unavailable
development_180_C0,29.48236662,accepted,available_host_diagnostic,True,unavailable
development_180_C0,31.96236662,accepted,available_host_diagnostic,True,unavailable
development_180_C0,34.47236662,accepted,available_host_diagnostic,True,unavailable
development_180_C0,37.042366619,accepted,available_host_diagnostic,True,unavailable
development_180_C0,39.66236662,accepted,available_host_diagnostic,True,unavailable
development_180_C0,42.247366619,accepted,available_host_diagnostic,True,unavailable
development_180_C0,44.68236662,accepted,available_host_diagnostic,True,unavailable
development_180_C0,47.20236662,accepted,available_host_diagnostic,True,unavailable
development_180_C0,49.69736662,accepted,available_host_diagnostic,True,unavailable
development_180_C0,52.17236662,accepted,available_host_diagnostic,True,unavailable
development_180_C0,54.647366619,accepted,available_host_diagnostic,True,unavailable
development_180_C0,57.11736662,accepted,available_host_diagnostic,True,unavailable
development_180_C0,59.65736662,accepted,available_host_diagnostic,True,unavailable
development_180_C0,62.12736662,accepted,available_host_diagnostic,True,unavailable
development_180_C0,64.70736662,accepted,available_host_diagnostic,True,unavailable
development_180_C0,67.25236662,accepted,available_host_diagnostic,True,unavailable
development_180_C0,69.797366619,accepted,available_host_diagnostic,True,unavailable
development_180_C0,72.36736662,accepted,available_host_diagnostic,True,unavailable
development_180_C0,74.81236662,accepted,available_host_diagnostic,True,unavailable
development_180_C0,77.27236662,accepted,available_host_diagnostic,True,unavailable
development_180_C0,80.242366619,accepted,available_host_diagnostic,True,unavailable
development_180_C0,82.71736662,accepted,available_host_diagnostic,True,unavailable
development_180_C0,85.22736662,accepted,available_host_diagnostic,True,unavailable
development_180_C0,87.73736662,accepted,available_host_diagnostic,True,unavailable
development_180_C0,90.40736662,accepted,available_host_diagnostic,True,unavailable
development_180_C0,93.062366619,accepted,available_host_diagnostic,True,unavailable
development_180_C0,95.52736662,accepted,available_host_diagnostic,True,unavailable
development_180_C0,98.08236662,accepted,available_host_diagnostic,True,unavailable
development_180_C0,101.012366619,accepted,available_host_diagnostic,True,unavailable
development_180_C0,103.69736662,accepted,available_host_diagnostic,True,unavailable
development_180_C0,106.322366619,accepted,available_host_diagnostic,True,unavailable
development_180_C0,108.902366619,accepted,available_host_diagnostic,True,unavailable
development_180_C0,111.302366619,accepted,available_host_diagnostic,True,unavailable
development_180_C0,113.95236662,accepted,available_host_diagnostic,True,unavailable
development_180_C0,116.417366619,accepted,available_host_diagnostic,True,unavailable
development_180_C0,119.08236662,accepted,available_host_diagnostic,True,unavailable
development_180_C0,121.71236662,accepted,available_host_diagnostic,True,unavailable
development_180_C0,124.182366619,accepted,available_host_diagnostic,True,unavailable
development_180_C0,126.727366619,accepted,available_host_diagnostic,True,unavailable
development_180_C0,129.19236662,accepted,available_host_diagnostic,True,unavailable
development_180_C0,131.69736662,accepted,available_host_diagnostic,True,unavailable
development_180_C0,134.32736662,accepted,available_host_diagnostic,True,unavailable
development_180_C0,136.86236662,accepted,available_host_diagnostic,True,unavailable
development_180_C0,139.33736662,accepted,available_host_diagnostic,True,unavailable
development_180_C0,141.887366619,accepted,available_host_diagnostic,True,unavailable
development_180_C0,144.51236662,accepted,available_host_diagnostic,True,unavailable
development_180_C0,147.11236662,accepted,available_host_diagnostic,True,unavailable
development_180_C0,149.677366619,accepted,available_host_diagnostic,True,unavailable
development_180_C0,152.117366619,accepted,available_host_diagnostic,True,unavailable
development_180_C0,154.61736662,accepted,available_host_diagnostic,True,unavailable
development_180_C0,157.177366619,accepted,available_host_diagnostic,True,unavailable
development_180_C0,159.667366619,accepted,available_host_diagnostic,True,unavailable
development_180_C0,162.18236662,accepted,available_host_diagnostic,True,unavailable
development_180_C0,164.90236662,accepted,available_host_diagnostic,True,unavailable
development_180_C0,167.507366619,accepted,available_host_diagnostic,True,unavailable
development_180_C0,170.07236662,accepted,available_host_diagnostic,True,unavailable
development_180_C0,172.62236662,accepted,available_host_diagnostic,True,unavailable
development_180_C0,175.167366619,accepted,available_host_diagnostic,True,unavailable
development_180_C0,177.74236662,accepted,available_host_diagnostic,True,unavailable
confirmation_180_C0,-29.298100242,accepted,available_host_diagnostic,True,unavailable
confirmation_180_C0,-26.703100241,accepted,available_host_diagnostic,True,unavailable
confirmation_180_C0,-24.198100241,accepted,available_host_diagnostic,True,unavailable
confirmation_180_C0,-21.708100241,accepted,available_host_diagnostic,True,unavailable
confirmation_180_C0,-19.273100241,accepted,available_host_diagnostic,True,unavailable
confirmation_180_C0,-16.783100242,accepted,available_host_diagnostic,True,unavailable
confirmation_180_C0,-14.258100242,accepted,available_host_diagnostic,True,unavailable
confirmation_180_C0,-11.808100242,accepted,available_host_diagnostic,True,unavailable
confirmation_180_C0,-9.323100242,accepted,available_host_diagnostic,True,unavailable
confirmation_180_C0,-6.763100242,accepted,available_host_diagnostic,True,unavailable
confirmation_180_C0,-4.208100241,accepted,available_host_diagnostic,True,unavailable
confirmation_180_C0,-1.733100241,accepted,available_host_diagnostic,True,unavailable
confirmation_180_C0,0.736899758,accepted,available_host_diagnostic,True,unavailable
confirmation_180_C0,3.286899759,accepted,available_host_diagnostic,True,unavailable
confirmation_180_C0,5.866899759,accepted,available_host_diagnostic,True,unavailable
confirmation_180_C0,8.461899759,accepted,available_host_diagnostic,True,unavailable
confirmation_180_C0,11.051899759,accepted,available_host_diagnostic,True,unavailable
confirmation_180_C0,13.656899759,accepted,available_host_diagnostic,True,unavailable
confirmation_180_C0,16.366899759,accepted,available_host_diagnostic,True,unavailable
confirmation_180_C0,18.966899758,accepted,available_host_diagnostic,True,unavailable
confirmation_180_C0,21.536899759,accepted,available_host_diagnostic,True,unavailable
confirmation_180_C0,24.196899758,accepted,available_host_diagnostic,True,unavailable
confirmation_180_C0,26.831899758,accepted,available_host_diagnostic,True,unavailable
confirmation_180_C0,29.366899758,accepted,available_host_diagnostic,True,unavailable
confirmation_180_C0,31.866899759,accepted,available_host_diagnostic,True,unavailable
confirmation_180_C0,34.391899759,accepted,available_host_diagnostic,True,unavailable
confirmation_180_C0,37.246899758,accepted,available_host_diagnostic,True,unavailable
confirmation_180_C0,39.731899758,accepted,available_host_diagnostic,True,unavailable
confirmation_180_C0,42.276899759,accepted,available_host_diagnostic,True,unavailable
confirmation_180_C0,44.816899758,accepted,available_host_diagnostic,True,unavailable
confirmation_180_C0,47.421899759,accepted,available_host_diagnostic,True,unavailable
confirmation_180_C0,49.971899759,accepted,available_host_diagnostic,True,unavailable
confirmation_180_C0,52.426899759,accepted,available_host_diagnostic,True,unavailable
confirmation_180_C0,54.886899759,accepted,available_host_diagnostic,True,unavailable
confirmation_180_C0,57.351899758,accepted,available_host_diagnostic,True,unavailable
confirmation_180_C0,59.781899759,accepted,available_host_diagnostic,True,unavailable
confirmation_180_C0,62.256899759,accepted,available_host_diagnostic,True,unavailable
confirmation_180_C0,64.816899758,accepted,available_host_diagnostic,True,unavailable
confirmation_180_C0,67.376899758,accepted,available_host_diagnostic,True,unavailable
confirmation_180_C0,69.941899758,accepted,available_host_diagnostic,True,unavailable
confirmation_180_C0,72.401899759,accepted,available_host_diagnostic,True,unavailable
confirmation_180_C0,74.846899758,accepted,available_host_diagnostic,True,unavailable
confirmation_180_C0,77.401899759,accepted,available_host_diagnostic,True,unavailable
confirmation_180_C0,79.871899759,accepted,available_host_diagnostic,True,unavailable
confirmation_180_C0,82.441899758,accepted,available_host_diagnostic,True,unavailable
confirmation_180_C0,84.981899758,accepted,available_host_diagnostic,True,unavailable
confirmation_180_C0,87.576899758,accepted,available_host_diagnostic,True,unavailable
confirmation_180_C0,90.116899758,accepted,available_host_diagnostic,True,unavailable
confirmation_180_C0,92.551899758,accepted,available_host_diagnostic,True,unavailable
confirmation_180_C0,95.136899759,accepted,available_host_diagnostic,True,unavailable
confirmation_180_C0,97.586899759,accepted,available_host_diagnostic,True,unavailable
confirmation_180_C0,100.136899759,accepted,available_host_diagnostic,True,unavailable
confirmation_180_C0,102.586899759,accepted,available_host_diagnostic,True,unavailable
confirmation_180_C0,105.026899759,accepted,available_host_diagnostic,True,unavailable
confirmation_180_C0,107.506899758,accepted,available_host_diagnostic,True,unavailable
confirmation_180_C0,109.966899759,accepted,available_host_diagnostic,True,unavailable
confirmation_180_C0,112.541899759,accepted,available_host_diagnostic,True,unavailable
confirmation_180_C0,115.076899759,accepted,available_host_diagnostic,True,unavailable
confirmation_180_C0,117.556899759,accepted,available_host_diagnostic,True,unavailable
confirmation_180_C0,120.116899758,accepted,available_host_diagnostic,True,unavailable
confirmation_180_C0,122.666899759,accepted,available_host_diagnostic,True,unavailable
confirmation_180_C0,125.216899759,accepted,available_host_diagnostic,True,unavailable
confirmation_180_C0,127.691899758,accepted,available_host_diagnostic,True,unavailable
confirmation_180_C0,130.131899759,accepted,available_host_diagnostic,True,unavailable
confirmation_180_C0,132.631899759,accepted,available_host_diagnostic,True,unavailable
confirmation_180_C0,135.196899758,accepted,available_host_diagnostic,True,unavailable
confirmation_180_C0,137.751899759,accepted,available_host_diagnostic,True,unavailable
confirmation_180_C0,140.286899759,accepted,available_host_diagnostic,True,unavailable
confirmation_180_C0,142.951899758,accepted,available_host_diagnostic,True,unavailable
confirmation_180_C0,145.441899759,accepted,available_host_diagnostic,True,unavailable
confirmation_180_C0,147.966899759,accepted,available_host_diagnostic,True,unavailable
confirmation_180_C0,150.391899759,accepted,available_host_diagnostic,True,unavailable
confirmation_180_C0,152.891899759,accepted,available_host_diagnostic,True,unavailable
confirmation_180_C0,155.446899758,accepted,available_host_diagnostic,True,unavailable
confirmation_180_C0,157.906899759,accepted,available_host_diagnostic,True,unavailable
confirmation_180_C0,160.326899759,accepted,available_host_diagnostic,True,unavailable
confirmation_180_C0,162.836899758,accepted,available_host_diagnostic,True,unavailable
confirmation_180_C0,165.371899759,accepted,available_host_diagnostic,True,unavailable
confirmation_180_C0,167.846899758,accepted,available_host_diagnostic,True,unavailable
confirmation_180_C0,170.371899758,accepted,available_host_diagnostic,True,unavailable
confirmation_180_C0,172.876899759,accepted,available_host_diagnostic,True,unavailable
confirmation_180_C0,175.511899759,accepted,available_host_diagnostic,True,unavailable
confirmation_180_C0,178.071899758,accepted,available_host_diagnostic,True,unavailable
confirmation_180_CPU,-27.647457894,accepted,available_host_diagnostic,True,unavailable
confirmation_180_CPU,-25.192457894,accepted,available_host_diagnostic,True,unavailable
confirmation_180_CPU,-22.627457893,accepted,available_host_diagnostic,True,unavailable
confirmation_180_CPU,-20.072457894,accepted,available_host_diagnostic,True,unavailable
confirmation_180_CPU,-17.622457893,accepted,available_host_diagnostic,True,unavailable
confirmation_180_CPU,-15.052457894,accepted,available_host_diagnostic,True,unavailable
confirmation_180_CPU,-12.067457894,accepted,available_host_diagnostic,True,unavailable
confirmation_180_CPU,-9.532457894,accepted,available_host_diagnostic,True,unavailable
confirmation_180_CPU,-6.962457893,accepted,available_host_diagnostic,True,unavailable
confirmation_180_CPU,-4.477457893,accepted,available_host_diagnostic,True,unavailable
confirmation_180_CPU,-1.942457894,accepted,available_host_diagnostic,True,unavailable
confirmation_180_CPU,0.607542106,accepted,available_host_diagnostic,True,unavailable
confirmation_180_CPU,3.162542107,accepted,available_host_diagnostic,True,unavailable
confirmation_180_CPU,5.747542107,accepted,available_host_diagnostic,True,unavailable
confirmation_180_CPU,8.687542107,accepted,available_host_diagnostic,True,unavailable
confirmation_180_CPU,11.162542107,accepted,available_host_diagnostic,True,unavailable
confirmation_180_CPU,13.727542107,accepted,available_host_diagnostic,True,unavailable
confirmation_180_CPU,16.202542106,accepted,available_host_diagnostic,True,unavailable
confirmation_180_CPU,19.027542107,accepted,available_host_diagnostic,True,unavailable
confirmation_180_CPU,21.502542107,accepted,available_host_diagnostic,True,unavailable
confirmation_180_CPU,24.042542106,accepted,available_host_diagnostic,True,unavailable
confirmation_180_CPU,26.507542107,accepted,available_host_diagnostic,True,unavailable
confirmation_180_CPU,29.472542106,accepted,available_host_diagnostic,True,unavailable
confirmation_180_CPU,32.047542107,accepted,available_host_diagnostic,True,unavailable
confirmation_180_CPU,34.632542107,accepted,available_host_diagnostic,True,unavailable
confirmation_180_CPU,37.162542107,accepted,available_host_diagnostic,True,unavailable
confirmation_180_CPU,39.732542106,accepted,available_host_diagnostic,True,unavailable
confirmation_180_CPU,42.147542106,accepted,available_host_diagnostic,True,unavailable
confirmation_180_CPU,44.542542106,accepted,available_host_diagnostic,True,unavailable
confirmation_180_CPU,46.982542106,accepted,available_host_diagnostic,True,unavailable
confirmation_180_CPU,49.437542106,accepted,available_host_diagnostic,True,unavailable
confirmation_180_CPU,51.897542107,accepted,available_host_diagnostic,True,unavailable
confirmation_180_CPU,54.467542106,accepted,available_host_diagnostic,True,unavailable
confirmation_180_CPU,56.917542106,accepted,available_host_diagnostic,True,unavailable
confirmation_180_CPU,59.382542107,accepted,available_host_diagnostic,True,unavailable
confirmation_180_CPU,61.842542106,accepted,available_host_diagnostic,True,unavailable
confirmation_180_CPU,64.387542107,accepted,available_host_diagnostic,True,unavailable
confirmation_180_CPU,66.827542107,accepted,available_host_diagnostic,True,unavailable
confirmation_180_CPU,69.297542106,accepted,available_host_diagnostic,True,unavailable
confirmation_180_CPU,71.777542106,accepted,available_host_diagnostic,True,unavailable
confirmation_180_CPU,74.247542107,accepted,available_host_diagnostic,True,unavailable
confirmation_180_CPU,76.677542106,accepted,available_host_diagnostic,True,unavailable
confirmation_180_CPU,79.122542107,accepted,available_host_diagnostic,True,unavailable
confirmation_180_CPU,82.127542107,accepted,available_host_diagnostic,True,unavailable
confirmation_180_CPU,84.792542107,accepted,available_host_diagnostic,True,unavailable
confirmation_180_CPU,87.352542106,accepted,available_host_diagnostic,True,unavailable
confirmation_180_CPU,89.822542107,accepted,available_host_diagnostic,True,unavailable
confirmation_180_CPU,92.352542106,accepted,available_host_diagnostic,True,unavailable
confirmation_180_CPU,94.827542106,accepted,available_host_diagnostic,True,unavailable
confirmation_180_CPU,97.487542107,accepted,available_host_diagnostic,True,unavailable
confirmation_180_CPU,100.047542107,accepted,available_host_diagnostic,True,unavailable
confirmation_180_CPU,102.882542107,accepted,available_host_diagnostic,True,unavailable
confirmation_180_CPU,105.392542107,accepted,available_host_diagnostic,True,unavailable
confirmation_180_CPU,107.932542106,accepted,available_host_diagnostic,True,unavailable
confirmation_180_CPU,110.477542106,accepted,available_host_diagnostic,True,unavailable
confirmation_180_CPU,113.267542107,accepted,available_host_diagnostic,True,unavailable
confirmation_180_CPU,115.837542106,accepted,available_host_diagnostic,True,unavailable
confirmation_180_CPU,118.357542106,accepted,available_host_diagnostic,True,unavailable
confirmation_180_CPU,120.852542107,accepted,available_host_diagnostic,True,unavailable
confirmation_180_CPU,123.737542107,accepted,available_host_diagnostic,True,unavailable
confirmation_180_CPU,126.262542107,accepted,available_host_diagnostic,True,unavailable
confirmation_180_CPU,128.722542107,accepted,available_host_diagnostic,True,unavailable
confirmation_180_CPU,131.252542107,accepted,available_host_diagnostic,True,unavailable
confirmation_180_CPU,134.082542107,accepted,available_host_diagnostic,True,unavailable
confirmation_180_CPU,136.692542106,accepted,available_host_diagnostic,True,unavailable
confirmation_180_CPU,139.232542106,accepted,available_host_diagnostic,True,unavailable
confirmation_180_CPU,141.712542106,accepted,available_host_diagnostic,True,unavailable
confirmation_180_CPU,144.702542106,accepted,available_host_diagnostic,True,unavailable
confirmation_180_CPU,147.342542106,accepted,available_host_diagnostic,True,unavailable
confirmation_180_CPU,149.892542107,accepted,available_host_diagnostic,True,unavailable
confirmation_180_CPU,152.352542106,accepted,available_host_diagnostic,True,unavailable
confirmation_180_CPU,154.917542106,accepted,available_host_diagnostic,True,unavailable
confirmation_180_CPU,157.457542106,accepted,available_host_diagnostic,True,unavailable
confirmation_180_CPU,160.052542107,accepted,available_host_diagnostic,True,unavailable
confirmation_180_CPU,162.547542106,accepted,available_host_diagnostic,True,unavailable
confirmation_180_CPU,165.382542107,accepted,available_host_diagnostic,True,unavailable
confirmation_180_CPU,168.047542107,accepted,available_host_diagnostic,True,unavailable
confirmation_180_CPU,170.577542107,accepted,available_host_diagnostic,True,unavailable
confirmation_180_CPU,173.052542106,accepted,available_host_diagnostic,True,unavailable
confirmation_180_CPU,175.547542106,accepted,available_host_diagnostic,True,unavailable
confirmation_180_CPU,178.172542106,accepted,available_host_diagnostic,True,unavailable
confirmation_180_PAR,-29.572220934,accepted,available_host_diagnostic,True,unavailable
confirmation_180_PAR,-27.112220934,accepted,available_host_diagnostic,True,unavailable
confirmation_180_PAR,-24.257220934,accepted,available_host_diagnostic,True,unavailable
confirmation_180_PAR,-21.697220934,accepted,available_host_diagnostic,True,unavailable
confirmation_180_PAR,-19.032220935,accepted,available_host_diagnostic,True,unavailable
confirmation_180_PAR,-16.472220934,accepted,available_host_diagnostic,True,unavailable
confirmation_180_PAR,-13.882220934,accepted,available_host_diagnostic,True,unavailable
confirmation_180_PAR,-11.357220934,accepted,available_host_diagnostic,True,unavailable
confirmation_180_PAR,-8.807220934,accepted,available_host_diagnostic,True,unavailable
confirmation_180_PAR,-6.332220934,accepted,available_host_diagnostic,True,unavailable
confirmation_180_PAR,-3.447220934,accepted,available_host_diagnostic,True,unavailable
confirmation_180_PAR,-0.887220935,accepted,available_host_diagnostic,True,unavailable
confirmation_180_PAR,1.657779066,accepted,available_host_diagnostic,True,unavailable
confirmation_180_PAR,4.207779065,accepted,available_host_diagnostic,True,unavailable
confirmation_180_PAR,6.817779066,accepted,available_host_diagnostic,True,unavailable
confirmation_180_PAR,9.462779065,accepted,available_host_diagnostic,True,unavailable
confirmation_180_PAR,11.992779065,accepted,available_host_diagnostic,True,unavailable
confirmation_180_PAR,14.522779066,accepted,available_host_diagnostic,True,unavailable
confirmation_180_PAR,17.512779066,accepted,available_host_diagnostic,True,unavailable
confirmation_180_PAR,20.022779066,accepted,available_host_diagnostic,True,unavailable
confirmation_180_PAR,22.437779066,accepted,available_host_diagnostic,True,unavailable
confirmation_180_PAR,24.982779066,accepted,available_host_diagnostic,True,unavailable
confirmation_180_PAR,27.722779065,accepted,available_host_diagnostic,True,unavailable
confirmation_180_PAR,30.222779066,accepted,available_host_diagnostic,True,unavailable
confirmation_180_PAR,32.797779066,accepted,available_host_diagnostic,True,unavailable
confirmation_180_PAR,35.347779065,accepted,available_host_diagnostic,True,unavailable
confirmation_180_PAR,38.207779066,accepted,available_host_diagnostic,True,unavailable
confirmation_180_PAR,40.682779066,accepted,available_host_diagnostic,True,unavailable
confirmation_180_PAR,43.102779066,accepted,available_host_diagnostic,True,unavailable
confirmation_180_PAR,45.667779066,accepted,available_host_diagnostic,True,unavailable
confirmation_180_PAR,48.012779066,accepted,available_host_diagnostic,True,unavailable
confirmation_180_PAR,50.377779066,accepted,available_host_diagnostic,True,unavailable
confirmation_180_PAR,52.852779065,accepted,available_host_diagnostic,True,unavailable
confirmation_180_PAR,55.352779066,accepted,available_host_diagnostic,True,unavailable
confirmation_180_PAR,57.932779065,accepted,available_host_diagnostic,True,unavailable
confirmation_180_PAR,60.452779066,accepted,available_host_diagnostic,True,unavailable
confirmation_180_PAR,63.007779066,accepted,available_host_diagnostic,True,unavailable
confirmation_180_PAR,65.437779065,accepted,available_host_diagnostic,True,unavailable
confirmation_180_PAR,67.992779065,accepted,available_host_diagnostic,True,unavailable
confirmation_180_PAR,70.352779066,accepted,available_host_diagnostic,True,unavailable
confirmation_180_PAR,72.827779065,accepted,available_host_diagnostic,True,unavailable
confirmation_180_PAR,75.292779066,accepted,available_host_diagnostic,True,unavailable
confirmation_180_PAR,77.862779065,accepted,available_host_diagnostic,True,unavailable
confirmation_180_PAR,80.522779066,accepted,available_host_diagnostic,True,unavailable
confirmation_180_PAR,83.097779065,accepted,available_host_diagnostic,True,unavailable
confirmation_180_PAR,85.592779065,accepted,available_host_diagnostic,True,unavailable
confirmation_180_PAR,88.167779066,accepted,available_host_diagnostic,True,unavailable
confirmation_180_PAR,90.717779065,accepted,available_host_diagnostic,True,unavailable
confirmation_180_PAR,93.352779066,accepted,available_host_diagnostic,True,unavailable
confirmation_180_PAR,95.912779066,accepted,available_host_diagnostic,True,unavailable
confirmation_180_PAR,98.547779066,accepted,available_host_diagnostic,True,unavailable
confirmation_180_PAR,101.257779066,accepted,available_host_diagnostic,True,unavailable
confirmation_180_PAR,103.762779066,accepted,available_host_diagnostic,True,unavailable
confirmation_180_PAR,106.342779065,accepted,available_host_diagnostic,True,unavailable
confirmation_180_PAR,108.952779066,accepted,available_host_diagnostic,True,unavailable
confirmation_180_PAR,111.682779066,accepted,available_host_diagnostic,True,unavailable
confirmation_180_PAR,114.292779066,accepted,available_host_diagnostic,True,unavailable
confirmation_180_PAR,116.837779065,accepted,available_host_diagnostic,True,unavailable
confirmation_180_PAR,119.322779066,accepted,available_host_diagnostic,True,unavailable
confirmation_180_PAR,122.282779066,accepted,available_host_diagnostic,True,unavailable
confirmation_180_PAR,124.757779066,accepted,available_host_diagnostic,True,unavailable
confirmation_180_PAR,127.407779066,accepted,available_host_diagnostic,True,unavailable
confirmation_180_PAR,129.912779066,accepted,available_host_diagnostic,True,unavailable
confirmation_180_PAR,132.532779066,accepted,available_host_diagnostic,True,unavailable
confirmation_180_PAR,135.167779066,accepted,available_host_diagnostic,True,unavailable
confirmation_180_PAR,137.727779066,accepted,available_host_diagnostic,True,unavailable
confirmation_180_PAR,140.217779065,accepted,available_host_diagnostic,True,unavailable
confirmation_180_PAR,143.262779065,accepted,available_host_diagnostic,True,unavailable
confirmation_180_PAR,145.707779066,accepted,available_host_diagnostic,True,unavailable
confirmation_180_PAR,148.287779066,accepted,available_host_diagnostic,True,unavailable
confirmation_180_PAR,150.837779065,accepted,available_host_diagnostic,True,unavailable
confirmation_180_PAR,153.412779066,accepted,available_host_diagnostic,True,unavailable
confirmation_180_PAR,156.052779066,accepted,available_host_diagnostic,True,unavailable
confirmation_180_PAR,158.562779066,accepted,available_host_diagnostic,True,unavailable
confirmation_180_PAR,161.087779065,accepted,available_host_diagnostic,True,unavailable
confirmation_180_PAR,164.062779066,accepted,available_host_diagnostic,True,unavailable
confirmation_180_PAR,166.727779065,accepted,available_host_diagnostic,True,unavailable
confirmation_180_PAR,169.322779065,accepted,available_host_diagnostic,True,unavailable
confirmation_180_PAR,171.872779065,accepted,available_host_diagnostic,True,unavailable
confirmation_180_PAR,174.387779065,accepted,available_host_diagnostic,True,unavailable
confirmation_180_PAR,176.742779065,accepted,available_host_diagnostic,True,unavailable
confirmation_180_PAR,179.317779066,accepted,available_host_diagnostic,True,unavailable
confirmation_30_PAR,-27.471713581,accepted,available_host_diagnostic,True,unavailable
confirmation_30_PAR,-24.981713581,accepted,available_host_diagnostic,True,unavailable
confirmation_30_PAR,-22.406713582,accepted,available_host_diagnostic,True,unavailable
confirmation_30_PAR,-19.461713581,accepted,available_host_diagnostic,True,unavailable
confirmation_30_PAR,-16.896713582,accepted,available_host_diagnostic,True,unavailable
confirmation_30_PAR,-14.361713582,accepted,available_host_diagnostic,True,unavailable
confirmation_30_PAR,-11.906713581,accepted,available_host_diagnostic,True,unavailable
confirmation_30_PAR,-9.306713582,accepted,available_host_diagnostic,True,unavailable
confirmation_30_PAR,-6.791713581,accepted,available_host_diagnostic,True,unavailable
confirmation_30_PAR,-4.311713582,accepted,available_host_diagnostic,True,unavailable
confirmation_30_PAR,-1.846713581,accepted,available_host_diagnostic,True,unavailable
confirmation_30_PAR,0.718286419,accepted,available_host_diagnostic,True,unavailable
confirmation_30_PAR,3.263286419,accepted,available_host_diagnostic,True,unavailable
confirmation_30_PAR,5.843286418,accepted,available_host_diagnostic,True,unavailable
confirmation_30_PAR,8.313286418,accepted,available_host_diagnostic,True,unavailable
confirmation_30_PAR,10.838286419,accepted,available_host_diagnostic,True,unavailable
confirmation_30_PAR,13.378286418,accepted,available_host_diagnostic,True,unavailable
confirmation_30_PAR,15.873286418,accepted,available_host_diagnostic,True,unavailable
confirmation_30_PAR,18.333286418,accepted,available_host_diagnostic,True,unavailable
confirmation_30_PAR,20.778286419,accepted,available_host_diagnostic,True,unavailable
confirmation_30_PAR,23.243286418,accepted,available_host_diagnostic,True,unavailable
confirmation_30_PAR,25.803286419,accepted,available_host_diagnostic,True,unavailable
confirmation_30_PAR,28.233286418,accepted,available_host_diagnostic,True,unavailable
confirmation_30_PAR,30.823286418,accepted,available_host_diagnostic,True,unavailable
confirmation_30_PAR,33.373286419,accepted,available_host_diagnostic,True,unavailable
confirmation_30_PAR,35.848286419,accepted,available_host_diagnostic,True,unavailable
confirmation_30_PAR,38.323286418,accepted,available_host_diagnostic,True,unavailable
confirmation_30_PAR,40.848286418,accepted,available_host_diagnostic,True,unavailable
confirmation_30_PAR,43.443286418,accepted,available_host_diagnostic,True,unavailable
confirmation_30_PAR,45.863286418,accepted,available_host_diagnostic,True,unavailable
confirmation_30_PAR,48.303286418,accepted,available_host_diagnostic,True,unavailable
confirmation_30_PAR,50.763286419,accepted,available_host_diagnostic,True,unavailable
confirmation_30_PAR,53.358286418,accepted,available_host_diagnostic,True,unavailable
confirmation_30_PAR,55.978286419,accepted,available_host_diagnostic,True,unavailable
confirmation_30_PAR,58.388286418,accepted,available_host_diagnostic,True,unavailable
confirmation_30_PAR,60.908286419,accepted,available_host_diagnostic,True,unavailable
confirmation_30_PAR,63.368286418,accepted,available_host_diagnostic,True,unavailable
confirmation_30_PAR,65.823286418,accepted,available_host_diagnostic,True,unavailable
confirmation_30_PAR,68.338286419,accepted,available_host_diagnostic,True,unavailable
confirmation_30_PAR,70.803286419,accepted,available_host_diagnostic,True,unavailable
confirmation_30_PAR,73.313286419,accepted,available_host_diagnostic,True,unavailable
confirmation_30_PAR,75.808286418,accepted,available_host_diagnostic,True,unavailable
confirmation_30_PAR,78.318286418,accepted,available_host_diagnostic,True,unavailable
confirmation_30_PAR,80.903286419,accepted,available_host_diagnostic,True,unavailable
confirmation_30_PAR,83.388286419,accepted,available_host_diagnostic,True,unavailable
confirmation_30_PAR,86.003286418,accepted,available_host_diagnostic,True,unavailable
confirmation_30_PAR,88.438286418,accepted,available_host_diagnostic,True,unavailable
confirmation_30_PAR,90.923286419,accepted,available_host_diagnostic,True,unavailable
confirmation_30_PAR,93.363286418,accepted,available_host_diagnostic,True,unavailable
confirmation_30_PAR,95.843286419,accepted,available_host_diagnostic,True,unavailable
confirmation_30_PAR,98.318286418,accepted,available_host_diagnostic,True,unavailable
confirmation_30_PAR,100.763286419,accepted,available_host_diagnostic,True,unavailable
confirmation_30_PAR,103.218286419,accepted,available_host_diagnostic,True,unavailable
confirmation_30_PAR,105.763286419,accepted,available_host_diagnostic,True,unavailable
confirmation_30_PAR,108.248286418,accepted,available_host_diagnostic,True,unavailable
confirmation_30_PAR,110.793286419,accepted,available_host_diagnostic,True,unavailable
confirmation_30_PAR,113.358286418,accepted,available_host_diagnostic,True,unavailable
confirmation_30_PAR,115.913286419,accepted,available_host_diagnostic,True,unavailable
confirmation_30_PAR,118.483286418,accepted,available_host_diagnostic,True,unavailable
confirmation_30_PAR,120.978286418,accepted,available_host_diagnostic,True,unavailable
confirmation_30_PAR,123.498286418,accepted,available_host_diagnostic,True,unavailable
confirmation_30_PAR,125.958286418,accepted,available_host_diagnostic,True,unavailable
confirmation_30_PAR,128.458286418,accepted,available_host_diagnostic,True,unavailable
confirmation_30_PAR,130.938286418,accepted,available_host_diagnostic,True,unavailable
confirmation_30_PAR,133.418286419,accepted,available_host_diagnostic,True,unavailable
confirmation_30_PAR,135.888286419,accepted,available_host_diagnostic,True,unavailable
confirmation_30_PAR,138.458286418,accepted,available_host_diagnostic,True,unavailable
confirmation_30_PAR,141.033286419,accepted,available_host_diagnostic,True,unavailable
confirmation_30_PAR,143.558286419,accepted,available_host_diagnostic,True,unavailable
confirmation_30_PAR,146.018286419,accepted,available_host_diagnostic,True,unavailable
confirmation_30_PAR,148.558286419,accepted,available_host_diagnostic,True,unavailable
confirmation_30_PAR,151.068286419,accepted,available_host_diagnostic,True,unavailable
confirmation_30_PAR,153.583286418,accepted,available_host_diagnostic,True,unavailable
confirmation_30_PAR,156.138286419,accepted,available_host_diagnostic,True,unavailable
confirmation_30_PAR,158.718286419,accepted,available_host_diagnostic,True,unavailable
confirmation_30_PAR,161.203286418,accepted,available_host_diagnostic,True,unavailable
confirmation_30_PAR,163.733286418,accepted,available_host_diagnostic,True,unavailable
confirmation_30_PAR,166.248286419,accepted,available_host_diagnostic,True,unavailable
confirmation_30_PAR,169.263286419,accepted,available_host_diagnostic,True,unavailable
confirmation_30_PAR,171.603286418,accepted,available_host_diagnostic,True,unavailable
confirmation_30_PAR,173.943286418,accepted,available_host_diagnostic,True,unavailable
confirmation_30_PAR,176.538286419,accepted,available_host_diagnostic,True,unavailable
confirmation_30_PAR,179.003286419,accepted,available_host_diagnostic,True,unavailable
confirmation_30_CPU,-28.749688998,accepted,available_host_diagnostic,True,unavailable
confirmation_30_CPU,-26.184688999,accepted,available_host_diagnostic,True,unavailable
confirmation_30_CPU,-23.759688998,accepted,available_host_diagnostic,True,unavailable
confirmation_30_CPU,-21.284688998,accepted,available_host_diagnostic,True,unavailable
confirmation_30_CPU,-18.834688999,accepted,available_host_diagnostic,True,unavailable
confirmation_30_CPU,-16.279688998,accepted,available_host_diagnostic,True,unavailable
confirmation_30_CPU,-13.709688998,accepted,available_host_diagnostic,True,unavailable
confirmation_30_CPU,-10.729688999,accepted,available_host_diagnostic,True,unavailable
confirmation_30_CPU,-8.064688999,accepted,available_host_diagnostic,True,unavailable
confirmation_30_CPU,-5.509688998,accepted,available_host_diagnostic,True,unavailable
confirmation_30_CPU,-3.019688998,accepted,available_host_diagnostic,True,unavailable
confirmation_30_CPU,-0.599688999,accepted,available_host_diagnostic,True,unavailable
confirmation_30_CPU,1.970311002,accepted,available_host_diagnostic,True,unavailable
confirmation_30_CPU,4.650311002,accepted,available_host_diagnostic,True,unavailable
confirmation_30_CPU,7.155311001,accepted,available_host_diagnostic,True,unavailable
confirmation_30_CPU,9.990311002,accepted,available_host_diagnostic,True,unavailable
confirmation_30_CPU,12.585311001,accepted,available_host_diagnostic,True,unavailable
confirmation_30_CPU,15.190311001,accepted,available_host_diagnostic,True,unavailable
confirmation_30_CPU,17.635311002,accepted,available_host_diagnostic,True,unavailable
confirmation_30_CPU,20.495311002,accepted,available_host_diagnostic,True,unavailable
confirmation_30_CPU,22.995311002,accepted,available_host_diagnostic,True,unavailable
confirmation_30_CPU,25.520311001,accepted,available_host_diagnostic,True,unavailable
confirmation_30_CPU,28.045311001,accepted,available_host_diagnostic,True,unavailable
confirmation_30_CPU,30.960311002,accepted,available_host_diagnostic,True,unavailable
confirmation_30_CPU,33.535311001,accepted,available_host_diagnostic,True,unavailable
confirmation_30_CPU,36.125311001,accepted,available_host_diagnostic,True,unavailable
confirmation_30_CPU,38.605311002,accepted,available_host_diagnostic,True,unavailable
confirmation_30_CPU,41.345311002,accepted,available_host_diagnostic,True,unavailable
confirmation_30_CPU,43.790311002,accepted,available_host_diagnostic,True,unavailable
confirmation_30_CPU,46.300311002,accepted,available_host_diagnostic,True,unavailable
confirmation_30_CPU,48.715311001,accepted,available_host_diagnostic,True,unavailable
confirmation_30_CPU,51.200311001,accepted,available_host_diagnostic,True,unavailable
confirmation_30_CPU,53.645311001,accepted,available_host_diagnostic,True,unavailable
confirmation_30_CPU,56.105311002,accepted,available_host_diagnostic,True,unavailable
confirmation_30_CPU,58.530311002,accepted,available_host_diagnostic,True,unavailable
confirmation_30_CPU,61.020311001,accepted,available_host_diagnostic,True,unavailable
confirmation_30_CPU,63.575311001,accepted,available_host_diagnostic,True,unavailable
confirmation_30_CPU,66.050311001,accepted,available_host_diagnostic,True,unavailable
confirmation_30_CPU,68.605311002,accepted,available_host_diagnostic,True,unavailable
confirmation_30_CPU,71.100311002,accepted,available_host_diagnostic,True,unavailable
confirmation_30_CPU,73.630311002,accepted,available_host_diagnostic,True,unavailable
confirmation_30_CPU,76.205311002,accepted,available_host_diagnostic,True,unavailable
confirmation_30_CPU,78.660311001,accepted,available_host_diagnostic,True,unavailable
confirmation_30_CPU,81.225311002,accepted,available_host_diagnostic,True,unavailable
confirmation_30_CPU,83.755311001,accepted,available_host_diagnostic,True,unavailable
confirmation_30_CPU,86.220311002,accepted,available_host_diagnostic,True,unavailable
confirmation_30_CPU,88.735311002,accepted,available_host_diagnostic,True,unavailable
confirmation_30_CPU,91.220311002,accepted,available_host_diagnostic,True,unavailable
confirmation_30_CPU,93.860311002,accepted,available_host_diagnostic,True,unavailable
confirmation_30_CPU,96.415311001,accepted,available_host_diagnostic,True,unavailable
confirmation_30_CPU,99.035311001,accepted,available_host_diagnostic,True,unavailable
confirmation_30_CPU,101.615311002,accepted,available_host_diagnostic,True,unavailable
confirmation_30_CPU,104.275311001,accepted,available_host_diagnostic,True,unavailable
confirmation_30_CPU,106.840311002,accepted,available_host_diagnostic,True,unavailable
confirmation_30_CPU,109.370311002,accepted,available_host_diagnostic,True,unavailable
confirmation_30_CPU,111.955311002,accepted,available_host_diagnostic,True,unavailable
confirmation_30_CPU,114.845311002,accepted,available_host_diagnostic,True,unavailable
confirmation_30_CPU,117.465311002,accepted,available_host_diagnostic,True,unavailable
confirmation_30_CPU,120.095311001,accepted,available_host_diagnostic,True,unavailable
confirmation_30_CPU,122.670311002,accepted,available_host_diagnostic,True,unavailable
confirmation_30_CPU,125.235311002,accepted,available_host_diagnostic,True,unavailable
confirmation_30_CPU,127.720311002,accepted,available_host_diagnostic,True,unavailable
confirmation_30_CPU,130.280311001,accepted,available_host_diagnostic,True,unavailable
confirmation_30_CPU,132.840311002,accepted,available_host_diagnostic,True,unavailable
confirmation_30_CPU,135.715311002,accepted,available_host_diagnostic,True,unavailable
confirmation_30_CPU,138.375311002,accepted,available_host_diagnostic,True,unavailable
confirmation_30_CPU,140.790311002,accepted,available_host_diagnostic,True,unavailable
confirmation_30_CPU,143.375311002,accepted,available_host_diagnostic,True,unavailable
confirmation_30_CPU,146.020311001,accepted,available_host_diagnostic,True,unavailable
confirmation_30_CPU,148.565311002,accepted,available_host_diagnostic,True,unavailable
confirmation_30_CPU,151.140311001,accepted,available_host_diagnostic,True,unavailable
confirmation_30_CPU,153.620311002,accepted,available_host_diagnostic,True,unavailable
confirmation_30_CPU,156.580311002,accepted,available_host_diagnostic,True,unavailable
confirmation_30_CPU,158.920311001,accepted,available_host_diagnostic,True,unavailable
confirmation_30_CPU,161.265311001,accepted,available_host_diagnostic,True,unavailable
confirmation_30_CPU,163.850311002,accepted,available_host_diagnostic,True,unavailable
confirmation_30_CPU,166.500311001,accepted,available_host_diagnostic,True,unavailable
confirmation_30_CPU,169.390311001,accepted,available_host_diagnostic,True,unavailable
confirmation_30_CPU,172.390311002,accepted,available_host_diagnostic,True,unavailable
confirmation_30_CPU,175.740311002,accepted,available_host_diagnostic,True,unavailable
confirmation_30_CPU,178.280311001,accepted,available_host_diagnostic,True,unavailable
confirmation_30_C0,-27.664125107,accepted,available_host_diagnostic,True,unavailable
confirmation_30_C0,-25.114125106,accepted,available_host_diagnostic,True,unavailable
confirmation_30_C0,-22.514125107,accepted,available_host_diagnostic,True,unavailable
confirmation_30_C0,-19.474125106,accepted,available_host_diagnostic,True,unavailable
confirmation_30_C0,-17.009125107,accepted,available_host_diagnostic,True,unavailable
confirmation_30_C0,-14.459125106,accepted,available_host_diagnostic,True,unavailable
confirmation_30_C0,-11.964125106,accepted,available_host_diagnostic,True,unavailable
confirmation_30_C0,-9.129125107,accepted,available_host_diagnostic,True,unavailable
confirmation_30_C0,-6.474125106,accepted,available_host_diagnostic,True,unavailable
confirmation_30_C0,-3.879125106,accepted,available_host_diagnostic,True,unavailable
confirmation_30_C0,-1.379125107,accepted,available_host_diagnostic,True,unavailable
confirmation_30_C0,1.100874893,accepted,available_host_diagnostic,True,unavailable
confirmation_30_C0,3.570874894,accepted,available_host_diagnostic,True,unavailable
confirmation_30_C0,6.195874893,accepted,available_host_diagnostic,True,unavailable
confirmation_30_C0,8.800874894,accepted,available_host_diagnostic,True,unavailable
confirmation_30_C0,11.895874894,accepted,available_host_diagnostic,True,unavailable
confirmation_30_C0,14.535874894,accepted,available_host_diagnostic,True,unavailable
confirmation_30_C0,17.115874893,accepted,available_host_diagnostic,True,unavailable
confirmation_30_C0,19.715874893,accepted,available_host_diagnostic,True,unavailable
confirmation_30_C0,22.410874894,accepted,available_host_diagnostic,True,unavailable
confirmation_30_C0,24.910874894,accepted,available_host_diagnostic,True,unavailable
confirmation_30_C0,27.545874894,accepted,available_host_diagnostic,True,unavailable
confirmation_30_C0,30.180874894,accepted,available_host_diagnostic,True,unavailable
confirmation_30_C0,32.640874893,accepted,available_host_diagnostic,True,unavailable
confirmation_30_C0,37.580874893,accepted,available_host_diagnostic,True,unavailable
confirmation_30_C0,40.105874893,accepted,available_host_diagnostic,True,unavailable
confirmation_30_C0,42.590874893,accepted,available_host_diagnostic,True,unavailable
confirmation_30_C0,45.145874894,accepted,available_host_diagnostic,True,unavailable
confirmation_30_C0,47.580874893,accepted,available_host_diagnostic,True,unavailable
confirmation_30_C0,50.055874894,accepted,available_host_diagnostic,True,unavailable
confirmation_30_C0,52.590874894,accepted,available_host_diagnostic,True,unavailable
confirmation_30_C0,55.175874894,accepted,available_host_diagnostic,True,unavailable
confirmation_30_C0,57.645874894,accepted,available_host_diagnostic,True,unavailable
confirmation_30_C0,60.115874893,accepted,available_host_diagnostic,True,unavailable
confirmation_30_C0,62.665874894,accepted,available_host_diagnostic,True,unavailable
confirmation_30_C0,65.285874894,accepted,available_host_diagnostic,True,unavailable
confirmation_30_C0,67.780874894,accepted,available_host_diagnostic,True,unavailable
confirmation_30_C0,70.325874893,accepted,available_host_diagnostic,True,unavailable
confirmation_30_C0,72.805874894,accepted,available_host_diagnostic,True,unavailable
confirmation_30_C0,75.265874894,accepted,available_host_diagnostic,True,unavailable
confirmation_30_C0,77.820874894,accepted,available_host_diagnostic,True,unavailable
confirmation_30_C0,80.380874894,accepted,available_host_diagnostic,True,unavailable
confirmation_30_C0,82.865874893,accepted,available_host_diagnostic,True,unavailable
confirmation_30_C0,85.490874893,accepted,available_host_diagnostic,True,unavailable
confirmation_30_C0,88.030874894,accepted,available_host_diagnostic,True,unavailable
confirmation_30_C0,90.625874894,accepted,available_host_diagnostic,True,unavailable
confirmation_30_C0,93.150874894,accepted,available_host_diagnostic,True,unavailable
confirmation_30_C0,95.645874894,accepted,available_host_diagnostic,True,unavailable
confirmation_30_C0,98.185874894,accepted,available_host_diagnostic,True,unavailable
confirmation_30_C0,100.750874893,accepted,available_host_diagnostic,True,unavailable
confirmation_30_C0,103.290874894,accepted,available_host_diagnostic,True,unavailable
confirmation_30_C0,106.265874894,accepted,available_host_diagnostic,True,unavailable
confirmation_30_C0,108.830874893,accepted,available_host_diagnostic,True,unavailable
confirmation_30_C0,111.410874894,accepted,available_host_diagnostic,True,unavailable
confirmation_30_C0,113.985874893,accepted,available_host_diagnostic,True,unavailable
confirmation_30_C0,116.540874894,accepted,available_host_diagnostic,True,unavailable
confirmation_30_C0,119.190874894,accepted,available_host_diagnostic,True,unavailable
confirmation_30_C0,121.615874893,accepted,available_host_diagnostic,True,unavailable
confirmation_30_C0,124.190874894,accepted,available_host_diagnostic,True,unavailable
confirmation_30_C0,127.055874894,accepted,available_host_diagnostic,True,unavailable
confirmation_30_C0,129.525874894,accepted,available_host_diagnostic,True,unavailable
confirmation_30_C0,132.070874893,accepted,available_host_diagnostic,True,unavailable
confirmation_30_C0,134.525874894,accepted,available_host_diagnostic,True,unavailable
confirmation_30_C0,137.350874893,accepted,available_host_diagnostic,True,unavailable
confirmation_30_C0,139.865874893,accepted,available_host_diagnostic,True,unavailable
confirmation_30_C0,142.355874893,accepted,available_host_diagnostic,True,unavailable
confirmation_30_C0,144.865874893,accepted,available_host_diagnostic,True,unavailable
confirmation_30_C0,147.430874894,accepted,available_host_diagnostic,True,unavailable
confirmation_30_C0,149.885874894,accepted,available_host_diagnostic,True,unavailable
confirmation_30_C0,152.335874893,accepted,available_host_diagnostic,True,unavailable
confirmation_30_C0,154.895874894,accepted,available_host_diagnostic,True,unavailable
confirmation_30_C0,157.370874893,accepted,available_host_diagnostic,True,unavailable
confirmation_30_C0,159.905874894,accepted,available_host_diagnostic,True,unavailable
confirmation_30_C0,162.420874894,accepted,available_host_diagnostic,True,unavailable
confirmation_30_C0,164.950874893,accepted,available_host_diagnostic,True,unavailable
confirmation_30_C0,167.450874894,accepted,available_host_diagnostic,True,unavailable
confirmation_30_C0,169.810874894,accepted,available_host_diagnostic,True,unavailable
confirmation_30_C0,172.315874893,accepted,available_host_diagnostic,True,unavailable
confirmation_30_C0,174.780874894,accepted,available_host_diagnostic,True,unavailable
confirmation_30_C0,177.260874894,accepted,available_host_diagnostic,True,unavailable
confirmation_30_C0,179.810874894,accepted,available_host_diagnostic,True,unavailable
sustained_0,-30.474453446,accepted,available_host_diagnostic,True,unavailable
sustained_0,-28.004453446,accepted,available_host_diagnostic,True,unavailable
sustained_0,-25.324453446,accepted,available_host_diagnostic,True,unavailable
sustained_0,-22.659453446,accepted,available_host_diagnostic,True,unavailable
sustained_0,-19.974453446,accepted,available_host_diagnostic,True,unavailable
sustained_0,-17.409453446,accepted,available_host_diagnostic,True,unavailable
sustained_0,-14.854453446,accepted,available_host_diagnostic,True,unavailable
sustained_0,-12.304453446,accepted,available_host_diagnostic,True,unavailable
sustained_0,-9.734453446,accepted,available_host_diagnostic,True,unavailable
sustained_0,-7.264453446,accepted,available_host_diagnostic,True,unavailable
sustained_0,-4.609453446,accepted,available_host_diagnostic,True,unavailable
sustained_0,-1.999453446,accepted,available_host_diagnostic,True,unavailable
sustained_0,-0.294453446,accepted,available_host_diagnostic,True,unavailable
sustained_0,2.600546554,accepted,available_host_diagnostic,True,unavailable
sustained_0,5.210546554,accepted,available_host_diagnostic,True,unavailable
sustained_0,7.770546554,accepted,available_host_diagnostic,True,unavailable
sustained_0,10.470546554,accepted,available_host_diagnostic,True,unavailable
sustained_0,12.925546554,accepted,available_host_diagnostic,True,unavailable
sustained_0,15.480546554,accepted,available_host_diagnostic,True,unavailable
sustained_0,18.025546554,accepted,available_host_diagnostic,True,unavailable
sustained_0,20.650546554,accepted,available_host_diagnostic,True,unavailable
sustained_0,23.430546554,accepted,available_host_diagnostic,True,unavailable
sustained_0,25.995546554,accepted,available_host_diagnostic,True,unavailable
sustained_0,28.555546554,accepted,available_host_diagnostic,True,unavailable
sustained_0,31.205546554,accepted,available_host_diagnostic,True,unavailable
sustained_0,33.995546554,accepted,available_host_diagnostic,True,unavailable
sustained_0,36.615546554,accepted,available_host_diagnostic,True,unavailable
sustained_0,39.185546554,accepted,available_host_diagnostic,True,unavailable
sustained_0,41.760546554,accepted,available_host_diagnostic,True,unavailable
sustained_0,44.500546554,accepted,available_host_diagnostic,True,unavailable
sustained_0,47.050546554,accepted,available_host_diagnostic,True,unavailable
sustained_0,49.620546554,accepted,available_host_diagnostic,True,unavailable
sustained_0,52.200546554,accepted,available_host_diagnostic,True,unavailable
sustained_0,54.990546554,accepted,available_host_diagnostic,True,unavailable
sustained_0,57.510546554,accepted,available_host_diagnostic,True,unavailable
sustained_0,60.105546554,accepted,available_host_diagnostic,True,unavailable
sustained_0,62.675546554,accepted,available_host_diagnostic,True,unavailable
sustained_0,65.570546554,accepted,available_host_diagnostic,True,unavailable
sustained_0,68.165546554,accepted,available_host_diagnostic,True,unavailable
sustained_0,70.715546554,accepted,available_host_diagnostic,True,unavailable
sustained_0,73.290546554,accepted,available_host_diagnostic,True,unavailable
sustained_0,76.110546554,accepted,available_host_diagnostic,True,unavailable
sustained_0,78.760546554,accepted,available_host_diagnostic,True,unavailable
sustained_0,81.260546554,accepted,available_host_diagnostic,True,unavailable
sustained_0,83.840546554,accepted,available_host_diagnostic,True,unavailable
sustained_0,86.665546554,accepted,available_host_diagnostic,True,unavailable
sustained_0,89.325546554,accepted,available_host_diagnostic,True,unavailable
sustained_0,91.975546554,accepted,available_host_diagnostic,True,unavailable
sustained_0,94.635546554,accepted,available_host_diagnostic,True,unavailable
sustained_0,97.020546554,accepted,available_host_diagnostic,True,unavailable
sustained_0,99.630546554,accepted,available_host_diagnostic,True,unavailable
sustained_0,102.295546554,accepted,available_host_diagnostic,True,unavailable
sustained_0,104.890546554,accepted,available_host_diagnostic,True,unavailable
sustained_0,107.365546554,accepted,available_host_diagnostic,True,unavailable
sustained_0,109.975546554,accepted,available_host_diagnostic,True,unavailable
sustained_0,112.705546554,accepted,available_host_diagnostic,True,unavailable
sustained_0,115.410546554,accepted,available_host_diagnostic,True,unavailable
sustained_0,117.910546554,accepted,available_host_diagnostic,True,unavailable
sustained_0,120.625546554,accepted,available_host_diagnostic,True,unavailable
sustained_0,123.320546554,accepted,available_host_diagnostic,True,unavailable
sustained_0,126.015546554,accepted,available_host_diagnostic,True,unavailable
sustained_0,128.610546554,accepted,available_host_diagnostic,True,unavailable
sustained_0,131.260546554,accepted,available_host_diagnostic,True,unavailable
sustained_0,133.615546554,accepted,available_host_diagnostic,True,unavailable
sustained_0,136.335546554,accepted,available_host_diagnostic,True,unavailable
sustained_0,138.895546554,accepted,available_host_diagnostic,True,unavailable
sustained_0,141.590546554,accepted,available_host_diagnostic,True,unavailable
sustained_0,144.235546554,accepted,available_host_diagnostic,True,unavailable
sustained_0,146.900546554,accepted,available_host_diagnostic,True,unavailable
sustained_0,149.405546554,accepted,available_host_diagnostic,True,unavailable
sustained_0,152.105546554,accepted,available_host_diagnostic,True,unavailable
sustained_0,154.810546554,accepted,available_host_diagnostic,True,unavailable
sustained_0,157.280546554,accepted,available_host_diagnostic,True,unavailable
sustained_0,159.920546554,accepted,available_host_diagnostic,True,unavailable
sustained_0,162.280546554,accepted,available_host_diagnostic,True,unavailable
sustained_0,165.010546554,accepted,available_host_diagnostic,True,unavailable
sustained_0,167.680546554,accepted,available_host_diagnostic,True,unavailable
sustained_0,170.235546554,accepted,available_host_diagnostic,True,unavailable
sustained_0,172.945546554,accepted,available_host_diagnostic,True,unavailable
sustained_0,175.590546554,accepted,available_host_diagnostic,True,unavailable
sustained_0,178.245546554,accepted,available_host_diagnostic,True,unavailable
sustained_1,-30.075323004,accepted,available_host_diagnostic,True,unavailable
sustained_1,-27.700323004,accepted,available_host_diagnostic,True,unavailable
sustained_1,-25.140323004,accepted,available_host_diagnostic,True,unavailable
sustained_1,-22.550323004,accepted,available_host_diagnostic,True,unavailable
sustained_1,-19.945323004,accepted,available_host_diagnostic,True,unavailable
sustained_1,-17.450323004,accepted,available_host_diagnostic,True,unavailable
sustained_1,-14.865323004,accepted,available_host_diagnostic,True,unavailable
sustained_1,-12.265323004,accepted,available_host_diagnostic,True,unavailable
sustained_1,-9.645323004,accepted,available_host_diagnostic,True,unavailable
sustained_1,-7.200323004,accepted,available_host_diagnostic,True,unavailable
sustained_1,-4.620323004,accepted,available_host_diagnostic,True,unavailable
sustained_1,-2.015323004,accepted,available_host_diagnostic,True,unavailable
sustained_1,-0.285323004,accepted,available_host_diagnostic,True,unavailable
sustained_1,2.589676996,accepted,available_host_diagnostic,True,unavailable
sustained_1,5.194676996,accepted,available_host_diagnostic,True,unavailable
sustained_1,7.764676996,accepted,available_host_diagnostic,True,unavailable
sustained_1,10.404676996,accepted,available_host_diagnostic,True,unavailable
sustained_1,13.214676996,accepted,available_host_diagnostic,True,unavailable
sustained_1,15.844676996,accepted,available_host_diagnostic,True,unavailable
sustained_1,18.404676996,accepted,available_host_diagnostic,True,unavailable
sustained_1,20.954676996,accepted,available_host_diagnostic,True,unavailable
sustained_1,23.774676996,accepted,available_host_diagnostic,True,unavailable
sustained_1,26.379676996,accepted,available_host_diagnostic,True,unavailable
sustained_1,28.959676996,accepted,available_host_diagnostic,True,unavailable
sustained_1,31.404676996,accepted,available_host_diagnostic,True,unavailable
sustained_1,34.179676996,accepted,available_host_diagnostic,True,unavailable
sustained_1,36.769676996,accepted,available_host_diagnostic,True,unavailable
sustained_1,39.384676996,accepted,available_host_diagnostic,True,unavailable
sustained_1,41.929676996,accepted,available_host_diagnostic,True,unavailable
sustained_1,44.739676996,accepted,available_host_diagnostic,True,unavailable
sustained_1,47.359676996,accepted,available_host_diagnostic,True,unavailable
sustained_1,49.934676996,accepted,available_host_diagnostic,True,unavailable
sustained_1,52.469676996,accepted,available_host_diagnostic,True,unavailable
sustained_1,55.299676996,accepted,available_host_diagnostic,True,unavailable
sustained_1,57.854676996,accepted,available_host_diagnostic,True,unavailable
sustained_1,60.404676996,accepted,available_host_diagnostic,True,unavailable
sustained_1,62.944676996,accepted,available_host_diagnostic,True,unavailable
sustained_1,65.909676996,accepted,available_host_diagnostic,True,unavailable
sustained_1,68.469676996,accepted,available_host_diagnostic,True,unavailable
sustained_1,71.049676996,accepted,available_host_diagnostic,True,unavailable
sustained_1,73.729676996,accepted,available_host_diagnostic,True,unavailable
sustained_1,76.364676996,accepted,available_host_diagnostic,True,unavailable
sustained_1,79.019676996,accepted,available_host_diagnostic,True,unavailable
sustained_1,81.804676996,accepted,available_host_diagnostic,True,unavailable
sustained_1,84.379676996,accepted,available_host_diagnostic,True,unavailable
sustained_1,86.754676996,accepted,available_host_diagnostic,True,unavailable
sustained_1,89.324676996,accepted,available_host_diagnostic,True,unavailable
sustained_1,91.904676996,accepted,available_host_diagnostic,True,unavailable
sustained_1,94.219676996,accepted,available_host_diagnostic,True,unavailable
sustained_1,97.039676996,accepted,available_host_diagnostic,True,unavailable
sustained_1,99.629676996,accepted,available_host_diagnostic,True,unavailable
sustained_1,102.274676996,accepted,available_host_diagnostic,True,unavailable
sustained_1,104.899676996,accepted,available_host_diagnostic,True,unavailable
sustained_1,107.324676996,accepted,available_host_diagnostic,True,unavailable
sustained_1,109.914676996,accepted,available_host_diagnostic,True,unavailable
sustained_1,112.519676996,accepted,available_host_diagnostic,True,unavailable
sustained_1,115.149676996,accepted,available_host_diagnostic,True,unavailable
sustained_1,118.024676996,accepted,available_host_diagnostic,True,unavailable
sustained_1,120.634676996,accepted,available_host_diagnostic,True,unavailable
sustained_1,123.324676996,accepted,available_host_diagnostic,True,unavailable
sustained_1,126.009676996,accepted,available_host_diagnostic,True,unavailable
sustained_1,128.504676996,accepted,available_host_diagnostic,True,unavailable
sustained_1,131.149676996,accepted,available_host_diagnostic,True,unavailable
sustained_1,133.814676996,accepted,available_host_diagnostic,True,unavailable
sustained_1,136.419676996,accepted,available_host_diagnostic,True,unavailable
sustained_1,138.899676996,accepted,available_host_diagnostic,True,unavailable
sustained_1,141.559676996,accepted,available_host_diagnostic,True,unavailable
sustained_1,144.139676996,accepted,available_host_diagnostic,True,unavailable
sustained_1,146.694676996,accepted,available_host_diagnostic,True,unavailable
sustained_1,149.189676996,accepted,available_host_diagnostic,True,unavailable
sustained_1,151.539676996,accepted,available_host_diagnostic,True,unavailable
sustained_1,154.109676996,accepted,available_host_diagnostic,True,unavailable
sustained_1,156.479676996,accepted,available_host_diagnostic,True,unavailable
sustained_1,159.239676996,accepted,available_host_diagnostic,True,unavailable
sustained_1,161.799676996,accepted,available_host_diagnostic,True,unavailable
sustained_1,164.534676996,accepted,available_host_diagnostic,True,unavailable
sustained_1,167.199676996,accepted,available_host_diagnostic,True,unavailable
sustained_1,169.844676996,accepted,available_host_diagnostic,True,unavailable
sustained_1,172.479676996,accepted,available_host_diagnostic,True,unavailable
sustained_1,174.919676996,accepted,available_host_diagnostic,True,unavailable
sustained_1,177.664676996,accepted,available_host_diagnostic,True,unavailable
sustained_2,-30.445945792,accepted,available_host_diagnostic,True,unavailable
sustained_2,-28.055945792,accepted,available_host_diagnostic,True,unavailable
sustained_2,-25.500945792,accepted,available_host_diagnostic,True,unavailable
sustained_2,-22.850945792,accepted,available_host_diagnostic,True,unavailable
sustained_2,-20.290945792,accepted,available_host_diagnostic,True,unavailable
sustained_2,-17.810945792,accepted,available_host_diagnostic,True,unavailable
sustained_2,-15.145945792,accepted,available_host_diagnostic,True,unavailable
sustained_2,-12.590945792,accepted,available_host_diagnostic,True,unavailable
sustained_2,-10.045945792,accepted,available_host_diagnostic,True,unavailable
sustained_2,-7.605945792,accepted,available_host_diagnostic,True,unavailable
sustained_2,-5.050945792,accepted,available_host_diagnostic,True,unavailable
sustained_2,-2.465945792,accepted,available_host_diagnostic,True,unavailable
sustained_2,-0.330945792,accepted,available_host_diagnostic,True,unavailable
sustained_2,2.714054208,accepted,available_host_diagnostic,True,unavailable
sustained_2,5.349054208,accepted,available_host_diagnostic,True,unavailable
sustained_2,7.964054208,accepted,available_host_diagnostic,True,unavailable
sustained_2,10.514054208,accepted,available_host_diagnostic,True,unavailable
sustained_2,13.369054208,accepted,available_host_diagnostic,True,unavailable
sustained_2,15.989054208,accepted,available_host_diagnostic,True,unavailable
sustained_2,18.549054208,accepted,available_host_diagnostic,True,unavailable
sustained_2,21.194054208,accepted,available_host_diagnostic,True,unavailable
sustained_2,24.019054208,accepted,available_host_diagnostic,True,unavailable
sustained_2,26.629054208,accepted,available_host_diagnostic,True,unavailable
sustained_2,29.179054208,accepted,available_host_diagnostic,True,unavailable
sustained_2,31.769054208,accepted,available_host_diagnostic,True,unavailable
sustained_2,34.604054208,accepted,available_host_diagnostic,True,unavailable
sustained_2,37.209054208,accepted,available_host_diagnostic,True,unavailable
sustained_2,39.819054208,accepted,available_host_diagnostic,True,unavailable
sustained_2,42.389054208,accepted,available_host_diagnostic,True,unavailable
sustained_2,45.229054208,accepted,available_host_diagnostic,True,unavailable
sustained_2,47.829054208,accepted,available_host_diagnostic,True,unavailable
sustained_2,50.364054208,accepted,available_host_diagnostic,True,unavailable
sustained_2,52.984054208,accepted,available_host_diagnostic,True,unavailable
sustained_2,55.584054208,accepted,available_host_diagnostic,True,unavailable
sustained_2,58.254054208,accepted,available_host_diagnostic,True,unavailable
sustained_2,60.924054208,accepted,available_host_diagnostic,True,unavailable
sustained_2,63.479054208,accepted,available_host_diagnostic,True,unavailable
sustained_2,66.029054208,accepted,available_host_diagnostic,True,unavailable
sustained_2,68.574054208,accepted,available_host_diagnostic,True,unavailable
sustained_2,71.224054208,accepted,available_host_diagnostic,True,unavailable
sustained_2,73.859054208,accepted,available_host_diagnostic,True,unavailable
sustained_2,76.354054208,accepted,available_host_diagnostic,True,unavailable
sustained_2,78.994054208,accepted,available_host_diagnostic,True,unavailable
sustained_2,83.429054208,accepted,available_host_diagnostic,True,unavailable
sustained_2,86.084054208,accepted,available_host_diagnostic,True,unavailable
sustained_2,88.604054208,accepted,available_host_diagnostic,True,unavailable
sustained_2,91.309054208,accepted,available_host_diagnostic,True,unavailable
sustained_2,93.894054208,accepted,available_host_diagnostic,True,unavailable
sustained_2,96.459054208,accepted,available_host_diagnostic,True,unavailable
sustained_2,99.114054208,accepted,available_host_diagnostic,True,unavailable
sustained_2,101.694054208,accepted,available_host_diagnostic,True,unavailable
sustained_2,104.409054208,accepted,available_host_diagnostic,True,unavailable
sustained_2,107.059054208,accepted,available_host_diagnostic,True,unavailable
sustained_2,109.589054208,accepted,available_host_diagnostic,True,unavailable
sustained_2,112.219054208,accepted,available_host_diagnostic,True,unavailable
sustained_2,114.869054208,accepted,available_host_diagnostic,True,unavailable
sustained_2,117.489054208,accepted,available_host_diagnostic,True,unavailable
sustained_2,120.209054208,accepted,available_host_diagnostic,True,unavailable
sustained_2,123.074054208,accepted,available_host_diagnostic,True,unavailable
sustained_2,126.279054208,accepted,available_host_diagnostic,True,unavailable
sustained_2,129.579054208,accepted,available_host_diagnostic,True,unavailable
sustained_2,132.279054208,accepted,available_host_diagnostic,True,unavailable
sustained_2,134.954054208,accepted,available_host_diagnostic,True,unavailable
sustained_2,137.579054208,accepted,available_host_diagnostic,True,unavailable
sustained_2,140.089054208,accepted,available_host_diagnostic,True,unavailable
sustained_2,142.754054208,accepted,available_host_diagnostic,True,unavailable
sustained_2,145.454054208,accepted,available_host_diagnostic,True,unavailable
sustained_2,148.119054208,accepted,available_host_diagnostic,True,unavailable
sustained_2,150.609054208,accepted,available_host_diagnostic,True,unavailable
sustained_2,153.364054208,accepted,available_host_diagnostic,True,unavailable
sustained_2,155.819054208,accepted,available_host_diagnostic,True,unavailable
sustained_2,158.489054208,accepted,available_host_diagnostic,True,unavailable
sustained_2,160.964054208,accepted,available_host_diagnostic,True,unavailable
sustained_2,163.589054208,accepted,available_host_diagnostic,True,unavailable
sustained_2,166.279054208,accepted,available_host_diagnostic,True,unavailable
sustained_2,168.979054208,accepted,available_host_diagnostic,True,unavailable
sustained_2,171.489054208,accepted,available_host_diagnostic,True,unavailable
sustained_2,174.144054208,accepted,available_host_diagnostic,True,unavailable
sustained_2,176.819054208,accepted,available_host_diagnostic,True,unavailable
sustained_2,179.504054208,accepted,available_host_diagnostic,True,unavailable
sustained_3,-30.858526197,accepted,available_host_diagnostic,True,unavailable
sustained_3,-28.393526197,accepted,available_host_diagnostic,True,unavailable
sustained_3,-25.898526197,accepted,available_host_diagnostic,True,unavailable
sustained_3,-23.348526197,accepted,available_host_diagnostic,True,unavailable
sustained_3,-20.748526197,accepted,available_host_diagnostic,True,unavailable
sustained_3,-18.373526197,accepted,available_host_diagnostic,True,unavailable
sustained_3,-15.838526197,accepted,available_host_diagnostic,True,unavailable
sustained_3,-13.278526197,accepted,available_host_diagnostic,True,unavailable
sustained_3,-10.748526197,accepted,available_host_diagnostic,True,unavailable
sustained_3,-8.383526197,accepted,available_host_diagnostic,True,unavailable
sustained_3,-5.893526197,accepted,available_host_diagnostic,True,unavailable
sustained_3,-3.303526197,accepted,available_host_diagnostic,True,unavailable
sustained_3,-0.828526197,accepted,available_host_diagnostic,True,unavailable
sustained_3,-0.293526197,accepted,available_host_diagnostic,True,unavailable
sustained_3,2.221473803,accepted,available_host_diagnostic,True,unavailable
sustained_3,4.716473803,accepted,available_host_diagnostic,True,unavailable
sustained_3,7.326473803,accepted,available_host_diagnostic,True,unavailable
sustained_3,9.916473803,accepted,available_host_diagnostic,True,unavailable
sustained_3,12.311473803,accepted,available_host_diagnostic,True,unavailable
sustained_3,14.896473803,accepted,available_host_diagnostic,True,unavailable
sustained_3,17.456473803,accepted,available_host_diagnostic,True,unavailable
sustained_3,19.991473803,accepted,available_host_diagnostic,True,unavailable
sustained_3,22.761473803,accepted,available_host_diagnostic,True,unavailable
sustained_3,25.326473803,accepted,available_host_diagnostic,True,unavailable
sustained_3,27.871473803,accepted,available_host_diagnostic,True,unavailable
sustained_3,30.451473803,accepted,available_host_diagnostic,True,unavailable
sustained_3,33.241473803,accepted,available_host_diagnostic,True,unavailable
sustained_3,35.866473803,accepted,available_host_diagnostic,True,unavailable
sustained_3,38.426473803,accepted,available_host_diagnostic,True,unavailable
sustained_3,41.131473803,accepted,available_host_diagnostic,True,unavailable
sustained_3,43.871473803,accepted,available_host_diagnostic,True,unavailable
sustained_3,46.401473803,accepted,available_host_diagnostic,True,unavailable
sustained_3,49.021473803,accepted,available_host_diagnostic,True,unavailable
sustained_3,51.666473803,accepted,available_host_diagnostic,True,unavailable
sustained_3,54.631473803,accepted,available_host_diagnostic,True,unavailable
sustained_3,57.236473803,accepted,available_host_diagnostic,True,unavailable
sustained_3,59.676473803,accepted,available_host_diagnostic,True,unavailable
sustained_3,62.031473803,accepted,available_host_diagnostic,True,unavailable
sustained_3,64.866473803,accepted,available_host_diagnostic,True,unavailable
sustained_3,67.566473803,accepted,available_host_diagnostic,True,unavailable
sustained_3,70.391473803,accepted,available_host_diagnostic,True,unavailable
sustained_3,73.071473803,accepted,available_host_diagnostic,True,unavailable
sustained_3,75.856473803,accepted,available_host_diagnostic,True,unavailable
sustained_3,78.526473803,accepted,available_host_diagnostic,True,unavailable
sustained_3,81.156473803,accepted,available_host_diagnostic,True,unavailable
sustained_3,83.691473803,accepted,available_host_diagnostic,True,unavailable
sustained_3,86.061473803,accepted,available_host_diagnostic,True,unavailable
sustained_3,88.591473803,accepted,available_host_diagnostic,True,unavailable
sustained_3,91.156473803,accepted,available_host_diagnostic,True,unavailable
sustained_3,93.841473803,accepted,available_host_diagnostic,True,unavailable
sustained_3,96.266473803,accepted,available_host_diagnostic,True,unavailable
sustained_3,98.756473803,accepted,available_host_diagnostic,True,unavailable
sustained_3,101.286473803,accepted,available_host_diagnostic,True,unavailable
sustained_3,103.906473803,accepted,available_host_diagnostic,True,unavailable
sustained_3,106.876473803,accepted,available_host_diagnostic,True,unavailable
sustained_3,109.436473803,accepted,available_host_diagnostic,True,unavailable
sustained_3,111.991473803,accepted,available_host_diagnostic,True,unavailable
sustained_3,114.696473803,accepted,available_host_diagnostic,True,unavailable
sustained_3,117.266473803,accepted,available_host_diagnostic,True,unavailable
sustained_3,119.961473803,accepted,available_host_diagnostic,True,unavailable
sustained_3,122.716473803,accepted,available_host_diagnostic,True,unavailable
sustained_3,125.076473803,accepted,available_host_diagnostic,True,unavailable
sustained_3,127.526473803,accepted,available_host_diagnostic,True,unavailable
sustained_3,130.096473803,accepted,available_host_diagnostic,True,unavailable
sustained_3,132.886473803,accepted,available_host_diagnostic,True,unavailable
sustained_3,135.521473803,accepted,available_host_diagnostic,True,unavailable
sustained_3,138.091473803,accepted,available_host_diagnostic,True,unavailable
sustained_3,140.736473803,accepted,available_host_diagnostic,True,unavailable
sustained_3,143.356473803,accepted,available_host_diagnostic,True,unavailable
sustained_3,146.081473803,accepted,available_host_diagnostic,True,unavailable
sustained_3,148.551473803,accepted,available_host_diagnostic,True,unavailable
sustained_3,151.271473803,accepted,available_host_diagnostic,True,unavailable
sustained_3,153.966473803,accepted,available_host_diagnostic,True,unavailable
sustained_3,156.541473803,accepted,available_host_diagnostic,True,unavailable
sustained_3,159.186473803,accepted,available_host_diagnostic,True,unavailable
sustained_3,161.826473803,accepted,available_host_diagnostic,True,unavailable
sustained_3,164.471473803,accepted,available_host_diagnostic,True,unavailable
sustained_3,167.156473803,accepted,available_host_diagnostic,True,unavailable
sustained_3,169.611473803,accepted,available_host_diagnostic,True,unavailable
sustained_3,172.301473803,accepted,available_host_diagnostic,True,unavailable
sustained_3,174.946473803,accepted,available_host_diagnostic,True,unavailable
sustained_3,177.606473803,accepted,available_host_diagnostic,True,unavailable
sustained_4,-30.058550447,accepted,available_host_diagnostic,True,unavailable
sustained_4,-27.543550447,accepted,available_host_diagnostic,True,unavailable
sustained_4,-24.993550447,accepted,available_host_diagnostic,True,unavailable
sustained_4,-22.403550447,accepted,available_host_diagnostic,True,unavailable
sustained_4,-19.798550447,accepted,available_host_diagnostic,True,unavailable
sustained_4,-17.368550447,accepted,available_host_diagnostic,True,unavailable
sustained_4,-14.683550447,accepted,available_host_diagnostic,True,unavailable
sustained_4,-12.018550447,accepted,available_host_diagnostic,True,unavailable
sustained_4,-9.423550447,accepted,available_host_diagnostic,True,unavailable
sustained_4,-7.033550447,accepted,available_host_diagnostic,True,unavailable
sustained_4,-4.358550447,accepted,available_host_diagnostic,True,unavailable
sustained_4,-1.743550447,accepted,available_host_diagnostic,True,unavailable
sustained_4,-0.303550447,accepted,available_host_diagnostic,True,unavailable
sustained_4,2.616449553,accepted,available_host_diagnostic,True,unavailable
sustained_4,5.321449553,accepted,available_host_diagnostic,True,unavailable
sustained_4,7.871449553,accepted,available_host_diagnostic,True,unavailable
sustained_4,10.531449553,accepted,available_host_diagnostic,True,unavailable
sustained_4,13.116449553,accepted,available_host_diagnostic,True,unavailable
sustained_4,15.596449553,accepted,available_host_diagnostic,True,unavailable
sustained_4,18.181449553,accepted,available_host_diagnostic,True,unavailable
sustained_4,20.781449553,accepted,available_host_diagnostic,True,unavailable
sustained_4,23.341449553,accepted,available_host_diagnostic,True,unavailable
sustained_4,25.906449553,accepted,available_host_diagnostic,True,unavailable
sustained_4,28.516449553,accepted,available_host_diagnostic,True,unavailable
sustained_4,31.141449553,accepted,available_host_diagnostic,True,unavailable
sustained_4,33.651449553,accepted,available_host_diagnostic,True,unavailable
sustained_4,36.241449553,accepted,available_host_diagnostic,True,unavailable
sustained_4,38.771449553,accepted,available_host_diagnostic,True,unavailable
sustained_4,41.301449553,accepted,available_host_diagnostic,True,unavailable
sustained_4,44.246449553,accepted,available_host_diagnostic,True,unavailable
sustained_4,46.906449553,accepted,available_host_diagnostic,True,unavailable
sustained_4,49.451449553,accepted,available_host_diagnostic,True,unavailable
sustained_4,52.116449553,accepted,available_host_diagnostic,True,unavailable
sustained_4,54.631449553,accepted,available_host_diagnostic,True,unavailable
sustained_4,57.221449553,accepted,available_host_diagnostic,True,unavailable
sustained_4,59.846449553,accepted,available_host_diagnostic,True,unavailable
sustained_4,62.431449553,accepted,available_host_diagnostic,True,unavailable
sustained_4,65.181449553,accepted,available_host_diagnostic,True,unavailable
sustained_4,67.691449553,accepted,available_host_diagnostic,True,unavailable
sustained_4,70.346449553,accepted,available_host_diagnostic,True,unavailable
sustained_4,73.001449553,accepted,available_host_diagnostic,True,unavailable
sustained_4,75.861449553,accepted,available_host_diagnostic,True,unavailable
sustained_4,78.496449553,accepted,available_host_diagnostic,True,unavailable
sustained_4,81.171449553,accepted,available_host_diagnostic,True,unavailable
sustained_4,83.826449553,accepted,available_host_diagnostic,True,unavailable
sustained_4,86.236449553,accepted,available_host_diagnostic,True,unavailable
sustained_4,88.836449553,accepted,available_host_diagnostic,True,unavailable
sustained_4,91.346449553,accepted,available_host_diagnostic,True,unavailable
sustained_4,94.046449553,accepted,available_host_diagnostic,True,unavailable
sustained_4,96.566449553,accepted,available_host_diagnostic,True,unavailable
sustained_4,98.981449553,accepted,available_host_diagnostic,True,unavailable
sustained_4,101.576449553,accepted,available_host_diagnostic,True,unavailable
sustained_4,103.896449553,accepted,available_host_diagnostic,True,unavailable
sustained_4,106.591449553,accepted,available_host_diagnostic,True,unavailable
sustained_4,109.066449553,accepted,available_host_diagnostic,True,unavailable
sustained_4,111.791449553,accepted,available_host_diagnostic,True,unavailable
sustained_4,114.466449553,accepted,available_host_diagnostic,True,unavailable
sustained_4,117.131449553,accepted,available_host_diagnostic,True,unavailable
sustained_4,119.661449553,accepted,available_host_diagnostic,True,unavailable
sustained_4,122.351449553,accepted,available_host_diagnostic,True,unavailable
sustained_4,125.006449553,accepted,available_host_diagnostic,True,unavailable
sustained_4,127.711449553,accepted,available_host_diagnostic,True,unavailable
sustained_4,130.266449553,accepted,available_host_diagnostic,True,unavailable
sustained_4,132.976449553,accepted,available_host_diagnostic,True,unavailable
sustained_4,135.331449553,accepted,available_host_diagnostic,True,unavailable
sustained_4,138.006449553,accepted,available_host_diagnostic,True,unavailable
sustained_4,140.556449553,accepted,available_host_diagnostic,True,unavailable
sustained_4,143.216449553,accepted,available_host_diagnostic,True,unavailable
sustained_4,145.571449553,accepted,available_host_diagnostic,True,unavailable
sustained_4,148.251449553,accepted,available_host_diagnostic,True,unavailable
sustained_4,151.646449553,accepted,available_host_diagnostic,True,unavailable
sustained_4,154.946449553,accepted,available_host_diagnostic,True,unavailable
sustained_4,157.556449553,accepted,available_host_diagnostic,True,unavailable
sustained_4,160.431449553,accepted,available_host_diagnostic,True,unavailable
sustained_4,163.121449553,accepted,available_host_diagnostic,True,unavailable
sustained_4,165.736449553,accepted,available_host_diagnostic,True,unavailable
sustained_4,168.421449553,accepted,available_host_diagnostic,True,unavailable
sustained_4,170.941449553,accepted,available_host_diagnostic,True,unavailable
sustained_4,173.621449553,accepted,available_host_diagnostic,True,unavailable
sustained_4,176.306449553,accepted,available_host_diagnostic,True,unavailable
sustained_4,178.936449553,accepted,available_host_diagnostic,True,unavailable
sustained_5,-30.58330062,accepted,available_host_diagnostic,True,unavailable
sustained_5,-28.12330062,accepted,available_host_diagnostic,True,unavailable
sustained_5,-25.48830062,accepted,available_host_diagnostic,True,unavailable
sustained_5,-22.92830062,accepted,available_host_diagnostic,True,unavailable
sustained_5,-20.33830062,accepted,available_host_diagnostic,True,unavailable
sustained_5,-17.69330062,accepted,available_host_diagnostic,True,unavailable
sustained_5,-15.15330062,accepted,available_host_diagnostic,True,unavailable
sustained_5,-12.61330062,accepted,available_host_diagnostic,True,unavailable
sustained_5,-10.13330062,accepted,available_host_diagnostic,True,unavailable
sustained_5,-7.71330062,accepted,available_host_diagnostic,True,unavailable
sustained_5,-4.99830062,accepted,available_host_diagnostic,True,unavailable
sustained_5,-2.43830062,accepted,available_host_diagnostic,True,unavailable
sustained_5,-0.33830062,accepted,available_host_diagnostic,True,unavailable
sustained_5,2.27669938,accepted,available_host_diagnostic,True,unavailable
sustained_5,4.91669938,accepted,available_host_diagnostic,True,unavailable
sustained_5,7.48669938,accepted,available_host_diagnostic,True,unavailable
sustained_5,10.09669938,accepted,available_host_diagnostic,True,unavailable
sustained_5,12.59169938,accepted,available_host_diagnostic,True,unavailable
sustained_5,15.10169938,accepted,available_host_diagnostic,True,unavailable
sustained_5,17.64669938,accepted,available_host_diagnostic,True,unavailable
sustained_5,20.23169938,accepted,available_host_diagnostic,True,unavailable
sustained_5,22.73669938,accepted,available_host_diagnostic,True,unavailable
sustained_5,25.30169938,accepted,available_host_diagnostic,True,unavailable
sustained_5,27.90669938,accepted,available_host_diagnostic,True,unavailable
sustained_5,30.50169938,accepted,available_host_diagnostic,True,unavailable
sustained_5,33.28669938,accepted,available_host_diagnostic,True,unavailable
sustained_5,35.83669938,accepted,available_host_diagnostic,True,unavailable
sustained_5,38.40669938,accepted,available_host_diagnostic,True,unavailable
sustained_5,41.01169938,accepted,available_host_diagnostic,True,unavailable
sustained_5,43.72169938,accepted,available_host_diagnostic,True,unavailable
sustained_5,46.23169938,accepted,available_host_diagnostic,True,unavailable
sustained_5,48.78669938,accepted,available_host_diagnostic,True,unavailable
sustained_5,51.40169938,accepted,available_host_diagnostic,True,unavailable
sustained_5,54.24169938,accepted,available_host_diagnostic,True,unavailable
sustained_5,56.85669938,accepted,available_host_diagnostic,True,unavailable
sustained_5,59.35669938,accepted,available_host_diagnostic,True,unavailable
sustained_5,61.92169938,accepted,available_host_diagnostic,True,unavailable
sustained_5,64.77169938,accepted,available_host_diagnostic,True,unavailable
sustained_5,67.36169938,accepted,available_host_diagnostic,True,unavailable
sustained_5,69.96669938,accepted,available_host_diagnostic,True,unavailable
sustained_5,72.61169938,accepted,available_host_diagnostic,True,unavailable
sustained_5,75.59169938,accepted,available_host_diagnostic,True,unavailable
sustained_5,78.21669938,accepted,available_host_diagnostic,True,unavailable
sustained_5,80.78669938,accepted,available_host_diagnostic,True,unavailable
sustained_5,83.34669938,accepted,available_host_diagnostic,True,unavailable
sustained_5,86.18669938,accepted,available_host_diagnostic,True,unavailable
sustained_5,88.82169938,accepted,available_host_diagnostic,True,unavailable
sustained_5,91.50669938,accepted,available_host_diagnostic,True,unavailable
sustained_5,94.20169938,accepted,available_host_diagnostic,True,unavailable
sustained_5,96.62169938,accepted,available_host_diagnostic,True,unavailable
sustained_5,98.93169938,accepted,available_host_diagnostic,True,unavailable
sustained_5,101.51669938,accepted,available_host_diagnostic,True,unavailable
sustained_5,104.20669938,accepted,available_host_diagnostic,True,unavailable
sustained_5,107.06669938,accepted,available_host_diagnostic,True,unavailable
sustained_5,109.74669938,accepted,available_host_diagnostic,True,unavailable
sustained_5,112.36169938,accepted,available_host_diagnostic,True,unavailable
sustained_5,114.70669938,accepted,available_host_diagnostic,True,unavailable
sustained_5,117.68669938,accepted,available_host_diagnostic,True,unavailable
sustained_5,120.40669938,accepted,available_host_diagnostic,True,unavailable
sustained_5,122.82169938,accepted,available_host_diagnostic,True,unavailable
sustained_5,125.42169938,accepted,available_host_diagnostic,True,unavailable
sustained_5,128.11169938,accepted,available_host_diagnostic,True,unavailable
sustained_5,130.77669938,accepted,available_host_diagnostic,True,unavailable
sustained_5,133.39169938,accepted,available_host_diagnostic,True,unavailable
sustained_5,135.70169938,accepted,available_host_diagnostic,True,unavailable
sustained_5,138.67169938,accepted,available_host_diagnostic,True,unavailable
sustained_5,141.40169938,accepted,available_host_diagnostic,True,unavailable
sustained_5,144.06669938,accepted,available_host_diagnostic,True,unavailable
sustained_5,146.74169938,accepted,available_host_diagnostic,True,unavailable
sustained_5,149.30669938,accepted,available_host_diagnostic,True,unavailable
sustained_5,151.96669938,accepted,available_host_diagnostic,True,unavailable
sustained_5,154.59669938,accepted,available_host_diagnostic,True,unavailable
sustained_5,157.29169938,accepted,available_host_diagnostic,True,unavailable
sustained_5,159.88169938,accepted,available_host_diagnostic,True,unavailable
sustained_5,162.59669938,accepted,available_host_diagnostic,True,unavailable
sustained_5,165.05169938,accepted,available_host_diagnostic,True,unavailable
sustained_5,167.75669938,accepted,available_host_diagnostic,True,unavailable
sustained_5,170.28169938,accepted,available_host_diagnostic,True,unavailable
sustained_5,172.91169938,accepted,available_host_diagnostic,True,unavailable
sustained_5,175.55669938,accepted,available_host_diagnostic,True,unavailable
sustained_5,177.86669938,accepted,available_host_diagnostic,True,unavailable
sustained_6,-30.538624716,accepted,available_host_diagnostic,True,unavailable
sustained_6,-28.068624716,accepted,available_host_diagnostic,True,unavailable
sustained_6,-25.483624716,accepted,available_host_diagnostic,True,unavailable
sustained_6,-22.898624716,accepted,available_host_diagnostic,True,unavailable
sustained_6,-20.258624716,accepted,available_host_diagnostic,True,unavailable
sustained_6,-17.698624716,accepted,available_host_diagnostic,True,unavailable
sustained_6,-15.063624716,accepted,available_host_diagnostic,True,unavailable
sustained_6,-12.463624716,accepted,available_host_diagnostic,True,unavailable
sustained_6,-9.798624716,accepted,available_host_diagnostic,True,unavailable
sustained_6,-7.323624716,accepted,available_host_diagnostic,True,unavailable
sustained_6,-4.928624716,accepted,available_host_diagnostic,True,unavailable
sustained_6,-2.353624716,accepted,available_host_diagnostic,True,unavailable
sustained_6,-0.278624716,accepted,available_host_diagnostic,True,unavailable
sustained_6,2.556375284,accepted,available_host_diagnostic,True,unavailable
sustained_6,5.216375284,accepted,available_host_diagnostic,True,unavailable
sustained_6,7.871375284,accepted,available_host_diagnostic,True,unavailable
sustained_6,10.496375284,accepted,available_host_diagnostic,True,unavailable
sustained_6,12.986375284,accepted,available_host_diagnostic,True,unavailable
sustained_6,15.556375284,accepted,available_host_diagnostic,True,unavailable
sustained_6,18.236375284,accepted,available_host_diagnostic,True,unavailable
sustained_6,20.951375284,accepted,available_host_diagnostic,True,unavailable
sustained_6,23.466375284,accepted,available_host_diagnostic,True,unavailable
sustained_6,26.071375284,accepted,available_host_diagnostic,True,unavailable
sustained_6,28.666375284,accepted,available_host_diagnostic,True,unavailable
sustained_6,31.241375284,accepted,available_host_diagnostic,True,unavailable
sustained_6,33.686375284,accepted,available_host_diagnostic,True,unavailable
sustained_6,36.246375284,accepted,available_host_diagnostic,True,unavailable
sustained_6,38.781375284,accepted,available_host_diagnostic,True,unavailable
sustained_6,41.451375284,accepted,available_host_diagnostic,True,unavailable
sustained_6,43.846375284,accepted,available_host_diagnostic,True,unavailable
sustained_6,46.361375284,accepted,available_host_diagnostic,True,unavailable
sustained_6,48.931375284,accepted,available_host_diagnostic,True,unavailable
sustained_6,51.546375284,accepted,available_host_diagnostic,True,unavailable
sustained_6,54.416375284,accepted,available_host_diagnostic,True,unavailable
sustained_6,57.046375284,accepted,available_host_diagnostic,True,unavailable
sustained_6,59.671375284,accepted,available_host_diagnostic,True,unavailable
sustained_6,62.326375284,accepted,available_host_diagnostic,True,unavailable
sustained_6,64.891375284,accepted,available_host_diagnostic,True,unavailable
sustained_6,67.466375284,accepted,available_host_diagnostic,True,unavailable
sustained_6,69.991375284,accepted,available_host_diagnostic,True,unavailable
sustained_6,72.581375284,accepted,available_host_diagnostic,True,unavailable
sustained_6,75.556375284,accepted,available_host_diagnostic,True,unavailable
sustained_6,78.146375284,accepted,available_host_diagnostic,True,unavailable
sustained_6,80.756375284,accepted,available_host_diagnostic,True,unavailable
sustained_6,83.306375284,accepted,available_host_diagnostic,True,unavailable
sustained_6,85.716375284,accepted,available_host_diagnostic,True,unavailable
sustained_6,88.286375284,accepted,available_host_diagnostic,True,unavailable
sustained_6,90.821375284,accepted,available_host_diagnostic,True,unavailable
sustained_6,93.361375284,accepted,available_host_diagnostic,True,unavailable
sustained_6,96.146375284,accepted,available_host_diagnostic,True,unavailable
sustained_6,98.696375284,accepted,available_host_diagnostic,True,unavailable
sustained_6,101.246375284,accepted,available_host_diagnostic,True,unavailable
sustained_6,103.711375284,accepted,available_host_diagnostic,True,unavailable
sustained_6,106.391375284,accepted,available_host_diagnostic,True,unavailable
sustained_6,108.946375284,accepted,available_host_diagnostic,True,unavailable
sustained_6,111.546375284,accepted,available_host_diagnostic,True,unavailable
sustained_6,114.141375284,accepted,available_host_diagnostic,True,unavailable
sustained_6,116.986375284,accepted,available_host_diagnostic,True,unavailable
sustained_6,119.651375284,accepted,available_host_diagnostic,True,unavailable
sustained_6,122.366375284,accepted,available_host_diagnostic,True,unavailable
sustained_6,125.036375284,accepted,available_host_diagnostic,True,unavailable
sustained_6,127.541375284,accepted,available_host_diagnostic,True,unavailable
sustained_6,130.151375284,accepted,available_host_diagnostic,True,unavailable
sustained_6,132.501375284,accepted,available_host_diagnostic,True,unavailable
sustained_6,135.126375284,accepted,available_host_diagnostic,True,unavailable
sustained_6,137.976375284,accepted,available_host_diagnostic,True,unavailable
sustained_6,140.451375284,accepted,available_host_diagnostic,True,unavailable
sustained_6,142.996375284,accepted,available_host_diagnostic,True,unavailable
sustained_6,145.331375284,accepted,available_host_diagnostic,True,unavailable
sustained_6,147.971375284,accepted,available_host_diagnostic,True,unavailable
sustained_6,150.386375284,accepted,available_host_diagnostic,True,unavailable
sustained_6,153.081375284,accepted,available_host_diagnostic,True,unavailable
sustained_6,155.856375284,accepted,available_host_diagnostic,True,unavailable
sustained_6,158.476375284,accepted,available_host_diagnostic,True,unavailable
sustained_6,160.941375284,accepted,available_host_diagnostic,True,unavailable
sustained_6,163.626375284,accepted,available_host_diagnostic,True,unavailable
sustained_6,166.356375284,accepted,available_host_diagnostic,True,unavailable
sustained_6,169.056375284,accepted,available_host_diagnostic,True,unavailable
sustained_6,171.536375284,accepted,available_host_diagnostic,True,unavailable
sustained_6,173.951375284,accepted,available_host_diagnostic,True,unavailable
sustained_6,176.626375284,accepted,available_host_diagnostic,True,unavailable
sustained_6,179.416375284,accepted,available_host_diagnostic,True,unavailable
sustained_7,-30.71292589,accepted,available_host_diagnostic,True,unavailable
sustained_7,-28.22792589,accepted,available_host_diagnostic,True,unavailable
sustained_7,-25.87292589,accepted,available_host_diagnostic,True,unavailable
sustained_7,-23.14792589,accepted,available_host_diagnostic,True,unavailable
sustained_7,-20.53792589,accepted,available_host_diagnostic,True,unavailable
sustained_7,-18.10792589,accepted,available_host_diagnostic,True,unavailable
sustained_7,-15.57792589,accepted,available_host_diagnostic,True,unavailable
sustained_7,-13.01792589,accepted,available_host_diagnostic,True,unavailable
sustained_7,-10.30792589,accepted,available_host_diagnostic,True,unavailable
sustained_7,-7.88292589,accepted,available_host_diagnostic,True,unavailable
sustained_7,-5.27792589,accepted,available_host_diagnostic,True,unavailable
sustained_7,-2.51792589,accepted,available_host_diagnostic,True,unavailable
sustained_7,-0.30292589,accepted,available_host_diagnostic,True,unavailable
sustained_7,2.39707411,accepted,available_host_diagnostic,True,unavailable
sustained_7,5.04707411,accepted,available_host_diagnostic,True,unavailable
sustained_7,7.63207411,accepted,available_host_diagnostic,True,unavailable
sustained_7,10.17707411,accepted,available_host_diagnostic,True,unavailable
sustained_7,12.74207411,accepted,available_host_diagnostic,True,unavailable
sustained_7,15.38707411,accepted,available_host_diagnostic,True,unavailable
sustained_7,17.94707411,accepted,available_host_diagnostic,True,unavailable
sustained_7,20.52707411,accepted,available_host_diagnostic,True,unavailable
sustained_7,23.04207411,accepted,available_host_diagnostic,True,unavailable
sustained_7,25.67207411,accepted,available_host_diagnostic,True,unavailable
sustained_7,28.30707411,accepted,available_host_diagnostic,True,unavailable
sustained_7,30.84207411,accepted,available_host_diagnostic,True,unavailable
sustained_7,33.62207411,accepted,available_host_diagnostic,True,unavailable
sustained_7,36.23707411,accepted,available_host_diagnostic,True,unavailable
sustained_7,38.82207411,accepted,available_host_diagnostic,True,unavailable
sustained_7,41.42207411,accepted,available_host_diagnostic,True,unavailable
sustained_7,43.96707411,accepted,available_host_diagnostic,True,unavailable
sustained_7,46.52207411,accepted,available_host_diagnostic,True,unavailable
sustained_7,49.06707411,accepted,available_host_diagnostic,True,unavailable
sustained_7,51.60707411,accepted,available_host_diagnostic,True,unavailable
sustained_7,54.40707411,accepted,available_host_diagnostic,True,unavailable
sustained_7,56.99707411,accepted,available_host_diagnostic,True,unavailable
sustained_7,59.53707411,accepted,available_host_diagnostic,True,unavailable
sustained_7,62.24707411,accepted,available_host_diagnostic,True,unavailable
sustained_7,65.14207411,accepted,available_host_diagnostic,True,unavailable
sustained_7,67.69707411,accepted,available_host_diagnostic,True,unavailable
sustained_7,70.26707411,accepted,available_host_diagnostic,True,unavailable
sustained_7,72.82207411,accepted,available_host_diagnostic,True,unavailable
sustained_7,75.60707411,accepted,available_host_diagnostic,True,unavailable
sustained_7,78.15707411,accepted,available_host_diagnostic,True,unavailable
sustained_7,80.75707411,accepted,available_host_diagnostic,True,unavailable
sustained_7,83.45207411,accepted,available_host_diagnostic,True,unavailable
sustained_7,85.92707411,accepted,available_host_diagnostic,True,unavailable
sustained_7,88.56207411,accepted,available_host_diagnostic,True,unavailable
sustained_7,91.20207411,accepted,available_host_diagnostic,True,unavailable
sustained_7,93.87207411,accepted,available_host_diagnostic,True,unavailable
sustained_7,96.47707411,accepted,available_host_diagnostic,True,unavailable
sustained_7,99.08707411,accepted,available_host_diagnostic,True,unavailable
sustained_7,101.80707411,accepted,available_host_diagnostic,True,unavailable
sustained_7,104.45207411,accepted,available_host_diagnostic,True,unavailable
sustained_7,107.02707411,accepted,available_host_diagnostic,True,unavailable
sustained_7,109.67207411,accepted,available_host_diagnostic,True,unavailable
sustained_7,112.03207411,accepted,available_host_diagnostic,True,unavailable
sustained_7,114.78707411,accepted,available_host_diagnostic,True,unavailable
sustained_7,117.29207411,accepted,available_host_diagnostic,True,unavailable
sustained_7,120.06207411,accepted,available_host_diagnostic,True,unavailable
sustained_7,122.76207411,accepted,available_host_diagnostic,True,unavailable
sustained_7,125.48207411,accepted,available_host_diagnostic,True,unavailable
sustained_7,127.98707411,accepted,available_host_diagnostic,True,unavailable
sustained_7,130.68707411,accepted,available_host_diagnostic,True,unavailable
sustained_7,133.40707411,accepted,available_host_diagnostic,True,unavailable
sustained_7,136.11207411,accepted,available_host_diagnostic,True,unavailable
sustained_7,138.57707411,accepted,available_host_diagnostic,True,unavailable
sustained_7,141.24707411,accepted,available_host_diagnostic,True,unavailable
sustained_7,143.88207411,accepted,available_host_diagnostic,True,unavailable
sustained_7,146.54207411,accepted,available_host_diagnostic,True,unavailable
sustained_7,149.04207411,accepted,available_host_diagnostic,True,unavailable
sustained_7,151.66207411,accepted,available_host_diagnostic,True,unavailable
sustained_7,154.34207411,accepted,available_host_diagnostic,True,unavailable
sustained_7,156.98707411,accepted,available_host_diagnostic,True,unavailable
sustained_7,159.55207411,accepted,available_host_diagnostic,True,unavailable
sustained_7,162.25207411,accepted,available_host_diagnostic,True,unavailable
sustained_7,164.67207411,accepted,available_host_diagnostic,True,unavailable
sustained_7,167.05207411,accepted,available_host_diagnostic,True,unavailable
sustained_7,169.53707411,accepted,available_host_diagnostic,True,unavailable
sustained_7,171.95207411,accepted,available_host_diagnostic,True,unavailable
sustained_7,174.59707411,accepted,available_host_diagnostic,True,unavailable
sustained_7,177.28707411,accepted,available_host_diagnostic,True,unavailable
sustained_7,179.75707411,accepted,available_host_diagnostic,True,unavailable
