id,block,role,gap,policy,start_s,end_s,segment_type,base_j,observed_j,correction_j,past_available_s,method,alpha,predicted_j,signed_j,abs_j,relative_j,future_observation_input
development_30_C0,history,development,30,C0,35.0,45.0,resident_idle,9.710990539844651,8.463929028694778,-0.6585791483463252,34.900910541,FROZEN,0.0,9.710990539844651,1.247061511149873,1.247061511149873,0.14733837050405682,False
development_30_C0,history,development,30,C0,35.0,45.0,resident_idle,9.710990539844651,8.463929028694778,-0.6585791483463252,34.900910541,FULL_CORRECTION,1.0,9.052411391498326,0.588482362803548,0.588482362803548,0.0695282723671772,False
development_30_C0,history,development,30,C0,35.0,45.0,resident_idle,9.710990539844651,8.463929028694778,-0.6585791483463252,34.900910541,DEV_MAE_SHRINK,0.26268831243642554,9.537989494759737,1.0740604660649584,1.0740604660649584,0.12689856713396724,False
development_30_C0,history,development,30,C0,45.0,55.0,resident_idle,9.710990539844651,10.213071368132262,-1.211713091626358,44.80210408,FROZEN,0.0,9.710990539844651,-0.5020808282876104,0.5020808282876104,-0.04916061096510574,False
development_30_C0,history,development,30,C0,45.0,55.0,resident_idle,9.710990539844651,10.213071368132262,-1.211713091626358,44.80210408,FULL_CORRECTION,1.0,8.499277448218294,-1.713793919913968,1.713793919913968,-0.16780396984804208,False
development_30_C0,history,development,30,C0,45.0,55.0,resident_idle,9.710990539844651,10.213071368132262,-1.211713091626358,44.80210408,DEV_MAE_SHRINK,0.26268831243642554,9.392687672648199,-0.8203836954840629,0.8203836954840629,-0.08032683469185356,False
development_30_C0,history,development,30,C0,55.0,65.0,resident_idle,9.710990539844651,9.947723463427536,0.5249331120903579,54.693406773,FROZEN,0.0,9.710990539844651,-0.23673292358288478,0.23673292358288478,-0.02379769848380137,False
development_30_C0,history,development,30,C0,55.0,65.0,resident_idle,9.710990539844651,9.947723463427536,0.5249331120903579,54.693406773,FULL_CORRECTION,1.0,10.235923651935009,0.28820018850747253,0.28820018850747253,0.02897147167058178,False
development_30_C0,history,development,30,C0,55.0,65.0,resident_idle,9.710990539844651,9.947723463427536,0.5249331120903579,54.693406773,DEV_MAE_SHRINK,0.26268831243642554,9.848884333201669,-0.09883913022586732,0.09883913022586732,-0.009935854227275817,False
development_30_C0,history,development,30,C0,65.0,75.0,resident_idle,9.710990539844651,10.70287757939892,0.2562386627374764,64.586179389,FROZEN,0.0,9.710990539844651,-0.9918870395542694,0.9918870395542694,-0.09267480004288475,False
development_30_C0,history,development,30,C0,65.0,75.0,resident_idle,9.710990539844651,10.70287757939892,0.2562386627374764,64.586179389,FULL_CORRECTION,1.0,9.967229202582129,-0.7356483768167923,0.7356483768167923,-0.06873370001286203,False
development_30_C0,history,development,30,C0,65.0,75.0,resident_idle,9.710990539844651,10.70287757939892,0.2562386627374764,64.586179389,DEV_MAE_SHRINK,0.26268831243642554,9.778301441740126,-0.9245761376587947,0.9245761376587947,-0.08638575287812639,False
development_30_C0,history,development,30,C0,75.0,85.0,resident_idle,9.710990539844651,8.803711483056011,1.141480693866287,74.488645312,FROZEN,0.0,9.710990539844651,0.9072790567886404,0.9072790567886404,0.10305642779580264,False
development_30_C0,history,development,30,C0,75.0,85.0,resident_idle,9.710990539844651,8.803711483056011,1.141480693866287,74.488645312,FULL_CORRECTION,1.0,10.852471233710938,2.048759750654927,2.048759750654927,0.23271545808810923,False
development_30_C0,history,development,30,C0,75.0,85.0,resident_idle,9.710990539844651,8.803711483056011,1.141480693866287,74.488645312,DEV_MAE_SHRINK,0.26268831243642554,10.010844176995146,1.2071326939391351,1.2071326939391351,0.13711633965543202,False
development_30_C0,history,development,30,C0,85.0,95.0,resident_idle,9.710990539844651,11.058065304114603,-0.9729468985803924,84.394525928,FROZEN,0.0,9.710990539844651,-1.3470747642699514,1.3470747642699514,-0.12181830430760049,False
development_30_C0,history,development,30,C0,85.0,95.0,resident_idle,9.710990539844651,11.058065304114603,-0.9729468985803924,84.394525928,FULL_CORRECTION,1.0,8.738043641264259,-2.320021662850344,2.320021662850344,-0.20980357766444785,False
development_30_C0,history,development,30,C0,85.0,95.0,resident_idle,9.710990539844651,11.058065304114603,-0.9729468985803924,84.394525928,DEV_MAE_SHRINK,0.26268831243642554,9.455408760966314,-1.6026565431482886,1.6026565431482886,-0.1449310072849683,False
development_30_C0,history,development,30,C0,95.0,105.0,resident_idle,9.710990539844651,8.673784129159694,1.1757127561065766,94.296398467,FROZEN,0.0,9.710990539844651,1.0372064106849574,1.0372064106849574,0.11957945865842534,False
development_30_C0,history,development,30,C0,95.0,105.0,resident_idle,9.710990539844651,8.673784129159694,1.1757127561065766,94.296398467,FULL_CORRECTION,1.0,10.886703295951229,2.2129191667915347,2.2129191667915347,0.2551273047425864,False
development_30_C0,history,development,30,C0,95.0,105.0,resident_idle,9.710990539844651,8.673784129159694,1.1757127561065766,94.296398467,DEV_MAE_SHRINK,0.26268831243642554,10.019836539656266,1.346052410496572,1.346052410496572,0.15518629360066585,False
development_30_C0,history,development,30,C0,105.0,115.0,resident_idle,9.710990539844651,9.74206928878138,-1.1267009123114873,104.187205314,FROZEN,0.0,9.710990539844651,-0.031078748936728573,0.031078748936728573,-0.003190158888781232,False
development_30_C0,history,development,30,C0,105.0,115.0,resident_idle,9.710990539844651,9.74206928878138,-1.1267009123114873,104.187205314,FULL_CORRECTION,1.0,8.584289627533163,-1.1577796612482167,1.1577796612482167,-0.118843299809156,False
development_30_C0,history,development,30,C0,105.0,115.0,resident_idle,9.710990539844651,9.74206928878138,-1.1267009123114873,104.187205314,DEV_MAE_SHRINK,0.26268831243642554,9.415019378568966,-0.3270499102124145,0.3270499102124145,-0.03357088730512659,False
development_30_CPU,history,development,30,CPU_URGENT_ONLINE_V1,35.0,45.0,transition_or_mixed,17.124588980828314,16.914174506022285,-1.2314640402883916,34.653766771,FROZEN,0.0,17.124588980828314,0.21041447480602926,0.21041447480602926,0.01244012675469981,False
development_30_CPU,history,development,30,CPU_URGENT_ONLINE_V1,35.0,45.0,transition_or_mixed,17.124588980828314,16.914174506022285,-1.2314640402883916,34.653766771,FULL_CORRECTION,1.0,15.893124940539922,-1.0210495654823628,1.0210495654823628,-0.06036650296583014,False
development_30_CPU,history,development,30,CPU_URGENT_ONLINE_V1,35.0,45.0,transition_or_mixed,17.124588980828314,16.914174506022285,-1.2314640402883916,34.653766771,DEV_MAE_SHRINK,0.26268831243642554,16.801097770258814,-0.11307673576347099,0.11307673576347099,-0.0066853239407699185,False
development_30_CPU,history,development,30,CPU_URGENT_ONLINE_V1,45.0,55.0,transition_or_mixed,17.22645827525541,16.48924808016466,0.03285914578050623,44.542082233,FROZEN,0.0,17.22645827525541,0.7372101950907499,0.7372101950907499,0.044708539255805056,False
development_30_CPU,history,development,30,CPU_URGENT_ONLINE_V1,45.0,55.0,transition_or_mixed,17.22645827525541,16.48924808016466,0.03285914578050623,44.542082233,FULL_CORRECTION,1.0,17.259317421035917,0.770069340871256,0.770069340871256,0.04670130118289579,False
development_30_CPU,history,development,30,CPU_URGENT_ONLINE_V1,45.0,55.0,transition_or_mixed,17.22645827525541,16.48924808016466,0.03285914578050623,44.542082233,DEV_MAE_SHRINK,0.26268831243642554,17.235089988808593,0.7458419086439321,0.7458419086439321,0.04523201452351999,False
development_30_CPU,history,development,30,CPU_URGENT_ONLINE_V1,55.0,65.0,transition_or_mixed,17.237618353562528,18.159976181124662,-0.7096572457337416,54.459672311,FROZEN,0.0,17.237618353562528,-0.9223578275621342,0.9223578275621342,-0.05079069588873281,False
development_30_CPU,history,development,30,CPU_URGENT_ONLINE_V1,55.0,65.0,transition_or_mixed,17.237618353562528,18.159976181124662,-0.7096572457337416,54.459672311,FULL_CORRECTION,1.0,16.527961107828787,-1.6320150732958751,1.6320150732958751,-0.08986878930998703,False
development_30_CPU,history,development,30,CPU_URGENT_ONLINE_V1,55.0,65.0,transition_or_mixed,17.237618353562528,18.159976181124662,-0.7096572457337416,54.459672311,DEV_MAE_SHRINK,0.26268831243642554,17.05119968927245,-1.1087764918522112,1.1087764918522112,-0.061056054302795,False
development_30_CPU,history,development,30,CPU_URGENT_ONLINE_V1,65.0,75.0,transition_or_mixed,16.093210479251454,14.381636821696475,0.9435456056955089,64.342668004,FROZEN,0.0,16.093210479251454,1.711573657554979,1.711573657554979,0.11901104712732412,False
development_30_CPU,history,development,30,CPU_URGENT_ONLINE_V1,65.0,75.0,transition_or_mixed,16.093210479251454,14.381636821696475,0.9435456056955089,64.342668004,FULL_CORRECTION,1.0,17.036756084946962,2.655119263250487,2.655119263250487,0.18461871177590244,False
development_30_CPU,history,development,30,CPU_URGENT_ONLINE_V1,65.0,75.0,transition_or_mixed,16.093210479251454,14.381636821696475,0.9435456056955089,64.342668004,DEV_MAE_SHRINK,0.26268831243642554,16.34106888211841,1.9594320604219355,1.9594320604219355,0.13624541383675398,False
development_30_CPU,history,development,30,CPU_URGENT_ONLINE_V1,75.0,85.0,resident_idle,10.459900676585626,10.816611800723964,-1.9864037809911887,74.242877235,FROZEN,0.0,10.459900676585626,-0.3567111241383376,0.3567111241383376,-0.032978083221444875,False
development_30_CPU,history,development,30,CPU_URGENT_ONLINE_V1,75.0,85.0,resident_idle,10.459900676585626,10.816611800723964,-1.9864037809911887,74.242877235,FULL_CORRECTION,1.0,8.473496895594437,-2.343114905129527,2.343114905129527,-0.2166218912444191,False
development_30_CPU,history,development,30,CPU_URGENT_ONLINE_V1,75.0,85.0,resident_idle,10.459900676585626,10.816611800723964,-1.9864037809911887,74.242877235,DEV_MAE_SHRINK,0.26268831243642554,9.938095619539716,-0.8785161811842475,0.8785161811842475,-0.08121916524039882,False
development_30_CPU,history,development,30,CPU_URGENT_ONLINE_V1,85.0,95.0,resident_idle,10.459900676585626,9.490267188775102,0.5084192113032796,84.154784697,FROZEN,0.0,10.459900676585626,0.9696334878105244,0.9696334878105244,0.10217135814230684,False
development_30_CPU,history,development,30,CPU_URGENT_ONLINE_V1,85.0,95.0,resident_idle,10.459900676585626,9.490267188775102,0.5084192113032796,84.154784697,FULL_CORRECTION,1.0,10.968319887888905,1.4780526991138032,1.4780526991138032,0.15574405543207617,False
development_30_CPU,history,development,30,CPU_URGENT_ONLINE_V1,85.0,95.0,resident_idle,10.459900676585626,9.490267188775102,0.5084192113032796,84.154784697,DEV_MAE_SHRINK,0.26268831243642554,10.593456461213142,1.1031892724380405,1.1031892724380405,0.11624427958602375,False
development_30_CPU,history,development,30,CPU_URGENT_ONLINE_V1,95.0,105.0,resident_idle,10.459900676585626,10.497024455946502,-0.971722937213614,94.940827698,FROZEN,0.0,10.459900676585626,-0.03712377936087563,0.03712377936087563,-0.003536600254355436,False
development_30_CPU,history,development,30,CPU_URGENT_ONLINE_V1,95.0,105.0,resident_idle,10.459900676585626,10.497024455946502,-0.971722937213614,94.940827698,FULL_CORRECTION,1.0,9.488177739372013,-1.0088467165744888,1.0088467165744888,-0.09610787521819891,False
development_30_CPU,history,development,30,CPU_URGENT_ONLINE_V1,95.0,105.0,resident_idle,10.459900676585626,10.497024455946502,-0.971722937213614,94.940827698,DEV_MAE_SHRINK,0.26268831243642554,10.204640418053215,-0.29238403789328693,0.29238403789328693,-0.027853992254695866,False
development_30_CPU,history,development,30,CPU_URGENT_ONLINE_V1,105.0,115.0,resident_idle,10.459900676585626,10.669094870046983,-0.06509176003415462,104.854057929,FROZEN,0.0,10.459900676585626,-0.20919419346135726,0.20919419346135726,-0.019607492107757033,False
development_30_CPU,history,development,30,CPU_URGENT_ONLINE_V1,105.0,115.0,resident_idle,10.459900676585626,10.669094870046983,-0.06509176003415462,104.854057929,FULL_CORRECTION,1.0,10.39480891655147,-0.27428595349551266,0.27428595349551266,-0.025708455762780632,False
development_30_CPU,history,development,30,CPU_URGENT_ONLINE_V1,105.0,115.0,resident_idle,10.459900676585626,10.669094870046983,-0.06509176003415462,104.854057929,DEV_MAE_SHRINK,0.26268831243642554,10.442801831988737,-0.2262930380582464,0.2262930380582464,-0.021210143954531156,False
development_30_PAR,history,development,30,B2_PARALLEL_ONLINE_V1,35.0,45.0,transition_or_mixed,16.37810132827309,19.579089771699326,0.34821745990082453,34.728738156,FROZEN,0.0,16.37810132827309,-3.200988443426237,3.200988443426237,-0.16349015611814183,False
development_30_PAR,history,development,30,B2_PARALLEL_ONLINE_V1,35.0,45.0,transition_or_mixed,16.37810132827309,19.579089771699326,0.34821745990082453,34.728738156,FULL_CORRECTION,1.0,16.726318788173913,-2.8527709835254136,2.8527709835254136,-0.14570498510349356,False
development_30_PAR,history,development,30,B2_PARALLEL_ONLINE_V1,35.0,45.0,transition_or_mixed,16.37810132827309,19.579089771699326,0.34821745990082453,34.728738156,DEV_MAE_SHRINK,0.26268831243642554,16.469573985175337,-3.109515786523989,3.109515786523989,-0.15881819955791054,False
development_30_PAR,history,development,30,B2_PARALLEL_ONLINE_V1,45.0,55.0,transition_or_mixed,16.373501931740623,17.852488778309667,3.3243876211282224,44.636082849,FROZEN,0.0,16.373501931740623,-1.4789868465690432,1.4789868465690432,-0.08284485513112187,False
development_30_PAR,history,development,30,B2_PARALLEL_ONLINE_V1,45.0,55.0,transition_or_mixed,16.373501931740623,17.852488778309667,3.3243876211282224,44.636082849,FULL_CORRECTION,1.0,19.697889552868844,1.8454007745591774,1.8454007745591774,0.10336938437408759,False
development_30_PAR,history,development,30,B2_PARALLEL_ONLINE_V1,45.0,55.0,transition_or_mixed,16.373501931740623,17.852488778309667,3.3243876211282224,44.636082849,DEV_MAE_SHRINK,0.26268831243642554,17.24677970581934,-0.6057090724903276,0.6057090724903276,-0.033928550803866024,False
development_30_PAR,history,development,30,B2_PARALLEL_ONLINE_V1,55.0,65.0,transition_or_mixed,16.450991601029937,16.854772675592148,1.5371109236537959,54.520504081,FROZEN,0.0,16.450991601029937,-0.403781074562211,0.403781074562211,-0.02395648296977255,False
development_30_PAR,history,development,30,B2_PARALLEL_ONLINE_V1,55.0,65.0,transition_or_mixed,16.450991601029937,16.854772675592148,1.5371109236537959,54.520504081,FULL_CORRECTION,1.0,17.988102524683732,1.1333298490915844,1.1333298490915844,0.06724088606266343,False
development_30_PAR,history,development,30,B2_PARALLEL_ONLINE_V1,55.0,65.0,transition_or_mixed,16.450991601029937,16.854772675592148,1.5371109236537959,54.520504081,DEV_MAE_SHRINK,0.26268831243642554,16.854772675592148,0.0,0.0,0.0,False
development_30_PAR,history,development,30,B2_PARALLEL_ONLINE_V1,65.0,75.0,transition_or_mixed,12.060143376742541,12.903417568448923,0.466074111237067,64.421047389,FROZEN,0.0,12.060143376742541,-0.8432741917063815,0.8432741917063815,-0.06535277861334443,False
development_30_PAR,history,development,30,B2_PARALLEL_ONLINE_V1,65.0,75.0,transition_or_mixed,12.060143376742541,12.903417568448923,0.466074111237067,64.421047389,FULL_CORRECTION,1.0,12.526217487979608,-0.37720008046931497,0.37720008046931497,-0.029232571794904485,False
development_30_PAR,history,development,30,B2_PARALLEL_ONLINE_V1,65.0,75.0,transition_or_mixed,12.060143376742541,12.903417568448923,0.466074111237067,64.421047389,DEV_MAE_SHRINK,0.26268831243642554,12.182575598493713,-0.7208419699552095,0.7208419699552095,-0.05586442243935376,False
development_30_PAR,history,development,30,B2_PARALLEL_ONLINE_V1,75.0,85.0,resident_idle,9.321042201289156,11.294882098441366,0.859156851294778,74.33766962,FROZEN,0.0,9.321042201289156,-1.9738398971522102,1.9738398971522102,-0.17475524577849197,False
development_30_PAR,history,development,30,B2_PARALLEL_ONLINE_V1,75.0,85.0,resident_idle,9.321042201289156,11.294882098441366,0.859156851294778,74.33766962,FULL_CORRECTION,1.0,10.180199052583934,-1.1146830458574328,1.1146830458574328,-0.09868921482688635,False
development_30_PAR,history,development,30,B2_PARALLEL_ONLINE_V1,75.0,85.0,resident_idle,9.321042201289156,11.294882098441366,0.859156851294778,74.33766962,DEV_MAE_SHRINK,0.26268831243642554,9.546732664673975,-1.7481494337673915,1.7481494337673915,-0.15477358847407774,False
development_30_PAR,history,development,30,B2_PARALLEL_ONLINE_V1,85.0,95.0,resident_idle,9.321042201289156,10.372568210272101,2.0734060926846842,84.251042236,FROZEN,0.0,9.321042201289156,-1.051526008982945,1.051526008982945,-0.1013756658588761,False
development_30_PAR,history,development,30,B2_PARALLEL_ONLINE_V1,85.0,95.0,resident_idle,9.321042201289156,10.372568210272101,2.0734060926846842,84.251042236,FULL_CORRECTION,1.0,11.394448293973841,1.02188008370174,1.02188008370174,0.09851755736730251,False
development_30_PAR,history,development,30,B2_PARALLEL_ONLINE_V1,85.0,95.0,resident_idle,9.321042201289156,10.372568210272101,2.0734060926846842,84.251042236,DEV_MAE_SHRINK,0.26268831243642554,9.8657017487719,-0.5068664615002021,0.5068664615002021,-0.04886605238211353,False
development_30_PAR,history,development,30,B2_PARALLEL_ONLINE_V1,95.0,105.0,resident_idle,9.321042201289156,10.20345558785126,1.092883938688197,94.13310316,FROZEN,0.0,9.321042201289156,-0.8824133865621029,0.8824133865621029,-0.08648181774934642,False
development_30_PAR,history,development,30,B2_PARALLEL_ONLINE_V1,95.0,105.0,resident_idle,9.321042201289156,10.20345558785126,1.092883938688197,94.13310316,FULL_CORRECTION,1.0,10.413926139977352,0.21047055212609322,0.21047055212609322,0.020627379647409835,False
development_30_PAR,history,development,30,B2_PARALLEL_ONLINE_V1,95.0,105.0,resident_idle,9.321042201289156,10.20345558785126,1.092883938688197,94.13310316,DEV_MAE_SHRINK,0.26268831243642554,9.608130038832032,-0.5953255490192273,0.5953255490192273,-0.05834548343877259,False
development_30_PAR,history,development,30,B2_PARALLEL_ONLINE_V1,105.0,115.0,resident_idle,9.321042201289156,9.618183670396403,0.8742025448056987,104.931992622,FROZEN,0.0,9.321042201289156,-0.29714146910724715,0.29714146910724715,-0.03089371957221116,False
development_30_PAR,history,development,30,B2_PARALLEL_ONLINE_V1,105.0,115.0,resident_idle,9.321042201289156,9.618183670396403,0.8742025448056987,104.931992622,FULL_CORRECTION,1.0,10.195244746094854,0.5770610756984507,0.5770610756984507,0.05999688667565939,False
development_30_PAR,history,development,30,B2_PARALLEL_ONLINE_V1,105.0,115.0,resident_idle,9.321042201289156,9.618183670396403,0.8742025448056987,104.931992622,DEV_MAE_SHRINK,0.26268831243642554,9.550684992511794,-0.06749867788460939,0.06749867788460939,-0.007017819600634379,False
development_180_PAR,history,development,180,B2_PARALLEL_ONLINE_V1,35.0,45.0,transition_or_mixed,16.159979594847407,18.044061928060664,1.07111274741201,34.171332925,FROZEN,0.0,16.159979594847407,-1.8840823332132572,1.8840823332132572,-0.10441564325842204,False
development_180_PAR,history,development,180,B2_PARALLEL_ONLINE_V1,35.0,45.0,transition_or_mixed,16.159979594847407,18.044061928060664,1.07111274741201,34.171332925,FULL_CORRECTION,1.0,17.231092342259416,-0.8129695858012482,0.8129695858012482,-0.04505468829814776,False
development_180_PAR,history,development,180,B2_PARALLEL_ONLINE_V1,35.0,45.0,transition_or_mixed,16.159979594847407,18.044061928060664,1.07111274741201,34.171332925,DEV_MAE_SHRINK,0.26268831243642554,16.44134839489421,-1.6027135331664546,1.6027135331664546,-0.088822214175293,False
development_180_PAR,history,development,180,B2_PARALLEL_ONLINE_V1,45.0,55.0,transition_or_mixed,16.14405947766472,17.47001176996113,1.8893133742848247,44.954665003,FROZEN,0.0,16.14405947766472,-1.3259522922964102,1.3259522922964102,-0.07589876353582792,False
development_180_PAR,history,development,180,B2_PARALLEL_ONLINE_V1,45.0,55.0,transition_or_mixed,16.14405947766472,17.47001176996113,1.8893133742848247,44.954665003,FULL_CORRECTION,1.0,18.033372851949544,0.5633610819884147,0.5633610819884147,0.03224732126151671,False
development_180_PAR,history,development,180,B2_PARALLEL_ONLINE_V1,45.0,55.0,transition_or_mixed,16.14405947766472,17.47001176996113,1.8893133742848247,44.954665003,DEV_MAE_SHRINK,0.26268831243642554,16.64036001961917,-0.8296517503419594,0.8296517503419594,-0.0474900510238068,False
development_180_PAR,history,development,180,B2_PARALLEL_ONLINE_V1,55.0,65.0,transition_or_mixed,16.261342788564043,17.143597942795513,1.366760276838759,54.847173234,FROZEN,0.0,16.261342788564043,-0.8822551542314692,0.8822551542314692,-0.05146266012393456,False
development_180_PAR,history,development,180,B2_PARALLEL_ONLINE_V1,55.0,65.0,transition_or_mixed,16.261342788564043,17.143597942795513,1.366760276838759,54.847173234,FULL_CORRECTION,1.0,17.6281030654028,0.4845051226072883,0.4845051226072883,0.028261577541889245,False
development_180_PAR,history,development,180,B2_PARALLEL_ONLINE_V1,55.0,65.0,transition_or_mixed,16.261342788564043,17.143597942795513,1.366760276838759,54.847173234,DEV_MAE_SHRINK,0.26268831243642554,16.62037473919196,-0.5232232036035533,0.5232232036035533,-0.030520034671218742,False
development_180_PAR,history,development,180,B2_PARALLEL_ONLINE_V1,65.0,75.0,transition_or_mixed,11.868754095685723,12.919088569380207,0.8957513136155586,64.767792927,FROZEN,0.0,11.868754095685723,-1.050334473694484,1.050334473694484,-0.08130097321136902,False
development_180_PAR,history,development,180,B2_PARALLEL_ONLINE_V1,65.0,75.0,transition_or_mixed,11.868754095685723,12.919088569380207,0.8957513136155586,64.767792927,FULL_CORRECTION,1.0,12.764505409301282,-0.15458316007892492,0.15458316007892492,-0.011965484968135104,False
development_180_PAR,history,development,180,B2_PARALLEL_ONLINE_V1,65.0,75.0,transition_or_mixed,11.868754095685723,12.919088569380207,0.8957513136155586,64.767792927,DEV_MAE_SHRINK,0.26268831243642554,12.104057496622106,-0.8150310727581012,0.8150310727581012,-0.06308735081279826,False
development_180_PAR,history,development,180,B2_PARALLEL_ONLINE_V1,75.0,85.0,resident_idle,9.054645551171618,9.623342064628615,1.0806620652633911,74.659858466,FROZEN,0.0,9.054645551171618,-0.568696513456997,0.568696513456997,-0.05909553143156865,False
development_180_PAR,history,development,180,B2_PARALLEL_ONLINE_V1,75.0,85.0,resident_idle,9.054645551171618,9.623342064628615,1.0806620652633911,74.659858466,FULL_CORRECTION,1.0,10.135307616435009,0.5119655518063944,0.5119655518063944,0.05320039008985931,False
development_180_PAR,history,development,180,B2_PARALLEL_ONLINE_V1,75.0,85.0,resident_idle,9.054645551171618,9.623342064628615,1.0806620652633911,74.659858466,DEV_MAE_SHRINK,0.26268831243642554,9.33852284540972,-0.2848192192188943,0.2848192192188943,-0.02959670531361145,False
development_180_PAR,history,development,180,B2_PARALLEL_ONLINE_V1,85.0,95.0,resident_idle,9.054645551171618,10.919779979091853,0.7100386489436992,84.555304697,FROZEN,0.0,9.054645551171618,-1.8651344279202355,1.8651344279202355,-0.17080329745575606,False
development_180_PAR,history,development,180,B2_PARALLEL_ONLINE_V1,85.0,95.0,resident_idle,9.054645551171618,10.919779979091853,0.7100386489436992,84.555304697,FULL_CORRECTION,1.0,9.764684200115317,-1.155095778976536,1.155095778976536,-0.10578013304189302,False
development_180_PAR,history,development,180,B2_PARALLEL_ONLINE_V1,85.0,95.0,resident_idle,9.054645551171618,10.919779979091853,0.7100386489436992,84.555304697,DEV_MAE_SHRINK,0.26268831243642554,9.241164405627277,-1.678615573464576,1.678615573464576,-0.1537224721266022,False
development_180_PAR,history,development,180,B2_PARALLEL_ONLINE_V1,95.0,105.0,resident_idle,9.054645551171618,11.098275744177856,1.8243372030508533,94.466728698,FROZEN,0.0,9.054645551171618,-2.043630193006239,2.043630193006239,-0.18413943211659028,False
development_180_PAR,history,development,180,B2_PARALLEL_ONLINE_V1,95.0,105.0,resident_idle,9.054645551171618,11.098275744177856,1.8243372030508533,94.466728698,FULL_CORRECTION,1.0,10.87898275422247,-0.21929298995538637,0.21929298995538637,-0.019759194582133828,False
development_180_PAR,history,development,180,B2_PARALLEL_ONLINE_V1,95.0,105.0,resident_idle,9.054645551171618,11.098275744177856,1.8243372030508533,94.466728698,DEV_MAE_SHRINK,0.26268831243642554,9.533877612356035,-1.5643981318218216,1.5643981318218216,-0.14095866492076511,False
development_180_PAR,history,development,180,B2_PARALLEL_ONLINE_V1,105.0,115.0,resident_idle,9.054645551171618,10.695962233217864,2.2293053836798964,104.361253622,FROZEN,0.0,9.054645551171618,-1.6413166820462468,1.6413166820462468,-0.15345198928890189,False
development_180_PAR,history,development,180,B2_PARALLEL_ONLINE_V1,105.0,115.0,resident_idle,9.054645551171618,10.695962233217864,2.2293053836798964,104.361253622,FULL_CORRECTION,1.0,11.283950934851514,0.58798870163365,0.58798870163365,0.05497295977799601,False
development_180_PAR,history,development,180,B2_PARALLEL_ONLINE_V1,105.0,115.0,resident_idle,9.054645551171618,10.695962233217864,2.2293053836798964,104.361253622,DEV_MAE_SHRINK,0.26268831243642554,9.640258020315928,-1.0557042129019365,1.0557042129019365,-0.09870119114887052,False
development_180_CPU,history,development,180,CPU_URGENT_ONLINE_V1,35.0,45.0,transition_or_mixed,16.217788199651384,15.752001433154808,0.26410442312906895,34.961058463,FROZEN,0.0,16.217788199651384,0.465786766496576,0.465786766496576,0.029570005340158755,False
development_180_CPU,history,development,180,CPU_URGENT_ONLINE_V1,35.0,45.0,transition_or_mixed,16.217788199651384,15.752001433154808,0.26410442312906895,34.961058463,FULL_CORRECTION,1.0,16.481892622780453,0.7298911896256453,0.7298911896256453,0.04633640954916183,False
development_180_CPU,history,development,180,CPU_URGENT_ONLINE_V1,35.0,45.0,transition_or_mixed,16.217788199651384,15.752001433154808,0.26410442312906895,34.961058463,DEV_MAE_SHRINK,0.26268831243642554,16.287165344870154,0.5351639117153457,0.5351639117153457,0.03397434376744868,False
development_180_CPU,history,development,180,CPU_URGENT_ONLINE_V1,45.0,55.0,transition_or_mixed,16.314969672930815,15.322732698451198,-0.44179704859835606,44.839300387,FROZEN,0.0,16.314969672930815,0.9922369744796171,0.9922369744796171,0.0647558757309596,False
development_180_CPU,history,development,180,CPU_URGENT_ONLINE_V1,45.0,55.0,transition_or_mixed,16.314969672930815,15.322732698451198,-0.44179704859835606,44.839300387,FULL_CORRECTION,1.0,15.873172624332458,0.5504399258812605,0.5504399258812605,0.03592309131235437,False
development_180_CPU,history,development,180,CPU_URGENT_ONLINE_V1,45.0,55.0,transition_or_mixed,16.314969672930815,15.322732698451198,-0.44179704859835606,44.839300387,DEV_MAE_SHRINK,0.26268831243642554,16.19891475179512,0.8761820533439213,0.8761820533439213,0.05718184024919293,False
development_180_CPU,history,development,180,CPU_URGENT_ONLINE_V1,55.0,65.0,transition_or_mixed,16.337503191266038,17.25991893918072,-0.9140615941485725,54.733551695,FROZEN,0.0,16.337503191266038,-0.922415747914684,0.922415747914684,-0.05344264658281578,False
development_180_CPU,history,development,180,CPU_URGENT_ONLINE_V1,55.0,65.0,transition_or_mixed,16.337503191266038,17.25991893918072,-0.9140615941485725,54.733551695,FULL_CORRECTION,1.0,15.423441597117465,-1.8364773420632563,1.8364773420632563,-0.10640127271364976,False
development_180_CPU,history,development,180,CPU_URGENT_ONLINE_V1,55.0,65.0,transition_or_mixed,16.337503191266038,17.25991893918072,-0.9140615941485725,54.733551695,DEV_MAE_SHRINK,0.26268831243642554,16.0973898936362,-1.1625290455445203,1.1625290455445203,-0.06735425871007608,False
development_180_CPU,history,development,180,CPU_URGENT_ONLINE_V1,65.0,75.0,transition_or_mixed,15.161249187539369,15.247790316751379,0.9925019449153781,64.637954157,FROZEN,0.0,15.161249187539369,-0.0865411292120104,0.0865411292120104,-0.005675650531273074,False
development_180_CPU,history,development,180,CPU_URGENT_ONLINE_V1,65.0,75.0,transition_or_mixed,15.161249187539369,15.247790316751379,0.9925019449153781,64.637954157,FULL_CORRECTION,1.0,16.153751132454747,0.9059608157033683,0.9059608157033683,0.05941587580123465,False
development_180_CPU,history,development,180,CPU_URGENT_ONLINE_V1,65.0,75.0,transition_or_mixed,15.161249187539369,15.247790316751379,0.9925019449153781,64.637954157,DEV_MAE_SHRINK,0.26268831243642554,15.42196784853906,0.1741775317876808,0.1741775317876808,0.011423132674924548,False
development_180_CPU,history,development,180,CPU_URGENT_ONLINE_V1,75.0,85.0,resident_idle,9.555140659975752,10.812212662036337,0.15255019961273605,74.55376185,FROZEN,0.0,9.555140659975752,-1.2570720020605854,1.2570720020605854,-0.1162640840828442,False
development_180_CPU,history,development,180,CPU_URGENT_ONLINE_V1,75.0,85.0,resident_idle,9.555140659975752,10.812212662036337,0.15255019961273605,74.55376185,FULL_CORRECTION,1.0,9.707690859588489,-1.1045218024478487,1.1045218024478487,-0.10215502015845725,False
development_180_CPU,history,development,180,CPU_URGENT_ONLINE_V1,75.0,85.0,resident_idle,9.555140659975752,10.812212662036337,0.15255019961273605,74.55376185,DEV_MAE_SHRINK,0.26268831243642554,9.595213814473862,-1.2169988475624756,1.2169988475624756,-0.11255779789048932,False
development_180_CPU,history,development,180,CPU_URGENT_ONLINE_V1,85.0,95.0,resident_idle,9.555140659975752,9.668843501719348,1.3902752474597668,84.454881312,FROZEN,0.0,9.555140659975752,-0.11370284174359568,0.11370284174359568,-0.011759714770786873,False
development_180_CPU,history,development,180,CPU_URGENT_ONLINE_V1,85.0,95.0,resident_idle,9.555140659975752,9.668843501719348,1.3902752474597668,84.454881312,FULL_CORRECTION,1.0,10.94541590743552,1.2765724057161716,1.2765724057161716,0.13202948268726938,False
development_180_CPU,history,development,180,CPU_URGENT_ONLINE_V1,85.0,95.0,resident_idle,9.555140659975752,9.668843501719348,1.3902752474597668,84.454881312,DEV_MAE_SHRINK,0.26268831243642554,9.920349718553092,0.25150621683374474,0.25150621683374474,0.026012026856057916,False
development_180_CPU,history,development,180,CPU_URGENT_ONLINE_V1,95.0,105.0,resident_idle,9.555140659975752,9.360548473217502,-0.44642105339924876,94.343848082,FROZEN,0.0,9.555140659975752,0.19459218675824985,0.19459218675824985,0.02078854538438843,False
development_180_CPU,history,development,180,CPU_URGENT_ONLINE_V1,95.0,105.0,resident_idle,9.555140659975752,9.360548473217502,-0.44642105339924876,94.343848082,FULL_CORRECTION,1.0,9.108719606576503,-0.2518288666409987,0.2518288666409987,-0.026903216981519196,False
development_180_CPU,history,development,180,CPU_URGENT_ONLINE_V1,95.0,105.0,resident_idle,9.555140659975752,9.360548473217502,-0.44642105339924876,94.343848082,DEV_MAE_SHRINK,0.26268831243642554,9.437871066822211,0.07732259360470906,0.07732259360470906,0.00826047681136904,False
development_180_CPU,history,development,180,CPU_URGENT_ONLINE_V1,105.0,115.0,resident_idle,9.555140659975752,10.630742539274838,-0.12297789632241843,104.236425237,FROZEN,0.0,9.555140659975752,-1.0756018792990858,1.0756018792990858,-0.10117843371009308,False
development_180_CPU,history,development,180,CPU_URGENT_ONLINE_V1,105.0,115.0,resident_idle,9.555140659975752,10.630742539274838,-0.12297789632241843,104.236425237,FULL_CORRECTION,1.0,9.432162763653334,-1.1985797756215035,1.1985797756215035,-0.11274657167111331,False
development_180_CPU,history,development,180,CPU_URGENT_ONLINE_V1,105.0,115.0,resident_idle,9.555140659975752,10.630742539274838,-0.12297789632241843,104.236425237,DEV_MAE_SHRINK,0.26268831243642554,9.522835803923835,-1.107906735351003,1.107906735351003,-0.1042172483491052,False
development_180_C0,history,development,180,C0,35.0,45.0,resident_idle,9.672457208274682,10.366224924449494,0.1913811052269729,34.350123617,FROZEN,0.0,9.672457208274682,-0.6937677161748113,0.6937677161748113,-0.06692578264807951,False
development_180_C0,history,development,180,C0,35.0,45.0,resident_idle,9.672457208274682,10.366224924449494,0.1913811052269729,34.350123617,FULL_CORRECTION,1.0,9.863838313501656,-0.5023866109478377,0.5023866109478377,-0.04846379608867278,False
development_180_C0,history,development,180,C0,35.0,45.0,resident_idle,9.672457208274682,10.366224924449494,0.1913811052269729,34.350123617,DEV_MAE_SHRINK,0.26268831243642554,9.722730787838975,-0.6434941366105189,0.6434941366105189,-0.062076034554564924,False
development_180_C0,history,development,180,C0,45.0,55.0,resident_idle,9.672457208274682,10.195828156604229,0.5911297057144671,44.239832618,FROZEN,0.0,9.672457208274682,-0.5233709483295463,0.5233709483295463,-0.051331872241347935,False
development_180_C0,history,development,180,C0,45.0,55.0,resident_idle,9.672457208274682,10.195828156604229,0.5911297057144671,44.239832618,FULL_CORRECTION,1.0,10.26358691398915,0.06775875738492054,0.06775875738492054,0.006645733563195707,False
development_180_C0,history,development,180,C0,45.0,55.0,resident_idle,9.672457208274682,10.195828156604229,0.5911297057144671,44.239832618,DEV_MAE_SHRINK,0.26268831243642554,9.827740073099857,-0.3680880835043716,0.3680880835043716,-0.036101832813448004,False
development_180_C0,history,development,180,C0,55.0,65.0,resident_idle,9.672457208274682,8.306307593543565,0.5235913266474387,54.136486388,FROZEN,0.0,9.672457208274682,1.3661496147311176,1.3661496147311176,0.16447134895329618,False
development_180_C0,history,development,180,C0,55.0,65.0,resident_idle,9.672457208274682,8.306307593543565,0.5235913266474387,54.136486388,FULL_CORRECTION,1.0,10.196048534922122,1.889740941378557,1.889740941378557,0.22750673751203718,False
development_180_C0,history,development,180,C0,55.0,65.0,resident_idle,9.672457208274682,8.306307593543565,0.5235913266474387,54.136486388,DEV_MAE_SHRINK,0.26268831243642554,9.809998530278047,1.5036909367344826,1.5036909367344826,0.18103000879756623,False
development_180_C0,history,development,180,C0,65.0,75.0,resident_idle,9.672457208274682,9.386281460097724,-1.4109734978245216,64.951763696,FROZEN,0.0,9.672457208274682,0.2861757481769587,0.2861757481769587,0.030488724357300406,False
development_180_C0,history,development,180,C0,65.0,75.0,resident_idle,9.672457208274682,9.386281460097724,-1.4109734978245216,64.951763696,FULL_CORRECTION,1.0,8.261483710450161,-1.1247977496475627,1.1247977496475627,-0.11983422342801257,False
development_180_C0,history,development,180,C0,65.0,75.0,resident_idle,9.672457208274682,9.386281460097724,-1.4109734978245216,64.951763696,DEV_MAE_SHRINK,0.26268831243642554,9.301810961238639,-0.0844704988590852,0.0844704988590852,-0.008999357116892353,False
development_180_C0,history,development,180,C0,75.0,85.0,resident_idle,9.672457208274682,8.76471892704006,-0.28985786597288205,74.847343696,FROZEN,0.0,9.672457208274682,0.9077382812346233,0.9077382812346233,0.10356730076467796,False
development_180_C0,history,development,180,C0,75.0,85.0,resident_idle,9.672457208274682,8.76471892704006,-0.28985786597288205,74.847343696,FULL_CORRECTION,1.0,9.3825993423018,0.617880415261741,0.617880415261741,0.07049631829670161,False
development_180_C0,history,development,180,C0,75.0,85.0,resident_idle,9.672457208274682,8.76471892704006,-0.28985786597288205,74.847343696,DEV_MAE_SHRINK,0.26268831243642554,9.596314934615842,0.8315960075757829,0.8315960075757829,0.0948799401895506,False
development_180_C0,history,development,180,C0,85.0,95.0,resident_idle,9.672457208274682,12.870642673688742,-0.8787829724136252,84.754889159,FROZEN,0.0,9.672457208274682,-3.19818546541406,3.19818546541406,-0.24848685077335425,False
development_180_C0,history,development,180,C0,85.0,95.0,resident_idle,9.672457208274682,12.870642673688742,-0.8787829724136252,84.754889159,FULL_CORRECTION,1.0,8.793674235861058,-4.076968437827684,4.076968437827684,-0.3167649464903698,False
development_180_C0,history,development,180,C0,85.0,95.0,resident_idle,9.672457208274682,12.870642673688742,-0.8787829724136252,84.754889159,DEV_MAE_SHRINK,0.26268831243642554,9.44161119225348,-3.4290314814352616,3.4290314814352616,-0.26642270851362987,False
development_180_C0,history,development,180,C0,95.0,105.0,resident_idle,9.672457208274682,8.593041053695556,3.03462718518636,94.654377544,FROZEN,0.0,9.672457208274682,1.0794161545791265,1.0794161545791265,0.12561515159000766,False
development_180_C0,history,development,180,C0,95.0,105.0,resident_idle,9.672457208274682,8.593041053695556,3.03462718518636,94.654377544,FULL_CORRECTION,1.0,12.707084393461042,4.114043339765486,4.114043339765486,0.4787645391262485,False
development_180_C0,history,development,180,C0,95.0,105.0,resident_idle,9.672457208274682,8.593041053695556,3.03462718518636,94.654377544,DEV_MAE_SHRINK,0.26268831243642554,10.469618302424987,1.876577248729431,1.876577248729431,0.21838336823986,False
development_180_C0,history,development,180,C0,105.0,115.0,resident_idle,9.672457208274682,9.96745001882825,-1.0145038155511905,104.546191391,FROZEN,0.0,9.672457208274682,-0.29499281055356796,0.29499281055356796,-0.029595614725565145,False
development_180_C0,history,development,180,C0,105.0,115.0,resident_idle,9.672457208274682,9.96745001882825,-1.0145038155511905,104.546191391,FULL_CORRECTION,1.0,8.657953392723492,-1.3094966261047585,1.3094966261047585,-0.13137729545983715,False
development_180_C0,history,development,180,C0,105.0,115.0,resident_idle,9.672457208274682,9.96745001882825,-1.0145038155511905,104.546191391,DEV_MAE_SHRINK,0.26268831243642554,9.405958913007225,-0.561491105821025,0.561491105821025,-0.05633247267459412,False
confirmation_180_C0,history,confirmation,180,C0,35.0,45.0,resident_idle,9.876866695078006,11.885563265808075,0.05978825586571637,34.990126387,FROZEN,0.0,9.876866695078006,-2.00869657073007,2.00869657073007,-0.1690030607559517,False
confirmation_180_C0,history,confirmation,180,C0,35.0,45.0,resident_idle,9.876866695078006,11.885563265808075,0.05978825586571637,34.990126387,FULL_CORRECTION,1.0,9.936654950943723,-1.9489083148643527,1.9489083148643527,-0.16397273492884398,False
confirmation_180_C0,history,confirmation,180,C0,35.0,45.0,resident_idle,9.876866695078006,11.885563265808075,0.05978825586571637,34.990126387,DEV_MAE_SHRINK,0.26268831243642554,9.892572371114888,-1.9929908946931878,1.9929908946931878,-0.16768165295342344,False
confirmation_180_C0,history,confirmation,180,C0,45.0,55.0,resident_idle,9.876866695078006,8.620897437146153,2.0130917162358313,44.894112003,FROZEN,0.0,9.876866695078006,1.2559692579318522,1.2559692579318522,0.14568892242239992,False
confirmation_180_C0,history,confirmation,180,C0,45.0,55.0,resident_idle,9.876866695078006,8.620897437146153,2.0130917162358313,44.894112003,FULL_CORRECTION,1.0,11.889958411313836,3.269060974167683,3.269060974167683,0.37920193320962037,False
confirmation_180_C0,history,confirmation,180,C0,45.0,55.0,resident_idle,9.876866695078006,8.620897437146153,2.0130917162358313,44.894112003,DEV_MAE_SHRINK,0.26268831243642554,10.405682360795744,1.7847849236495907,1.7847849236495907,0.20703006115804376,False
confirmation_180_C0,history,confirmation,180,C0,55.0,65.0,resident_idle,9.876866695078006,10.196251698144312,-1.27303664147423,54.797865773,FROZEN,0.0,9.876866695078006,-0.3193850030663068,0.3193850030663068,-0.031323766078120055,False
confirmation_180_C0,history,confirmation,180,C0,55.0,65.0,resident_idle,9.876866695078006,10.196251698144312,-1.27303664147423,54.797865773,FULL_CORRECTION,1.0,8.603830053603776,-1.5924216445405364,1.5924216445405364,-0.15617716114543861,False
confirmation_180_C0,history,confirmation,180,C0,55.0,65.0,resident_idle,9.876866695078006,10.196251698144312,-1.27303664147423,54.797865773,DEV_MAE_SHRINK,0.26268831243642554,9.542454848059405,-0.6537968500849072,0.6537968500849072,-0.06412129373031232,False
confirmation_180_C0,history,confirmation,180,C0,65.0,75.0,resident_idle,9.876866695078006,10.531257587620283,0.4188848922711865,64.686768312,FROZEN,0.0,9.876866695078006,-0.6543908925422777,0.6543908925422777,-0.06213796283090901,False
confirmation_180_C0,history,confirmation,180,C0,65.0,75.0,resident_idle,9.876866695078006,10.531257587620283,0.4188848922711865,64.686768312,FULL_CORRECTION,1.0,10.295751587349192,-0.2355060002710907,0.2355060002710907,-0.022362571450909433,False
confirmation_180_C0,history,confirmation,180,C0,65.0,75.0,resident_idle,9.876866695078006,10.531257587620283,0.4188848922711865,64.686768312,DEV_MAE_SHRINK,0.26268831243642554,9.986902860533837,-0.5443547270864464,0.5443547270864464,-0.05168943239279865,False
confirmation_180_C0,history,confirmation,180,C0,75.0,85.0,resident_idle,9.876866695078006,8.4915668268385,0.5367336645843732,74.595362466,FROZEN,0.0,9.876866695078006,1.385299868239505,1.385299868239505,0.16313831080750815,False
confirmation_180_C0,history,confirmation,180,C0,75.0,85.0,resident_idle,9.876866695078006,8.4915668268385,0.5367336645843732,74.595362466,FULL_CORRECTION,1.0,10.413600359662379,1.9220335328238782,1.9220335328238782,0.22634615872645397,False
confirmation_180_C0,history,confirmation,180,C0,75.0,85.0,resident_idle,9.876866695078006,8.4915668268385,0.5367336645843732,74.595362466,DEV_MAE_SHRINK,0.26268831243642554,10.017860355655493,1.5262935288169928,1.5262935288169928,0.17974227371007429,False
confirmation_180_C0,history,confirmation,180,C0,85.0,95.0,resident_idle,9.876866695078006,9.165129189097796,-1.357533142803391,84.489357236,FROZEN,0.0,9.876866695078006,0.71173750598021,0.71173750598021,0.07765711658782112,False
confirmation_180_C0,history,confirmation,180,C0,85.0,95.0,resident_idle,9.876866695078006,9.165129189097796,-1.357533142803391,84.489357236,FULL_CORRECTION,1.0,8.519333552274615,-0.6457956368231805,0.6457956368231805,-0.07046225137681358,False
confirmation_180_C0,history,confirmation,180,C0,85.0,95.0,resident_idle,9.876866695078006,9.165129189097796,-1.357533142803391,84.489357236,DEV_MAE_SHRINK,0.26268831243642554,9.520258604718466,0.35512941562067013,0.35512941562067013,0.03874788977804127,False
confirmation_180_C0,history,confirmation,180,C0,95.0,105.0,resident_idle,9.876866695078006,8.657781694241873,-0.6911274887006379,94.388599929,FROZEN,0.0,9.876866695078006,1.2190850008361327,1.2190850008361327,0.14080800878207902,False
confirmation_180_C0,history,confirmation,180,C0,95.0,105.0,resident_idle,9.876866695078006,8.657781694241873,-0.6911274887006379,94.388599929,FULL_CORRECTION,1.0,9.185739206377368,0.5279575121354956,0.5279575121354956,0.06098069121870215,False
confirmation_180_C0,history,confirmation,180,C0,95.0,105.0,resident_idle,9.876866695078006,8.657781694241873,-0.6911274887006379,94.388599929,DEV_MAE_SHRINK,0.26268831243642554,9.69531558139281,1.0375338871509374,1.0375338871509374,0.11983830544502891,False
confirmation_180_C0,history,confirmation,180,C0,105.0,115.0,resident_idle,9.876866695078006,9.407332757076832,-1.178201420291154,104.285409853,FROZEN,0.0,9.876866695078006,0.4695339380011738,0.4695339380011738,0.04991148395893179,False
confirmation_180_C0,history,confirmation,180,C0,105.0,115.0,resident_idle,9.876866695078006,9.407332757076832,-1.178201420291154,104.285409853,FULL_CORRECTION,1.0,8.698665274786851,-0.7086674822899806,0.7086674822899806,-0.07533139313657987,False
confirmation_180_C0,history,confirmation,180,C0,105.0,115.0,resident_idle,9.876866695078006,9.407332757076832,-1.178201420291154,104.285409853,DEV_MAE_SHRINK,0.26268831243642554,9.567366952271522,0.1600341951946902,0.1600341951946902,0.01701164393002912,False
confirmation_180_CPU,history,confirmation,180,CPU_URGENT_ONLINE_V1,35.0,45.0,transition_or_mixed,16.455780349688137,15.526082689530195,-0.6458601822400595,34.611884541,FROZEN,0.0,16.455780349688137,0.9296976601579416,0.9296976601579416,0.05987973133653801,False
confirmation_180_CPU,history,confirmation,180,CPU_URGENT_ONLINE_V1,35.0,45.0,transition_or_mixed,16.455780349688137,15.526082689530195,-0.6458601822400595,34.611884541,FULL_CORRECTION,1.0,15.809920167448077,0.2838374779178814,0.2838374779178814,0.018281332361400043,False
confirmation_180_CPU,history,confirmation,180,CPU_URGENT_ONLINE_V1,35.0,45.0,transition_or_mixed,16.455780349688137,15.526082689530195,-0.6458601822400595,34.611884541,DEV_MAE_SHRINK,0.26268831243642554,16.286120428345612,0.7600377388154165,0.7600377388154165,0.04895231810970179,False
confirmation_180_CPU,history,confirmation,180,CPU_URGENT_ONLINE_V1,45.0,55.0,transition_or_mixed,16.58151843281789,16.015582936670143,-0.8992430989282768,44.515682772,FROZEN,0.0,16.58151843281789,0.5659354961477483,0.5659354961477483,0.03533655305495948,False
confirmation_180_CPU,history,confirmation,180,CPU_URGENT_ONLINE_V1,45.0,55.0,transition_or_mixed,16.58151843281789,16.015582936670143,-0.8992430989282768,44.515682772,FULL_CORRECTION,1.0,15.682275333889613,-0.33330760278052907,0.33330760278052907,-0.020811456198535864,False
confirmation_180_CPU,history,confirmation,180,CPU_URGENT_ONLINE_V1,45.0,55.0,transition_or_mixed,16.58151843281789,16.015582936670143,-0.8992430989282768,44.515682772,DEV_MAE_SHRINK,0.26268831243642554,16.34529778069032,0.32971484402017737,0.32971484402017737,0.02058712725749398,False
confirmation_180_CPU,history,confirmation,180,CPU_URGENT_ONLINE_V1,55.0,65.0,transition_or_mixed,16.5931785950091,16.829123440036305,-0.2072644898260237,54.39318185,FROZEN,0.0,16.5931785950091,-0.23594484502720547,0.23594484502720547,-0.014020031754351223,False
confirmation_180_CPU,history,confirmation,180,CPU_URGENT_ONLINE_V1,55.0,65.0,transition_or_mixed,16.5931785950091,16.829123440036305,-0.2072644898260237,54.39318185,FULL_CORRECTION,1.0,16.385914105183076,-0.4432093348532291,0.4432093348532291,-0.026335853821051598,False
confirmation_180_CPU,history,confirmation,180,CPU_URGENT_ONLINE_V1,55.0,65.0,transition_or_mixed,16.5931785950091,16.829123440036305,-0.2072644898260237,54.39318185,DEV_MAE_SHRINK,0.26268831243642554,16.538732635948705,-0.29039080408760043,0.29039080408760043,-0.01725525426932004,False
confirmation_180_CPU,history,confirmation,180,CPU_URGENT_ONLINE_V1,65.0,75.0,transition_or_mixed,15.477376051129246,14.722147712262508,0.4262452554105151,64.290469158,FROZEN,0.0,15.477376051129246,0.755228338866738,0.755228338866738,0.05129878830367163,False
confirmation_180_CPU,history,confirmation,180,CPU_URGENT_ONLINE_V1,65.0,75.0,transition_or_mixed,15.477376051129246,14.722147712262508,0.4262452554105151,64.290469158,FULL_CORRECTION,1.0,15.903621306539762,1.1814735942772536,1.1814735942772536,0.08025144274929191,False
confirmation_180_CPU,history,confirmation,180,CPU_URGENT_ONLINE_V1,65.0,75.0,transition_or_mixed,15.477376051129246,14.722147712262508,0.4262452554105151,64.290469158,DEV_MAE_SHRINK,0.26268831243642554,15.589345697957068,0.8671979856945597,0.8671979856945597,0.05890431224054661,False
confirmation_180_CPU,history,confirmation,180,CPU_URGENT_ONLINE_V1,75.0,85.0,resident_idle,9.808969956148777,10.6542418537844,-1.1915727755846137,74.209161466,FROZEN,0.0,9.808969956148777,-0.845271897635623,0.845271897635623,-0.07933665381693784,False
confirmation_180_CPU,history,confirmation,180,CPU_URGENT_ONLINE_V1,75.0,85.0,resident_idle,9.808969956148777,10.6542418537844,-1.1915727755846137,74.209161466,FULL_CORRECTION,1.0,8.617397180564163,-2.036844673220237,2.036844673220237,-0.19117687594981217,False
confirmation_180_CPU,history,confirmation,180,CPU_URGENT_ONLINE_V1,75.0,85.0,resident_idle,9.808969956148777,10.6542418537844,-1.1915727755846137,74.209161466,DEV_MAE_SHRINK,0.26268831243642554,9.495957714585268,-1.1582841391991323,1.1582841391991323,-0.10871577303153751,False
confirmation_180_CPU,history,confirmation,180,CPU_URGENT_ONLINE_V1,85.0,95.0,resident_idle,9.808969956148777,8.889994818231715,1.0430746319841049,84.113045236,FROZEN,0.0,9.808969956148777,0.9189751379170623,0.9189751379170623,0.1033718417959498,False
confirmation_180_CPU,history,confirmation,180,CPU_URGENT_ONLINE_V1,85.0,95.0,resident_idle,9.808969956148777,8.889994818231715,1.0430746319841049,84.113045236,FULL_CORRECTION,1.0,10.852044588132882,1.9620497699011672,1.9620497699011672,0.220703139880056,False
confirmation_180_CPU,history,confirmation,180,CPU_URGENT_ONLINE_V1,85.0,95.0,resident_idle,9.808969956148777,8.889994818231715,1.0430746319841049,84.113045236,DEV_MAE_SHRINK,0.26268831243642554,10.082973470969927,1.192978652738212,1.192978652738212,0.13419340248563882,False
confirmation_180_CPU,history,confirmation,180,CPU_URGENT_ONLINE_V1,95.0,105.0,resident_idle,9.808969956148777,10.120713370770568,-0.980945876668824,94.910055006,FROZEN,0.0,9.808969956148777,-0.311743414621791,0.311743414621791,-0.03080251393366509,False
confirmation_180_CPU,history,confirmation,180,CPU_URGENT_ONLINE_V1,95.0,105.0,resident_idle,9.808969956148777,10.120713370770568,-0.980945876668824,94.910055006,FULL_CORRECTION,1.0,8.828024079479952,-1.2926892912906158,1.2926892912906158,-0.1277270923435107,False
confirmation_180_CPU,history,confirmation,180,CPU_URGENT_ONLINE_V1,95.0,105.0,resident_idle,9.808969956148777,10.120713370770568,-0.980945876668824,94.910055006,DEV_MAE_SHRINK,0.26268831243642554,9.551286939215174,-0.5694264315553941,0.5694264315553941,-0.05626346786975939,False
confirmation_180_CPU,history,confirmation,180,CPU_URGENT_ONLINE_V1,105.0,115.0,resident_idle,9.808969956148777,9.733920956344347,0.3448154785489388,104.806010083,FROZEN,0.0,9.808969956148777,0.07504899980443014,0.07504899980443014,0.007710048205755659,False
confirmation_180_CPU,history,confirmation,180,CPU_URGENT_ONLINE_V1,105.0,115.0,resident_idle,9.808969956148777,9.733920956344347,0.3448154785489388,104.806010083,FULL_CORRECTION,1.0,10.153785434697717,0.4198644783533698,0.4198644783533698,0.04313415736951426,False
confirmation_180_CPU,history,confirmation,180,CPU_URGENT_ONLINE_V1,105.0,115.0,resident_idle,9.808969956148777,9.733920956344347,0.3448154785489388,104.806010083,DEV_MAE_SHRINK,0.26268831243642554,9.899548952310756,0.16562799596640865,0.16562799596640865,0.017015547661547024,False
confirmation_180_PAR,history,confirmation,180,B2_PARALLEL_ONLINE_V1,35.0,45.0,transition_or_mixed,16.760732865964858,17.86185338316777,0.04601161901860945,34.133478233,FROZEN,0.0,16.760732865964858,-1.1011205172029115,1.1011205172029115,-0.061646487269935796,False
confirmation_180_PAR,history,confirmation,180,B2_PARALLEL_ONLINE_V1,35.0,45.0,transition_or_mixed,16.760732865964858,17.86185338316777,0.04601161901860945,34.133478233,FULL_CORRECTION,1.0,16.80674448498347,-1.0551088981843009,1.0551088981843009,-0.05907051611892579,False
confirmation_180_PAR,history,confirmation,180,B2_PARALLEL_ONLINE_V1,35.0,45.0,transition_or_mixed,16.760732865964858,17.86185338316777,0.04601161901860945,34.133478233,DEV_MAE_SHRINK,0.26268831243642554,16.772819580517325,-1.0890338026504445,1.0890338026504445,-0.06096980975539203,False
confirmation_180_PAR,history,confirmation,180,B2_PARALLEL_ONLINE_V1,45.0,55.0,transition_or_mixed,16.85227748068571,18.676281231036228,0.9821112736253632,44.908402233,FROZEN,0.0,16.85227748068571,-1.824003750350517,1.824003750350517,-0.09766418313081457,False
confirmation_180_PAR,history,confirmation,180,B2_PARALLEL_ONLINE_V1,45.0,55.0,transition_or_mixed,16.85227748068571,18.676281231036228,0.9821112736253632,44.908402233,FULL_CORRECTION,1.0,17.834388754311075,-0.8418924767251532,0.8418924767251532,-0.045078164454179295,False
confirmation_180_PAR,history,confirmation,180,B2_PARALLEL_ONLINE_V1,45.0,55.0,transition_or_mixed,16.85227748068571,18.676281231036228,0.9821112736253632,44.908402233,DEV_MAE_SHRINK,0.26268831243642554,17.110266633779148,-1.5660145972570803,1.5660145972570803,-0.08385045062689882,False
confirmation_180_PAR,history,confirmation,180,B2_PARALLEL_ONLINE_V1,55.0,65.0,transition_or_mixed,16.95909307441684,18.956247373250992,1.7869441743628527,54.81517208,FROZEN,0.0,16.95909307441684,-1.9971542988341504,1.9971542988341504,-0.10535599475518127,False
confirmation_180_PAR,history,confirmation,180,B2_PARALLEL_ONLINE_V1,55.0,65.0,transition_or_mixed,16.95909307441684,18.956247373250992,1.7869441743628527,54.81517208,FULL_CORRECTION,1.0,18.746037248779693,-0.21021012447129905,0.21021012447129905,-0.011089226698313975,False
confirmation_180_PAR,history,confirmation,180,B2_PARALLEL_ONLINE_V1,55.0,65.0,transition_or_mixed,16.95909307441684,18.956247373250992,1.7869441743628527,54.81517208,DEV_MAE_SHRINK,0.26268831243642554,17.42850242399832,-1.5277449492526713,1.5277449492526713,-0.08059321653548687,False
confirmation_180_PAR,history,confirmation,180,B2_PARALLEL_ONLINE_V1,65.0,75.0,transition_or_mixed,12.561859323534101,11.311860992652116,1.8666610608023277,64.701281235,FROZEN,0.0,12.561859323534101,1.2499983308819846,1.2499983308819846,0.11050333200646209,False
confirmation_180_PAR,history,confirmation,180,B2_PARALLEL_ONLINE_V1,65.0,75.0,transition_or_mixed,12.561859323534101,11.311860992652116,1.8666610608023277,64.701281235,FULL_CORRECTION,1.0,14.428520384336428,3.116659391684312,3.116659391684312,0.27552136591042015,False
confirmation_180_PAR,history,confirmation,180,B2_PARALLEL_ONLINE_V1,65.0,75.0,transition_or_mixed,12.561859323534101,11.311860992652116,1.8666610608023277,64.701281235,DEV_MAE_SHRINK,0.26268831243642554,13.052209367487052,1.7403483748349355,1.7403483748349355,0.15385164085426964,False
confirmation_180_PAR,history,confirmation,180,B2_PARALLEL_ONLINE_V1,75.0,85.0,resident_idle,9.75698855476638,10.703667707543254,-1.3095156970288666,74.622118774,FROZEN,0.0,9.75698855476638,-0.9466791527768734,0.9466791527768734,-0.08844437053195468,False
confirmation_180_PAR,history,confirmation,180,B2_PARALLEL_ONLINE_V1,75.0,85.0,resident_idle,9.75698855476638,10.703667707543254,-1.3095156970288666,74.622118774,FULL_CORRECTION,1.0,8.447472857737514,-2.2561948498057394,2.2561948498057394,-0.21078707892022086,False
confirmation_180_PAR,history,confirmation,180,B2_PARALLEL_ONLINE_V1,75.0,85.0,resident_idle,9.75698855476638,10.703667707543254,-1.3095156970288666,74.622118774,DEV_MAE_SHRINK,0.26268831243642554,9.412994086204858,-1.2906736213383958,1.2906736213383958,-0.12058237013737005,False
confirmation_180_PAR,history,confirmation,180,B2_PARALLEL_ONLINE_V1,85.0,95.0,resident_idle,9.75698855476638,12.368748322185075,1.069198156133747,84.518610236,FROZEN,0.0,9.75698855476638,-2.611759767418695,2.611759767418695,-0.21115796840446172,False
confirmation_180_PAR,history,confirmation,180,B2_PARALLEL_ONLINE_V1,85.0,95.0,resident_idle,9.75698855476638,12.368748322185075,1.069198156133747,84.518610236,FULL_CORRECTION,1.0,10.826186710900128,-1.5425616112849472,1.5425616112849472,-0.12471444733968334,False
confirmation_180_PAR,history,confirmation,180,B2_PARALLEL_ONLINE_V1,85.0,95.0,resident_idle,9.75698855476638,12.368748322185075,1.069198156133747,84.518610236,DEV_MAE_SHRINK,0.26268831243642554,10.037854414061291,-2.330893908123784,2.330893908123784,-0.18845026573489254,False
confirmation_180_PAR,history,confirmation,180,B2_PARALLEL_ONLINE_V1,95.0,105.0,resident_idle,9.75698855476638,9.733574492976942,2.8887740382221554,94.414905544,FROZEN,0.0,9.75698855476638,0.02341406178943828,0.02341406178943828,0.0024054946932734944,False
confirmation_180_PAR,history,confirmation,180,B2_PARALLEL_ONLINE_V1,95.0,105.0,resident_idle,9.75698855476638,9.733574492976942,2.8887740382221554,94.414905544,FULL_CORRECTION,1.0,12.645762592988536,2.912188100011594,2.912188100011594,0.2991899946019649,False
confirmation_180_PAR,history,confirmation,180,B2_PARALLEL_ONLINE_V1,95.0,105.0,resident_idle,9.75698855476638,9.733574492976942,2.8887740382221554,94.414905544,DEV_MAE_SHRINK,0.26268831243642554,10.515835731877116,0.7822612389001744,0.7822612389001744,0.08036731413157609,False
confirmation_180_PAR,history,confirmation,180,B2_PARALLEL_ONLINE_V1,105.0,115.0,resident_idle,9.75698855476638,10.36872411584819,-0.03449941612392075,104.320501929,FROZEN,0.0,9.75698855476638,-0.6117355610818098,0.6117355610818098,-0.05899815196614171,False
confirmation_180_PAR,history,confirmation,180,B2_PARALLEL_ONLINE_V1,105.0,115.0,resident_idle,9.75698855476638,10.36872411584819,-0.03449941612392075,104.320501929,FULL_CORRECTION,1.0,9.722489138642459,-0.6462349772057312,0.6462349772057312,-0.06232540956683246,False
confirmation_180_PAR,history,confirmation,180,B2_PARALLEL_ONLINE_V1,105.0,115.0,resident_idle,9.75698855476638,10.36872411584819,-0.03449941612392075,104.320501929,DEV_MAE_SHRINK,0.26268831243642554,9.747925961364745,-0.6207981544834453,0.6207981544834453,-0.05987218365030849,False
confirmation_30_PAR,history,confirmation,30,B2_PARALLEL_ONLINE_V1,35.0,45.0,transition_or_mixed,17.452959890687875,15.707727371068387,-0.21067970378616202,34.541648695,FROZEN,0.0,17.452959890687875,1.7452325196194884,1.7452325196194884,0.11110662149853595,False
confirmation_30_PAR,history,confirmation,30,B2_PARALLEL_ONLINE_V1,35.0,45.0,transition_or_mixed,17.452959890687875,15.707727371068387,-0.21067970378616202,34.541648695,FULL_CORRECTION,1.0,17.242280186901713,1.534552815833326,1.534552815833326,0.09769413356764613,False
confirmation_30_PAR,history,confirmation,30,B2_PARALLEL_ONLINE_V1,35.0,45.0,transition_or_mixed,17.452959890687875,15.707727371068387,-0.21067970378616202,34.541648695,DEV_MAE_SHRINK,0.26268831243642554,17.39761679483568,1.6898894237672941,1.6898894237672941,0.1075833176783965,False
confirmation_30_PAR,history,confirmation,30,B2_PARALLEL_ONLINE_V1,45.0,55.0,transition_or_mixed,17.554098515353804,16.66371278214441,-1.6499023971289872,44.440953542,FROZEN,0.0,17.554098515353804,0.8903857332093921,0.8903857332093921,0.05343261401885556,False
confirmation_30_PAR,history,confirmation,30,B2_PARALLEL_ONLINE_V1,45.0,55.0,transition_or_mixed,17.554098515353804,16.66371278214441,-1.6499023971289872,44.440953542,FULL_CORRECTION,1.0,15.904196118224817,-0.7595166639195945,0.7595166639195945,-0.045579077955150295,False
confirmation_30_PAR,history,confirmation,30,B2_PARALLEL_ONLINE_V1,45.0,55.0,transition_or_mixed,17.554098515353804,16.66371278214441,-1.6499023971289872,44.440953542,DEV_MAE_SHRINK,0.26268831243642554,17.12068843896718,0.45697565682276675,0.45697565682276675,0.027423399742728866,False
confirmation_30_PAR,history,confirmation,30,B2_PARALLEL_ONLINE_V1,55.0,65.0,transition_or_mixed,17.516820434498264,17.32489172897605,-0.8480216992591776,54.344588311,FROZEN,0.0,17.516820434498264,0.19192870552221564,0.19192870552221564,0.011078205193121814,False
confirmation_30_PAR,history,confirmation,30,B2_PARALLEL_ONLINE_V1,55.0,65.0,transition_or_mixed,17.516820434498264,17.32489172897605,-0.8480216992591776,54.344588311,FULL_CORRECTION,1.0,16.668798735239086,-0.6560929937369622,0.6560929937369622,-0.03786996213313358,False
confirmation_30_PAR,history,confirmation,30,B2_PARALLEL_ONLINE_V1,55.0,65.0,transition_or_mixed,17.516820434498264,17.32489172897605,-0.8480216992591776,54.344588311,DEV_MAE_SHRINK,0.26268831243642554,17.2940550454104,-0.03083668356564928,0.03083668356564928,-0.0017799062786680872,False
confirmation_30_PAR,history,confirmation,30,B2_PARALLEL_ONLINE_V1,65.0,75.0,transition_or_mixed,13.15740960608802,14.180166043926487,-0.43017161604744364,64.24533762,FROZEN,0.0,13.15740960608802,-1.022756437838467,1.022756437838467,-0.07212584356700986,False
confirmation_30_PAR,history,confirmation,30,B2_PARALLEL_ONLINE_V1,65.0,75.0,transition_or_mixed,13.15740960608802,14.180166043926487,-0.43017161604744364,64.24533762,FULL_CORRECTION,1.0,12.727237990040576,-1.4529280538859108,1.4529280538859108,-0.10246199158635487,False
confirmation_30_PAR,history,confirmation,30,B2_PARALLEL_ONLINE_V1,65.0,75.0,transition_or_mixed,13.15740960608802,14.180166043926487,-0.43017161604744364,64.24533762,DEV_MAE_SHRINK,0.26268831243642554,13.044408550210466,-1.1357574937160209,1.1357574937160209,-0.08009479509603327,False
confirmation_30_PAR,history,confirmation,30,B2_PARALLEL_ONLINE_V1,75.0,85.0,resident_idle,10.402069353663965,9.876114399380977,1.063029049877418,74.159127466,FROZEN,0.0,10.402069353663965,0.5259549542829873,0.5259549542829873,0.053255251307736326,False
confirmation_30_PAR,history,confirmation,30,B2_PARALLEL_ONLINE_V1,75.0,85.0,resident_idle,10.402069353663965,9.876114399380977,1.063029049877418,74.159127466,FULL_CORRECTION,1.0,11.465098403541383,1.5889840041604053,1.5889840041604053,0.160891615862611,False
confirmation_30_PAR,history,confirmation,30,B2_PARALLEL_ONLINE_V1,75.0,85.0,resident_idle,10.402069353663965,9.876114399380977,1.063029049877418,74.159127466,DEV_MAE_SHRINK,0.26268831243642554,10.68131466084716,0.8052002614661831,0.8052002614661831,0.08153006626944824,False
confirmation_30_PAR,history,confirmation,30,B2_PARALLEL_ONLINE_V1,85.0,95.0,resident_idle,10.402069353663965,9.008656598121474,-0.5297360014182285,84.941595082,FROZEN,0.0,10.402069353663965,1.3934127555424904,1.3934127555424904,0.15467486637608666,False
confirmation_30_PAR,history,confirmation,30,B2_PARALLEL_ONLINE_V1,85.0,95.0,resident_idle,10.402069353663965,9.008656598121474,-0.5297360014182285,84.941595082,FULL_CORRECTION,1.0,9.872333352245736,0.8636767541242616,0.8636767541242616,0.09587186998607088,False
confirmation_30_PAR,history,confirmation,30,B2_PARALLEL_ONLINE_V1,85.0,95.0,resident_idle,10.402069353663965,9.008656598121474,-0.5297360014182285,84.941595082,DEV_MAE_SHRINK,0.26268831243642554,10.26291389741459,1.2542572992931156,1.2542572992931156,0.13922800648818814,False
confirmation_30_PAR,history,confirmation,30,B2_PARALLEL_ONLINE_V1,95.0,105.0,resident_idle,10.402069353663965,10.935668537549013,-1.4215160616572002,94.855377852,FROZEN,0.0,10.402069353663965,-0.5335991838850482,0.5335991838850482,-0.04879438161945631,False
confirmation_30_PAR,history,confirmation,30,B2_PARALLEL_ONLINE_V1,95.0,105.0,resident_idle,10.402069353663965,10.935668537549013,-1.4215160616572002,94.855377852,FULL_CORRECTION,1.0,8.980553292006764,-1.955115245542249,1.955115245542249,-0.17878333078852118,False
confirmation_30_PAR,history,confirmation,30,B2_PARALLEL_ONLINE_V1,95.0,105.0,resident_idle,10.402069353663965,10.935668537549013,-1.4215160616572002,94.855377852,DEV_MAE_SHRINK,0.26268831243642554,10.02865369832596,-0.9070148392230521,0.9070148392230521,-0.08294095931206226,False
confirmation_30_PAR,history,confirmation,30,B2_PARALLEL_ONLINE_V1,105.0,115.0,resident_idle,10.402069353663965,9.965992098776653,0.6679511885003077,104.740770545,FROZEN,0.0,10.402069353663965,0.4360772548873122,0.4360772548873122,0.04375653227146765,False
confirmation_30_PAR,history,confirmation,30,B2_PARALLEL_ONLINE_V1,105.0,115.0,resident_idle,10.402069353663965,9.965992098776653,0.6679511885003077,104.740770545,FULL_CORRECTION,1.0,11.070020542164272,1.1040284433876195,1.1040284433876195,0.1107795824485092,False
confirmation_30_PAR,history,confirmation,30,B2_PARALLEL_ONLINE_V1,105.0,115.0,resident_idle,10.402069353663965,9.965992098776653,0.6679511885003077,104.740770545,DEV_MAE_SHRINK,0.26268831243642554,10.577532324161016,0.6115402253843634,0.6115402253843634,0.06136270421681664,False
confirmation_30_CPU,history,confirmation,30,CPU_URGENT_ONLINE_V1,35.0,45.0,transition_or_mixed,16.978396727681417,16.76023486958486,0.6480339153434157,34.521344079,FROZEN,0.0,16.978396727681417,0.21816185809655764,0.21816185809655764,0.013016634897668434,False
confirmation_30_CPU,history,confirmation,30,CPU_URGENT_ONLINE_V1,35.0,45.0,transition_or_mixed,16.978396727681417,16.76023486958486,0.6480339153434157,34.521344079,FULL_CORRECTION,1.0,17.626430643024833,0.8661957734399728,0.8661957734399728,0.051681601133876466,False
confirmation_30_CPU,history,confirmation,30,CPU_URGENT_ONLINE_V1,35.0,45.0,transition_or_mixed,16.978396727681417,16.76023486958486,0.6480339153434157,34.521344079,DEV_MAE_SHRINK,0.26268831243642554,17.14862766330455,0.3883927937196887,0.3883927937196887,0.02317346962866929,False
confirmation_30_CPU,history,confirmation,30,CPU_URGENT_ONLINE_V1,45.0,55.0,transition_or_mixed,17.074131980767543,18.941754378162436,-0.2876597635719026,44.426231695,FROZEN,0.0,17.074131980767543,-1.8676223973948929,1.8676223973948929,-0.0985981741769409,False
confirmation_30_CPU,history,confirmation,30,CPU_URGENT_ONLINE_V1,45.0,55.0,transition_or_mixed,17.074131980767543,18.941754378162436,-0.2876597635719026,44.426231695,FULL_CORRECTION,1.0,16.78647221719564,-2.155282160966795,2.155282160966795,-0.11378471697698583,False
confirmation_30_CPU,history,confirmation,30,CPU_URGENT_ONLINE_V1,45.0,55.0,transition_or_mixed,17.074131980767543,18.941754378162436,-0.2876597635719026,44.426231695,DEV_MAE_SHRINK,0.26268831243642554,16.998567122918978,-1.9431872552434584,1.9431872552434584,-0.10258750147682832,False
confirmation_30_CPU,history,confirmation,30,CPU_URGENT_ONLINE_V1,55.0,65.0,transition_or_mixed,17.090376982416544,17.20203074805798,1.4739232121174648,54.317182465,FROZEN,0.0,17.090376982416544,-0.11165376564143514,0.11165376564143514,-0.006490731662832325,False
confirmation_30_CPU,history,confirmation,30,CPU_URGENT_ONLINE_V1,55.0,65.0,transition_or_mixed,17.090376982416544,17.20203074805798,1.4739232121174648,54.317182465,FULL_CORRECTION,1.0,18.56430019453401,1.3622694464760308,1.3622694464760308,0.07919236201980537,False
confirmation_30_CPU,history,confirmation,30,CPU_URGENT_ONLINE_V1,55.0,65.0,transition_or_mixed,17.090376982416544,17.20203074805798,1.4739232121174648,54.317182465,DEV_MAE_SHRINK,0.26268831243642554,17.477559383668556,0.27552863561057706,0.27552863561057706,0.016017215620991888,False
confirmation_30_CPU,history,confirmation,30,CPU_URGENT_ONLINE_V1,65.0,75.0,transition_or_mixed,15.82854658545834,15.512106946889137,0.3227187119550776,64.222881619,FROZEN,0.0,15.82854658545834,0.31643963856920365,0.31643963856920365,0.020399526618314335,False
confirmation_30_CPU,history,confirmation,30,CPU_URGENT_ONLINE_V1,65.0,75.0,transition_or_mixed,15.82854658545834,15.512106946889137,0.3227187119550776,64.222881619,FULL_CORRECTION,1.0,16.151265297413417,0.6391583505242799,0.6391583505242799,0.0412038385702633,False
confirmation_30_CPU,history,confirmation,30,CPU_URGENT_ONLINE_V1,65.0,75.0,transition_or_mixed,15.82854658545834,15.512106946889137,0.3227187119550776,64.222881619,DEV_MAE_SHRINK,0.26268831243642554,15.913321019293477,0.4012140724043398,0.4012140724043398,0.025864576216372785,False
confirmation_30_CPU,history,confirmation,30,CPU_URGENT_ONLINE_V1,75.0,85.0,resident_idle,10.305387242514758,10.491542668331643,-0.14597725517529492,74.124299773,FROZEN,0.0,10.305387242514758,-0.18615542581688516,0.18615542581688516,-0.017743379758516243,False
confirmation_30_CPU,history,confirmation,30,CPU_URGENT_ONLINE_V1,75.0,85.0,resident_idle,10.305387242514758,10.491542668331643,-0.14597725517529492,74.124299773,FULL_CORRECTION,1.0,10.159409987339464,-0.33213268099217963,0.33213268099217963,-0.03165718250326623,False
confirmation_30_CPU,history,confirmation,30,CPU_URGENT_ONLINE_V1,75.0,85.0,resident_idle,10.305387242514758,10.491542668331643,-0.14597725517529492,74.124299773,DEV_MAE_SHRINK,0.26268831243642554,10.267040723698658,-0.22450194463298523,0.22450194463298523,-0.02139837312110797,False
confirmation_30_CPU,history,confirmation,30,CPU_URGENT_ONLINE_V1,85.0,95.0,resident_idle,10.305387242514758,9.209493547244799,0.20667805906334394,84.918868005,FROZEN,0.0,10.305387242514758,1.0958936952699592,1.0958936952699592,0.11899608698871582,False
confirmation_30_CPU,history,confirmation,30,CPU_URGENT_ONLINE_V1,85.0,95.0,resident_idle,10.305387242514758,9.209493547244799,0.20667805906334394,84.918868005,FULL_CORRECTION,1.0,10.512065301578103,1.3025717543333037,1.3025717543333037,0.14143793550113226,False
confirmation_30_CPU,history,confirmation,30,CPU_URGENT_ONLINE_V1,85.0,95.0,resident_idle,10.305387242514758,9.209493547244799,0.20667805906334394,84.918868005,DEV_MAE_SHRINK,0.26268831243642554,10.359679153067743,1.1501856058229443,1.1501856058229443,0.12489129830239633,False
confirmation_30_CPU,history,confirmation,30,CPU_URGENT_ONLINE_V1,95.0,105.0,resident_idle,10.305387242514758,10.441012710885571,-1.0438518179816043,94.833363698,FROZEN,0.0,10.305387242514758,-0.13562546837081335,0.13562546837081335,-0.012989685208352749,False
confirmation_30_CPU,history,confirmation,30,CPU_URGENT_ONLINE_V1,95.0,105.0,resident_idle,10.305387242514758,10.441012710885571,-1.0438518179816043,94.833363698,FULL_CORRECTION,1.0,9.261535424533154,-1.1794772863524177,1.1794772863524177,-0.11296579355015252,False
confirmation_30_CPU,history,confirmation,30,CPU_URGENT_ONLINE_V1,95.0,105.0,resident_idle,10.305387242514758,10.441012710885571,-1.0438518179816043,94.833363698,DEV_MAE_SHRINK,0.26268831243642554,10.031179570015476,-0.40983314087009504,0.40983314087009504,-0.0392522403926213,False
confirmation_30_CPU,history,confirmation,30,CPU_URGENT_ONLINE_V1,105.0,115.0,resident_idle,10.305387242514758,10.184201158842152,-0.021900284097136256,104.736700621,FROZEN,0.0,10.305387242514758,0.12118608367260642,0.12118608367260642,0.01189941967783992,False
confirmation_30_CPU,history,confirmation,30,CPU_URGENT_ONLINE_V1,105.0,115.0,resident_idle,10.305387242514758,10.184201158842152,-0.021900284097136256,104.736700621,FULL_CORRECTION,1.0,10.283486958417623,0.09928579957547079,0.09928579957547079,0.009749002207136162,False
confirmation_30_CPU,history,confirmation,30,CPU_URGENT_ONLINE_V1,105.0,115.0,resident_idle,10.305387242514758,10.184201158842152,-0.021900284097136256,104.736700621,DEV_MAE_SHRINK,0.26268831243642554,10.299634293843402,0.11543313500125052,0.11543313500125052,0.01133453014142684,False
confirmation_30_C0,history,confirmation,30,C0,35.0,45.0,resident_idle,10.527204737314289,8.407234943748431,0.05752088615792343,34.181539002,FROZEN,0.0,10.527204737314289,2.1199697935658577,2.1199697935658577,0.2521601701094668,False
confirmation_30_C0,history,confirmation,30,C0,35.0,45.0,resident_idle,10.527204737314289,8.407234943748431,0.05752088615792343,34.181539002,FULL_CORRECTION,1.0,10.584725623472213,2.177490679723782,2.177490679723782,0.2590020017631303,False
confirmation_30_C0,history,confirmation,30,C0,35.0,45.0,resident_idle,10.527204737314289,8.407234943748431,0.05752088615792343,34.181539002,DEV_MAE_SHRINK,0.26268831243642554,10.542314801828962,2.1350798580805304,2.1350798580805304,0.2539574393205417,False
confirmation_30_C0,history,confirmation,30,C0,45.0,55.0,resident_idle,10.527204737314289,9.30658572585783,-1.8838598313318646,44.101040234,FROZEN,0.0,10.527204737314289,1.2206190114564581,1.2206190114564581,0.1311564785853781,False
confirmation_30_C0,history,confirmation,30,C0,45.0,55.0,resident_idle,10.527204737314289,9.30658572585783,-1.8838598313318646,44.101040234,FULL_CORRECTION,1.0,8.643344905982424,-0.6632408198754067,0.6632408198754067,-0.07126575087925414,False
confirmation_30_C0,history,confirmation,30,C0,45.0,55.0,resident_idle,10.527204737314289,9.30658572585783,-1.8838598313318646,44.101040234,DEV_MAE_SHRINK,0.26268831243642554,10.032336777354953,0.7257510514971219,0.7257510514971219,0.07798252472769504,False
confirmation_30_C0,history,confirmation,30,C0,55.0,65.0,resident_idle,10.527204737314289,10.71988535633019,-1.2792094564146936,54.894713542,FROZEN,0.0,10.527204737314289,-0.19268061901590094,0.19268061901590094,-0.017974130563077458,False
confirmation_30_C0,history,confirmation,30,C0,55.0,65.0,resident_idle,10.527204737314289,10.71988535633019,-1.2792094564146936,54.894713542,FULL_CORRECTION,1.0,9.247995280899595,-1.4718900754305952,1.4718900754305952,-0.13730464706522544,False
confirmation_30_C0,history,confirmation,30,C0,55.0,65.0,resident_idle,10.527204737314289,10.71988535633019,-1.2792094564146936,54.894713542,DEV_MAE_SHRINK,0.26268831243642554,10.191171363955997,-0.5287139923741933,0.5287139923741933,-0.04932086256519365,False
confirmation_30_C0,history,confirmation,30,C0,65.0,75.0,resident_idle,10.527204737314289,9.01176633009046,0.2877642330407939,64.785275927,FROZEN,0.0,10.527204737314289,1.5154384072238294,1.5154384072238294,0.1681621950364771,False
confirmation_30_C0,history,confirmation,30,C0,65.0,75.0,resident_idle,10.527204737314289,9.01176633009046,0.2877642330407939,64.785275927,FULL_CORRECTION,1.0,10.814968970355082,1.8032026402646224,1.8032026402646224,0.20009425169444245,False
confirmation_30_C0,history,confirmation,30,C0,65.0,75.0,resident_idle,10.527204737314289,9.01176633009046,0.2877642330407939,64.785275927,DEV_MAE_SHRINK,0.26268831243642554,10.602797038071337,1.5910307079808774,1.5910307079808774,0.17655037311258234,False
confirmation_30_C0,history,confirmation,30,C0,75.0,85.0,resident_idle,10.527204737314289,10.22537514494117,-1.5856916261163105,74.69729562,FROZEN,0.0,10.527204737314289,0.3018295923731191,0.3018295923731191,0.029517703565374243,False
confirmation_30_C0,history,confirmation,30,C0,75.0,85.0,resident_idle,10.527204737314289,10.22537514494117,-1.5856916261163105,74.69729562,FULL_CORRECTION,1.0,8.941513111197978,-1.2838620337431923,1.2838620337431923,-0.12555647255429658,False
confirmation_30_C0,history,confirmation,30,C0,75.0,85.0,resident_idle,10.527204737314289,10.22537514494117,-1.5856916261163105,74.69729562,DEV_MAE_SHRINK,0.26268831243642554,10.110662080005223,-0.11471306493594646,0.11471306493594646,-0.011218470061971153,False
confirmation_30_C0,history,confirmation,30,C0,85.0,95.0,resident_idle,10.527204737314289,8.875253853565207,-0.23629428509489458,84.602983698,FROZEN,0.0,10.527204737314289,1.6519508837490822,1.6519508837490822,0.1861299869282601,False
confirmation_30_C0,history,confirmation,30,C0,85.0,95.0,resident_idle,10.527204737314289,8.875253853565207,-0.23629428509489458,84.602983698,FULL_CORRECTION,1.0,10.290910452219395,1.4156565986541878,1.4156565986541878,0.1595060402791201,False
confirmation_30_C0,history,confirmation,30,C0,85.0,95.0,resident_idle,10.527204737314289,8.875253853565207,-0.23629428509489458,84.602983698,DEV_MAE_SHRINK,0.26268831243642554,10.465132990324339,1.5898791367591318,1.5898791367591318,0.1791361873126,False
confirmation_30_C0,history,confirmation,30,C0,95.0,105.0,resident_idle,10.527204737314289,10.57310498981459,-1.5673106119741553,94.504265852,FROZEN,0.0,10.527204737314289,-0.045900252500301164,0.045900252500301164,-0.004341227344712678,False
confirmation_30_C0,history,confirmation,30,C0,95.0,105.0,resident_idle,10.527204737314289,10.57310498981459,-1.5673106119741553,94.504265852,FULL_CORRECTION,1.0,8.959894125340133,-1.613210864474457,1.613210864474457,-0.15257683206858483,False
confirmation_30_C0,history,confirmation,30,C0,95.0,105.0,resident_idle,10.527204737314289,10.57310498981459,-1.5673106119741553,94.504265852,DEV_MAE_SHRINK,0.26268831243642554,10.115490557591096,-0.45761443222349385,0.45761443222349385,-0.04328098819261971,False
confirmation_30_C0,history,confirmation,30,C0,105.0,115.0,resident_idle,10.527204737314289,9.656135336579108,0.3162037642270744,104.405307699,FROZEN,0.0,10.527204737314289,0.8710694007351805,0.8710694007351805,0.09020890556860975,False
confirmation_30_C0,history,confirmation,30,C0,105.0,115.0,resident_idle,10.527204737314289,9.656135336579108,0.3162037642270744,104.405307699,FULL_CORRECTION,1.0,10.843408501541363,1.1872731649622548,1.1872731649622548,0.12295531530763233,False
confirmation_30_C0,history,confirmation,30,C0,105.0,115.0,resident_idle,10.527204737314289,9.656135336579108,0.3162037642270744,104.405307699,DEV_MAE_SHRINK,0.26268831243642554,10.610267770525144,0.954132433946036,0.954132433946036,0.09881100468130531,False
sustained_0,sustained,evaluation,,CPU_URGENT_ONLINE_V1,35.0,45.0,transition_or_mixed,17.706841327231285,17.884059445614714,0.37130703748905336,34.12336154,FROZEN,0.0,17.706841327231285,-0.17721811838342916,0.17721811838342916,-0.009909278087693015,False
sustained_0,sustained,evaluation,,CPU_URGENT_ONLINE_V1,35.0,45.0,transition_or_mixed,17.706841327231285,17.884059445614714,0.37130703748905336,34.12336154,FULL_CORRECTION,1.0,18.078148364720338,0.1940889191056243,0.1940889191056243,0.010852621000050196,False
sustained_0,sustained,evaluation,,CPU_URGENT_ONLINE_V1,35.0,45.0,transition_or_mixed,17.706841327231285,17.884059445614714,0.37130703748905336,34.12336154,DEV_MAE_SHRINK,0.26268831243642554,17.80437934630505,-0.07968009930966247,0.07968009930966247,-0.004455369853358464,False
sustained_0,sustained,evaluation,,CPU_URGENT_ONLINE_V1,45.0,55.0,transition_or_mixed,17.87660366224655,16.491843856614214,0.19748639056485717,44.924932387,FROZEN,0.0,17.87660366224655,1.384759805632335,1.384759805632335,0.08396634225208018,False
sustained_0,sustained,evaluation,,CPU_URGENT_ONLINE_V1,45.0,55.0,transition_or_mixed,17.87660366224655,16.491843856614214,0.19748639056485717,44.924932387,FULL_CORRECTION,1.0,18.074090052811407,1.5822461961971932,1.5822461961971932,0.09594113368728131,False
sustained_0,sustained,evaluation,,CPU_URGENT_ONLINE_V1,45.0,55.0,transition_or_mixed,17.87660366224655,16.491843856614214,0.19748639056485717,44.924932387,DEV_MAE_SHRINK,0.26268831243642554,17.928481028913193,1.4366371722989797,1.4366371722989797,0.08711198000597141,False
sustained_0,sustained,evaluation,,CPU_URGENT_ONLINE_V1,55.0,65.0,transition_or_mixed,17.89394034041522,18.105898631426825,-1.5399050479474108,54.828287157,FROZEN,0.0,17.89394034041522,-0.21195829101160513,0.21195829101160513,-0.011706587743935794,False
sustained_0,sustained,evaluation,,CPU_URGENT_ONLINE_V1,55.0,65.0,transition_or_mixed,17.89394034041522,18.105898631426825,-1.5399050479474108,54.828287157,FULL_CORRECTION,1.0,16.35403529246781,-1.7518633389590157,1.7518633389590157,-0.09675649768182543,False
sustained_0,sustained,evaluation,,CPU_URGENT_ONLINE_V1,55.0,65.0,transition_or_mixed,17.89394034041522,18.105898631426825,-1.5399050479474108,54.828287157,DEV_MAE_SHRINK,0.26268831243642554,17.48942528205758,-0.6164733493692438,0.6164733493692438,-0.03404820505839002,False
sustained_0,sustained,evaluation,,CPU_URGENT_ONLINE_V1,65.0,75.0,transition_or_mixed,17.902142010965072,19.96855657673719,0.2934977662556861,64.731902234,FROZEN,0.0,17.902142010965072,-2.066414565772117,2.066414565772117,-0.10348342194044373,False
sustained_0,sustained,evaluation,,CPU_URGENT_ONLINE_V1,65.0,75.0,transition_or_mixed,17.902142010965072,19.96855657673719,0.2934977662556861,64.731902234,FULL_CORRECTION,1.0,18.19563977722076,-1.7729167995164303,1.7729167995164303,-0.08878542586206901,False
sustained_0,sustained,evaluation,,CPU_URGENT_ONLINE_V1,65.0,75.0,transition_or_mixed,17.902142010965072,19.96855657673719,0.2934977662556861,64.731902234,DEV_MAE_SHRINK,0.26268831243642554,17.97924044388664,-1.9893161328505506,1.9893161328505506,-0.0996224301544183,False
sustained_0,sustained,evaluation,,CPU_URGENT_ONLINE_V1,75.0,85.0,transition_or_mixed,17.87679706753707,17.82980420792646,1.878097332017037,74.614247697,FROZEN,0.0,17.87679706753707,0.04699285961060795,0.04699285961060795,0.002635635201743645,False
sustained_0,sustained,evaluation,,CPU_URGENT_ONLINE_V1,75.0,85.0,transition_or_mixed,17.87679706753707,17.82980420792646,1.878097332017037,74.614247697,FULL_CORRECTION,1.0,19.754894399554107,1.9250901916276462,1.9250901916276462,0.10797034948773153,False
sustained_0,sustained,evaluation,,CPU_URGENT_ONLINE_V1,75.0,85.0,transition_or_mixed,17.87679706753707,17.82980420792646,1.878097332017037,74.614247697,DEV_MAE_SHRINK,0.26268831243642554,18.370151286275977,0.5403470783495159,0.5403470783495159,0.03030583353850279,False
sustained_0,sustained,evaluation,,CPU_URGENT_ONLINE_V1,85.0,95.0,transition_or_mixed,17.892861633110606,17.841763365148616,0.0493664787760186,84.545637005,FROZEN,0.0,17.892861633110606,0.05109826796199002,0.05109826796199002,0.0028639696041369614,False
sustained_0,sustained,evaluation,,CPU_URGENT_ONLINE_V1,85.0,95.0,transition_or_mixed,17.892861633110606,17.841763365148616,0.0493664787760186,84.545637005,FULL_CORRECTION,1.0,17.942228111886624,0.10046474673800887,0.10046474673800887,0.005630875417519138,False
sustained_0,sustained,evaluation,,CPU_URGENT_ONLINE_V1,85.0,95.0,transition_or_mixed,17.892861633110606,17.841763365148616,0.0493664787760186,84.545637005,DEV_MAE_SHRINK,0.26268831243642554,17.905829630111207,0.06406626496259094,0.06406626496259094,0.0035908034229248553,False
sustained_0,sustained,evaluation,,CPU_URGENT_ONLINE_V1,95.0,105.0,transition_or_mixed,17.8592035736649,18.826815049554487,-0.04144174767695505,94.432578159,FROZEN,0.0,17.8592035736649,-0.9676114758895871,0.9676114758895871,-0.05139538861685925,False
sustained_0,sustained,evaluation,,CPU_URGENT_ONLINE_V1,95.0,105.0,transition_or_mixed,17.8592035736649,18.826815049554487,-0.04144174767695505,94.432578159,FULL_CORRECTION,1.0,17.817761825987944,-1.0090532235665428,1.0090532235665428,-0.053596597242315865,False
sustained_0,sustained,evaluation,,CPU_URGENT_ONLINE_V1,95.0,105.0,transition_or_mixed,17.8592035736649,18.826815049554487,-0.04144174767695505,94.432578159,DEV_MAE_SHRINK,0.26268831243642554,17.848317310903223,-0.9784977386512637,0.9784977386512637,-0.051973620396001,False
sustained_0,sustained,evaluation,,CPU_URGENT_ONLINE_V1,105.0,115.0,transition_or_mixed,15.903084016049318,16.431796770493293,1.1869980611306357,104.325241852,FROZEN,0.0,15.903084016049318,-0.5287127544439745,0.5287127544439745,-0.032176198490562406,False
sustained_0,sustained,evaluation,,CPU_URGENT_ONLINE_V1,105.0,115.0,transition_or_mixed,15.903084016049318,16.431796770493293,1.1869980611306357,104.325241852,FULL_CORRECTION,1.0,17.090082077179954,0.6582853066866612,0.6582853066866612,0.040061675292184074,False
sustained_0,sustained,evaluation,,CPU_URGENT_ONLINE_V1,105.0,115.0,transition_or_mixed,15.903084016049318,16.431796770493293,1.1869980611306357,104.325241852,DEV_MAE_SHRINK,0.26268831243642554,16.214894533593032,-0.21690223690026045,0.21690223690026045,-0.01320015333257733,False
sustained_1,sustained,evaluation,,B2_PARALLEL_ONLINE_V1,35.0,45.0,transition_or_mixed,17.933246561075137,16.618424091908672,-0.3919447900825098,34.945100617,FROZEN,0.0,17.933246561075137,1.3148224691664652,1.3148224691664652,0.07911836055541739,False
sustained_1,sustained,evaluation,,B2_PARALLEL_ONLINE_V1,35.0,45.0,transition_or_mixed,17.933246561075137,16.618424091908672,-0.3919447900825098,34.945100617,FULL_CORRECTION,1.0,17.54130177099263,0.9228776790839568,0.9228776790839568,0.05553340521218831,False
sustained_1,sustained,evaluation,,B2_PARALLEL_ONLINE_V1,35.0,45.0,transition_or_mixed,17.933246561075137,16.618424091908672,-0.3919447900825098,34.945100617,DEV_MAE_SHRINK,0.26268831243642554,17.830287245600115,1.2118631536914428,1.2118631536914428,0.07292286843741613,False
sustained_1,sustained,evaluation,,B2_PARALLEL_ONLINE_V1,45.0,55.0,transition_or_mixed,18.09817186533992,18.289659154029216,-1.4293050740380937,44.831645002,FROZEN,0.0,18.09817186533992,-0.1914872886892951,0.1914872886892951,-0.010469702419091304,False
sustained_1,sustained,evaluation,,B2_PARALLEL_ONLINE_V1,45.0,55.0,transition_or_mixed,18.09817186533992,18.289659154029216,-1.4293050740380937,44.831645002,FULL_CORRECTION,1.0,16.668866791301827,-1.6207923627273892,1.6207923627273892,-0.08861796434135998,False
sustained_1,sustained,evaluation,,B2_PARALLEL_ONLINE_V1,45.0,55.0,transition_or_mixed,18.09817186533992,18.289659154029216,-1.4293050740380937,44.831645002,DEV_MAE_SHRINK,0.26268831243642554,17.722710127484035,-0.5669490265451813,0.5669490265451813,-0.03099833746329178,False
sustained_1,sustained,evaluation,,B2_PARALLEL_ONLINE_V1,55.0,65.0,transition_or_mixed,17.959621900290486,17.786157792111602,0.45046992074828784,54.765921618,FROZEN,0.0,17.959621900290486,0.1734641081788837,0.1734641081788837,0.0097527588704862,False
sustained_1,sustained,evaluation,,B2_PARALLEL_ONLINE_V1,55.0,65.0,transition_or_mixed,17.959621900290486,17.786157792111602,0.45046992074828784,54.765921618,FULL_CORRECTION,1.0,18.410091821038773,0.6239340289271702,0.6239340289271702,0.035079753380119746,False
sustained_1,sustained,evaluation,,B2_PARALLEL_ONLINE_V1,55.0,65.0,transition_or_mixed,17.959621900290486,17.786157792111602,0.45046992074828784,54.765921618,DEV_MAE_SHRINK,0.26268831243642554,18.077955083575223,0.2917972914636202,0.2917972914636202,0.016405864317308384,False
sustained_1,sustained,evaluation,,B2_PARALLEL_ONLINE_V1,65.0,75.0,transition_or_mixed,18.050166814417146,18.147111933341723,-0.3108009588562191,64.717248311,FROZEN,0.0,18.050166814417146,-0.09694511892457669,0.09694511892457669,-0.00534217892525693,False
sustained_1,sustained,evaluation,,B2_PARALLEL_ONLINE_V1,65.0,75.0,transition_or_mixed,18.050166814417146,18.147111933341723,-0.3108009588562191,64.717248311,FULL_CORRECTION,1.0,17.739365855560926,-0.4077460777807964,0.4077460777807964,-0.02246892394109521,False
sustained_1,sustained,evaluation,,B2_PARALLEL_ONLINE_V1,65.0,75.0,transition_or_mixed,18.050166814417146,18.147111933341723,-0.3108009588562191,64.717248311,DEV_MAE_SHRINK,0.26268831243642554,17.968523035031584,-0.1785888983101387,0.1785888983101387,-0.00984117467099638,False
sustained_1,sustained,evaluation,,B2_PARALLEL_ONLINE_V1,75.0,85.0,transition_or_mixed,18.107278262022696,15.986684804937566,0.05011918784660462,74.552046158,FROZEN,0.0,18.107278262022696,2.12059345708513,2.12059345708513,0.13264748025995823,False
sustained_1,sustained,evaluation,,B2_PARALLEL_ONLINE_V1,75.0,85.0,transition_or_mixed,18.107278262022696,15.986684804937566,0.05011918784660462,74.552046158,FULL_CORRECTION,1.0,18.1573974498693,2.1707126449317347,2.1707126449317347,0.13578253849486666,False
sustained_1,sustained,evaluation,,B2_PARALLEL_ONLINE_V1,75.0,85.0,transition_or_mixed,18.107278262022696,15.986684804937566,0.05011918784660462,74.552046158,DEV_MAE_SHRINK,0.26268831243642554,18.120443986898806,2.1337591819612403,2.1337591819612403,0.13347102341707634,False
sustained_1,sustained,evaluation,,B2_PARALLEL_ONLINE_V1,85.0,95.0,transition_or_mixed,18.144187641949326,18.519785299668527,-2.138441438752823,84.44751362,FROZEN,0.0,18.144187641949326,-0.37559765771920084,0.37559765771920084,-0.020280886178843736,False
sustained_1,sustained,evaluation,,B2_PARALLEL_ONLINE_V1,85.0,95.0,transition_or_mixed,18.144187641949326,18.519785299668527,-2.138441438752823,84.44751362,FULL_CORRECTION,1.0,16.0057462031965,-2.5140390964720254,2.5140390964720254,-0.1357488251506362,False
sustained_1,sustained,evaluation,,B2_PARALLEL_ONLINE_V1,85.0,95.0,transition_or_mixed,18.144187641949326,18.519785299668527,-2.138441438752823,84.44751362,DEV_MAE_SHRINK,0.26268831243642554,17.582444069159227,-0.9373412305093005,0.9373412305093005,-0.05061296420785598,False
sustained_1,sustained,evaluation,,B2_PARALLEL_ONLINE_V1,95.0,105.0,transition_or_mixed,17.999888021048275,17.848019162454875,0.23496930353391893,94.333422236,FROZEN,0.0,17.999888021048275,0.15186885859339938,0.15186885859339938,0.0085090035600629,False
sustained_1,sustained,evaluation,,B2_PARALLEL_ONLINE_V1,95.0,105.0,transition_or_mixed,17.999888021048275,17.848019162454875,0.23496930353391893,94.333422236,FULL_CORRECTION,1.0,18.234857324582194,0.3868381621273187,0.3868381621273187,0.021674010914391674,False
sustained_1,sustained,evaluation,,B2_PARALLEL_ONLINE_V1,95.0,105.0,transition_or_mixed,17.999888021048275,17.848019162454875,0.23496930353391893,94.333422236,DEV_MAE_SHRINK,0.26268831243642554,18.06161171086796,0.21359254841308584,0.21359254841308584,0.011967297125184597,False
sustained_1,sustained,evaluation,,B2_PARALLEL_ONLINE_V1,105.0,115.0,transition_or_mixed,16.250002928775455,16.20230502992446,0.2764410634439569,104.246742237,FROZEN,0.0,16.250002928775455,0.047697898850994846,0.047697898850994846,0.0029438958693161466,False
sustained_1,sustained,evaluation,,B2_PARALLEL_ONLINE_V1,105.0,115.0,transition_or_mixed,16.250002928775455,16.20230502992446,0.2764410634439569,104.246742237,FULL_CORRECTION,1.0,16.526443992219413,0.32413896229495265,0.32413896229495265,0.020005731387990285,False
sustained_1,sustained,evaluation,,B2_PARALLEL_ONLINE_V1,105.0,115.0,transition_or_mixed,16.250002928775455,16.20230502992446,0.2764410634439569,104.246742237,DEV_MAE_SHRINK,0.26268831243642554,16.32262076521968,0.12031573529521822,0.12031573529521822,0.007425840648784475,False
sustained_2,sustained,evaluation,,B2_PARALLEL_ONLINE_V1,35.0,45.0,transition_or_mixed,17.375333367293106,18.15869164298405,0.17386129728598074,34.906464695,FROZEN,0.0,17.375333367293106,-0.7833582756909436,0.7833582756909436,-0.04313957696360843,False
sustained_2,sustained,evaluation,,B2_PARALLEL_ONLINE_V1,35.0,45.0,transition_or_mixed,17.375333367293106,18.15869164298405,0.17386129728598074,34.906464695,FULL_CORRECTION,1.0,17.549194664579087,-0.6094969784049624,0.6094969784049624,-0.03356502717201286,False
sustained_2,sustained,evaluation,,B2_PARALLEL_ONLINE_V1,35.0,45.0,transition_or_mixed,17.375333367293106,18.15869164298405,0.17386129728598074,34.906464695,DEV_MAE_SHRINK,0.26268831243642554,17.42100469807517,-0.7376869449088801,0.7376869449088801,-0.04062445463651558,False
sustained_2,sustained,evaluation,,B2_PARALLEL_ONLINE_V1,45.0,55.0,transition_or_mixed,17.440705040190377,18.299932550106508,0.6515100609202884,44.792864388,FROZEN,0.0,17.440705040190377,-0.8592275099161313,0.8592275099161313,-0.046952496003113985,False
sustained_2,sustained,evaluation,,B2_PARALLEL_ONLINE_V1,45.0,55.0,transition_or_mixed,17.440705040190377,18.299932550106508,0.6515100609202884,44.792864388,FULL_CORRECTION,1.0,18.092215101110664,-0.20771744899584377,0.20771744899584377,-0.01135072210933558,False
sustained_2,sustained,evaluation,,B2_PARALLEL_ONLINE_V1,45.0,55.0,transition_or_mixed,17.440705040190377,18.299932550106508,0.6515100609202884,44.792864388,DEV_MAE_SHRINK,0.26268831243642554,17.61184911862888,-0.6880834314776294,0.6880834314776294,-0.03760032609921421,False
sustained_2,sustained,evaluation,,B2_PARALLEL_ONLINE_V1,55.0,65.0,transition_or_mixed,17.40480788942145,15.77837460966833,1.0540624712677324,54.686500927,FROZEN,0.0,17.40480788942145,1.626433279753119,1.626433279753119,0.1030799001791039,False
sustained_2,sustained,evaluation,,B2_PARALLEL_ONLINE_V1,55.0,65.0,transition_or_mixed,17.40480788942145,15.77837460966833,1.0540624712677324,54.686500927,FULL_CORRECTION,1.0,18.458870360689183,2.680495751020853,2.680495751020853,0.16988414949777889,False
sustained_2,sustained,evaluation,,B2_PARALLEL_ONLINE_V1,55.0,65.0,transition_or_mixed,17.40480788942145,15.77837460966833,1.0540624712677324,54.686500927,DEV_MAE_SHRINK,0.26268831243642554,17.681697781201336,1.9033231715330068,1.9033231715330068,0.12062859569620878,False
sustained_2,sustained,evaluation,,B2_PARALLEL_ONLINE_V1,65.0,75.0,transition_or_mixed,17.45823260715548,19.27953909016877,-1.7015055254267184,64.591484004,FROZEN,0.0,17.45823260715548,-1.8213064830132915,1.8213064830132915,-0.09446836226193973,False
sustained_2,sustained,evaluation,,B2_PARALLEL_ONLINE_V1,65.0,75.0,transition_or_mixed,17.45823260715548,19.27953909016877,-1.7015055254267184,64.591484004,FULL_CORRECTION,1.0,15.756727081728762,-3.5228120084400096,3.5228120084400096,-0.1827228333604925,False
sustained_2,sustained,evaluation,,B2_PARALLEL_ONLINE_V1,65.0,75.0,transition_or_mixed,17.45823260715548,19.27953909016877,-1.7015055254267184,64.591484004,DEV_MAE_SHRINK,0.26268831243642554,17.011266992079882,-2.2682720980888895,2.2682720980888895,-0.11765178033978785,False
sustained_2,sustained,evaluation,,B2_PARALLEL_ONLINE_V1,75.0,85.0,transition_or_mixed,17.3576401823522,17.049733119246415,1.6969040667234305,74.494391082,FROZEN,0.0,17.3576401823522,0.30790706310578386,0.30790706310578386,0.01805934796470252,False
sustained_2,sustained,evaluation,,B2_PARALLEL_ONLINE_V1,75.0,85.0,transition_or_mixed,17.3576401823522,17.049733119246415,1.6969040667234305,74.494391082,FULL_CORRECTION,1.0,19.05454424907563,2.004811129829214,2.004811129829214,0.11758607104331174,False
sustained_2,sustained,evaluation,,B2_PARALLEL_ONLINE_V1,75.0,85.0,transition_or_mixed,17.3576401823522,17.049733119246415,1.6969040667234305,74.494391082,DEV_MAE_SHRINK,0.26268831243642554,17.803397048006286,0.7536639287598703,0.7536639287598703,0.044203854892549875,False
sustained_2,sustained,evaluation,,B2_PARALLEL_ONLINE_V1,85.0,95.0,transition_or_mixed,17.49548930187546,20.0633389958646,-0.3993518086790129,84.391141236,FROZEN,0.0,17.49548930187546,-2.5678496939891424,2.5678496939891424,-0.12798715580285117,False
sustained_2,sustained,evaluation,,B2_PARALLEL_ONLINE_V1,85.0,95.0,transition_or_mixed,17.49548930187546,20.0633389958646,-0.3993518086790129,84.391141236,FULL_CORRECTION,1.0,17.096137493196444,-2.967201502668157,2.967201502668157,-0.14789170951454034,False
sustained_2,sustained,evaluation,,B2_PARALLEL_ONLINE_V1,85.0,95.0,transition_or_mixed,17.49548930187546,20.0633389958646,-0.3993518086790129,84.391141236,DEV_MAE_SHRINK,0.26268831243642554,17.390584249185135,-2.672754746679466,2.672754746679466,-0.13321584942717496,False
sustained_2,sustained,evaluation,,B2_PARALLEL_ONLINE_V1,95.0,105.0,transition_or_mixed,17.34911333433567,18.60735064299704,2.4949902615831543,94.301409852,FROZEN,0.0,17.34911333433567,-1.2582373086613714,1.2582373086613714,-0.06762044381288179,False
sustained_2,sustained,evaluation,,B2_PARALLEL_ONLINE_V1,95.0,105.0,transition_or_mixed,17.34911333433567,18.60735064299704,2.4949902615831543,94.301409852,FULL_CORRECTION,1.0,19.844103595918824,1.2367529529217833,1.2367529529217833,0.06646582722335277,False
sustained_2,sustained,evaluation,,B2_PARALLEL_ONLINE_V1,95.0,105.0,transition_or_mixed,17.34911333433567,18.60735064299704,2.4949902615831543,94.301409852,DEV_MAE_SHRINK,0.26268831243642554,18.004518115696264,-0.6028325273007766,0.6028325273007766,-0.03239754755348018,False
sustained_2,sustained,evaluation,,B2_PARALLEL_ONLINE_V1,105.0,115.0,transition_or_mixed,15.607009077574196,15.83485574841872,1.498465812516772,104.19890993,FROZEN,0.0,15.607009077574196,-0.22784667084452437,0.22784667084452437,-0.014388932521047898,False
sustained_2,sustained,evaluation,,B2_PARALLEL_ONLINE_V1,105.0,115.0,transition_or_mixed,15.607009077574196,15.83485574841872,1.498465812516772,104.19890993,FULL_CORRECTION,1.0,17.105474890090967,1.2706191416722472,1.2706191416722472,0.08024191453712057,False
sustained_2,sustained,evaluation,,B2_PARALLEL_ONLINE_V1,105.0,115.0,transition_or_mixed,15.607009077574196,15.83485574841872,1.498465812516772,104.19890993,DEV_MAE_SHRINK,0.26268831243642554,16.000638533107903,0.16578278468918306,0.16578278468918306,0.010469484997091827,False
sustained_3,sustained,evaluation,,CPU_URGENT_ONLINE_V1,35.0,45.0,transition_or_mixed,18.000386985524912,17.700795346403314,-0.2569454972776073,34.270885463,FROZEN,0.0,18.000386985524912,0.2995916391215978,0.2995916391215978,0.016925320769977315,False
sustained_3,sustained,evaluation,,CPU_URGENT_ONLINE_V1,35.0,45.0,transition_or_mixed,18.000386985524912,17.700795346403314,-0.2569454972776073,34.270885463,FULL_CORRECTION,1.0,17.743441488247306,0.04264614184399207,0.04264614184399207,0.002409278284360114,False
sustained_3,sustained,evaluation,,CPU_URGENT_ONLINE_V1,35.0,45.0,transition_or_mixed,18.000386985524912,17.700795346403314,-0.2569454972776073,34.270885463,DEV_MAE_SHRINK,0.26268831243642554,17.93289040645692,0.2320950600536058,0.2320950600536058,0.0131121260661751,False
sustained_3,sustained,evaluation,,CPU_URGENT_ONLINE_V1,45.0,55.0,transition_or_mixed,18.183393292445558,19.910144674786817,-0.8156215818775034,44.157188925,FROZEN,0.0,18.183393292445558,-1.7267513823412592,1.7267513823412592,-0.08672721421898698,False
sustained_3,sustained,evaluation,,CPU_URGENT_ONLINE_V1,45.0,55.0,transition_or_mixed,18.183393292445558,19.910144674786817,-0.8156215818775034,44.157188925,FULL_CORRECTION,1.0,17.367771710568054,-2.542372964218764,2.542372964218764,-0.1276923400480507,False
sustained_3,sustained,evaluation,,CPU_URGENT_ONLINE_V1,45.0,55.0,transition_or_mixed,18.183393292445558,19.910144674786817,-0.8156215818775034,44.157188925,DEV_MAE_SHRINK,0.26268831243642554,17.96913903551543,-1.9410056392713884,1.9410056392713884,-0.09748827399176953,False
sustained_3,sustained,evaluation,,CPU_URGENT_ONLINE_V1,55.0,65.0,transition_or_mixed,18.164640706385214,20.219766099861737,1.6639798297215667,54.962259003,FROZEN,0.0,18.164640706385214,-2.055125393476523,2.055125393476523,-0.10163942467616259,False
sustained_3,sustained,evaluation,,CPU_URGENT_ONLINE_V1,55.0,65.0,transition_or_mixed,18.164640706385214,20.219766099861737,1.6639798297215667,54.962259003,FULL_CORRECTION,1.0,19.82862053610678,-0.39114556375495724,0.39114556375495724,-0.019344712585850927,False
sustained_3,sustained,evaluation,,CPU_URGENT_ONLINE_V1,55.0,65.0,transition_or_mixed,18.164640706385214,20.219766099861737,1.6639798297215667,54.962259003,DEV_MAE_SHRINK,0.26268831243642554,18.60174875978302,-1.6180173400787154,1.6180173400787154,-0.08002156563471718,False
sustained_3,sustained,evaluation,,CPU_URGENT_ONLINE_V1,65.0,75.0,transition_or_mixed,18.122877029081707,17.89066446367098,2.1209881155395425,64.850195696,FROZEN,0.0,18.122877029081707,0.23221256541072677,0.23221256541072677,0.01297953834427227,False
sustained_3,sustained,evaluation,,CPU_URGENT_ONLINE_V1,65.0,75.0,transition_or_mixed,18.122877029081707,17.89066446367098,2.1209881155395425,64.850195696,FULL_CORRECTION,1.0,20.24386514462125,2.3532006809502697,2.3532006809502697,0.1315323243431629,False
sustained_3,sustained,evaluation,,CPU_URGENT_ONLINE_V1,65.0,75.0,transition_or_mixed,18.122877029081707,17.89066446367098,2.1209881155395425,64.850195696,DEV_MAE_SHRINK,0.26268831243642554,18.680035817850502,0.7893713541795222,0.7893713541795222,0.04412196963295746,False
sustained_3,sustained,evaluation,,CPU_URGENT_ONLINE_V1,75.0,85.0,transition_or_mixed,18.12333423294701,17.353592869320224,-0.16178263574592977,74.832831081,FROZEN,0.0,18.12333423294701,0.7697413636267854,0.7697413636267854,0.044356311077668936,False
sustained_3,sustained,evaluation,,CPU_URGENT_ONLINE_V1,75.0,85.0,transition_or_mixed,18.12333423294701,17.353592869320224,-0.16178263574592977,74.832831081,FULL_CORRECTION,1.0,17.96155159720108,0.607958727880856,0.607958727880856,0.03503359404931522,False
sustained_3,sustained,evaluation,,CPU_URGENT_ONLINE_V1,75.0,85.0,transition_or_mixed,18.12333423294701,17.353592869320224,-0.16178263574592977,74.832831081,DEV_MAE_SHRINK,0.26268831243642554,18.080835825381392,0.7272429560611684,0.7272429560611684,0.041907342274168265,False
sustained_3,sustained,evaluation,,CPU_URGENT_ONLINE_V1,85.0,95.0,transition_or_mixed,18.177674511298846,18.498975303550036,-0.9789813702277868,84.658690159,FROZEN,0.0,18.177674511298846,-0.3213007922511899,0.3213007922511899,-0.017368572419766994,False
sustained_3,sustained,evaluation,,CPU_URGENT_ONLINE_V1,85.0,95.0,transition_or_mixed,18.177674511298846,18.498975303550036,-0.9789813702277868,84.658690159,FULL_CORRECTION,1.0,17.19869314107106,-1.3002821624789753,1.3002821624789753,-0.07028941555640897,False
sustained_3,sustained,evaluation,,CPU_URGENT_ONLINE_V1,85.0,95.0,transition_or_mixed,18.177674511298846,18.498975303550036,-0.9789813702277868,84.658690159,DEV_MAE_SHRINK,0.26268831243642554,17.92050754724701,-0.5784677563030272,0.5784677563030272,-0.03127025939604431,False
sustained_3,sustained,evaluation,,CPU_URGENT_ONLINE_V1,95.0,105.0,transition_or_mixed,18.17012136107389,18.55622879098826,0.6435995785181063,94.552379082,FROZEN,0.0,18.17012136107389,-0.38610742991437164,0.38610742991437164,-0.02080742990741108,False
sustained_3,sustained,evaluation,,CPU_URGENT_ONLINE_V1,95.0,105.0,transition_or_mixed,18.17012136107389,18.55622879098826,0.6435995785181063,94.552379082,FULL_CORRECTION,1.0,18.813720939591995,0.2574921486037347,0.2574921486037347,0.013876318917170524,False
sustained_3,sustained,evaluation,,CPU_URGENT_ONLINE_V1,95.0,105.0,transition_or_mixed,18.17012136107389,18.55622879098826,0.6435995785181063,94.552379082,DEV_MAE_SHRINK,0.26268831243642554,18.339187448239606,-0.2170413427486544,0.2170413427486544,-0.011696414459712817,False
sustained_3,sustained,evaluation,,CPU_URGENT_ONLINE_V1,105.0,115.0,transition_or_mixed,16.195456520848722,17.36930797095434,0.20925911292669996,104.457626083,FROZEN,0.0,16.195456520848722,-1.1738514501056159,1.1738514501056159,-0.06758193545008113,False
sustained_3,sustained,evaluation,,CPU_URGENT_ONLINE_V1,105.0,115.0,transition_or_mixed,16.195456520848722,17.36930797095434,0.20925911292669996,104.457626083,FULL_CORRECTION,1.0,16.40471563377542,-0.9645923371789173,0.9645923371789173,-0.05553429870619761,False
sustained_3,sustained,evaluation,,CPU_URGENT_ONLINE_V1,105.0,115.0,transition_or_mixed,16.195456520848722,17.36930797095434,0.20925911292669996,104.457626083,DEV_MAE_SHRINK,0.26268831243642554,16.25042644408538,-1.1188815268689574,1.1188815268689574,-0.06441716208498326,False
sustained_4,sustained,evaluation,,B2_PARALLEL_ONLINE_V1,35.0,45.0,transition_or_mixed,17.347690583690472,17.78297038212167,1.1436166587863799,34.371405925,FROZEN,0.0,17.347690583690472,-0.43527979843119624,0.43527979843119624,-0.0244773392227437,False
sustained_4,sustained,evaluation,,B2_PARALLEL_ONLINE_V1,35.0,45.0,transition_or_mixed,17.347690583690472,17.78297038212167,1.1436166587863799,34.371405925,FULL_CORRECTION,1.0,18.49130724247685,0.7083368603551818,0.7083368603551818,0.03983231401359793,False
sustained_4,sustained,evaluation,,B2_PARALLEL_ONLINE_V1,35.0,45.0,transition_or_mixed,17.347690583690472,17.78297038212167,1.1436166587863799,34.371405925,DEV_MAE_SHRINK,0.26268831243642554,17.64810531386125,-0.13486506826041733,0.13486506826041733,-0.007583944940717307,False
sustained_4,sustained,evaluation,,B2_PARALLEL_ONLINE_V1,45.0,55.0,transition_or_mixed,17.527283177540745,18.06822118027924,0.7130811594960862,44.255713618,FROZEN,0.0,17.527283177540745,-0.5409380027384962,0.5409380027384962,-0.029938641847538867,False
sustained_4,sustained,evaluation,,B2_PARALLEL_ONLINE_V1,45.0,55.0,transition_or_mixed,17.527283177540745,18.06822118027924,0.7130811594960862,44.255713618,FULL_CORRECTION,1.0,18.24036433703683,0.1721431567575884,0.1721431567575884,0.009527399240910108,False
sustained_4,sustained,evaluation,,B2_PARALLEL_ONLINE_V1,45.0,55.0,transition_or_mixed,17.527283177540745,18.06822118027924,0.7130811594960862,44.255713618,DEV_MAE_SHRINK,0.26268831243642554,17.714601263958983,-0.3536199163202589,0.3536199163202589,-0.019571374115467506,False
sustained_4,sustained,evaluation,,B2_PARALLEL_ONLINE_V1,55.0,65.0,transition_or_mixed,17.41453424675862,19.958304423410507,0.2764142735860919,54.164850465,FROZEN,0.0,17.41453424675862,-2.5437701766518863,2.5437701766518863,-0.12745422269780185,False
sustained_4,sustained,evaluation,,B2_PARALLEL_ONLINE_V1,55.0,65.0,transition_or_mixed,17.41453424675862,19.958304423410507,0.2764142735860919,54.164850465,FULL_CORRECTION,1.0,17.690948520344712,-2.267355903065795,2.267355903065795,-0.11360463569271209,False
sustained_4,sustained,evaluation,,B2_PARALLEL_ONLINE_V1,55.0,65.0,transition_or_mixed,17.41453424675862,19.958304423410507,0.2764142735860919,54.164850465,DEV_MAE_SHRINK,0.26268831243642554,17.48714504582029,-2.471159377590215,2.471159377590215,-0.12381609805949335,False
sustained_4,sustained,evaluation,,B2_PARALLEL_ONLINE_V1,65.0,75.0,transition_or_mixed,17.473119991927796,17.25513848809273,2.5026560017070287,64.96974985,FROZEN,0.0,17.473119991927796,0.2179815038350661,0.2179815038350661,0.012632845803323387,False
sustained_4,sustained,evaluation,,B2_PARALLEL_ONLINE_V1,65.0,75.0,transition_or_mixed,17.473119991927796,17.25513848809273,2.5026560017070287,64.96974985,FULL_CORRECTION,1.0,19.975775993634823,2.7206375055420935,2.7206375055420935,0.15767114865056148,False
sustained_4,sustained,evaluation,,B2_PARALLEL_ONLINE_V1,65.0,75.0,transition_or_mixed,17.473119991927796,17.25513848809273,2.5026560017070287,64.96974985,DEV_MAE_SHRINK,0.26268831243642554,18.13053847362511,0.8753999855323791,0.8753999855323791,0.05073271281690769,False
sustained_4,sustained,evaluation,,B2_PARALLEL_ONLINE_V1,75.0,85.0,transition_or_mixed,17.434318782898337,19.533996380899953,-0.21800139220227327,74.867444697,FROZEN,0.0,17.434318782898337,-2.099677598001616,2.099677598001616,-0.10748837857135313,False
sustained_4,sustained,evaluation,,B2_PARALLEL_ONLINE_V1,75.0,85.0,transition_or_mixed,17.434318782898337,19.533996380899953,-0.21800139220227327,74.867444697,FULL_CORRECTION,1.0,17.216317390696066,-2.3176789902038877,2.3176789902038877,-0.11864848057769066,False
sustained_4,sustained,evaluation,,B2_PARALLEL_ONLINE_V1,75.0,85.0,transition_or_mixed,17.434318782898337,19.533996380899953,-0.21800139220227327,74.867444697,DEV_MAE_SHRINK,0.26268831243642554,17.377052365071933,-2.156944015828021,2.156944015828021,-0.11042000693401623,False
sustained_4,sustained,evaluation,,B2_PARALLEL_ONLINE_V1,85.0,95.0,transition_or_mixed,17.46227356586367,18.92159183570966,2.1314983228072,84.753230466,FROZEN,0.0,17.46227356586367,-1.4593182698459906,1.4593182698459906,-0.07712449790254439,False
sustained_4,sustained,evaluation,,B2_PARALLEL_ONLINE_V1,85.0,95.0,transition_or_mixed,17.46227356586367,18.92159183570966,2.1314983228072,84.753230466,FULL_CORRECTION,1.0,19.59377188867087,0.6721800529612096,0.6721800529612096,0.03552449808650041,False
sustained_4,sustained,evaluation,,B2_PARALLEL_ONLINE_V1,85.0,95.0,transition_or_mixed,17.46227356586367,18.92159183570966,2.1314983228072,84.753230466,DEV_MAE_SHRINK,0.26268831243642554,18.022193263242965,-0.8993985724666942,0.8993985724666942,-0.047532923248524456,False
sustained_4,sustained,evaluation,,B2_PARALLEL_ONLINE_V1,95.0,105.0,transition_or_mixed,17.422499953572554,17.838242798709913,1.7756356123281551,94.669642236,FROZEN,0.0,17.422499953572554,-0.41574284513735904,0.41574284513735904,-0.0233062667566912,False
sustained_4,sustained,evaluation,,B2_PARALLEL_ONLINE_V1,95.0,105.0,transition_or_mixed,17.422499953572554,17.838242798709913,1.7756356123281551,94.669642236,FULL_CORRECTION,1.0,19.19813556590071,1.3598927671907965,1.3598927671907965,0.0762346819995715,False
sustained_4,sustained,evaluation,,B2_PARALLEL_ONLINE_V1,95.0,105.0,transition_or_mixed,17.422499953572554,17.838242798709913,1.7756356123281551,94.669642236,DEV_MAE_SHRINK,0.26268831243642554,17.888938676077057,0.05069587736714354,0.05069587736714354,0.0028419770904121754,False
sustained_4,sustained,evaluation,,B2_PARALLEL_ONLINE_V1,105.0,115.0,transition_or_mixed,15.641185100419433,15.525202636801474,0.48463206822410815,104.568224621,FROZEN,0.0,15.641185100419433,0.11598246361795894,0.11598246361795894,0.007470592579772848,False
sustained_4,sustained,evaluation,,B2_PARALLEL_ONLINE_V1,105.0,115.0,transition_or_mixed,15.641185100419433,15.525202636801474,0.48463206822410815,104.568224621,FULL_CORRECTION,1.0,16.12581716864354,0.6006145318420657,0.6006145318420657,0.03868642142024919,False
sustained_4,sustained,evaluation,,B2_PARALLEL_ONLINE_V1,105.0,115.0,transition_or_mixed,15.641185100419433,15.525202636801474,0.48463206822410815,104.568224621,DEV_MAE_SHRINK,0.26268831243642554,15.768492280573799,0.2432896437723251,0.2432896437723251,0.015670625979181937,False
sustained_5,sustained,evaluation,,CPU_URGENT_ONLINE_V1,35.0,45.0,transition_or_mixed,18.33259216611969,17.917357497737996,-0.4420476288970327,34.816866771,FROZEN,0.0,18.33259216611969,0.415234668381693,0.415234668381693,0.02317499488605476,False
sustained_5,sustained,evaluation,,CPU_URGENT_ONLINE_V1,35.0,45.0,transition_or_mixed,18.33259216611969,17.917357497737996,-0.4420476288970327,34.816866771,FULL_CORRECTION,1.0,17.890544537222656,-0.026812960515339768,0.026812960515339768,-0.0014964796298072866,False
sustained_5,sustained,evaluation,,CPU_URGENT_ONLINE_V1,35.0,45.0,transition_or_mixed,18.33259216611969,17.917357497737996,-0.4420476288970327,34.816866771,DEV_MAE_SHRINK,0.26268831243642554,18.216471420468203,0.2991139227302071,0.2991139227302071,0.016694086880164622,False
sustained_5,sustained,evaluation,,CPU_URGENT_ONLINE_V1,45.0,55.0,transition_or_mixed,18.51716505523268,16.395135315220426,-0.48997215581753356,44.719716618,FROZEN,0.0,18.51716505523268,2.1220297400122554,2.1220297400122554,0.1294304498995058,False
sustained_5,sustained,evaluation,,CPU_URGENT_ONLINE_V1,45.0,55.0,transition_or_mixed,18.51716505523268,16.395135315220426,-0.48997215581753356,44.719716618,FULL_CORRECTION,1.0,18.027192899415148,1.6320575841947225,1.6320575841947225,0.09954523416952843,False
sustained_5,sustained,evaluation,,CPU_URGENT_ONLINE_V1,45.0,55.0,transition_or_mixed,18.51716505523268,16.395135315220426,-0.48997215581753356,44.719716618,DEV_MAE_SHRINK,0.26268831243642554,18.388455096480136,1.9933197812597108,1.9933197812597108,0.12157995301259955,False
sustained_5,sustained,evaluation,,CPU_URGENT_ONLINE_V1,55.0,65.0,transition_or_mixed,18.495547661028482,18.8217795586451,-2.377965002890242,54.602957003,FROZEN,0.0,18.495547661028482,-0.3262318976166192,0.3262318976166192,-0.017332680823305913,False
sustained_5,sustained,evaluation,,CPU_URGENT_ONLINE_V1,55.0,65.0,transition_or_mixed,18.495547661028482,18.8217795586451,-2.377965002890242,54.602957003,FULL_CORRECTION,1.0,16.11758265813824,-2.7041969005068616,2.7041969005068616,-0.14367381639345506,False
sustained_5,sustained,evaluation,,CPU_URGENT_ONLINE_V1,55.0,65.0,transition_or_mixed,18.495547661028482,18.8217795586451,-2.377965002890242,54.602957003,DEV_MAE_SHRINK,0.26268831243642554,17.870884047386365,-0.9508955112587358,0.9508955112587358,-0.05052102051753,False
sustained_5,sustained,evaluation,,CPU_URGENT_ONLINE_V1,65.0,75.0,transition_or_mixed,18.504231800104858,18.204877503367953,0.43973630384670204,64.517507158,FROZEN,0.0,18.504231800104858,0.2993542967369045,0.2993542967369045,0.016443631476318537,False
sustained_5,sustained,evaluation,,CPU_URGENT_ONLINE_V1,65.0,75.0,transition_or_mixed,18.504231800104858,18.204877503367953,0.43973630384670204,64.517507158,FULL_CORRECTION,1.0,18.94396810395156,0.7390906005836051,0.7390906005836051,0.0405984934777436,False
sustained_5,sustained,evaluation,,CPU_URGENT_ONLINE_V1,65.0,75.0,transition_or_mixed,18.504231800104858,18.204877503367953,0.43973630384670204,64.517507158,DEV_MAE_SHRINK,0.26268831243642554,18.61974538767938,0.41486788431142685,0.41486788431142685,0.0227888314126077,False
sustained_5,sustained,evaluation,,CPU_URGENT_ONLINE_V1,75.0,85.0,transition_or_mixed,18.46818007793426,16.232979092278686,-0.14302755195900424,74.422116312,FROZEN,0.0,18.46818007793426,2.235200985655574,2.235200985655574,0.13769505726270298,False
sustained_5,sustained,evaluation,,CPU_URGENT_ONLINE_V1,75.0,85.0,transition_or_mixed,18.46818007793426,16.232979092278686,-0.14302755195900424,74.422116312,FULL_CORRECTION,1.0,18.325152525975255,2.092173433696569,2.092173433696569,0.12888413283866818,False
sustained_5,sustained,evaluation,,CPU_URGENT_ONLINE_V1,75.0,85.0,transition_or_mixed,18.46818007793426,16.232979092278686,-0.14302755195900424,74.422116312,DEV_MAE_SHRINK,0.26268831243642554,18.430608411678236,2.1976293193995495,2.1976293193995495,0.13538053039474837,False
sustained_5,sustained,evaluation,,CPU_URGENT_ONLINE_V1,85.0,95.0,transition_or_mixed,18.507426366423452,16.065031388348608,-2.3723713258353283,84.313290544,FROZEN,0.0,18.507426366423452,2.4423949780748444,2.4423949780748444,0.15203175885770295,False
sustained_5,sustained,evaluation,,CPU_URGENT_ONLINE_V1,85.0,95.0,transition_or_mixed,18.507426366423452,16.065031388348608,-2.3723713258353283,84.313290544,FULL_CORRECTION,1.0,16.135055040588124,0.07002365223951657,0.07002365223951657,0.0043587622424629815,False
sustained_5,sustained,evaluation,,CPU_URGENT_ONLINE_V1,85.0,95.0,transition_or_mixed,18.507426366423452,16.065031388348608,-2.3723713258353283,84.313290544,DEV_MAE_SHRINK,0.26268831243642554,17.884232146367204,1.8192007580185958,1.8192007580185958,0.11323978858441552,False
sustained_5,sustained,evaluation,,CPU_URGENT_ONLINE_V1,95.0,105.0,transition_or_mixed,18.512797801320637,18.139148980184707,-2.487842802599901,94.212341544,FROZEN,0.0,18.512797801320637,0.3736488211359301,0.3736488211359301,0.020599027084683294,False
sustained_5,sustained,evaluation,,CPU_URGENT_ONLINE_V1,95.0,105.0,transition_or_mixed,18.512797801320637,18.139148980184707,-2.487842802599901,94.212341544,FULL_CORRECTION,1.0,16.024954998720737,-2.11419398146397,2.11419398146397,-0.11655419908472693,False
sustained_5,sustained,evaluation,,CPU_URGENT_ONLINE_V1,95.0,105.0,transition_or_mixed,18.512797801320637,18.139148980184707,-2.487842802599901,94.212341544,DEV_MAE_SHRINK,0.26268831243642554,17.859270573898563,-0.27987840628614435,0.27987840628614435,-0.015429522442970443,False
sustained_5,sustained,evaluation,,CPU_URGENT_ONLINE_V1,105.0,115.0,transition_or_mixed,16.501869664837216,15.608719342218276,-0.4844483324928011,104.107568083,FROZEN,0.0,16.501869664837216,0.8931503226189399,0.8931503226189399,0.05722124301403496,False
sustained_5,sustained,evaluation,,CPU_URGENT_ONLINE_V1,105.0,115.0,transition_or_mixed,16.501869664837216,15.608719342218276,-0.4844483324928011,104.107568083,FULL_CORRECTION,1.0,16.017421332344416,0.40870199012613995,0.40870199012613995,0.026184210322796164,False
sustained_5,sustained,evaluation,,CPU_URGENT_ONLINE_V1,105.0,115.0,transition_or_mixed,16.501869664837216,15.608719342218276,-0.4844483324928011,104.107568083,DEV_MAE_SHRINK,0.26268831243642554,16.37461074991204,0.7658914076937648,0.7658914076937648,0.0490681772733392,False
sustained_6,sustained,evaluation,,CPU_URGENT_ONLINE_V1,35.0,45.0,transition_or_mixed,17.65074584308737,16.800175159169815,0.04333457348687739,34.886630387,FROZEN,0.0,17.65074584308737,0.8505706839175566,0.8505706839175566,0.050628679514290724,False
sustained_6,sustained,evaluation,,CPU_URGENT_ONLINE_V1,35.0,45.0,transition_or_mixed,17.65074584308737,16.800175159169815,0.04333457348687739,34.886630387,FULL_CORRECTION,1.0,17.69408041657425,0.8939052574044339,0.8939052574044339,0.05320809151900572,False
sustained_6,sustained,evaluation,,CPU_URGENT_ONLINE_V1,35.0,45.0,transition_or_mixed,17.65074584308737,16.800175159169815,0.04333457348687739,34.886630387,DEV_MAE_SHRINK,0.26268831243642554,17.66212932906679,0.8619541698969755,0.8619541698969755,0.05130626090088749,False
sustained_6,sustained,evaluation,,CPU_URGENT_ONLINE_V1,45.0,55.0,transition_or_mixed,17.844496187956906,18.400490852736585,-0.9840473449166736,44.766979388,FROZEN,0.0,17.844496187956906,-0.5559946647796785,0.5559946647796785,-0.03021629527328555,False
sustained_6,sustained,evaluation,,CPU_URGENT_ONLINE_V1,45.0,55.0,transition_or_mixed,17.844496187956906,18.400490852736585,-0.9840473449166736,44.766979388,FULL_CORRECTION,1.0,16.86044884304023,-1.5400420096963536,1.5400420096963536,-0.08369570257780994,False
sustained_6,sustained,evaluation,,CPU_URGENT_ONLINE_V1,45.0,55.0,transition_or_mixed,17.844496187956906,18.400490852736585,-0.9840473449166736,44.766979388,DEV_MAE_SHRINK,0.26268831243642554,17.5859984515632,-0.8144924011733856,0.8144924011733856,-0.04426471052821134,False
sustained_6,sustained,evaluation,,CPU_URGENT_ONLINE_V1,55.0,65.0,transition_or_mixed,17.79332758335765,18.56980567331287,0.7110902601435265,54.670758081,FROZEN,0.0,17.79332758335765,-0.7764780899552193,0.7764780899552193,-0.041814012683563793,False
sustained_6,sustained,evaluation,,CPU_URGENT_ONLINE_V1,55.0,65.0,transition_or_mixed,17.79332758335765,18.56980567331287,0.7110902601435265,54.670758081,FULL_CORRECTION,1.0,18.504417843501177,-0.06538782981169433,0.06538782981169433,-0.003521190849383244,False
sustained_6,sustained,evaluation,,CPU_URGENT_ONLINE_V1,55.0,65.0,transition_or_mixed,17.79332758335765,18.56980567331287,0.7110902601435265,54.670758081,DEV_MAE_SHRINK,0.26268831243642554,17.980122683784735,-0.5896829895281357,0.5896829895281357,-0.03175493593751408,False
sustained_6,sustained,evaluation,,CPU_URGENT_ONLINE_V1,65.0,75.0,transition_or_mixed,17.821572520060744,18.559650389332166,0.5992254239134206,64.578944004,FROZEN,0.0,17.821572520060744,-0.7380778692714216,0.7380778692714216,-0.03976787567591568,False
sustained_6,sustained,evaluation,,CPU_URGENT_ONLINE_V1,65.0,75.0,transition_or_mixed,17.821572520060744,18.559650389332166,0.5992254239134206,64.578944004,FULL_CORRECTION,1.0,18.420797943974165,-0.13885244535800112,0.13885244535800112,-0.007481414921361429,False
sustained_6,sustained,evaluation,,CPU_URGENT_ONLINE_V1,65.0,75.0,transition_or_mixed,17.821572520060744,18.559650389332166,0.5992254239134206,64.578944004,DEV_MAE_SHRINK,0.26268831243642554,17.978982035437564,-0.5806683538946018,0.5806683538946018,-0.031286599785756854,False
sustained_6,sustained,evaluation,,CPU_URGENT_ONLINE_V1,75.0,85.0,transition_or_mixed,17.822264668337947,19.19359907827394,0.8277053444262823,74.480407082,FROZEN,0.0,17.822264668337947,-1.3713344099359936,1.3713344099359936,-0.07144748644292909,False
sustained_6,sustained,evaluation,,CPU_URGENT_ONLINE_V1,75.0,85.0,transition_or_mixed,17.822264668337947,19.19359907827394,0.8277053444262823,74.480407082,FULL_CORRECTION,1.0,18.64997001276423,-0.5436290655097125,0.5436290655097125,-0.028323456340456205,False
sustained_6,sustained,evaluation,,CPU_URGENT_ONLINE_V1,75.0,85.0,transition_or_mixed,17.822264668337947,19.19359907827394,0.8277053444262823,74.480407082,DEV_MAE_SHRINK,0.26268831243642554,18.039693188459896,-1.1539058898140446,1.1539058898140446,-0.060119307749852934,False
sustained_6,sustained,evaluation,,CPU_URGENT_ONLINE_V1,85.0,95.0,transition_or_mixed,17.846266424289965,19.275841694260368,1.1549072078737157,84.372815621,FROZEN,0.0,17.846266424289965,-1.4295752699704032,1.4295752699704032,-0.07416409060861284,False
sustained_6,sustained,evaluation,,CPU_URGENT_ONLINE_V1,85.0,95.0,transition_or_mixed,17.846266424289965,19.275841694260368,1.1549072078737157,84.372815621,FULL_CORRECTION,1.0,19.00117363216368,-0.27466806209668704,0.27466806209668704,-0.014249342075603008,False
sustained_6,sustained,evaluation,,CPU_URGENT_ONLINE_V1,85.0,95.0,transition_or_mixed,17.846266424289965,19.275841694260368,1.1549072078737157,84.372815621,DEV_MAE_SHRINK,0.26268831243642554,18.149647049746974,-1.1261946445133937,1.1261946445133937,-0.05842518642642374,False
sustained_6,sustained,evaluation,,CPU_URGENT_ONLINE_V1,95.0,105.0,transition_or_mixed,17.80772354366397,17.401043733901236,1.5388137417379577,94.274462468,FROZEN,0.0,17.80772354366397,0.406679809762732,0.406679809762732,0.023371000957283165,False
sustained_6,sustained,evaluation,,CPU_URGENT_ONLINE_V1,95.0,105.0,transition_or_mixed,17.80772354366397,17.401043733901236,1.5388137417379577,94.274462468,FULL_CORRECTION,1.0,19.346537285401926,1.9454935515006895,1.9454935515006895,0.11180326773792428,False
sustained_6,sustained,evaluation,,CPU_URGENT_ONLINE_V1,95.0,105.0,transition_or_mixed,17.80772354366397,17.401043733901236,1.5388137417379577,94.274462468,DEV_MAE_SHRINK,0.26268831243642554,18.211951928635095,0.8109081947338588,0.8109081947338588,0.04660112388281762,False
sustained_6,sustained,evaluation,,CPU_URGENT_ONLINE_V1,105.0,115.0,transition_or_mixed,15.816012913474054,15.710084149807024,-0.2145842580900251,104.17475593,FROZEN,0.0,15.816012913474054,0.10592876366703052,0.10592876366703052,0.006742724141826554,False
sustained_6,sustained,evaluation,,CPU_URGENT_ONLINE_V1,105.0,115.0,transition_or_mixed,15.816012913474054,15.710084149807024,-0.2145842580900251,104.17475593,FULL_CORRECTION,1.0,15.60142865538403,-0.10865549442299383,0.10865549442299383,-0.006916289778392339,False
sustained_6,sustained,evaluation,,CPU_URGENT_ONLINE_V1,105.0,115.0,transition_or_mixed,15.816012913474054,15.710084149807024,-0.2145842580900251,104.17475593,DEV_MAE_SHRINK,0.26268831243642554,15.759644136840963,0.04955998703393938,0.04955998703393938,0.003154660825578592,False
sustained_7,sustained,evaluation,,B2_PARALLEL_ONLINE_V1,35.0,45.0,transition_or_mixed,18.471063207303242,18.26595308671761,-0.5922011086674115,34.98301631,FROZEN,0.0,18.471063207303242,0.20511012058563338,0.20511012058563338,0.011229094896492568,False
sustained_7,sustained,evaluation,,B2_PARALLEL_ONLINE_V1,35.0,45.0,transition_or_mixed,18.471063207303242,18.26595308671761,-0.5922011086674115,34.98301631,FULL_CORRECTION,1.0,17.87886209863583,-0.387090988081777,0.387090988081777,-0.021191940340811267,False
sustained_7,sustained,evaluation,,B2_PARALLEL_ONLINE_V1,35.0,45.0,transition_or_mixed,18.471063207303242,18.26595308671761,-0.5922011086674115,34.98301631,DEV_MAE_SHRINK,0.26268831243642554,18.31549889744442,0.04954581072681208,0.04954581072681208,0.0027124678625633906,False
sustained_7,sustained,evaluation,,B2_PARALLEL_ONLINE_V1,45.0,55.0,transition_or_mixed,18.6423734333711,17.843096407942625,-0.3556198147999872,44.870400926,FROZEN,0.0,18.6423734333711,0.7992770254284771,0.7992770254284771,0.044794749025325514,False
sustained_7,sustained,evaluation,,B2_PARALLEL_ONLINE_V1,45.0,55.0,transition_or_mixed,18.6423734333711,17.843096407942625,-0.3556198147999872,44.870400926,FULL_CORRECTION,1.0,18.286753618571115,0.4436572106284906,0.4436572106284906,0.024864362131171488,False
sustained_7,sustained,evaluation,,B2_PARALLEL_ONLINE_V1,45.0,55.0,transition_or_mixed,18.6423734333711,17.843096407942625,-0.3556198147999872,44.870400926,DEV_MAE_SHRINK,0.26268831243642554,18.548956264352338,0.7058598564097132,0.7058598564097132,0.03955926932589507,False
sustained_7,sustained,evaluation,,B2_PARALLEL_ONLINE_V1,55.0,65.0,transition_or_mixed,18.62495564920895,19.229641991216006,-0.5844596924105437,54.777225542,FROZEN,0.0,18.62495564920895,-0.6046863420070565,0.6046863420070565,-0.03144553301009316,False
sustained_7,sustained,evaluation,,B2_PARALLEL_ONLINE_V1,55.0,65.0,transition_or_mixed,18.62495564920895,19.229641991216006,-0.5844596924105437,54.777225542,FULL_CORRECTION,1.0,18.040495956798406,-1.1891460344176004,1.1891460344176004,-0.06183921858559799,False
sustained_7,sustained,evaluation,,B2_PARALLEL_ONLINE_V1,55.0,65.0,transition_or_mixed,18.62495564920895,19.229641991216006,-0.5844596924105437,54.777225542,DEV_MAE_SHRINK,0.26268831243642554,18.471424918922512,-0.758217072293494,0.758217072293494,-0.03942959898264582,False
sustained_7,sustained,evaluation,,B2_PARALLEL_ONLINE_V1,65.0,75.0,transition_or_mixed,18.616408823044445,18.929897366371137,0.4077761188051021,64.752144696,FROZEN,0.0,18.616408823044445,-0.3134885433266916,0.3134885433266916,-0.016560498837336665,False
sustained_7,sustained,evaluation,,B2_PARALLEL_ONLINE_V1,65.0,75.0,transition_or_mixed,18.616408823044445,18.929897366371137,0.4077761188051021,64.752144696,FULL_CORRECTION,1.0,19.024184941849548,0.09428757547841116,0.09428757547841116,0.004980881494154984,False
sustained_7,sustained,evaluation,,B2_PARALLEL_ONLINE_V1,65.0,75.0,transition_or_mixed,18.616408823044445,18.929897366371137,0.4077761188051021,64.752144696,DEV_MAE_SHRINK,0.26268831243642554,18.723526843545233,-0.20637052282590318,0.20637052282590318,-0.010901829990505882,False
sustained_7,sustained,evaluation,,B2_PARALLEL_ONLINE_V1,75.0,85.0,transition_or_mixed,18.608313320414318,19.451669667149016,0.28051985535049834,74.578728081,FROZEN,0.0,18.608313320414318,-0.8433563467346978,0.8433563467346978,-0.043356501583974645,False
sustained_7,sustained,evaluation,,B2_PARALLEL_ONLINE_V1,75.0,85.0,transition_or_mixed,18.608313320414318,19.451669667149016,0.28051985535049834,74.578728081,FULL_CORRECTION,1.0,18.888833175764816,-0.5628364913841999,0.5628364913841999,-0.028935124902657955,False
sustained_7,sustained,evaluation,,B2_PARALLEL_ONLINE_V1,75.0,85.0,transition_or_mixed,18.608313320414318,19.451669667149016,0.28051985535049834,74.578728081,DEV_MAE_SHRINK,0.26268831243642554,18.68200260782125,-0.7696670593277659,0.7696670593277659,-0.03956817448054958,False
sustained_7,sustained,evaluation,,B2_PARALLEL_ONLINE_V1,85.0,95.0,transition_or_mixed,18.722529477402375,19.368373747761773,0.6366782505521428,84.475013236,FROZEN,0.0,18.722529477402375,-0.6458442703593974,0.6458442703593974,-0.03334530192211062,False
sustained_7,sustained,evaluation,,B2_PARALLEL_ONLINE_V1,85.0,95.0,transition_or_mixed,18.722529477402375,19.368373747761773,0.6366782505521428,84.475013236,FULL_CORRECTION,1.0,19.35920772795452,-0.009166019807253178,0.009166019807253178,-0.0004732467437186053,False
sustained_7,sustained,evaluation,,B2_PARALLEL_ONLINE_V1,85.0,95.0,transition_or_mixed,18.722529477402375,19.368373747761773,0.6366782505521428,84.475013236,DEV_MAE_SHRINK,0.26268831243642554,18.889777412604893,-0.4785963351568796,0.4785963351568796,-0.024710197220981788,False
sustained_7,sustained,evaluation,,B2_PARALLEL_ONLINE_V1,95.0,105.0,transition_or_mixed,18.586062066761023,19.54685644648584,0.39188654590969624,94.372991467,FROZEN,0.0,18.586062066761023,-0.9607943797248168,0.9607943797248168,-0.04915339621770997,False
sustained_7,sustained,evaluation,,B2_PARALLEL_ONLINE_V1,95.0,105.0,transition_or_mixed,18.586062066761023,19.54685644648584,0.39188654590969624,94.372991467,FULL_CORRECTION,1.0,18.97794861267072,-0.5689078338151212,0.5689078338151212,-0.029104824879265957,False
sustained_7,sustained,evaluation,,B2_PARALLEL_ONLINE_V1,95.0,105.0,transition_or_mixed,18.586062066761023,19.54685644648584,0.39188654590969624,94.372991467,DEV_MAE_SHRINK,0.26268831243642554,18.689006082172583,-0.8578503643132578,0.8578503643132578,-0.04388687084605276,False
sustained_7,sustained,evaluation,,B2_PARALLEL_ONLINE_V1,105.0,115.0,transition_or_mixed,16.866595054336884,16.7366801233184,1.3926126731788366,104.276958545,FROZEN,0.0,16.866595054336884,0.12991493101848306,0.12991493101848306,0.007762287984310516,False
sustained_7,sustained,evaluation,,B2_PARALLEL_ONLINE_V1,105.0,115.0,transition_or_mixed,16.866595054336884,16.7366801233184,1.3926126731788366,104.276958545,FULL_CORRECTION,1.0,18.25920772751572,1.5225276041973181,1.5225276041973181,0.09096951085753588,False
sustained_7,sustained,evaluation,,B2_PARALLEL_ONLINE_V1,105.0,115.0,transition_or_mixed,16.866595054336884,16.7366801233184,1.3926126731788366,104.276958545,DEV_MAE_SHRINK,0.26268831243642554,17.23241812733181,0.49573800401341117,0.49573800401341117,0.029619852943399663,False
