experiment_id,run_id,slot_id,condition_id,block,repetition,order,resource,cpu_threads,requested_duty_cycle_percent,execution_profile_type,gpu_delegate_profile_id,gpu_delegate_configuration_sha256,gpu_precision_loss_allowed,gpu_inference_preference,gpu_force_backend,actual_fp16_execution,achieved_duty_cycle_percent,mono_ns,run_elapsed_s,load_relative_s,phase,phase_elapsed_s,AP,BAT,PA,SKIN,thermal_status,sampling_uncertainty_ns,parse_status
80cfc810-5998-4d88-abef-2946fea9003b,afa59fae-8ed4-44d5-98fa-911b629ff6fd,npu-d025-r001,npu-d025,1,1,1,NPU,,25,cpu_not_applicable,,,,,,,24.99756912015143,1344711970000000,1.02572743,-59.539345304,baseline,1.02572743,31.4,31.0,31.1,32.4,0,100000000,ok
80cfc810-5998-4d88-abef-2946fea9003b,afa59fae-8ed4-44d5-98fa-911b629ff6fd,npu-d025-r001,npu-d025,1,1,1,NPU,,25,cpu_not_applicable,,,,,,,24.99756912015143,1344713005000000,2.06072743,-58.504345304,baseline,2.06072743,31.4,31.0,31.1,32.4,0,95000000,ok
80cfc810-5998-4d88-abef-2946fea9003b,afa59fae-8ed4-44d5-98fa-911b629ff6fd,npu-d025-r001,npu-d025,1,1,1,NPU,,25,cpu_not_applicable,,,,,,,24.99756912015143,1344714065000000,3.12072743,-57.444345304,baseline,3.12072743,31.4,31.0,31.1,32.4,0,135000000,ok
80cfc810-5998-4d88-abef-2946fea9003b,afa59fae-8ed4-44d5-98fa-911b629ff6fd,npu-d025-r001,npu-d025,1,1,1,NPU,,25,cpu_not_applicable,,,,,,,24.99756912015143,1344715045000000,4.10072743,-56.464345304,baseline,4.10072743,31.4,31.0,31.1,32.4,0,85000000,ok
80cfc810-5998-4d88-abef-2946fea9003b,afa59fae-8ed4-44d5-98fa-911b629ff6fd,npu-d025-r001,npu-d025,1,1,1,NPU,,25,cpu_not_applicable,,,,,,,24.99756912015143,1344716070000000,5.12572743,-55.439345304,baseline,5.12572743,31.4,31.0,31.1,32.4,0,90000000,ok
80cfc810-5998-4d88-abef-2946fea9003b,afa59fae-8ed4-44d5-98fa-911b629ff6fd,npu-d025-r001,npu-d025,1,1,1,NPU,,25,cpu_not_applicable,,,,,,,24.99756912015143,1344716985000000,6.04072743,-54.524345304,baseline,6.04072743,32.0,31.0,31.6,32.6,0,85000000,ok
80cfc810-5998-4d88-abef-2946fea9003b,afa59fae-8ed4-44d5-98fa-911b629ff6fd,npu-d025-r001,npu-d025,1,1,1,NPU,,25,cpu_not_applicable,,,,,,,24.99756912015143,1344718030000000,7.08572743,-53.479345304,baseline,7.08572743,32.0,31.0,31.6,32.6,0,100000000,ok
80cfc810-5998-4d88-abef-2946fea9003b,afa59fae-8ed4-44d5-98fa-911b629ff6fd,npu-d025-r001,npu-d025,1,1,1,NPU,,25,cpu_not_applicable,,,,,,,24.99756912015143,1344719025000000,8.08072743,-52.484345304,baseline,8.08072743,32.0,31.0,31.6,32.6,0,85000000,ok
80cfc810-5998-4d88-abef-2946fea9003b,afa59fae-8ed4-44d5-98fa-911b629ff6fd,npu-d025-r001,npu-d025,1,1,1,NPU,,25,cpu_not_applicable,,,,,,,24.99756912015143,1344720070000000,9.12572743,-51.439345304,baseline,9.12572743,32.0,31.0,31.6,32.6,0,100000000,ok
80cfc810-5998-4d88-abef-2946fea9003b,afa59fae-8ed4-44d5-98fa-911b629ff6fd,npu-d025-r001,npu-d025,1,1,1,NPU,,25,cpu_not_applicable,,,,,,,24.99756912015143,1344721095000000,10.15072743,-50.414345304,baseline,10.15072743,32.0,31.0,31.6,32.6,0,95000000,ok
80cfc810-5998-4d88-abef-2946fea9003b,afa59fae-8ed4-44d5-98fa-911b629ff6fd,npu-d025-r001,npu-d025,1,1,1,NPU,,25,cpu_not_applicable,,,,,,,24.99756912015143,1344722095000000,11.15072743,-49.414345304,baseline,11.15072743,32.0,31.0,31.6,32.6,0,105000000,ok
80cfc810-5998-4d88-abef-2946fea9003b,afa59fae-8ed4-44d5-98fa-911b629ff6fd,npu-d025-r001,npu-d025,1,1,1,NPU,,25,cpu_not_applicable,,,,,,,24.99756912015143,1344723045000000,12.10072743,-48.464345304,baseline,12.10072743,32.0,31.0,31.6,32.6,0,95000000,ok
80cfc810-5998-4d88-abef-2946fea9003b,afa59fae-8ed4-44d5-98fa-911b629ff6fd,npu-d025-r001,npu-d025,1,1,1,NPU,,25,cpu_not_applicable,,,,,,,24.99756912015143,1344724055000000,13.11072743,-47.454345304,baseline,13.11072743,32.0,31.0,31.6,32.6,0,95000000,ok
80cfc810-5998-4d88-abef-2946fea9003b,afa59fae-8ed4-44d5-98fa-911b629ff6fd,npu-d025-r001,npu-d025,1,1,1,NPU,,25,cpu_not_applicable,,,,,,,24.99756912015143,1344725090000000,14.14572743,-46.419345304,baseline,14.14572743,32.0,31.0,31.6,32.6,0,100000000,ok
80cfc810-5998-4d88-abef-2946fea9003b,afa59fae-8ed4-44d5-98fa-911b629ff6fd,npu-d025-r001,npu-d025,1,1,1,NPU,,25,cpu_not_applicable,,,,,,,24.99756912015143,1344726150000000,15.20572743,-45.359345304,baseline,15.20572743,32.0,31.0,31.6,32.6,0,130000000,ok
80cfc810-5998-4d88-abef-2946fea9003b,afa59fae-8ed4-44d5-98fa-911b629ff6fd,npu-d025-r001,npu-d025,1,1,1,NPU,,25,cpu_not_applicable,,,,,,,24.99756912015143,1344727035000000,16.09072743,-44.474345304,baseline,16.09072743,31.8,31.0,31.4,32.5,0,105000000,ok
80cfc810-5998-4d88-abef-2946fea9003b,afa59fae-8ed4-44d5-98fa-911b629ff6fd,npu-d025-r001,npu-d025,1,1,1,NPU,,25,cpu_not_applicable,,,,,,,24.99756912015143,1344728055000000,17.11072743,-43.454345304,baseline,17.11072743,31.8,31.0,31.4,32.5,0,95000000,ok
80cfc810-5998-4d88-abef-2946fea9003b,afa59fae-8ed4-44d5-98fa-911b629ff6fd,npu-d025-r001,npu-d025,1,1,1,NPU,,25,cpu_not_applicable,,,,,,,24.99756912015143,1344729075000000,18.13072743,-42.434345304,baseline,18.13072743,31.8,31.0,31.4,32.5,0,95000000,ok
80cfc810-5998-4d88-abef-2946fea9003b,afa59fae-8ed4-44d5-98fa-911b629ff6fd,npu-d025-r001,npu-d025,1,1,1,NPU,,25,cpu_not_applicable,,,,,,,24.99756912015143,1344730095000000,19.15072743,-41.414345304,baseline,19.15072743,31.8,31.0,31.4,32.5,0,105000000,ok
80cfc810-5998-4d88-abef-2946fea9003b,afa59fae-8ed4-44d5-98fa-911b629ff6fd,npu-d025-r001,npu-d025,1,1,1,NPU,,25,cpu_not_applicable,,,,,,,24.99756912015143,1344731105000000,20.16072743,-40.404345304,baseline,20.16072743,31.8,31.0,31.4,32.5,0,105000000,ok
80cfc810-5998-4d88-abef-2946fea9003b,afa59fae-8ed4-44d5-98fa-911b629ff6fd,npu-d025-r001,npu-d025,1,1,1,NPU,,25,cpu_not_applicable,,,,,,,24.99756912015143,1344732050000000,21.10572743,-39.459345304,baseline,21.10572743,31.8,31.0,31.4,32.5,0,90000000,ok
80cfc810-5998-4d88-abef-2946fea9003b,afa59fae-8ed4-44d5-98fa-911b629ff6fd,npu-d025-r001,npu-d025,1,1,1,NPU,,25,cpu_not_applicable,,,,,,,24.99756912015143,1344733070000000,22.12572743,-38.439345304,baseline,22.12572743,31.8,31.0,31.4,32.5,0,90000000,ok
80cfc810-5998-4d88-abef-2946fea9003b,afa59fae-8ed4-44d5-98fa-911b629ff6fd,npu-d025-r001,npu-d025,1,1,1,NPU,,25,cpu_not_applicable,,,,,,,24.99756912015143,1344734095000000,23.15072743,-37.414345304,baseline,23.15072743,31.8,31.0,31.4,32.5,0,95000000,ok
80cfc810-5998-4d88-abef-2946fea9003b,afa59fae-8ed4-44d5-98fa-911b629ff6fd,npu-d025-r001,npu-d025,1,1,1,NPU,,25,cpu_not_applicable,,,,,,,24.99756912015143,1344735095000000,24.15072743,-36.414345304,baseline,24.15072743,31.8,31.0,31.4,32.5,0,95000000,ok
80cfc810-5998-4d88-abef-2946fea9003b,afa59fae-8ed4-44d5-98fa-911b629ff6fd,npu-d025-r001,npu-d025,1,1,1,NPU,,25,cpu_not_applicable,,,,,,,24.99756912015143,1344736180000000,25.23572743,-35.329345304,baseline,25.23572743,31.8,31.0,31.4,32.5,0,100000000,ok
80cfc810-5998-4d88-abef-2946fea9003b,afa59fae-8ed4-44d5-98fa-911b629ff6fd,npu-d025-r001,npu-d025,1,1,1,NPU,,25,cpu_not_applicable,,,,,,,24.99756912015143,1344737065000000,26.12072743,-34.444345304,baseline,26.12072743,31.6,31.0,31.3,32.5,0,95000000,ok
80cfc810-5998-4d88-abef-2946fea9003b,afa59fae-8ed4-44d5-98fa-911b629ff6fd,npu-d025-r001,npu-d025,1,1,1,NPU,,25,cpu_not_applicable,,,,,,,24.99756912015143,1344738085000000,27.14072743,-33.424345304,baseline,27.14072743,31.6,31.0,31.3,32.5,0,95000000,ok
80cfc810-5998-4d88-abef-2946fea9003b,afa59fae-8ed4-44d5-98fa-911b629ff6fd,npu-d025-r001,npu-d025,1,1,1,NPU,,25,cpu_not_applicable,,,,,,,24.99756912015143,1344739110000000,28.16572743,-32.399345304,baseline,28.16572743,31.6,31.0,31.3,32.5,0,90000000,ok
80cfc810-5998-4d88-abef-2946fea9003b,afa59fae-8ed4-44d5-98fa-911b629ff6fd,npu-d025-r001,npu-d025,1,1,1,NPU,,25,cpu_not_applicable,,,,,,,24.99756912015143,1344740115000000,29.17072743,-31.394345304,baseline,29.17072743,31.6,31.0,31.3,32.5,0,115000000,ok
80cfc810-5998-4d88-abef-2946fea9003b,afa59fae-8ed4-44d5-98fa-911b629ff6fd,npu-d025-r001,npu-d025,1,1,1,NPU,,25,cpu_not_applicable,,,,,,,24.99756912015143,1344741105000000,30.16072743,-30.404345304,baseline,30.16072743,31.6,31.0,31.3,32.5,0,95000000,ok
80cfc810-5998-4d88-abef-2946fea9003b,afa59fae-8ed4-44d5-98fa-911b629ff6fd,npu-d025-r001,npu-d025,1,1,1,NPU,,25,cpu_not_applicable,,,,,,,24.99756912015143,1344742100000000,31.15572743,-29.409345304,baseline,31.15572743,31.6,31.0,31.3,32.5,0,100000000,ok
80cfc810-5998-4d88-abef-2946fea9003b,afa59fae-8ed4-44d5-98fa-911b629ff6fd,npu-d025-r001,npu-d025,1,1,1,NPU,,25,cpu_not_applicable,,,,,,,24.99756912015143,1344743110000000,32.16572743,-28.399345304,baseline,32.16572743,31.6,31.0,31.3,32.5,0,100000000,ok
80cfc810-5998-4d88-abef-2946fea9003b,afa59fae-8ed4-44d5-98fa-911b629ff6fd,npu-d025-r001,npu-d025,1,1,1,NPU,,25,cpu_not_applicable,,,,,,,24.99756912015143,1344744115000000,33.17072743,-27.394345304,baseline,33.17072743,31.6,31.0,31.3,32.5,0,85000000,ok
80cfc810-5998-4d88-abef-2946fea9003b,afa59fae-8ed4-44d5-98fa-911b629ff6fd,npu-d025-r001,npu-d025,1,1,1,NPU,,25,cpu_not_applicable,,,,,,,24.99756912015143,1344745135000000,34.19072743,-26.374345304,baseline,34.19072743,31.6,31.0,31.3,32.5,0,95000000,ok
80cfc810-5998-4d88-abef-2946fea9003b,afa59fae-8ed4-44d5-98fa-911b629ff6fd,npu-d025-r001,npu-d025,1,1,1,NPU,,25,cpu_not_applicable,,,,,,,24.99756912015143,1344746150000000,35.20572743,-25.359345304,baseline,35.20572743,31.6,31.0,31.3,32.5,0,100000000,ok
80cfc810-5998-4d88-abef-2946fea9003b,afa59fae-8ed4-44d5-98fa-911b629ff6fd,npu-d025-r001,npu-d025,1,1,1,NPU,,25,cpu_not_applicable,,,,,,,24.99756912015143,1344747125000000,36.18072743,-24.384345304,baseline,36.18072743,31.6,30.9,31.3,32.4,0,95000000,ok
80cfc810-5998-4d88-abef-2946fea9003b,afa59fae-8ed4-44d5-98fa-911b629ff6fd,npu-d025-r001,npu-d025,1,1,1,NPU,,25,cpu_not_applicable,,,,,,,24.99756912015143,1344748155000000,37.21072743,-23.354345304,baseline,37.21072743,31.6,30.9,31.3,32.4,0,105000000,ok
80cfc810-5998-4d88-abef-2946fea9003b,afa59fae-8ed4-44d5-98fa-911b629ff6fd,npu-d025-r001,npu-d025,1,1,1,NPU,,25,cpu_not_applicable,,,,,,,24.99756912015143,1344749200000000,38.25572743,-22.309345304,baseline,38.25572743,31.6,30.9,31.3,32.4,0,100000000,ok
80cfc810-5998-4d88-abef-2946fea9003b,afa59fae-8ed4-44d5-98fa-911b629ff6fd,npu-d025-r001,npu-d025,1,1,1,NPU,,25,cpu_not_applicable,,,,,,,24.99756912015143,1344750175000000,39.23072743,-21.334345304,baseline,39.23072743,31.6,30.9,31.3,32.4,0,95000000,ok
80cfc810-5998-4d88-abef-2946fea9003b,afa59fae-8ed4-44d5-98fa-911b629ff6fd,npu-d025-r001,npu-d025,1,1,1,NPU,,25,cpu_not_applicable,,,,,,,24.99756912015143,1344751135000000,40.19072743,-20.374345304,baseline,40.19072743,31.6,30.9,31.3,32.4,0,85000000,ok
80cfc810-5998-4d88-abef-2946fea9003b,afa59fae-8ed4-44d5-98fa-911b629ff6fd,npu-d025-r001,npu-d025,1,1,1,NPU,,25,cpu_not_applicable,,,,,,,24.99756912015143,1344752170000000,41.22572743,-19.339345304,baseline,41.22572743,31.6,30.9,31.3,32.4,0,100000000,ok
80cfc810-5998-4d88-abef-2946fea9003b,afa59fae-8ed4-44d5-98fa-911b629ff6fd,npu-d025-r001,npu-d025,1,1,1,NPU,,25,cpu_not_applicable,,,,,,,24.99756912015143,1344753190000000,42.24572743,-18.319345304,baseline,42.24572743,31.6,30.9,31.3,32.4,0,100000000,ok
80cfc810-5998-4d88-abef-2946fea9003b,afa59fae-8ed4-44d5-98fa-911b629ff6fd,npu-d025-r001,npu-d025,1,1,1,NPU,,25,cpu_not_applicable,,,,,,,24.99756912015143,1344754205000000,43.26072743,-17.304345304,baseline,43.26072743,31.6,30.9,31.3,32.4,0,95000000,ok
80cfc810-5998-4d88-abef-2946fea9003b,afa59fae-8ed4-44d5-98fa-911b629ff6fd,npu-d025-r001,npu-d025,1,1,1,NPU,,25,cpu_not_applicable,,,,,,,24.99756912015143,1344755235000000,44.29072743,-16.274345304,baseline,44.29072743,31.6,30.9,31.3,32.4,0,105000000,ok
80cfc810-5998-4d88-abef-2946fea9003b,afa59fae-8ed4-44d5-98fa-911b629ff6fd,npu-d025-r001,npu-d025,1,1,1,NPU,,25,cpu_not_applicable,,,,,,,24.99756912015143,1344756240000000,45.29572743,-15.269345304,baseline,45.29572743,31.6,30.9,31.3,32.4,0,90000000,ok
80cfc810-5998-4d88-abef-2946fea9003b,afa59fae-8ed4-44d5-98fa-911b629ff6fd,npu-d025-r001,npu-d025,1,1,1,NPU,,25,cpu_not_applicable,,,,,,,24.99756912015143,1344757215000000,46.27072743,-14.294345304,baseline,46.27072743,31.6,30.9,31.2,32.4,0,95000000,ok
80cfc810-5998-4d88-abef-2946fea9003b,afa59fae-8ed4-44d5-98fa-911b629ff6fd,npu-d025-r001,npu-d025,1,1,1,NPU,,25,cpu_not_applicable,,,,,,,24.99756912015143,1344758200000000,47.25572743,-13.309345304,baseline,47.25572743,31.6,30.9,31.2,32.4,0,100000000,ok
80cfc810-5998-4d88-abef-2946fea9003b,afa59fae-8ed4-44d5-98fa-911b629ff6fd,npu-d025-r001,npu-d025,1,1,1,NPU,,25,cpu_not_applicable,,,,,,,24.99756912015143,1344759210000000,48.26572743,-12.299345304,baseline,48.26572743,31.6,30.9,31.2,32.4,0,100000000,ok
80cfc810-5998-4d88-abef-2946fea9003b,afa59fae-8ed4-44d5-98fa-911b629ff6fd,npu-d025-r001,npu-d025,1,1,1,NPU,,25,cpu_not_applicable,,,,,,,24.99756912015143,1344760240000000,49.29572743,-11.269345304,baseline,49.29572743,31.6,30.9,31.2,32.4,0,90000000,ok
80cfc810-5998-4d88-abef-2946fea9003b,afa59fae-8ed4-44d5-98fa-911b629ff6fd,npu-d025-r001,npu-d025,1,1,1,NPU,,25,cpu_not_applicable,,,,,,,24.99756912015143,1344761215000000,50.27072743,-10.294345304,baseline,50.27072743,31.6,30.9,31.2,32.4,0,95000000,ok
80cfc810-5998-4d88-abef-2946fea9003b,afa59fae-8ed4-44d5-98fa-911b629ff6fd,npu-d025-r001,npu-d025,1,1,1,NPU,,25,cpu_not_applicable,,,,,,,24.99756912015143,1344762245000000,51.30072743,-9.264345304,baseline,51.30072743,31.6,30.9,31.2,32.4,0,105000000,ok
80cfc810-5998-4d88-abef-2946fea9003b,afa59fae-8ed4-44d5-98fa-911b629ff6fd,npu-d025-r001,npu-d025,1,1,1,NPU,,25,cpu_not_applicable,,,,,,,24.99756912015143,1344763230000000,52.28572743,-8.279345304,baseline,52.28572743,31.6,30.9,31.2,32.4,0,100000000,ok
80cfc810-5998-4d88-abef-2946fea9003b,afa59fae-8ed4-44d5-98fa-911b629ff6fd,npu-d025-r001,npu-d025,1,1,1,NPU,,25,cpu_not_applicable,,,,,,,24.99756912015143,1344764240000000,53.29572743,-7.269345304,baseline,53.29572743,31.6,30.9,31.2,32.4,0,100000000,ok
80cfc810-5998-4d88-abef-2946fea9003b,afa59fae-8ed4-44d5-98fa-911b629ff6fd,npu-d025-r001,npu-d025,1,1,1,NPU,,25,cpu_not_applicable,,,,,,,24.99756912015143,1344765235000000,54.29072743,-6.274345304,baseline,54.29072743,31.6,30.9,31.2,32.4,0,95000000,ok
80cfc810-5998-4d88-abef-2946fea9003b,afa59fae-8ed4-44d5-98fa-911b629ff6fd,npu-d025-r001,npu-d025,1,1,1,NPU,,25,cpu_not_applicable,,,,,,,24.99756912015143,1344766245000000,55.30072743,-5.264345304,baseline,55.30072743,31.6,30.9,31.2,32.4,0,95000000,ok
80cfc810-5998-4d88-abef-2946fea9003b,afa59fae-8ed4-44d5-98fa-911b629ff6fd,npu-d025-r001,npu-d025,1,1,1,NPU,,25,cpu_not_applicable,,,,,,,24.99756912015143,1344767275000000,56.33072743,-4.234345304,baseline,56.33072743,31.6,30.9,31.2,32.4,0,125000000,ok
80cfc810-5998-4d88-abef-2946fea9003b,afa59fae-8ed4-44d5-98fa-911b629ff6fd,npu-d025-r001,npu-d025,1,1,1,NPU,,25,cpu_not_applicable,,,,,,,24.99756912015143,1344768265000000,57.32072743,-3.244345304,baseline,57.32072743,31.6,30.9,31.2,32.4,0,105000000,ok
80cfc810-5998-4d88-abef-2946fea9003b,afa59fae-8ed4-44d5-98fa-911b629ff6fd,npu-d025-r001,npu-d025,1,1,1,NPU,,25,cpu_not_applicable,,,,,,,24.99756912015143,1344769330000000,58.38572743,-2.179345304,baseline,58.38572743,31.6,30.9,31.2,32.4,0,100000000,ok
80cfc810-5998-4d88-abef-2946fea9003b,afa59fae-8ed4-44d5-98fa-911b629ff6fd,npu-d025-r001,npu-d025,1,1,1,NPU,,25,cpu_not_applicable,,,,,,,24.99756912015143,1344770260000000,59.31572743,-1.249345304,baseline,59.31572743,31.6,30.9,31.2,32.4,0,100000000,ok
80cfc810-5998-4d88-abef-2946fea9003b,afa59fae-8ed4-44d5-98fa-911b629ff6fd,npu-d025-r001,npu-d025,1,1,1,NPU,,25,cpu_not_applicable,,,,,,,24.99756912015143,1344771295000000,60.35072743,-0.214345304,baseline,60.35072743,31.6,30.9,31.2,32.4,0,85000000,ok
80cfc810-5998-4d88-abef-2946fea9003b,afa59fae-8ed4-44d5-98fa-911b629ff6fd,npu-d025-r001,npu-d025,1,1,1,NPU,,25,cpu_not_applicable,,,,,,,24.99756912015143,1344772275000000,61.33072743,0.765654696,load,0.765654696,31.6,30.9,31.2,32.4,0,85000000,ok
80cfc810-5998-4d88-abef-2946fea9003b,afa59fae-8ed4-44d5-98fa-911b629ff6fd,npu-d025-r001,npu-d025,1,1,1,NPU,,25,cpu_not_applicable,,,,,,,24.99756912015143,1344773305000000,62.36072743,1.795654696,load,1.795654696,31.6,30.9,31.2,32.4,0,85000000,ok
80cfc810-5998-4d88-abef-2946fea9003b,afa59fae-8ed4-44d5-98fa-911b629ff6fd,npu-d025-r001,npu-d025,1,1,1,NPU,,25,cpu_not_applicable,,,,,,,24.99756912015143,1344774300000000,63.35572743,2.790654696,load,2.790654696,31.6,30.9,31.2,32.4,0,100000000,ok
80cfc810-5998-4d88-abef-2946fea9003b,afa59fae-8ed4-44d5-98fa-911b629ff6fd,npu-d025-r001,npu-d025,1,1,1,NPU,,25,cpu_not_applicable,,,,,,,24.99756912015143,1344775300000000,64.35572743,3.790654696,load,3.790654696,31.6,30.9,31.2,32.4,0,90000000,ok
80cfc810-5998-4d88-abef-2946fea9003b,afa59fae-8ed4-44d5-98fa-911b629ff6fd,npu-d025-r001,npu-d025,1,1,1,NPU,,25,cpu_not_applicable,,,,,,,24.99756912015143,1344776315000000,65.37072743,4.805654696,load,4.805654696,31.6,30.9,31.2,32.4,0,95000000,ok
80cfc810-5998-4d88-abef-2946fea9003b,afa59fae-8ed4-44d5-98fa-911b629ff6fd,npu-d025-r001,npu-d025,1,1,1,NPU,,25,cpu_not_applicable,,,,,,,24.99756912015143,1344777420000000,66.47572743,5.910654696,load,5.910654696,32.6,30.9,32.7,32.7,0,100000000,ok
80cfc810-5998-4d88-abef-2946fea9003b,afa59fae-8ed4-44d5-98fa-911b629ff6fd,npu-d025-r001,npu-d025,1,1,1,NPU,,25,cpu_not_applicable,,,,,,,24.99756912015143,1344778315000000,67.37072743,6.805654696,load,6.805654696,32.6,30.9,32.7,32.7,0,95000000,ok
80cfc810-5998-4d88-abef-2946fea9003b,afa59fae-8ed4-44d5-98fa-911b629ff6fd,npu-d025-r001,npu-d025,1,1,1,NPU,,25,cpu_not_applicable,,,,,,,24.99756912015143,1344779290000000,68.34572743,7.780654696,load,7.780654696,32.6,30.9,32.7,32.7,0,80000000,ok
80cfc810-5998-4d88-abef-2946fea9003b,afa59fae-8ed4-44d5-98fa-911b629ff6fd,npu-d025-r001,npu-d025,1,1,1,NPU,,25,cpu_not_applicable,,,,,,,24.99756912015143,1344780380000000,69.43572743,8.870654696,load,8.870654696,32.6,30.9,32.7,32.7,0,90000000,ok
80cfc810-5998-4d88-abef-2946fea9003b,afa59fae-8ed4-44d5-98fa-911b629ff6fd,npu-d025-r001,npu-d025,1,1,1,NPU,,25,cpu_not_applicable,,,,,,,24.99756912015143,1344781415000000,70.47072743,9.905654696,load,9.905654696,32.6,30.9,32.7,32.7,0,105000000,ok
80cfc810-5998-4d88-abef-2946fea9003b,afa59fae-8ed4-44d5-98fa-911b629ff6fd,npu-d025-r001,npu-d025,1,1,1,NPU,,25,cpu_not_applicable,,,,,,,24.99756912015143,1344782295000000,71.35072743,10.785654696,load,10.785654696,32.6,30.9,32.7,32.7,0,85000000,ok
80cfc810-5998-4d88-abef-2946fea9003b,afa59fae-8ed4-44d5-98fa-911b629ff6fd,npu-d025-r001,npu-d025,1,1,1,NPU,,25,cpu_not_applicable,,,,,,,24.99756912015143,1344783275000000,72.33072743,11.765654696,load,11.765654696,32.6,30.9,32.7,32.7,0,75000000,ok
80cfc810-5998-4d88-abef-2946fea9003b,afa59fae-8ed4-44d5-98fa-911b629ff6fd,npu-d025-r001,npu-d025,1,1,1,NPU,,25,cpu_not_applicable,,,,,,,24.99756912015143,1344784310000000,73.36572743,12.800654696,load,12.800654696,32.6,30.9,32.7,32.7,0,90000000,ok
80cfc810-5998-4d88-abef-2946fea9003b,afa59fae-8ed4-44d5-98fa-911b629ff6fd,npu-d025-r001,npu-d025,1,1,1,NPU,,25,cpu_not_applicable,,,,,,,24.99756912015143,1344785395000000,74.45072743,13.885654696,load,13.885654696,32.6,30.9,32.7,32.7,0,85000000,ok
80cfc810-5998-4d88-abef-2946fea9003b,afa59fae-8ed4-44d5-98fa-911b629ff6fd,npu-d025-r001,npu-d025,1,1,1,NPU,,25,cpu_not_applicable,,,,,,,24.99756912015143,1344786480000000,75.53572743,14.970654696,load,14.970654696,33.1,31.1,33.5,32.9,0,140000000,ok
80cfc810-5998-4d88-abef-2946fea9003b,afa59fae-8ed4-44d5-98fa-911b629ff6fd,npu-d025-r001,npu-d025,1,1,1,NPU,,25,cpu_not_applicable,,,,,,,24.99756912015143,1344787460000000,76.51572743,15.950654696,load,15.950654696,33.1,31.1,33.5,32.9,0,100000000,ok
80cfc810-5998-4d88-abef-2946fea9003b,afa59fae-8ed4-44d5-98fa-911b629ff6fd,npu-d025-r001,npu-d025,1,1,1,NPU,,25,cpu_not_applicable,,,,,,,24.99756912015143,1344788380000000,77.43572743,16.870654696,load,16.870654696,33.1,31.1,33.5,32.9,0,100000000,ok
80cfc810-5998-4d88-abef-2946fea9003b,afa59fae-8ed4-44d5-98fa-911b629ff6fd,npu-d025-r001,npu-d025,1,1,1,NPU,,25,cpu_not_applicable,,,,,,,24.99756912015143,1344789410000000,78.46572743,17.900654696,load,17.900654696,33.1,31.1,33.5,32.9,0,110000000,ok
80cfc810-5998-4d88-abef-2946fea9003b,afa59fae-8ed4-44d5-98fa-911b629ff6fd,npu-d025-r001,npu-d025,1,1,1,NPU,,25,cpu_not_applicable,,,,,,,24.99756912015143,1344790415000000,79.47072743,18.905654696,load,18.905654696,33.1,31.1,33.5,32.9,0,105000000,ok
80cfc810-5998-4d88-abef-2946fea9003b,afa59fae-8ed4-44d5-98fa-911b629ff6fd,npu-d025-r001,npu-d025,1,1,1,NPU,,25,cpu_not_applicable,,,,,,,24.99756912015143,1344791440000000,80.49572743,19.930654696,load,19.930654696,33.1,31.1,33.5,32.9,0,90000000,ok
80cfc810-5998-4d88-abef-2946fea9003b,afa59fae-8ed4-44d5-98fa-911b629ff6fd,npu-d025-r001,npu-d025,1,1,1,NPU,,25,cpu_not_applicable,,,,,,,24.99756912015143,1344792360000000,81.41572743,20.850654696,load,20.850654696,33.1,31.1,33.5,32.9,0,80000000,ok
80cfc810-5998-4d88-abef-2946fea9003b,afa59fae-8ed4-44d5-98fa-911b629ff6fd,npu-d025-r001,npu-d025,1,1,1,NPU,,25,cpu_not_applicable,,,,,,,24.99756912015143,1344793360000000,82.41572743,21.850654696,load,21.850654696,33.1,31.1,33.5,32.9,0,80000000,ok
80cfc810-5998-4d88-abef-2946fea9003b,afa59fae-8ed4-44d5-98fa-911b629ff6fd,npu-d025-r001,npu-d025,1,1,1,NPU,,25,cpu_not_applicable,,,,,,,24.99756912015143,1344794395000000,83.45072743,22.885654696,load,22.885654696,33.1,31.1,33.5,32.9,0,75000000,ok
80cfc810-5998-4d88-abef-2946fea9003b,afa59fae-8ed4-44d5-98fa-911b629ff6fd,npu-d025-r001,npu-d025,1,1,1,NPU,,25,cpu_not_applicable,,,,,,,24.99756912015143,1344795425000000,84.48072743,23.915654696,load,23.915654696,33.1,31.1,33.5,32.9,0,95000000,ok
80cfc810-5998-4d88-abef-2946fea9003b,afa59fae-8ed4-44d5-98fa-911b629ff6fd,npu-d025-r001,npu-d025,1,1,1,NPU,,25,cpu_not_applicable,,,,,,,24.99756912015143,1344796450000000,85.50572743,24.940654696,load,24.940654696,33.1,31.1,33.5,32.9,0,90000000,ok
80cfc810-5998-4d88-abef-2946fea9003b,afa59fae-8ed4-44d5-98fa-911b629ff6fd,npu-d025-r001,npu-d025,1,1,1,NPU,,25,cpu_not_applicable,,,,,,,24.99756912015143,1344797495000000,86.55072743,25.985654696,load,25.985654696,33.4,31.3,33.8,33.2,0,105000000,ok
80cfc810-5998-4d88-abef-2946fea9003b,afa59fae-8ed4-44d5-98fa-911b629ff6fd,npu-d025-r001,npu-d025,1,1,1,NPU,,25,cpu_not_applicable,,,,,,,24.99756912015143,1344798380000000,87.43572743,26.870654696,load,26.870654696,33.4,31.3,33.8,33.2,0,90000000,ok
80cfc810-5998-4d88-abef-2946fea9003b,afa59fae-8ed4-44d5-98fa-911b629ff6fd,npu-d025-r001,npu-d025,1,1,1,NPU,,25,cpu_not_applicable,,,,,,,24.99756912015143,1344799440000000,88.49572743,27.930654696,load,27.930654696,33.4,31.3,33.8,33.2,0,100000000,ok
80cfc810-5998-4d88-abef-2946fea9003b,afa59fae-8ed4-44d5-98fa-911b629ff6fd,npu-d025-r001,npu-d025,1,1,1,NPU,,25,cpu_not_applicable,,,,,,,24.99756912015143,1344800465000000,89.52072743,28.955654696,load,28.955654696,33.4,31.3,33.8,33.2,0,95000000,ok
80cfc810-5998-4d88-abef-2946fea9003b,afa59fae-8ed4-44d5-98fa-911b629ff6fd,npu-d025-r001,npu-d025,1,1,1,NPU,,25,cpu_not_applicable,,,,,,,24.99756912015143,1344801485000000,90.54072743,29.975654696,load,29.975654696,33.4,31.3,33.8,33.2,0,95000000,ok
80cfc810-5998-4d88-abef-2946fea9003b,afa59fae-8ed4-44d5-98fa-911b629ff6fd,npu-d025-r001,npu-d025,1,1,1,NPU,,25,cpu_not_applicable,,,,,,,24.99756912015143,1344802490000000,91.54572743,30.980654696,load,30.980654696,33.4,31.3,33.8,33.2,0,90000000,ok
80cfc810-5998-4d88-abef-2946fea9003b,afa59fae-8ed4-44d5-98fa-911b629ff6fd,npu-d025-r001,npu-d025,1,1,1,NPU,,25,cpu_not_applicable,,,,,,,24.99756912015143,1344803560000000,92.61572743,32.050654696,load,32.050654696,33.4,31.3,33.8,33.2,0,140000000,ok
80cfc810-5998-4d88-abef-2946fea9003b,afa59fae-8ed4-44d5-98fa-911b629ff6fd,npu-d025-r001,npu-d025,1,1,1,NPU,,25,cpu_not_applicable,,,,,,,24.99756912015143,1344804535000000,93.59072743,33.025654696,load,33.025654696,33.4,31.3,33.8,33.2,0,85000000,ok
80cfc810-5998-4d88-abef-2946fea9003b,afa59fae-8ed4-44d5-98fa-911b629ff6fd,npu-d025-r001,npu-d025,1,1,1,NPU,,25,cpu_not_applicable,,,,,,,24.99756912015143,1344805615000000,94.67072743,34.105654696,load,34.105654696,33.4,31.3,33.8,33.2,0,135000000,ok
80cfc810-5998-4d88-abef-2946fea9003b,afa59fae-8ed4-44d5-98fa-911b629ff6fd,npu-d025-r001,npu-d025,1,1,1,NPU,,25,cpu_not_applicable,,,,,,,24.99756912015143,1344806620000000,95.67572743,35.110654696,load,35.110654696,33.8,31.4,34.0,33.3,0,110000000,ok
80cfc810-5998-4d88-abef-2946fea9003b,afa59fae-8ed4-44d5-98fa-911b629ff6fd,npu-d025-r001,npu-d025,1,1,1,NPU,,25,cpu_not_applicable,,,,,,,24.99756912015143,1344807515000000,96.57072743,36.005654696,load,36.005654696,33.8,31.4,34.0,33.3,0,95000000,ok
80cfc810-5998-4d88-abef-2946fea9003b,afa59fae-8ed4-44d5-98fa-911b629ff6fd,npu-d025-r001,npu-d025,1,1,1,NPU,,25,cpu_not_applicable,,,,,,,24.99756912015143,1344808530000000,97.58572743,37.020654696,load,37.020654696,33.8,31.4,34.0,33.3,0,80000000,ok
80cfc810-5998-4d88-abef-2946fea9003b,afa59fae-8ed4-44d5-98fa-911b629ff6fd,npu-d025-r001,npu-d025,1,1,1,NPU,,25,cpu_not_applicable,,,,,,,24.99756912015143,1344809570000000,98.62572743,38.060654696,load,38.060654696,33.8,31.4,34.0,33.3,0,90000000,ok
80cfc810-5998-4d88-abef-2946fea9003b,afa59fae-8ed4-44d5-98fa-911b629ff6fd,npu-d025-r001,npu-d025,1,1,1,NPU,,25,cpu_not_applicable,,,,,,,24.99756912015143,1344810575000000,99.63072743,39.065654696,load,39.065654696,33.8,31.4,34.0,33.3,0,85000000,ok
80cfc810-5998-4d88-abef-2946fea9003b,afa59fae-8ed4-44d5-98fa-911b629ff6fd,npu-d025-r001,npu-d025,1,1,1,NPU,,25,cpu_not_applicable,,,,,,,24.99756912015143,1344811510000000,100.56572743,40.000654696,load,40.000654696,33.8,31.4,34.0,33.3,0,90000000,ok
80cfc810-5998-4d88-abef-2946fea9003b,afa59fae-8ed4-44d5-98fa-911b629ff6fd,npu-d025-r001,npu-d025,1,1,1,NPU,,25,cpu_not_applicable,,,,,,,24.99756912015143,1344812510000000,101.56572743,41.000654696,load,41.000654696,33.8,31.4,34.0,33.3,0,80000000,ok
80cfc810-5998-4d88-abef-2946fea9003b,afa59fae-8ed4-44d5-98fa-911b629ff6fd,npu-d025-r001,npu-d025,1,1,1,NPU,,25,cpu_not_applicable,,,,,,,24.99756912015143,1344813550000000,102.60572743,42.040654696,load,42.040654696,33.8,31.4,34.0,33.3,0,90000000,ok
80cfc810-5998-4d88-abef-2946fea9003b,afa59fae-8ed4-44d5-98fa-911b629ff6fd,npu-d025-r001,npu-d025,1,1,1,NPU,,25,cpu_not_applicable,,,,,,,24.99756912015143,1344814590000000,103.64572743,43.080654696,load,43.080654696,33.8,31.4,34.0,33.3,0,100000000,ok
80cfc810-5998-4d88-abef-2946fea9003b,afa59fae-8ed4-44d5-98fa-911b629ff6fd,npu-d025-r001,npu-d025,1,1,1,NPU,,25,cpu_not_applicable,,,,,,,24.99756912015143,1344815650000000,104.70572743,44.140654696,load,44.140654696,33.8,31.4,34.0,33.3,0,140000000,ok
80cfc810-5998-4d88-abef-2946fea9003b,afa59fae-8ed4-44d5-98fa-911b629ff6fd,npu-d025-r001,npu-d025,1,1,1,NPU,,25,cpu_not_applicable,,,,,,,24.99756912015143,1344816620000000,105.67572743,45.110654696,load,45.110654696,34.0,31.6,34.2,33.4,0,90000000,ok
80cfc810-5998-4d88-abef-2946fea9003b,afa59fae-8ed4-44d5-98fa-911b629ff6fd,npu-d025-r001,npu-d025,1,1,1,NPU,,25,cpu_not_applicable,,,,,,,24.99756912015143,1344817695000000,106.75072743,46.185654696,load,46.185654696,34.0,31.6,34.2,33.4,0,135000000,ok
80cfc810-5998-4d88-abef-2946fea9003b,afa59fae-8ed4-44d5-98fa-911b629ff6fd,npu-d025-r001,npu-d025,1,1,1,NPU,,25,cpu_not_applicable,,,,,,,24.99756912015143,1344818585000000,107.64072743,47.075654696,load,47.075654696,34.0,31.6,34.2,33.4,0,95000000,ok
80cfc810-5998-4d88-abef-2946fea9003b,afa59fae-8ed4-44d5-98fa-911b629ff6fd,npu-d025-r001,npu-d025,1,1,1,NPU,,25,cpu_not_applicable,,,,,,,24.99756912015143,1344819615000000,108.67072743,48.105654696,load,48.105654696,34.0,31.6,34.2,33.4,0,95000000,ok
80cfc810-5998-4d88-abef-2946fea9003b,afa59fae-8ed4-44d5-98fa-911b629ff6fd,npu-d025-r001,npu-d025,1,1,1,NPU,,25,cpu_not_applicable,,,,,,,24.99756912015143,1344820635000000,109.69072743,49.125654696,load,49.125654696,34.0,31.6,34.2,33.4,0,95000000,ok
80cfc810-5998-4d88-abef-2946fea9003b,afa59fae-8ed4-44d5-98fa-911b629ff6fd,npu-d025-r001,npu-d025,1,1,1,NPU,,25,cpu_not_applicable,,,,,,,24.99756912015143,1344821640000000,110.69572743,50.130654696,load,50.130654696,34.0,31.6,34.2,33.4,0,90000000,ok
80cfc810-5998-4d88-abef-2946fea9003b,afa59fae-8ed4-44d5-98fa-911b629ff6fd,npu-d025-r001,npu-d025,1,1,1,NPU,,25,cpu_not_applicable,,,,,,,24.99756912015143,1344822655000000,111.71072743,51.145654696,load,51.145654696,34.0,31.6,34.2,33.4,0,85000000,ok
80cfc810-5998-4d88-abef-2946fea9003b,afa59fae-8ed4-44d5-98fa-911b629ff6fd,npu-d025-r001,npu-d025,1,1,1,NPU,,25,cpu_not_applicable,,,,,,,24.99756912015143,1344823690000000,112.74572743,52.180654696,load,52.180654696,34.0,31.6,34.2,33.4,0,100000000,ok
80cfc810-5998-4d88-abef-2946fea9003b,afa59fae-8ed4-44d5-98fa-911b629ff6fd,npu-d025-r001,npu-d025,1,1,1,NPU,,25,cpu_not_applicable,,,,,,,24.99756912015143,1344824625000000,113.68072743,53.115654696,load,53.115654696,34.0,31.6,34.2,33.4,0,95000000,ok
80cfc810-5998-4d88-abef-2946fea9003b,afa59fae-8ed4-44d5-98fa-911b629ff6fd,npu-d025-r001,npu-d025,1,1,1,NPU,,25,cpu_not_applicable,,,,,,,24.99756912015143,1344825640000000,114.69572743,54.130654696,load,54.130654696,34.0,31.6,34.2,33.4,0,90000000,ok
80cfc810-5998-4d88-abef-2946fea9003b,afa59fae-8ed4-44d5-98fa-911b629ff6fd,npu-d025-r001,npu-d025,1,1,1,NPU,,25,cpu_not_applicable,,,,,,,24.99756912015143,1344826680000000,115.73572743,55.170654696,load,55.170654696,34.2,31.7,34.4,33.6,0,100000000,ok
80cfc810-5998-4d88-abef-2946fea9003b,afa59fae-8ed4-44d5-98fa-911b629ff6fd,npu-d025-r001,npu-d025,1,1,1,NPU,,25,cpu_not_applicable,,,,,,,24.99756912015143,1344827705000000,116.76072743,56.195654696,load,56.195654696,34.2,31.7,34.4,33.6,0,105000000,ok
80cfc810-5998-4d88-abef-2946fea9003b,afa59fae-8ed4-44d5-98fa-911b629ff6fd,npu-d025-r001,npu-d025,1,1,1,NPU,,25,cpu_not_applicable,,,,,,,24.99756912015143,1344828745000000,117.80072743,57.235654696,load,57.235654696,34.2,31.7,34.4,33.6,0,135000000,ok
80cfc810-5998-4d88-abef-2946fea9003b,afa59fae-8ed4-44d5-98fa-911b629ff6fd,npu-d025-r001,npu-d025,1,1,1,NPU,,25,cpu_not_applicable,,,,,,,24.99756912015143,1344829780000000,118.83572743,58.270654696,load,58.270654696,34.2,31.7,34.4,33.6,0,130000000,ok
80cfc810-5998-4d88-abef-2946fea9003b,afa59fae-8ed4-44d5-98fa-911b629ff6fd,npu-d025-r001,npu-d025,1,1,1,NPU,,25,cpu_not_applicable,,,,,,,24.99756912015143,1344830665000000,119.72072743,59.155654696,load,59.155654696,34.2,31.7,34.4,33.6,0,95000000,ok
80cfc810-5998-4d88-abef-2946fea9003b,afa59fae-8ed4-44d5-98fa-911b629ff6fd,npu-d025-r001,npu-d025,1,1,1,NPU,,25,cpu_not_applicable,,,,,,,24.99756912015143,1344831670000000,120.72572743,60.160654696,cooling,0.158572743,34.2,31.7,34.4,33.6,0,80000000,ok
80cfc810-5998-4d88-abef-2946fea9003b,afa59fae-8ed4-44d5-98fa-911b629ff6fd,npu-d025-r001,npu-d025,1,1,1,NPU,,25,cpu_not_applicable,,,,,,,24.99756912015143,1344832805000000,121.86072743,61.295654696,cooling,1.293572743,34.2,31.7,34.4,33.6,0,245000000,ok
80cfc810-5998-4d88-abef-2946fea9003b,afa59fae-8ed4-44d5-98fa-911b629ff6fd,npu-d025-r001,npu-d025,1,1,1,NPU,,25,cpu_not_applicable,,,,,,,24.99756912015143,1344833605000000,122.66072743,62.095654696,cooling,2.093572743,34.2,31.7,34.4,33.6,0,75000000,ok
80cfc810-5998-4d88-abef-2946fea9003b,afa59fae-8ed4-44d5-98fa-911b629ff6fd,npu-d025-r001,npu-d025,1,1,1,NPU,,25,cpu_not_applicable,,,,,,,24.99756912015143,1344834640000000,123.69572743,63.130654696,cooling,3.128572743,34.2,31.7,34.4,33.6,0,80000000,ok
80cfc810-5998-4d88-abef-2946fea9003b,afa59fae-8ed4-44d5-98fa-911b629ff6fd,npu-d025-r001,npu-d025,1,1,1,NPU,,25,cpu_not_applicable,,,,,,,24.99756912015143,1344835735000000,124.79072743,64.225654696,cooling,4.223572743,34.2,31.7,34.4,33.6,0,145000000,ok
80cfc810-5998-4d88-abef-2946fea9003b,afa59fae-8ed4-44d5-98fa-911b629ff6fd,npu-d025-r001,npu-d025,1,1,1,NPU,,25,cpu_not_applicable,,,,,,,24.99756912015143,1344836720000000,125.77572743,65.210654696,cooling,5.208572743,34.3,31.8,33.9,33.6,0,100000000,ok
80cfc810-5998-4d88-abef-2946fea9003b,afa59fae-8ed4-44d5-98fa-911b629ff6fd,npu-d025-r001,npu-d025,1,1,1,NPU,,25,cpu_not_applicable,,,,,,,24.99756912015143,1344837765000000,126.82072743,66.255654696,cooling,6.253572743,34.3,31.8,33.9,33.6,0,145000000,ok
80cfc810-5998-4d88-abef-2946fea9003b,afa59fae-8ed4-44d5-98fa-911b629ff6fd,npu-d025-r001,npu-d025,1,1,1,NPU,,25,cpu_not_applicable,,,,,,,24.99756912015143,1344838820000000,127.87572743,67.310654696,cooling,7.308572743,34.3,31.8,33.9,33.6,0,120000000,ok
80cfc810-5998-4d88-abef-2946fea9003b,afa59fae-8ed4-44d5-98fa-911b629ff6fd,npu-d025-r001,npu-d025,1,1,1,NPU,,25,cpu_not_applicable,,,,,,,24.99756912015143,1344839830000000,128.88572743,68.320654696,cooling,8.318572743,34.3,31.8,33.9,33.6,0,130000000,ok
80cfc810-5998-4d88-abef-2946fea9003b,afa59fae-8ed4-44d5-98fa-911b629ff6fd,npu-d025-r001,npu-d025,1,1,1,NPU,,25,cpu_not_applicable,,,,,,,24.99756912015143,1344840720000000,129.77572743,69.210654696,cooling,9.208572743,34.3,31.8,33.9,33.6,0,110000000,ok
80cfc810-5998-4d88-abef-2946fea9003b,afa59fae-8ed4-44d5-98fa-911b629ff6fd,npu-d025-r001,npu-d025,1,1,1,NPU,,25,cpu_not_applicable,,,,,,,24.99756912015143,1344841715000000,130.77072743,70.205654696,cooling,10.203572743,34.3,31.8,33.9,33.6,0,95000000,ok
80cfc810-5998-4d88-abef-2946fea9003b,afa59fae-8ed4-44d5-98fa-911b629ff6fd,npu-d025-r001,npu-d025,1,1,1,NPU,,25,cpu_not_applicable,,,,,,,24.99756912015143,1344842780000000,131.83572743,71.270654696,cooling,11.268572743,34.3,31.8,33.9,33.6,0,120000000,ok
80cfc810-5998-4d88-abef-2946fea9003b,afa59fae-8ed4-44d5-98fa-911b629ff6fd,npu-d025-r001,npu-d025,1,1,1,NPU,,25,cpu_not_applicable,,,,,,,24.99756912015143,1344843800000000,132.85572743,72.290654696,cooling,12.288572743,34.3,31.8,33.9,33.6,0,130000000,ok
80cfc810-5998-4d88-abef-2946fea9003b,afa59fae-8ed4-44d5-98fa-911b629ff6fd,npu-d025-r001,npu-d025,1,1,1,NPU,,25,cpu_not_applicable,,,,,,,24.99756912015143,1344844850000000,133.90572743,73.340654696,cooling,13.338572743,34.3,31.8,33.9,33.6,0,130000000,ok
80cfc810-5998-4d88-abef-2946fea9003b,afa59fae-8ed4-44d5-98fa-911b629ff6fd,npu-d025-r001,npu-d025,1,1,1,NPU,,25,cpu_not_applicable,,,,,,,24.99756912015143,1344845710000000,134.76572743,74.200654696,cooling,14.198572743,34.3,31.8,33.9,33.6,0,90000000,ok
80cfc810-5998-4d88-abef-2946fea9003b,afa59fae-8ed4-44d5-98fa-911b629ff6fd,npu-d025-r001,npu-d025,1,1,1,NPU,,25,cpu_not_applicable,,,,,,,24.99756912015143,1344846725000000,135.78072743,75.215654696,cooling,15.213572743,33.3,31.8,32.9,33.4,0,85000000,ok
80cfc810-5998-4d88-abef-2946fea9003b,afa59fae-8ed4-44d5-98fa-911b629ff6fd,npu-d025-r001,npu-d025,1,1,1,NPU,,25,cpu_not_applicable,,,,,,,24.99756912015143,1344847800000000,136.85572743,76.290654696,cooling,16.288572743,33.3,31.8,32.9,33.4,0,130000000,ok
80cfc810-5998-4d88-abef-2946fea9003b,afa59fae-8ed4-44d5-98fa-911b629ff6fd,npu-d025-r001,npu-d025,1,1,1,NPU,,25,cpu_not_applicable,,,,,,,24.99756912015143,1344848840000000,137.89572743,77.330654696,cooling,17.328572743,33.3,31.8,32.9,33.4,0,140000000,ok
80cfc810-5998-4d88-abef-2946fea9003b,afa59fae-8ed4-44d5-98fa-911b629ff6fd,npu-d025-r001,npu-d025,1,1,1,NPU,,25,cpu_not_applicable,,,,,,,24.99756912015143,1344849725000000,138.78072743,78.215654696,cooling,18.213572743,33.3,31.8,32.9,33.4,0,105000000,ok
80cfc810-5998-4d88-abef-2946fea9003b,afa59fae-8ed4-44d5-98fa-911b629ff6fd,npu-d025-r001,npu-d025,1,1,1,NPU,,25,cpu_not_applicable,,,,,,,24.99756912015143,1344850745000000,139.80072743,79.235654696,cooling,19.233572743,33.3,31.8,32.9,33.4,0,95000000,ok
80cfc810-5998-4d88-abef-2946fea9003b,afa59fae-8ed4-44d5-98fa-911b629ff6fd,npu-d025-r001,npu-d025,1,1,1,NPU,,25,cpu_not_applicable,,,,,,,24.99756912015143,1344851800000000,140.85572743,80.290654696,cooling,20.288572743,33.3,31.8,32.9,33.4,0,130000000,ok
80cfc810-5998-4d88-abef-2946fea9003b,afa59fae-8ed4-44d5-98fa-911b629ff6fd,npu-d025-r001,npu-d025,1,1,1,NPU,,25,cpu_not_applicable,,,,,,,24.99756912015143,1344852675000000,141.73072743,81.165654696,cooling,21.163572743,33.3,31.8,32.9,33.4,0,95000000,ok
80cfc810-5998-4d88-abef-2946fea9003b,afa59fae-8ed4-44d5-98fa-911b629ff6fd,npu-d025-r001,npu-d025,1,1,1,NPU,,25,cpu_not_applicable,,,,,,,24.99756912015143,1344853665000000,142.72072743,82.155654696,cooling,22.153572743,33.3,31.8,32.9,33.4,0,95000000,ok
80cfc810-5998-4d88-abef-2946fea9003b,afa59fae-8ed4-44d5-98fa-911b629ff6fd,npu-d025-r001,npu-d025,1,1,1,NPU,,25,cpu_not_applicable,,,,,,,24.99756912015143,1344854675000000,143.73072743,83.165654696,cooling,23.163572743,33.3,31.8,32.9,33.4,0,85000000,ok
80cfc810-5998-4d88-abef-2946fea9003b,afa59fae-8ed4-44d5-98fa-911b629ff6fd,npu-d025-r001,npu-d025,1,1,1,NPU,,25,cpu_not_applicable,,,,,,,24.99756912015143,1344855770000000,144.82572743,84.260654696,cooling,24.258572743,33.3,31.8,32.9,33.4,0,100000000,ok
80cfc810-5998-4d88-abef-2946fea9003b,afa59fae-8ed4-44d5-98fa-911b629ff6fd,npu-d025-r001,npu-d025,1,1,1,NPU,,25,cpu_not_applicable,,,,,,,24.99756912015143,1344856805000000,145.86072743,85.295654696,cooling,25.293572743,33.0,31.7,32.6,33.2,0,95000000,ok
80cfc810-5998-4d88-abef-2946fea9003b,afa59fae-8ed4-44d5-98fa-911b629ff6fd,npu-d025-r001,npu-d025,1,1,1,NPU,,25,cpu_not_applicable,,,,,,,24.99756912015143,1344857825000000,146.88072743,86.315654696,cooling,26.313572743,33.0,31.7,32.6,33.2,0,115000000,ok
80cfc810-5998-4d88-abef-2946fea9003b,afa59fae-8ed4-44d5-98fa-911b629ff6fd,npu-d025-r001,npu-d025,1,1,1,NPU,,25,cpu_not_applicable,,,,,,,24.99756912015143,1344858730000000,147.78572743,87.220654696,cooling,27.218572743,33.0,31.7,32.6,33.2,0,110000000,ok
80cfc810-5998-4d88-abef-2946fea9003b,afa59fae-8ed4-44d5-98fa-911b629ff6fd,npu-d025-r001,npu-d025,1,1,1,NPU,,25,cpu_not_applicable,,,,,,,24.99756912015143,1344859740000000,148.79572743,88.230654696,cooling,28.228572743,33.0,31.7,32.6,33.2,0,90000000,ok
80cfc810-5998-4d88-abef-2946fea9003b,afa59fae-8ed4-44d5-98fa-911b629ff6fd,npu-d025-r001,npu-d025,1,1,1,NPU,,25,cpu_not_applicable,,,,,,,24.99756912015143,1344860770000000,149.82572743,89.260654696,cooling,29.258572743,33.0,31.7,32.6,33.2,0,90000000,ok
80cfc810-5998-4d88-abef-2946fea9003b,afa59fae-8ed4-44d5-98fa-911b629ff6fd,npu-d025-r001,npu-d025,1,1,1,NPU,,25,cpu_not_applicable,,,,,,,24.99756912015143,1344861800000000,150.85572743,90.290654696,cooling,30.288572743,33.0,31.7,32.6,33.2,0,100000000,ok
80cfc810-5998-4d88-abef-2946fea9003b,afa59fae-8ed4-44d5-98fa-911b629ff6fd,npu-d025-r001,npu-d025,1,1,1,NPU,,25,cpu_not_applicable,,,,,,,24.99756912015143,1344862845000000,151.90072743,91.335654696,cooling,31.333572743,33.0,31.7,32.6,33.2,0,95000000,ok
80cfc810-5998-4d88-abef-2946fea9003b,afa59fae-8ed4-44d5-98fa-911b629ff6fd,npu-d025-r001,npu-d025,1,1,1,NPU,,25,cpu_not_applicable,,,,,,,24.99756912015143,1344863750000000,152.80572743,92.240654696,cooling,32.238572743,33.0,31.7,32.6,33.2,0,90000000,ok
80cfc810-5998-4d88-abef-2946fea9003b,afa59fae-8ed4-44d5-98fa-911b629ff6fd,npu-d025-r001,npu-d025,1,1,1,NPU,,25,cpu_not_applicable,,,,,,,24.99756912015143,1344864750000000,153.80572743,93.240654696,cooling,33.238572743,33.0,31.7,32.6,33.2,0,80000000,ok
80cfc810-5998-4d88-abef-2946fea9003b,afa59fae-8ed4-44d5-98fa-911b629ff6fd,npu-d025-r001,npu-d025,1,1,1,NPU,,25,cpu_not_applicable,,,,,,,24.99756912015143,1344865810000000,154.86572743,94.300654696,cooling,34.298572743,33.0,31.7,32.6,33.2,0,110000000,ok
80cfc810-5998-4d88-abef-2946fea9003b,afa59fae-8ed4-44d5-98fa-911b629ff6fd,npu-d025-r001,npu-d025,1,1,1,NPU,,25,cpu_not_applicable,,,,,,,24.99756912015143,1344866715000000,155.77072743,95.205654696,cooling,35.203572743,32.7,31.6,32.3,33.1,0,95000000,ok
80cfc810-5998-4d88-abef-2946fea9003b,afa59fae-8ed4-44d5-98fa-911b629ff6fd,npu-d025-r001,npu-d025,1,1,1,NPU,,25,cpu_not_applicable,,,,,,,24.99756912015143,1344867800000000,156.85572743,96.290654696,cooling,36.288572743,32.7,31.6,32.3,33.1,0,120000000,ok
80cfc810-5998-4d88-abef-2946fea9003b,afa59fae-8ed4-44d5-98fa-911b629ff6fd,npu-d025-r001,npu-d025,1,1,1,NPU,,25,cpu_not_applicable,,,,,,,24.99756912015143,1344868775000000,157.83072743,97.265654696,cooling,37.263572743,32.7,31.6,32.3,33.1,0,95000000,ok
80cfc810-5998-4d88-abef-2946fea9003b,afa59fae-8ed4-44d5-98fa-911b629ff6fd,npu-d025-r001,npu-d025,1,1,1,NPU,,25,cpu_not_applicable,,,,,,,24.99756912015143,1344869785000000,158.84072743,98.275654696,cooling,38.273572743,32.7,31.6,32.3,33.1,0,95000000,ok
80cfc810-5998-4d88-abef-2946fea9003b,afa59fae-8ed4-44d5-98fa-911b629ff6fd,npu-d025-r001,npu-d025,1,1,1,NPU,,25,cpu_not_applicable,,,,,,,24.99756912015143,1344870715000000,159.77072743,99.205654696,cooling,39.203572743,32.7,31.6,32.3,33.1,0,105000000,ok
80cfc810-5998-4d88-abef-2946fea9003b,afa59fae-8ed4-44d5-98fa-911b629ff6fd,npu-d025-r001,npu-d025,1,1,1,NPU,,25,cpu_not_applicable,,,,,,,24.99756912015143,1344871705000000,160.76072743,100.195654696,cooling,40.193572743,32.7,31.6,32.3,33.1,0,135000000,ok
80cfc810-5998-4d88-abef-2946fea9003b,afa59fae-8ed4-44d5-98fa-911b629ff6fd,npu-d025-r001,npu-d025,1,1,1,NPU,,25,cpu_not_applicable,,,,,,,24.99756912015143,1344872790000000,161.84572743,101.280654696,cooling,41.278572743,32.7,31.6,32.3,33.1,0,120000000,ok
80cfc810-5998-4d88-abef-2946fea9003b,afa59fae-8ed4-44d5-98fa-911b629ff6fd,npu-d025-r001,npu-d025,1,1,1,NPU,,25,cpu_not_applicable,,,,,,,24.99756912015143,1344873770000000,162.82572743,102.260654696,cooling,42.258572743,32.7,31.6,32.3,33.1,0,100000000,ok
80cfc810-5998-4d88-abef-2946fea9003b,afa59fae-8ed4-44d5-98fa-911b629ff6fd,npu-d025-r001,npu-d025,1,1,1,NPU,,25,cpu_not_applicable,,,,,,,24.99756912015143,1344874860000000,163.91572743,103.350654696,cooling,43.348572743,32.7,31.6,32.3,33.1,0,120000000,ok
80cfc810-5998-4d88-abef-2946fea9003b,afa59fae-8ed4-44d5-98fa-911b629ff6fd,npu-d025-r001,npu-d025,1,1,1,NPU,,25,cpu_not_applicable,,,,,,,24.99756912015143,1344875730000000,164.78572743,104.220654696,cooling,44.218572743,32.7,31.6,32.3,33.1,0,100000000,ok
80cfc810-5998-4d88-abef-2946fea9003b,afa59fae-8ed4-44d5-98fa-911b629ff6fd,npu-d025-r001,npu-d025,1,1,1,NPU,,25,cpu_not_applicable,,,,,,,24.99756912015143,1344876750000000,165.80572743,105.240654696,cooling,45.238572743,32.7,31.5,32.2,33.0,0,100000000,ok
80cfc810-5998-4d88-abef-2946fea9003b,afa59fae-8ed4-44d5-98fa-911b629ff6fd,npu-d025-r001,npu-d025,1,1,1,NPU,,25,cpu_not_applicable,,,,,,,24.99756912015143,1344877825000000,166.88072743,106.315654696,cooling,46.313572743,32.7,31.5,32.2,33.0,0,115000000,ok
80cfc810-5998-4d88-abef-2946fea9003b,afa59fae-8ed4-44d5-98fa-911b629ff6fd,npu-d025-r001,npu-d025,1,1,1,NPU,,25,cpu_not_applicable,,,,,,,24.99756912015143,1344878845000000,167.90072743,107.335654696,cooling,47.333572743,32.7,31.5,32.2,33.0,0,135000000,ok
80cfc810-5998-4d88-abef-2946fea9003b,afa59fae-8ed4-44d5-98fa-911b629ff6fd,npu-d025-r001,npu-d025,1,1,1,NPU,,25,cpu_not_applicable,,,,,,,24.99756912015143,1344879855000000,168.91072743,108.345654696,cooling,48.343572743,32.7,31.5,32.2,33.0,0,145000000,ok
80cfc810-5998-4d88-abef-2946fea9003b,afa59fae-8ed4-44d5-98fa-911b629ff6fd,npu-d025-r001,npu-d025,1,1,1,NPU,,25,cpu_not_applicable,,,,,,,24.99756912015143,1344880735000000,169.79072743,109.225654696,cooling,49.223572743,32.7,31.5,32.2,33.0,0,95000000,ok
80cfc810-5998-4d88-abef-2946fea9003b,afa59fae-8ed4-44d5-98fa-911b629ff6fd,npu-d025-r001,npu-d025,1,1,1,NPU,,25,cpu_not_applicable,,,,,,,24.99756912015143,1344881860000000,170.91572743,110.350654696,cooling,50.348572743,32.7,31.5,32.2,33.0,0,90000000,ok
80cfc810-5998-4d88-abef-2946fea9003b,afa59fae-8ed4-44d5-98fa-911b629ff6fd,npu-d025-r001,npu-d025,1,1,1,NPU,,25,cpu_not_applicable,,,,,,,24.99756912015143,1344882815000000,171.87072743,111.305654696,cooling,51.303572743,32.7,31.5,32.2,33.0,0,105000000,ok
80cfc810-5998-4d88-abef-2946fea9003b,afa59fae-8ed4-44d5-98fa-911b629ff6fd,npu-d025-r001,npu-d025,1,1,1,NPU,,25,cpu_not_applicable,,,,,,,24.99756912015143,1344883795000000,172.85072743,112.285654696,cooling,52.283572743,32.7,31.5,32.2,33.0,0,85000000,ok
80cfc810-5998-4d88-abef-2946fea9003b,afa59fae-8ed4-44d5-98fa-911b629ff6fd,npu-d025-r001,npu-d025,1,1,1,NPU,,25,cpu_not_applicable,,,,,,,24.99756912015143,1344884855000000,173.91072743,113.345654696,cooling,53.343572743,32.7,31.5,32.2,33.0,0,105000000,ok
80cfc810-5998-4d88-abef-2946fea9003b,afa59fae-8ed4-44d5-98fa-911b629ff6fd,npu-d025-r001,npu-d025,1,1,1,NPU,,25,cpu_not_applicable,,,,,,,24.99756912015143,1344885770000000,174.82572743,114.260654696,cooling,54.258572743,32.7,31.5,32.2,33.0,0,100000000,ok
80cfc810-5998-4d88-abef-2946fea9003b,afa59fae-8ed4-44d5-98fa-911b629ff6fd,npu-d025-r001,npu-d025,1,1,1,NPU,,25,cpu_not_applicable,,,,,,,24.99756912015143,1344886890000000,175.94572743,115.380654696,cooling,55.378572743,32.4,31.4,32.1,32.9,0,100000000,ok
80cfc810-5998-4d88-abef-2946fea9003b,afa59fae-8ed4-44d5-98fa-911b629ff6fd,npu-d025-r001,npu-d025,1,1,1,NPU,,25,cpu_not_applicable,,,,,,,24.99756912015143,1344887920000000,176.97572743,116.410654696,cooling,56.408572743,32.4,31.4,32.1,32.9,0,100000000,ok
80cfc810-5998-4d88-abef-2946fea9003b,afa59fae-8ed4-44d5-98fa-911b629ff6fd,npu-d025-r001,npu-d025,1,1,1,NPU,,25,cpu_not_applicable,,,,,,,24.99756912015143,1344888825000000,177.88072743,117.315654696,cooling,57.313572743,32.4,31.4,32.1,32.9,0,95000000,ok
80cfc810-5998-4d88-abef-2946fea9003b,afa59fae-8ed4-44d5-98fa-911b629ff6fd,npu-d025-r001,npu-d025,1,1,1,NPU,,25,cpu_not_applicable,,,,,,,24.99756912015143,1344889900000000,178.95572743,118.390654696,cooling,58.388572743,32.4,31.4,32.1,32.9,0,110000000,ok
80cfc810-5998-4d88-abef-2946fea9003b,afa59fae-8ed4-44d5-98fa-911b629ff6fd,npu-d025-r001,npu-d025,1,1,1,NPU,,25,cpu_not_applicable,,,,,,,24.99756912015143,1344890875000000,179.93072743,119.365654696,cooling,59.363572743,32.4,31.4,32.1,32.9,0,85000000,ok
80cfc810-5998-4d88-abef-2946fea9003b,afa59fae-8ed4-44d5-98fa-911b629ff6fd,npu-d025-r001,npu-d025,1,1,1,NPU,,25,cpu_not_applicable,,,,,,,24.99756912015143,1344891940000000,180.99572743,120.430654696,cooling,60.428572743,32.4,31.4,32.1,32.9,0,130000000,ok
80cfc810-5998-4d88-abef-2946fea9003b,afa59fae-8ed4-44d5-98fa-911b629ff6fd,npu-d025-r001,npu-d025,1,1,1,NPU,,25,cpu_not_applicable,,,,,,,24.99756912015143,1344892955000000,182.01072743,121.445654696,cooling,61.443572743,32.4,31.4,32.1,32.9,0,125000000,ok
80cfc810-5998-4d88-abef-2946fea9003b,afa59fae-8ed4-44d5-98fa-911b629ff6fd,npu-d025-r001,npu-d025,1,1,1,NPU,,25,cpu_not_applicable,,,,,,,24.99756912015143,1344893850000000,182.90572743,122.340654696,cooling,62.338572743,32.4,31.4,32.1,32.9,0,90000000,ok
80cfc810-5998-4d88-abef-2946fea9003b,afa59fae-8ed4-44d5-98fa-911b629ff6fd,npu-d025-r001,npu-d025,1,1,1,NPU,,25,cpu_not_applicable,,,,,,,24.99756912015143,1344894880000000,183.93572743,123.370654696,cooling,63.368572743,32.4,31.4,32.1,32.9,0,100000000,ok
80cfc810-5998-4d88-abef-2946fea9003b,afa59fae-8ed4-44d5-98fa-911b629ff6fd,npu-d025-r001,npu-d025,1,1,1,NPU,,25,cpu_not_applicable,,,,,,,24.99756912015143,1344895885000000,184.94072743,124.375654696,cooling,64.373572743,32.4,31.4,32.1,32.9,0,95000000,ok
80cfc810-5998-4d88-abef-2946fea9003b,afa59fae-8ed4-44d5-98fa-911b629ff6fd,npu-d025-r001,npu-d025,1,1,1,NPU,,25,cpu_not_applicable,,,,,,,24.99756912015143,1344896930000000,185.98572743,125.420654696,cooling,65.418572743,32.4,31.3,31.9,32.9,0,100000000,ok
80cfc810-5998-4d88-abef-2946fea9003b,afa59fae-8ed4-44d5-98fa-911b629ff6fd,npu-d025-r001,npu-d025,1,1,1,NPU,,25,cpu_not_applicable,,,,,,,24.99756912015143,1344897945000000,187.00072743,126.435654696,cooling,66.433572743,32.4,31.3,31.9,32.9,0,95000000,ok
80cfc810-5998-4d88-abef-2946fea9003b,afa59fae-8ed4-44d5-98fa-911b629ff6fd,npu-d025-r001,npu-d025,1,1,1,NPU,,25,cpu_not_applicable,,,,,,,24.99756912015143,1344898975000000,188.03072743,127.465654696,cooling,67.463572743,32.4,31.3,31.9,32.9,0,105000000,ok
80cfc810-5998-4d88-abef-2946fea9003b,afa59fae-8ed4-44d5-98fa-911b629ff6fd,npu-d025-r001,npu-d025,1,1,1,NPU,,25,cpu_not_applicable,,,,,,,24.99756912015143,1344899900000000,188.95572743,128.390654696,cooling,68.388572743,32.4,31.3,31.9,32.9,0,100000000,ok
80cfc810-5998-4d88-abef-2946fea9003b,afa59fae-8ed4-44d5-98fa-911b629ff6fd,npu-d025-r001,npu-d025,1,1,1,NPU,,25,cpu_not_applicable,,,,,,,24.99756912015143,1344900910000000,189.96572743,129.400654696,cooling,69.398572743,32.4,31.3,31.9,32.9,0,100000000,ok
80cfc810-5998-4d88-abef-2946fea9003b,afa59fae-8ed4-44d5-98fa-911b629ff6fd,npu-d025-r001,npu-d025,1,1,1,NPU,,25,cpu_not_applicable,,,,,,,24.99756912015143,1344901930000000,190.98572743,130.420654696,cooling,70.418572743,32.4,31.3,31.9,32.9,0,90000000,ok
80cfc810-5998-4d88-abef-2946fea9003b,afa59fae-8ed4-44d5-98fa-911b629ff6fd,npu-d025-r001,npu-d025,1,1,1,NPU,,25,cpu_not_applicable,,,,,,,24.99756912015143,1344903010000000,192.06572743,131.500654696,cooling,71.498572743,32.4,31.3,31.9,32.9,0,120000000,ok
80cfc810-5998-4d88-abef-2946fea9003b,afa59fae-8ed4-44d5-98fa-911b629ff6fd,npu-d025-r001,npu-d025,1,1,1,NPU,,25,cpu_not_applicable,,,,,,,24.99756912015143,1344903975000000,193.03072743,132.465654696,cooling,72.463572743,32.4,31.3,31.9,32.9,0,85000000,ok
80cfc810-5998-4d88-abef-2946fea9003b,afa59fae-8ed4-44d5-98fa-911b629ff6fd,npu-d025-r001,npu-d025,1,1,1,NPU,,25,cpu_not_applicable,,,,,,,24.99756912015143,1344905070000000,194.12572743,133.560654696,cooling,73.558572743,32.4,31.3,31.9,32.9,0,120000000,ok
80cfc810-5998-4d88-abef-2946fea9003b,afa59fae-8ed4-44d5-98fa-911b629ff6fd,npu-d025-r001,npu-d025,1,1,1,NPU,,25,cpu_not_applicable,,,,,,,24.99756912015143,1344906065000000,195.12072743,134.555654696,cooling,74.553572743,32.4,31.3,31.9,32.9,0,125000000,ok
80cfc810-5998-4d88-abef-2946fea9003b,afa59fae-8ed4-44d5-98fa-911b629ff6fd,npu-d025-r001,npu-d025,1,1,1,NPU,,25,cpu_not_applicable,,,,,,,24.99756912015143,1344906960000000,196.01572743,135.450654696,cooling,75.448572743,32.3,31.3,31.8,32.8,0,100000000,ok
80cfc810-5998-4d88-abef-2946fea9003b,afa59fae-8ed4-44d5-98fa-911b629ff6fd,npu-d025-r001,npu-d025,1,1,1,NPU,,25,cpu_not_applicable,,,,,,,24.99756912015143,1344907975000000,197.03072743,136.465654696,cooling,76.463572743,32.3,31.3,31.8,32.8,0,95000000,ok
80cfc810-5998-4d88-abef-2946fea9003b,afa59fae-8ed4-44d5-98fa-911b629ff6fd,npu-d025-r001,npu-d025,1,1,1,NPU,,25,cpu_not_applicable,,,,,,,24.99756912015143,1344909005000000,198.06072743,137.495654696,cooling,77.493572743,32.3,31.3,31.8,32.8,0,95000000,ok
80cfc810-5998-4d88-abef-2946fea9003b,afa59fae-8ed4-44d5-98fa-911b629ff6fd,npu-d025-r001,npu-d025,1,1,1,NPU,,25,cpu_not_applicable,,,,,,,24.99756912015143,1344910020000000,199.07572743,138.510654696,cooling,78.508572743,32.3,31.3,31.8,32.8,0,90000000,ok
80cfc810-5998-4d88-abef-2946fea9003b,afa59fae-8ed4-44d5-98fa-911b629ff6fd,npu-d025-r001,npu-d025,1,1,1,NPU,,25,cpu_not_applicable,,,,,,,24.99756912015143,1344911085000000,200.14072743,139.575654696,cooling,79.573572743,32.3,31.3,31.8,32.8,0,125000000,ok
80cfc810-5998-4d88-abef-2946fea9003b,afa59fae-8ed4-44d5-98fa-911b629ff6fd,npu-d025-r001,npu-d025,1,1,1,NPU,,25,cpu_not_applicable,,,,,,,24.99756912015143,1344912090000000,201.14572743,140.580654696,cooling,80.578572743,32.3,31.3,31.8,32.8,0,100000000,ok
80cfc810-5998-4d88-abef-2946fea9003b,afa59fae-8ed4-44d5-98fa-911b629ff6fd,npu-d025-r001,npu-d025,1,1,1,NPU,,25,cpu_not_applicable,,,,,,,24.99756912015143,1344913105000000,202.16072743,141.595654696,cooling,81.593572743,32.3,31.3,31.8,32.8,0,105000000,ok
80cfc810-5998-4d88-abef-2946fea9003b,afa59fae-8ed4-44d5-98fa-911b629ff6fd,npu-d025-r001,npu-d025,1,1,1,NPU,,25,cpu_not_applicable,,,,,,,24.99756912015143,1344914095000000,203.15072743,142.585654696,cooling,82.583572743,32.3,31.3,31.8,32.8,0,95000000,ok
80cfc810-5998-4d88-abef-2946fea9003b,afa59fae-8ed4-44d5-98fa-911b629ff6fd,npu-d025-r001,npu-d025,1,1,1,NPU,,25,cpu_not_applicable,,,,,,,24.99756912015143,1344915070000000,204.12572743,143.560654696,cooling,83.558572743,32.3,31.3,31.8,32.8,0,90000000,ok
80cfc810-5998-4d88-abef-2946fea9003b,afa59fae-8ed4-44d5-98fa-911b629ff6fd,npu-d025-r001,npu-d025,1,1,1,NPU,,25,cpu_not_applicable,,,,,,,24.99756912015143,1344916075000000,205.13072743,144.565654696,cooling,84.563572743,32.3,31.3,31.8,32.8,0,95000000,ok
80cfc810-5998-4d88-abef-2946fea9003b,afa59fae-8ed4-44d5-98fa-911b629ff6fd,npu-d025-r001,npu-d025,1,1,1,NPU,,25,cpu_not_applicable,,,,,,,24.99756912015143,1344917065000000,206.12072743,145.555654696,cooling,85.553572743,32.3,31.2,31.8,32.8,0,75000000,ok
80cfc810-5998-4d88-abef-2946fea9003b,afa59fae-8ed4-44d5-98fa-911b629ff6fd,npu-d025-r001,npu-d025,1,1,1,NPU,,25,cpu_not_applicable,,,,,,,24.99756912015143,1344918135000000,207.19072743,146.625654696,cooling,86.623572743,32.3,31.2,31.8,32.8,0,105000000,ok
80cfc810-5998-4d88-abef-2946fea9003b,afa59fae-8ed4-44d5-98fa-911b629ff6fd,npu-d025-r001,npu-d025,1,1,1,NPU,,25,cpu_not_applicable,,,,,,,24.99756912015143,1344919105000000,208.16072743,147.595654696,cooling,87.593572743,32.3,31.2,31.8,32.8,0,105000000,ok
80cfc810-5998-4d88-abef-2946fea9003b,afa59fae-8ed4-44d5-98fa-911b629ff6fd,npu-d025-r001,npu-d025,1,1,1,NPU,,25,cpu_not_applicable,,,,,,,24.99756912015143,1344920070000000,209.12572743,148.560654696,cooling,88.558572743,32.3,31.2,31.8,32.8,0,100000000,ok
80cfc810-5998-4d88-abef-2946fea9003b,afa59fae-8ed4-44d5-98fa-911b629ff6fd,npu-d025-r001,npu-d025,1,1,1,NPU,,25,cpu_not_applicable,,,,,,,24.99756912015143,1344921095000000,210.15072743,149.585654696,cooling,89.583572743,32.3,31.2,31.8,32.8,0,95000000,ok
80cfc810-5998-4d88-abef-2946fea9003b,afa59fae-8ed4-44d5-98fa-911b629ff6fd,npu-d025-r001,npu-d025,1,1,1,NPU,,25,cpu_not_applicable,,,,,,,24.99756912015143,1344922070000000,211.12572743,150.560654696,cooling,90.558572743,32.3,31.2,31.8,32.8,0,100000000,ok
80cfc810-5998-4d88-abef-2946fea9003b,afa59fae-8ed4-44d5-98fa-911b629ff6fd,npu-d025-r001,npu-d025,1,1,1,NPU,,25,cpu_not_applicable,,,,,,,24.99756912015143,1344923130000000,212.18572743,151.620654696,cooling,91.618572743,32.3,31.2,31.8,32.8,0,100000000,ok
80cfc810-5998-4d88-abef-2946fea9003b,afa59fae-8ed4-44d5-98fa-911b629ff6fd,npu-d025-r001,npu-d025,1,1,1,NPU,,25,cpu_not_applicable,,,,,,,24.99756912015143,1344924100000000,213.15572743,152.590654696,cooling,92.588572743,32.3,31.2,31.8,32.8,0,100000000,ok
80cfc810-5998-4d88-abef-2946fea9003b,afa59fae-8ed4-44d5-98fa-911b629ff6fd,npu-d025-r001,npu-d025,1,1,1,NPU,,25,cpu_not_applicable,,,,,,,24.99756912015143,1344925095000000,214.15072743,153.585654696,cooling,93.583572743,32.3,31.2,31.8,32.8,0,95000000,ok
80cfc810-5998-4d88-abef-2946fea9003b,afa59fae-8ed4-44d5-98fa-911b629ff6fd,npu-d025-r001,npu-d025,1,1,1,NPU,,25,cpu_not_applicable,,,,,,,24.99756912015143,1344926075000000,215.13072743,154.565654696,cooling,94.563572743,32.3,31.2,31.8,32.8,0,85000000,ok
80cfc810-5998-4d88-abef-2946fea9003b,afa59fae-8ed4-44d5-98fa-911b629ff6fd,npu-d025-r001,npu-d025,1,1,1,NPU,,25,cpu_not_applicable,,,,,,,24.99756912015143,1344927145000000,216.20072743,155.635654696,cooling,95.633572743,32.2,31.2,31.7,32.8,0,115000000,ok
80cfc810-5998-4d88-abef-2946fea9003b,afa59fae-8ed4-44d5-98fa-911b629ff6fd,npu-d025-r001,npu-d025,1,1,1,NPU,,25,cpu_not_applicable,,,,,,,24.99756912015143,1344928095000000,217.15072743,156.585654696,cooling,96.583572743,32.2,31.2,31.7,32.8,0,85000000,ok
80cfc810-5998-4d88-abef-2946fea9003b,afa59fae-8ed4-44d5-98fa-911b629ff6fd,npu-d025-r001,npu-d025,1,1,1,NPU,,25,cpu_not_applicable,,,,,,,24.99756912015143,1344929185000000,218.24072743,157.675654696,cooling,97.673572743,32.2,31.2,31.7,32.8,0,105000000,ok
80cfc810-5998-4d88-abef-2946fea9003b,afa59fae-8ed4-44d5-98fa-911b629ff6fd,npu-d025-r001,npu-d025,1,1,1,NPU,,25,cpu_not_applicable,,,,,,,24.99756912015143,1344930110000000,219.16572743,158.600654696,cooling,98.598572743,32.2,31.2,31.7,32.8,0,100000000,ok
80cfc810-5998-4d88-abef-2946fea9003b,afa59fae-8ed4-44d5-98fa-911b629ff6fd,npu-d025-r001,npu-d025,1,1,1,NPU,,25,cpu_not_applicable,,,,,,,24.99756912015143,1344931150000000,220.20572743,159.640654696,cooling,99.638572743,32.2,31.2,31.7,32.8,0,90000000,ok
80cfc810-5998-4d88-abef-2946fea9003b,afa59fae-8ed4-44d5-98fa-911b629ff6fd,npu-d025-r001,npu-d025,1,1,1,NPU,,25,cpu_not_applicable,,,,,,,24.99756912015143,1344932120000000,221.17572743,160.610654696,cooling,100.608572743,32.2,31.2,31.7,32.8,0,90000000,ok
80cfc810-5998-4d88-abef-2946fea9003b,afa59fae-8ed4-44d5-98fa-911b629ff6fd,npu-d025-r001,npu-d025,1,1,1,NPU,,25,cpu_not_applicable,,,,,,,24.99756912015143,1344933135000000,222.19072743,161.625654696,cooling,101.623572743,32.2,31.2,31.7,32.8,0,95000000,ok
80cfc810-5998-4d88-abef-2946fea9003b,afa59fae-8ed4-44d5-98fa-911b629ff6fd,npu-d025-r001,npu-d025,1,1,1,NPU,,25,cpu_not_applicable,,,,,,,24.99756912015143,1344934125000000,223.18072743,162.615654696,cooling,102.613572743,32.2,31.2,31.7,32.8,0,95000000,ok
80cfc810-5998-4d88-abef-2946fea9003b,afa59fae-8ed4-44d5-98fa-911b629ff6fd,npu-d025-r001,npu-d025,1,1,1,NPU,,25,cpu_not_applicable,,,,,,,24.99756912015143,1344935135000000,224.19072743,163.625654696,cooling,103.623572743,32.2,31.2,31.7,32.8,0,95000000,ok
80cfc810-5998-4d88-abef-2946fea9003b,afa59fae-8ed4-44d5-98fa-911b629ff6fd,npu-d025-r001,npu-d025,1,1,1,NPU,,25,cpu_not_applicable,,,,,,,24.99756912015143,1344936150000000,225.20572743,164.640654696,cooling,104.638572743,32.2,31.2,31.7,32.8,0,100000000,ok
80cfc810-5998-4d88-abef-2946fea9003b,afa59fae-8ed4-44d5-98fa-911b629ff6fd,npu-d025-r001,npu-d025,1,1,1,NPU,,25,cpu_not_applicable,,,,,,,24.99756912015143,1344937155000000,226.21072743,165.645654696,cooling,105.643572743,32.0,31.1,31.7,32.7,0,95000000,ok
80cfc810-5998-4d88-abef-2946fea9003b,afa59fae-8ed4-44d5-98fa-911b629ff6fd,npu-d025-r001,npu-d025,1,1,1,NPU,,25,cpu_not_applicable,,,,,,,24.99756912015143,1344938120000000,227.17572743,166.610654696,cooling,106.608572743,32.0,31.1,31.7,32.7,0,100000000,ok
80cfc810-5998-4d88-abef-2946fea9003b,afa59fae-8ed4-44d5-98fa-911b629ff6fd,npu-d025-r001,npu-d025,1,1,1,NPU,,25,cpu_not_applicable,,,,,,,24.99756912015143,1344939110000000,228.16572743,167.600654696,cooling,107.598572743,32.0,31.1,31.7,32.7,0,90000000,ok
80cfc810-5998-4d88-abef-2946fea9003b,afa59fae-8ed4-44d5-98fa-911b629ff6fd,npu-d025-r001,npu-d025,1,1,1,NPU,,25,cpu_not_applicable,,,,,,,24.99756912015143,1344940125000000,229.18072743,168.615654696,cooling,108.613572743,32.0,31.1,31.7,32.7,0,95000000,ok
80cfc810-5998-4d88-abef-2946fea9003b,afa59fae-8ed4-44d5-98fa-911b629ff6fd,npu-d025-r001,npu-d025,1,1,1,NPU,,25,cpu_not_applicable,,,,,,,24.99756912015143,1344941125000000,230.18072743,169.615654696,cooling,109.613572743,32.0,31.1,31.7,32.7,0,95000000,ok
80cfc810-5998-4d88-abef-2946fea9003b,afa59fae-8ed4-44d5-98fa-911b629ff6fd,npu-d025-r001,npu-d025,1,1,1,NPU,,25,cpu_not_applicable,,,,,,,24.99756912015143,1344942125000000,231.18072743,170.615654696,cooling,110.613572743,32.0,31.1,31.7,32.7,0,85000000,ok
80cfc810-5998-4d88-abef-2946fea9003b,afa59fae-8ed4-44d5-98fa-911b629ff6fd,npu-d025-r001,npu-d025,1,1,1,NPU,,25,cpu_not_applicable,,,,,,,24.99756912015143,1344943145000000,232.20072743,171.635654696,cooling,111.633572743,32.0,31.1,31.7,32.7,0,95000000,ok
80cfc810-5998-4d88-abef-2946fea9003b,afa59fae-8ed4-44d5-98fa-911b629ff6fd,npu-d025-r001,npu-d025,1,1,1,NPU,,25,cpu_not_applicable,,,,,,,24.99756912015143,1344944175000000,233.23072743,172.665654696,cooling,112.663572743,32.0,31.1,31.7,32.7,0,105000000,ok
80cfc810-5998-4d88-abef-2946fea9003b,afa59fae-8ed4-44d5-98fa-911b629ff6fd,npu-d025-r001,npu-d025,1,1,1,NPU,,25,cpu_not_applicable,,,,,,,24.99756912015143,1344945215000000,234.27072743,173.705654696,cooling,113.703572743,32.0,31.1,31.7,32.7,0,105000000,ok
80cfc810-5998-4d88-abef-2946fea9003b,afa59fae-8ed4-44d5-98fa-911b629ff6fd,npu-d025-r001,npu-d025,1,1,1,NPU,,25,cpu_not_applicable,,,,,,,24.99756912015143,1344946180000000,235.23572743,174.670654696,cooling,114.668572743,32.0,31.1,31.7,32.7,0,90000000,ok
80cfc810-5998-4d88-abef-2946fea9003b,afa59fae-8ed4-44d5-98fa-911b629ff6fd,npu-d025-r001,npu-d025,1,1,1,NPU,,25,cpu_not_applicable,,,,,,,24.99756912015143,1344947160000000,236.21572743,175.650654696,cooling,115.648572743,32.0,31.1,31.6,32.6,0,100000000,ok
80cfc810-5998-4d88-abef-2946fea9003b,afa59fae-8ed4-44d5-98fa-911b629ff6fd,npu-d025-r001,npu-d025,1,1,1,NPU,,25,cpu_not_applicable,,,,,,,24.99756912015143,1344948145000000,237.20072743,176.635654696,cooling,116.633572743,32.0,31.1,31.6,32.6,0,85000000,ok
80cfc810-5998-4d88-abef-2946fea9003b,afa59fae-8ed4-44d5-98fa-911b629ff6fd,npu-d025-r001,npu-d025,1,1,1,NPU,,25,cpu_not_applicable,,,,,,,24.99756912015143,1344949190000000,238.24572743,177.680654696,cooling,117.678572743,32.0,31.1,31.6,32.6,0,100000000,ok
80cfc810-5998-4d88-abef-2946fea9003b,afa59fae-8ed4-44d5-98fa-911b629ff6fd,npu-d025-r001,npu-d025,1,1,1,NPU,,25,cpu_not_applicable,,,,,,,24.99756912015143,1344950215000000,239.27072743,178.705654696,cooling,118.703572743,32.0,31.1,31.6,32.6,0,105000000,ok
80cfc810-5998-4d88-abef-2946fea9003b,afa59fae-8ed4-44d5-98fa-911b629ff6fd,npu-d025-r001,npu-d025,1,1,1,NPU,,25,cpu_not_applicable,,,,,,,24.99756912015143,1344951205000000,240.26072743,179.695654696,cooling,119.693572743,32.0,31.1,31.6,32.6,0,95000000,ok
80cfc810-5998-4d88-abef-2946fea9003b,afa59fae-8ed4-44d5-98fa-911b629ff6fd,npu-d025-r001,npu-d025,1,1,1,NPU,,25,cpu_not_applicable,,,,,,,24.99756912015143,1344952190000000,241.24572743,180.680654696,cooling,120.678572743,32.0,31.1,31.6,32.6,0,100000000,ok
80cfc810-5998-4d88-abef-2946fea9003b,afa59fae-8ed4-44d5-98fa-911b629ff6fd,npu-d025-r001,npu-d025,1,1,1,NPU,,25,cpu_not_applicable,,,,,,,24.99756912015143,1344953190000000,242.24572743,181.680654696,cooling,121.678572743,32.0,31.1,31.6,32.6,0,80000000,ok
80cfc810-5998-4d88-abef-2946fea9003b,afa59fae-8ed4-44d5-98fa-911b629ff6fd,npu-d025-r001,npu-d025,1,1,1,NPU,,25,cpu_not_applicable,,,,,,,24.99756912015143,1344954180000000,243.23572743,182.670654696,cooling,122.668572743,32.0,31.1,31.6,32.6,0,90000000,ok
80cfc810-5998-4d88-abef-2946fea9003b,afa59fae-8ed4-44d5-98fa-911b629ff6fd,npu-d025-r001,npu-d025,1,1,1,NPU,,25,cpu_not_applicable,,,,,,,24.99756912015143,1344955230000000,244.28572743,183.720654696,cooling,123.718572743,32.0,31.1,31.6,32.6,0,130000000,ok
80cfc810-5998-4d88-abef-2946fea9003b,afa59fae-8ed4-44d5-98fa-911b629ff6fd,npu-d025-r001,npu-d025,1,1,1,NPU,,25,cpu_not_applicable,,,,,,,24.99756912015143,1344956215000000,245.27072743,184.705654696,cooling,124.703572743,32.0,31.1,31.6,32.6,0,95000000,ok
80cfc810-5998-4d88-abef-2946fea9003b,afa59fae-8ed4-44d5-98fa-911b629ff6fd,npu-d025-r001,npu-d025,1,1,1,NPU,,25,cpu_not_applicable,,,,,,,24.99756912015143,1344957195000000,246.25072743,185.685654696,cooling,125.683572743,32.0,31.1,31.6,32.7,0,95000000,ok
80cfc810-5998-4d88-abef-2946fea9003b,afa59fae-8ed4-44d5-98fa-911b629ff6fd,npu-d025-r001,npu-d025,1,1,1,NPU,,25,cpu_not_applicable,,,,,,,24.99756912015143,1344958215000000,247.27072743,186.705654696,cooling,126.703572743,32.0,31.1,31.6,32.7,0,105000000,ok
80cfc810-5998-4d88-abef-2946fea9003b,afa59fae-8ed4-44d5-98fa-911b629ff6fd,npu-d025-r001,npu-d025,1,1,1,NPU,,25,cpu_not_applicable,,,,,,,24.99756912015143,1344959210000000,248.26572743,187.700654696,cooling,127.698572743,32.0,31.1,31.6,32.7,0,90000000,ok
80cfc810-5998-4d88-abef-2946fea9003b,afa59fae-8ed4-44d5-98fa-911b629ff6fd,npu-d025-r001,npu-d025,1,1,1,NPU,,25,cpu_not_applicable,,,,,,,24.99756912015143,1344960210000000,249.26572743,188.700654696,cooling,128.698572743,32.0,31.1,31.6,32.7,0,100000000,ok
80cfc810-5998-4d88-abef-2946fea9003b,afa59fae-8ed4-44d5-98fa-911b629ff6fd,npu-d025-r001,npu-d025,1,1,1,NPU,,25,cpu_not_applicable,,,,,,,24.99756912015143,1344961260000000,250.31572743,189.750654696,cooling,129.748572743,32.0,31.1,31.6,32.7,0,110000000,ok
80cfc810-5998-4d88-abef-2946fea9003b,afa59fae-8ed4-44d5-98fa-911b629ff6fd,npu-d025-r001,npu-d025,1,1,1,NPU,,25,cpu_not_applicable,,,,,,,24.99756912015143,1344962220000000,251.27572743,190.710654696,cooling,130.708572743,32.0,31.1,31.6,32.7,0,100000000,ok
80cfc810-5998-4d88-abef-2946fea9003b,afa59fae-8ed4-44d5-98fa-911b629ff6fd,npu-d025-r001,npu-d025,1,1,1,NPU,,25,cpu_not_applicable,,,,,,,24.99756912015143,1344963210000000,252.26572743,191.700654696,cooling,131.698572743,32.0,31.1,31.6,32.7,0,90000000,ok
80cfc810-5998-4d88-abef-2946fea9003b,afa59fae-8ed4-44d5-98fa-911b629ff6fd,npu-d025-r001,npu-d025,1,1,1,NPU,,25,cpu_not_applicable,,,,,,,24.99756912015143,1344964265000000,253.32072743,192.755654696,cooling,132.753572743,32.0,31.1,31.6,32.7,0,105000000,ok
80cfc810-5998-4d88-abef-2946fea9003b,afa59fae-8ed4-44d5-98fa-911b629ff6fd,npu-d025-r001,npu-d025,1,1,1,NPU,,25,cpu_not_applicable,,,,,,,24.99756912015143,1344965260000000,254.31572743,193.750654696,cooling,133.748572743,32.0,31.1,31.6,32.7,0,100000000,ok
80cfc810-5998-4d88-abef-2946fea9003b,afa59fae-8ed4-44d5-98fa-911b629ff6fd,npu-d025-r001,npu-d025,1,1,1,NPU,,25,cpu_not_applicable,,,,,,,24.99756912015143,1344966240000000,255.29572743,194.730654696,cooling,134.728572743,32.0,31.1,31.6,32.7,0,90000000,ok
80cfc810-5998-4d88-abef-2946fea9003b,afa59fae-8ed4-44d5-98fa-911b629ff6fd,npu-d025-r001,npu-d025,1,1,1,NPU,,25,cpu_not_applicable,,,,,,,24.99756912015143,1344967265000000,256.32072743,195.755654696,cooling,135.753572743,31.9,31.0,31.5,32.6,0,105000000,ok
80cfc810-5998-4d88-abef-2946fea9003b,afa59fae-8ed4-44d5-98fa-911b629ff6fd,npu-d025-r001,npu-d025,1,1,1,NPU,,25,cpu_not_applicable,,,,,,,24.99756912015143,1344968260000000,257.31572743,196.750654696,cooling,136.748572743,31.9,31.0,31.5,32.6,0,100000000,ok
80cfc810-5998-4d88-abef-2946fea9003b,afa59fae-8ed4-44d5-98fa-911b629ff6fd,npu-d025-r001,npu-d025,1,1,1,NPU,,25,cpu_not_applicable,,,,,,,24.99756912015143,1344969245000000,258.30072743,197.735654696,cooling,137.733572743,31.9,31.0,31.5,32.6,0,85000000,ok
80cfc810-5998-4d88-abef-2946fea9003b,afa59fae-8ed4-44d5-98fa-911b629ff6fd,npu-d025-r001,npu-d025,1,1,1,NPU,,25,cpu_not_applicable,,,,,,,24.99756912015143,1344970250000000,259.30572743,198.740654696,cooling,138.738572743,31.9,31.0,31.5,32.6,0,90000000,ok
80cfc810-5998-4d88-abef-2946fea9003b,afa59fae-8ed4-44d5-98fa-911b629ff6fd,npu-d025-r001,npu-d025,1,1,1,NPU,,25,cpu_not_applicable,,,,,,,24.99756912015143,1344971295000000,260.35072743,199.785654696,cooling,139.783572743,31.9,31.0,31.5,32.6,0,95000000,ok
80cfc810-5998-4d88-abef-2946fea9003b,afa59fae-8ed4-44d5-98fa-911b629ff6fd,npu-d025-r001,npu-d025,1,1,1,NPU,,25,cpu_not_applicable,,,,,,,24.99756912015143,1344972440000000,261.49572743,200.930654696,cooling,140.928572743,31.9,31.0,31.5,32.6,0,140000000,ok
80cfc810-5998-4d88-abef-2946fea9003b,afa59fae-8ed4-44d5-98fa-911b629ff6fd,npu-d025-r001,npu-d025,1,1,1,NPU,,25,cpu_not_applicable,,,,,,,24.99756912015143,1344973280000000,262.33572743,201.770654696,cooling,141.768572743,31.9,31.0,31.5,32.6,0,90000000,ok
80cfc810-5998-4d88-abef-2946fea9003b,afa59fae-8ed4-44d5-98fa-911b629ff6fd,npu-d025-r001,npu-d025,1,1,1,NPU,,25,cpu_not_applicable,,,,,,,24.99756912015143,1344974270000000,263.32572743,202.760654696,cooling,142.758572743,31.9,31.0,31.5,32.6,0,90000000,ok
80cfc810-5998-4d88-abef-2946fea9003b,afa59fae-8ed4-44d5-98fa-911b629ff6fd,npu-d025-r001,npu-d025,1,1,1,NPU,,25,cpu_not_applicable,,,,,,,24.99756912015143,1344975345000000,264.40072743,203.835654696,cooling,143.833572743,31.9,31.0,31.5,32.6,0,85000000,ok
80cfc810-5998-4d88-abef-2946fea9003b,afa59fae-8ed4-44d5-98fa-911b629ff6fd,npu-d025-r001,npu-d025,1,1,1,NPU,,25,cpu_not_applicable,,,,,,,24.99756912015143,1344976310000000,265.36572743,204.800654696,cooling,144.798572743,31.9,31.0,31.5,32.6,0,100000000,ok
80cfc810-5998-4d88-abef-2946fea9003b,afa59fae-8ed4-44d5-98fa-911b629ff6fd,npu-d025-r001,npu-d025,1,1,1,NPU,,25,cpu_not_applicable,,,,,,,24.99756912015143,1344977460000000,266.51572743,205.950654696,cooling,145.948572743,32.0,31.0,31.6,32.6,0,140000000,ok
80cfc810-5998-4d88-abef-2946fea9003b,afa59fae-8ed4-44d5-98fa-911b629ff6fd,npu-d025-r001,npu-d025,1,1,1,NPU,,25,cpu_not_applicable,,,,,,,24.99756912015143,1344978345000000,267.40072743,206.835654696,cooling,146.833572743,32.0,31.0,31.6,32.6,0,105000000,ok
80cfc810-5998-4d88-abef-2946fea9003b,afa59fae-8ed4-44d5-98fa-911b629ff6fd,npu-d025-r001,npu-d025,1,1,1,NPU,,25,cpu_not_applicable,,,,,,,24.99756912015143,1344979300000000,268.35572743,207.790654696,cooling,147.788572743,32.0,31.0,31.6,32.6,0,90000000,ok
80cfc810-5998-4d88-abef-2946fea9003b,afa59fae-8ed4-44d5-98fa-911b629ff6fd,npu-d025-r001,npu-d025,1,1,1,NPU,,25,cpu_not_applicable,,,,,,,24.99756912015143,1344980310000000,269.36572743,208.800654696,cooling,148.798572743,32.0,31.0,31.6,32.6,0,90000000,ok
80cfc810-5998-4d88-abef-2946fea9003b,afa59fae-8ed4-44d5-98fa-911b629ff6fd,npu-d025-r001,npu-d025,1,1,1,NPU,,25,cpu_not_applicable,,,,,,,24.99756912015143,1344981415000000,270.47072743,209.905654696,cooling,149.903572743,32.0,31.0,31.6,32.6,0,105000000,ok
80cfc810-5998-4d88-abef-2946fea9003b,afa59fae-8ed4-44d5-98fa-911b629ff6fd,npu-d025-r001,npu-d025,1,1,1,NPU,,25,cpu_not_applicable,,,,,,,24.99756912015143,1344982470000000,271.52572743,210.960654696,cooling,150.958572743,32.0,31.0,31.6,32.6,0,130000000,ok
80cfc810-5998-4d88-abef-2946fea9003b,afa59fae-8ed4-44d5-98fa-911b629ff6fd,npu-d025-r001,npu-d025,1,1,1,NPU,,25,cpu_not_applicable,,,,,,,24.99756912015143,1344983490000000,272.54572743,211.980654696,cooling,151.978572743,32.0,31.0,31.6,32.6,0,130000000,ok
80cfc810-5998-4d88-abef-2946fea9003b,afa59fae-8ed4-44d5-98fa-911b629ff6fd,npu-d025-r001,npu-d025,1,1,1,NPU,,25,cpu_not_applicable,,,,,,,24.99756912015143,1344984340000000,273.39572743,212.830654696,cooling,152.828572743,32.0,31.0,31.6,32.6,0,90000000,ok
80cfc810-5998-4d88-abef-2946fea9003b,afa59fae-8ed4-44d5-98fa-911b629ff6fd,npu-d025-r001,npu-d025,1,1,1,NPU,,25,cpu_not_applicable,,,,,,,24.99756912015143,1344985405000000,274.46072743,213.895654696,cooling,153.893572743,32.0,31.0,31.6,32.6,0,105000000,ok
80cfc810-5998-4d88-abef-2946fea9003b,afa59fae-8ed4-44d5-98fa-911b629ff6fd,npu-d025-r001,npu-d025,1,1,1,NPU,,25,cpu_not_applicable,,,,,,,24.99756912015143,1344986425000000,275.48072743,214.915654696,cooling,154.913572743,32.0,31.0,31.6,32.6,0,95000000,ok
80cfc810-5998-4d88-abef-2946fea9003b,afa59fae-8ed4-44d5-98fa-911b629ff6fd,npu-d025-r001,npu-d025,1,1,1,NPU,,25,cpu_not_applicable,,,,,,,24.99756912015143,1344987445000000,276.50072743,215.935654696,cooling,155.933572743,31.9,31.0,31.5,32.6,0,95000000,ok
80cfc810-5998-4d88-abef-2946fea9003b,afa59fae-8ed4-44d5-98fa-911b629ff6fd,npu-d025-r001,npu-d025,1,1,1,NPU,,25,cpu_not_applicable,,,,,,,24.99756912015143,1344988475000000,277.53072743,216.965654696,cooling,156.963572743,31.9,31.0,31.5,32.6,0,95000000,ok
80cfc810-5998-4d88-abef-2946fea9003b,afa59fae-8ed4-44d5-98fa-911b629ff6fd,npu-d025-r001,npu-d025,1,1,1,NPU,,25,cpu_not_applicable,,,,,,,24.99756912015143,1344989490000000,278.54572743,217.980654696,cooling,157.978572743,31.9,31.0,31.5,32.6,0,90000000,ok
80cfc810-5998-4d88-abef-2946fea9003b,afa59fae-8ed4-44d5-98fa-911b629ff6fd,npu-d025-r001,npu-d025,1,1,1,NPU,,25,cpu_not_applicable,,,,,,,24.99756912015143,1344990565000000,279.62072743,219.055654696,cooling,159.053572743,31.9,31.0,31.5,32.6,0,135000000,ok
80cfc810-5998-4d88-abef-2946fea9003b,afa59fae-8ed4-44d5-98fa-911b629ff6fd,npu-d025-r001,npu-d025,1,1,1,NPU,,25,cpu_not_applicable,,,,,,,24.99756912015143,1344991545000000,280.60072743,220.035654696,cooling,160.033572743,31.9,31.0,31.5,32.6,0,95000000,ok
80cfc810-5998-4d88-abef-2946fea9003b,afa59fae-8ed4-44d5-98fa-911b629ff6fd,npu-d025-r001,npu-d025,1,1,1,NPU,,25,cpu_not_applicable,,,,,,,24.99756912015143,1344992480000000,281.53572743,220.970654696,cooling,160.968572743,31.9,31.0,31.5,32.6,0,110000000,ok
80cfc810-5998-4d88-abef-2946fea9003b,afa59fae-8ed4-44d5-98fa-911b629ff6fd,npu-d025-r001,npu-d025,1,1,1,NPU,,25,cpu_not_applicable,,,,,,,24.99756912015143,1344993505000000,282.56072743,221.995654696,cooling,161.993572743,31.9,31.0,31.5,32.6,0,105000000,ok
80cfc810-5998-4d88-abef-2946fea9003b,afa59fae-8ed4-44d5-98fa-911b629ff6fd,npu-d025-r001,npu-d025,1,1,1,NPU,,25,cpu_not_applicable,,,,,,,24.99756912015143,1344994510000000,283.56572743,223.000654696,cooling,162.998572743,31.9,31.0,31.5,32.6,0,90000000,ok
80cfc810-5998-4d88-abef-2946fea9003b,21fe69d6-d45b-4246-8e7a-d1da8a71eb91,npu-d050-r001,npu-d050,1,1,2,NPU,,50,cpu_not_applicable,,,,,,,49.994170267946345,1345195825000000,0.991763407,-59.579771476,baseline,0.991763407,30.7,30.2,30.2,31.8,0,85000000,ok
80cfc810-5998-4d88-abef-2946fea9003b,21fe69d6-d45b-4246-8e7a-d1da8a71eb91,npu-d050-r001,npu-d050,1,1,2,NPU,,50,cpu_not_applicable,,,,,,,49.994170267946345,1345196860000000,2.026763407,-58.544771476,baseline,2.026763407,30.7,30.2,30.2,31.8,0,100000000,ok
80cfc810-5998-4d88-abef-2946fea9003b,21fe69d6-d45b-4246-8e7a-d1da8a71eb91,npu-d050-r001,npu-d050,1,1,2,NPU,,50,cpu_not_applicable,,,,,,,49.994170267946345,1345197915000000,3.081763407,-57.489771476,baseline,3.081763407,31.8,30.2,31.2,31.9,0,95000000,ok
80cfc810-5998-4d88-abef-2946fea9003b,21fe69d6-d45b-4246-8e7a-d1da8a71eb91,npu-d050-r001,npu-d050,1,1,2,NPU,,50,cpu_not_applicable,,,,,,,49.994170267946345,1345198815000000,3.981763407,-56.589771476,baseline,3.981763407,31.8,30.2,31.2,31.9,0,105000000,ok
80cfc810-5998-4d88-abef-2946fea9003b,21fe69d6-d45b-4246-8e7a-d1da8a71eb91,npu-d050-r001,npu-d050,1,1,2,NPU,,50,cpu_not_applicable,,,,,,,49.994170267946345,1345199820000000,4.986763407,-55.584771476,baseline,4.986763407,31.8,30.2,31.2,31.9,0,90000000,ok
80cfc810-5998-4d88-abef-2946fea9003b,21fe69d6-d45b-4246-8e7a-d1da8a71eb91,npu-d050-r001,npu-d050,1,1,2,NPU,,50,cpu_not_applicable,,,,,,,49.994170267946345,1345200850000000,6.016763407,-54.554771476,baseline,6.016763407,31.8,30.2,31.2,31.9,0,100000000,ok
80cfc810-5998-4d88-abef-2946fea9003b,21fe69d6-d45b-4246-8e7a-d1da8a71eb91,npu-d050-r001,npu-d050,1,1,2,NPU,,50,cpu_not_applicable,,,,,,,49.994170267946345,1345201890000000,7.056763407,-53.514771476,baseline,7.056763407,31.8,30.2,31.2,31.9,0,100000000,ok
80cfc810-5998-4d88-abef-2946fea9003b,21fe69d6-d45b-4246-8e7a-d1da8a71eb91,npu-d050-r001,npu-d050,1,1,2,NPU,,50,cpu_not_applicable,,,,,,,49.994170267946345,1345202935000000,8.101763407,-52.469771476,baseline,8.101763407,31.8,30.2,31.2,31.9,0,125000000,ok
80cfc810-5998-4d88-abef-2946fea9003b,21fe69d6-d45b-4246-8e7a-d1da8a71eb91,npu-d050-r001,npu-d050,1,1,2,NPU,,50,cpu_not_applicable,,,,,,,49.994170267946345,1345203950000000,9.116763407,-51.454771476,baseline,9.116763407,31.8,30.2,31.2,31.9,0,130000000,ok
80cfc810-5998-4d88-abef-2946fea9003b,21fe69d6-d45b-4246-8e7a-d1da8a71eb91,npu-d050-r001,npu-d050,1,1,2,NPU,,50,cpu_not_applicable,,,,,,,49.994170267946345,1345204980000000,10.146763407,-50.424771476,baseline,10.146763407,31.8,30.2,31.2,31.9,0,120000000,ok
80cfc810-5998-4d88-abef-2946fea9003b,21fe69d6-d45b-4246-8e7a-d1da8a71eb91,npu-d050-r001,npu-d050,1,1,2,NPU,,50,cpu_not_applicable,,,,,,,49.994170267946345,1345205875000000,11.041763407,-49.529771476,baseline,11.041763407,31.8,30.2,31.2,31.9,0,95000000,ok
80cfc810-5998-4d88-abef-2946fea9003b,21fe69d6-d45b-4246-8e7a-d1da8a71eb91,npu-d050-r001,npu-d050,1,1,2,NPU,,50,cpu_not_applicable,,,,,,,49.994170267946345,1345206900000000,12.066763407,-48.504771476,baseline,12.066763407,31.8,30.2,31.2,31.9,0,100000000,ok
80cfc810-5998-4d88-abef-2946fea9003b,21fe69d6-d45b-4246-8e7a-d1da8a71eb91,npu-d050-r001,npu-d050,1,1,2,NPU,,50,cpu_not_applicable,,,,,,,49.994170267946345,1345207920000000,13.086763407,-47.484771476,baseline,13.086763407,31.1,30.2,30.8,31.9,0,90000000,ok
80cfc810-5998-4d88-abef-2946fea9003b,21fe69d6-d45b-4246-8e7a-d1da8a71eb91,npu-d050-r001,npu-d050,1,1,2,NPU,,50,cpu_not_applicable,,,,,,,49.994170267946345,1345208980000000,14.146763407,-46.424771476,baseline,14.146763407,31.1,30.2,30.8,31.9,0,130000000,ok
80cfc810-5998-4d88-abef-2946fea9003b,21fe69d6-d45b-4246-8e7a-d1da8a71eb91,npu-d050-r001,npu-d050,1,1,2,NPU,,50,cpu_not_applicable,,,,,,,49.994170267946345,1345209970000000,15.136763407,-45.434771476,baseline,15.136763407,31.1,30.2,30.8,31.9,0,100000000,ok
80cfc810-5998-4d88-abef-2946fea9003b,21fe69d6-d45b-4246-8e7a-d1da8a71eb91,npu-d050-r001,npu-d050,1,1,2,NPU,,50,cpu_not_applicable,,,,,,,49.994170267946345,1345210985000000,16.151763407,-44.419771476,baseline,16.151763407,31.1,30.2,30.8,31.9,0,95000000,ok
80cfc810-5998-4d88-abef-2946fea9003b,21fe69d6-d45b-4246-8e7a-d1da8a71eb91,npu-d050-r001,npu-d050,1,1,2,NPU,,50,cpu_not_applicable,,,,,,,49.994170267946345,1345211920000000,17.086763407,-43.484771476,baseline,17.086763407,31.1,30.2,30.8,31.9,0,100000000,ok
80cfc810-5998-4d88-abef-2946fea9003b,21fe69d6-d45b-4246-8e7a-d1da8a71eb91,npu-d050-r001,npu-d050,1,1,2,NPU,,50,cpu_not_applicable,,,,,,,49.994170267946345,1345212930000000,18.096763407,-42.474771476,baseline,18.096763407,31.1,30.2,30.8,31.9,0,90000000,ok
80cfc810-5998-4d88-abef-2946fea9003b,21fe69d6-d45b-4246-8e7a-d1da8a71eb91,npu-d050-r001,npu-d050,1,1,2,NPU,,50,cpu_not_applicable,,,,,,,49.994170267946345,1345213950000000,19.116763407,-41.454771476,baseline,19.116763407,31.1,30.2,30.8,31.9,0,100000000,ok
80cfc810-5998-4d88-abef-2946fea9003b,21fe69d6-d45b-4246-8e7a-d1da8a71eb91,npu-d050-r001,npu-d050,1,1,2,NPU,,50,cpu_not_applicable,,,,,,,49.994170267946345,1345215015000000,20.181763407,-40.389771476,baseline,20.181763407,31.1,30.2,30.8,31.9,0,135000000,ok
80cfc810-5998-4d88-abef-2946fea9003b,21fe69d6-d45b-4246-8e7a-d1da8a71eb91,npu-d050-r001,npu-d050,1,1,2,NPU,,50,cpu_not_applicable,,,,,,,49.994170267946345,1345215980000000,21.146763407,-39.424771476,baseline,21.146763407,31.1,30.2,30.8,31.9,0,100000000,ok
80cfc810-5998-4d88-abef-2946fea9003b,21fe69d6-d45b-4246-8e7a-d1da8a71eb91,npu-d050-r001,npu-d050,1,1,2,NPU,,50,cpu_not_applicable,,,,,,,49.994170267946345,1345217070000000,22.236763407,-38.334771476,baseline,22.236763407,31.1,30.2,30.8,31.9,0,130000000,ok
80cfc810-5998-4d88-abef-2946fea9003b,21fe69d6-d45b-4246-8e7a-d1da8a71eb91,npu-d050-r001,npu-d050,1,1,2,NPU,,50,cpu_not_applicable,,,,,,,49.994170267946345,1345217965000000,23.131763407,-37.439771476,baseline,23.131763407,31.1,30.2,30.6,31.9,0,105000000,ok
80cfc810-5998-4d88-abef-2946fea9003b,21fe69d6-d45b-4246-8e7a-d1da8a71eb91,npu-d050-r001,npu-d050,1,1,2,NPU,,50,cpu_not_applicable,,,,,,,49.994170267946345,1345218970000000,24.136763407,-36.434771476,baseline,24.136763407,31.1,30.2,30.6,31.9,0,90000000,ok
80cfc810-5998-4d88-abef-2946fea9003b,21fe69d6-d45b-4246-8e7a-d1da8a71eb91,npu-d050-r001,npu-d050,1,1,2,NPU,,50,cpu_not_applicable,,,,,,,49.994170267946345,1345219980000000,25.146763407,-35.424771476,baseline,25.146763407,31.1,30.2,30.6,31.9,0,90000000,ok
80cfc810-5998-4d88-abef-2946fea9003b,21fe69d6-d45b-4246-8e7a-d1da8a71eb91,npu-d050-r001,npu-d050,1,1,2,NPU,,50,cpu_not_applicable,,,,,,,49.994170267946345,1345220980000000,26.146763407,-34.424771476,baseline,26.146763407,31.1,30.2,30.6,31.9,0,90000000,ok
80cfc810-5998-4d88-abef-2946fea9003b,21fe69d6-d45b-4246-8e7a-d1da8a71eb91,npu-d050-r001,npu-d050,1,1,2,NPU,,50,cpu_not_applicable,,,,,,,49.994170267946345,1345221985000000,27.151763407,-33.419771476,baseline,27.151763407,31.1,30.2,30.6,31.9,0,95000000,ok
80cfc810-5998-4d88-abef-2946fea9003b,21fe69d6-d45b-4246-8e7a-d1da8a71eb91,npu-d050-r001,npu-d050,1,1,2,NPU,,50,cpu_not_applicable,,,,,,,49.994170267946345,1345223070000000,28.236763407,-32.334771476,baseline,28.236763407,31.1,30.2,30.6,31.9,0,100000000,ok
80cfc810-5998-4d88-abef-2946fea9003b,21fe69d6-d45b-4246-8e7a-d1da8a71eb91,npu-d050-r001,npu-d050,1,1,2,NPU,,50,cpu_not_applicable,,,,,,,49.994170267946345,1345224000000000,29.166763407,-31.404771476,baseline,29.166763407,31.1,30.2,30.6,31.9,0,100000000,ok
80cfc810-5998-4d88-abef-2946fea9003b,21fe69d6-d45b-4246-8e7a-d1da8a71eb91,npu-d050-r001,npu-d050,1,1,2,NPU,,50,cpu_not_applicable,,,,,,,49.994170267946345,1345224995000000,30.161763407,-30.409771476,baseline,30.161763407,31.1,30.2,30.6,31.9,0,105000000,ok
80cfc810-5998-4d88-abef-2946fea9003b,21fe69d6-d45b-4246-8e7a-d1da8a71eb91,npu-d050-r001,npu-d050,1,1,2,NPU,,50,cpu_not_applicable,,,,,,,49.994170267946345,1345225980000000,31.146763407,-29.424771476,baseline,31.146763407,31.1,30.2,30.6,31.9,0,90000000,ok
80cfc810-5998-4d88-abef-2946fea9003b,21fe69d6-d45b-4246-8e7a-d1da8a71eb91,npu-d050-r001,npu-d050,1,1,2,NPU,,50,cpu_not_applicable,,,,,,,49.994170267946345,1345226995000000,32.161763407,-28.409771476,baseline,32.161763407,31.1,30.2,30.6,31.9,0,105000000,ok
80cfc810-5998-4d88-abef-2946fea9003b,21fe69d6-d45b-4246-8e7a-d1da8a71eb91,npu-d050-r001,npu-d050,1,1,2,NPU,,50,cpu_not_applicable,,,,,,,49.994170267946345,1345227990000000,33.156763407,-27.414771476,baseline,33.156763407,31.0,30.2,30.5,31.8,0,100000000,ok
80cfc810-5998-4d88-abef-2946fea9003b,21fe69d6-d45b-4246-8e7a-d1da8a71eb91,npu-d050-r001,npu-d050,1,1,2,NPU,,50,cpu_not_applicable,,,,,,,49.994170267946345,1345229005000000,34.171763407,-26.399771476,baseline,34.171763407,31.0,30.2,30.5,31.8,0,95000000,ok
80cfc810-5998-4d88-abef-2946fea9003b,21fe69d6-d45b-4246-8e7a-d1da8a71eb91,npu-d050-r001,npu-d050,1,1,2,NPU,,50,cpu_not_applicable,,,,,,,49.994170267946345,1345229985000000,35.151763407,-25.419771476,baseline,35.151763407,31.0,30.2,30.5,31.8,0,85000000,ok
80cfc810-5998-4d88-abef-2946fea9003b,21fe69d6-d45b-4246-8e7a-d1da8a71eb91,npu-d050-r001,npu-d050,1,1,2,NPU,,50,cpu_not_applicable,,,,,,,49.994170267946345,1345231005000000,36.171763407,-24.399771476,baseline,36.171763407,31.0,30.2,30.5,31.8,0,95000000,ok
80cfc810-5998-4d88-abef-2946fea9003b,21fe69d6-d45b-4246-8e7a-d1da8a71eb91,npu-d050-r001,npu-d050,1,1,2,NPU,,50,cpu_not_applicable,,,,,,,49.994170267946345,1345232000000000,37.166763407,-23.404771476,baseline,37.166763407,31.0,30.2,30.5,31.8,0,90000000,ok
80cfc810-5998-4d88-abef-2946fea9003b,21fe69d6-d45b-4246-8e7a-d1da8a71eb91,npu-d050-r001,npu-d050,1,1,2,NPU,,50,cpu_not_applicable,,,,,,,49.994170267946345,1345232995000000,38.161763407,-22.409771476,baseline,38.161763407,31.0,30.2,30.5,31.8,0,95000000,ok
80cfc810-5998-4d88-abef-2946fea9003b,21fe69d6-d45b-4246-8e7a-d1da8a71eb91,npu-d050-r001,npu-d050,1,1,2,NPU,,50,cpu_not_applicable,,,,,,,49.994170267946345,1345233985000000,39.151763407,-21.419771476,baseline,39.151763407,31.0,30.2,30.5,31.8,0,95000000,ok
80cfc810-5998-4d88-abef-2946fea9003b,21fe69d6-d45b-4246-8e7a-d1da8a71eb91,npu-d050-r001,npu-d050,1,1,2,NPU,,50,cpu_not_applicable,,,,,,,49.994170267946345,1345235070000000,40.236763407,-20.334771476,baseline,40.236763407,31.0,30.2,30.5,31.8,0,100000000,ok
80cfc810-5998-4d88-abef-2946fea9003b,21fe69d6-d45b-4246-8e7a-d1da8a71eb91,npu-d050-r001,npu-d050,1,1,2,NPU,,50,cpu_not_applicable,,,,,,,49.994170267946345,1345236010000000,41.176763407,-19.394771476,baseline,41.176763407,31.0,30.2,30.5,31.8,0,90000000,ok
80cfc810-5998-4d88-abef-2946fea9003b,21fe69d6-d45b-4246-8e7a-d1da8a71eb91,npu-d050-r001,npu-d050,1,1,2,NPU,,50,cpu_not_applicable,,,,,,,49.994170267946345,1345237025000000,42.191763407,-18.379771476,baseline,42.191763407,31.0,30.2,30.5,31.8,0,105000000,ok
80cfc810-5998-4d88-abef-2946fea9003b,21fe69d6-d45b-4246-8e7a-d1da8a71eb91,npu-d050-r001,npu-d050,1,1,2,NPU,,50,cpu_not_applicable,,,,,,,49.994170267946345,1345238005000000,43.171763407,-17.399771476,baseline,43.171763407,31.0,30.2,30.5,31.8,0,95000000,ok
80cfc810-5998-4d88-abef-2946fea9003b,21fe69d6-d45b-4246-8e7a-d1da8a71eb91,npu-d050-r001,npu-d050,1,1,2,NPU,,50,cpu_not_applicable,,,,,,,49.994170267946345,1345239030000000,44.196763407,-16.374771476,baseline,44.196763407,31.0,30.2,30.5,31.8,0,100000000,ok
80cfc810-5998-4d88-abef-2946fea9003b,21fe69d6-d45b-4246-8e7a-d1da8a71eb91,npu-d050-r001,npu-d050,1,1,2,NPU,,50,cpu_not_applicable,,,,,,,49.994170267946345,1345240030000000,45.196763407,-15.374771476,baseline,45.196763407,31.0,30.2,30.5,31.8,0,100000000,ok
80cfc810-5998-4d88-abef-2946fea9003b,21fe69d6-d45b-4246-8e7a-d1da8a71eb91,npu-d050-r001,npu-d050,1,1,2,NPU,,50,cpu_not_applicable,,,,,,,49.994170267946345,1345241050000000,46.216763407,-14.354771476,baseline,46.216763407,31.0,30.2,30.5,31.8,0,100000000,ok
80cfc810-5998-4d88-abef-2946fea9003b,21fe69d6-d45b-4246-8e7a-d1da8a71eb91,npu-d050-r001,npu-d050,1,1,2,NPU,,50,cpu_not_applicable,,,,,,,49.994170267946345,1345242050000000,47.216763407,-13.354771476,baseline,47.216763407,31.0,30.2,30.5,31.8,0,100000000,ok
80cfc810-5998-4d88-abef-2946fea9003b,21fe69d6-d45b-4246-8e7a-d1da8a71eb91,npu-d050-r001,npu-d050,1,1,2,NPU,,50,cpu_not_applicable,,,,,,,49.994170267946345,1345243100000000,48.266763407,-12.304771476,baseline,48.266763407,31.0,30.2,30.5,31.8,0,100000000,ok
80cfc810-5998-4d88-abef-2946fea9003b,21fe69d6-d45b-4246-8e7a-d1da8a71eb91,npu-d050-r001,npu-d050,1,1,2,NPU,,50,cpu_not_applicable,,,,,,,49.994170267946345,1345244090000000,49.256763407,-11.314771476,baseline,49.256763407,31.0,30.2,30.5,31.8,0,100000000,ok
80cfc810-5998-4d88-abef-2946fea9003b,21fe69d6-d45b-4246-8e7a-d1da8a71eb91,npu-d050-r001,npu-d050,1,1,2,NPU,,50,cpu_not_applicable,,,,,,,49.994170267946345,1345245050000000,50.216763407,-10.354771476,baseline,50.216763407,31.0,30.2,30.5,31.8,0,90000000,ok
80cfc810-5998-4d88-abef-2946fea9003b,21fe69d6-d45b-4246-8e7a-d1da8a71eb91,npu-d050-r001,npu-d050,1,1,2,NPU,,50,cpu_not_applicable,,,,,,,49.994170267946345,1345246065000000,51.231763407,-9.339771476,baseline,51.231763407,31.0,30.2,30.5,31.8,0,95000000,ok
80cfc810-5998-4d88-abef-2946fea9003b,21fe69d6-d45b-4246-8e7a-d1da8a71eb91,npu-d050-r001,npu-d050,1,1,2,NPU,,50,cpu_not_applicable,,,,,,,49.994170267946345,1345247110000000,52.276763407,-8.294771476,baseline,52.276763407,31.0,30.2,30.5,31.8,0,100000000,ok
80cfc810-5998-4d88-abef-2946fea9003b,21fe69d6-d45b-4246-8e7a-d1da8a71eb91,npu-d050-r001,npu-d050,1,1,2,NPU,,50,cpu_not_applicable,,,,,,,49.994170267946345,1345248095000000,53.261763407,-7.309771476,baseline,53.261763407,31.0,30.2,30.5,31.8,0,95000000,ok
80cfc810-5998-4d88-abef-2946fea9003b,21fe69d6-d45b-4246-8e7a-d1da8a71eb91,npu-d050-r001,npu-d050,1,1,2,NPU,,50,cpu_not_applicable,,,,,,,49.994170267946345,1345249095000000,54.261763407,-6.309771476,baseline,54.261763407,31.0,30.2,30.5,31.8,0,105000000,ok
80cfc810-5998-4d88-abef-2946fea9003b,21fe69d6-d45b-4246-8e7a-d1da8a71eb91,npu-d050-r001,npu-d050,1,1,2,NPU,,50,cpu_not_applicable,,,,,,,49.994170267946345,1345250070000000,55.236763407,-5.334771476,baseline,55.236763407,31.0,30.2,30.5,31.8,0,90000000,ok
80cfc810-5998-4d88-abef-2946fea9003b,21fe69d6-d45b-4246-8e7a-d1da8a71eb91,npu-d050-r001,npu-d050,1,1,2,NPU,,50,cpu_not_applicable,,,,,,,49.994170267946345,1345251070000000,56.236763407,-4.334771476,baseline,56.236763407,31.0,30.2,30.5,31.8,0,90000000,ok
80cfc810-5998-4d88-abef-2946fea9003b,21fe69d6-d45b-4246-8e7a-d1da8a71eb91,npu-d050-r001,npu-d050,1,1,2,NPU,,50,cpu_not_applicable,,,,,,,49.994170267946345,1345252070000000,57.236763407,-3.334771476,baseline,57.236763407,31.0,30.2,30.5,31.8,0,90000000,ok
80cfc810-5998-4d88-abef-2946fea9003b,21fe69d6-d45b-4246-8e7a-d1da8a71eb91,npu-d050-r001,npu-d050,1,1,2,NPU,,50,cpu_not_applicable,,,,,,,49.994170267946345,1345253095000000,58.261763407,-2.309771476,baseline,58.261763407,31.0,30.2,30.5,31.8,0,95000000,ok
80cfc810-5998-4d88-abef-2946fea9003b,21fe69d6-d45b-4246-8e7a-d1da8a71eb91,npu-d050-r001,npu-d050,1,1,2,NPU,,50,cpu_not_applicable,,,,,,,49.994170267946345,1345254105000000,59.271763407,-1.299771476,baseline,59.271763407,31.0,30.2,30.5,31.8,0,95000000,ok
80cfc810-5998-4d88-abef-2946fea9003b,21fe69d6-d45b-4246-8e7a-d1da8a71eb91,npu-d050-r001,npu-d050,1,1,2,NPU,,50,cpu_not_applicable,,,,,,,49.994170267946345,1345255085000000,60.251763407,-0.319771476,baseline,60.251763407,31.0,30.2,30.5,31.8,0,85000000,ok
80cfc810-5998-4d88-abef-2946fea9003b,21fe69d6-d45b-4246-8e7a-d1da8a71eb91,npu-d050-r001,npu-d050,1,1,2,NPU,,50,cpu_not_applicable,,,,,,,49.994170267946345,1345256070000000,61.236763407,0.665228524,load,0.665228524,31.0,30.2,30.5,31.8,0,90000000,ok
80cfc810-5998-4d88-abef-2946fea9003b,21fe69d6-d45b-4246-8e7a-d1da8a71eb91,npu-d050-r001,npu-d050,1,1,2,NPU,,50,cpu_not_applicable,,,,,,,49.994170267946345,1345257075000000,62.241763407,1.670228524,load,1.670228524,31.0,30.2,30.5,31.8,0,85000000,ok
80cfc810-5998-4d88-abef-2946fea9003b,21fe69d6-d45b-4246-8e7a-d1da8a71eb91,npu-d050-r001,npu-d050,1,1,2,NPU,,50,cpu_not_applicable,,,,,,,49.994170267946345,1345258095000000,63.261763407,2.690228524,load,2.690228524,31.9,30.2,32.5,31.9,0,85000000,ok
80cfc810-5998-4d88-abef-2946fea9003b,21fe69d6-d45b-4246-8e7a-d1da8a71eb91,npu-d050-r001,npu-d050,1,1,2,NPU,,50,cpu_not_applicable,,,,,,,49.994170267946345,1345259090000000,64.256763407,3.685228524,load,3.685228524,31.9,30.2,32.5,31.9,0,80000000,ok
80cfc810-5998-4d88-abef-2946fea9003b,21fe69d6-d45b-4246-8e7a-d1da8a71eb91,npu-d050-r001,npu-d050,1,1,2,NPU,,50,cpu_not_applicable,,,,,,,49.994170267946345,1345260100000000,65.266763407,4.695228524,load,4.695228524,31.9,30.2,32.5,31.9,0,80000000,ok
80cfc810-5998-4d88-abef-2946fea9003b,21fe69d6-d45b-4246-8e7a-d1da8a71eb91,npu-d050-r001,npu-d050,1,1,2,NPU,,50,cpu_not_applicable,,,,,,,49.994170267946345,1345261135000000,66.301763407,5.730228524,load,5.730228524,31.9,30.2,32.5,31.9,0,95000000,ok
80cfc810-5998-4d88-abef-2946fea9003b,21fe69d6-d45b-4246-8e7a-d1da8a71eb91,npu-d050-r001,npu-d050,1,1,2,NPU,,50,cpu_not_applicable,,,,,,,49.994170267946345,1345262140000000,67.306763407,6.735228524,load,6.735228524,31.9,30.2,32.5,31.9,0,100000000,ok
80cfc810-5998-4d88-abef-2946fea9003b,21fe69d6-d45b-4246-8e7a-d1da8a71eb91,npu-d050-r001,npu-d050,1,1,2,NPU,,50,cpu_not_applicable,,,,,,,49.994170267946345,1345263145000000,68.311763407,7.740228524,load,7.740228524,31.9,30.2,32.5,31.9,0,95000000,ok
80cfc810-5998-4d88-abef-2946fea9003b,21fe69d6-d45b-4246-8e7a-d1da8a71eb91,npu-d050-r001,npu-d050,1,1,2,NPU,,50,cpu_not_applicable,,,,,,,49.994170267946345,1345264195000000,69.361763407,8.790228524,load,8.790228524,31.9,30.2,32.5,31.9,0,95000000,ok
80cfc810-5998-4d88-abef-2946fea9003b,21fe69d6-d45b-4246-8e7a-d1da8a71eb91,npu-d050-r001,npu-d050,1,1,2,NPU,,50,cpu_not_applicable,,,,,,,49.994170267946345,1345265190000000,70.356763407,9.785228524,load,9.785228524,31.9,30.2,32.5,31.9,0,100000000,ok
80cfc810-5998-4d88-abef-2946fea9003b,21fe69d6-d45b-4246-8e7a-d1da8a71eb91,npu-d050-r001,npu-d050,1,1,2,NPU,,50,cpu_not_applicable,,,,,,,49.994170267946345,1345266170000000,71.336763407,10.765228524,load,10.765228524,31.9,30.2,32.5,31.9,0,90000000,ok
80cfc810-5998-4d88-abef-2946fea9003b,21fe69d6-d45b-4246-8e7a-d1da8a71eb91,npu-d050-r001,npu-d050,1,1,2,NPU,,50,cpu_not_applicable,,,,,,,49.994170267946345,1345267185000000,72.351763407,11.780228524,load,11.780228524,31.9,30.2,32.5,31.9,0,85000000,ok
80cfc810-5998-4d88-abef-2946fea9003b,21fe69d6-d45b-4246-8e7a-d1da8a71eb91,npu-d050-r001,npu-d050,1,1,2,NPU,,50,cpu_not_applicable,,,,,,,49.994170267946345,1345268235000000,73.401763407,12.830228524,load,12.830228524,33.0,30.5,34.0,32.5,0,115000000,ok
80cfc810-5998-4d88-abef-2946fea9003b,21fe69d6-d45b-4246-8e7a-d1da8a71eb91,npu-d050-r001,npu-d050,1,1,2,NPU,,50,cpu_not_applicable,,,,,,,49.994170267946345,1345269225000000,74.391763407,13.820228524,load,13.820228524,33.0,30.5,34.0,32.5,0,75000000,ok
80cfc810-5998-4d88-abef-2946fea9003b,21fe69d6-d45b-4246-8e7a-d1da8a71eb91,npu-d050-r001,npu-d050,1,1,2,NPU,,50,cpu_not_applicable,,,,,,,49.994170267946345,1345270265000000,75.431763407,14.860228524,load,14.860228524,33.0,30.5,34.0,32.5,0,85000000,ok
80cfc810-5998-4d88-abef-2946fea9003b,21fe69d6-d45b-4246-8e7a-d1da8a71eb91,npu-d050-r001,npu-d050,1,1,2,NPU,,50,cpu_not_applicable,,,,,,,49.994170267946345,1345271200000000,76.366763407,15.795228524,load,15.795228524,33.0,30.5,34.0,32.5,0,100000000,ok
80cfc810-5998-4d88-abef-2946fea9003b,21fe69d6-d45b-4246-8e7a-d1da8a71eb91,npu-d050-r001,npu-d050,1,1,2,NPU,,50,cpu_not_applicable,,,,,,,49.994170267946345,1345272270000000,77.436763407,16.865228524,load,16.865228524,33.0,30.5,34.0,32.5,0,160000000,ok
80cfc810-5998-4d88-abef-2946fea9003b,21fe69d6-d45b-4246-8e7a-d1da8a71eb91,npu-d050-r001,npu-d050,1,1,2,NPU,,50,cpu_not_applicable,,,,,,,49.994170267946345,1345273290000000,78.456763407,17.885228524,load,17.885228524,33.0,30.5,34.0,32.5,0,170000000,ok
80cfc810-5998-4d88-abef-2946fea9003b,21fe69d6-d45b-4246-8e7a-d1da8a71eb91,npu-d050-r001,npu-d050,1,1,2,NPU,,50,cpu_not_applicable,,,,,,,49.994170267946345,1345274295000000,79.461763407,18.890228524,load,18.890228524,33.0,30.5,34.0,32.5,0,155000000,ok
80cfc810-5998-4d88-abef-2946fea9003b,21fe69d6-d45b-4246-8e7a-d1da8a71eb91,npu-d050-r001,npu-d050,1,1,2,NPU,,50,cpu_not_applicable,,,,,,,49.994170267946345,1345275305000000,80.471763407,19.900228524,load,19.900228524,33.0,30.5,34.0,32.5,0,185000000,ok
80cfc810-5998-4d88-abef-2946fea9003b,21fe69d6-d45b-4246-8e7a-d1da8a71eb91,npu-d050-r001,npu-d050,1,1,2,NPU,,50,cpu_not_applicable,,,,,,,49.994170267946345,1345276240000000,81.406763407,20.835228524,load,20.835228524,33.0,30.5,34.0,32.5,0,100000000,ok
80cfc810-5998-4d88-abef-2946fea9003b,21fe69d6-d45b-4246-8e7a-d1da8a71eb91,npu-d050-r001,npu-d050,1,1,2,NPU,,50,cpu_not_applicable,,,,,,,49.994170267946345,1345277325000000,82.491763407,21.920228524,load,21.920228524,33.0,30.5,34.0,32.5,0,85000000,ok
80cfc810-5998-4d88-abef-2946fea9003b,21fe69d6-d45b-4246-8e7a-d1da8a71eb91,npu-d050-r001,npu-d050,1,1,2,NPU,,50,cpu_not_applicable,,,,,,,49.994170267946345,1345278245000000,83.411763407,22.840228524,load,22.840228524,34.1,30.9,34.9,33.0,0,85000000,ok
80cfc810-5998-4d88-abef-2946fea9003b,21fe69d6-d45b-4246-8e7a-d1da8a71eb91,npu-d050-r001,npu-d050,1,1,2,NPU,,50,cpu_not_applicable,,,,,,,49.994170267946345,1345279220000000,84.386763407,23.815228524,load,23.815228524,34.1,30.9,34.9,33.0,0,80000000,ok
80cfc810-5998-4d88-abef-2946fea9003b,21fe69d6-d45b-4246-8e7a-d1da8a71eb91,npu-d050-r001,npu-d050,1,1,2,NPU,,50,cpu_not_applicable,,,,,,,49.994170267946345,1345280285000000,85.451763407,24.880228524,load,24.880228524,34.1,30.9,34.9,33.0,0,85000000,ok
80cfc810-5998-4d88-abef-2946fea9003b,21fe69d6-d45b-4246-8e7a-d1da8a71eb91,npu-d050-r001,npu-d050,1,1,2,NPU,,50,cpu_not_applicable,,,,,,,49.994170267946345,1345281350000000,86.516763407,25.945228524,load,25.945228524,34.1,30.9,34.9,33.0,0,100000000,ok
80cfc810-5998-4d88-abef-2946fea9003b,21fe69d6-d45b-4246-8e7a-d1da8a71eb91,npu-d050-r001,npu-d050,1,1,2,NPU,,50,cpu_not_applicable,,,,,,,49.994170267946345,1345282365000000,87.531763407,26.960228524,load,26.960228524,34.1,30.9,34.9,33.0,0,95000000,ok
80cfc810-5998-4d88-abef-2946fea9003b,21fe69d6-d45b-4246-8e7a-d1da8a71eb91,npu-d050-r001,npu-d050,1,1,2,NPU,,50,cpu_not_applicable,,,,,,,49.994170267946345,1345283295000000,88.461763407,27.890228524,load,27.890228524,34.1,30.9,34.9,33.0,0,95000000,ok
80cfc810-5998-4d88-abef-2946fea9003b,21fe69d6-d45b-4246-8e7a-d1da8a71eb91,npu-d050-r001,npu-d050,1,1,2,NPU,,50,cpu_not_applicable,,,,,,,49.994170267946345,1345284305000000,89.471763407,28.900228524,load,28.900228524,34.1,30.9,34.9,33.0,0,95000000,ok
80cfc810-5998-4d88-abef-2946fea9003b,21fe69d6-d45b-4246-8e7a-d1da8a71eb91,npu-d050-r001,npu-d050,1,1,2,NPU,,50,cpu_not_applicable,,,,,,,49.994170267946345,1345285330000000,90.496763407,29.925228524,load,29.925228524,34.1,30.9,34.9,33.0,0,90000000,ok
80cfc810-5998-4d88-abef-2946fea9003b,21fe69d6-d45b-4246-8e7a-d1da8a71eb91,npu-d050-r001,npu-d050,1,1,2,NPU,,50,cpu_not_applicable,,,,,,,49.994170267946345,1345286335000000,91.501763407,30.930228524,load,30.930228524,34.1,30.9,34.9,33.0,0,85000000,ok
80cfc810-5998-4d88-abef-2946fea9003b,21fe69d6-d45b-4246-8e7a-d1da8a71eb91,npu-d050-r001,npu-d050,1,1,2,NPU,,50,cpu_not_applicable,,,,,,,49.994170267946345,1345287350000000,92.516763407,31.945228524,load,31.945228524,34.1,30.9,34.9,33.0,0,80000000,ok
80cfc810-5998-4d88-abef-2946fea9003b,21fe69d6-d45b-4246-8e7a-d1da8a71eb91,npu-d050-r001,npu-d050,1,1,2,NPU,,50,cpu_not_applicable,,,,,,,49.994170267946345,1345288395000000,93.561763407,32.990228524,load,32.990228524,34.4,31.3,35.2,33.3,0,85000000,ok
80cfc810-5998-4d88-abef-2946fea9003b,21fe69d6-d45b-4246-8e7a-d1da8a71eb91,npu-d050-r001,npu-d050,1,1,2,NPU,,50,cpu_not_applicable,,,,,,,49.994170267946345,1345289310000000,94.476763407,33.905228524,load,33.905228524,34.4,31.3,35.2,33.3,0,90000000,ok
80cfc810-5998-4d88-abef-2946fea9003b,21fe69d6-d45b-4246-8e7a-d1da8a71eb91,npu-d050-r001,npu-d050,1,1,2,NPU,,50,cpu_not_applicable,,,,,,,49.994170267946345,1345290335000000,95.501763407,34.930228524,load,34.930228524,34.4,31.3,35.2,33.3,0,85000000,ok
80cfc810-5998-4d88-abef-2946fea9003b,21fe69d6-d45b-4246-8e7a-d1da8a71eb91,npu-d050-r001,npu-d050,1,1,2,NPU,,50,cpu_not_applicable,,,,,,,49.994170267946345,1345291395000000,96.561763407,35.990228524,load,35.990228524,34.4,31.3,35.2,33.3,0,115000000,ok
80cfc810-5998-4d88-abef-2946fea9003b,21fe69d6-d45b-4246-8e7a-d1da8a71eb91,npu-d050-r001,npu-d050,1,1,2,NPU,,50,cpu_not_applicable,,,,,,,49.994170267946345,1345292410000000,97.576763407,37.005228524,load,37.005228524,34.4,31.3,35.2,33.3,0,100000000,ok
80cfc810-5998-4d88-abef-2946fea9003b,21fe69d6-d45b-4246-8e7a-d1da8a71eb91,npu-d050-r001,npu-d050,1,1,2,NPU,,50,cpu_not_applicable,,,,,,,49.994170267946345,1345293465000000,98.631763407,38.060228524,load,38.060228524,34.4,31.3,35.2,33.3,0,135000000,ok
80cfc810-5998-4d88-abef-2946fea9003b,21fe69d6-d45b-4246-8e7a-d1da8a71eb91,npu-d050-r001,npu-d050,1,1,2,NPU,,50,cpu_not_applicable,,,,,,,49.994170267946345,1345294490000000,99.656763407,39.085228524,load,39.085228524,34.4,31.3,35.2,33.3,0,130000000,ok
80cfc810-5998-4d88-abef-2946fea9003b,21fe69d6-d45b-4246-8e7a-d1da8a71eb91,npu-d050-r001,npu-d050,1,1,2,NPU,,50,cpu_not_applicable,,,,,,,49.994170267946345,1345295370000000,100.536763407,39.965228524,load,39.965228524,34.4,31.3,35.2,33.3,0,90000000,ok
80cfc810-5998-4d88-abef-2946fea9003b,21fe69d6-d45b-4246-8e7a-d1da8a71eb91,npu-d050-r001,npu-d050,1,1,2,NPU,,50,cpu_not_applicable,,,,,,,49.994170267946345,1345296375000000,101.541763407,40.970228524,load,40.970228524,34.4,31.3,35.2,33.3,0,85000000,ok
80cfc810-5998-4d88-abef-2946fea9003b,21fe69d6-d45b-4246-8e7a-d1da8a71eb91,npu-d050-r001,npu-d050,1,1,2,NPU,,50,cpu_not_applicable,,,,,,,49.994170267946345,1345297400000000,102.566763407,41.995228524,load,41.995228524,34.4,31.3,35.2,33.3,0,90000000,ok
80cfc810-5998-4d88-abef-2946fea9003b,21fe69d6-d45b-4246-8e7a-d1da8a71eb91,npu-d050-r001,npu-d050,1,1,2,NPU,,50,cpu_not_applicable,,,,,,,49.994170267946345,1345298415000000,103.581763407,43.010228524,load,43.010228524,34.7,31.6,35.7,33.6,0,85000000,ok
80cfc810-5998-4d88-abef-2946fea9003b,21fe69d6-d45b-4246-8e7a-d1da8a71eb91,npu-d050-r001,npu-d050,1,1,2,NPU,,50,cpu_not_applicable,,,,,,,49.994170267946345,1345299480000000,104.646763407,44.075228524,load,44.075228524,34.7,31.6,35.7,33.6,0,120000000,ok
80cfc810-5998-4d88-abef-2946fea9003b,21fe69d6-d45b-4246-8e7a-d1da8a71eb91,npu-d050-r001,npu-d050,1,1,2,NPU,,50,cpu_not_applicable,,,,,,,49.994170267946345,1345300480000000,105.646763407,45.075228524,load,45.075228524,34.7,31.6,35.7,33.6,0,100000000,ok
80cfc810-5998-4d88-abef-2946fea9003b,21fe69d6-d45b-4246-8e7a-d1da8a71eb91,npu-d050-r001,npu-d050,1,1,2,NPU,,50,cpu_not_applicable,,,,,,,49.994170267946345,1345301550000000,106.716763407,46.145228524,load,46.145228524,34.7,31.6,35.7,33.6,0,140000000,ok
80cfc810-5998-4d88-abef-2946fea9003b,21fe69d6-d45b-4246-8e7a-d1da8a71eb91,npu-d050-r001,npu-d050,1,1,2,NPU,,50,cpu_not_applicable,,,,,,,49.994170267946345,1345302435000000,107.601763407,47.030228524,load,47.030228524,34.7,31.6,35.7,33.6,0,95000000,ok
80cfc810-5998-4d88-abef-2946fea9003b,21fe69d6-d45b-4246-8e7a-d1da8a71eb91,npu-d050-r001,npu-d050,1,1,2,NPU,,50,cpu_not_applicable,,,,,,,49.994170267946345,1345303450000000,108.616763407,48.045228524,load,48.045228524,34.7,31.6,35.7,33.6,0,90000000,ok
80cfc810-5998-4d88-abef-2946fea9003b,21fe69d6-d45b-4246-8e7a-d1da8a71eb91,npu-d050-r001,npu-d050,1,1,2,NPU,,50,cpu_not_applicable,,,,,,,49.994170267946345,1345304495000000,109.661763407,49.090228524,load,49.090228524,34.7,31.6,35.7,33.6,0,105000000,ok
80cfc810-5998-4d88-abef-2946fea9003b,21fe69d6-d45b-4246-8e7a-d1da8a71eb91,npu-d050-r001,npu-d050,1,1,2,NPU,,50,cpu_not_applicable,,,,,,,49.994170267946345,1345305495000000,110.661763407,50.090228524,load,50.090228524,34.7,31.6,35.7,33.6,0,85000000,ok
80cfc810-5998-4d88-abef-2946fea9003b,21fe69d6-d45b-4246-8e7a-d1da8a71eb91,npu-d050-r001,npu-d050,1,1,2,NPU,,50,cpu_not_applicable,,,,,,,49.994170267946345,1345306505000000,111.671763407,51.100228524,load,51.100228524,34.7,31.6,35.7,33.6,0,85000000,ok
80cfc810-5998-4d88-abef-2946fea9003b,21fe69d6-d45b-4246-8e7a-d1da8a71eb91,npu-d050-r001,npu-d050,1,1,2,NPU,,50,cpu_not_applicable,,,,,,,49.994170267946345,1345307575000000,112.741763407,52.170228524,load,52.170228524,34.7,31.6,35.7,33.6,0,125000000,ok
80cfc810-5998-4d88-abef-2946fea9003b,21fe69d6-d45b-4246-8e7a-d1da8a71eb91,npu-d050-r001,npu-d050,1,1,2,NPU,,50,cpu_not_applicable,,,,,,,49.994170267946345,1345308610000000,113.776763407,53.205228524,load,53.205228524,35.0,31.9,36.1,33.8,0,140000000,ok
80cfc810-5998-4d88-abef-2946fea9003b,21fe69d6-d45b-4246-8e7a-d1da8a71eb91,npu-d050-r001,npu-d050,1,1,2,NPU,,50,cpu_not_applicable,,,,,,,49.994170267946345,1345309515000000,114.681763407,54.110228524,load,54.110228524,35.0,31.9,36.1,33.8,0,115000000,ok
80cfc810-5998-4d88-abef-2946fea9003b,21fe69d6-d45b-4246-8e7a-d1da8a71eb91,npu-d050-r001,npu-d050,1,1,2,NPU,,50,cpu_not_applicable,,,,,,,49.994170267946345,1345310520000000,115.686763407,55.115228524,load,55.115228524,35.0,31.9,36.1,33.8,0,100000000,ok
80cfc810-5998-4d88-abef-2946fea9003b,21fe69d6-d45b-4246-8e7a-d1da8a71eb91,npu-d050-r001,npu-d050,1,1,2,NPU,,50,cpu_not_applicable,,,,,,,49.994170267946345,1345311550000000,116.716763407,56.145228524,load,56.145228524,35.0,31.9,36.1,33.8,0,90000000,ok
80cfc810-5998-4d88-abef-2946fea9003b,21fe69d6-d45b-4246-8e7a-d1da8a71eb91,npu-d050-r001,npu-d050,1,1,2,NPU,,50,cpu_not_applicable,,,,,,,49.994170267946345,1345312585000000,117.751763407,57.180228524,load,57.180228524,35.0,31.9,36.1,33.8,0,105000000,ok
80cfc810-5998-4d88-abef-2946fea9003b,21fe69d6-d45b-4246-8e7a-d1da8a71eb91,npu-d050-r001,npu-d050,1,1,2,NPU,,50,cpu_not_applicable,,,,,,,49.994170267946345,1345313645000000,118.811763407,58.240228524,load,58.240228524,35.0,31.9,36.1,33.8,0,105000000,ok
80cfc810-5998-4d88-abef-2946fea9003b,21fe69d6-d45b-4246-8e7a-d1da8a71eb91,npu-d050-r001,npu-d050,1,1,2,NPU,,50,cpu_not_applicable,,,,,,,49.994170267946345,1345314525000000,119.691763407,59.120228524,load,59.120228524,35.0,31.9,36.1,33.8,0,95000000,ok
80cfc810-5998-4d88-abef-2946fea9003b,21fe69d6-d45b-4246-8e7a-d1da8a71eb91,npu-d050-r001,npu-d050,1,1,2,NPU,,50,cpu_not_applicable,,,,,,,49.994170267946345,1345315525000000,120.691763407,60.120228524,cooling,0.117913172,35.0,31.9,36.1,33.8,0,85000000,ok
80cfc810-5998-4d88-abef-2946fea9003b,21fe69d6-d45b-4246-8e7a-d1da8a71eb91,npu-d050-r001,npu-d050,1,1,2,NPU,,50,cpu_not_applicable,,,,,,,49.994170267946345,1345316790000000,121.956763407,61.385228524,cooling,1.382913172,35.0,31.9,36.1,33.8,0,400000000,ok
80cfc810-5998-4d88-abef-2946fea9003b,21fe69d6-d45b-4246-8e7a-d1da8a71eb91,npu-d050-r001,npu-d050,1,1,2,NPU,,50,cpu_not_applicable,,,,,,,49.994170267946345,1345317730000000,122.896763407,62.325228524,cooling,2.322913172,35.0,31.9,36.1,33.8,0,200000000,ok
80cfc810-5998-4d88-abef-2946fea9003b,21fe69d6-d45b-4246-8e7a-d1da8a71eb91,npu-d050-r001,npu-d050,1,1,2,NPU,,50,cpu_not_applicable,,,,,,,49.994170267946345,1345318725000000,123.891763407,63.320228524,cooling,3.317913172,36.6,32.1,36.1,34.2,0,195000000,ok
80cfc810-5998-4d88-abef-2946fea9003b,21fe69d6-d45b-4246-8e7a-d1da8a71eb91,npu-d050-r001,npu-d050,1,1,2,NPU,,50,cpu_not_applicable,,,,,,,49.994170267946345,1345319660000000,124.826763407,64.255228524,cooling,4.252913172,36.6,32.1,36.1,34.2,0,90000000,ok
80cfc810-5998-4d88-abef-2946fea9003b,21fe69d6-d45b-4246-8e7a-d1da8a71eb91,npu-d050-r001,npu-d050,1,1,2,NPU,,50,cpu_not_applicable,,,,,,,49.994170267946345,1345320815000000,125.981763407,65.410228524,cooling,5.407913172,36.6,32.1,36.1,34.2,0,115000000,ok
80cfc810-5998-4d88-abef-2946fea9003b,21fe69d6-d45b-4246-8e7a-d1da8a71eb91,npu-d050-r001,npu-d050,1,1,2,NPU,,50,cpu_not_applicable,,,,,,,49.994170267946345,1345321685000000,126.851763407,66.280228524,cooling,6.277913172,36.6,32.1,36.1,34.2,0,95000000,ok
80cfc810-5998-4d88-abef-2946fea9003b,21fe69d6-d45b-4246-8e7a-d1da8a71eb91,npu-d050-r001,npu-d050,1,1,2,NPU,,50,cpu_not_applicable,,,,,,,49.994170267946345,1345322740000000,127.906763407,67.335228524,cooling,7.332913172,36.6,32.1,36.1,34.2,0,90000000,ok
80cfc810-5998-4d88-abef-2946fea9003b,21fe69d6-d45b-4246-8e7a-d1da8a71eb91,npu-d050-r001,npu-d050,1,1,2,NPU,,50,cpu_not_applicable,,,,,,,49.994170267946345,1345323795000000,128.961763407,68.390228524,cooling,8.387913172,36.6,32.1,36.1,34.2,0,115000000,ok
80cfc810-5998-4d88-abef-2946fea9003b,21fe69d6-d45b-4246-8e7a-d1da8a71eb91,npu-d050-r001,npu-d050,1,1,2,NPU,,50,cpu_not_applicable,,,,,,,49.994170267946345,1345324775000000,129.941763407,69.370228524,cooling,9.367913172,36.6,32.1,36.1,34.2,0,105000000,ok
80cfc810-5998-4d88-abef-2946fea9003b,21fe69d6-d45b-4246-8e7a-d1da8a71eb91,npu-d050-r001,npu-d050,1,1,2,NPU,,50,cpu_not_applicable,,,,,,,49.994170267946345,1345325780000000,130.946763407,70.375228524,cooling,10.372913172,36.6,32.1,36.1,34.2,0,90000000,ok
80cfc810-5998-4d88-abef-2946fea9003b,21fe69d6-d45b-4246-8e7a-d1da8a71eb91,npu-d050-r001,npu-d050,1,1,2,NPU,,50,cpu_not_applicable,,,,,,,49.994170267946345,1345326745000000,131.911763407,71.340228524,cooling,11.337913172,36.6,32.1,36.1,34.2,0,125000000,ok
80cfc810-5998-4d88-abef-2946fea9003b,21fe69d6-d45b-4246-8e7a-d1da8a71eb91,npu-d050-r001,npu-d050,1,1,2,NPU,,50,cpu_not_applicable,,,,,,,49.994170267946345,1345327745000000,132.911763407,72.340228524,cooling,12.337913172,36.6,32.1,36.1,34.2,0,95000000,ok
80cfc810-5998-4d88-abef-2946fea9003b,21fe69d6-d45b-4246-8e7a-d1da8a71eb91,npu-d050-r001,npu-d050,1,1,2,NPU,,50,cpu_not_applicable,,,,,,,49.994170267946345,1345328740000000,133.906763407,73.335228524,cooling,13.332913172,34.6,32.2,34.2,34.0,0,90000000,ok
80cfc810-5998-4d88-abef-2946fea9003b,21fe69d6-d45b-4246-8e7a-d1da8a71eb91,npu-d050-r001,npu-d050,1,1,2,NPU,,50,cpu_not_applicable,,,,,,,49.994170267946345,1345329775000000,134.941763407,74.370228524,cooling,14.367913172,34.6,32.2,34.2,34.0,0,95000000,ok
80cfc810-5998-4d88-abef-2946fea9003b,21fe69d6-d45b-4246-8e7a-d1da8a71eb91,npu-d050-r001,npu-d050,1,1,2,NPU,,50,cpu_not_applicable,,,,,,,49.994170267946345,1345330800000000,135.966763407,75.395228524,cooling,15.392913172,34.6,32.2,34.2,34.0,0,90000000,ok
80cfc810-5998-4d88-abef-2946fea9003b,21fe69d6-d45b-4246-8e7a-d1da8a71eb91,npu-d050-r001,npu-d050,1,1,2,NPU,,50,cpu_not_applicable,,,,,,,49.994170267946345,1345331830000000,136.996763407,76.425228524,cooling,16.422913172,34.6,32.2,34.2,34.0,0,100000000,ok
80cfc810-5998-4d88-abef-2946fea9003b,21fe69d6-d45b-4246-8e7a-d1da8a71eb91,npu-d050-r001,npu-d050,1,1,2,NPU,,50,cpu_not_applicable,,,,,,,49.994170267946345,1345332750000000,137.916763407,77.345228524,cooling,17.342913172,34.6,32.2,34.2,34.0,0,90000000,ok
80cfc810-5998-4d88-abef-2946fea9003b,21fe69d6-d45b-4246-8e7a-d1da8a71eb91,npu-d050-r001,npu-d050,1,1,2,NPU,,50,cpu_not_applicable,,,,,,,49.994170267946345,1345333730000000,138.896763407,78.325228524,cooling,18.322913172,34.6,32.2,34.2,34.0,0,100000000,ok
80cfc810-5998-4d88-abef-2946fea9003b,21fe69d6-d45b-4246-8e7a-d1da8a71eb91,npu-d050-r001,npu-d050,1,1,2,NPU,,50,cpu_not_applicable,,,,,,,49.994170267946345,1345334850000000,140.016763407,79.445228524,cooling,19.442913172,34.6,32.2,34.2,34.0,0,150000000,ok
80cfc810-5998-4d88-abef-2946fea9003b,21fe69d6-d45b-4246-8e7a-d1da8a71eb91,npu-d050-r001,npu-d050,1,1,2,NPU,,50,cpu_not_applicable,,,,,,,49.994170267946345,1345335770000000,140.936763407,80.365228524,cooling,20.362913172,34.6,32.2,34.2,34.0,0,100000000,ok
80cfc810-5998-4d88-abef-2946fea9003b,21fe69d6-d45b-4246-8e7a-d1da8a71eb91,npu-d050-r001,npu-d050,1,1,2,NPU,,50,cpu_not_applicable,,,,,,,49.994170267946345,1345336885000000,142.051763407,81.480228524,cooling,21.477913172,34.6,32.2,34.2,34.0,0,135000000,ok
80cfc810-5998-4d88-abef-2946fea9003b,21fe69d6-d45b-4246-8e7a-d1da8a71eb91,npu-d050-r001,npu-d050,1,1,2,NPU,,50,cpu_not_applicable,,,,,,,49.994170267946345,1345337905000000,143.071763407,82.500228524,cooling,22.497913172,33.8,32.1,33.4,33.6,0,125000000,ok
80cfc810-5998-4d88-abef-2946fea9003b,21fe69d6-d45b-4246-8e7a-d1da8a71eb91,npu-d050-r001,npu-d050,1,1,2,NPU,,50,cpu_not_applicable,,,,,,,49.994170267946345,1345338800000000,143.966763407,83.395228524,cooling,23.392913172,33.8,32.1,33.4,33.6,0,100000000,ok
80cfc810-5998-4d88-abef-2946fea9003b,21fe69d6-d45b-4246-8e7a-d1da8a71eb91,npu-d050-r001,npu-d050,1,1,2,NPU,,50,cpu_not_applicable,,,,,,,49.994170267946345,1345339795000000,144.961763407,84.390228524,cooling,24.387913172,33.8,32.1,33.4,33.6,0,145000000,ok
80cfc810-5998-4d88-abef-2946fea9003b,21fe69d6-d45b-4246-8e7a-d1da8a71eb91,npu-d050-r001,npu-d050,1,1,2,NPU,,50,cpu_not_applicable,,,,,,,49.994170267946345,1345340865000000,146.031763407,85.460228524,cooling,25.457913172,33.8,32.1,33.4,33.6,0,125000000,ok
80cfc810-5998-4d88-abef-2946fea9003b,21fe69d6-d45b-4246-8e7a-d1da8a71eb91,npu-d050-r001,npu-d050,1,1,2,NPU,,50,cpu_not_applicable,,,,,,,49.994170267946345,1345341905000000,147.071763407,86.500228524,cooling,26.497913172,33.8,32.1,33.4,33.6,0,135000000,ok
80cfc810-5998-4d88-abef-2946fea9003b,21fe69d6-d45b-4246-8e7a-d1da8a71eb91,npu-d050-r001,npu-d050,1,1,2,NPU,,50,cpu_not_applicable,,,,,,,49.994170267946345,1345342930000000,148.096763407,87.525228524,cooling,27.522913172,33.8,32.1,33.4,33.6,0,140000000,ok
80cfc810-5998-4d88-abef-2946fea9003b,21fe69d6-d45b-4246-8e7a-d1da8a71eb91,npu-d050-r001,npu-d050,1,1,2,NPU,,50,cpu_not_applicable,,,,,,,49.994170267946345,1345343810000000,148.976763407,88.405228524,cooling,28.402913172,33.8,32.1,33.4,33.6,0,100000000,ok
80cfc810-5998-4d88-abef-2946fea9003b,21fe69d6-d45b-4246-8e7a-d1da8a71eb91,npu-d050-r001,npu-d050,1,1,2,NPU,,50,cpu_not_applicable,,,,,,,49.994170267946345,1345344825000000,149.991763407,89.420228524,cooling,29.417913172,33.8,32.1,33.4,33.6,0,95000000,ok
80cfc810-5998-4d88-abef-2946fea9003b,21fe69d6-d45b-4246-8e7a-d1da8a71eb91,npu-d050-r001,npu-d050,1,1,2,NPU,,50,cpu_not_applicable,,,,,,,49.994170267946345,1345345895000000,151.061763407,90.490228524,cooling,30.487913172,33.8,32.1,33.4,33.6,0,125000000,ok
80cfc810-5998-4d88-abef-2946fea9003b,21fe69d6-d45b-4246-8e7a-d1da8a71eb91,npu-d050-r001,npu-d050,1,1,2,NPU,,50,cpu_not_applicable,,,,,,,49.994170267946345,1345346915000000,152.081763407,91.510228524,cooling,31.507913172,33.8,32.1,33.4,33.6,0,125000000,ok
80cfc810-5998-4d88-abef-2946fea9003b,21fe69d6-d45b-4246-8e7a-d1da8a71eb91,npu-d050-r001,npu-d050,1,1,2,NPU,,50,cpu_not_applicable,,,,,,,49.994170267946345,1345347790000000,152.956763407,92.385228524,cooling,32.382913172,33.8,32.1,33.4,33.6,0,90000000,ok
80cfc810-5998-4d88-abef-2946fea9003b,21fe69d6-d45b-4246-8e7a-d1da8a71eb91,npu-d050-r001,npu-d050,1,1,2,NPU,,50,cpu_not_applicable,,,,,,,49.994170267946345,1345348885000000,154.051763407,93.480228524,cooling,33.477913172,33.4,31.9,33.0,33.5,0,115000000,ok
80cfc810-5998-4d88-abef-2946fea9003b,21fe69d6-d45b-4246-8e7a-d1da8a71eb91,npu-d050-r001,npu-d050,1,1,2,NPU,,50,cpu_not_applicable,,,,,,,49.994170267946345,1345349840000000,155.006763407,94.435228524,cooling,34.432913172,33.4,31.9,33.0,33.5,0,90000000,ok
80cfc810-5998-4d88-abef-2946fea9003b,21fe69d6-d45b-4246-8e7a-d1da8a71eb91,npu-d050-r001,npu-d050,1,1,2,NPU,,50,cpu_not_applicable,,,,,,,49.994170267946345,1345350910000000,156.076763407,95.505228524,cooling,35.502913172,33.4,31.9,33.0,33.5,0,130000000,ok
80cfc810-5998-4d88-abef-2946fea9003b,21fe69d6-d45b-4246-8e7a-d1da8a71eb91,npu-d050-r001,npu-d050,1,1,2,NPU,,50,cpu_not_applicable,,,,,,,49.994170267946345,1345351945000000,157.111763407,96.540228524,cooling,36.537913172,33.4,31.9,33.0,33.5,0,135000000,ok
80cfc810-5998-4d88-abef-2946fea9003b,21fe69d6-d45b-4246-8e7a-d1da8a71eb91,npu-d050-r001,npu-d050,1,1,2,NPU,,50,cpu_not_applicable,,,,,,,49.994170267946345,1345352820000000,157.986763407,97.415228524,cooling,37.412913172,33.4,31.9,33.0,33.5,0,100000000,ok
80cfc810-5998-4d88-abef-2946fea9003b,21fe69d6-d45b-4246-8e7a-d1da8a71eb91,npu-d050-r001,npu-d050,1,1,2,NPU,,50,cpu_not_applicable,,,,,,,49.994170267946345,1345353900000000,159.066763407,98.495228524,cooling,38.492913172,33.4,31.9,33.0,33.5,0,120000000,ok
80cfc810-5998-4d88-abef-2946fea9003b,21fe69d6-d45b-4246-8e7a-d1da8a71eb91,npu-d050-r001,npu-d050,1,1,2,NPU,,50,cpu_not_applicable,,,,,,,49.994170267946345,1345354865000000,160.031763407,99.460228524,cooling,39.457913172,33.4,31.9,33.0,33.5,0,95000000,ok
80cfc810-5998-4d88-abef-2946fea9003b,21fe69d6-d45b-4246-8e7a-d1da8a71eb91,npu-d050-r001,npu-d050,1,1,2,NPU,,50,cpu_not_applicable,,,,,,,49.994170267946345,1345355925000000,161.091763407,100.520228524,cooling,40.517913172,33.4,31.9,33.0,33.5,0,125000000,ok
80cfc810-5998-4d88-abef-2946fea9003b,21fe69d6-d45b-4246-8e7a-d1da8a71eb91,npu-d050-r001,npu-d050,1,1,2,NPU,,50,cpu_not_applicable,,,,,,,49.994170267946345,1345356815000000,161.981763407,101.410228524,cooling,41.407913172,33.4,31.9,33.0,33.5,0,95000000,ok
80cfc810-5998-4d88-abef-2946fea9003b,21fe69d6-d45b-4246-8e7a-d1da8a71eb91,npu-d050-r001,npu-d050,1,1,2,NPU,,50,cpu_not_applicable,,,,,,,49.994170267946345,1345357840000000,163.006763407,102.435228524,cooling,42.432913172,33.4,31.9,33.0,33.5,0,100000000,ok
80cfc810-5998-4d88-abef-2946fea9003b,21fe69d6-d45b-4246-8e7a-d1da8a71eb91,npu-d050-r001,npu-d050,1,1,2,NPU,,50,cpu_not_applicable,,,,,,,49.994170267946345,1345358900000000,164.066763407,103.495228524,cooling,43.492913172,33.1,31.8,32.7,33.3,0,130000000,ok
80cfc810-5998-4d88-abef-2946fea9003b,21fe69d6-d45b-4246-8e7a-d1da8a71eb91,npu-d050-r001,npu-d050,1,1,2,NPU,,50,cpu_not_applicable,,,,,,,49.994170267946345,1345359910000000,165.076763407,104.505228524,cooling,44.502913172,33.1,31.8,32.7,33.3,0,120000000,ok
80cfc810-5998-4d88-abef-2946fea9003b,21fe69d6-d45b-4246-8e7a-d1da8a71eb91,npu-d050-r001,npu-d050,1,1,2,NPU,,50,cpu_not_applicable,,,,,,,49.994170267946345,1345360935000000,166.101763407,105.530228524,cooling,45.527913172,33.1,31.8,32.7,33.3,0,115000000,ok
80cfc810-5998-4d88-abef-2946fea9003b,21fe69d6-d45b-4246-8e7a-d1da8a71eb91,npu-d050-r001,npu-d050,1,1,2,NPU,,50,cpu_not_applicable,,,,,,,49.994170267946345,1345361955000000,167.121763407,106.550228524,cooling,46.547913172,33.1,31.8,32.7,33.3,0,125000000,ok
80cfc810-5998-4d88-abef-2946fea9003b,21fe69d6-d45b-4246-8e7a-d1da8a71eb91,npu-d050-r001,npu-d050,1,1,2,NPU,,50,cpu_not_applicable,,,,,,,49.994170267946345,1345362900000000,168.066763407,107.495228524,cooling,47.492913172,33.1,31.8,32.7,33.3,0,140000000,ok
80cfc810-5998-4d88-abef-2946fea9003b,21fe69d6-d45b-4246-8e7a-d1da8a71eb91,npu-d050-r001,npu-d050,1,1,2,NPU,,50,cpu_not_applicable,,,,,,,49.994170267946345,1345363865000000,169.031763407,108.460228524,cooling,48.457913172,33.1,31.8,32.7,33.3,0,85000000,ok
80cfc810-5998-4d88-abef-2946fea9003b,21fe69d6-d45b-4246-8e7a-d1da8a71eb91,npu-d050-r001,npu-d050,1,1,2,NPU,,50,cpu_not_applicable,,,,,,,49.994170267946345,1345364945000000,170.111763407,109.540228524,cooling,49.537913172,33.1,31.8,32.7,33.3,0,105000000,ok
80cfc810-5998-4d88-abef-2946fea9003b,21fe69d6-d45b-4246-8e7a-d1da8a71eb91,npu-d050-r001,npu-d050,1,1,2,NPU,,50,cpu_not_applicable,,,,,,,49.994170267946345,1345365920000000,171.086763407,110.515228524,cooling,50.512913172,33.1,31.8,32.7,33.3,0,90000000,ok
80cfc810-5998-4d88-abef-2946fea9003b,21fe69d6-d45b-4246-8e7a-d1da8a71eb91,npu-d050-r001,npu-d050,1,1,2,NPU,,50,cpu_not_applicable,,,,,,,49.994170267946345,1345366885000000,172.051763407,111.480228524,cooling,51.477913172,33.1,31.8,32.7,33.3,0,95000000,ok
80cfc810-5998-4d88-abef-2946fea9003b,21fe69d6-d45b-4246-8e7a-d1da8a71eb91,npu-d050-r001,npu-d050,1,1,2,NPU,,50,cpu_not_applicable,,,,,,,49.994170267946345,1345367880000000,173.046763407,112.475228524,cooling,52.472913172,33.1,31.8,32.7,33.3,0,100000000,ok
80cfc810-5998-4d88-abef-2946fea9003b,21fe69d6-d45b-4246-8e7a-d1da8a71eb91,npu-d050-r001,npu-d050,1,1,2,NPU,,50,cpu_not_applicable,,,,,,,49.994170267946345,1345368940000000,174.106763407,113.535228524,cooling,53.532913172,33.0,31.7,32.6,33.3,0,100000000,ok
80cfc810-5998-4d88-abef-2946fea9003b,21fe69d6-d45b-4246-8e7a-d1da8a71eb91,npu-d050-r001,npu-d050,1,1,2,NPU,,50,cpu_not_applicable,,,,,,,49.994170267946345,1345369855000000,175.021763407,114.450228524,cooling,54.447913172,33.0,31.7,32.6,33.3,0,85000000,ok
80cfc810-5998-4d88-abef-2946fea9003b,21fe69d6-d45b-4246-8e7a-d1da8a71eb91,npu-d050-r001,npu-d050,1,1,2,NPU,,50,cpu_not_applicable,,,,,,,49.994170267946345,1345370950000000,176.116763407,115.545228524,cooling,55.542913172,33.0,31.7,32.6,33.3,0,90000000,ok
80cfc810-5998-4d88-abef-2946fea9003b,21fe69d6-d45b-4246-8e7a-d1da8a71eb91,npu-d050-r001,npu-d050,1,1,2,NPU,,50,cpu_not_applicable,,,,,,,49.994170267946345,1345372015000000,177.181763407,116.610228524,cooling,56.607913172,33.0,31.7,32.6,33.3,0,105000000,ok
80cfc810-5998-4d88-abef-2946fea9003b,21fe69d6-d45b-4246-8e7a-d1da8a71eb91,npu-d050-r001,npu-d050,1,1,2,NPU,,50,cpu_not_applicable,,,,,,,49.994170267946345,1345372990000000,178.156763407,117.585228524,cooling,57.582913172,33.0,31.7,32.6,33.3,0,90000000,ok
80cfc810-5998-4d88-abef-2946fea9003b,21fe69d6-d45b-4246-8e7a-d1da8a71eb91,npu-d050-r001,npu-d050,1,1,2,NPU,,50,cpu_not_applicable,,,,,,,49.994170267946345,1345373920000000,179.086763407,118.515228524,cooling,58.512913172,33.0,31.7,32.6,33.3,0,90000000,ok
80cfc810-5998-4d88-abef-2946fea9003b,21fe69d6-d45b-4246-8e7a-d1da8a71eb91,npu-d050-r001,npu-d050,1,1,2,NPU,,50,cpu_not_applicable,,,,,,,49.994170267946345,1345374945000000,180.111763407,119.540228524,cooling,59.537913172,33.0,31.7,32.6,33.3,0,95000000,ok
80cfc810-5998-4d88-abef-2946fea9003b,21fe69d6-d45b-4246-8e7a-d1da8a71eb91,npu-d050-r001,npu-d050,1,1,2,NPU,,50,cpu_not_applicable,,,,,,,49.994170267946345,1345375950000000,181.116763407,120.545228524,cooling,60.542913172,33.0,31.7,32.6,33.3,0,90000000,ok
80cfc810-5998-4d88-abef-2946fea9003b,21fe69d6-d45b-4246-8e7a-d1da8a71eb91,npu-d050-r001,npu-d050,1,1,2,NPU,,50,cpu_not_applicable,,,,,,,49.994170267946345,1345376995000000,182.161763407,121.590228524,cooling,61.587913172,33.0,31.7,32.6,33.3,0,105000000,ok
80cfc810-5998-4d88-abef-2946fea9003b,21fe69d6-d45b-4246-8e7a-d1da8a71eb91,npu-d050-r001,npu-d050,1,1,2,NPU,,50,cpu_not_applicable,,,,,,,49.994170267946345,1345377935000000,183.101763407,122.530228524,cooling,62.527913172,33.0,31.7,32.6,33.3,0,95000000,ok
80cfc810-5998-4d88-abef-2946fea9003b,21fe69d6-d45b-4246-8e7a-d1da8a71eb91,npu-d050-r001,npu-d050,1,1,2,NPU,,50,cpu_not_applicable,,,,,,,49.994170267946345,1345378975000000,184.141763407,123.570228524,cooling,63.567913172,32.8,31.6,32.4,33.2,0,85000000,ok
80cfc810-5998-4d88-abef-2946fea9003b,21fe69d6-d45b-4246-8e7a-d1da8a71eb91,npu-d050-r001,npu-d050,1,1,2,NPU,,50,cpu_not_applicable,,,,,,,49.994170267946345,1345379950000000,185.116763407,124.545228524,cooling,64.542913172,32.8,31.6,32.4,33.2,0,90000000,ok
80cfc810-5998-4d88-abef-2946fea9003b,21fe69d6-d45b-4246-8e7a-d1da8a71eb91,npu-d050-r001,npu-d050,1,1,2,NPU,,50,cpu_not_applicable,,,,,,,49.994170267946345,1345380985000000,186.151763407,125.580228524,cooling,65.577913172,32.8,31.6,32.4,33.2,0,95000000,ok
80cfc810-5998-4d88-abef-2946fea9003b,21fe69d6-d45b-4246-8e7a-d1da8a71eb91,npu-d050-r001,npu-d050,1,1,2,NPU,,50,cpu_not_applicable,,,,,,,49.994170267946345,1345381990000000,187.156763407,126.585228524,cooling,66.582913172,32.8,31.6,32.4,33.2,0,100000000,ok
80cfc810-5998-4d88-abef-2946fea9003b,21fe69d6-d45b-4246-8e7a-d1da8a71eb91,npu-d050-r001,npu-d050,1,1,2,NPU,,50,cpu_not_applicable,,,,,,,49.994170267946345,1345382980000000,188.146763407,127.575228524,cooling,67.572913172,32.8,31.6,32.4,33.2,0,100000000,ok
80cfc810-5998-4d88-abef-2946fea9003b,21fe69d6-d45b-4246-8e7a-d1da8a71eb91,npu-d050-r001,npu-d050,1,1,2,NPU,,50,cpu_not_applicable,,,,,,,49.994170267946345,1345383950000000,189.116763407,128.545228524,cooling,68.542913172,32.8,31.6,32.4,33.2,0,90000000,ok
80cfc810-5998-4d88-abef-2946fea9003b,21fe69d6-d45b-4246-8e7a-d1da8a71eb91,npu-d050-r001,npu-d050,1,1,2,NPU,,50,cpu_not_applicable,,,,,,,49.994170267946345,1345384965000000,190.131763407,129.560228524,cooling,69.557913172,32.8,31.6,32.4,33.2,0,105000000,ok
80cfc810-5998-4d88-abef-2946fea9003b,21fe69d6-d45b-4246-8e7a-d1da8a71eb91,npu-d050-r001,npu-d050,1,1,2,NPU,,50,cpu_not_applicable,,,,,,,49.994170267946345,1345385975000000,191.141763407,130.570228524,cooling,70.567913172,32.8,31.6,32.4,33.2,0,95000000,ok
80cfc810-5998-4d88-abef-2946fea9003b,21fe69d6-d45b-4246-8e7a-d1da8a71eb91,npu-d050-r001,npu-d050,1,1,2,NPU,,50,cpu_not_applicable,,,,,,,49.994170267946345,1345386985000000,192.151763407,131.580228524,cooling,71.577913172,32.8,31.6,32.4,33.2,0,95000000,ok
80cfc810-5998-4d88-abef-2946fea9003b,21fe69d6-d45b-4246-8e7a-d1da8a71eb91,npu-d050-r001,npu-d050,1,1,2,NPU,,50,cpu_not_applicable,,,,,,,49.994170267946345,1345387940000000,193.106763407,132.535228524,cooling,72.532913172,32.8,31.6,32.4,33.2,0,90000000,ok
80cfc810-5998-4d88-abef-2946fea9003b,21fe69d6-d45b-4246-8e7a-d1da8a71eb91,npu-d050-r001,npu-d050,1,1,2,NPU,,50,cpu_not_applicable,,,,,,,49.994170267946345,1345388955000000,194.121763407,133.550228524,cooling,73.547913172,32.7,31.5,32.3,33.1,0,95000000,ok
80cfc810-5998-4d88-abef-2946fea9003b,21fe69d6-d45b-4246-8e7a-d1da8a71eb91,npu-d050-r001,npu-d050,1,1,2,NPU,,50,cpu_not_applicable,,,,,,,49.994170267946345,1345390010000000,195.176763407,134.605228524,cooling,74.602913172,32.7,31.5,32.3,33.1,0,100000000,ok
80cfc810-5998-4d88-abef-2946fea9003b,21fe69d6-d45b-4246-8e7a-d1da8a71eb91,npu-d050-r001,npu-d050,1,1,2,NPU,,50,cpu_not_applicable,,,,,,,49.994170267946345,1345390970000000,196.136763407,135.565228524,cooling,75.562913172,32.7,31.5,32.3,33.1,0,90000000,ok
80cfc810-5998-4d88-abef-2946fea9003b,21fe69d6-d45b-4246-8e7a-d1da8a71eb91,npu-d050-r001,npu-d050,1,1,2,NPU,,50,cpu_not_applicable,,,,,,,49.994170267946345,1345391920000000,197.086763407,136.515228524,cooling,76.512913172,32.7,31.5,32.3,33.1,0,100000000,ok
80cfc810-5998-4d88-abef-2946fea9003b,21fe69d6-d45b-4246-8e7a-d1da8a71eb91,npu-d050-r001,npu-d050,1,1,2,NPU,,50,cpu_not_applicable,,,,,,,49.994170267946345,1345393065000000,198.231763407,137.660228524,cooling,77.657913172,32.7,31.5,32.3,33.1,0,195000000,ok
80cfc810-5998-4d88-abef-2946fea9003b,21fe69d6-d45b-4246-8e7a-d1da8a71eb91,npu-d050-r001,npu-d050,1,1,2,NPU,,50,cpu_not_applicable,,,,,,,49.994170267946345,1345393960000000,199.126763407,138.555228524,cooling,78.552913172,32.7,31.5,32.3,33.1,0,100000000,ok
80cfc810-5998-4d88-abef-2946fea9003b,21fe69d6-d45b-4246-8e7a-d1da8a71eb91,npu-d050-r001,npu-d050,1,1,2,NPU,,50,cpu_not_applicable,,,,,,,49.994170267946345,1345394945000000,200.111763407,139.540228524,cooling,79.537913172,32.7,31.5,32.3,33.1,0,125000000,ok
80cfc810-5998-4d88-abef-2946fea9003b,21fe69d6-d45b-4246-8e7a-d1da8a71eb91,npu-d050-r001,npu-d050,1,1,2,NPU,,50,cpu_not_applicable,,,,,,,49.994170267946345,1345395945000000,201.111763407,140.540228524,cooling,80.537913172,32.7,31.5,32.3,33.1,0,125000000,ok
80cfc810-5998-4d88-abef-2946fea9003b,21fe69d6-d45b-4246-8e7a-d1da8a71eb91,npu-d050-r001,npu-d050,1,1,2,NPU,,50,cpu_not_applicable,,,,,,,49.994170267946345,1345397025000000,202.191763407,141.620228524,cooling,81.617913172,32.7,31.5,32.3,33.1,0,135000000,ok
80cfc810-5998-4d88-abef-2946fea9003b,21fe69d6-d45b-4246-8e7a-d1da8a71eb91,npu-d050-r001,npu-d050,1,1,2,NPU,,50,cpu_not_applicable,,,,,,,49.994170267946345,1345397970000000,203.136763407,142.565228524,cooling,82.562913172,32.7,31.5,32.3,33.1,0,90000000,ok
80cfc810-5998-4d88-abef-2946fea9003b,21fe69d6-d45b-4246-8e7a-d1da8a71eb91,npu-d050-r001,npu-d050,1,1,2,NPU,,50,cpu_not_applicable,,,,,,,49.994170267946345,1345398950000000,204.116763407,143.545228524,cooling,83.542913172,33.0,31.4,32.5,33.1,0,80000000,ok
80cfc810-5998-4d88-abef-2946fea9003b,21fe69d6-d45b-4246-8e7a-d1da8a71eb91,npu-d050-r001,npu-d050,1,1,2,NPU,,50,cpu_not_applicable,,,,,,,49.994170267946345,1345400080000000,205.246763407,144.675228524,cooling,84.672913172,33.0,31.4,32.5,33.1,0,140000000,ok
80cfc810-5998-4d88-abef-2946fea9003b,21fe69d6-d45b-4246-8e7a-d1da8a71eb91,npu-d050-r001,npu-d050,1,1,2,NPU,,50,cpu_not_applicable,,,,,,,49.994170267946345,1345400980000000,206.146763407,145.575228524,cooling,85.572913172,33.0,31.4,32.5,33.1,0,90000000,ok
80cfc810-5998-4d88-abef-2946fea9003b,21fe69d6-d45b-4246-8e7a-d1da8a71eb91,npu-d050-r001,npu-d050,1,1,2,NPU,,50,cpu_not_applicable,,,,,,,49.994170267946345,1345402105000000,207.271763407,146.700228524,cooling,86.697913172,33.0,31.4,32.5,33.1,0,115000000,ok
80cfc810-5998-4d88-abef-2946fea9003b,21fe69d6-d45b-4246-8e7a-d1da8a71eb91,npu-d050-r001,npu-d050,1,1,2,NPU,,50,cpu_not_applicable,,,,,,,49.994170267946345,1345402985000000,208.151763407,147.580228524,cooling,87.577913172,33.0,31.4,32.5,33.1,0,95000000,ok
80cfc810-5998-4d88-abef-2946fea9003b,21fe69d6-d45b-4246-8e7a-d1da8a71eb91,npu-d050-r001,npu-d050,1,1,2,NPU,,50,cpu_not_applicable,,,,,,,49.994170267946345,1345403970000000,209.136763407,148.565228524,cooling,88.562913172,33.0,31.4,32.5,33.1,0,90000000,ok
80cfc810-5998-4d88-abef-2946fea9003b,21fe69d6-d45b-4246-8e7a-d1da8a71eb91,npu-d050-r001,npu-d050,1,1,2,NPU,,50,cpu_not_applicable,,,,,,,49.994170267946345,1345404990000000,210.156763407,149.585228524,cooling,89.582913172,33.0,31.4,32.5,33.1,0,100000000,ok
80cfc810-5998-4d88-abef-2946fea9003b,21fe69d6-d45b-4246-8e7a-d1da8a71eb91,npu-d050-r001,npu-d050,1,1,2,NPU,,50,cpu_not_applicable,,,,,,,49.994170267946345,1345406020000000,211.186763407,150.615228524,cooling,90.612913172,33.0,31.4,32.5,33.1,0,100000000,ok
80cfc810-5998-4d88-abef-2946fea9003b,21fe69d6-d45b-4246-8e7a-d1da8a71eb91,npu-d050-r001,npu-d050,1,1,2,NPU,,50,cpu_not_applicable,,,,,,,49.994170267946345,1345406980000000,212.146763407,151.575228524,cooling,91.572913172,33.0,31.4,32.5,33.1,0,90000000,ok
80cfc810-5998-4d88-abef-2946fea9003b,21fe69d6-d45b-4246-8e7a-d1da8a71eb91,npu-d050-r001,npu-d050,1,1,2,NPU,,50,cpu_not_applicable,,,,,,,49.994170267946345,1345407990000000,213.156763407,152.585228524,cooling,92.582913172,33.0,31.4,32.5,33.1,0,100000000,ok
80cfc810-5998-4d88-abef-2946fea9003b,21fe69d6-d45b-4246-8e7a-d1da8a71eb91,npu-d050-r001,npu-d050,1,1,2,NPU,,50,cpu_not_applicable,,,,,,,49.994170267946345,1345408985000000,214.151763407,153.580228524,cooling,93.577913172,32.6,31.4,32.2,33.0,0,95000000,ok
80cfc810-5998-4d88-abef-2946fea9003b,21fe69d6-d45b-4246-8e7a-d1da8a71eb91,npu-d050-r001,npu-d050,1,1,2,NPU,,50,cpu_not_applicable,,,,,,,49.994170267946345,1345410030000000,215.196763407,154.625228524,cooling,94.622913172,32.6,31.4,32.2,33.0,0,100000000,ok
80cfc810-5998-4d88-abef-2946fea9003b,21fe69d6-d45b-4246-8e7a-d1da8a71eb91,npu-d050-r001,npu-d050,1,1,2,NPU,,50,cpu_not_applicable,,,,,,,49.994170267946345,1345411010000000,216.176763407,155.605228524,cooling,95.602913172,32.6,31.4,32.2,33.0,0,90000000,ok
80cfc810-5998-4d88-abef-2946fea9003b,21fe69d6-d45b-4246-8e7a-d1da8a71eb91,npu-d050-r001,npu-d050,1,1,2,NPU,,50,cpu_not_applicable,,,,,,,49.994170267946345,1345412015000000,217.181763407,156.610228524,cooling,96.607913172,32.6,31.4,32.2,33.0,0,95000000,ok
80cfc810-5998-4d88-abef-2946fea9003b,21fe69d6-d45b-4246-8e7a-d1da8a71eb91,npu-d050-r001,npu-d050,1,1,2,NPU,,50,cpu_not_applicable,,,,,,,49.994170267946345,1345413055000000,218.221763407,157.650228524,cooling,97.647913172,32.6,31.4,32.2,33.0,0,95000000,ok
80cfc810-5998-4d88-abef-2946fea9003b,21fe69d6-d45b-4246-8e7a-d1da8a71eb91,npu-d050-r001,npu-d050,1,1,2,NPU,,50,cpu_not_applicable,,,,,,,49.994170267946345,1345414020000000,219.186763407,158.615228524,cooling,98.612913172,32.6,31.4,32.2,33.0,0,90000000,ok
80cfc810-5998-4d88-abef-2946fea9003b,21fe69d6-d45b-4246-8e7a-d1da8a71eb91,npu-d050-r001,npu-d050,1,1,2,NPU,,50,cpu_not_applicable,,,,,,,49.994170267946345,1345415025000000,220.191763407,159.620228524,cooling,99.617913172,32.6,31.4,32.2,33.0,0,105000000,ok
80cfc810-5998-4d88-abef-2946fea9003b,21fe69d6-d45b-4246-8e7a-d1da8a71eb91,npu-d050-r001,npu-d050,1,1,2,NPU,,50,cpu_not_applicable,,,,,,,49.994170267946345,1345416010000000,221.176763407,160.605228524,cooling,100.602913172,32.6,31.4,32.2,33.0,0,90000000,ok
80cfc810-5998-4d88-abef-2946fea9003b,21fe69d6-d45b-4246-8e7a-d1da8a71eb91,npu-d050-r001,npu-d050,1,1,2,NPU,,50,cpu_not_applicable,,,,,,,49.994170267946345,1345417025000000,222.191763407,161.620228524,cooling,101.617913172,32.6,31.4,32.2,33.0,0,105000000,ok
80cfc810-5998-4d88-abef-2946fea9003b,21fe69d6-d45b-4246-8e7a-d1da8a71eb91,npu-d050-r001,npu-d050,1,1,2,NPU,,50,cpu_not_applicable,,,,,,,49.994170267946345,1345418010000000,223.176763407,162.605228524,cooling,102.602913172,32.6,31.4,32.2,33.0,0,100000000,ok
80cfc810-5998-4d88-abef-2946fea9003b,21fe69d6-d45b-4246-8e7a-d1da8a71eb91,npu-d050-r001,npu-d050,1,1,2,NPU,,50,cpu_not_applicable,,,,,,,49.994170267946345,1345418995000000,224.161763407,163.590228524,cooling,103.587913172,32.5,31.4,32.1,33.0,0,95000000,ok
80cfc810-5998-4d88-abef-2946fea9003b,21fe69d6-d45b-4246-8e7a-d1da8a71eb91,npu-d050-r001,npu-d050,1,1,2,NPU,,50,cpu_not_applicable,,,,,,,49.994170267946345,1345420030000000,225.196763407,164.625228524,cooling,104.622913172,32.5,31.4,32.1,33.0,0,100000000,ok
80cfc810-5998-4d88-abef-2946fea9003b,21fe69d6-d45b-4246-8e7a-d1da8a71eb91,npu-d050-r001,npu-d050,1,1,2,NPU,,50,cpu_not_applicable,,,,,,,49.994170267946345,1345421050000000,226.216763407,165.645228524,cooling,105.642913172,32.5,31.4,32.1,33.0,0,100000000,ok
80cfc810-5998-4d88-abef-2946fea9003b,21fe69d6-d45b-4246-8e7a-d1da8a71eb91,npu-d050-r001,npu-d050,1,1,2,NPU,,50,cpu_not_applicable,,,,,,,49.994170267946345,1345422015000000,227.181763407,166.610228524,cooling,106.607913172,32.5,31.4,32.1,33.0,0,105000000,ok
80cfc810-5998-4d88-abef-2946fea9003b,21fe69d6-d45b-4246-8e7a-d1da8a71eb91,npu-d050-r001,npu-d050,1,1,2,NPU,,50,cpu_not_applicable,,,,,,,49.994170267946345,1345423005000000,228.171763407,167.600228524,cooling,107.597913172,32.5,31.4,32.1,33.0,0,95000000,ok
80cfc810-5998-4d88-abef-2946fea9003b,21fe69d6-d45b-4246-8e7a-d1da8a71eb91,npu-d050-r001,npu-d050,1,1,2,NPU,,50,cpu_not_applicable,,,,,,,49.994170267946345,1345423985000000,229.151763407,168.580228524,cooling,108.577913172,32.5,31.4,32.1,33.0,0,95000000,ok
80cfc810-5998-4d88-abef-2946fea9003b,21fe69d6-d45b-4246-8e7a-d1da8a71eb91,npu-d050-r001,npu-d050,1,1,2,NPU,,50,cpu_not_applicable,,,,,,,49.994170267946345,1345424995000000,230.161763407,169.590228524,cooling,109.587913172,32.5,31.4,32.1,33.0,0,85000000,ok
80cfc810-5998-4d88-abef-2946fea9003b,21fe69d6-d45b-4246-8e7a-d1da8a71eb91,npu-d050-r001,npu-d050,1,1,2,NPU,,50,cpu_not_applicable,,,,,,,49.994170267946345,1345426005000000,231.171763407,170.600228524,cooling,110.597913172,32.5,31.4,32.1,33.0,0,95000000,ok
80cfc810-5998-4d88-abef-2946fea9003b,21fe69d6-d45b-4246-8e7a-d1da8a71eb91,npu-d050-r001,npu-d050,1,1,2,NPU,,50,cpu_not_applicable,,,,,,,49.994170267946345,1345427015000000,232.181763407,171.610228524,cooling,111.607913172,32.5,31.4,32.1,33.0,0,95000000,ok
80cfc810-5998-4d88-abef-2946fea9003b,21fe69d6-d45b-4246-8e7a-d1da8a71eb91,npu-d050-r001,npu-d050,1,1,2,NPU,,50,cpu_not_applicable,,,,,,,49.994170267946345,1345428030000000,233.196763407,172.625228524,cooling,112.622913172,32.5,31.4,32.1,33.0,0,110000000,ok
80cfc810-5998-4d88-abef-2946fea9003b,21fe69d6-d45b-4246-8e7a-d1da8a71eb91,npu-d050-r001,npu-d050,1,1,2,NPU,,50,cpu_not_applicable,,,,,,,49.994170267946345,1345429010000000,234.176763407,173.605228524,cooling,113.602913172,32.4,31.3,31.9,32.8,0,90000000,ok
80cfc810-5998-4d88-abef-2946fea9003b,21fe69d6-d45b-4246-8e7a-d1da8a71eb91,npu-d050-r001,npu-d050,1,1,2,NPU,,50,cpu_not_applicable,,,,,,,49.994170267946345,1345430000000000,235.166763407,174.595228524,cooling,114.592913172,32.4,31.3,31.9,32.8,0,90000000,ok
80cfc810-5998-4d88-abef-2946fea9003b,21fe69d6-d45b-4246-8e7a-d1da8a71eb91,npu-d050-r001,npu-d050,1,1,2,NPU,,50,cpu_not_applicable,,,,,,,49.994170267946345,1345431025000000,236.191763407,175.620228524,cooling,115.617913172,32.4,31.3,31.9,32.8,0,105000000,ok
80cfc810-5998-4d88-abef-2946fea9003b,21fe69d6-d45b-4246-8e7a-d1da8a71eb91,npu-d050-r001,npu-d050,1,1,2,NPU,,50,cpu_not_applicable,,,,,,,49.994170267946345,1345432075000000,237.241763407,176.670228524,cooling,116.667913172,32.4,31.3,31.9,32.8,0,95000000,ok
80cfc810-5998-4d88-abef-2946fea9003b,21fe69d6-d45b-4246-8e7a-d1da8a71eb91,npu-d050-r001,npu-d050,1,1,2,NPU,,50,cpu_not_applicable,,,,,,,49.994170267946345,1345433040000000,238.206763407,177.635228524,cooling,117.632913172,32.4,31.3,31.9,32.8,0,110000000,ok
80cfc810-5998-4d88-abef-2946fea9003b,21fe69d6-d45b-4246-8e7a-d1da8a71eb91,npu-d050-r001,npu-d050,1,1,2,NPU,,50,cpu_not_applicable,,,,,,,49.994170267946345,1345434045000000,239.211763407,178.640228524,cooling,118.637913172,32.4,31.3,31.9,32.8,0,105000000,ok
80cfc810-5998-4d88-abef-2946fea9003b,21fe69d6-d45b-4246-8e7a-d1da8a71eb91,npu-d050-r001,npu-d050,1,1,2,NPU,,50,cpu_not_applicable,,,,,,,49.994170267946345,1345435045000000,240.211763407,179.640228524,cooling,119.637913172,32.4,31.3,31.9,32.8,0,95000000,ok
80cfc810-5998-4d88-abef-2946fea9003b,21fe69d6-d45b-4246-8e7a-d1da8a71eb91,npu-d050-r001,npu-d050,1,1,2,NPU,,50,cpu_not_applicable,,,,,,,49.994170267946345,1345436070000000,241.236763407,180.665228524,cooling,120.662913172,32.4,31.3,31.9,32.8,0,90000000,ok
80cfc810-5998-4d88-abef-2946fea9003b,21fe69d6-d45b-4246-8e7a-d1da8a71eb91,npu-d050-r001,npu-d050,1,1,2,NPU,,50,cpu_not_applicable,,,,,,,49.994170267946345,1345437100000000,242.266763407,181.695228524,cooling,121.692913172,32.4,31.3,31.9,32.8,0,100000000,ok
80cfc810-5998-4d88-abef-2946fea9003b,21fe69d6-d45b-4246-8e7a-d1da8a71eb91,npu-d050-r001,npu-d050,1,1,2,NPU,,50,cpu_not_applicable,,,,,,,49.994170267946345,1345438080000000,243.246763407,182.675228524,cooling,122.672913172,32.4,31.3,31.9,32.8,0,100000000,ok
80cfc810-5998-4d88-abef-2946fea9003b,21fe69d6-d45b-4246-8e7a-d1da8a71eb91,npu-d050-r001,npu-d050,1,1,2,NPU,,50,cpu_not_applicable,,,,,,,49.994170267946345,1345439090000000,244.256763407,183.685228524,cooling,123.682913172,32.3,31.2,31.9,32.8,0,90000000,ok
80cfc810-5998-4d88-abef-2946fea9003b,21fe69d6-d45b-4246-8e7a-d1da8a71eb91,npu-d050-r001,npu-d050,1,1,2,NPU,,50,cpu_not_applicable,,,,,,,49.994170267946345,1345440090000000,245.256763407,184.685228524,cooling,124.682913172,32.3,31.2,31.9,32.8,0,100000000,ok
80cfc810-5998-4d88-abef-2946fea9003b,21fe69d6-d45b-4246-8e7a-d1da8a71eb91,npu-d050-r001,npu-d050,1,1,2,NPU,,50,cpu_not_applicable,,,,,,,49.994170267946345,1345441090000000,246.256763407,185.685228524,cooling,125.682913172,32.3,31.2,31.9,32.8,0,90000000,ok
80cfc810-5998-4d88-abef-2946fea9003b,21fe69d6-d45b-4246-8e7a-d1da8a71eb91,npu-d050-r001,npu-d050,1,1,2,NPU,,50,cpu_not_applicable,,,,,,,49.994170267946345,1345442115000000,247.281763407,186.710228524,cooling,126.707913172,32.3,31.2,31.9,32.8,0,95000000,ok
80cfc810-5998-4d88-abef-2946fea9003b,21fe69d6-d45b-4246-8e7a-d1da8a71eb91,npu-d050-r001,npu-d050,1,1,2,NPU,,50,cpu_not_applicable,,,,,,,49.994170267946345,1345443105000000,248.271763407,187.700228524,cooling,127.697913172,32.3,31.2,31.9,32.8,0,105000000,ok
80cfc810-5998-4d88-abef-2946fea9003b,21fe69d6-d45b-4246-8e7a-d1da8a71eb91,npu-d050-r001,npu-d050,1,1,2,NPU,,50,cpu_not_applicable,,,,,,,49.994170267946345,1345444110000000,249.276763407,188.705228524,cooling,128.702913172,32.3,31.2,31.9,32.8,0,90000000,ok
80cfc810-5998-4d88-abef-2946fea9003b,21fe69d6-d45b-4246-8e7a-d1da8a71eb91,npu-d050-r001,npu-d050,1,1,2,NPU,,50,cpu_not_applicable,,,,,,,49.994170267946345,1345445080000000,250.246763407,189.675228524,cooling,129.672913172,32.3,31.2,31.9,32.8,0,80000000,ok
80cfc810-5998-4d88-abef-2946fea9003b,21fe69d6-d45b-4246-8e7a-d1da8a71eb91,npu-d050-r001,npu-d050,1,1,2,NPU,,50,cpu_not_applicable,,,,,,,49.994170267946345,1345446170000000,251.336763407,190.765228524,cooling,130.762913172,32.3,31.2,31.9,32.8,0,90000000,ok
80cfc810-5998-4d88-abef-2946fea9003b,21fe69d6-d45b-4246-8e7a-d1da8a71eb91,npu-d050-r001,npu-d050,1,1,2,NPU,,50,cpu_not_applicable,,,,,,,49.994170267946345,1345447125000000,252.291763407,191.720228524,cooling,131.717913172,32.3,31.2,31.9,32.8,0,105000000,ok
80cfc810-5998-4d88-abef-2946fea9003b,21fe69d6-d45b-4246-8e7a-d1da8a71eb91,npu-d050-r001,npu-d050,1,1,2,NPU,,50,cpu_not_applicable,,,,,,,49.994170267946345,1345448085000000,253.251763407,192.680228524,cooling,132.677913172,32.3,31.2,31.9,32.8,0,85000000,ok
80cfc810-5998-4d88-abef-2946fea9003b,21fe69d6-d45b-4246-8e7a-d1da8a71eb91,npu-d050-r001,npu-d050,1,1,2,NPU,,50,cpu_not_applicable,,,,,,,49.994170267946345,1345449125000000,254.291763407,193.720228524,cooling,133.717913172,32.3,31.2,31.8,32.8,0,95000000,ok
80cfc810-5998-4d88-abef-2946fea9003b,21fe69d6-d45b-4246-8e7a-d1da8a71eb91,npu-d050-r001,npu-d050,1,1,2,NPU,,50,cpu_not_applicable,,,,,,,49.994170267946345,1345450120000000,255.286763407,194.715228524,cooling,134.712913172,32.3,31.2,31.8,32.8,0,90000000,ok
80cfc810-5998-4d88-abef-2946fea9003b,21fe69d6-d45b-4246-8e7a-d1da8a71eb91,npu-d050-r001,npu-d050,1,1,2,NPU,,50,cpu_not_applicable,,,,,,,49.994170267946345,1345451255000000,256.421763407,195.850228524,cooling,135.847913172,32.3,31.2,31.8,32.8,0,125000000,ok
80cfc810-5998-4d88-abef-2946fea9003b,21fe69d6-d45b-4246-8e7a-d1da8a71eb91,npu-d050-r001,npu-d050,1,1,2,NPU,,50,cpu_not_applicable,,,,,,,49.994170267946345,1345452135000000,257.301763407,196.730228524,cooling,136.727913172,32.3,31.2,31.8,32.8,0,95000000,ok
80cfc810-5998-4d88-abef-2946fea9003b,21fe69d6-d45b-4246-8e7a-d1da8a71eb91,npu-d050-r001,npu-d050,1,1,2,NPU,,50,cpu_not_applicable,,,,,,,49.994170267946345,1345453175000000,258.341763407,197.770228524,cooling,137.767913172,32.3,31.2,31.8,32.8,0,95000000,ok
80cfc810-5998-4d88-abef-2946fea9003b,21fe69d6-d45b-4246-8e7a-d1da8a71eb91,npu-d050-r001,npu-d050,1,1,2,NPU,,50,cpu_not_applicable,,,,,,,49.994170267946345,1345454195000000,259.361763407,198.790228524,cooling,138.787913172,32.3,31.2,31.8,32.8,0,85000000,ok
80cfc810-5998-4d88-abef-2946fea9003b,21fe69d6-d45b-4246-8e7a-d1da8a71eb91,npu-d050-r001,npu-d050,1,1,2,NPU,,50,cpu_not_applicable,,,,,,,49.994170267946345,1345455175000000,260.341763407,199.770228524,cooling,139.767913172,32.3,31.2,31.8,32.8,0,105000000,ok
80cfc810-5998-4d88-abef-2946fea9003b,21fe69d6-d45b-4246-8e7a-d1da8a71eb91,npu-d050-r001,npu-d050,1,1,2,NPU,,50,cpu_not_applicable,,,,,,,49.994170267946345,1345456135000000,261.301763407,200.730228524,cooling,140.727913172,32.3,31.2,31.8,32.8,0,85000000,ok
80cfc810-5998-4d88-abef-2946fea9003b,21fe69d6-d45b-4246-8e7a-d1da8a71eb91,npu-d050-r001,npu-d050,1,1,2,NPU,,50,cpu_not_applicable,,,,,,,49.994170267946345,1345457200000000,262.366763407,201.795228524,cooling,141.792913172,32.3,31.2,31.8,32.8,0,100000000,ok
80cfc810-5998-4d88-abef-2946fea9003b,21fe69d6-d45b-4246-8e7a-d1da8a71eb91,npu-d050-r001,npu-d050,1,1,2,NPU,,50,cpu_not_applicable,,,,,,,49.994170267946345,1345458185000000,263.351763407,202.780228524,cooling,142.777913172,32.4,31.2,31.8,32.8,0,95000000,ok
80cfc810-5998-4d88-abef-2946fea9003b,21fe69d6-d45b-4246-8e7a-d1da8a71eb91,npu-d050-r001,npu-d050,1,1,2,NPU,,50,cpu_not_applicable,,,,,,,49.994170267946345,1345459235000000,264.401763407,203.830228524,cooling,143.827913172,32.4,31.2,31.8,32.8,0,115000000,ok
80cfc810-5998-4d88-abef-2946fea9003b,21fe69d6-d45b-4246-8e7a-d1da8a71eb91,npu-d050-r001,npu-d050,1,1,2,NPU,,50,cpu_not_applicable,,,,,,,49.994170267946345,1345460205000000,265.371763407,204.800228524,cooling,144.797913172,32.4,31.2,31.8,32.8,0,105000000,ok
80cfc810-5998-4d88-abef-2946fea9003b,21fe69d6-d45b-4246-8e7a-d1da8a71eb91,npu-d050-r001,npu-d050,1,1,2,NPU,,50,cpu_not_applicable,,,,,,,49.994170267946345,1345461195000000,266.361763407,205.790228524,cooling,145.787913172,32.4,31.2,31.8,32.8,0,85000000,ok
80cfc810-5998-4d88-abef-2946fea9003b,21fe69d6-d45b-4246-8e7a-d1da8a71eb91,npu-d050-r001,npu-d050,1,1,2,NPU,,50,cpu_not_applicable,,,,,,,49.994170267946345,1345462215000000,267.381763407,206.810228524,cooling,146.807913172,32.4,31.2,31.8,32.8,0,105000000,ok
80cfc810-5998-4d88-abef-2946fea9003b,21fe69d6-d45b-4246-8e7a-d1da8a71eb91,npu-d050-r001,npu-d050,1,1,2,NPU,,50,cpu_not_applicable,,,,,,,49.994170267946345,1345463350000000,268.516763407,207.945228524,cooling,147.942913172,32.4,31.2,31.8,32.8,0,120000000,ok
80cfc810-5998-4d88-abef-2946fea9003b,21fe69d6-d45b-4246-8e7a-d1da8a71eb91,npu-d050-r001,npu-d050,1,1,2,NPU,,50,cpu_not_applicable,,,,,,,49.994170267946345,1345464370000000,269.536763407,208.965228524,cooling,148.962913172,32.4,31.2,31.8,32.8,0,130000000,ok
80cfc810-5998-4d88-abef-2946fea9003b,21fe69d6-d45b-4246-8e7a-d1da8a71eb91,npu-d050-r001,npu-d050,1,1,2,NPU,,50,cpu_not_applicable,,,,,,,49.994170267946345,1345465255000000,270.421763407,209.850228524,cooling,149.847913172,32.4,31.2,31.8,32.8,0,95000000,ok
80cfc810-5998-4d88-abef-2946fea9003b,21fe69d6-d45b-4246-8e7a-d1da8a71eb91,npu-d050-r001,npu-d050,1,1,2,NPU,,50,cpu_not_applicable,,,,,,,49.994170267946345,1345466275000000,271.441763407,210.870228524,cooling,150.867913172,32.4,31.2,31.8,32.8,0,95000000,ok
80cfc810-5998-4d88-abef-2946fea9003b,21fe69d6-d45b-4246-8e7a-d1da8a71eb91,npu-d050-r001,npu-d050,1,1,2,NPU,,50,cpu_not_applicable,,,,,,,49.994170267946345,1345467305000000,272.471763407,211.900228524,cooling,151.897913172,32.4,31.2,31.8,32.8,0,95000000,ok
80cfc810-5998-4d88-abef-2946fea9003b,21fe69d6-d45b-4246-8e7a-d1da8a71eb91,npu-d050-r001,npu-d050,1,1,2,NPU,,50,cpu_not_applicable,,,,,,,49.994170267946345,1345468330000000,273.496763407,212.925228524,cooling,152.922913172,32.3,31.1,31.8,32.8,0,100000000,ok
80cfc810-5998-4d88-abef-2946fea9003b,21fe69d6-d45b-4246-8e7a-d1da8a71eb91,npu-d050-r001,npu-d050,1,1,2,NPU,,50,cpu_not_applicable,,,,,,,49.994170267946345,1345469350000000,274.516763407,213.945228524,cooling,153.942913172,32.3,31.1,31.8,32.8,0,100000000,ok
80cfc810-5998-4d88-abef-2946fea9003b,21fe69d6-d45b-4246-8e7a-d1da8a71eb91,npu-d050-r001,npu-d050,1,1,2,NPU,,50,cpu_not_applicable,,,,,,,49.994170267946345,1345470255000000,275.421763407,214.850228524,cooling,154.847913172,32.3,31.1,31.8,32.8,0,95000000,ok
80cfc810-5998-4d88-abef-2946fea9003b,21fe69d6-d45b-4246-8e7a-d1da8a71eb91,npu-d050-r001,npu-d050,1,1,2,NPU,,50,cpu_not_applicable,,,,,,,49.994170267946345,1345471310000000,276.476763407,215.905228524,cooling,155.902913172,32.3,31.1,31.8,32.8,0,100000000,ok
80cfc810-5998-4d88-abef-2946fea9003b,21fe69d6-d45b-4246-8e7a-d1da8a71eb91,npu-d050-r001,npu-d050,1,1,2,NPU,,50,cpu_not_applicable,,,,,,,49.994170267946345,1345472320000000,277.486763407,216.915228524,cooling,156.912913172,32.3,31.1,31.8,32.8,0,100000000,ok
80cfc810-5998-4d88-abef-2946fea9003b,21fe69d6-d45b-4246-8e7a-d1da8a71eb91,npu-d050-r001,npu-d050,1,1,2,NPU,,50,cpu_not_applicable,,,,,,,49.994170267946345,1345473380000000,278.546763407,217.975228524,cooling,157.972913172,32.3,31.1,31.8,32.8,0,130000000,ok
80cfc810-5998-4d88-abef-2946fea9003b,21fe69d6-d45b-4246-8e7a-d1da8a71eb91,npu-d050-r001,npu-d050,1,1,2,NPU,,50,cpu_not_applicable,,,,,,,49.994170267946345,1345474420000000,279.586763407,219.015228524,cooling,159.012913172,32.3,31.1,31.8,32.8,0,140000000,ok
80cfc810-5998-4d88-abef-2946fea9003b,21fe69d6-d45b-4246-8e7a-d1da8a71eb91,npu-d050-r001,npu-d050,1,1,2,NPU,,50,cpu_not_applicable,,,,,,,49.994170267946345,1345475430000000,280.596763407,220.025228524,cooling,160.022913172,32.3,31.1,31.8,32.8,0,140000000,ok
80cfc810-5998-4d88-abef-2946fea9003b,21fe69d6-d45b-4246-8e7a-d1da8a71eb91,npu-d050-r001,npu-d050,1,1,2,NPU,,50,cpu_not_applicable,,,,,,,49.994170267946345,1345476315000000,281.481763407,220.910228524,cooling,160.907913172,32.3,31.1,31.8,32.8,0,95000000,ok
80cfc810-5998-4d88-abef-2946fea9003b,21fe69d6-d45b-4246-8e7a-d1da8a71eb91,npu-d050-r001,npu-d050,1,1,2,NPU,,50,cpu_not_applicable,,,,,,,49.994170267946345,1345477350000000,282.516763407,221.945228524,cooling,161.942913172,32.3,31.1,31.8,32.8,0,100000000,ok
80cfc810-5998-4d88-abef-2946fea9003b,21fe69d6-d45b-4246-8e7a-d1da8a71eb91,npu-d050-r001,npu-d050,1,1,2,NPU,,50,cpu_not_applicable,,,,,,,49.994170267946345,1345478370000000,283.536763407,222.965228524,cooling,162.962913172,32.3,31.1,31.7,32.8,0,100000000,ok
80cfc810-5998-4d88-abef-2946fea9003b,21fe69d6-d45b-4246-8e7a-d1da8a71eb91,npu-d050-r001,npu-d050,1,1,2,NPU,,50,cpu_not_applicable,,,,,,,49.994170267946345,1345479385000000,284.551763407,223.980228524,cooling,163.977913172,32.3,31.1,31.7,32.8,0,95000000,ok
80cfc810-5998-4d88-abef-2946fea9003b,21fe69d6-d45b-4246-8e7a-d1da8a71eb91,npu-d050-r001,npu-d050,1,1,2,NPU,,50,cpu_not_applicable,,,,,,,49.994170267946345,1345480430000000,285.596763407,225.025228524,cooling,165.022913172,32.3,31.1,31.7,32.8,0,110000000,ok
80cfc810-5998-4d88-abef-2946fea9003b,21fe69d6-d45b-4246-8e7a-d1da8a71eb91,npu-d050-r001,npu-d050,1,1,2,NPU,,50,cpu_not_applicable,,,,,,,49.994170267946345,1345481465000000,286.631763407,226.060228524,cooling,166.057913172,32.3,31.1,31.7,32.8,0,125000000,ok
80cfc810-5998-4d88-abef-2946fea9003b,21fe69d6-d45b-4246-8e7a-d1da8a71eb91,npu-d050-r001,npu-d050,1,1,2,NPU,,50,cpu_not_applicable,,,,,,,49.994170267946345,1345482365000000,287.531763407,226.960228524,cooling,166.957913172,32.3,31.1,31.7,32.8,0,95000000,ok
80cfc810-5998-4d88-abef-2946fea9003b,21fe69d6-d45b-4246-8e7a-d1da8a71eb91,npu-d050-r001,npu-d050,1,1,2,NPU,,50,cpu_not_applicable,,,,,,,49.994170267946345,1345483375000000,288.541763407,227.970228524,cooling,167.967913172,32.3,31.1,31.7,32.8,0,95000000,ok
80cfc810-5998-4d88-abef-2946fea9003b,21fe69d6-d45b-4246-8e7a-d1da8a71eb91,npu-d050-r001,npu-d050,1,1,2,NPU,,50,cpu_not_applicable,,,,,,,49.994170267946345,1345484450000000,289.616763407,229.045228524,cooling,169.042913172,32.3,31.1,31.7,32.8,0,130000000,ok
80cfc810-5998-4d88-abef-2946fea9003b,21fe69d6-d45b-4246-8e7a-d1da8a71eb91,npu-d050-r001,npu-d050,1,1,2,NPU,,50,cpu_not_applicable,,,,,,,49.994170267946345,1345485465000000,290.631763407,230.060228524,cooling,170.057913172,32.3,31.1,31.7,32.8,0,125000000,ok
80cfc810-5998-4d88-abef-2946fea9003b,21fe69d6-d45b-4246-8e7a-d1da8a71eb91,npu-d050-r001,npu-d050,1,1,2,NPU,,50,cpu_not_applicable,,,,,,,49.994170267946345,1345486360000000,291.526763407,230.955228524,cooling,170.952913172,32.3,31.1,31.7,32.8,0,100000000,ok
80cfc810-5998-4d88-abef-2946fea9003b,21fe69d6-d45b-4246-8e7a-d1da8a71eb91,npu-d050-r001,npu-d050,1,1,2,NPU,,50,cpu_not_applicable,,,,,,,49.994170267946345,1345487295000000,292.461763407,231.890228524,cooling,171.887913172,32.3,31.1,31.7,32.8,0,85000000,ok
80cfc810-5998-4d88-abef-2946fea9003b,21fe69d6-d45b-4246-8e7a-d1da8a71eb91,npu-d050-r001,npu-d050,1,1,2,NPU,,50,cpu_not_applicable,,,,,,,49.994170267946345,1345488415000000,293.581763407,233.010228524,cooling,173.007913172,32.2,31.1,31.7,32.8,0,95000000,ok
80cfc810-5998-4d88-abef-2946fea9003b,21fe69d6-d45b-4246-8e7a-d1da8a71eb91,npu-d050-r001,npu-d050,1,1,2,NPU,,50,cpu_not_applicable,,,,,,,49.994170267946345,1345489435000000,294.601763407,234.030228524,cooling,174.027913172,32.2,31.1,31.7,32.8,0,105000000,ok
80cfc810-5998-4d88-abef-2946fea9003b,21fe69d6-d45b-4246-8e7a-d1da8a71eb91,npu-d050-r001,npu-d050,1,1,2,NPU,,50,cpu_not_applicable,,,,,,,49.994170267946345,1345490455000000,295.621763407,235.050228524,cooling,175.047913172,32.2,31.1,31.7,32.8,0,105000000,ok
80cfc810-5998-4d88-abef-2946fea9003b,21fe69d6-d45b-4246-8e7a-d1da8a71eb91,npu-d050-r001,npu-d050,1,1,2,NPU,,50,cpu_not_applicable,,,,,,,49.994170267946345,1345491380000000,296.546763407,235.975228524,cooling,175.972913172,32.2,31.1,31.7,32.8,0,100000000,ok
80cfc810-5998-4d88-abef-2946fea9003b,21fe69d6-d45b-4246-8e7a-d1da8a71eb91,npu-d050-r001,npu-d050,1,1,2,NPU,,50,cpu_not_applicable,,,,,,,49.994170267946345,1345492395000000,297.561763407,236.990228524,cooling,176.987913172,32.2,31.1,31.7,32.8,0,95000000,ok
80cfc810-5998-4d88-abef-2946fea9003b,21fe69d6-d45b-4246-8e7a-d1da8a71eb91,npu-d050-r001,npu-d050,1,1,2,NPU,,50,cpu_not_applicable,,,,,,,49.994170267946345,1345493445000000,298.611763407,238.040228524,cooling,178.037913172,32.2,31.1,31.7,32.8,0,125000000,ok
80cfc810-5998-4d88-abef-2946fea9003b,21fe69d6-d45b-4246-8e7a-d1da8a71eb91,npu-d050-r001,npu-d050,1,1,2,NPU,,50,cpu_not_applicable,,,,,,,49.994170267946345,1345494355000000,299.521763407,238.950228524,cooling,178.947913172,32.2,31.1,31.7,32.8,0,105000000,ok
80cfc810-5998-4d88-abef-2946fea9003b,21fe69d6-d45b-4246-8e7a-d1da8a71eb91,npu-d050-r001,npu-d050,1,1,2,NPU,,50,cpu_not_applicable,,,,,,,49.994170267946345,1345495375000000,300.541763407,239.970228524,cooling,179.967913172,32.2,31.1,31.7,32.8,0,95000000,ok
80cfc810-5998-4d88-abef-2946fea9003b,21fe69d6-d45b-4246-8e7a-d1da8a71eb91,npu-d050-r001,npu-d050,1,1,2,NPU,,50,cpu_not_applicable,,,,,,,49.994170267946345,1345496405000000,301.571763407,241.000228524,cooling,180.997913172,32.2,31.1,31.7,32.8,0,105000000,ok
80cfc810-5998-4d88-abef-2946fea9003b,21fe69d6-d45b-4246-8e7a-d1da8a71eb91,npu-d050-r001,npu-d050,1,1,2,NPU,,50,cpu_not_applicable,,,,,,,49.994170267946345,1345497315000000,302.481763407,241.910228524,cooling,181.907913172,32.2,31.1,31.7,32.8,0,85000000,ok
80cfc810-5998-4d88-abef-2946fea9003b,21fe69d6-d45b-4246-8e7a-d1da8a71eb91,npu-d050-r001,npu-d050,1,1,2,NPU,,50,cpu_not_applicable,,,,,,,49.994170267946345,1345498480000000,303.646763407,243.075228524,cooling,183.072913172,32.2,31.1,31.7,32.7,0,130000000,ok
80cfc810-5998-4d88-abef-2946fea9003b,21fe69d6-d45b-4246-8e7a-d1da8a71eb91,npu-d050-r001,npu-d050,1,1,2,NPU,,50,cpu_not_applicable,,,,,,,49.994170267946345,1345499465000000,304.631763407,244.060228524,cooling,184.057913172,32.2,31.1,31.7,32.7,0,95000000,ok
80cfc810-5998-4d88-abef-2946fea9003b,21fe69d6-d45b-4246-8e7a-d1da8a71eb91,npu-d050-r001,npu-d050,1,1,2,NPU,,50,cpu_not_applicable,,,,,,,49.994170267946345,1345500390000000,305.556763407,244.985228524,cooling,184.982913172,32.2,31.1,31.7,32.7,0,100000000,ok
80cfc810-5998-4d88-abef-2946fea9003b,21fe69d6-d45b-4246-8e7a-d1da8a71eb91,npu-d050-r001,npu-d050,1,1,2,NPU,,50,cpu_not_applicable,,,,,,,49.994170267946345,1345501415000000,306.581763407,246.010228524,cooling,186.007913172,32.2,31.1,31.7,32.7,0,95000000,ok
80cfc810-5998-4d88-abef-2946fea9003b,21fe69d6-d45b-4246-8e7a-d1da8a71eb91,npu-d050-r001,npu-d050,1,1,2,NPU,,50,cpu_not_applicable,,,,,,,49.994170267946345,1345502430000000,307.596763407,247.025228524,cooling,187.022913172,32.2,31.1,31.7,32.7,0,100000000,ok
80cfc810-5998-4d88-abef-2946fea9003b,fc14c966-5d59-46ff-8324-7d2bad0d27d3,npu-d075-r001,npu-d075,1,1,3,NPU,,75,cpu_not_applicable,,,,,,,74.9934287431796,1345716015000000,0.894237782,-59.723357726,baseline,0.894237782,30.9,30.4,30.5,31.9,0,85000000,ok
80cfc810-5998-4d88-abef-2946fea9003b,fc14c966-5d59-46ff-8324-7d2bad0d27d3,npu-d075-r001,npu-d075,1,1,3,NPU,,75,cpu_not_applicable,,,,,,,74.9934287431796,1345717120000000,1.999237782,-58.618357726,baseline,1.999237782,30.9,30.4,30.5,31.9,0,110000000,ok
80cfc810-5998-4d88-abef-2946fea9003b,fc14c966-5d59-46ff-8324-7d2bad0d27d3,npu-d075-r001,npu-d075,1,1,3,NPU,,75,cpu_not_applicable,,,,,,,74.9934287431796,1345718100000000,2.979237782,-57.638357726,baseline,2.979237782,30.9,30.4,30.5,31.9,0,100000000,ok
80cfc810-5998-4d88-abef-2946fea9003b,fc14c966-5d59-46ff-8324-7d2bad0d27d3,npu-d075-r001,npu-d075,1,1,3,NPU,,75,cpu_not_applicable,,,,,,,74.9934287431796,1345719145000000,4.024237782,-56.593357726,baseline,4.024237782,31.8,30.4,31.3,32.1,0,125000000,ok
80cfc810-5998-4d88-abef-2946fea9003b,fc14c966-5d59-46ff-8324-7d2bad0d27d3,npu-d075-r001,npu-d075,1,1,3,NPU,,75,cpu_not_applicable,,,,,,,74.9934287431796,1345720185000000,5.064237782,-55.553357726,baseline,5.064237782,31.8,30.4,31.3,32.1,0,115000000,ok
80cfc810-5998-4d88-abef-2946fea9003b,fc14c966-5d59-46ff-8324-7d2bad0d27d3,npu-d075-r001,npu-d075,1,1,3,NPU,,75,cpu_not_applicable,,,,,,,74.9934287431796,1345721065000000,5.944237782,-54.673357726,baseline,5.944237782,31.8,30.4,31.3,32.1,0,95000000,ok
80cfc810-5998-4d88-abef-2946fea9003b,fc14c966-5d59-46ff-8324-7d2bad0d27d3,npu-d075-r001,npu-d075,1,1,3,NPU,,75,cpu_not_applicable,,,,,,,74.9934287431796,1345722090000000,6.969237782,-53.648357726,baseline,6.969237782,31.8,30.4,31.3,32.1,0,100000000,ok
80cfc810-5998-4d88-abef-2946fea9003b,fc14c966-5d59-46ff-8324-7d2bad0d27d3,npu-d075-r001,npu-d075,1,1,3,NPU,,75,cpu_not_applicable,,,,,,,74.9934287431796,1345723110000000,7.989237782,-52.628357726,baseline,7.989237782,31.8,30.4,31.3,32.1,0,90000000,ok
80cfc810-5998-4d88-abef-2946fea9003b,fc14c966-5d59-46ff-8324-7d2bad0d27d3,npu-d075-r001,npu-d075,1,1,3,NPU,,75,cpu_not_applicable,,,,,,,74.9934287431796,1345724010000000,8.889237782,-51.728357726,baseline,8.889237782,31.8,30.4,31.3,32.1,0,90000000,ok
80cfc810-5998-4d88-abef-2946fea9003b,fc14c966-5d59-46ff-8324-7d2bad0d27d3,npu-d075-r001,npu-d075,1,1,3,NPU,,75,cpu_not_applicable,,,,,,,74.9934287431796,1345725145000000,10.024237782,-50.593357726,baseline,10.024237782,31.8,30.4,31.3,32.1,0,105000000,ok
80cfc810-5998-4d88-abef-2946fea9003b,fc14c966-5d59-46ff-8324-7d2bad0d27d3,npu-d075-r001,npu-d075,1,1,3,NPU,,75,cpu_not_applicable,,,,,,,74.9934287431796,1345726090000000,10.969237782,-49.648357726,baseline,10.969237782,31.8,30.4,31.3,32.1,0,100000000,ok
80cfc810-5998-4d88-abef-2946fea9003b,fc14c966-5d59-46ff-8324-7d2bad0d27d3,npu-d075-r001,npu-d075,1,1,3,NPU,,75,cpu_not_applicable,,,,,,,74.9934287431796,1345727105000000,11.984237782,-48.633357726,baseline,11.984237782,31.8,30.4,31.3,32.1,0,95000000,ok
80cfc810-5998-4d88-abef-2946fea9003b,fc14c966-5d59-46ff-8324-7d2bad0d27d3,npu-d075-r001,npu-d075,1,1,3,NPU,,75,cpu_not_applicable,,,,,,,74.9934287431796,1345728150000000,13.029237782,-47.588357726,baseline,13.029237782,31.8,30.4,31.3,32.1,0,120000000,ok
80cfc810-5998-4d88-abef-2946fea9003b,fc14c966-5d59-46ff-8324-7d2bad0d27d3,npu-d075-r001,npu-d075,1,1,3,NPU,,75,cpu_not_applicable,,,,,,,74.9934287431796,1345729050000000,13.929237782,-46.688357726,baseline,13.929237782,31.6,30.5,31.2,32.2,0,100000000,ok
80cfc810-5998-4d88-abef-2946fea9003b,fc14c966-5d59-46ff-8324-7d2bad0d27d3,npu-d075-r001,npu-d075,1,1,3,NPU,,75,cpu_not_applicable,,,,,,,74.9934287431796,1345730090000000,14.969237782,-45.648357726,baseline,14.969237782,31.6,30.5,31.2,32.2,0,110000000,ok
80cfc810-5998-4d88-abef-2946fea9003b,fc14c966-5d59-46ff-8324-7d2bad0d27d3,npu-d075-r001,npu-d075,1,1,3,NPU,,75,cpu_not_applicable,,,,,,,74.9934287431796,1345731120000000,15.999237782,-44.618357726,baseline,15.999237782,31.6,30.5,31.2,32.2,0,120000000,ok
80cfc810-5998-4d88-abef-2946fea9003b,fc14c966-5d59-46ff-8324-7d2bad0d27d3,npu-d075-r001,npu-d075,1,1,3,NPU,,75,cpu_not_applicable,,,,,,,74.9934287431796,1345732160000000,17.039237782,-43.578357726,baseline,17.039237782,31.6,30.5,31.2,32.2,0,130000000,ok
80cfc810-5998-4d88-abef-2946fea9003b,fc14c966-5d59-46ff-8324-7d2bad0d27d3,npu-d075-r001,npu-d075,1,1,3,NPU,,75,cpu_not_applicable,,,,,,,74.9934287431796,1345733170000000,18.049237782,-42.568357726,baseline,18.049237782,31.6,30.5,31.2,32.2,0,120000000,ok
80cfc810-5998-4d88-abef-2946fea9003b,fc14c966-5d59-46ff-8324-7d2bad0d27d3,npu-d075-r001,npu-d075,1,1,3,NPU,,75,cpu_not_applicable,,,,,,,74.9934287431796,1345734205000000,19.084237782,-41.533357726,baseline,19.084237782,31.6,30.5,31.2,32.2,0,125000000,ok
80cfc810-5998-4d88-abef-2946fea9003b,fc14c966-5d59-46ff-8324-7d2bad0d27d3,npu-d075-r001,npu-d075,1,1,3,NPU,,75,cpu_not_applicable,,,,,,,74.9934287431796,1345735085000000,19.964237782,-40.653357726,baseline,19.964237782,31.6,30.5,31.2,32.2,0,95000000,ok
80cfc810-5998-4d88-abef-2946fea9003b,fc14c966-5d59-46ff-8324-7d2bad0d27d3,npu-d075-r001,npu-d075,1,1,3,NPU,,75,cpu_not_applicable,,,,,,,74.9934287431796,1345736180000000,21.059237782,-39.558357726,baseline,21.059237782,31.6,30.5,31.2,32.2,0,120000000,ok
80cfc810-5998-4d88-abef-2946fea9003b,fc14c966-5d59-46ff-8324-7d2bad0d27d3,npu-d075-r001,npu-d075,1,1,3,NPU,,75,cpu_not_applicable,,,,,,,74.9934287431796,1345737135000000,22.014237782,-38.603357726,baseline,22.014237782,31.6,30.5,31.2,32.2,0,95000000,ok
80cfc810-5998-4d88-abef-2946fea9003b,fc14c966-5d59-46ff-8324-7d2bad0d27d3,npu-d075-r001,npu-d075,1,1,3,NPU,,75,cpu_not_applicable,,,,,,,74.9934287431796,1345738170000000,23.049237782,-37.568357726,baseline,23.049237782,31.6,30.5,31.2,32.2,0,100000000,ok
80cfc810-5998-4d88-abef-2946fea9003b,fc14c966-5d59-46ff-8324-7d2bad0d27d3,npu-d075-r001,npu-d075,1,1,3,NPU,,75,cpu_not_applicable,,,,,,,74.9934287431796,1345739260000000,24.139237782,-36.478357726,baseline,24.139237782,31.4,30.5,31.0,32.1,0,170000000,ok
80cfc810-5998-4d88-abef-2946fea9003b,fc14c966-5d59-46ff-8324-7d2bad0d27d3,npu-d075-r001,npu-d075,1,1,3,NPU,,75,cpu_not_applicable,,,,,,,74.9934287431796,1345740260000000,25.139237782,-35.478357726,baseline,25.139237782,31.4,30.5,31.0,32.1,0,140000000,ok
80cfc810-5998-4d88-abef-2946fea9003b,fc14c966-5d59-46ff-8324-7d2bad0d27d3,npu-d075-r001,npu-d075,1,1,3,NPU,,75,cpu_not_applicable,,,,,,,74.9934287431796,1345741205000000,26.084237782,-34.533357726,baseline,26.084237782,31.4,30.5,31.0,32.1,0,165000000,ok
80cfc810-5998-4d88-abef-2946fea9003b,fc14c966-5d59-46ff-8324-7d2bad0d27d3,npu-d075-r001,npu-d075,1,1,3,NPU,,75,cpu_not_applicable,,,,,,,74.9934287431796,1345742155000000,27.034237782,-33.583357726,baseline,27.034237782,31.4,30.5,31.0,32.1,0,95000000,ok
80cfc810-5998-4d88-abef-2946fea9003b,fc14c966-5d59-46ff-8324-7d2bad0d27d3,npu-d075-r001,npu-d075,1,1,3,NPU,,75,cpu_not_applicable,,,,,,,74.9934287431796,1345743210000000,28.089237782,-32.528357726,baseline,28.089237782,31.4,30.5,31.0,32.1,0,110000000,ok
80cfc810-5998-4d88-abef-2946fea9003b,fc14c966-5d59-46ff-8324-7d2bad0d27d3,npu-d075-r001,npu-d075,1,1,3,NPU,,75,cpu_not_applicable,,,,,,,74.9934287431796,1345744150000000,29.029237782,-31.588357726,baseline,29.029237782,31.4,30.5,31.0,32.1,0,80000000,ok
80cfc810-5998-4d88-abef-2946fea9003b,fc14c966-5d59-46ff-8324-7d2bad0d27d3,npu-d075-r001,npu-d075,1,1,3,NPU,,75,cpu_not_applicable,,,,,,,74.9934287431796,1345745280000000,30.159237782,-30.458357726,baseline,30.159237782,31.4,30.5,31.0,32.1,0,120000000,ok
80cfc810-5998-4d88-abef-2946fea9003b,fc14c966-5d59-46ff-8324-7d2bad0d27d3,npu-d075-r001,npu-d075,1,1,3,NPU,,75,cpu_not_applicable,,,,,,,74.9934287431796,1345746285000000,31.164237782,-29.453357726,baseline,31.164237782,31.4,30.5,31.0,32.1,0,135000000,ok
80cfc810-5998-4d88-abef-2946fea9003b,fc14c966-5d59-46ff-8324-7d2bad0d27d3,npu-d075-r001,npu-d075,1,1,3,NPU,,75,cpu_not_applicable,,,,,,,74.9934287431796,1345747170000000,32.049237782,-28.568357726,baseline,32.049237782,31.4,30.5,31.0,32.1,0,100000000,ok
80cfc810-5998-4d88-abef-2946fea9003b,fc14c966-5d59-46ff-8324-7d2bad0d27d3,npu-d075-r001,npu-d075,1,1,3,NPU,,75,cpu_not_applicable,,,,,,,74.9934287431796,1345748205000000,33.084237782,-27.533357726,baseline,33.084237782,31.4,30.5,31.0,32.1,0,95000000,ok
80cfc810-5998-4d88-abef-2946fea9003b,fc14c966-5d59-46ff-8324-7d2bad0d27d3,npu-d075-r001,npu-d075,1,1,3,NPU,,75,cpu_not_applicable,,,,,,,74.9934287431796,1345749225000000,34.104237782,-26.513357726,baseline,34.104237782,31.4,30.5,31.0,32.1,0,95000000,ok
80cfc810-5998-4d88-abef-2946fea9003b,fc14c966-5d59-46ff-8324-7d2bad0d27d3,npu-d075-r001,npu-d075,1,1,3,NPU,,75,cpu_not_applicable,,,,,,,74.9934287431796,1345750305000000,35.184237782,-25.433357726,baseline,35.184237782,31.4,30.5,31.0,32.1,0,125000000,ok
80cfc810-5998-4d88-abef-2946fea9003b,fc14c966-5d59-46ff-8324-7d2bad0d27d3,npu-d075-r001,npu-d075,1,1,3,NPU,,75,cpu_not_applicable,,,,,,,74.9934287431796,1345751260000000,36.139237782,-24.478357726,baseline,36.139237782,31.4,30.5,31.0,32.1,0,100000000,ok
80cfc810-5998-4d88-abef-2946fea9003b,fc14c966-5d59-46ff-8324-7d2bad0d27d3,npu-d075-r001,npu-d075,1,1,3,NPU,,75,cpu_not_applicable,,,,,,,74.9934287431796,1345752190000000,37.069237782,-23.548357726,baseline,37.069237782,31.4,30.5,31.0,32.1,0,90000000,ok
80cfc810-5998-4d88-abef-2946fea9003b,fc14c966-5d59-46ff-8324-7d2bad0d27d3,npu-d075-r001,npu-d075,1,1,3,NPU,,75,cpu_not_applicable,,,,,,,74.9934287431796,1345753220000000,38.099237782,-22.518357726,baseline,38.099237782,31.4,30.5,31.0,32.1,0,100000000,ok
80cfc810-5998-4d88-abef-2946fea9003b,fc14c966-5d59-46ff-8324-7d2bad0d27d3,npu-d075-r001,npu-d075,1,1,3,NPU,,75,cpu_not_applicable,,,,,,,74.9934287431796,1345754225000000,39.104237782,-21.513357726,baseline,39.104237782,31.4,30.5,31.0,32.1,0,85000000,ok
80cfc810-5998-4d88-abef-2946fea9003b,fc14c966-5d59-46ff-8324-7d2bad0d27d3,npu-d075-r001,npu-d075,1,1,3,NPU,,75,cpu_not_applicable,,,,,,,74.9934287431796,1345755270000000,40.149237782,-20.468357726,baseline,40.149237782,31.4,30.5,31.0,32.1,0,100000000,ok
80cfc810-5998-4d88-abef-2946fea9003b,fc14c966-5d59-46ff-8324-7d2bad0d27d3,npu-d075-r001,npu-d075,1,1,3,NPU,,75,cpu_not_applicable,,,,,,,74.9934287431796,1345756265000000,41.144237782,-19.473357726,baseline,41.144237782,31.4,30.5,31.0,32.1,0,95000000,ok
80cfc810-5998-4d88-abef-2946fea9003b,fc14c966-5d59-46ff-8324-7d2bad0d27d3,npu-d075-r001,npu-d075,1,1,3,NPU,,75,cpu_not_applicable,,,,,,,74.9934287431796,1345757350000000,42.229237782,-18.388357726,baseline,42.229237782,31.4,30.5,31.0,32.1,0,120000000,ok
80cfc810-5998-4d88-abef-2946fea9003b,fc14c966-5d59-46ff-8324-7d2bad0d27d3,npu-d075-r001,npu-d075,1,1,3,NPU,,75,cpu_not_applicable,,,,,,,74.9934287431796,1345758245000000,43.124237782,-17.493357726,baseline,43.124237782,31.4,30.5,31.0,32.1,0,105000000,ok
80cfc810-5998-4d88-abef-2946fea9003b,fc14c966-5d59-46ff-8324-7d2bad0d27d3,npu-d075-r001,npu-d075,1,1,3,NPU,,75,cpu_not_applicable,,,,,,,74.9934287431796,1345759260000000,44.139237782,-16.478357726,baseline,44.139237782,31.3,30.5,30.9,32.1,0,90000000,ok
80cfc810-5998-4d88-abef-2946fea9003b,fc14c966-5d59-46ff-8324-7d2bad0d27d3,npu-d075-r001,npu-d075,1,1,3,NPU,,75,cpu_not_applicable,,,,,,,74.9934287431796,1345760285000000,45.164237782,-15.453357726,baseline,45.164237782,31.3,30.5,30.9,32.1,0,95000000,ok
80cfc810-5998-4d88-abef-2946fea9003b,fc14c966-5d59-46ff-8324-7d2bad0d27d3,npu-d075-r001,npu-d075,1,1,3,NPU,,75,cpu_not_applicable,,,,,,,74.9934287431796,1345761285000000,46.164237782,-14.453357726,baseline,46.164237782,31.3,30.5,30.9,32.1,0,105000000,ok
80cfc810-5998-4d88-abef-2946fea9003b,fc14c966-5d59-46ff-8324-7d2bad0d27d3,npu-d075-r001,npu-d075,1,1,3,NPU,,75,cpu_not_applicable,,,,,,,74.9934287431796,1345762275000000,47.154237782,-13.463357726,baseline,47.154237782,31.3,30.5,30.9,32.1,0,95000000,ok
80cfc810-5998-4d88-abef-2946fea9003b,fc14c966-5d59-46ff-8324-7d2bad0d27d3,npu-d075-r001,npu-d075,1,1,3,NPU,,75,cpu_not_applicable,,,,,,,74.9934287431796,1345763275000000,48.154237782,-12.463357726,baseline,48.154237782,31.3,30.5,30.9,32.1,0,105000000,ok
80cfc810-5998-4d88-abef-2946fea9003b,fc14c966-5d59-46ff-8324-7d2bad0d27d3,npu-d075-r001,npu-d075,1,1,3,NPU,,75,cpu_not_applicable,,,,,,,74.9934287431796,1345764280000000,49.159237782,-11.458357726,baseline,49.159237782,31.3,30.5,30.9,32.1,0,100000000,ok
80cfc810-5998-4d88-abef-2946fea9003b,fc14c966-5d59-46ff-8324-7d2bad0d27d3,npu-d075-r001,npu-d075,1,1,3,NPU,,75,cpu_not_applicable,,,,,,,74.9934287431796,1345765275000000,50.154237782,-10.463357726,baseline,50.154237782,31.3,30.5,30.9,32.1,0,95000000,ok
80cfc810-5998-4d88-abef-2946fea9003b,fc14c966-5d59-46ff-8324-7d2bad0d27d3,npu-d075-r001,npu-d075,1,1,3,NPU,,75,cpu_not_applicable,,,,,,,74.9934287431796,1345766290000000,51.169237782,-9.448357726,baseline,51.169237782,31.3,30.5,30.9,32.1,0,100000000,ok
80cfc810-5998-4d88-abef-2946fea9003b,fc14c966-5d59-46ff-8324-7d2bad0d27d3,npu-d075-r001,npu-d075,1,1,3,NPU,,75,cpu_not_applicable,,,,,,,74.9934287431796,1345767290000000,52.169237782,-8.448357726,baseline,52.169237782,31.3,30.5,30.9,32.1,0,100000000,ok
80cfc810-5998-4d88-abef-2946fea9003b,fc14c966-5d59-46ff-8324-7d2bad0d27d3,npu-d075-r001,npu-d075,1,1,3,NPU,,75,cpu_not_applicable,,,,,,,74.9934287431796,1345768295000000,53.174237782,-7.443357726,baseline,53.174237782,31.3,30.5,30.9,32.1,0,95000000,ok
80cfc810-5998-4d88-abef-2946fea9003b,fc14c966-5d59-46ff-8324-7d2bad0d27d3,npu-d075-r001,npu-d075,1,1,3,NPU,,75,cpu_not_applicable,,,,,,,74.9934287431796,1345769305000000,54.184237782,-6.433357726,baseline,54.184237782,31.3,30.5,30.9,32.0,0,105000000,ok
80cfc810-5998-4d88-abef-2946fea9003b,fc14c966-5d59-46ff-8324-7d2bad0d27d3,npu-d075-r001,npu-d075,1,1,3,NPU,,75,cpu_not_applicable,,,,,,,74.9934287431796,1345770330000000,55.209237782,-5.408357726,baseline,55.209237782,31.3,30.5,30.9,32.0,0,100000000,ok
80cfc810-5998-4d88-abef-2946fea9003b,fc14c966-5d59-46ff-8324-7d2bad0d27d3,npu-d075-r001,npu-d075,1,1,3,NPU,,75,cpu_not_applicable,,,,,,,74.9934287431796,1345771325000000,56.204237782,-4.413357726,baseline,56.204237782,31.3,30.5,30.9,32.0,0,95000000,ok
80cfc810-5998-4d88-abef-2946fea9003b,fc14c966-5d59-46ff-8324-7d2bad0d27d3,npu-d075-r001,npu-d075,1,1,3,NPU,,75,cpu_not_applicable,,,,,,,74.9934287431796,1345772335000000,57.214237782,-3.403357726,baseline,57.214237782,31.3,30.5,30.9,32.0,0,105000000,ok
80cfc810-5998-4d88-abef-2946fea9003b,fc14c966-5d59-46ff-8324-7d2bad0d27d3,npu-d075-r001,npu-d075,1,1,3,NPU,,75,cpu_not_applicable,,,,,,,74.9934287431796,1345773330000000,58.209237782,-2.408357726,baseline,58.209237782,31.3,30.5,30.9,32.0,0,100000000,ok
80cfc810-5998-4d88-abef-2946fea9003b,fc14c966-5d59-46ff-8324-7d2bad0d27d3,npu-d075-r001,npu-d075,1,1,3,NPU,,75,cpu_not_applicable,,,,,,,74.9934287431796,1345774345000000,59.224237782,-1.393357726,baseline,59.224237782,31.3,30.5,30.9,32.0,0,95000000,ok
80cfc810-5998-4d88-abef-2946fea9003b,fc14c966-5d59-46ff-8324-7d2bad0d27d3,npu-d075-r001,npu-d075,1,1,3,NPU,,75,cpu_not_applicable,,,,,,,74.9934287431796,1345775385000000,60.264237782,-0.353357726,baseline,60.264237782,31.3,30.5,30.9,32.0,0,95000000,ok
80cfc810-5998-4d88-abef-2946fea9003b,fc14c966-5d59-46ff-8324-7d2bad0d27d3,npu-d075-r001,npu-d075,1,1,3,NPU,,75,cpu_not_applicable,,,,,,,74.9934287431796,1345776320000000,61.199237782,0.581642274,load,0.581642274,31.3,30.5,30.9,32.0,0,80000000,ok
80cfc810-5998-4d88-abef-2946fea9003b,fc14c966-5d59-46ff-8324-7d2bad0d27d3,npu-d075-r001,npu-d075,1,1,3,NPU,,75,cpu_not_applicable,,,,,,,74.9934287431796,1345777365000000,62.244237782,1.626642274,load,1.626642274,31.3,30.5,30.9,32.0,0,85000000,ok
80cfc810-5998-4d88-abef-2946fea9003b,fc14c966-5d59-46ff-8324-7d2bad0d27d3,npu-d075-r001,npu-d075,1,1,3,NPU,,75,cpu_not_applicable,,,,,,,74.9934287431796,1345778390000000,63.269237782,2.651642274,load,2.651642274,31.3,30.5,30.9,32.0,0,90000000,ok
80cfc810-5998-4d88-abef-2946fea9003b,fc14c966-5d59-46ff-8324-7d2bad0d27d3,npu-d075-r001,npu-d075,1,1,3,NPU,,75,cpu_not_applicable,,,,,,,74.9934287431796,1345779355000000,64.234237782,3.616642274,load,3.616642274,32.5,30.5,33.5,32.3,0,85000000,ok
80cfc810-5998-4d88-abef-2946fea9003b,fc14c966-5d59-46ff-8324-7d2bad0d27d3,npu-d075-r001,npu-d075,1,1,3,NPU,,75,cpu_not_applicable,,,,,,,74.9934287431796,1345780370000000,65.249237782,4.631642274,load,4.631642274,32.5,30.5,33.5,32.3,0,90000000,ok
80cfc810-5998-4d88-abef-2946fea9003b,fc14c966-5d59-46ff-8324-7d2bad0d27d3,npu-d075-r001,npu-d075,1,1,3,NPU,,75,cpu_not_applicable,,,,,,,74.9934287431796,1345781405000000,66.284237782,5.666642274,load,5.666642274,32.5,30.5,33.5,32.3,0,85000000,ok
80cfc810-5998-4d88-abef-2946fea9003b,fc14c966-5d59-46ff-8324-7d2bad0d27d3,npu-d075-r001,npu-d075,1,1,3,NPU,,75,cpu_not_applicable,,,,,,,74.9934287431796,1345782380000000,67.259237782,6.641642274,load,6.641642274,32.5,30.5,33.5,32.3,0,80000000,ok
80cfc810-5998-4d88-abef-2946fea9003b,fc14c966-5d59-46ff-8324-7d2bad0d27d3,npu-d075-r001,npu-d075,1,1,3,NPU,,75,cpu_not_applicable,,,,,,,74.9934287431796,1345783460000000,68.339237782,7.721642274,load,7.721642274,32.5,30.5,33.5,32.3,0,90000000,ok
80cfc810-5998-4d88-abef-2946fea9003b,fc14c966-5d59-46ff-8324-7d2bad0d27d3,npu-d075-r001,npu-d075,1,1,3,NPU,,75,cpu_not_applicable,,,,,,,74.9934287431796,1345784430000000,69.309237782,8.691642274,load,8.691642274,32.5,30.5,33.5,32.3,0,100000000,ok
80cfc810-5998-4d88-abef-2946fea9003b,fc14c966-5d59-46ff-8324-7d2bad0d27d3,npu-d075-r001,npu-d075,1,1,3,NPU,,75,cpu_not_applicable,,,,,,,74.9934287431796,1345785450000000,70.329237782,9.711642274,load,9.711642274,32.5,30.5,33.5,32.3,0,110000000,ok
80cfc810-5998-4d88-abef-2946fea9003b,fc14c966-5d59-46ff-8324-7d2bad0d27d3,npu-d075-r001,npu-d075,1,1,3,NPU,,75,cpu_not_applicable,,,,,,,74.9934287431796,1345786425000000,71.304237782,10.686642274,load,10.686642274,32.5,30.5,33.5,32.3,0,85000000,ok
80cfc810-5998-4d88-abef-2946fea9003b,fc14c966-5d59-46ff-8324-7d2bad0d27d3,npu-d075-r001,npu-d075,1,1,3,NPU,,75,cpu_not_applicable,,,,,,,74.9934287431796,1345787405000000,72.284237782,11.666642274,load,11.666642274,32.5,30.5,33.5,32.3,0,65000000,ok
80cfc810-5998-4d88-abef-2946fea9003b,fc14c966-5d59-46ff-8324-7d2bad0d27d3,npu-d075-r001,npu-d075,1,1,3,NPU,,75,cpu_not_applicable,,,,,,,74.9934287431796,1345788440000000,73.319237782,12.701642274,load,12.701642274,32.5,30.5,33.5,32.3,0,80000000,ok
80cfc810-5998-4d88-abef-2946fea9003b,fc14c966-5d59-46ff-8324-7d2bad0d27d3,npu-d075-r001,npu-d075,1,1,3,NPU,,75,cpu_not_applicable,,,,,,,74.9934287431796,1345789460000000,74.339237782,13.721642274,load,13.721642274,34.3,30.9,35.4,33.1,0,80000000,ok
80cfc810-5998-4d88-abef-2946fea9003b,fc14c966-5d59-46ff-8324-7d2bad0d27d3,npu-d075-r001,npu-d075,1,1,3,NPU,,75,cpu_not_applicable,,,,,,,74.9934287431796,1345790460000000,75.339237782,14.721642274,load,14.721642274,34.3,30.9,35.4,33.1,0,80000000,ok
80cfc810-5998-4d88-abef-2946fea9003b,fc14c966-5d59-46ff-8324-7d2bad0d27d3,npu-d075-r001,npu-d075,1,1,3,NPU,,75,cpu_not_applicable,,,,,,,74.9934287431796,1345791490000000,76.369237782,15.751642274,load,15.751642274,34.3,30.9,35.4,33.1,0,80000000,ok
80cfc810-5998-4d88-abef-2946fea9003b,fc14c966-5d59-46ff-8324-7d2bad0d27d3,npu-d075-r001,npu-d075,1,1,3,NPU,,75,cpu_not_applicable,,,,,,,74.9934287431796,1345792515000000,77.394237782,16.776642274,load,16.776642274,34.3,30.9,35.4,33.1,0,85000000,ok
80cfc810-5998-4d88-abef-2946fea9003b,fc14c966-5d59-46ff-8324-7d2bad0d27d3,npu-d075-r001,npu-d075,1,1,3,NPU,,75,cpu_not_applicable,,,,,,,74.9934287431796,1345793595000000,78.474237782,17.856642274,load,17.856642274,34.3,30.9,35.4,33.1,0,135000000,ok
80cfc810-5998-4d88-abef-2946fea9003b,fc14c966-5d59-46ff-8324-7d2bad0d27d3,npu-d075-r001,npu-d075,1,1,3,NPU,,75,cpu_not_applicable,,,,,,,74.9934287431796,1345794475000000,79.354237782,18.736642274,load,18.736642274,34.3,30.9,35.4,33.1,0,85000000,ok
80cfc810-5998-4d88-abef-2946fea9003b,fc14c966-5d59-46ff-8324-7d2bad0d27d3,npu-d075-r001,npu-d075,1,1,3,NPU,,75,cpu_not_applicable,,,,,,,74.9934287431796,1345795500000000,80.379237782,19.761642274,load,19.761642274,34.3,30.9,35.4,33.1,0,90000000,ok
80cfc810-5998-4d88-abef-2946fea9003b,fc14c966-5d59-46ff-8324-7d2bad0d27d3,npu-d075-r001,npu-d075,1,1,3,NPU,,75,cpu_not_applicable,,,,,,,74.9934287431796,1345796505000000,81.384237782,20.766642274,load,20.766642274,34.3,30.9,35.4,33.1,0,85000000,ok
80cfc810-5998-4d88-abef-2946fea9003b,fc14c966-5d59-46ff-8324-7d2bad0d27d3,npu-d075-r001,npu-d075,1,1,3,NPU,,75,cpu_not_applicable,,,,,,,74.9934287431796,1345797450000000,82.329237782,21.711642274,load,21.711642274,34.3,30.9,35.4,33.1,0,80000000,ok
80cfc810-5998-4d88-abef-2946fea9003b,fc14c966-5d59-46ff-8324-7d2bad0d27d3,npu-d075-r001,npu-d075,1,1,3,NPU,,75,cpu_not_applicable,,,,,,,74.9934287431796,1345798450000000,83.329237782,22.711642274,load,22.711642274,34.3,30.9,35.4,33.1,0,80000000,ok
80cfc810-5998-4d88-abef-2946fea9003b,fc14c966-5d59-46ff-8324-7d2bad0d27d3,npu-d075-r001,npu-d075,1,1,3,NPU,,75,cpu_not_applicable,,,,,,,74.9934287431796,1345799570000000,84.449237782,23.831642274,load,23.831642274,35.2,31.5,36.6,33.7,0,80000000,ok
80cfc810-5998-4d88-abef-2946fea9003b,fc14c966-5d59-46ff-8324-7d2bad0d27d3,npu-d075-r001,npu-d075,1,1,3,NPU,,75,cpu_not_applicable,,,,,,,74.9934287431796,1345800495000000,85.374237782,24.756642274,load,24.756642274,35.2,31.5,36.6,33.7,0,85000000,ok
80cfc810-5998-4d88-abef-2946fea9003b,fc14c966-5d59-46ff-8324-7d2bad0d27d3,npu-d075-r001,npu-d075,1,1,3,NPU,,75,cpu_not_applicable,,,,,,,74.9934287431796,1345801525000000,86.404237782,25.786642274,load,25.786642274,35.2,31.5,36.6,33.7,0,85000000,ok
80cfc810-5998-4d88-abef-2946fea9003b,fc14c966-5d59-46ff-8324-7d2bad0d27d3,npu-d075-r001,npu-d075,1,1,3,NPU,,75,cpu_not_applicable,,,,,,,74.9934287431796,1345802495000000,87.374237782,26.756642274,load,26.756642274,35.2,31.5,36.6,33.7,0,85000000,ok
80cfc810-5998-4d88-abef-2946fea9003b,fc14c966-5d59-46ff-8324-7d2bad0d27d3,npu-d075-r001,npu-d075,1,1,3,NPU,,75,cpu_not_applicable,,,,,,,74.9934287431796,1345803600000000,88.479237782,27.861642274,load,27.861642274,35.2,31.5,36.6,33.7,0,90000000,ok
80cfc810-5998-4d88-abef-2946fea9003b,fc14c966-5d59-46ff-8324-7d2bad0d27d3,npu-d075-r001,npu-d075,1,1,3,NPU,,75,cpu_not_applicable,,,,,,,74.9934287431796,1345804665000000,89.544237782,28.926642274,load,28.926642274,35.2,31.5,36.6,33.7,0,135000000,ok
80cfc810-5998-4d88-abef-2946fea9003b,fc14c966-5d59-46ff-8324-7d2bad0d27d3,npu-d075-r001,npu-d075,1,1,3,NPU,,75,cpu_not_applicable,,,,,,,74.9934287431796,1345805505000000,90.384237782,29.766642274,load,29.766642274,35.2,31.5,36.6,33.7,0,85000000,ok
80cfc810-5998-4d88-abef-2946fea9003b,fc14c966-5d59-46ff-8324-7d2bad0d27d3,npu-d075-r001,npu-d075,1,1,3,NPU,,75,cpu_not_applicable,,,,,,,74.9934287431796,1345806545000000,91.424237782,30.806642274,load,30.806642274,35.2,31.5,36.6,33.7,0,85000000,ok
80cfc810-5998-4d88-abef-2946fea9003b,fc14c966-5d59-46ff-8324-7d2bad0d27d3,npu-d075-r001,npu-d075,1,1,3,NPU,,75,cpu_not_applicable,,,,,,,74.9934287431796,1345807570000000,92.449237782,31.831642274,load,31.831642274,35.2,31.5,36.6,33.7,0,90000000,ok
80cfc810-5998-4d88-abef-2946fea9003b,fc14c966-5d59-46ff-8324-7d2bad0d27d3,npu-d075-r001,npu-d075,1,1,3,NPU,,75,cpu_not_applicable,,,,,,,74.9934287431796,1345808595000000,93.474237782,32.856642274,load,32.856642274,35.2,31.5,36.6,33.7,0,85000000,ok
80cfc810-5998-4d88-abef-2946fea9003b,fc14c966-5d59-46ff-8324-7d2bad0d27d3,npu-d075-r001,npu-d075,1,1,3,NPU,,75,cpu_not_applicable,,,,,,,74.9934287431796,1345809620000000,94.499237782,33.881642274,load,33.881642274,35.9,32.0,37.5,34.2,0,90000000,ok
80cfc810-5998-4d88-abef-2946fea9003b,fc14c966-5d59-46ff-8324-7d2bad0d27d3,npu-d075-r001,npu-d075,1,1,3,NPU,,75,cpu_not_applicable,,,,,,,74.9934287431796,1345810650000000,95.529237782,34.911642274,load,34.911642274,35.9,32.0,37.5,34.2,0,100000000,ok
80cfc810-5998-4d88-abef-2946fea9003b,fc14c966-5d59-46ff-8324-7d2bad0d27d3,npu-d075-r001,npu-d075,1,1,3,NPU,,75,cpu_not_applicable,,,,,,,74.9934287431796,1345811670000000,96.549237782,35.931642274,load,35.931642274,35.9,32.0,37.5,34.2,0,90000000,ok
80cfc810-5998-4d88-abef-2946fea9003b,fc14c966-5d59-46ff-8324-7d2bad0d27d3,npu-d075-r001,npu-d075,1,1,3,NPU,,75,cpu_not_applicable,,,,,,,74.9934287431796,1345812600000000,97.479237782,36.861642274,load,36.861642274,35.9,32.0,37.5,34.2,0,90000000,ok
80cfc810-5998-4d88-abef-2946fea9003b,fc14c966-5d59-46ff-8324-7d2bad0d27d3,npu-d075-r001,npu-d075,1,1,3,NPU,,75,cpu_not_applicable,,,,,,,74.9934287431796,1345813650000000,98.529237782,37.911642274,load,37.911642274,35.9,32.0,37.5,34.2,0,100000000,ok
80cfc810-5998-4d88-abef-2946fea9003b,fc14c966-5d59-46ff-8324-7d2bad0d27d3,npu-d075-r001,npu-d075,1,1,3,NPU,,75,cpu_not_applicable,,,,,,,74.9934287431796,1345814665000000,99.544237782,38.926642274,load,38.926642274,35.9,32.0,37.5,34.2,0,95000000,ok
80cfc810-5998-4d88-abef-2946fea9003b,fc14c966-5d59-46ff-8324-7d2bad0d27d3,npu-d075-r001,npu-d075,1,1,3,NPU,,75,cpu_not_applicable,,,,,,,74.9934287431796,1345815700000000,100.579237782,39.961642274,load,39.961642274,35.9,32.0,37.5,34.2,0,120000000,ok
80cfc810-5998-4d88-abef-2946fea9003b,fc14c966-5d59-46ff-8324-7d2bad0d27d3,npu-d075-r001,npu-d075,1,1,3,NPU,,75,cpu_not_applicable,,,,,,,74.9934287431796,1345816740000000,101.619237782,41.001642274,load,41.001642274,35.9,32.0,37.5,34.2,0,150000000,ok
80cfc810-5998-4d88-abef-2946fea9003b,fc14c966-5d59-46ff-8324-7d2bad0d27d3,npu-d075-r001,npu-d075,1,1,3,NPU,,75,cpu_not_applicable,,,,,,,74.9934287431796,1345817605000000,102.484237782,41.866642274,load,41.866642274,35.9,32.0,37.5,34.2,0,85000000,ok
80cfc810-5998-4d88-abef-2946fea9003b,fc14c966-5d59-46ff-8324-7d2bad0d27d3,npu-d075-r001,npu-d075,1,1,3,NPU,,75,cpu_not_applicable,,,,,,,74.9934287431796,1345818625000000,103.504237782,42.886642274,load,42.886642274,35.9,32.0,37.5,34.2,0,85000000,ok
80cfc810-5998-4d88-abef-2946fea9003b,fc14c966-5d59-46ff-8324-7d2bad0d27d3,npu-d075-r001,npu-d075,1,1,3,NPU,,75,cpu_not_applicable,,,,,,,74.9934287431796,1345819650000000,104.529237782,43.911642274,load,43.911642274,36.7,32.4,38.2,34.5,0,80000000,ok
80cfc810-5998-4d88-abef-2946fea9003b,fc14c966-5d59-46ff-8324-7d2bad0d27d3,npu-d075-r001,npu-d075,1,1,3,NPU,,75,cpu_not_applicable,,,,,,,74.9934287431796,1345820680000000,105.559237782,44.941642274,load,44.941642274,36.7,32.4,38.2,34.5,0,90000000,ok
80cfc810-5998-4d88-abef-2946fea9003b,fc14c966-5d59-46ff-8324-7d2bad0d27d3,npu-d075-r001,npu-d075,1,1,3,NPU,,75,cpu_not_applicable,,,,,,,74.9934287431796,1345821740000000,106.619237782,46.001642274,load,46.001642274,36.7,32.4,38.2,34.5,0,120000000,ok
80cfc810-5998-4d88-abef-2946fea9003b,fc14c966-5d59-46ff-8324-7d2bad0d27d3,npu-d075-r001,npu-d075,1,1,3,NPU,,75,cpu_not_applicable,,,,,,,74.9934287431796,1345822760000000,107.639237782,47.021642274,load,47.021642274,36.7,32.4,38.2,34.5,0,120000000,ok
80cfc810-5998-4d88-abef-2946fea9003b,fc14c966-5d59-46ff-8324-7d2bad0d27d3,npu-d075-r001,npu-d075,1,1,3,NPU,,75,cpu_not_applicable,,,,,,,74.9934287431796,1345823665000000,108.544237782,47.926642274,load,47.926642274,36.7,32.4,38.2,34.5,0,95000000,ok
80cfc810-5998-4d88-abef-2946fea9003b,fc14c966-5d59-46ff-8324-7d2bad0d27d3,npu-d075-r001,npu-d075,1,1,3,NPU,,75,cpu_not_applicable,,,,,,,74.9934287431796,1345824690000000,109.569237782,48.951642274,load,48.951642274,36.7,32.4,38.2,34.5,0,90000000,ok
80cfc810-5998-4d88-abef-2946fea9003b,fc14c966-5d59-46ff-8324-7d2bad0d27d3,npu-d075-r001,npu-d075,1,1,3,NPU,,75,cpu_not_applicable,,,,,,,74.9934287431796,1345825710000000,110.589237782,49.971642274,load,49.971642274,36.7,32.4,38.2,34.5,0,90000000,ok
80cfc810-5998-4d88-abef-2946fea9003b,fc14c966-5d59-46ff-8324-7d2bad0d27d3,npu-d075-r001,npu-d075,1,1,3,NPU,,75,cpu_not_applicable,,,,,,,74.9934287431796,1345826720000000,111.599237782,50.981642274,load,50.981642274,36.7,32.4,38.2,34.5,0,90000000,ok
80cfc810-5998-4d88-abef-2946fea9003b,fc14c966-5d59-46ff-8324-7d2bad0d27d3,npu-d075-r001,npu-d075,1,1,3,NPU,,75,cpu_not_applicable,,,,,,,74.9934287431796,1345827780000000,112.659237782,52.041642274,load,52.041642274,36.7,32.4,38.2,34.5,0,120000000,ok
80cfc810-5998-4d88-abef-2946fea9003b,fc14c966-5d59-46ff-8324-7d2bad0d27d3,npu-d075-r001,npu-d075,1,1,3,NPU,,75,cpu_not_applicable,,,,,,,74.9934287431796,1345828805000000,113.684237782,53.066642274,load,53.066642274,36.7,32.4,38.2,34.5,0,135000000,ok
80cfc810-5998-4d88-abef-2946fea9003b,fc14c966-5d59-46ff-8324-7d2bad0d27d3,npu-d075-r001,npu-d075,1,1,3,NPU,,75,cpu_not_applicable,,,,,,,74.9934287431796,1345829670000000,114.549237782,53.931642274,load,53.931642274,37.1,32.8,38.7,34.9,0,70000000,ok
80cfc810-5998-4d88-abef-2946fea9003b,fc14c966-5d59-46ff-8324-7d2bad0d27d3,npu-d075-r001,npu-d075,1,1,3,NPU,,75,cpu_not_applicable,,,,,,,74.9934287431796,1345830710000000,115.589237782,54.971642274,load,54.971642274,37.1,32.8,38.7,34.9,0,80000000,ok
80cfc810-5998-4d88-abef-2946fea9003b,fc14c966-5d59-46ff-8324-7d2bad0d27d3,npu-d075-r001,npu-d075,1,1,3,NPU,,75,cpu_not_applicable,,,,,,,74.9934287431796,1345831750000000,116.629237782,56.011642274,load,56.011642274,37.1,32.8,38.7,34.9,0,90000000,ok
80cfc810-5998-4d88-abef-2946fea9003b,fc14c966-5d59-46ff-8324-7d2bad0d27d3,npu-d075-r001,npu-d075,1,1,3,NPU,,75,cpu_not_applicable,,,,,,,74.9934287431796,1345832795000000,117.674237782,57.056642274,load,57.056642274,37.1,32.8,38.7,34.9,0,125000000,ok
80cfc810-5998-4d88-abef-2946fea9003b,fc14c966-5d59-46ff-8324-7d2bad0d27d3,npu-d075-r001,npu-d075,1,1,3,NPU,,75,cpu_not_applicable,,,,,,,74.9934287431796,1345833825000000,118.704237782,58.086642274,load,58.086642274,37.1,32.8,38.7,34.9,0,125000000,ok
80cfc810-5998-4d88-abef-2946fea9003b,fc14c966-5d59-46ff-8324-7d2bad0d27d3,npu-d075-r001,npu-d075,1,1,3,NPU,,75,cpu_not_applicable,,,,,,,74.9934287431796,1345834740000000,119.619237782,59.001642274,load,59.001642274,37.1,32.8,38.7,34.9,0,100000000,ok
80cfc810-5998-4d88-abef-2946fea9003b,fc14c966-5d59-46ff-8324-7d2bad0d27d3,npu-d075-r001,npu-d075,1,1,3,NPU,,75,cpu_not_applicable,,,,,,,74.9934287431796,1345835755000000,120.634237782,60.016642274,cooling,0.014644774,37.1,32.8,38.7,34.9,0,85000000,ok
80cfc810-5998-4d88-abef-2946fea9003b,fc14c966-5d59-46ff-8324-7d2bad0d27d3,npu-d075-r001,npu-d075,1,1,3,NPU,,75,cpu_not_applicable,,,,,,,74.9934287431796,1345836915000000,121.794237782,61.176642274,cooling,1.174644774,37.1,32.8,38.7,34.9,0,275000000,ok
80cfc810-5998-4d88-abef-2946fea9003b,fc14c966-5d59-46ff-8324-7d2bad0d27d3,npu-d075-r001,npu-d075,1,1,3,NPU,,75,cpu_not_applicable,,,,,,,74.9934287431796,1345837805000000,122.684237782,62.066642274,cooling,2.064644774,41.6,33.1,38.6,35.2,0,185000000,ok
80cfc810-5998-4d88-abef-2946fea9003b,fc14c966-5d59-46ff-8324-7d2bad0d27d3,npu-d075-r001,npu-d075,1,1,3,NPU,,75,cpu_not_applicable,,,,,,,74.9934287431796,1345838825000000,123.704237782,63.086642274,cooling,3.084644774,41.6,33.1,38.6,35.2,0,205000000,ok
80cfc810-5998-4d88-abef-2946fea9003b,fc14c966-5d59-46ff-8324-7d2bad0d27d3,npu-d075-r001,npu-d075,1,1,3,NPU,,75,cpu_not_applicable,,,,,,,74.9934287431796,1345839790000000,124.669237782,64.051642274,cooling,4.049644774,38.8,33.2,38.6,35.6,0,170000000,ok
80cfc810-5998-4d88-abef-2946fea9003b,fc14c966-5d59-46ff-8324-7d2bad0d27d3,npu-d075-r001,npu-d075,1,1,3,NPU,,75,cpu_not_applicable,,,,,,,74.9934287431796,1345840730000000,125.609237782,64.991642274,cooling,4.989644774,38.8,33.2,38.6,35.6,0,100000000,ok
80cfc810-5998-4d88-abef-2946fea9003b,fc14c966-5d59-46ff-8324-7d2bad0d27d3,npu-d075-r001,npu-d075,1,1,3,NPU,,75,cpu_not_applicable,,,,,,,74.9934287431796,1345841780000000,126.659237782,66.041642274,cooling,6.039644774,38.5,33.2,38.0,35.6,0,90000000,ok
80cfc810-5998-4d88-abef-2946fea9003b,fc14c966-5d59-46ff-8324-7d2bad0d27d3,npu-d075-r001,npu-d075,1,1,3,NPU,,75,cpu_not_applicable,,,,,,,74.9934287431796,1345842820000000,127.699237782,67.081642274,cooling,7.079644774,38.5,33.2,38.0,35.6,0,90000000,ok
80cfc810-5998-4d88-abef-2946fea9003b,fc14c966-5d59-46ff-8324-7d2bad0d27d3,npu-d075-r001,npu-d075,1,1,3,NPU,,75,cpu_not_applicable,,,,,,,74.9934287431796,1345843850000000,128.729237782,68.111642274,cooling,8.109644774,38.5,33.2,38.0,35.6,0,100000000,ok
80cfc810-5998-4d88-abef-2946fea9003b,fc14c966-5d59-46ff-8324-7d2bad0d27d3,npu-d075-r001,npu-d075,1,1,3,NPU,,75,cpu_not_applicable,,,,,,,74.9934287431796,1345844770000000,129.649237782,69.031642274,cooling,9.029644774,38.5,33.2,38.0,35.6,0,100000000,ok
80cfc810-5998-4d88-abef-2946fea9003b,fc14c966-5d59-46ff-8324-7d2bad0d27d3,npu-d075-r001,npu-d075,1,1,3,NPU,,75,cpu_not_applicable,,,,,,,74.9934287431796,1345845860000000,130.739237782,70.121642274,cooling,10.119644774,38.5,33.2,38.0,35.6,0,160000000,ok
80cfc810-5998-4d88-abef-2946fea9003b,fc14c966-5d59-46ff-8324-7d2bad0d27d3,npu-d075-r001,npu-d075,1,1,3,NPU,,75,cpu_not_applicable,,,,,,,74.9934287431796,1345846730000000,131.609237782,70.991642274,cooling,10.989644774,38.5,33.2,38.0,35.6,0,100000000,ok
80cfc810-5998-4d88-abef-2946fea9003b,fc14c966-5d59-46ff-8324-7d2bad0d27d3,npu-d075-r001,npu-d075,1,1,3,NPU,,75,cpu_not_applicable,,,,,,,74.9934287431796,1345847700000000,132.579237782,71.961642274,cooling,11.959644774,38.5,33.2,38.0,35.6,0,80000000,ok
80cfc810-5998-4d88-abef-2946fea9003b,fc14c966-5d59-46ff-8324-7d2bad0d27d3,npu-d075-r001,npu-d075,1,1,3,NPU,,75,cpu_not_applicable,,,,,,,74.9934287431796,1345848765000000,133.644237782,73.026642274,cooling,13.024644774,38.5,33.2,38.0,35.6,0,95000000,ok
80cfc810-5998-4d88-abef-2946fea9003b,fc14c966-5d59-46ff-8324-7d2bad0d27d3,npu-d075-r001,npu-d075,1,1,3,NPU,,75,cpu_not_applicable,,,,,,,74.9934287431796,1345849775000000,134.654237782,74.036642274,cooling,14.034644774,38.5,33.2,38.0,35.6,0,95000000,ok
80cfc810-5998-4d88-abef-2946fea9003b,fc14c966-5d59-46ff-8324-7d2bad0d27d3,npu-d075-r001,npu-d075,1,1,3,NPU,,75,cpu_not_applicable,,,,,,,74.9934287431796,1345850825000000,135.704237782,75.086642274,cooling,15.084644774,38.5,33.2,38.0,35.6,0,115000000,ok
80cfc810-5998-4d88-abef-2946fea9003b,fc14c966-5d59-46ff-8324-7d2bad0d27d3,npu-d075-r001,npu-d075,1,1,3,NPU,,75,cpu_not_applicable,,,,,,,74.9934287431796,1345851715000000,136.594237782,75.976642274,cooling,15.974644774,35.7,33.2,35.3,34.8,0,85000000,ok
80cfc810-5998-4d88-abef-2946fea9003b,fc14c966-5d59-46ff-8324-7d2bad0d27d3,npu-d075-r001,npu-d075,1,1,3,NPU,,75,cpu_not_applicable,,,,,,,74.9934287431796,1345852875000000,137.754237782,77.136642274,cooling,17.134644774,35.7,33.2,35.3,34.8,0,115000000,ok
80cfc810-5998-4d88-abef-2946fea9003b,fc14c966-5d59-46ff-8324-7d2bad0d27d3,npu-d075-r001,npu-d075,1,1,3,NPU,,75,cpu_not_applicable,,,,,,,74.9934287431796,1345853780000000,138.659237782,78.041642274,cooling,18.039644774,35.7,33.2,35.3,34.8,0,100000000,ok
80cfc810-5998-4d88-abef-2946fea9003b,fc14c966-5d59-46ff-8324-7d2bad0d27d3,npu-d075-r001,npu-d075,1,1,3,NPU,,75,cpu_not_applicable,,,,,,,74.9934287431796,1345854825000000,139.704237782,79.086642274,cooling,19.084644774,35.7,33.2,35.3,34.8,0,125000000,ok
80cfc810-5998-4d88-abef-2946fea9003b,fc14c966-5d59-46ff-8324-7d2bad0d27d3,npu-d075-r001,npu-d075,1,1,3,NPU,,75,cpu_not_applicable,,,,,,,74.9934287431796,1345855815000000,140.694237782,80.076642274,cooling,20.074644774,35.7,33.2,35.3,34.8,0,95000000,ok
80cfc810-5998-4d88-abef-2946fea9003b,fc14c966-5d59-46ff-8324-7d2bad0d27d3,npu-d075-r001,npu-d075,1,1,3,NPU,,75,cpu_not_applicable,,,,,,,74.9934287431796,1345856835000000,141.714237782,81.096642274,cooling,21.094644774,35.7,33.2,35.3,34.8,0,85000000,ok
80cfc810-5998-4d88-abef-2946fea9003b,fc14c966-5d59-46ff-8324-7d2bad0d27d3,npu-d075-r001,npu-d075,1,1,3,NPU,,75,cpu_not_applicable,,,,,,,74.9934287431796,1345857770000000,142.649237782,82.031642274,cooling,22.029644774,35.7,33.2,35.3,34.8,0,90000000,ok
80cfc810-5998-4d88-abef-2946fea9003b,fc14c966-5d59-46ff-8324-7d2bad0d27d3,npu-d075-r001,npu-d075,1,1,3,NPU,,75,cpu_not_applicable,,,,,,,74.9934287431796,1345858790000000,143.669237782,83.051642274,cooling,23.049644774,35.7,33.2,35.3,34.8,0,80000000,ok
80cfc810-5998-4d88-abef-2946fea9003b,fc14c966-5d59-46ff-8324-7d2bad0d27d3,npu-d075-r001,npu-d075,1,1,3,NPU,,75,cpu_not_applicable,,,,,,,74.9934287431796,1345859840000000,144.719237782,84.101642274,cooling,24.099644774,35.7,33.2,35.3,34.8,0,120000000,ok
80cfc810-5998-4d88-abef-2946fea9003b,fc14c966-5d59-46ff-8324-7d2bad0d27d3,npu-d075-r001,npu-d075,1,1,3,NPU,,75,cpu_not_applicable,,,,,,,74.9934287431796,1345860760000000,145.639237782,85.021642274,cooling,25.019644774,35.7,33.2,35.3,34.8,0,100000000,ok
80cfc810-5998-4d88-abef-2946fea9003b,fc14c966-5d59-46ff-8324-7d2bad0d27d3,npu-d075-r001,npu-d075,1,1,3,NPU,,75,cpu_not_applicable,,,,,,,74.9934287431796,1345861890000000,146.769237782,86.151642274,cooling,26.149644774,34.9,33.0,34.6,34.5,0,120000000,ok
80cfc810-5998-4d88-abef-2946fea9003b,fc14c966-5d59-46ff-8324-7d2bad0d27d3,npu-d075-r001,npu-d075,1,1,3,NPU,,75,cpu_not_applicable,,,,,,,74.9934287431796,1345862815000000,147.694237782,87.076642274,cooling,27.074644774,34.9,33.0,34.6,34.5,0,115000000,ok
80cfc810-5998-4d88-abef-2946fea9003b,fc14c966-5d59-46ff-8324-7d2bad0d27d3,npu-d075-r001,npu-d075,1,1,3,NPU,,75,cpu_not_applicable,,,,,,,74.9934287431796,1345863825000000,148.704237782,88.086642274,cooling,28.084644774,34.9,33.0,34.6,34.5,0,105000000,ok
80cfc810-5998-4d88-abef-2946fea9003b,fc14c966-5d59-46ff-8324-7d2bad0d27d3,npu-d075-r001,npu-d075,1,1,3,NPU,,75,cpu_not_applicable,,,,,,,74.9934287431796,1345864850000000,149.729237782,89.111642274,cooling,29.109644774,34.9,33.0,34.6,34.5,0,100000000,ok
80cfc810-5998-4d88-abef-2946fea9003b,fc14c966-5d59-46ff-8324-7d2bad0d27d3,npu-d075-r001,npu-d075,1,1,3,NPU,,75,cpu_not_applicable,,,,,,,74.9934287431796,1345865855000000,150.734237782,90.116642274,cooling,30.114644774,34.9,33.0,34.6,34.5,0,95000000,ok
80cfc810-5998-4d88-abef-2946fea9003b,fc14c966-5d59-46ff-8324-7d2bad0d27d3,npu-d075-r001,npu-d075,1,1,3,NPU,,75,cpu_not_applicable,,,,,,,74.9934287431796,1345866905000000,151.784237782,91.166642274,cooling,31.164644774,34.9,33.0,34.6,34.5,0,115000000,ok
80cfc810-5998-4d88-abef-2946fea9003b,fc14c966-5d59-46ff-8324-7d2bad0d27d3,npu-d075-r001,npu-d075,1,1,3,NPU,,75,cpu_not_applicable,,,,,,,74.9934287431796,1345867815000000,152.694237782,92.076642274,cooling,32.074644774,34.9,33.0,34.6,34.5,0,115000000,ok
80cfc810-5998-4d88-abef-2946fea9003b,fc14c966-5d59-46ff-8324-7d2bad0d27d3,npu-d075-r001,npu-d075,1,1,3,NPU,,75,cpu_not_applicable,,,,,,,74.9934287431796,1345868810000000,153.689237782,93.071642274,cooling,33.069644774,34.9,33.0,34.6,34.5,0,90000000,ok
80cfc810-5998-4d88-abef-2946fea9003b,fc14c966-5d59-46ff-8324-7d2bad0d27d3,npu-d075-r001,npu-d075,1,1,3,NPU,,75,cpu_not_applicable,,,,,,,74.9934287431796,1345869865000000,154.744237782,94.126642274,cooling,34.124644774,34.9,33.0,34.6,34.5,0,105000000,ok
80cfc810-5998-4d88-abef-2946fea9003b,fc14c966-5d59-46ff-8324-7d2bad0d27d3,npu-d075-r001,npu-d075,1,1,3,NPU,,75,cpu_not_applicable,,,,,,,74.9934287431796,1345870875000000,155.754237782,95.136642274,cooling,35.134644774,34.9,33.0,34.6,34.5,0,95000000,ok
80cfc810-5998-4d88-abef-2946fea9003b,fc14c966-5d59-46ff-8324-7d2bad0d27d3,npu-d075-r001,npu-d075,1,1,3,NPU,,75,cpu_not_applicable,,,,,,,74.9934287431796,1345871935000000,156.814237782,96.196642274,cooling,36.194644774,34.5,32.8,34.1,34.3,0,125000000,ok
80cfc810-5998-4d88-abef-2946fea9003b,fc14c966-5d59-46ff-8324-7d2bad0d27d3,npu-d075-r001,npu-d075,1,1,3,NPU,,75,cpu_not_applicable,,,,,,,74.9934287431796,1345872810000000,157.689237782,97.071642274,cooling,37.069644774,34.5,32.8,34.1,34.3,0,110000000,ok
80cfc810-5998-4d88-abef-2946fea9003b,fc14c966-5d59-46ff-8324-7d2bad0d27d3,npu-d075-r001,npu-d075,1,1,3,NPU,,75,cpu_not_applicable,,,,,,,74.9934287431796,1345873865000000,158.744237782,98.126642274,cooling,38.124644774,34.5,32.8,34.1,34.3,0,105000000,ok
80cfc810-5998-4d88-abef-2946fea9003b,fc14c966-5d59-46ff-8324-7d2bad0d27d3,npu-d075-r001,npu-d075,1,1,3,NPU,,75,cpu_not_applicable,,,,,,,74.9934287431796,1345874870000000,159.749237782,99.131642274,cooling,39.129644774,34.5,32.8,34.1,34.3,0,90000000,ok
80cfc810-5998-4d88-abef-2946fea9003b,fc14c966-5d59-46ff-8324-7d2bad0d27d3,npu-d075-r001,npu-d075,1,1,3,NPU,,75,cpu_not_applicable,,,,,,,74.9934287431796,1345875925000000,160.804237782,100.186642274,cooling,40.184644774,34.5,32.8,34.1,34.3,0,125000000,ok
80cfc810-5998-4d88-abef-2946fea9003b,fc14c966-5d59-46ff-8324-7d2bad0d27d3,npu-d075-r001,npu-d075,1,1,3,NPU,,75,cpu_not_applicable,,,,,,,74.9934287431796,1345876960000000,161.839237782,101.221642274,cooling,41.219644774,34.5,32.8,34.1,34.3,0,130000000,ok
80cfc810-5998-4d88-abef-2946fea9003b,fc14c966-5d59-46ff-8324-7d2bad0d27d3,npu-d075-r001,npu-d075,1,1,3,NPU,,75,cpu_not_applicable,,,,,,,74.9934287431796,1345877845000000,162.724237782,102.106642274,cooling,42.104644774,34.5,32.8,34.1,34.3,0,95000000,ok
80cfc810-5998-4d88-abef-2946fea9003b,fc14c966-5d59-46ff-8324-7d2bad0d27d3,npu-d075-r001,npu-d075,1,1,3,NPU,,75,cpu_not_applicable,,,,,,,74.9934287431796,1345878840000000,163.719237782,103.101642274,cooling,43.099644774,34.5,32.8,34.1,34.3,0,110000000,ok
80cfc810-5998-4d88-abef-2946fea9003b,fc14c966-5d59-46ff-8324-7d2bad0d27d3,npu-d075-r001,npu-d075,1,1,3,NPU,,75,cpu_not_applicable,,,,,,,74.9934287431796,1345879940000000,164.819237782,104.201642274,cooling,44.199644774,34.5,32.8,34.1,34.3,0,110000000,ok
80cfc810-5998-4d88-abef-2946fea9003b,fc14c966-5d59-46ff-8324-7d2bad0d27d3,npu-d075-r001,npu-d075,1,1,3,NPU,,75,cpu_not_applicable,,,,,,,74.9934287431796,1345880905000000,165.784237782,105.166642274,cooling,45.164644774,34.5,32.8,34.1,34.3,0,95000000,ok
80cfc810-5998-4d88-abef-2946fea9003b,fc14c966-5d59-46ff-8324-7d2bad0d27d3,npu-d075-r001,npu-d075,1,1,3,NPU,,75,cpu_not_applicable,,,,,,,74.9934287431796,1345881875000000,166.754237782,106.136642274,cooling,46.134644774,34.2,32.6,33.8,34.1,0,135000000,ok
80cfc810-5998-4d88-abef-2946fea9003b,fc14c966-5d59-46ff-8324-7d2bad0d27d3,npu-d075-r001,npu-d075,1,1,3,NPU,,75,cpu_not_applicable,,,,,,,74.9934287431796,1345882860000000,167.739237782,107.121642274,cooling,47.119644774,34.2,32.6,33.8,34.1,0,90000000,ok
80cfc810-5998-4d88-abef-2946fea9003b,fc14c966-5d59-46ff-8324-7d2bad0d27d3,npu-d075-r001,npu-d075,1,1,3,NPU,,75,cpu_not_applicable,,,,,,,74.9934287431796,1345883885000000,168.764237782,108.146642274,cooling,48.144644774,34.2,32.6,33.8,34.1,0,95000000,ok
80cfc810-5998-4d88-abef-2946fea9003b,fc14c966-5d59-46ff-8324-7d2bad0d27d3,npu-d075-r001,npu-d075,1,1,3,NPU,,75,cpu_not_applicable,,,,,,,74.9934287431796,1345884930000000,169.809237782,109.191642274,cooling,49.189644774,34.2,32.6,33.8,34.1,0,120000000,ok
80cfc810-5998-4d88-abef-2946fea9003b,fc14c966-5d59-46ff-8324-7d2bad0d27d3,npu-d075-r001,npu-d075,1,1,3,NPU,,75,cpu_not_applicable,,,,,,,74.9934287431796,1345885820000000,170.699237782,110.081642274,cooling,50.079644774,34.2,32.6,33.8,34.1,0,80000000,ok
80cfc810-5998-4d88-abef-2946fea9003b,fc14c966-5d59-46ff-8324-7d2bad0d27d3,npu-d075-r001,npu-d075,1,1,3,NPU,,75,cpu_not_applicable,,,,,,,74.9934287431796,1345886870000000,171.749237782,111.131642274,cooling,51.129644774,34.2,32.6,33.8,34.1,0,110000000,ok
80cfc810-5998-4d88-abef-2946fea9003b,fc14c966-5d59-46ff-8324-7d2bad0d27d3,npu-d075-r001,npu-d075,1,1,3,NPU,,75,cpu_not_applicable,,,,,,,74.9934287431796,1345887810000000,172.689237782,112.071642274,cooling,52.069644774,34.2,32.6,33.8,34.1,0,90000000,ok
80cfc810-5998-4d88-abef-2946fea9003b,fc14c966-5d59-46ff-8324-7d2bad0d27d3,npu-d075-r001,npu-d075,1,1,3,NPU,,75,cpu_not_applicable,,,,,,,74.9934287431796,1345888820000000,173.699237782,113.081642274,cooling,53.079644774,34.2,32.6,33.8,34.1,0,100000000,ok
80cfc810-5998-4d88-abef-2946fea9003b,fc14c966-5d59-46ff-8324-7d2bad0d27d3,npu-d075-r001,npu-d075,1,1,3,NPU,,75,cpu_not_applicable,,,,,,,74.9934287431796,1345889970000000,174.849237782,114.231642274,cooling,54.229644774,34.2,32.6,33.8,34.1,0,130000000,ok
80cfc810-5998-4d88-abef-2946fea9003b,fc14c966-5d59-46ff-8324-7d2bad0d27d3,npu-d075-r001,npu-d075,1,1,3,NPU,,75,cpu_not_applicable,,,,,,,74.9934287431796,1345890840000000,175.719237782,115.101642274,cooling,55.099644774,34.2,32.6,33.8,34.1,0,90000000,ok
80cfc810-5998-4d88-abef-2946fea9003b,fc14c966-5d59-46ff-8324-7d2bad0d27d3,npu-d075-r001,npu-d075,1,1,3,NPU,,75,cpu_not_applicable,,,,,,,74.9934287431796,1345891885000000,176.764237782,116.146642274,cooling,56.144644774,34.0,32.5,33.4,33.9,0,105000000,ok
80cfc810-5998-4d88-abef-2946fea9003b,fc14c966-5d59-46ff-8324-7d2bad0d27d3,npu-d075-r001,npu-d075,1,1,3,NPU,,75,cpu_not_applicable,,,,,,,74.9934287431796,1345892895000000,177.774237782,117.156642274,cooling,57.154644774,34.0,32.5,33.4,33.9,0,95000000,ok
80cfc810-5998-4d88-abef-2946fea9003b,fc14c966-5d59-46ff-8324-7d2bad0d27d3,npu-d075-r001,npu-d075,1,1,3,NPU,,75,cpu_not_applicable,,,,,,,74.9934287431796,1345893830000000,178.709237782,118.091642274,cooling,58.089644774,34.0,32.5,33.4,33.9,0,100000000,ok
80cfc810-5998-4d88-abef-2946fea9003b,fc14c966-5d59-46ff-8324-7d2bad0d27d3,npu-d075-r001,npu-d075,1,1,3,NPU,,75,cpu_not_applicable,,,,,,,74.9934287431796,1345894850000000,179.729237782,119.111642274,cooling,59.109644774,34.0,32.5,33.4,33.9,0,100000000,ok
80cfc810-5998-4d88-abef-2946fea9003b,fc14c966-5d59-46ff-8324-7d2bad0d27d3,npu-d075-r001,npu-d075,1,1,3,NPU,,75,cpu_not_applicable,,,,,,,74.9934287431796,1345895860000000,180.739237782,120.121642274,cooling,60.119644774,34.0,32.5,33.4,33.9,0,100000000,ok
80cfc810-5998-4d88-abef-2946fea9003b,fc14c966-5d59-46ff-8324-7d2bad0d27d3,npu-d075-r001,npu-d075,1,1,3,NPU,,75,cpu_not_applicable,,,,,,,74.9934287431796,1345896930000000,181.809237782,121.191642274,cooling,61.189644774,34.0,32.5,33.4,33.9,0,150000000,ok
80cfc810-5998-4d88-abef-2946fea9003b,fc14c966-5d59-46ff-8324-7d2bad0d27d3,npu-d075-r001,npu-d075,1,1,3,NPU,,75,cpu_not_applicable,,,,,,,74.9934287431796,1345897865000000,182.744237782,122.126642274,cooling,62.124644774,34.0,32.5,33.4,33.9,0,115000000,ok
80cfc810-5998-4d88-abef-2946fea9003b,fc14c966-5d59-46ff-8324-7d2bad0d27d3,npu-d075-r001,npu-d075,1,1,3,NPU,,75,cpu_not_applicable,,,,,,,74.9934287431796,1345898955000000,183.834237782,123.216642274,cooling,63.214644774,34.0,32.5,33.4,33.9,0,235000000,ok
80cfc810-5998-4d88-abef-2946fea9003b,fc14c966-5d59-46ff-8324-7d2bad0d27d3,npu-d075-r001,npu-d075,1,1,3,NPU,,75,cpu_not_applicable,,,,,,,74.9934287431796,1345899955000000,184.834237782,124.216642274,cooling,64.214644774,34.0,32.5,33.4,33.9,0,155000000,ok
80cfc810-5998-4d88-abef-2946fea9003b,fc14c966-5d59-46ff-8324-7d2bad0d27d3,npu-d075-r001,npu-d075,1,1,3,NPU,,75,cpu_not_applicable,,,,,,,74.9934287431796,1345900935000000,185.814237782,125.196642274,cooling,65.194644774,34.0,32.5,33.4,33.9,0,225000000,ok
80cfc810-5998-4d88-abef-2946fea9003b,fc14c966-5d59-46ff-8324-7d2bad0d27d3,npu-d075-r001,npu-d075,1,1,3,NPU,,75,cpu_not_applicable,,,,,,,74.9934287431796,1345901935000000,186.814237782,126.196642274,cooling,66.194644774,34.3,32.3,33.5,33.7,0,225000000,ok
80cfc810-5998-4d88-abef-2946fea9003b,fc14c966-5d59-46ff-8324-7d2bad0d27d3,npu-d075-r001,npu-d075,1,1,3,NPU,,75,cpu_not_applicable,,,,,,,74.9934287431796,1345902825000000,187.704237782,127.086642274,cooling,67.084644774,34.3,32.3,33.5,33.7,0,95000000,ok
80cfc810-5998-4d88-abef-2946fea9003b,fc14c966-5d59-46ff-8324-7d2bad0d27d3,npu-d075-r001,npu-d075,1,1,3,NPU,,75,cpu_not_applicable,,,,,,,74.9934287431796,1345903860000000,188.739237782,128.121642274,cooling,68.119644774,34.3,32.3,33.5,33.7,0,100000000,ok
80cfc810-5998-4d88-abef-2946fea9003b,fc14c966-5d59-46ff-8324-7d2bad0d27d3,npu-d075-r001,npu-d075,1,1,3,NPU,,75,cpu_not_applicable,,,,,,,74.9934287431796,1345904835000000,189.714237782,129.096642274,cooling,69.094644774,34.3,32.3,33.5,33.7,0,105000000,ok
80cfc810-5998-4d88-abef-2946fea9003b,fc14c966-5d59-46ff-8324-7d2bad0d27d3,npu-d075-r001,npu-d075,1,1,3,NPU,,75,cpu_not_applicable,,,,,,,74.9934287431796,1345905910000000,190.789237782,130.171642274,cooling,70.169644774,34.3,32.3,33.5,33.7,0,100000000,ok
80cfc810-5998-4d88-abef-2946fea9003b,fc14c966-5d59-46ff-8324-7d2bad0d27d3,npu-d075-r001,npu-d075,1,1,3,NPU,,75,cpu_not_applicable,,,,,,,74.9934287431796,1345906965000000,191.844237782,131.226642274,cooling,71.224644774,34.3,32.3,33.5,33.7,0,135000000,ok
80cfc810-5998-4d88-abef-2946fea9003b,fc14c966-5d59-46ff-8324-7d2bad0d27d3,npu-d075-r001,npu-d075,1,1,3,NPU,,75,cpu_not_applicable,,,,,,,74.9934287431796,1345907970000000,192.849237782,132.231642274,cooling,72.229644774,34.3,32.3,33.5,33.7,0,130000000,ok
80cfc810-5998-4d88-abef-2946fea9003b,fc14c966-5d59-46ff-8324-7d2bad0d27d3,npu-d075-r001,npu-d075,1,1,3,NPU,,75,cpu_not_applicable,,,,,,,74.9934287431796,1345908870000000,193.749237782,133.131642274,cooling,73.129644774,34.3,32.3,33.5,33.7,0,100000000,ok
80cfc810-5998-4d88-abef-2946fea9003b,fc14c966-5d59-46ff-8324-7d2bad0d27d3,npu-d075-r001,npu-d075,1,1,3,NPU,,75,cpu_not_applicable,,,,,,,74.9934287431796,1345909890000000,194.769237782,134.151642274,cooling,74.149644774,34.3,32.3,33.5,33.7,0,80000000,ok
80cfc810-5998-4d88-abef-2946fea9003b,fc14c966-5d59-46ff-8324-7d2bad0d27d3,npu-d075-r001,npu-d075,1,1,3,NPU,,75,cpu_not_applicable,,,,,,,74.9934287431796,1345910925000000,195.804237782,135.186642274,cooling,75.184644774,34.3,32.3,33.5,33.7,0,105000000,ok
80cfc810-5998-4d88-abef-2946fea9003b,fc14c966-5d59-46ff-8324-7d2bad0d27d3,npu-d075-r001,npu-d075,1,1,3,NPU,,75,cpu_not_applicable,,,,,,,74.9934287431796,1345911975000000,196.854237782,136.236642274,cooling,76.234644774,33.9,32.3,33.4,33.9,0,125000000,ok
80cfc810-5998-4d88-abef-2946fea9003b,fc14c966-5d59-46ff-8324-7d2bad0d27d3,npu-d075-r001,npu-d075,1,1,3,NPU,,75,cpu_not_applicable,,,,,,,74.9934287431796,1345913005000000,197.884237782,137.266642274,cooling,77.264644774,33.9,32.3,33.4,33.9,0,135000000,ok
80cfc810-5998-4d88-abef-2946fea9003b,fc14c966-5d59-46ff-8324-7d2bad0d27d3,npu-d075-r001,npu-d075,1,1,3,NPU,,75,cpu_not_applicable,,,,,,,74.9934287431796,1345913890000000,198.769237782,138.151642274,cooling,78.149644774,33.9,32.3,33.4,33.9,0,100000000,ok
80cfc810-5998-4d88-abef-2946fea9003b,fc14c966-5d59-46ff-8324-7d2bad0d27d3,npu-d075-r001,npu-d075,1,1,3,NPU,,75,cpu_not_applicable,,,,,,,74.9934287431796,1345914910000000,199.789237782,139.171642274,cooling,79.169644774,33.9,32.3,33.4,33.9,0,90000000,ok
80cfc810-5998-4d88-abef-2946fea9003b,fc14c966-5d59-46ff-8324-7d2bad0d27d3,npu-d075-r001,npu-d075,1,1,3,NPU,,75,cpu_not_applicable,,,,,,,74.9934287431796,1345915935000000,200.814237782,140.196642274,cooling,80.194644774,33.9,32.3,33.4,33.9,0,105000000,ok
80cfc810-5998-4d88-abef-2946fea9003b,fc14c966-5d59-46ff-8324-7d2bad0d27d3,npu-d075-r001,npu-d075,1,1,3,NPU,,75,cpu_not_applicable,,,,,,,74.9934287431796,1345916975000000,201.854237782,141.236642274,cooling,81.234644774,33.9,32.3,33.4,33.9,0,105000000,ok
80cfc810-5998-4d88-abef-2946fea9003b,fc14c966-5d59-46ff-8324-7d2bad0d27d3,npu-d075-r001,npu-d075,1,1,3,NPU,,75,cpu_not_applicable,,,,,,,74.9934287431796,1345918075000000,202.954237782,142.336642274,cooling,82.334644774,33.9,32.3,33.4,33.9,0,115000000,ok
80cfc810-5998-4d88-abef-2946fea9003b,fc14c966-5d59-46ff-8324-7d2bad0d27d3,npu-d075-r001,npu-d075,1,1,3,NPU,,75,cpu_not_applicable,,,,,,,74.9934287431796,1345918895000000,203.774237782,143.156642274,cooling,83.154644774,33.9,32.3,33.4,33.9,0,95000000,ok
80cfc810-5998-4d88-abef-2946fea9003b,fc14c966-5d59-46ff-8324-7d2bad0d27d3,npu-d075-r001,npu-d075,1,1,3,NPU,,75,cpu_not_applicable,,,,,,,74.9934287431796,1345919915000000,204.794237782,144.176642274,cooling,84.174644774,33.9,32.3,33.4,33.9,0,75000000,ok
80cfc810-5998-4d88-abef-2946fea9003b,fc14c966-5d59-46ff-8324-7d2bad0d27d3,npu-d075-r001,npu-d075,1,1,3,NPU,,75,cpu_not_applicable,,,,,,,74.9934287431796,1345920955000000,205.834237782,145.216642274,cooling,85.214644774,33.9,32.3,33.4,33.9,0,95000000,ok
80cfc810-5998-4d88-abef-2946fea9003b,fc14c966-5d59-46ff-8324-7d2bad0d27d3,npu-d075-r001,npu-d075,1,1,3,NPU,,75,cpu_not_applicable,,,,,,,74.9934287431796,1345922025000000,206.904237782,146.286642274,cooling,86.284644774,33.6,32.2,33.1,33.8,0,115000000,ok
80cfc810-5998-4d88-abef-2946fea9003b,fc14c966-5d59-46ff-8324-7d2bad0d27d3,npu-d075-r001,npu-d075,1,1,3,NPU,,75,cpu_not_applicable,,,,,,,74.9934287431796,1345923025000000,207.904237782,147.286642274,cooling,87.284644774,33.6,32.2,33.1,33.8,0,115000000,ok
80cfc810-5998-4d88-abef-2946fea9003b,fc14c966-5d59-46ff-8324-7d2bad0d27d3,npu-d075-r001,npu-d075,1,1,3,NPU,,75,cpu_not_applicable,,,,,,,74.9934287431796,1345923930000000,208.809237782,148.191642274,cooling,88.189644774,33.6,32.2,33.1,33.8,0,100000000,ok
80cfc810-5998-4d88-abef-2946fea9003b,fc14c966-5d59-46ff-8324-7d2bad0d27d3,npu-d075-r001,npu-d075,1,1,3,NPU,,75,cpu_not_applicable,,,,,,,74.9934287431796,1345924985000000,209.864237782,149.246642274,cooling,89.244644774,33.6,32.2,33.1,33.8,0,95000000,ok
80cfc810-5998-4d88-abef-2946fea9003b,fc14c966-5d59-46ff-8324-7d2bad0d27d3,npu-d075-r001,npu-d075,1,1,3,NPU,,75,cpu_not_applicable,,,,,,,74.9934287431796,1345925940000000,210.819237782,150.201642274,cooling,90.199644774,33.6,32.2,33.1,33.8,0,90000000,ok
80cfc810-5998-4d88-abef-2946fea9003b,fc14c966-5d59-46ff-8324-7d2bad0d27d3,npu-d075-r001,npu-d075,1,1,3,NPU,,75,cpu_not_applicable,,,,,,,74.9934287431796,1345927035000000,211.914237782,151.296642274,cooling,91.294644774,33.6,32.2,33.1,33.8,0,105000000,ok
80cfc810-5998-4d88-abef-2946fea9003b,fc14c966-5d59-46ff-8324-7d2bad0d27d3,npu-d075-r001,npu-d075,1,1,3,NPU,,75,cpu_not_applicable,,,,,,,74.9934287431796,1345928035000000,212.914237782,152.296642274,cooling,92.294644774,33.6,32.2,33.1,33.8,0,105000000,ok
80cfc810-5998-4d88-abef-2946fea9003b,fc14c966-5d59-46ff-8324-7d2bad0d27d3,npu-d075-r001,npu-d075,1,1,3,NPU,,75,cpu_not_applicable,,,,,,,74.9934287431796,1345929085000000,213.964237782,153.346642274,cooling,93.344644774,33.6,32.2,33.1,33.8,0,115000000,ok
80cfc810-5998-4d88-abef-2946fea9003b,fc14c966-5d59-46ff-8324-7d2bad0d27d3,npu-d075-r001,npu-d075,1,1,3,NPU,,75,cpu_not_applicable,,,,,,,74.9934287431796,1345930120000000,214.999237782,154.381642274,cooling,94.379644774,33.6,32.2,33.1,33.8,0,140000000,ok
80cfc810-5998-4d88-abef-2946fea9003b,fc14c966-5d59-46ff-8324-7d2bad0d27d3,npu-d075-r001,npu-d075,1,1,3,NPU,,75,cpu_not_applicable,,,,,,,74.9934287431796,1345930990000000,215.869237782,155.251642274,cooling,95.249644774,33.6,32.2,33.1,33.8,0,100000000,ok
80cfc810-5998-4d88-abef-2946fea9003b,fc14c966-5d59-46ff-8324-7d2bad0d27d3,npu-d075-r001,npu-d075,1,1,3,NPU,,75,cpu_not_applicable,,,,,,,74.9934287431796,1345931980000000,216.859237782,156.241642274,cooling,96.239644774,33.4,32.2,33.0,33.7,0,100000000,ok
80cfc810-5998-4d88-abef-2946fea9003b,fc14c966-5d59-46ff-8324-7d2bad0d27d3,npu-d075-r001,npu-d075,1,1,3,NPU,,75,cpu_not_applicable,,,,,,,74.9934287431796,1345933055000000,217.934237782,157.316642274,cooling,97.314644774,33.4,32.2,33.0,33.7,0,105000000,ok
80cfc810-5998-4d88-abef-2946fea9003b,fc14c966-5d59-46ff-8324-7d2bad0d27d3,npu-d075-r001,npu-d075,1,1,3,NPU,,75,cpu_not_applicable,,,,,,,74.9934287431796,1345934050000000,218.929237782,158.311642274,cooling,98.309644774,33.4,32.2,33.0,33.7,0,90000000,ok
80cfc810-5998-4d88-abef-2946fea9003b,fc14c966-5d59-46ff-8324-7d2bad0d27d3,npu-d075-r001,npu-d075,1,1,3,NPU,,75,cpu_not_applicable,,,,,,,74.9934287431796,1345935120000000,219.999237782,159.381642274,cooling,99.379644774,33.4,32.2,33.0,33.7,0,130000000,ok
80cfc810-5998-4d88-abef-2946fea9003b,fc14c966-5d59-46ff-8324-7d2bad0d27d3,npu-d075-r001,npu-d075,1,1,3,NPU,,75,cpu_not_applicable,,,,,,,74.9934287431796,1345936165000000,221.044237782,160.426642274,cooling,100.424644774,33.4,32.2,33.0,33.7,0,145000000,ok
80cfc810-5998-4d88-abef-2946fea9003b,fc14c966-5d59-46ff-8324-7d2bad0d27d3,npu-d075-r001,npu-d075,1,1,3,NPU,,75,cpu_not_applicable,,,,,,,74.9934287431796,1345937045000000,221.924237782,161.306642274,cooling,101.304644774,33.4,32.2,33.0,33.7,0,105000000,ok
80cfc810-5998-4d88-abef-2946fea9003b,fc14c966-5d59-46ff-8324-7d2bad0d27d3,npu-d075-r001,npu-d075,1,1,3,NPU,,75,cpu_not_applicable,,,,,,,74.9934287431796,1345938020000000,222.899237782,162.281642274,cooling,102.279644774,33.4,32.2,33.0,33.7,0,90000000,ok
80cfc810-5998-4d88-abef-2946fea9003b,fc14c966-5d59-46ff-8324-7d2bad0d27d3,npu-d075-r001,npu-d075,1,1,3,NPU,,75,cpu_not_applicable,,,,,,,74.9934287431796,1345939100000000,223.979237782,163.361642274,cooling,103.359644774,33.4,32.2,33.0,33.7,0,120000000,ok
80cfc810-5998-4d88-abef-2946fea9003b,fc14c966-5d59-46ff-8324-7d2bad0d27d3,npu-d075-r001,npu-d075,1,1,3,NPU,,75,cpu_not_applicable,,,,,,,74.9934287431796,1345940155000000,225.034237782,164.416642274,cooling,104.414644774,33.4,32.2,33.0,33.7,0,135000000,ok
80cfc810-5998-4d88-abef-2946fea9003b,fc14c966-5d59-46ff-8324-7d2bad0d27d3,npu-d075-r001,npu-d075,1,1,3,NPU,,75,cpu_not_applicable,,,,,,,74.9934287431796,1345941030000000,225.909237782,165.291642274,cooling,105.289644774,33.4,32.2,33.0,33.7,0,100000000,ok
80cfc810-5998-4d88-abef-2946fea9003b,fc14c966-5d59-46ff-8324-7d2bad0d27d3,npu-d075-r001,npu-d075,1,1,3,NPU,,75,cpu_not_applicable,,,,,,,74.9934287431796,1345942040000000,226.919237782,166.301642274,cooling,106.299644774,33.3,32.1,32.9,33.6,0,100000000,ok
80cfc810-5998-4d88-abef-2946fea9003b,fc14c966-5d59-46ff-8324-7d2bad0d27d3,npu-d075-r001,npu-d075,1,1,3,NPU,,75,cpu_not_applicable,,,,,,,74.9934287431796,1345943105000000,227.984237782,167.366642274,cooling,107.364644774,33.3,32.1,32.9,33.6,0,125000000,ok
80cfc810-5998-4d88-abef-2946fea9003b,fc14c966-5d59-46ff-8324-7d2bad0d27d3,npu-d075-r001,npu-d075,1,1,3,NPU,,75,cpu_not_applicable,,,,,,,74.9934287431796,1345944130000000,229.009237782,168.391642274,cooling,108.389644774,33.3,32.1,32.9,33.6,0,130000000,ok
80cfc810-5998-4d88-abef-2946fea9003b,fc14c966-5d59-46ff-8324-7d2bad0d27d3,npu-d075-r001,npu-d075,1,1,3,NPU,,75,cpu_not_applicable,,,,,,,74.9934287431796,1345945025000000,229.904237782,169.286642274,cooling,109.284644774,33.3,32.1,32.9,33.6,0,105000000,ok
80cfc810-5998-4d88-abef-2946fea9003b,fc14c966-5d59-46ff-8324-7d2bad0d27d3,npu-d075-r001,npu-d075,1,1,3,NPU,,75,cpu_not_applicable,,,,,,,74.9934287431796,1345946030000000,230.909237782,170.291642274,cooling,110.289644774,33.3,32.1,32.9,33.6,0,90000000,ok
80cfc810-5998-4d88-abef-2946fea9003b,fc14c966-5d59-46ff-8324-7d2bad0d27d3,npu-d075-r001,npu-d075,1,1,3,NPU,,75,cpu_not_applicable,,,,,,,74.9934287431796,1345946980000000,231.859237782,171.241642274,cooling,111.239644774,33.3,32.1,32.9,33.6,0,90000000,ok
80cfc810-5998-4d88-abef-2946fea9003b,fc14c966-5d59-46ff-8324-7d2bad0d27d3,npu-d075-r001,npu-d075,1,1,3,NPU,,75,cpu_not_applicable,,,,,,,74.9934287431796,1345948130000000,233.009237782,172.391642274,cooling,112.389644774,33.3,32.1,32.9,33.6,0,130000000,ok
80cfc810-5998-4d88-abef-2946fea9003b,fc14c966-5d59-46ff-8324-7d2bad0d27d3,npu-d075-r001,npu-d075,1,1,3,NPU,,75,cpu_not_applicable,,,,,,,74.9934287431796,1345949015000000,233.894237782,173.276642274,cooling,113.274644774,33.3,32.1,32.9,33.6,0,95000000,ok
80cfc810-5998-4d88-abef-2946fea9003b,fc14c966-5d59-46ff-8324-7d2bad0d27d3,npu-d075-r001,npu-d075,1,1,3,NPU,,75,cpu_not_applicable,,,,,,,74.9934287431796,1345950050000000,234.929237782,174.311642274,cooling,114.309644774,33.3,32.1,32.9,33.6,0,110000000,ok
80cfc810-5998-4d88-abef-2946fea9003b,fc14c966-5d59-46ff-8324-7d2bad0d27d3,npu-d075-r001,npu-d075,1,1,3,NPU,,75,cpu_not_applicable,,,,,,,74.9934287431796,1345951105000000,235.984237782,175.366642274,cooling,115.364644774,33.3,32.1,32.9,33.6,0,105000000,ok
80cfc810-5998-4d88-abef-2946fea9003b,fc14c966-5d59-46ff-8324-7d2bad0d27d3,npu-d075-r001,npu-d075,1,1,3,NPU,,75,cpu_not_applicable,,,,,,,74.9934287431796,1345952100000000,236.979237782,176.361642274,cooling,116.359644774,33.2,32.0,32.8,33.5,0,110000000,ok
80cfc810-5998-4d88-abef-2946fea9003b,fc14c966-5d59-46ff-8324-7d2bad0d27d3,npu-d075-r001,npu-d075,1,1,3,NPU,,75,cpu_not_applicable,,,,,,,74.9934287431796,1345953000000000,237.879237782,177.261642274,cooling,117.259644774,33.2,32.0,32.8,33.5,0,90000000,ok
80cfc810-5998-4d88-abef-2946fea9003b,fc14c966-5d59-46ff-8324-7d2bad0d27d3,npu-d075-r001,npu-d075,1,1,3,NPU,,75,cpu_not_applicable,,,,,,,74.9934287431796,1345954035000000,238.914237782,178.296642274,cooling,118.294644774,33.2,32.0,32.8,33.5,0,105000000,ok
80cfc810-5998-4d88-abef-2946fea9003b,fc14c966-5d59-46ff-8324-7d2bad0d27d3,npu-d075-r001,npu-d075,1,1,3,NPU,,75,cpu_not_applicable,,,,,,,74.9934287431796,1345955055000000,239.934237782,179.316642274,cooling,119.314644774,33.2,32.0,32.8,33.5,0,95000000,ok
80cfc810-5998-4d88-abef-2946fea9003b,fc14c966-5d59-46ff-8324-7d2bad0d27d3,npu-d075-r001,npu-d075,1,1,3,NPU,,75,cpu_not_applicable,,,,,,,74.9934287431796,1345956085000000,240.964237782,180.346642274,cooling,120.344644774,33.2,32.0,32.8,33.5,0,105000000,ok
80cfc810-5998-4d88-abef-2946fea9003b,fc14c966-5d59-46ff-8324-7d2bad0d27d3,npu-d075-r001,npu-d075,1,1,3,NPU,,75,cpu_not_applicable,,,,,,,74.9934287431796,1345957160000000,242.039237782,181.421642274,cooling,121.419644774,33.2,32.0,32.8,33.5,0,120000000,ok
80cfc810-5998-4d88-abef-2946fea9003b,fc14c966-5d59-46ff-8324-7d2bad0d27d3,npu-d075-r001,npu-d075,1,1,3,NPU,,75,cpu_not_applicable,,,,,,,74.9934287431796,1345958035000000,242.914237782,182.296642274,cooling,122.294644774,33.2,32.0,32.8,33.5,0,105000000,ok
80cfc810-5998-4d88-abef-2946fea9003b,fc14c966-5d59-46ff-8324-7d2bad0d27d3,npu-d075-r001,npu-d075,1,1,3,NPU,,75,cpu_not_applicable,,,,,,,74.9934287431796,1345958965000000,243.844237782,183.226642274,cooling,123.224644774,33.2,32.0,32.8,33.5,0,85000000,ok
80cfc810-5998-4d88-abef-2946fea9003b,fc14c966-5d59-46ff-8324-7d2bad0d27d3,npu-d075-r001,npu-d075,1,1,3,NPU,,75,cpu_not_applicable,,,,,,,74.9934287431796,1345960020000000,244.899237782,184.281642274,cooling,124.279644774,33.2,32.0,32.8,33.5,0,130000000,ok
80cfc810-5998-4d88-abef-2946fea9003b,fc14c966-5d59-46ff-8324-7d2bad0d27d3,npu-d075-r001,npu-d075,1,1,3,NPU,,75,cpu_not_applicable,,,,,,,74.9934287431796,1345961085000000,245.964237782,185.346642274,cooling,125.344644774,33.2,32.0,32.8,33.5,0,85000000,ok
80cfc810-5998-4d88-abef-2946fea9003b,fc14c966-5d59-46ff-8324-7d2bad0d27d3,npu-d075-r001,npu-d075,1,1,3,NPU,,75,cpu_not_applicable,,,,,,,74.9934287431796,1345962025000000,246.904237782,186.286642274,cooling,126.284644774,33.8,32.0,33.2,33.7,0,105000000,ok
80cfc810-5998-4d88-abef-2946fea9003b,fc14c966-5d59-46ff-8324-7d2bad0d27d3,npu-d075-r001,npu-d075,1,1,3,NPU,,75,cpu_not_applicable,,,,,,,74.9934287431796,1345962945000000,247.824237782,187.206642274,cooling,127.204644774,33.8,32.0,33.2,33.7,0,85000000,ok
80cfc810-5998-4d88-abef-2946fea9003b,fc14c966-5d59-46ff-8324-7d2bad0d27d3,npu-d075-r001,npu-d075,1,1,3,NPU,,75,cpu_not_applicable,,,,,,,74.9934287431796,1345964090000000,248.969237782,188.351642274,cooling,128.349644774,33.8,32.0,33.2,33.7,0,120000000,ok
80cfc810-5998-4d88-abef-2946fea9003b,fc14c966-5d59-46ff-8324-7d2bad0d27d3,npu-d075-r001,npu-d075,1,1,3,NPU,,75,cpu_not_applicable,,,,,,,74.9934287431796,1345965115000000,249.994237782,189.376642274,cooling,129.374644774,33.8,32.0,33.2,33.7,0,125000000,ok
80cfc810-5998-4d88-abef-2946fea9003b,fc14c966-5d59-46ff-8324-7d2bad0d27d3,npu-d075-r001,npu-d075,1,1,3,NPU,,75,cpu_not_applicable,,,,,,,74.9934287431796,1345966140000000,251.019237782,190.401642274,cooling,130.399644774,33.8,32.0,33.2,33.7,0,120000000,ok
80cfc810-5998-4d88-abef-2946fea9003b,fc14c966-5d59-46ff-8324-7d2bad0d27d3,npu-d075-r001,npu-d075,1,1,3,NPU,,75,cpu_not_applicable,,,,,,,74.9934287431796,1345967040000000,251.919237782,191.301642274,cooling,131.299644774,33.8,32.0,33.2,33.7,0,90000000,ok
80cfc810-5998-4d88-abef-2946fea9003b,fc14c966-5d59-46ff-8324-7d2bad0d27d3,npu-d075-r001,npu-d075,1,1,3,NPU,,75,cpu_not_applicable,,,,,,,74.9934287431796,1345968050000000,252.929237782,192.311642274,cooling,132.309644774,33.8,32.0,33.2,33.7,0,90000000,ok
80cfc810-5998-4d88-abef-2946fea9003b,fc14c966-5d59-46ff-8324-7d2bad0d27d3,npu-d075-r001,npu-d075,1,1,3,NPU,,75,cpu_not_applicable,,,,,,,74.9934287431796,1345969125000000,254.004237782,193.386642274,cooling,133.384644774,33.8,32.0,33.2,33.7,0,135000000,ok
80cfc810-5998-4d88-abef-2946fea9003b,fc14c966-5d59-46ff-8324-7d2bad0d27d3,npu-d075-r001,npu-d075,1,1,3,NPU,,75,cpu_not_applicable,,,,,,,74.9934287431796,1345970150000000,255.029237782,194.411642274,cooling,134.409644774,33.8,32.0,33.2,33.7,0,140000000,ok
80cfc810-5998-4d88-abef-2946fea9003b,fc14c966-5d59-46ff-8324-7d2bad0d27d3,npu-d075-r001,npu-d075,1,1,3,NPU,,75,cpu_not_applicable,,,,,,,74.9934287431796,1345971170000000,256.049237782,195.431642274,cooling,135.429644774,33.8,32.0,33.2,33.7,0,140000000,ok
80cfc810-5998-4d88-abef-2946fea9003b,fc14c966-5d59-46ff-8324-7d2bad0d27d3,npu-d075-r001,npu-d075,1,1,3,NPU,,75,cpu_not_applicable,,,,,,,74.9934287431796,1345972040000000,256.919237782,196.301642274,cooling,136.299644774,33.1,31.9,32.7,33.5,0,90000000,ok
80cfc810-5998-4d88-abef-2946fea9003b,fc14c966-5d59-46ff-8324-7d2bad0d27d3,npu-d075-r001,npu-d075,1,1,3,NPU,,75,cpu_not_applicable,,,,,,,74.9934287431796,1345973085000000,257.964237782,197.346642274,cooling,137.344644774,33.1,31.9,32.7,33.5,0,95000000,ok
80cfc810-5998-4d88-abef-2946fea9003b,fc14c966-5d59-46ff-8324-7d2bad0d27d3,npu-d075-r001,npu-d075,1,1,3,NPU,,75,cpu_not_applicable,,,,,,,74.9934287431796,1345974090000000,258.969237782,198.351642274,cooling,138.349644774,33.1,31.9,32.7,33.5,0,90000000,ok
80cfc810-5998-4d88-abef-2946fea9003b,fc14c966-5d59-46ff-8324-7d2bad0d27d3,npu-d075-r001,npu-d075,1,1,3,NPU,,75,cpu_not_applicable,,,,,,,74.9934287431796,1345975175000000,260.054237782,199.436642274,cooling,139.434644774,33.1,31.9,32.7,33.5,0,105000000,ok
80cfc810-5998-4d88-abef-2946fea9003b,fc14c966-5d59-46ff-8324-7d2bad0d27d3,npu-d075-r001,npu-d075,1,1,3,NPU,,75,cpu_not_applicable,,,,,,,74.9934287431796,1345976180000000,261.059237782,200.441642274,cooling,140.439644774,33.1,31.9,32.7,33.5,0,130000000,ok
80cfc810-5998-4d88-abef-2946fea9003b,fc14c966-5d59-46ff-8324-7d2bad0d27d3,npu-d075-r001,npu-d075,1,1,3,NPU,,75,cpu_not_applicable,,,,,,,74.9934287431796,1345977195000000,262.074237782,201.456642274,cooling,141.454644774,33.1,31.9,32.7,33.5,0,115000000,ok
80cfc810-5998-4d88-abef-2946fea9003b,fc14c966-5d59-46ff-8324-7d2bad0d27d3,npu-d075-r001,npu-d075,1,1,3,NPU,,75,cpu_not_applicable,,,,,,,74.9934287431796,1345978085000000,262.964237782,202.346642274,cooling,142.344644774,33.1,31.9,32.7,33.5,0,95000000,ok
80cfc810-5998-4d88-abef-2946fea9003b,fc14c966-5d59-46ff-8324-7d2bad0d27d3,npu-d075-r001,npu-d075,1,1,3,NPU,,75,cpu_not_applicable,,,,,,,74.9934287431796,1345979120000000,263.999237782,203.381642274,cooling,143.379644774,33.1,31.9,32.7,33.5,0,100000000,ok
80cfc810-5998-4d88-abef-2946fea9003b,fc14c966-5d59-46ff-8324-7d2bad0d27d3,npu-d075-r001,npu-d075,1,1,3,NPU,,75,cpu_not_applicable,,,,,,,74.9934287431796,1345980175000000,265.054237782,204.436642274,cooling,144.434644774,33.1,31.9,32.7,33.5,0,95000000,ok
80cfc810-5998-4d88-abef-2946fea9003b,fc14c966-5d59-46ff-8324-7d2bad0d27d3,npu-d075-r001,npu-d075,1,1,3,NPU,,75,cpu_not_applicable,,,,,,,74.9934287431796,1345981200000000,266.079237782,205.461642274,cooling,145.459644774,33.1,31.9,32.7,33.5,0,90000000,ok
80cfc810-5998-4d88-abef-2946fea9003b,fc14c966-5d59-46ff-8324-7d2bad0d27d3,npu-d075-r001,npu-d075,1,1,3,NPU,,75,cpu_not_applicable,,,,,,,74.9934287431796,1345982215000000,267.094237782,206.476642274,cooling,146.474644774,32.9,31.9,32.6,33.4,0,115000000,ok
80cfc810-5998-4d88-abef-2946fea9003b,fc14c966-5d59-46ff-8324-7d2bad0d27d3,npu-d075-r001,npu-d075,1,1,3,NPU,,75,cpu_not_applicable,,,,,,,74.9934287431796,1345983265000000,268.144237782,207.526642274,cooling,147.524644774,32.9,31.9,32.6,33.4,0,115000000,ok
80cfc810-5998-4d88-abef-2946fea9003b,fc14c966-5d59-46ff-8324-7d2bad0d27d3,npu-d075-r001,npu-d075,1,1,3,NPU,,75,cpu_not_applicable,,,,,,,74.9934287431796,1345984100000000,268.979237782,208.361642274,cooling,148.359644774,32.9,31.9,32.6,33.4,0,90000000,ok
80cfc810-5998-4d88-abef-2946fea9003b,fc14c966-5d59-46ff-8324-7d2bad0d27d3,npu-d075-r001,npu-d075,1,1,3,NPU,,75,cpu_not_applicable,,,,,,,74.9934287431796,1345985170000000,270.049237782,209.431642274,cooling,149.429644774,32.9,31.9,32.6,33.4,0,100000000,ok
80cfc810-5998-4d88-abef-2946fea9003b,fc14c966-5d59-46ff-8324-7d2bad0d27d3,npu-d075-r001,npu-d075,1,1,3,NPU,,75,cpu_not_applicable,,,,,,,74.9934287431796,1345986220000000,271.099237782,210.481642274,cooling,150.479644774,32.9,31.9,32.6,33.4,0,100000000,ok
80cfc810-5998-4d88-abef-2946fea9003b,fc14c966-5d59-46ff-8324-7d2bad0d27d3,npu-d075-r001,npu-d075,1,1,3,NPU,,75,cpu_not_applicable,,,,,,,74.9934287431796,1345987235000000,272.114237782,211.496642274,cooling,151.494644774,32.9,31.9,32.6,33.4,0,125000000,ok
80cfc810-5998-4d88-abef-2946fea9003b,fc14c966-5d59-46ff-8324-7d2bad0d27d3,npu-d075-r001,npu-d075,1,1,3,NPU,,75,cpu_not_applicable,,,,,,,74.9934287431796,1345988260000000,273.139237782,212.521642274,cooling,152.519644774,32.9,31.9,32.6,33.4,0,120000000,ok
80cfc810-5998-4d88-abef-2946fea9003b,fc14c966-5d59-46ff-8324-7d2bad0d27d3,npu-d075-r001,npu-d075,1,1,3,NPU,,75,cpu_not_applicable,,,,,,,74.9934287431796,1345989145000000,274.024237782,213.406642274,cooling,153.404644774,32.9,31.9,32.6,33.4,0,95000000,ok
80cfc810-5998-4d88-abef-2946fea9003b,fc14c966-5d59-46ff-8324-7d2bad0d27d3,npu-d075-r001,npu-d075,1,1,3,NPU,,75,cpu_not_applicable,,,,,,,74.9934287431796,1345990215000000,275.094237782,214.476642274,cooling,154.474644774,32.9,31.9,32.6,33.4,0,105000000,ok
80cfc810-5998-4d88-abef-2946fea9003b,fc14c966-5d59-46ff-8324-7d2bad0d27d3,npu-d075-r001,npu-d075,1,1,3,NPU,,75,cpu_not_applicable,,,,,,,74.9934287431796,1345991170000000,276.049237782,215.431642274,cooling,155.429644774,32.9,31.9,32.6,33.4,0,80000000,ok
80cfc810-5998-4d88-abef-2946fea9003b,fc14c966-5d59-46ff-8324-7d2bad0d27d3,npu-d075-r001,npu-d075,1,1,3,NPU,,75,cpu_not_applicable,,,,,,,74.9934287431796,1345992265000000,277.144237782,216.526642274,cooling,156.524644774,33.5,31.8,32.5,33.3,0,105000000,ok
80cfc810-5998-4d88-abef-2946fea9003b,fc14c966-5d59-46ff-8324-7d2bad0d27d3,npu-d075-r001,npu-d075,1,1,3,NPU,,75,cpu_not_applicable,,,,,,,74.9934287431796,1345993300000000,278.179237782,217.561642274,cooling,157.559644774,33.5,31.8,32.5,33.3,0,100000000,ok
80cfc810-5998-4d88-abef-2946fea9003b,fc14c966-5d59-46ff-8324-7d2bad0d27d3,npu-d075-r001,npu-d075,1,1,3,NPU,,75,cpu_not_applicable,,,,,,,74.9934287431796,1345994185000000,279.064237782,218.446642274,cooling,158.444644774,33.5,31.8,32.5,33.3,0,105000000,ok
80cfc810-5998-4d88-abef-2946fea9003b,fc14c966-5d59-46ff-8324-7d2bad0d27d3,npu-d075-r001,npu-d075,1,1,3,NPU,,75,cpu_not_applicable,,,,,,,74.9934287431796,1345995140000000,280.019237782,219.401642274,cooling,159.399644774,33.5,31.8,32.5,33.3,0,90000000,ok
80cfc810-5998-4d88-abef-2946fea9003b,fc14c966-5d59-46ff-8324-7d2bad0d27d3,npu-d075-r001,npu-d075,1,1,3,NPU,,75,cpu_not_applicable,,,,,,,74.9934287431796,1345996270000000,281.149237782,220.531642274,cooling,160.529644774,33.5,31.8,32.5,33.3,0,120000000,ok
80cfc810-5998-4d88-abef-2946fea9003b,fc14c966-5d59-46ff-8324-7d2bad0d27d3,npu-d075-r001,npu-d075,1,1,3,NPU,,75,cpu_not_applicable,,,,,,,74.9934287431796,1345997285000000,282.164237782,221.546642274,cooling,161.544644774,33.5,31.8,32.5,33.3,0,155000000,ok
80cfc810-5998-4d88-abef-2946fea9003b,fc14c966-5d59-46ff-8324-7d2bad0d27d3,npu-d075-r001,npu-d075,1,1,3,NPU,,75,cpu_not_applicable,,,,,,,74.9934287431796,1345998270000000,283.149237782,222.531642274,cooling,162.529644774,33.5,31.8,32.5,33.3,0,110000000,ok
80cfc810-5998-4d88-abef-2946fea9003b,fc14c966-5d59-46ff-8324-7d2bad0d27d3,npu-d075-r001,npu-d075,1,1,3,NPU,,75,cpu_not_applicable,,,,,,,74.9934287431796,1345999190000000,284.069237782,223.451642274,cooling,163.449644774,33.5,31.8,32.5,33.3,0,100000000,ok
80cfc810-5998-4d88-abef-2946fea9003b,fc14c966-5d59-46ff-8324-7d2bad0d27d3,npu-d075-r001,npu-d075,1,1,3,NPU,,75,cpu_not_applicable,,,,,,,74.9934287431796,1346000195000000,285.074237782,224.456642274,cooling,164.454644774,33.5,31.8,32.5,33.3,0,85000000,ok
80cfc810-5998-4d88-abef-2946fea9003b,fc14c966-5d59-46ff-8324-7d2bad0d27d3,npu-d075-r001,npu-d075,1,1,3,NPU,,75,cpu_not_applicable,,,,,,,74.9934287431796,1346001275000000,286.154237782,225.536642274,cooling,165.534644774,33.5,31.8,32.5,33.3,0,105000000,ok
80cfc810-5998-4d88-abef-2946fea9003b,fc14c966-5d59-46ff-8324-7d2bad0d27d3,npu-d075-r001,npu-d075,1,1,3,NPU,,75,cpu_not_applicable,,,,,,,74.9934287431796,1346002295000000,287.174237782,226.556642274,cooling,166.554644774,32.9,31.8,32.5,33.3,0,135000000,ok
80cfc810-5998-4d88-abef-2946fea9003b,fc14c966-5d59-46ff-8324-7d2bad0d27d3,npu-d075-r001,npu-d075,1,1,3,NPU,,75,cpu_not_applicable,,,,,,,74.9934287431796,1346003265000000,288.144237782,227.526642274,cooling,167.524644774,32.9,31.8,32.5,33.3,0,95000000,ok
80cfc810-5998-4d88-abef-2946fea9003b,fc14c966-5d59-46ff-8324-7d2bad0d27d3,npu-d075-r001,npu-d075,1,1,3,NPU,,75,cpu_not_applicable,,,,,,,74.9934287431796,1346004250000000,289.129237782,228.511642274,cooling,168.509644774,32.9,31.8,32.5,33.3,0,100000000,ok
80cfc810-5998-4d88-abef-2946fea9003b,fc14c966-5d59-46ff-8324-7d2bad0d27d3,npu-d075-r001,npu-d075,1,1,3,NPU,,75,cpu_not_applicable,,,,,,,74.9934287431796,1346005160000000,290.039237782,229.421642274,cooling,169.419644774,32.9,31.8,32.5,33.3,0,70000000,ok
80cfc810-5998-4d88-abef-2946fea9003b,fc14c966-5d59-46ff-8324-7d2bad0d27d3,npu-d075-r001,npu-d075,1,1,3,NPU,,75,cpu_not_applicable,,,,,,,74.9934287431796,1346006290000000,291.169237782,230.551642274,cooling,170.549644774,32.9,31.8,32.5,33.3,0,110000000,ok
80cfc810-5998-4d88-abef-2946fea9003b,fc14c966-5d59-46ff-8324-7d2bad0d27d3,npu-d075-r001,npu-d075,1,1,3,NPU,,75,cpu_not_applicable,,,,,,,74.9934287431796,1346007280000000,292.159237782,231.541642274,cooling,171.539644774,32.9,31.8,32.5,33.3,0,90000000,ok
80cfc810-5998-4d88-abef-2946fea9003b,fc14c966-5d59-46ff-8324-7d2bad0d27d3,npu-d075-r001,npu-d075,1,1,3,NPU,,75,cpu_not_applicable,,,,,,,74.9934287431796,1346008340000000,293.219237782,232.601642274,cooling,172.599644774,32.9,31.8,32.5,33.3,0,110000000,ok
80cfc810-5998-4d88-abef-2946fea9003b,fc14c966-5d59-46ff-8324-7d2bad0d27d3,npu-d075-r001,npu-d075,1,1,3,NPU,,75,cpu_not_applicable,,,,,,,74.9934287431796,1346009270000000,294.149237782,233.531642274,cooling,173.529644774,32.9,31.8,32.5,33.3,0,100000000,ok
80cfc810-5998-4d88-abef-2946fea9003b,fc14c966-5d59-46ff-8324-7d2bad0d27d3,npu-d075-r001,npu-d075,1,1,3,NPU,,75,cpu_not_applicable,,,,,,,74.9934287431796,1346010290000000,295.169237782,234.551642274,cooling,174.549644774,32.9,31.8,32.5,33.3,0,110000000,ok
80cfc810-5998-4d88-abef-2946fea9003b,fc14c966-5d59-46ff-8324-7d2bad0d27d3,npu-d075-r001,npu-d075,1,1,3,NPU,,75,cpu_not_applicable,,,,,,,74.9934287431796,1346011260000000,296.139237782,235.521642274,cooling,175.519644774,32.9,31.8,32.5,33.3,0,90000000,ok
80cfc810-5998-4d88-abef-2946fea9003b,fc14c966-5d59-46ff-8324-7d2bad0d27d3,npu-d075-r001,npu-d075,1,1,3,NPU,,75,cpu_not_applicable,,,,,,,74.9934287431796,1346012275000000,297.154237782,236.536642274,cooling,176.534644774,32.8,31.7,32.4,33.3,0,95000000,ok
80cfc810-5998-4d88-abef-2946fea9003b,fc14c966-5d59-46ff-8324-7d2bad0d27d3,npu-d075-r001,npu-d075,1,1,3,NPU,,75,cpu_not_applicable,,,,,,,74.9934287431796,1346013230000000,298.109237782,237.491642274,cooling,177.489644774,32.8,31.7,32.4,33.3,0,90000000,ok
80cfc810-5998-4d88-abef-2946fea9003b,fc14c966-5d59-46ff-8324-7d2bad0d27d3,npu-d075-r001,npu-d075,1,1,3,NPU,,75,cpu_not_applicable,,,,,,,74.9934287431796,1346014270000000,299.149237782,238.531642274,cooling,178.529644774,32.8,31.7,32.4,33.3,0,100000000,ok
80cfc810-5998-4d88-abef-2946fea9003b,fc14c966-5d59-46ff-8324-7d2bad0d27d3,npu-d075-r001,npu-d075,1,1,3,NPU,,75,cpu_not_applicable,,,,,,,74.9934287431796,1346015395000000,300.274237782,239.656642274,cooling,179.654644774,32.8,31.7,32.4,33.3,0,125000000,ok
80cfc810-5998-4d88-abef-2946fea9003b,fc14c966-5d59-46ff-8324-7d2bad0d27d3,npu-d075-r001,npu-d075,1,1,3,NPU,,75,cpu_not_applicable,,,,,,,74.9934287431796,1346016255000000,301.134237782,240.516642274,cooling,180.514644774,32.8,31.7,32.4,33.3,0,75000000,ok
80cfc810-5998-4d88-abef-2946fea9003b,fc14c966-5d59-46ff-8324-7d2bad0d27d3,npu-d075-r001,npu-d075,1,1,3,NPU,,75,cpu_not_applicable,,,,,,,74.9934287431796,1346017325000000,302.204237782,241.586642274,cooling,181.584644774,32.8,31.7,32.4,33.3,0,105000000,ok
80cfc810-5998-4d88-abef-2946fea9003b,fc14c966-5d59-46ff-8324-7d2bad0d27d3,npu-d075-r001,npu-d075,1,1,3,NPU,,75,cpu_not_applicable,,,,,,,74.9934287431796,1346018280000000,303.159237782,242.541642274,cooling,182.539644774,32.8,31.7,32.4,33.3,0,100000000,ok
80cfc810-5998-4d88-abef-2946fea9003b,fc14c966-5d59-46ff-8324-7d2bad0d27d3,npu-d075-r001,npu-d075,1,1,3,NPU,,75,cpu_not_applicable,,,,,,,74.9934287431796,1346019280000000,304.159237782,243.541642274,cooling,183.539644774,32.8,31.7,32.4,33.3,0,90000000,ok
80cfc810-5998-4d88-abef-2946fea9003b,fc14c966-5d59-46ff-8324-7d2bad0d27d3,npu-d075-r001,npu-d075,1,1,3,NPU,,75,cpu_not_applicable,,,,,,,74.9934287431796,1346020275000000,305.154237782,244.536642274,cooling,184.534644774,32.8,31.7,32.4,33.3,0,95000000,ok
80cfc810-5998-4d88-abef-2946fea9003b,fc14c966-5d59-46ff-8324-7d2bad0d27d3,npu-d075-r001,npu-d075,1,1,3,NPU,,75,cpu_not_applicable,,,,,,,74.9934287431796,1346021275000000,306.154237782,245.536642274,cooling,185.534644774,32.8,31.7,32.4,33.3,0,95000000,ok
80cfc810-5998-4d88-abef-2946fea9003b,fc14c966-5d59-46ff-8324-7d2bad0d27d3,npu-d075-r001,npu-d075,1,1,3,NPU,,75,cpu_not_applicable,,,,,,,74.9934287431796,1346022295000000,307.174237782,246.556642274,cooling,186.554644774,32.7,31.7,32.3,33.3,0,105000000,ok
80cfc810-5998-4d88-abef-2946fea9003b,fc14c966-5d59-46ff-8324-7d2bad0d27d3,npu-d075-r001,npu-d075,1,1,3,NPU,,75,cpu_not_applicable,,,,,,,74.9934287431796,1346023310000000,308.189237782,247.571642274,cooling,187.569644774,32.7,31.7,32.3,33.3,0,100000000,ok
80cfc810-5998-4d88-abef-2946fea9003b,fc14c966-5d59-46ff-8324-7d2bad0d27d3,npu-d075-r001,npu-d075,1,1,3,NPU,,75,cpu_not_applicable,,,,,,,74.9934287431796,1346024305000000,309.184237782,248.566642274,cooling,188.564644774,32.7,31.7,32.3,33.3,0,95000000,ok
80cfc810-5998-4d88-abef-2946fea9003b,fc14c966-5d59-46ff-8324-7d2bad0d27d3,npu-d075-r001,npu-d075,1,1,3,NPU,,75,cpu_not_applicable,,,,,,,74.9934287431796,1346025305000000,310.184237782,249.566642274,cooling,189.564644774,32.7,31.7,32.3,33.3,0,95000000,ok
80cfc810-5998-4d88-abef-2946fea9003b,fc14c966-5d59-46ff-8324-7d2bad0d27d3,npu-d075-r001,npu-d075,1,1,3,NPU,,75,cpu_not_applicable,,,,,,,74.9934287431796,1346026380000000,311.259237782,250.641642274,cooling,190.639644774,32.7,31.7,32.3,33.3,0,100000000,ok
80cfc810-5998-4d88-abef-2946fea9003b,fc14c966-5d59-46ff-8324-7d2bad0d27d3,npu-d075-r001,npu-d075,1,1,3,NPU,,75,cpu_not_applicable,,,,,,,74.9934287431796,1346027380000000,312.259237782,251.641642274,cooling,191.639644774,32.7,31.7,32.3,33.3,0,100000000,ok
80cfc810-5998-4d88-abef-2946fea9003b,fc14c966-5d59-46ff-8324-7d2bad0d27d3,npu-d075-r001,npu-d075,1,1,3,NPU,,75,cpu_not_applicable,,,,,,,74.9934287431796,1346028375000000,313.254237782,252.636642274,cooling,192.634644774,32.7,31.7,32.3,33.3,0,95000000,ok
80cfc810-5998-4d88-abef-2946fea9003b,fc14c966-5d59-46ff-8324-7d2bad0d27d3,npu-d075-r001,npu-d075,1,1,3,NPU,,75,cpu_not_applicable,,,,,,,74.9934287431796,1346029360000000,314.239237782,253.621642274,cooling,193.619644774,32.7,31.7,32.3,33.3,0,110000000,ok
80cfc810-5998-4d88-abef-2946fea9003b,fc14c966-5d59-46ff-8324-7d2bad0d27d3,npu-d075-r001,npu-d075,1,1,3,NPU,,75,cpu_not_applicable,,,,,,,74.9934287431796,1346030375000000,315.254237782,254.636642274,cooling,194.634644774,32.7,31.7,32.3,33.3,0,105000000,ok
80cfc810-5998-4d88-abef-2946fea9003b,fc14c966-5d59-46ff-8324-7d2bad0d27d3,npu-d075-r001,npu-d075,1,1,3,NPU,,75,cpu_not_applicable,,,,,,,74.9934287431796,1346031390000000,316.269237782,255.651642274,cooling,195.649644774,32.7,31.7,32.3,33.3,0,100000000,ok
80cfc810-5998-4d88-abef-2946fea9003b,fc14c966-5d59-46ff-8324-7d2bad0d27d3,npu-d075-r001,npu-d075,1,1,3,NPU,,75,cpu_not_applicable,,,,,,,74.9934287431796,1346032385000000,317.264237782,256.646642274,cooling,196.644644774,32.6,31.6,32.2,33.2,0,95000000,ok
80cfc810-5998-4d88-abef-2946fea9003b,fc14c966-5d59-46ff-8324-7d2bad0d27d3,npu-d075-r001,npu-d075,1,1,3,NPU,,75,cpu_not_applicable,,,,,,,74.9934287431796,1346033405000000,318.284237782,257.666642274,cooling,197.664644774,32.6,31.6,32.2,33.2,0,105000000,ok
80cfc810-5998-4d88-abef-2946fea9003b,fc14c966-5d59-46ff-8324-7d2bad0d27d3,npu-d075-r001,npu-d075,1,1,3,NPU,,75,cpu_not_applicable,,,,,,,74.9934287431796,1346034430000000,319.309237782,258.691642274,cooling,198.689644774,32.6,31.6,32.2,33.2,0,100000000,ok
80cfc810-5998-4d88-abef-2946fea9003b,fc14c966-5d59-46ff-8324-7d2bad0d27d3,npu-d075-r001,npu-d075,1,1,3,NPU,,75,cpu_not_applicable,,,,,,,74.9934287431796,1346035400000000,320.279237782,259.661642274,cooling,199.659644774,32.6,31.6,32.2,33.2,0,100000000,ok
80cfc810-5998-4d88-abef-2946fea9003b,fc14c966-5d59-46ff-8324-7d2bad0d27d3,npu-d075-r001,npu-d075,1,1,3,NPU,,75,cpu_not_applicable,,,,,,,74.9934287431796,1346036425000000,321.304237782,260.686642274,cooling,200.684644774,32.6,31.6,32.2,33.2,0,115000000,ok
80cfc810-5998-4d88-abef-2946fea9003b,fc14c966-5d59-46ff-8324-7d2bad0d27d3,npu-d075-r001,npu-d075,1,1,3,NPU,,75,cpu_not_applicable,,,,,,,74.9934287431796,1346037410000000,322.289237782,261.671642274,cooling,201.669644774,32.6,31.6,32.2,33.2,0,100000000,ok
80cfc810-5998-4d88-abef-2946fea9003b,fc14c966-5d59-46ff-8324-7d2bad0d27d3,npu-d075-r001,npu-d075,1,1,3,NPU,,75,cpu_not_applicable,,,,,,,74.9934287431796,1346038425000000,323.304237782,262.686642274,cooling,202.684644774,32.6,31.6,32.2,33.2,0,105000000,ok
80cfc810-5998-4d88-abef-2946fea9003b,fc14c966-5d59-46ff-8324-7d2bad0d27d3,npu-d075-r001,npu-d075,1,1,3,NPU,,75,cpu_not_applicable,,,,,,,74.9934287431796,1346039425000000,324.304237782,263.686642274,cooling,203.684644774,32.6,31.6,32.2,33.2,0,95000000,ok
80cfc810-5998-4d88-abef-2946fea9003b,fc14c966-5d59-46ff-8324-7d2bad0d27d3,npu-d075-r001,npu-d075,1,1,3,NPU,,75,cpu_not_applicable,,,,,,,74.9934287431796,1346040440000000,325.319237782,264.701642274,cooling,204.699644774,32.6,31.6,32.2,33.2,0,100000000,ok
80cfc810-5998-4d88-abef-2946fea9003b,fc14c966-5d59-46ff-8324-7d2bad0d27d3,npu-d075-r001,npu-d075,1,1,3,NPU,,75,cpu_not_applicable,,,,,,,74.9934287431796,1346041445000000,326.324237782,265.706642274,cooling,205.704644774,32.6,31.6,32.2,33.2,0,105000000,ok
80cfc810-5998-4d88-abef-2946fea9003b,fc14c966-5d59-46ff-8324-7d2bad0d27d3,npu-d075-r001,npu-d075,1,1,3,NPU,,75,cpu_not_applicable,,,,,,,74.9934287431796,1346042510000000,327.389237782,266.771642274,cooling,206.769644774,32.6,31.6,32.2,33.1,0,100000000,ok
80cfc810-5998-4d88-abef-2946fea9003b,fc14c966-5d59-46ff-8324-7d2bad0d27d3,npu-d075-r001,npu-d075,1,1,3,NPU,,75,cpu_not_applicable,,,,,,,74.9934287431796,1346043450000000,328.329237782,267.711642274,cooling,207.709644774,32.6,31.6,32.2,33.1,0,100000000,ok
80cfc810-5998-4d88-abef-2946fea9003b,fc14c966-5d59-46ff-8324-7d2bad0d27d3,npu-d075-r001,npu-d075,1,1,3,NPU,,75,cpu_not_applicable,,,,,,,74.9934287431796,1346044485000000,329.364237782,268.746642274,cooling,208.744644774,32.6,31.6,32.2,33.1,0,105000000,ok
80cfc810-5998-4d88-abef-2946fea9003b,fc14c966-5d59-46ff-8324-7d2bad0d27d3,npu-d075-r001,npu-d075,1,1,3,NPU,,75,cpu_not_applicable,,,,,,,74.9934287431796,1346045500000000,330.379237782,269.761642274,cooling,209.759644774,32.6,31.6,32.2,33.1,0,110000000,ok
80cfc810-5998-4d88-abef-2946fea9003b,fc14c966-5d59-46ff-8324-7d2bad0d27d3,npu-d075-r001,npu-d075,1,1,3,NPU,,75,cpu_not_applicable,,,,,,,74.9934287431796,1346046475000000,331.354237782,270.736642274,cooling,210.734644774,32.6,31.6,32.2,33.1,0,95000000,ok
80cfc810-5998-4d88-abef-2946fea9003b,fc14c966-5d59-46ff-8324-7d2bad0d27d3,npu-d075-r001,npu-d075,1,1,3,NPU,,75,cpu_not_applicable,,,,,,,74.9934287431796,1346047510000000,332.389237782,271.771642274,cooling,211.769644774,32.6,31.6,32.2,33.1,0,90000000,ok
80cfc810-5998-4d88-abef-2946fea9003b,fc14c966-5d59-46ff-8324-7d2bad0d27d3,npu-d075-r001,npu-d075,1,1,3,NPU,,75,cpu_not_applicable,,,,,,,74.9934287431796,1346048480000000,333.359237782,272.741642274,cooling,212.739644774,32.6,31.6,32.2,33.1,0,100000000,ok
80cfc810-5998-4d88-abef-2946fea9003b,fc14c966-5d59-46ff-8324-7d2bad0d27d3,npu-d075-r001,npu-d075,1,1,3,NPU,,75,cpu_not_applicable,,,,,,,74.9934287431796,1346049495000000,334.374237782,273.756642274,cooling,213.754644774,32.6,31.6,32.2,33.1,0,95000000,ok
80cfc810-5998-4d88-abef-2946fea9003b,fc14c966-5d59-46ff-8324-7d2bad0d27d3,npu-d075-r001,npu-d075,1,1,3,NPU,,75,cpu_not_applicable,,,,,,,74.9934287431796,1346050590000000,335.469237782,274.851642274,cooling,214.849644774,32.6,31.6,32.2,33.1,0,90000000,ok
80cfc810-5998-4d88-abef-2946fea9003b,fc14c966-5d59-46ff-8324-7d2bad0d27d3,npu-d075-r001,npu-d075,1,1,3,NPU,,75,cpu_not_applicable,,,,,,,74.9934287431796,1346051655000000,336.534237782,275.916642274,cooling,215.914644774,32.6,31.6,32.2,33.1,0,125000000,ok
80cfc810-5998-4d88-abef-2946fea9003b,fc14c966-5d59-46ff-8324-7d2bad0d27d3,npu-d075-r001,npu-d075,1,1,3,NPU,,75,cpu_not_applicable,,,,,,,74.9934287431796,1346052480000000,337.359237782,276.741642274,cooling,216.739644774,32.6,31.6,32.2,33.1,0,80000000,ok
80cfc810-5998-4d88-abef-2946fea9003b,fc14c966-5d59-46ff-8324-7d2bad0d27d3,npu-d075-r001,npu-d075,1,1,3,NPU,,75,cpu_not_applicable,,,,,,,74.9934287431796,1346053580000000,338.459237782,277.841642274,cooling,217.839644774,32.6,31.6,32.2,33.1,0,100000000,ok
80cfc810-5998-4d88-abef-2946fea9003b,fc14c966-5d59-46ff-8324-7d2bad0d27d3,npu-d075-r001,npu-d075,1,1,3,NPU,,75,cpu_not_applicable,,,,,,,74.9934287431796,1346054535000000,339.414237782,278.796642274,cooling,218.794644774,32.6,31.6,32.2,33.1,0,105000000,ok
80cfc810-5998-4d88-abef-2946fea9003b,fc14c966-5d59-46ff-8324-7d2bad0d27d3,npu-d075-r001,npu-d075,1,1,3,NPU,,75,cpu_not_applicable,,,,,,,74.9934287431796,1346055660000000,340.539237782,279.921642274,cooling,219.919644774,32.6,31.6,32.2,33.1,0,140000000,ok
80cfc810-5998-4d88-abef-2946fea9003b,fc14c966-5d59-46ff-8324-7d2bad0d27d3,npu-d075-r001,npu-d075,1,1,3,NPU,,75,cpu_not_applicable,,,,,,,74.9934287431796,1346056540000000,341.419237782,280.801642274,cooling,220.799644774,32.6,31.6,32.2,33.1,0,90000000,ok
80cfc810-5998-4d88-abef-2946fea9003b,fc14c966-5d59-46ff-8324-7d2bad0d27d3,npu-d075-r001,npu-d075,1,1,3,NPU,,75,cpu_not_applicable,,,,,,,74.9934287431796,1346057555000000,342.434237782,281.816642274,cooling,221.814644774,32.6,31.6,32.2,33.1,0,95000000,ok
80cfc810-5998-4d88-abef-2946fea9003b,fc14c966-5d59-46ff-8324-7d2bad0d27d3,npu-d075-r001,npu-d075,1,1,3,NPU,,75,cpu_not_applicable,,,,,,,74.9934287431796,1346058585000000,343.464237782,282.846642274,cooling,222.844644774,32.6,31.6,32.2,33.1,0,95000000,ok
80cfc810-5998-4d88-abef-2946fea9003b,fc14c966-5d59-46ff-8324-7d2bad0d27d3,npu-d075-r001,npu-d075,1,1,3,NPU,,75,cpu_not_applicable,,,,,,,74.9934287431796,1346059615000000,344.494237782,283.876642274,cooling,223.874644774,32.6,31.6,32.2,33.1,0,105000000,ok
80cfc810-5998-4d88-abef-2946fea9003b,fc14c966-5d59-46ff-8324-7d2bad0d27d3,npu-d075-r001,npu-d075,1,1,3,NPU,,75,cpu_not_applicable,,,,,,,74.9934287431796,1346060560000000,345.439237782,284.821642274,cooling,224.819644774,32.6,31.6,32.2,33.1,0,100000000,ok
80cfc810-5998-4d88-abef-2946fea9003b,fc14c966-5d59-46ff-8324-7d2bad0d27d3,npu-d075-r001,npu-d075,1,1,3,NPU,,75,cpu_not_applicable,,,,,,,74.9934287431796,1346061685000000,346.564237782,285.946642274,cooling,225.944644774,32.6,31.6,32.2,33.1,0,125000000,ok
80cfc810-5998-4d88-abef-2946fea9003b,fc14c966-5d59-46ff-8324-7d2bad0d27d3,npu-d075-r001,npu-d075,1,1,3,NPU,,75,cpu_not_applicable,,,,,,,74.9934287431796,1346062705000000,347.584237782,286.966642274,cooling,226.964644774,32.6,31.5,32.2,33.1,0,125000000,ok
80cfc810-5998-4d88-abef-2946fea9003b,fc14c966-5d59-46ff-8324-7d2bad0d27d3,npu-d075-r001,npu-d075,1,1,3,NPU,,75,cpu_not_applicable,,,,,,,74.9934287431796,1346063735000000,348.614237782,287.996642274,cooling,227.994644774,32.6,31.5,32.2,33.1,0,125000000,ok
80cfc810-5998-4d88-abef-2946fea9003b,fc14c966-5d59-46ff-8324-7d2bad0d27d3,npu-d075-r001,npu-d075,1,1,3,NPU,,75,cpu_not_applicable,,,,,,,74.9934287431796,1346064625000000,349.504237782,288.886642274,cooling,228.884644774,32.6,31.5,32.2,33.1,0,95000000,ok
80cfc810-5998-4d88-abef-2946fea9003b,fc14c966-5d59-46ff-8324-7d2bad0d27d3,npu-d075-r001,npu-d075,1,1,3,NPU,,75,cpu_not_applicable,,,,,,,74.9934287431796,1346065655000000,350.534237782,289.916642274,cooling,229.914644774,32.6,31.5,32.2,33.1,0,95000000,ok
80cfc810-5998-4d88-abef-2946fea9003b,fc14c966-5d59-46ff-8324-7d2bad0d27d3,npu-d075-r001,npu-d075,1,1,3,NPU,,75,cpu_not_applicable,,,,,,,74.9934287431796,1346066680000000,351.559237782,290.941642274,cooling,230.939644774,32.6,31.5,32.2,33.1,0,100000000,ok
80cfc810-5998-4d88-abef-2946fea9003b,fc14c966-5d59-46ff-8324-7d2bad0d27d3,npu-d075-r001,npu-d075,1,1,3,NPU,,75,cpu_not_applicable,,,,,,,74.9934287431796,1346067740000000,352.619237782,292.001642274,cooling,231.999644774,32.6,31.5,32.2,33.1,0,140000000,ok
80cfc810-5998-4d88-abef-2946fea9003b,fc14c966-5d59-46ff-8324-7d2bad0d27d3,npu-d075-r001,npu-d075,1,1,3,NPU,,75,cpu_not_applicable,,,,,,,74.9934287431796,1346068755000000,353.634237782,293.016642274,cooling,233.014644774,32.6,31.5,32.2,33.1,0,125000000,ok
80cfc810-5998-4d88-abef-2946fea9003b,fc14c966-5d59-46ff-8324-7d2bad0d27d3,npu-d075-r001,npu-d075,1,1,3,NPU,,75,cpu_not_applicable,,,,,,,74.9934287431796,1346069645000000,354.524237782,293.906642274,cooling,233.904644774,32.6,31.5,32.2,33.1,0,95000000,ok
80cfc810-5998-4d88-abef-2946fea9003b,fc14c966-5d59-46ff-8324-7d2bad0d27d3,npu-d075-r001,npu-d075,1,1,3,NPU,,75,cpu_not_applicable,,,,,,,74.9934287431796,1346070670000000,355.549237782,294.931642274,cooling,234.929644774,32.6,31.5,32.2,33.1,0,100000000,ok
80cfc810-5998-4d88-abef-2946fea9003b,fc14c966-5d59-46ff-8324-7d2bad0d27d3,npu-d075-r001,npu-d075,1,1,3,NPU,,75,cpu_not_applicable,,,,,,,74.9934287431796,1346071695000000,356.574237782,295.956642274,cooling,235.954644774,32.6,31.5,32.2,33.1,0,105000000,ok
80cfc810-5998-4d88-abef-2946fea9003b,fc14c966-5d59-46ff-8324-7d2bad0d27d3,npu-d075-r001,npu-d075,1,1,3,NPU,,75,cpu_not_applicable,,,,,,,74.9934287431796,1346072710000000,357.589237782,296.971642274,cooling,236.969644774,32.5,31.5,32.0,33.1,0,90000000,ok
80cfc810-5998-4d88-abef-2946fea9003b,fc14c966-5d59-46ff-8324-7d2bad0d27d3,npu-d075-r001,npu-d075,1,1,3,NPU,,75,cpu_not_applicable,,,,,,,74.9934287431796,1346073635000000,358.514237782,297.896642274,cooling,237.894644774,32.5,31.5,32.0,33.1,0,85000000,ok
80cfc810-5998-4d88-abef-2946fea9003b,fc14c966-5d59-46ff-8324-7d2bad0d27d3,npu-d075-r001,npu-d075,1,1,3,NPU,,75,cpu_not_applicable,,,,,,,74.9934287431796,1346074805000000,359.684237782,299.066642274,cooling,239.064644774,32.5,31.5,32.0,33.1,0,135000000,ok
80cfc810-5998-4d88-abef-2946fea9003b,fc14c966-5d59-46ff-8324-7d2bad0d27d3,npu-d075-r001,npu-d075,1,1,3,NPU,,75,cpu_not_applicable,,,,,,,74.9934287431796,1346075670000000,360.549237782,299.931642274,cooling,239.929644774,32.5,31.5,32.0,33.1,0,90000000,ok
80cfc810-5998-4d88-abef-2946fea9003b,fc14c966-5d59-46ff-8324-7d2bad0d27d3,npu-d075-r001,npu-d075,1,1,3,NPU,,75,cpu_not_applicable,,,,,,,74.9934287431796,1346076720000000,361.599237782,300.981642274,cooling,240.979644774,32.5,31.5,32.0,33.1,0,100000000,ok
80cfc810-5998-4d88-abef-2946fea9003b,fc14c966-5d59-46ff-8324-7d2bad0d27d3,npu-d075-r001,npu-d075,1,1,3,NPU,,75,cpu_not_applicable,,,,,,,74.9934287431796,1346077735000000,362.614237782,301.996642274,cooling,241.994644774,32.5,31.5,32.0,33.1,0,105000000,ok
80cfc810-5998-4d88-abef-2946fea9003b,fc14c966-5d59-46ff-8324-7d2bad0d27d3,npu-d075-r001,npu-d075,1,1,3,NPU,,75,cpu_not_applicable,,,,,,,74.9934287431796,1346078655000000,363.534237782,302.916642274,cooling,242.914644774,32.5,31.5,32.0,33.1,0,95000000,ok
80cfc810-5998-4d88-abef-2946fea9003b,fc14c966-5d59-46ff-8324-7d2bad0d27d3,npu-d075-r001,npu-d075,1,1,3,NPU,,75,cpu_not_applicable,,,,,,,74.9934287431796,1346079805000000,364.684237782,304.066642274,cooling,244.064644774,32.5,31.5,32.0,33.1,0,115000000,ok
80cfc810-5998-4d88-abef-2946fea9003b,fc14c966-5d59-46ff-8324-7d2bad0d27d3,npu-d075-r001,npu-d075,1,1,3,NPU,,75,cpu_not_applicable,,,,,,,74.9934287431796,1346080840000000,365.719237782,305.101642274,cooling,245.099644774,32.5,31.5,32.0,33.1,0,130000000,ok
80cfc810-5998-4d88-abef-2946fea9003b,fc14c966-5d59-46ff-8324-7d2bad0d27d3,npu-d075-r001,npu-d075,1,1,3,NPU,,75,cpu_not_applicable,,,,,,,74.9934287431796,1346081730000000,366.609237782,305.991642274,cooling,245.989644774,32.5,31.5,32.0,33.1,0,100000000,ok
80cfc810-5998-4d88-abef-2946fea9003b,fc14c966-5d59-46ff-8324-7d2bad0d27d3,npu-d075-r001,npu-d075,1,1,3,NPU,,75,cpu_not_applicable,,,,,,,74.9934287431796,1346082760000000,367.639237782,307.021642274,cooling,247.019644774,32.5,31.4,32.0,33.0,0,100000000,ok
80cfc810-5998-4d88-abef-2946fea9003b,fc14c966-5d59-46ff-8324-7d2bad0d27d3,npu-d075-r001,npu-d075,1,1,3,NPU,,75,cpu_not_applicable,,,,,,,74.9934287431796,1346083775000000,368.654237782,308.036642274,cooling,248.034644774,32.5,31.4,32.0,33.0,0,95000000,ok
80cfc810-5998-4d88-abef-2946fea9003b,fc14c966-5d59-46ff-8324-7d2bad0d27d3,npu-d075-r001,npu-d075,1,1,3,NPU,,75,cpu_not_applicable,,,,,,,74.9934287431796,1346084835000000,369.714237782,309.096642274,cooling,249.094644774,32.5,31.4,32.0,33.0,0,125000000,ok
80cfc810-5998-4d88-abef-2946fea9003b,fc14c966-5d59-46ff-8324-7d2bad0d27d3,npu-d075-r001,npu-d075,1,1,3,NPU,,75,cpu_not_applicable,,,,,,,74.9934287431796,1346085845000000,370.724237782,310.106642274,cooling,250.104644774,32.5,31.4,32.0,33.0,0,115000000,ok
80cfc810-5998-4d88-abef-2946fea9003b,fc14c966-5d59-46ff-8324-7d2bad0d27d3,npu-d075-r001,npu-d075,1,1,3,NPU,,75,cpu_not_applicable,,,,,,,74.9934287431796,1346086740000000,371.619237782,311.001642274,cooling,250.999644774,32.5,31.4,32.0,33.0,0,90000000,ok
80cfc810-5998-4d88-abef-2946fea9003b,fc14c966-5d59-46ff-8324-7d2bad0d27d3,npu-d075-r001,npu-d075,1,1,3,NPU,,75,cpu_not_applicable,,,,,,,74.9934287431796,1346087770000000,372.649237782,312.031642274,cooling,252.029644774,32.5,31.4,32.0,33.0,0,100000000,ok
80cfc810-5998-4d88-abef-2946fea9003b,fc14c966-5d59-46ff-8324-7d2bad0d27d3,npu-d075-r001,npu-d075,1,1,3,NPU,,75,cpu_not_applicable,,,,,,,74.9934287431796,1346088825000000,373.704237782,313.086642274,cooling,253.084644774,32.5,31.4,32.0,33.0,0,125000000,ok
80cfc810-5998-4d88-abef-2946fea9003b,fc14c966-5d59-46ff-8324-7d2bad0d27d3,npu-d075-r001,npu-d075,1,1,3,NPU,,75,cpu_not_applicable,,,,,,,74.9934287431796,1346089855000000,374.734237782,314.116642274,cooling,254.114644774,32.5,31.4,32.0,33.0,0,125000000,ok
80cfc810-5998-4d88-abef-2946fea9003b,fc14c966-5d59-46ff-8324-7d2bad0d27d3,npu-d075-r001,npu-d075,1,1,3,NPU,,75,cpu_not_applicable,,,,,,,74.9934287431796,1346090895000000,375.774237782,315.156642274,cooling,255.154644774,32.5,31.4,32.0,33.0,0,145000000,ok
80cfc810-5998-4d88-abef-2946fea9003b,fc14c966-5d59-46ff-8324-7d2bad0d27d3,npu-d075-r001,npu-d075,1,1,3,NPU,,75,cpu_not_applicable,,,,,,,74.9934287431796,1346091740000000,376.619237782,316.001642274,cooling,255.999644774,32.5,31.4,32.0,33.0,0,100000000,ok
80cfc810-5998-4d88-abef-2946fea9003b,fc14c966-5d59-46ff-8324-7d2bad0d27d3,npu-d075-r001,npu-d075,1,1,3,NPU,,75,cpu_not_applicable,,,,,,,74.9934287431796,1346092785000000,377.664237782,317.046642274,cooling,257.044644774,32.5,31.4,32.0,33.0,0,95000000,ok
80cfc810-5998-4d88-abef-2946fea9003b,fc14c966-5d59-46ff-8324-7d2bad0d27d3,npu-d075-r001,npu-d075,1,1,3,NPU,,75,cpu_not_applicable,,,,,,,74.9934287431796,1346093835000000,378.714237782,318.096642274,cooling,258.094644774,32.5,31.4,32.0,33.0,0,115000000,ok
80cfc810-5998-4d88-abef-2946fea9003b,fc14c966-5d59-46ff-8324-7d2bad0d27d3,npu-d075-r001,npu-d075,1,1,3,NPU,,75,cpu_not_applicable,,,,,,,74.9934287431796,1346094830000000,379.709237782,319.091642274,cooling,259.089644774,32.5,31.4,32.0,33.0,0,100000000,ok
80cfc810-5998-4d88-abef-2946fea9003b,fc14c966-5d59-46ff-8324-7d2bad0d27d3,npu-d075-r001,npu-d075,1,1,3,NPU,,75,cpu_not_applicable,,,,,,,74.9934287431796,1346095900000000,380.779237782,320.161642274,cooling,260.159644774,32.5,31.4,32.0,33.0,0,140000000,ok
80cfc810-5998-4d88-abef-2946fea9003b,fc14c966-5d59-46ff-8324-7d2bad0d27d3,npu-d075-r001,npu-d075,1,1,3,NPU,,75,cpu_not_applicable,,,,,,,74.9934287431796,1346096795000000,381.674237782,321.056642274,cooling,261.054644774,32.5,31.4,32.0,33.0,0,105000000,ok
80cfc810-5998-4d88-abef-2946fea9003b,fc14c966-5d59-46ff-8324-7d2bad0d27d3,npu-d075-r001,npu-d075,1,1,3,NPU,,75,cpu_not_applicable,,,,,,,74.9934287431796,1346097815000000,382.694237782,322.076642274,cooling,262.074644774,32.5,31.4,32.0,33.0,0,105000000,ok
80cfc810-5998-4d88-abef-2946fea9003b,fc14c966-5d59-46ff-8324-7d2bad0d27d3,npu-d075-r001,npu-d075,1,1,3,NPU,,75,cpu_not_applicable,,,,,,,74.9934287431796,1346098830000000,383.709237782,323.091642274,cooling,263.089644774,32.5,31.4,32.0,33.0,0,100000000,ok
80cfc810-5998-4d88-abef-2946fea9003b,fc14c966-5d59-46ff-8324-7d2bad0d27d3,npu-d075-r001,npu-d075,1,1,3,NPU,,75,cpu_not_applicable,,,,,,,74.9934287431796,1346099800000000,384.679237782,324.061642274,cooling,264.059644774,32.5,31.4,32.0,33.0,0,100000000,ok
80cfc810-5998-4d88-abef-2946fea9003b,fc14c966-5d59-46ff-8324-7d2bad0d27d3,npu-d075-r001,npu-d075,1,1,3,NPU,,75,cpu_not_applicable,,,,,,,74.9934287431796,1346100910000000,385.789237782,325.171642274,cooling,265.169644774,32.5,31.4,32.0,33.0,0,130000000,ok
80cfc810-5998-4d88-abef-2946fea9003b,fc14c966-5d59-46ff-8324-7d2bad0d27d3,npu-d075-r001,npu-d075,1,1,3,NPU,,75,cpu_not_applicable,,,,,,,74.9934287431796,1346101935000000,386.814237782,326.196642274,cooling,266.194644774,32.4,31.4,31.9,33.0,0,135000000,ok
80cfc810-5998-4d88-abef-2946fea9003b,fc14c966-5d59-46ff-8324-7d2bad0d27d3,npu-d075-r001,npu-d075,1,1,3,NPU,,75,cpu_not_applicable,,,,,,,74.9934287431796,1346102810000000,387.689237782,327.071642274,cooling,267.069644774,32.4,31.4,31.9,33.0,0,90000000,ok
80cfc810-5998-4d88-abef-2946fea9003b,fc14c966-5d59-46ff-8324-7d2bad0d27d3,npu-d075-r001,npu-d075,1,1,3,NPU,,75,cpu_not_applicable,,,,,,,74.9934287431796,1346103830000000,388.709237782,328.091642274,cooling,268.089644774,32.4,31.4,31.9,33.0,0,90000000,ok
80cfc810-5998-4d88-abef-2946fea9003b,fc14c966-5d59-46ff-8324-7d2bad0d27d3,npu-d075-r001,npu-d075,1,1,3,NPU,,75,cpu_not_applicable,,,,,,,74.9934287431796,1346104855000000,389.734237782,329.116642274,cooling,269.114644774,32.4,31.4,31.9,33.0,0,85000000,ok
80cfc810-5998-4d88-abef-2946fea9003b,fc14c966-5d59-46ff-8324-7d2bad0d27d3,npu-d075-r001,npu-d075,1,1,3,NPU,,75,cpu_not_applicable,,,,,,,74.9934287431796,1346105885000000,390.764237782,330.146642274,cooling,270.144644774,32.4,31.4,31.9,33.0,0,95000000,ok
80cfc810-5998-4d88-abef-2946fea9003b,fc14c966-5d59-46ff-8324-7d2bad0d27d3,npu-d075-r001,npu-d075,1,1,3,NPU,,75,cpu_not_applicable,,,,,,,74.9934287431796,1346106945000000,391.824237782,331.206642274,cooling,271.204644774,32.4,31.4,31.9,33.0,0,125000000,ok
80cfc810-5998-4d88-abef-2946fea9003b,fc14c966-5d59-46ff-8324-7d2bad0d27d3,npu-d075-r001,npu-d075,1,1,3,NPU,,75,cpu_not_applicable,,,,,,,74.9934287431796,1346107850000000,392.729237782,332.111642274,cooling,272.109644774,32.4,31.4,31.9,33.0,0,100000000,ok
80cfc810-5998-4d88-abef-2946fea9003b,fc14c966-5d59-46ff-8324-7d2bad0d27d3,npu-d075-r001,npu-d075,1,1,3,NPU,,75,cpu_not_applicable,,,,,,,74.9934287431796,1346108855000000,393.734237782,333.116642274,cooling,273.114644774,32.4,31.4,31.9,33.0,0,95000000,ok
80cfc810-5998-4d88-abef-2946fea9003b,fc14c966-5d59-46ff-8324-7d2bad0d27d3,npu-d075-r001,npu-d075,1,1,3,NPU,,75,cpu_not_applicable,,,,,,,74.9934287431796,1346109875000000,394.754237782,334.136642274,cooling,274.134644774,32.4,31.4,31.9,33.0,0,95000000,ok
80cfc810-5998-4d88-abef-2946fea9003b,fc14c966-5d59-46ff-8324-7d2bad0d27d3,npu-d075-r001,npu-d075,1,1,3,NPU,,75,cpu_not_applicable,,,,,,,74.9934287431796,1346110925000000,395.804237782,335.186642274,cooling,275.184644774,32.4,31.4,31.9,33.0,0,105000000,ok
80cfc810-5998-4d88-abef-2946fea9003b,fc14c966-5d59-46ff-8324-7d2bad0d27d3,npu-d075-r001,npu-d075,1,1,3,NPU,,75,cpu_not_applicable,,,,,,,74.9934287431796,1346111970000000,396.849237782,336.231642274,cooling,276.229644774,32.3,31.4,31.8,32.9,0,130000000,ok
80cfc810-5998-4d88-abef-2946fea9003b,fc14c966-5d59-46ff-8324-7d2bad0d27d3,npu-d075-r001,npu-d075,1,1,3,NPU,,75,cpu_not_applicable,,,,,,,74.9934287431796,1346113005000000,397.884237782,337.266642274,cooling,277.264644774,32.3,31.4,31.8,32.9,0,105000000,ok
80cfc810-5998-4d88-abef-2946fea9003b,fc14c966-5d59-46ff-8324-7d2bad0d27d3,npu-d075-r001,npu-d075,1,1,3,NPU,,75,cpu_not_applicable,,,,,,,74.9934287431796,1346113865000000,398.744237782,338.126642274,cooling,278.124644774,32.3,31.4,31.8,32.9,0,85000000,ok
80cfc810-5998-4d88-abef-2946fea9003b,fc14c966-5d59-46ff-8324-7d2bad0d27d3,npu-d075-r001,npu-d075,1,1,3,NPU,,75,cpu_not_applicable,,,,,,,74.9934287431796,1346114935000000,399.814237782,339.196642274,cooling,279.194644774,32.3,31.4,31.8,32.9,0,135000000,ok
80cfc810-5998-4d88-abef-2946fea9003b,fc14c966-5d59-46ff-8324-7d2bad0d27d3,npu-d075-r001,npu-d075,1,1,3,NPU,,75,cpu_not_applicable,,,,,,,74.9934287431796,1346115930000000,400.809237782,340.191642274,cooling,280.189644774,32.3,31.4,31.8,32.9,0,90000000,ok
80cfc810-5998-4d88-abef-2946fea9003b,fc14c966-5d59-46ff-8324-7d2bad0d27d3,npu-d075-r001,npu-d075,1,1,3,NPU,,75,cpu_not_applicable,,,,,,,74.9934287431796,1346116980000000,401.859237782,341.241642274,cooling,281.239644774,32.3,31.4,31.8,32.9,0,140000000,ok
80cfc810-5998-4d88-abef-2946fea9003b,fc14c966-5d59-46ff-8324-7d2bad0d27d3,npu-d075-r001,npu-d075,1,1,3,NPU,,75,cpu_not_applicable,,,,,,,74.9934287431796,1346117975000000,402.854237782,342.236642274,cooling,282.234644774,32.3,31.4,31.8,32.9,0,95000000,ok
80cfc810-5998-4d88-abef-2946fea9003b,fc14c966-5d59-46ff-8324-7d2bad0d27d3,npu-d075-r001,npu-d075,1,1,3,NPU,,75,cpu_not_applicable,,,,,,,74.9934287431796,1346118910000000,403.789237782,343.171642274,cooling,283.169644774,32.3,31.4,31.8,32.9,0,100000000,ok
80cfc810-5998-4d88-abef-2946fea9003b,fc14c966-5d59-46ff-8324-7d2bad0d27d3,npu-d075-r001,npu-d075,1,1,3,NPU,,75,cpu_not_applicable,,,,,,,74.9934287431796,1346119935000000,404.814237782,344.196642274,cooling,284.194644774,32.3,31.4,31.8,32.9,0,115000000,ok
80cfc810-5998-4d88-abef-2946fea9003b,fc14c966-5d59-46ff-8324-7d2bad0d27d3,npu-d075-r001,npu-d075,1,1,3,NPU,,75,cpu_not_applicable,,,,,,,74.9934287431796,1346120890000000,405.769237782,345.151642274,cooling,285.149644774,32.3,31.4,31.8,32.9,0,90000000,ok
80cfc810-5998-4d88-abef-2946fea9003b,fc14c966-5d59-46ff-8324-7d2bad0d27d3,npu-d075-r001,npu-d075,1,1,3,NPU,,75,cpu_not_applicable,,,,,,,74.9934287431796,1346122020000000,406.899237782,346.281642274,cooling,286.279644774,32.4,31.4,31.9,32.9,0,110000000,ok
80cfc810-5998-4d88-abef-2946fea9003b,fc14c966-5d59-46ff-8324-7d2bad0d27d3,npu-d075-r001,npu-d075,1,1,3,NPU,,75,cpu_not_applicable,,,,,,,74.9934287431796,1346123035000000,407.914237782,347.296642274,cooling,287.294644774,32.4,31.4,31.9,32.9,0,135000000,ok
80cfc810-5998-4d88-abef-2946fea9003b,fc14c966-5d59-46ff-8324-7d2bad0d27d3,npu-d075-r001,npu-d075,1,1,3,NPU,,75,cpu_not_applicable,,,,,,,74.9934287431796,1346124045000000,408.924237782,348.306642274,cooling,288.304644774,32.4,31.4,31.9,32.9,0,125000000,ok
80cfc810-5998-4d88-abef-2946fea9003b,fc14c966-5d59-46ff-8324-7d2bad0d27d3,npu-d075-r001,npu-d075,1,1,3,NPU,,75,cpu_not_applicable,,,,,,,74.9934287431796,1346124925000000,409.804237782,349.186642274,cooling,289.184644774,32.4,31.4,31.9,32.9,0,85000000,ok
80cfc810-5998-4d88-abef-2946fea9003b,fc14c966-5d59-46ff-8324-7d2bad0d27d3,npu-d075-r001,npu-d075,1,1,3,NPU,,75,cpu_not_applicable,,,,,,,74.9934287431796,1346125985000000,410.864237782,350.246642274,cooling,290.244644774,32.4,31.4,31.9,32.9,0,85000000,ok
80cfc810-5998-4d88-abef-2946fea9003b,fc14c966-5d59-46ff-8324-7d2bad0d27d3,npu-d075-r001,npu-d075,1,1,3,NPU,,75,cpu_not_applicable,,,,,,,74.9934287431796,1346127045000000,411.924237782,351.306642274,cooling,291.304644774,32.4,31.4,31.9,32.9,0,115000000,ok
80cfc810-5998-4d88-abef-2946fea9003b,fc14c966-5d59-46ff-8324-7d2bad0d27d3,npu-d075-r001,npu-d075,1,1,3,NPU,,75,cpu_not_applicable,,,,,,,74.9934287431796,1346128050000000,412.929237782,352.311642274,cooling,292.309644774,32.4,31.4,31.9,32.9,0,130000000,ok
80cfc810-5998-4d88-abef-2946fea9003b,fc14c966-5d59-46ff-8324-7d2bad0d27d3,npu-d075-r001,npu-d075,1,1,3,NPU,,75,cpu_not_applicable,,,,,,,74.9934287431796,1346129065000000,413.944237782,353.326642274,cooling,293.324644774,32.4,31.4,31.9,32.9,0,125000000,ok
80cfc810-5998-4d88-abef-2946fea9003b,fc14c966-5d59-46ff-8324-7d2bad0d27d3,npu-d075-r001,npu-d075,1,1,3,NPU,,75,cpu_not_applicable,,,,,,,74.9934287431796,1346129960000000,414.839237782,354.221642274,cooling,294.219644774,32.4,31.4,31.9,32.9,0,100000000,ok
80cfc810-5998-4d88-abef-2946fea9003b,fc14c966-5d59-46ff-8324-7d2bad0d27d3,npu-d075-r001,npu-d075,1,1,3,NPU,,75,cpu_not_applicable,,,,,,,74.9934287431796,1346131020000000,415.899237782,355.281642274,cooling,295.279644774,32.4,31.4,31.9,32.9,0,100000000,ok
80cfc810-5998-4d88-abef-2946fea9003b,fc14c966-5d59-46ff-8324-7d2bad0d27d3,npu-d075-r001,npu-d075,1,1,3,NPU,,75,cpu_not_applicable,,,,,,,74.9934287431796,1346132050000000,416.929237782,356.311642274,cooling,296.309644774,32.3,31.3,31.8,32.9,0,110000000,ok
80cfc810-5998-4d88-abef-2946fea9003b,fc14c966-5d59-46ff-8324-7d2bad0d27d3,npu-d075-r001,npu-d075,1,1,3,NPU,,75,cpu_not_applicable,,,,,,,74.9934287431796,1346133065000000,417.944237782,357.326642274,cooling,297.324644774,32.3,31.3,31.8,32.9,0,125000000,ok
80cfc810-5998-4d88-abef-2946fea9003b,fc14c966-5d59-46ff-8324-7d2bad0d27d3,npu-d075-r001,npu-d075,1,1,3,NPU,,75,cpu_not_applicable,,,,,,,74.9934287431796,1346134085000000,418.964237782,358.346642274,cooling,298.344644774,32.3,31.3,31.8,32.9,0,125000000,ok
80cfc810-5998-4d88-abef-2946fea9003b,fc14c966-5d59-46ff-8324-7d2bad0d27d3,npu-d075-r001,npu-d075,1,1,3,NPU,,75,cpu_not_applicable,,,,,,,74.9934287431796,1346134980000000,419.859237782,359.241642274,cooling,299.239644774,32.3,31.3,31.8,32.9,0,100000000,ok
80cfc810-5998-4d88-abef-2946fea9003b,fc14c966-5d59-46ff-8324-7d2bad0d27d3,npu-d075-r001,npu-d075,1,1,3,NPU,,75,cpu_not_applicable,,,,,,,74.9934287431796,1346136055000000,420.934237782,360.316642274,cooling,300.314644774,32.3,31.3,31.8,32.9,0,105000000,ok
80cfc810-5998-4d88-abef-2946fea9003b,fc14c966-5d59-46ff-8324-7d2bad0d27d3,npu-d075-r001,npu-d075,1,1,3,NPU,,75,cpu_not_applicable,,,,,,,74.9934287431796,1346137030000000,421.909237782,361.291642274,cooling,301.289644774,32.3,31.3,31.8,32.9,0,100000000,ok
80cfc810-5998-4d88-abef-2946fea9003b,fc14c966-5d59-46ff-8324-7d2bad0d27d3,npu-d075-r001,npu-d075,1,1,3,NPU,,75,cpu_not_applicable,,,,,,,74.9934287431796,1346138080000000,422.959237782,362.341642274,cooling,302.339644774,32.3,31.3,31.8,32.9,0,130000000,ok
80cfc810-5998-4d88-abef-2946fea9003b,fc14c966-5d59-46ff-8324-7d2bad0d27d3,npu-d075-r001,npu-d075,1,1,3,NPU,,75,cpu_not_applicable,,,,,,,74.9934287431796,1346139115000000,423.994237782,363.376642274,cooling,303.374644774,32.3,31.3,31.8,32.9,0,145000000,ok
80cfc810-5998-4d88-abef-2946fea9003b,fc14c966-5d59-46ff-8324-7d2bad0d27d3,npu-d075-r001,npu-d075,1,1,3,NPU,,75,cpu_not_applicable,,,,,,,74.9934287431796,1346139995000000,424.874237782,364.256642274,cooling,304.254644774,32.3,31.3,31.8,32.9,0,95000000,ok
80cfc810-5998-4d88-abef-2946fea9003b,fc14c966-5d59-46ff-8324-7d2bad0d27d3,npu-d075-r001,npu-d075,1,1,3,NPU,,75,cpu_not_applicable,,,,,,,74.9934287431796,1346141025000000,425.904237782,365.286642274,cooling,305.284644774,32.3,31.3,31.8,32.9,0,95000000,ok
80cfc810-5998-4d88-abef-2946fea9003b,fc14c966-5d59-46ff-8324-7d2bad0d27d3,npu-d075-r001,npu-d075,1,1,3,NPU,,75,cpu_not_applicable,,,,,,,74.9934287431796,1346142030000000,426.909237782,366.291642274,cooling,306.289644774,32.2,31.3,31.8,32.8,0,90000000,ok
80cfc810-5998-4d88-abef-2946fea9003b,fc14c966-5d59-46ff-8324-7d2bad0d27d3,npu-d075-r001,npu-d075,1,1,3,NPU,,75,cpu_not_applicable,,,,,,,74.9934287431796,1346143115000000,427.994237782,367.376642274,cooling,307.374644774,32.2,31.3,31.8,32.8,0,105000000,ok
80cfc810-5998-4d88-abef-2946fea9003b,fc14c966-5d59-46ff-8324-7d2bad0d27d3,npu-d075-r001,npu-d075,1,1,3,NPU,,75,cpu_not_applicable,,,,,,,74.9934287431796,1346144140000000,429.019237782,368.401642274,cooling,308.399644774,32.2,31.3,31.8,32.8,0,120000000,ok
80cfc810-5998-4d88-abef-2946fea9003b,fc14c966-5d59-46ff-8324-7d2bad0d27d3,npu-d075-r001,npu-d075,1,1,3,NPU,,75,cpu_not_applicable,,,,,,,74.9934287431796,1346145105000000,429.984237782,369.366642274,cooling,309.364644774,32.2,31.3,31.8,32.8,0,85000000,ok
80cfc810-5998-4d88-abef-2946fea9003b,fc14c966-5d59-46ff-8324-7d2bad0d27d3,npu-d075-r001,npu-d075,1,1,3,NPU,,75,cpu_not_applicable,,,,,,,74.9934287431796,1346146045000000,430.924237782,370.306642274,cooling,310.304644774,32.2,31.3,31.8,32.8,0,95000000,ok
80cfc810-5998-4d88-abef-2946fea9003b,fc14c966-5d59-46ff-8324-7d2bad0d27d3,npu-d075-r001,npu-d075,1,1,3,NPU,,75,cpu_not_applicable,,,,,,,74.9934287431796,1346147050000000,431.929237782,371.311642274,cooling,311.309644774,32.2,31.3,31.8,32.8,0,90000000,ok
80cfc810-5998-4d88-abef-2946fea9003b,fc14c966-5d59-46ff-8324-7d2bad0d27d3,npu-d075-r001,npu-d075,1,1,3,NPU,,75,cpu_not_applicable,,,,,,,74.9934287431796,1346148080000000,432.959237782,372.341642274,cooling,312.339644774,32.2,31.3,31.8,32.8,0,100000000,ok
80cfc810-5998-4d88-abef-2946fea9003b,fc14c966-5d59-46ff-8324-7d2bad0d27d3,npu-d075-r001,npu-d075,1,1,3,NPU,,75,cpu_not_applicable,,,,,,,74.9934287431796,1346149140000000,434.019237782,373.401642274,cooling,313.399644774,32.2,31.3,31.8,32.8,0,120000000,ok
80cfc810-5998-4d88-abef-2946fea9003b,fc14c966-5d59-46ff-8324-7d2bad0d27d3,npu-d075-r001,npu-d075,1,1,3,NPU,,75,cpu_not_applicable,,,,,,,74.9934287431796,1346150160000000,435.039237782,374.421642274,cooling,314.419644774,32.2,31.3,31.8,32.8,0,140000000,ok
80cfc810-5998-4d88-abef-2946fea9003b,fc14c966-5d59-46ff-8324-7d2bad0d27d3,npu-d075-r001,npu-d075,1,1,3,NPU,,75,cpu_not_applicable,,,,,,,74.9934287431796,1346151045000000,435.924237782,375.306642274,cooling,315.304644774,32.2,31.3,31.8,32.8,0,95000000,ok
80cfc810-5998-4d88-abef-2946fea9003b,fc14c966-5d59-46ff-8324-7d2bad0d27d3,npu-d075-r001,npu-d075,1,1,3,NPU,,75,cpu_not_applicable,,,,,,,74.9934287431796,1346152080000000,436.959237782,376.341642274,cooling,316.339644774,32.2,31.3,31.8,32.8,0,100000000,ok
80cfc810-5998-4d88-abef-2946fea9003b,fc14c966-5d59-46ff-8324-7d2bad0d27d3,npu-d075-r001,npu-d075,1,1,3,NPU,,75,cpu_not_applicable,,,,,,,74.9934287431796,1346153135000000,438.014237782,377.396642274,cooling,317.394644774,32.2,31.3,31.8,32.8,0,95000000,ok
80cfc810-5998-4d88-abef-2946fea9003b,fc14c966-5d59-46ff-8324-7d2bad0d27d3,npu-d075-r001,npu-d075,1,1,3,NPU,,75,cpu_not_applicable,,,,,,,74.9934287431796,1346154160000000,439.039237782,378.421642274,cooling,318.419644774,32.2,31.3,31.8,32.8,0,130000000,ok
80cfc810-5998-4d88-abef-2946fea9003b,fc14c966-5d59-46ff-8324-7d2bad0d27d3,npu-d075-r001,npu-d075,1,1,3,NPU,,75,cpu_not_applicable,,,,,,,74.9934287431796,1346155175000000,440.054237782,379.436642274,cooling,319.434644774,32.2,31.3,31.8,32.8,0,125000000,ok
80cfc810-5998-4d88-abef-2946fea9003b,fc14c966-5d59-46ff-8324-7d2bad0d27d3,npu-d075-r001,npu-d075,1,1,3,NPU,,75,cpu_not_applicable,,,,,,,74.9934287431796,1346156195000000,441.074237782,380.456642274,cooling,320.454644774,32.2,31.3,31.8,32.8,0,115000000,ok
80cfc810-5998-4d88-abef-2946fea9003b,fc14c966-5d59-46ff-8324-7d2bad0d27d3,npu-d075-r001,npu-d075,1,1,3,NPU,,75,cpu_not_applicable,,,,,,,74.9934287431796,1346157095000000,441.974237782,381.356642274,cooling,321.354644774,32.2,31.3,31.8,32.8,0,105000000,ok
80cfc810-5998-4d88-abef-2946fea9003b,fc14c966-5d59-46ff-8324-7d2bad0d27d3,npu-d075-r001,npu-d075,1,1,3,NPU,,75,cpu_not_applicable,,,,,,,74.9934287431796,1346158115000000,442.994237782,382.376642274,cooling,322.374644774,32.2,31.3,31.8,32.8,0,95000000,ok
80cfc810-5998-4d88-abef-2946fea9003b,fc14c966-5d59-46ff-8324-7d2bad0d27d3,npu-d075-r001,npu-d075,1,1,3,NPU,,75,cpu_not_applicable,,,,,,,74.9934287431796,1346159120000000,443.999237782,383.381642274,cooling,323.379644774,32.2,31.3,31.8,32.8,0,80000000,ok
80cfc810-5998-4d88-abef-2946fea9003b,fc14c966-5d59-46ff-8324-7d2bad0d27d3,npu-d075-r001,npu-d075,1,1,3,NPU,,75,cpu_not_applicable,,,,,,,74.9934287431796,1346160200000000,445.079237782,384.461642274,cooling,324.459644774,32.2,31.3,31.8,32.8,0,100000000,ok
80cfc810-5998-4d88-abef-2946fea9003b,fc14c966-5d59-46ff-8324-7d2bad0d27d3,npu-d075-r001,npu-d075,1,1,3,NPU,,75,cpu_not_applicable,,,,,,,74.9934287431796,1346161210000000,446.089237782,385.471642274,cooling,325.469644774,32.2,31.3,31.8,32.8,0,120000000,ok
80cfc810-5998-4d88-abef-2946fea9003b,fc14c966-5d59-46ff-8324-7d2bad0d27d3,npu-d075-r001,npu-d075,1,1,3,NPU,,75,cpu_not_applicable,,,,,,,74.9934287431796,1346162255000000,447.134237782,386.516642274,cooling,326.514644774,32.2,31.2,31.7,32.8,0,125000000,ok
80cfc810-5998-4d88-abef-2946fea9003b,fc14c966-5d59-46ff-8324-7d2bad0d27d3,npu-d075-r001,npu-d075,1,1,3,NPU,,75,cpu_not_applicable,,,,,,,74.9934287431796,1346163265000000,448.144237782,387.526642274,cooling,327.524644774,32.2,31.2,31.7,32.8,0,125000000,ok
80cfc810-5998-4d88-abef-2946fea9003b,fc14c966-5d59-46ff-8324-7d2bad0d27d3,npu-d075-r001,npu-d075,1,1,3,NPU,,75,cpu_not_applicable,,,,,,,74.9934287431796,1346164145000000,449.024237782,388.406642274,cooling,328.404644774,32.2,31.2,31.7,32.8,0,85000000,ok
80cfc810-5998-4d88-abef-2946fea9003b,fc14c966-5d59-46ff-8324-7d2bad0d27d3,npu-d075-r001,npu-d075,1,1,3,NPU,,75,cpu_not_applicable,,,,,,,74.9934287431796,1346165210000000,450.089237782,389.471642274,cooling,329.469644774,32.2,31.2,31.7,32.8,0,120000000,ok
80cfc810-5998-4d88-abef-2946fea9003b,fc14c966-5d59-46ff-8324-7d2bad0d27d3,npu-d075-r001,npu-d075,1,1,3,NPU,,75,cpu_not_applicable,,,,,,,74.9934287431796,1346166215000000,451.094237782,390.476642274,cooling,330.474644774,32.2,31.2,31.7,32.8,0,105000000,ok
80cfc810-5998-4d88-abef-2946fea9003b,fc14c966-5d59-46ff-8324-7d2bad0d27d3,npu-d075-r001,npu-d075,1,1,3,NPU,,75,cpu_not_applicable,,,,,,,74.9934287431796,1346167275000000,452.154237782,391.536642274,cooling,331.534644774,32.2,31.2,31.7,32.8,0,105000000,ok
80cfc810-5998-4d88-abef-2946fea9003b,fc14c966-5d59-46ff-8324-7d2bad0d27d3,npu-d075-r001,npu-d075,1,1,3,NPU,,75,cpu_not_applicable,,,,,,,74.9934287431796,1346168150000000,453.029237782,392.411642274,cooling,332.409644774,32.2,31.2,31.7,32.8,0,80000000,ok
80cfc810-5998-4d88-abef-2946fea9003b,fc14c966-5d59-46ff-8324-7d2bad0d27d3,npu-d075-r001,npu-d075,1,1,3,NPU,,75,cpu_not_applicable,,,,,,,74.9934287431796,1346169250000000,454.129237782,393.511642274,cooling,333.509644774,32.2,31.2,31.7,32.8,0,70000000,ok
80cfc810-5998-4d88-abef-2946fea9003b,fc14c966-5d59-46ff-8324-7d2bad0d27d3,npu-d075-r001,npu-d075,1,1,3,NPU,,75,cpu_not_applicable,,,,,,,74.9934287431796,1346170340000000,455.219237782,394.601642274,cooling,334.599644774,32.2,31.2,31.7,32.8,0,130000000,ok
80cfc810-5998-4d88-abef-2946fea9003b,fc14c966-5d59-46ff-8324-7d2bad0d27d3,npu-d075-r001,npu-d075,1,1,3,NPU,,75,cpu_not_applicable,,,,,,,74.9934287431796,1346171230000000,456.109237782,395.491642274,cooling,335.489644774,32.2,31.2,31.7,32.8,0,100000000,ok
80cfc810-5998-4d88-abef-2946fea9003b,fc14c966-5d59-46ff-8324-7d2bad0d27d3,npu-d075-r001,npu-d075,1,1,3,NPU,,75,cpu_not_applicable,,,,,,,74.9934287431796,1346172250000000,457.129237782,396.511642274,cooling,336.509644774,32.2,31.2,31.7,32.8,0,90000000,ok
80cfc810-5998-4d88-abef-2946fea9003b,fc14c966-5d59-46ff-8324-7d2bad0d27d3,npu-d075-r001,npu-d075,1,1,3,NPU,,75,cpu_not_applicable,,,,,,,74.9934287431796,1346173260000000,458.139237782,397.521642274,cooling,337.519644774,32.2,31.2,31.7,32.8,0,90000000,ok
80cfc810-5998-4d88-abef-2946fea9003b,fc14c966-5d59-46ff-8324-7d2bad0d27d3,npu-d075-r001,npu-d075,1,1,3,NPU,,75,cpu_not_applicable,,,,,,,74.9934287431796,1346174285000000,459.164237782,398.546642274,cooling,338.544644774,32.2,31.2,31.7,32.8,0,105000000,ok
80cfc810-5998-4d88-abef-2946fea9003b,fc14c966-5d59-46ff-8324-7d2bad0d27d3,npu-d075-r001,npu-d075,1,1,3,NPU,,75,cpu_not_applicable,,,,,,,74.9934287431796,1346175295000000,460.174237782,399.556642274,cooling,339.554644774,32.2,31.2,31.7,32.8,0,115000000,ok
80cfc810-5998-4d88-abef-2946fea9003b,fc14c966-5d59-46ff-8324-7d2bad0d27d3,npu-d075-r001,npu-d075,1,1,3,NPU,,75,cpu_not_applicable,,,,,,,74.9934287431796,1346176310000000,461.189237782,400.571642274,cooling,340.569644774,32.2,31.2,31.7,32.8,0,100000000,ok
80cfc810-5998-4d88-abef-2946fea9003b,fc14c966-5d59-46ff-8324-7d2bad0d27d3,npu-d075-r001,npu-d075,1,1,3,NPU,,75,cpu_not_applicable,,,,,,,74.9934287431796,1346177260000000,462.139237782,401.521642274,cooling,341.519644774,32.2,31.2,31.7,32.8,0,90000000,ok
80cfc810-5998-4d88-abef-2946fea9003b,fc14c966-5d59-46ff-8324-7d2bad0d27d3,npu-d075-r001,npu-d075,1,1,3,NPU,,75,cpu_not_applicable,,,,,,,74.9934287431796,1346178275000000,463.154237782,402.536642274,cooling,342.534644774,32.2,31.2,31.7,32.8,0,105000000,ok
80cfc810-5998-4d88-abef-2946fea9003b,fc14c966-5d59-46ff-8324-7d2bad0d27d3,npu-d075-r001,npu-d075,1,1,3,NPU,,75,cpu_not_applicable,,,,,,,74.9934287431796,1346179275000000,464.154237782,403.536642274,cooling,343.534644774,32.2,31.2,31.7,32.8,0,95000000,ok
80cfc810-5998-4d88-abef-2946fea9003b,fc14c966-5d59-46ff-8324-7d2bad0d27d3,npu-d075-r001,npu-d075,1,1,3,NPU,,75,cpu_not_applicable,,,,,,,74.9934287431796,1346180350000000,465.229237782,404.611642274,cooling,344.609644774,32.2,31.2,31.7,32.8,0,100000000,ok
80cfc810-5998-4d88-abef-2946fea9003b,fc14c966-5d59-46ff-8324-7d2bad0d27d3,npu-d075-r001,npu-d075,1,1,3,NPU,,75,cpu_not_applicable,,,,,,,74.9934287431796,1346181275000000,466.154237782,405.536642274,cooling,345.534644774,32.2,31.2,31.7,32.8,0,95000000,ok
80cfc810-5998-4d88-abef-2946fea9003b,fc14c966-5d59-46ff-8324-7d2bad0d27d3,npu-d075-r001,npu-d075,1,1,3,NPU,,75,cpu_not_applicable,,,,,,,74.9934287431796,1346182300000000,467.179237782,406.561642274,cooling,346.559644774,32.2,31.2,31.7,32.7,0,120000000,ok
80cfc810-5998-4d88-abef-2946fea9003b,fc14c966-5d59-46ff-8324-7d2bad0d27d3,npu-d075-r001,npu-d075,1,1,3,NPU,,75,cpu_not_applicable,,,,,,,74.9934287431796,1346183310000000,468.189237782,407.571642274,cooling,347.569644774,32.2,31.2,31.7,32.7,0,100000000,ok
80cfc810-5998-4d88-abef-2946fea9003b,fc14c966-5d59-46ff-8324-7d2bad0d27d3,npu-d075-r001,npu-d075,1,1,3,NPU,,75,cpu_not_applicable,,,,,,,74.9934287431796,1346184255000000,469.134237782,408.516642274,cooling,348.514644774,32.2,31.2,31.7,32.7,0,85000000,ok
80cfc810-5998-4d88-abef-2946fea9003b,fc14c966-5d59-46ff-8324-7d2bad0d27d3,npu-d075-r001,npu-d075,1,1,3,NPU,,75,cpu_not_applicable,,,,,,,74.9934287431796,1346185275000000,470.154237782,409.536642274,cooling,349.534644774,32.2,31.2,31.7,32.7,0,95000000,ok
80cfc810-5998-4d88-abef-2946fea9003b,fc14c966-5d59-46ff-8324-7d2bad0d27d3,npu-d075-r001,npu-d075,1,1,3,NPU,,75,cpu_not_applicable,,,,,,,74.9934287431796,1346186300000000,471.179237782,410.561642274,cooling,350.559644774,32.2,31.2,31.7,32.7,0,80000000,ok
80cfc810-5998-4d88-abef-2946fea9003b,fc14c966-5d59-46ff-8324-7d2bad0d27d3,npu-d075-r001,npu-d075,1,1,3,NPU,,75,cpu_not_applicable,,,,,,,74.9934287431796,1346187280000000,472.159237782,411.541642274,cooling,351.539644774,32.2,31.2,31.7,32.7,0,100000000,ok
80cfc810-5998-4d88-abef-2946fea9003b,fc14c966-5d59-46ff-8324-7d2bad0d27d3,npu-d075-r001,npu-d075,1,1,3,NPU,,75,cpu_not_applicable,,,,,,,74.9934287431796,1346188300000000,473.179237782,412.561642274,cooling,352.559644774,32.2,31.2,31.7,32.7,0,100000000,ok
80cfc810-5998-4d88-abef-2946fea9003b,fc14c966-5d59-46ff-8324-7d2bad0d27d3,npu-d075-r001,npu-d075,1,1,3,NPU,,75,cpu_not_applicable,,,,,,,74.9934287431796,1346189285000000,474.164237782,413.546642274,cooling,353.544644774,32.2,31.2,31.7,32.7,0,85000000,ok
80cfc810-5998-4d88-abef-2946fea9003b,fc14c966-5d59-46ff-8324-7d2bad0d27d3,npu-d075-r001,npu-d075,1,1,3,NPU,,75,cpu_not_applicable,,,,,,,74.9934287431796,1346190310000000,475.189237782,414.571642274,cooling,354.569644774,32.2,31.2,31.7,32.7,0,90000000,ok
80cfc810-5998-4d88-abef-2946fea9003b,fc14c966-5d59-46ff-8324-7d2bad0d27d3,npu-d075-r001,npu-d075,1,1,3,NPU,,75,cpu_not_applicable,,,,,,,74.9934287431796,1346191315000000,476.194237782,415.576642274,cooling,355.574644774,32.2,31.2,31.7,32.7,0,85000000,ok
80cfc810-5998-4d88-abef-2946fea9003b,fc14c966-5d59-46ff-8324-7d2bad0d27d3,npu-d075-r001,npu-d075,1,1,3,NPU,,75,cpu_not_applicable,,,,,,,74.9934287431796,1346192385000000,477.264237782,416.646642274,cooling,356.644644774,32.1,31.2,31.7,32.8,0,105000000,ok
80cfc810-5998-4d88-abef-2946fea9003b,fc14c966-5d59-46ff-8324-7d2bad0d27d3,npu-d075-r001,npu-d075,1,1,3,NPU,,75,cpu_not_applicable,,,,,,,74.9934287431796,1346193365000000,478.244237782,417.626642274,cooling,357.624644774,32.1,31.2,31.7,32.8,0,95000000,ok
80cfc810-5998-4d88-abef-2946fea9003b,fc14c966-5d59-46ff-8324-7d2bad0d27d3,npu-d075-r001,npu-d075,1,1,3,NPU,,75,cpu_not_applicable,,,,,,,74.9934287431796,1346194370000000,479.249237782,418.631642274,cooling,358.629644774,32.1,31.2,31.7,32.8,0,90000000,ok
80cfc810-5998-4d88-abef-2946fea9003b,0a76ea17-544d-4f54-861b-2945b804bbe2,npu-d100-r001,npu-d100,1,1,4,NPU,,100,cpu_not_applicable,,,,,,,100,1346390380000000,0.897433563,-59.729704718,baseline,0.897433563,31.0,30.6,30.6,32.0,0,120000000,ok
80cfc810-5998-4d88-abef-2946fea9003b,0a76ea17-544d-4f54-861b-2945b804bbe2,npu-d100-r001,npu-d100,1,1,4,NPU,,100,cpu_not_applicable,,,,,,,100,1346391445000000,1.962433563,-58.664704718,baseline,1.962433563,31.0,30.6,30.6,32.0,0,145000000,ok
80cfc810-5998-4d88-abef-2946fea9003b,0a76ea17-544d-4f54-861b-2945b804bbe2,npu-d100-r001,npu-d100,1,1,4,NPU,,100,cpu_not_applicable,,,,,,,100,1346392445000000,2.962433563,-57.664704718,baseline,2.962433563,31.0,30.6,30.6,32.0,0,115000000,ok
80cfc810-5998-4d88-abef-2946fea9003b,0a76ea17-544d-4f54-861b-2945b804bbe2,npu-d100-r001,npu-d100,1,1,4,NPU,,100,cpu_not_applicable,,,,,,,100,1346393340000000,3.857433563,-56.769704718,baseline,3.857433563,32.0,30.5,31.4,32.2,0,90000000,ok
80cfc810-5998-4d88-abef-2946fea9003b,0a76ea17-544d-4f54-861b-2945b804bbe2,npu-d100-r001,npu-d100,1,1,4,NPU,,100,cpu_not_applicable,,,,,,,100,1346394360000000,4.877433563,-55.749704718,baseline,4.877433563,32.0,30.5,31.4,32.2,0,90000000,ok
80cfc810-5998-4d88-abef-2946fea9003b,0a76ea17-544d-4f54-861b-2945b804bbe2,npu-d100-r001,npu-d100,1,1,4,NPU,,100,cpu_not_applicable,,,,,,,100,1346395400000000,5.917433563,-54.709704718,baseline,5.917433563,32.0,30.5,31.4,32.2,0,100000000,ok
80cfc810-5998-4d88-abef-2946fea9003b,0a76ea17-544d-4f54-861b-2945b804bbe2,npu-d100-r001,npu-d100,1,1,4,NPU,,100,cpu_not_applicable,,,,,,,100,1346396420000000,6.937433563,-53.689704718,baseline,6.937433563,32.0,30.5,31.4,32.2,0,100000000,ok
80cfc810-5998-4d88-abef-2946fea9003b,0a76ea17-544d-4f54-861b-2945b804bbe2,npu-d100-r001,npu-d100,1,1,4,NPU,,100,cpu_not_applicable,,,,,,,100,1346397485000000,8.002433563,-52.624704718,baseline,8.002433563,32.0,30.5,31.4,32.2,0,105000000,ok
80cfc810-5998-4d88-abef-2946fea9003b,0a76ea17-544d-4f54-861b-2945b804bbe2,npu-d100-r001,npu-d100,1,1,4,NPU,,100,cpu_not_applicable,,,,,,,100,1346398365000000,8.882433563,-51.744704718,baseline,8.882433563,32.0,30.5,31.4,32.2,0,105000000,ok
80cfc810-5998-4d88-abef-2946fea9003b,0a76ea17-544d-4f54-861b-2945b804bbe2,npu-d100-r001,npu-d100,1,1,4,NPU,,100,cpu_not_applicable,,,,,,,100,1346399470000000,9.987433563,-50.639704718,baseline,9.987433563,32.0,30.5,31.4,32.2,0,150000000,ok
80cfc810-5998-4d88-abef-2946fea9003b,0a76ea17-544d-4f54-861b-2945b804bbe2,npu-d100-r001,npu-d100,1,1,4,NPU,,100,cpu_not_applicable,,,,,,,100,1346400410000000,10.927433563,-49.699704718,baseline,10.927433563,32.0,30.5,31.4,32.2,0,100000000,ok
80cfc810-5998-4d88-abef-2946fea9003b,0a76ea17-544d-4f54-861b-2945b804bbe2,npu-d100-r001,npu-d100,1,1,4,NPU,,100,cpu_not_applicable,,,,,,,100,1346401425000000,11.942433563,-48.684704718,baseline,11.942433563,32.0,30.5,31.4,32.2,0,95000000,ok
80cfc810-5998-4d88-abef-2946fea9003b,0a76ea17-544d-4f54-861b-2945b804bbe2,npu-d100-r001,npu-d100,1,1,4,NPU,,100,cpu_not_applicable,,,,,,,100,1346402470000000,12.987433563,-47.639704718,baseline,12.987433563,32.0,30.5,31.4,32.2,0,120000000,ok
80cfc810-5998-4d88-abef-2946fea9003b,0a76ea17-544d-4f54-861b-2945b804bbe2,npu-d100-r001,npu-d100,1,1,4,NPU,,100,cpu_not_applicable,,,,,,,100,1346403525000000,14.042433563,-46.584704718,baseline,14.042433563,31.5,30.6,31.1,32.2,0,145000000,ok
80cfc810-5998-4d88-abef-2946fea9003b,0a76ea17-544d-4f54-861b-2945b804bbe2,npu-d100-r001,npu-d100,1,1,4,NPU,,100,cpu_not_applicable,,,,,,,100,1346404400000000,14.917433563,-45.709704718,baseline,14.917433563,31.5,30.6,31.1,32.2,0,90000000,ok
80cfc810-5998-4d88-abef-2946fea9003b,0a76ea17-544d-4f54-861b-2945b804bbe2,npu-d100-r001,npu-d100,1,1,4,NPU,,100,cpu_not_applicable,,,,,,,100,1346405435000000,15.952433563,-44.674704718,baseline,15.952433563,31.5,30.6,31.1,32.2,0,105000000,ok
80cfc810-5998-4d88-abef-2946fea9003b,0a76ea17-544d-4f54-861b-2945b804bbe2,npu-d100-r001,npu-d100,1,1,4,NPU,,100,cpu_not_applicable,,,,,,,100,1346406450000000,16.967433563,-43.659704718,baseline,16.967433563,31.5,30.6,31.1,32.2,0,90000000,ok
80cfc810-5998-4d88-abef-2946fea9003b,0a76ea17-544d-4f54-861b-2945b804bbe2,npu-d100-r001,npu-d100,1,1,4,NPU,,100,cpu_not_applicable,,,,,,,100,1346407475000000,17.992433563,-42.634704718,baseline,17.992433563,31.5,30.6,31.1,32.2,0,95000000,ok
80cfc810-5998-4d88-abef-2946fea9003b,0a76ea17-544d-4f54-861b-2945b804bbe2,npu-d100-r001,npu-d100,1,1,4,NPU,,100,cpu_not_applicable,,,,,,,100,1346408545000000,19.062433563,-41.564704718,baseline,19.062433563,31.5,30.6,31.1,32.2,0,105000000,ok
80cfc810-5998-4d88-abef-2946fea9003b,0a76ea17-544d-4f54-861b-2945b804bbe2,npu-d100-r001,npu-d100,1,1,4,NPU,,100,cpu_not_applicable,,,,,,,100,1346409545000000,20.062433563,-40.564704718,baseline,20.062433563,31.5,30.6,31.1,32.2,0,125000000,ok
80cfc810-5998-4d88-abef-2946fea9003b,0a76ea17-544d-4f54-861b-2945b804bbe2,npu-d100-r001,npu-d100,1,1,4,NPU,,100,cpu_not_applicable,,,,,,,100,1346410545000000,21.062433563,-39.564704718,baseline,21.062433563,31.5,30.6,31.1,32.2,0,95000000,ok
80cfc810-5998-4d88-abef-2946fea9003b,0a76ea17-544d-4f54-861b-2945b804bbe2,npu-d100-r001,npu-d100,1,1,4,NPU,,100,cpu_not_applicable,,,,,,,100,1346411465000000,21.982433563,-38.644704718,baseline,21.982433563,31.5,30.6,31.1,32.2,0,95000000,ok
80cfc810-5998-4d88-abef-2946fea9003b,0a76ea17-544d-4f54-861b-2945b804bbe2,npu-d100-r001,npu-d100,1,1,4,NPU,,100,cpu_not_applicable,,,,,,,100,1346412490000000,23.007433563,-37.619704718,baseline,23.007433563,31.5,30.6,31.1,32.2,0,90000000,ok
80cfc810-5998-4d88-abef-2946fea9003b,0a76ea17-544d-4f54-861b-2945b804bbe2,npu-d100-r001,npu-d100,1,1,4,NPU,,100,cpu_not_applicable,,,,,,,100,1346413530000000,24.047433563,-36.579704718,baseline,24.047433563,31.4,30.6,31.0,32.2,0,110000000,ok
80cfc810-5998-4d88-abef-2946fea9003b,0a76ea17-544d-4f54-861b-2945b804bbe2,npu-d100-r001,npu-d100,1,1,4,NPU,,100,cpu_not_applicable,,,,,,,100,1346414555000000,25.072433563,-35.554704718,baseline,25.072433563,31.4,30.6,31.0,32.2,0,115000000,ok
80cfc810-5998-4d88-abef-2946fea9003b,0a76ea17-544d-4f54-861b-2945b804bbe2,npu-d100-r001,npu-d100,1,1,4,NPU,,100,cpu_not_applicable,,,,,,,100,1346415465000000,25.982433563,-34.644704718,baseline,25.982433563,31.4,30.6,31.0,32.2,0,95000000,ok
80cfc810-5998-4d88-abef-2946fea9003b,0a76ea17-544d-4f54-861b-2945b804bbe2,npu-d100-r001,npu-d100,1,1,4,NPU,,100,cpu_not_applicable,,,,,,,100,1346416455000000,26.972433563,-33.654704718,baseline,26.972433563,31.4,30.6,31.0,32.2,0,95000000,ok
80cfc810-5998-4d88-abef-2946fea9003b,0a76ea17-544d-4f54-861b-2945b804bbe2,npu-d100-r001,npu-d100,1,1,4,NPU,,100,cpu_not_applicable,,,,,,,100,1346417540000000,28.057433563,-32.569704718,baseline,28.057433563,31.4,30.6,31.0,32.2,0,100000000,ok
80cfc810-5998-4d88-abef-2946fea9003b,0a76ea17-544d-4f54-861b-2945b804bbe2,npu-d100-r001,npu-d100,1,1,4,NPU,,100,cpu_not_applicable,,,,,,,100,1346418560000000,29.077433563,-31.549704718,baseline,29.077433563,31.4,30.6,31.0,32.2,0,90000000,ok
80cfc810-5998-4d88-abef-2946fea9003b,0a76ea17-544d-4f54-861b-2945b804bbe2,npu-d100-r001,npu-d100,1,1,4,NPU,,100,cpu_not_applicable,,,,,,,100,1346419560000000,30.077433563,-30.549704718,baseline,30.077433563,31.4,30.6,31.0,32.2,0,100000000,ok
80cfc810-5998-4d88-abef-2946fea9003b,0a76ea17-544d-4f54-861b-2945b804bbe2,npu-d100-r001,npu-d100,1,1,4,NPU,,100,cpu_not_applicable,,,,,,,100,1346420560000000,31.077433563,-29.549704718,baseline,31.077433563,31.4,30.6,31.0,32.2,0,90000000,ok
80cfc810-5998-4d88-abef-2946fea9003b,0a76ea17-544d-4f54-861b-2945b804bbe2,npu-d100-r001,npu-d100,1,1,4,NPU,,100,cpu_not_applicable,,,,,,,100,1346421515000000,32.032433563,-28.594704718,baseline,32.032433563,31.4,30.6,31.0,32.2,0,115000000,ok
80cfc810-5998-4d88-abef-2946fea9003b,0a76ea17-544d-4f54-861b-2945b804bbe2,npu-d100-r001,npu-d100,1,1,4,NPU,,100,cpu_not_applicable,,,,,,,100,1346422515000000,33.032433563,-27.594704718,baseline,33.032433563,31.4,30.6,31.0,32.2,0,95000000,ok
80cfc810-5998-4d88-abef-2946fea9003b,0a76ea17-544d-4f54-861b-2945b804bbe2,npu-d100-r001,npu-d100,1,1,4,NPU,,100,cpu_not_applicable,,,,,,,100,1346423550000000,34.067433563,-26.559704718,baseline,34.067433563,31.4,30.6,31.0,32.2,0,90000000,ok
80cfc810-5998-4d88-abef-2946fea9003b,0a76ea17-544d-4f54-861b-2945b804bbe2,npu-d100-r001,npu-d100,1,1,4,NPU,,100,cpu_not_applicable,,,,,,,100,1346424590000000,35.107433563,-25.519704718,baseline,35.107433563,31.4,30.6,31.0,32.2,0,100000000,ok
80cfc810-5998-4d88-abef-2946fea9003b,0a76ea17-544d-4f54-861b-2945b804bbe2,npu-d100-r001,npu-d100,1,1,4,NPU,,100,cpu_not_applicable,,,,,,,100,1346425605000000,36.122433563,-24.504704718,baseline,36.122433563,31.4,30.6,31.0,32.2,0,105000000,ok
80cfc810-5998-4d88-abef-2946fea9003b,0a76ea17-544d-4f54-861b-2945b804bbe2,npu-d100-r001,npu-d100,1,1,4,NPU,,100,cpu_not_applicable,,,,,,,100,1346426665000000,37.182433563,-23.444704718,baseline,37.182433563,31.4,30.6,31.0,32.2,0,105000000,ok
80cfc810-5998-4d88-abef-2946fea9003b,0a76ea17-544d-4f54-861b-2945b804bbe2,npu-d100-r001,npu-d100,1,1,4,NPU,,100,cpu_not_applicable,,,,,,,100,1346427540000000,38.057433563,-22.569704718,baseline,38.057433563,31.4,30.6,31.0,32.2,0,100000000,ok
80cfc810-5998-4d88-abef-2946fea9003b,0a76ea17-544d-4f54-861b-2945b804bbe2,npu-d100-r001,npu-d100,1,1,4,NPU,,100,cpu_not_applicable,,,,,,,100,1346428560000000,39.077433563,-21.549704718,baseline,39.077433563,31.4,30.6,31.0,32.2,0,90000000,ok
80cfc810-5998-4d88-abef-2946fea9003b,0a76ea17-544d-4f54-861b-2945b804bbe2,npu-d100-r001,npu-d100,1,1,4,NPU,,100,cpu_not_applicable,,,,,,,100,1346429605000000,40.122433563,-20.504704718,baseline,40.122433563,31.4,30.6,31.0,32.2,0,95000000,ok
80cfc810-5998-4d88-abef-2946fea9003b,0a76ea17-544d-4f54-861b-2945b804bbe2,npu-d100-r001,npu-d100,1,1,4,NPU,,100,cpu_not_applicable,,,,,,,100,1346430665000000,41.182433563,-19.444704718,baseline,41.182433563,31.4,30.6,31.0,32.2,0,115000000,ok
80cfc810-5998-4d88-abef-2946fea9003b,0a76ea17-544d-4f54-861b-2945b804bbe2,npu-d100-r001,npu-d100,1,1,4,NPU,,100,cpu_not_applicable,,,,,,,100,1346431650000000,42.167433563,-18.459704718,baseline,42.167433563,31.4,30.6,31.0,32.2,0,100000000,ok
80cfc810-5998-4d88-abef-2946fea9003b,0a76ea17-544d-4f54-861b-2945b804bbe2,npu-d100-r001,npu-d100,1,1,4,NPU,,100,cpu_not_applicable,,,,,,,100,1346432630000000,43.147433563,-17.479704718,baseline,43.147433563,31.4,30.6,31.0,32.2,0,90000000,ok
80cfc810-5998-4d88-abef-2946fea9003b,0a76ea17-544d-4f54-861b-2945b804bbe2,npu-d100-r001,npu-d100,1,1,4,NPU,,100,cpu_not_applicable,,,,,,,100,1346433580000000,44.097433563,-16.529704718,baseline,44.097433563,31.4,30.6,31.0,32.1,0,90000000,ok
80cfc810-5998-4d88-abef-2946fea9003b,0a76ea17-544d-4f54-861b-2945b804bbe2,npu-d100-r001,npu-d100,1,1,4,NPU,,100,cpu_not_applicable,,,,,,,100,1346434610000000,45.127433563,-15.499704718,baseline,45.127433563,31.4,30.6,31.0,32.1,0,80000000,ok
80cfc810-5998-4d88-abef-2946fea9003b,0a76ea17-544d-4f54-861b-2945b804bbe2,npu-d100-r001,npu-d100,1,1,4,NPU,,100,cpu_not_applicable,,,,,,,100,1346435670000000,46.187433563,-14.439704718,baseline,46.187433563,31.4,30.6,31.0,32.1,0,110000000,ok
80cfc810-5998-4d88-abef-2946fea9003b,0a76ea17-544d-4f54-861b-2945b804bbe2,npu-d100-r001,npu-d100,1,1,4,NPU,,100,cpu_not_applicable,,,,,,,100,1346436635000000,47.152433563,-13.474704718,baseline,47.152433563,31.4,30.6,31.0,32.1,0,95000000,ok
80cfc810-5998-4d88-abef-2946fea9003b,0a76ea17-544d-4f54-861b-2945b804bbe2,npu-d100-r001,npu-d100,1,1,4,NPU,,100,cpu_not_applicable,,,,,,,100,1346437575000000,48.092433563,-12.534704718,baseline,48.092433563,31.4,30.6,31.0,32.1,0,85000000,ok
80cfc810-5998-4d88-abef-2946fea9003b,0a76ea17-544d-4f54-861b-2945b804bbe2,npu-d100-r001,npu-d100,1,1,4,NPU,,100,cpu_not_applicable,,,,,,,100,1346438640000000,49.157433563,-11.469704718,baseline,49.157433563,31.4,30.6,31.0,32.1,0,100000000,ok
80cfc810-5998-4d88-abef-2946fea9003b,0a76ea17-544d-4f54-861b-2945b804bbe2,npu-d100-r001,npu-d100,1,1,4,NPU,,100,cpu_not_applicable,,,,,,,100,1346439625000000,50.142433563,-10.484704718,baseline,50.142433563,31.4,30.6,31.0,32.1,0,105000000,ok
80cfc810-5998-4d88-abef-2946fea9003b,0a76ea17-544d-4f54-861b-2945b804bbe2,npu-d100-r001,npu-d100,1,1,4,NPU,,100,cpu_not_applicable,,,,,,,100,1346440635000000,51.152433563,-9.474704718,baseline,51.152433563,31.4,30.6,31.0,32.1,0,95000000,ok
80cfc810-5998-4d88-abef-2946fea9003b,0a76ea17-544d-4f54-861b-2945b804bbe2,npu-d100-r001,npu-d100,1,1,4,NPU,,100,cpu_not_applicable,,,,,,,100,1346441615000000,52.132433563,-8.494704718,baseline,52.132433563,31.4,30.6,31.0,32.1,0,95000000,ok
80cfc810-5998-4d88-abef-2946fea9003b,0a76ea17-544d-4f54-861b-2945b804bbe2,npu-d100-r001,npu-d100,1,1,4,NPU,,100,cpu_not_applicable,,,,,,,100,1346442585000000,53.102433563,-7.524704718,baseline,53.102433563,31.4,30.6,31.0,32.1,0,85000000,ok
80cfc810-5998-4d88-abef-2946fea9003b,0a76ea17-544d-4f54-861b-2945b804bbe2,npu-d100-r001,npu-d100,1,1,4,NPU,,100,cpu_not_applicable,,,,,,,100,1346443605000000,54.122433563,-6.504704718,baseline,54.122433563,31.3,30.6,31.0,32.1,0,85000000,ok
80cfc810-5998-4d88-abef-2946fea9003b,0a76ea17-544d-4f54-861b-2945b804bbe2,npu-d100-r001,npu-d100,1,1,4,NPU,,100,cpu_not_applicable,,,,,,,100,1346444640000000,55.157433563,-5.469704718,baseline,55.157433563,31.3,30.6,31.0,32.1,0,100000000,ok
80cfc810-5998-4d88-abef-2946fea9003b,0a76ea17-544d-4f54-861b-2945b804bbe2,npu-d100-r001,npu-d100,1,1,4,NPU,,100,cpu_not_applicable,,,,,,,100,1346445630000000,56.147433563,-4.479704718,baseline,56.147433563,31.3,30.6,31.0,32.1,0,90000000,ok
80cfc810-5998-4d88-abef-2946fea9003b,0a76ea17-544d-4f54-861b-2945b804bbe2,npu-d100-r001,npu-d100,1,1,4,NPU,,100,cpu_not_applicable,,,,,,,100,1346446635000000,57.152433563,-3.474704718,baseline,57.152433563,31.3,30.6,31.0,32.1,0,95000000,ok
80cfc810-5998-4d88-abef-2946fea9003b,0a76ea17-544d-4f54-861b-2945b804bbe2,npu-d100-r001,npu-d100,1,1,4,NPU,,100,cpu_not_applicable,,,,,,,100,1346447680000000,58.197433563,-2.429704718,baseline,58.197433563,31.3,30.6,31.0,32.1,0,170000000,ok
80cfc810-5998-4d88-abef-2946fea9003b,0a76ea17-544d-4f54-861b-2945b804bbe2,npu-d100-r001,npu-d100,1,1,4,NPU,,100,cpu_not_applicable,,,,,,,100,1346448645000000,59.162433563,-1.464704718,baseline,59.162433563,31.3,30.6,31.0,32.1,0,95000000,ok
80cfc810-5998-4d88-abef-2946fea9003b,0a76ea17-544d-4f54-861b-2945b804bbe2,npu-d100-r001,npu-d100,1,1,4,NPU,,100,cpu_not_applicable,,,,,,,100,1346449635000000,60.152433563,-0.474704718,baseline,60.152433563,31.3,30.6,31.0,32.1,0,95000000,ok
80cfc810-5998-4d88-abef-2946fea9003b,0a76ea17-544d-4f54-861b-2945b804bbe2,npu-d100-r001,npu-d100,1,1,4,NPU,,100,cpu_not_applicable,,,,,,,100,1346450605000000,61.122433563,0.495295282,load,0.495295282,31.3,30.6,31.0,32.1,0,85000000,ok
80cfc810-5998-4d88-abef-2946fea9003b,0a76ea17-544d-4f54-861b-2945b804bbe2,npu-d100-r001,npu-d100,1,1,4,NPU,,100,cpu_not_applicable,,,,,,,100,1346451610000000,62.127433563,1.500295282,load,1.500295282,31.3,30.6,31.0,32.1,0,90000000,ok
80cfc810-5998-4d88-abef-2946fea9003b,0a76ea17-544d-4f54-861b-2945b804bbe2,npu-d100-r001,npu-d100,1,1,4,NPU,,100,cpu_not_applicable,,,,,,,100,1346452605000000,63.122433563,2.495295282,load,2.495295282,31.3,30.6,31.0,32.1,0,85000000,ok
80cfc810-5998-4d88-abef-2946fea9003b,0a76ea17-544d-4f54-861b-2945b804bbe2,npu-d100-r001,npu-d100,1,1,4,NPU,,100,cpu_not_applicable,,,,,,,100,1346453595000000,64.112433563,3.485295282,load,3.485295282,32.3,30.6,33.1,32.3,0,75000000,ok
80cfc810-5998-4d88-abef-2946fea9003b,0a76ea17-544d-4f54-861b-2945b804bbe2,npu-d100-r001,npu-d100,1,1,4,NPU,,100,cpu_not_applicable,,,,,,,100,1346454625000000,65.142433563,4.515295282,load,4.515295282,32.3,30.6,33.1,32.3,0,85000000,ok
80cfc810-5998-4d88-abef-2946fea9003b,0a76ea17-544d-4f54-861b-2945b804bbe2,npu-d100-r001,npu-d100,1,1,4,NPU,,100,cpu_not_applicable,,,,,,,100,1346455610000000,66.127433563,5.500295282,load,5.500295282,32.3,30.6,33.1,32.3,0,90000000,ok
80cfc810-5998-4d88-abef-2946fea9003b,0a76ea17-544d-4f54-861b-2945b804bbe2,npu-d100-r001,npu-d100,1,1,4,NPU,,100,cpu_not_applicable,,,,,,,100,1346456615000000,67.132433563,6.505295282,load,6.505295282,32.3,30.6,33.1,32.3,0,85000000,ok
80cfc810-5998-4d88-abef-2946fea9003b,0a76ea17-544d-4f54-861b-2945b804bbe2,npu-d100-r001,npu-d100,1,1,4,NPU,,100,cpu_not_applicable,,,,,,,100,1346457620000000,68.137433563,7.510295282,load,7.510295282,32.3,30.6,33.1,32.3,0,80000000,ok
80cfc810-5998-4d88-abef-2946fea9003b,0a76ea17-544d-4f54-861b-2945b804bbe2,npu-d100-r001,npu-d100,1,1,4,NPU,,100,cpu_not_applicable,,,,,,,100,1346458655000000,69.172433563,8.545295282,load,8.545295282,32.3,30.6,33.1,32.3,0,95000000,ok
80cfc810-5998-4d88-abef-2946fea9003b,0a76ea17-544d-4f54-861b-2945b804bbe2,npu-d100-r001,npu-d100,1,1,4,NPU,,100,cpu_not_applicable,,,,,,,100,1346459605000000,70.122433563,9.495295282,load,9.495295282,32.3,30.6,33.1,32.3,0,75000000,ok
80cfc810-5998-4d88-abef-2946fea9003b,0a76ea17-544d-4f54-861b-2945b804bbe2,npu-d100-r001,npu-d100,1,1,4,NPU,,100,cpu_not_applicable,,,,,,,100,1346460605000000,71.122433563,10.495295282,load,10.495295282,32.3,30.6,33.1,32.3,0,75000000,ok
80cfc810-5998-4d88-abef-2946fea9003b,0a76ea17-544d-4f54-861b-2945b804bbe2,npu-d100-r001,npu-d100,1,1,4,NPU,,100,cpu_not_applicable,,,,,,,100,1346461630000000,72.147433563,11.520295282,load,11.520295282,32.3,30.6,33.1,32.3,0,90000000,ok
80cfc810-5998-4d88-abef-2946fea9003b,0a76ea17-544d-4f54-861b-2945b804bbe2,npu-d100-r001,npu-d100,1,1,4,NPU,,100,cpu_not_applicable,,,,,,,100,1346462635000000,73.152433563,12.525295282,load,12.525295282,32.3,30.6,33.1,32.3,0,85000000,ok
80cfc810-5998-4d88-abef-2946fea9003b,0a76ea17-544d-4f54-861b-2945b804bbe2,npu-d100-r001,npu-d100,1,1,4,NPU,,100,cpu_not_applicable,,,,,,,100,1346463630000000,74.147433563,13.520295282,load,13.520295282,34.9,31.1,36.3,33.5,0,80000000,ok
80cfc810-5998-4d88-abef-2946fea9003b,0a76ea17-544d-4f54-861b-2945b804bbe2,npu-d100-r001,npu-d100,1,1,4,NPU,,100,cpu_not_applicable,,,,,,,100,1346464635000000,75.152433563,14.525295282,load,14.525295282,34.9,31.1,36.3,33.5,0,85000000,ok
80cfc810-5998-4d88-abef-2946fea9003b,0a76ea17-544d-4f54-861b-2945b804bbe2,npu-d100-r001,npu-d100,1,1,4,NPU,,100,cpu_not_applicable,,,,,,,100,1346465650000000,76.167433563,15.540295282,load,15.540295282,34.9,31.1,36.3,33.5,0,90000000,ok
80cfc810-5998-4d88-abef-2946fea9003b,0a76ea17-544d-4f54-861b-2945b804bbe2,npu-d100-r001,npu-d100,1,1,4,NPU,,100,cpu_not_applicable,,,,,,,100,1346466660000000,77.177433563,16.550295282,load,16.550295282,34.9,31.1,36.3,33.5,0,80000000,ok
80cfc810-5998-4d88-abef-2946fea9003b,0a76ea17-544d-4f54-861b-2945b804bbe2,npu-d100-r001,npu-d100,1,1,4,NPU,,100,cpu_not_applicable,,,,,,,100,1346467670000000,78.187433563,17.560295282,load,17.560295282,34.9,31.1,36.3,33.5,0,90000000,ok
80cfc810-5998-4d88-abef-2946fea9003b,0a76ea17-544d-4f54-861b-2945b804bbe2,npu-d100-r001,npu-d100,1,1,4,NPU,,100,cpu_not_applicable,,,,,,,100,1346468705000000,79.222433563,18.595295282,load,18.595295282,34.9,31.1,36.3,33.5,0,85000000,ok
80cfc810-5998-4d88-abef-2946fea9003b,0a76ea17-544d-4f54-861b-2945b804bbe2,npu-d100-r001,npu-d100,1,1,4,NPU,,100,cpu_not_applicable,,,,,,,100,1346469700000000,80.217433563,19.590295282,load,19.590295282,34.9,31.1,36.3,33.5,0,80000000,ok
80cfc810-5998-4d88-abef-2946fea9003b,0a76ea17-544d-4f54-861b-2945b804bbe2,npu-d100-r001,npu-d100,1,1,4,NPU,,100,cpu_not_applicable,,,,,,,100,1346470670000000,81.187433563,20.560295282,load,20.560295282,34.9,31.1,36.3,33.5,0,80000000,ok
80cfc810-5998-4d88-abef-2946fea9003b,0a76ea17-544d-4f54-861b-2945b804bbe2,npu-d100-r001,npu-d100,1,1,4,NPU,,100,cpu_not_applicable,,,,,,,100,1346471695000000,82.212433563,21.585295282,load,21.585295282,34.9,31.1,36.3,33.5,0,85000000,ok
80cfc810-5998-4d88-abef-2946fea9003b,0a76ea17-544d-4f54-861b-2945b804bbe2,npu-d100-r001,npu-d100,1,1,4,NPU,,100,cpu_not_applicable,,,,,,,100,1346472705000000,83.222433563,22.595295282,load,22.595295282,34.9,31.1,36.3,33.5,0,85000000,ok
80cfc810-5998-4d88-abef-2946fea9003b,0a76ea17-544d-4f54-861b-2945b804bbe2,npu-d100-r001,npu-d100,1,1,4,NPU,,100,cpu_not_applicable,,,,,,,100,1346473705000000,84.222433563,23.595295282,load,23.595295282,36.4,31.8,38.4,34.3,0,85000000,ok
80cfc810-5998-4d88-abef-2946fea9003b,0a76ea17-544d-4f54-861b-2945b804bbe2,npu-d100-r001,npu-d100,1,1,4,NPU,,100,cpu_not_applicable,,,,,,,100,1346474690000000,85.207433563,24.580295282,load,24.580295282,36.4,31.8,38.4,34.3,0,80000000,ok
80cfc810-5998-4d88-abef-2946fea9003b,0a76ea17-544d-4f54-861b-2945b804bbe2,npu-d100-r001,npu-d100,1,1,4,NPU,,100,cpu_not_applicable,,,,,,,100,1346475740000000,86.257433563,25.630295282,load,25.630295282,36.4,31.8,38.4,34.3,0,90000000,ok
80cfc810-5998-4d88-abef-2946fea9003b,0a76ea17-544d-4f54-861b-2945b804bbe2,npu-d100-r001,npu-d100,1,1,4,NPU,,100,cpu_not_applicable,,,,,,,100,1346476725000000,87.242433563,26.615295282,load,26.615295282,36.4,31.8,38.4,34.3,0,85000000,ok
80cfc810-5998-4d88-abef-2946fea9003b,0a76ea17-544d-4f54-861b-2945b804bbe2,npu-d100-r001,npu-d100,1,1,4,NPU,,100,cpu_not_applicable,,,,,,,100,1346477745000000,88.262433563,27.635295282,load,27.635295282,36.4,31.8,38.4,34.3,0,85000000,ok
80cfc810-5998-4d88-abef-2946fea9003b,0a76ea17-544d-4f54-861b-2945b804bbe2,npu-d100-r001,npu-d100,1,1,4,NPU,,100,cpu_not_applicable,,,,,,,100,1346478745000000,89.262433563,28.635295282,load,28.635295282,36.4,31.8,38.4,34.3,0,85000000,ok
80cfc810-5998-4d88-abef-2946fea9003b,0a76ea17-544d-4f54-861b-2945b804bbe2,npu-d100-r001,npu-d100,1,1,4,NPU,,100,cpu_not_applicable,,,,,,,100,1346479735000000,90.252433563,29.625295282,load,29.625295282,36.4,31.8,38.4,34.3,0,75000000,ok
80cfc810-5998-4d88-abef-2946fea9003b,0a76ea17-544d-4f54-861b-2945b804bbe2,npu-d100-r001,npu-d100,1,1,4,NPU,,100,cpu_not_applicable,,,,,,,100,1346480765000000,91.282433563,30.655295282,load,30.655295282,36.4,31.8,38.4,34.3,0,85000000,ok
80cfc810-5998-4d88-abef-2946fea9003b,0a76ea17-544d-4f54-861b-2945b804bbe2,npu-d100-r001,npu-d100,1,1,4,NPU,,100,cpu_not_applicable,,,,,,,100,1346481790000000,92.307433563,31.680295282,load,31.680295282,37.5,32.4,39.4,34.8,0,80000000,ok
80cfc810-5998-4d88-abef-2946fea9003b,0a76ea17-544d-4f54-861b-2945b804bbe2,npu-d100-r001,npu-d100,1,1,4,NPU,,100,cpu_not_applicable,,,,,,,100,1346482820000000,93.337433563,32.710295282,load,32.710295282,37.5,32.4,39.4,34.8,0,90000000,ok
80cfc810-5998-4d88-abef-2946fea9003b,0a76ea17-544d-4f54-861b-2945b804bbe2,npu-d100-r001,npu-d100,1,1,4,NPU,,100,cpu_not_applicable,,,,,,,100,1346483780000000,94.297433563,33.670295282,load,33.670295282,37.5,32.4,39.4,34.8,0,80000000,ok
80cfc810-5998-4d88-abef-2946fea9003b,0a76ea17-544d-4f54-861b-2945b804bbe2,npu-d100-r001,npu-d100,1,1,4,NPU,,100,cpu_not_applicable,,,,,,,100,1346484845000000,95.362433563,34.735295282,load,34.735295282,37.5,32.4,39.4,34.8,0,75000000,ok
80cfc810-5998-4d88-abef-2946fea9003b,0a76ea17-544d-4f54-861b-2945b804bbe2,npu-d100-r001,npu-d100,1,1,4,NPU,,100,cpu_not_applicable,,,,,,,100,1346485890000000,96.407433563,35.780295282,load,35.780295282,37.5,32.4,39.4,34.8,0,80000000,ok
80cfc810-5998-4d88-abef-2946fea9003b,0a76ea17-544d-4f54-861b-2945b804bbe2,npu-d100-r001,npu-d100,1,1,4,NPU,,100,cpu_not_applicable,,,,,,,100,1346486950000000,97.467433563,36.840295282,load,36.840295282,37.5,32.4,39.4,34.8,0,120000000,ok
80cfc810-5998-4d88-abef-2946fea9003b,0a76ea17-544d-4f54-861b-2945b804bbe2,npu-d100-r001,npu-d100,1,1,4,NPU,,100,cpu_not_applicable,,,,,,,100,1346487835000000,98.352433563,37.725295282,load,37.725295282,37.5,32.4,39.4,34.8,0,85000000,ok
80cfc810-5998-4d88-abef-2946fea9003b,0a76ea17-544d-4f54-861b-2945b804bbe2,npu-d100-r001,npu-d100,1,1,4,NPU,,100,cpu_not_applicable,,,,,,,100,1346488860000000,99.377433563,38.750295282,load,38.750295282,38.1,32.8,40.1,35.3,0,80000000,ok
80cfc810-5998-4d88-abef-2946fea9003b,0a76ea17-544d-4f54-861b-2945b804bbe2,npu-d100-r001,npu-d100,1,1,4,NPU,,100,cpu_not_applicable,,,,,,,100,1346489875000000,100.392433563,39.765295282,load,39.765295282,38.1,32.8,40.1,35.3,0,75000000,ok
80cfc810-5998-4d88-abef-2946fea9003b,0a76ea17-544d-4f54-861b-2945b804bbe2,npu-d100-r001,npu-d100,1,1,4,NPU,,100,cpu_not_applicable,,,,,,,100,1346490815000000,101.332433563,40.705295282,load,40.705295282,38.3,32.9,40.3,35.4,0,85000000,ok
80cfc810-5998-4d88-abef-2946fea9003b,0a76ea17-544d-4f54-861b-2945b804bbe2,npu-d100-r001,npu-d100,1,1,4,NPU,,100,cpu_not_applicable,,,,,,,100,1346491830000000,102.347433563,41.720295282,load,41.720295282,38.3,32.9,40.3,35.4,0,90000000,ok
80cfc810-5998-4d88-abef-2946fea9003b,0a76ea17-544d-4f54-861b-2945b804bbe2,npu-d100-r001,npu-d100,1,1,4,NPU,,100,cpu_not_applicable,,,,,,,100,1346492845000000,103.362433563,42.735295282,load,42.735295282,38.3,32.9,40.3,35.4,0,85000000,ok
80cfc810-5998-4d88-abef-2946fea9003b,0a76ea17-544d-4f54-861b-2945b804bbe2,npu-d100-r001,npu-d100,1,1,4,NPU,,100,cpu_not_applicable,,,,,,,100,1346493820000000,104.337433563,43.710295282,load,43.710295282,38.3,32.9,40.3,35.4,0,90000000,ok
80cfc810-5998-4d88-abef-2946fea9003b,0a76ea17-544d-4f54-861b-2945b804bbe2,npu-d100-r001,npu-d100,1,1,4,NPU,,100,cpu_not_applicable,,,,,,,100,1346494815000000,105.332433563,44.705295282,load,44.705295282,38.3,32.9,40.3,35.4,0,85000000,ok
80cfc810-5998-4d88-abef-2946fea9003b,0a76ea17-544d-4f54-861b-2945b804bbe2,npu-d100-r001,npu-d100,1,1,4,NPU,,100,cpu_not_applicable,,,,,,,100,1346495910000000,106.427433563,45.800295282,load,45.800295282,38.6,33.2,40.6,35.6,0,80000000,ok
80cfc810-5998-4d88-abef-2946fea9003b,0a76ea17-544d-4f54-861b-2945b804bbe2,npu-d100-r001,npu-d100,1,1,4,NPU,,100,cpu_not_applicable,,,,,,,100,1346496955000000,107.472433563,46.845295282,load,46.845295282,38.6,33.2,40.6,35.6,0,95000000,ok
80cfc810-5998-4d88-abef-2946fea9003b,0a76ea17-544d-4f54-861b-2945b804bbe2,npu-d100-r001,npu-d100,1,1,4,NPU,,100,cpu_not_applicable,,,,,,,100,1346497825000000,108.342433563,47.715295282,load,47.715295282,38.6,33.2,40.6,35.6,0,85000000,ok
80cfc810-5998-4d88-abef-2946fea9003b,0a76ea17-544d-4f54-861b-2945b804bbe2,npu-d100-r001,npu-d100,1,1,4,NPU,,100,cpu_not_applicable,,,,,,,100,1346498900000000,109.417433563,48.790295282,load,48.790295282,38.7,33.3,40.8,35.7,0,90000000,ok
80cfc810-5998-4d88-abef-2946fea9003b,0a76ea17-544d-4f54-861b-2945b804bbe2,npu-d100-r001,npu-d100,1,1,4,NPU,,100,cpu_not_applicable,,,,,,,100,1346499930000000,110.447433563,49.820295282,load,49.820295282,38.8,33.4,41.0,35.8,0,90000000,ok
80cfc810-5998-4d88-abef-2946fea9003b,0a76ea17-544d-4f54-861b-2945b804bbe2,npu-d100-r001,npu-d100,1,1,4,NPU,,100,cpu_not_applicable,,,,,,,100,1346500940000000,111.457433563,50.830295282,load,50.830295282,38.8,33.4,41.0,35.8,0,80000000,ok
80cfc810-5998-4d88-abef-2946fea9003b,0a76ea17-544d-4f54-861b-2945b804bbe2,npu-d100-r001,npu-d100,1,1,4,NPU,,100,cpu_not_applicable,,,,,,,100,1346501980000000,112.497433563,51.870295282,load,51.870295282,38.9,33.5,41.1,35.9,0,100000000,ok
80cfc810-5998-4d88-abef-2946fea9003b,0a76ea17-544d-4f54-861b-2945b804bbe2,npu-d100-r001,npu-d100,1,1,4,NPU,,100,cpu_not_applicable,,,,,,,100,1346503000000000,113.517433563,52.890295282,load,52.890295282,38.9,33.5,41.1,35.9,0,90000000,ok
80cfc810-5998-4d88-abef-2946fea9003b,0a76ea17-544d-4f54-861b-2945b804bbe2,npu-d100-r001,npu-d100,1,1,4,NPU,,100,cpu_not_applicable,,,,,,,100,1346503930000000,114.447433563,53.820295282,load,53.820295282,39.1,33.6,41.1,35.9,0,90000000,ok
80cfc810-5998-4d88-abef-2946fea9003b,0a76ea17-544d-4f54-861b-2945b804bbe2,npu-d100-r001,npu-d100,1,1,4,NPU,,100,cpu_not_applicable,,,,,,,100,1346504930000000,115.447433563,54.820295282,load,54.820295282,39.1,33.6,41.1,35.9,0,80000000,ok
80cfc810-5998-4d88-abef-2946fea9003b,0a76ea17-544d-4f54-861b-2945b804bbe2,npu-d100-r001,npu-d100,1,1,4,NPU,,100,cpu_not_applicable,,,,,,,100,1346505955000000,116.472433563,55.845295282,load,55.845295282,39.2,33.7,41.4,36.0,0,75000000,ok
80cfc810-5998-4d88-abef-2946fea9003b,0a76ea17-544d-4f54-861b-2945b804bbe2,npu-d100-r001,npu-d100,1,1,4,NPU,,100,cpu_not_applicable,,,,,,,100,1346506895000000,117.412433563,56.785295282,load,56.785295282,39.2,33.7,41.4,36.0,0,75000000,ok
80cfc810-5998-4d88-abef-2946fea9003b,0a76ea17-544d-4f54-861b-2945b804bbe2,npu-d100-r001,npu-d100,1,1,4,NPU,,100,cpu_not_applicable,,,,,,,100,1346508045000000,118.562433563,57.935295282,load,57.935295282,39.3,33.8,41.6,36.1,0,125000000,ok
80cfc810-5998-4d88-abef-2946fea9003b,0a76ea17-544d-4f54-861b-2945b804bbe2,npu-d100-r001,npu-d100,1,1,4,NPU,,100,cpu_not_applicable,,,,,,,100,1346509070000000,119.587433563,58.960295282,load,58.960295282,39.3,33.8,41.6,36.1,0,120000000,ok
80cfc810-5998-4d88-abef-2946fea9003b,0a76ea17-544d-4f54-861b-2945b804bbe2,npu-d100-r001,npu-d100,1,1,4,NPU,,100,cpu_not_applicable,,,,,,,100,1346510095000000,120.612433563,59.985295282,load,59.985295282,39.4,33.9,41.6,36.2,0,125000000,ok
80cfc810-5998-4d88-abef-2946fea9003b,0a76ea17-544d-4f54-861b-2945b804bbe2,npu-d100-r001,npu-d100,1,1,4,NPU,,100,cpu_not_applicable,,,,,,,100,1346510970000000,121.487433563,60.860295282,cooling,0.859528719,39.4,33.9,41.6,36.2,0,70000000,ok
80cfc810-5998-4d88-abef-2946fea9003b,0a76ea17-544d-4f54-861b-2945b804bbe2,npu-d100-r001,npu-d100,1,1,4,NPU,,100,cpu_not_applicable,,,,,,,100,1346512060000000,122.577433563,61.950295282,cooling,1.949528719,41.0,34.0,40.7,36.3,0,150000000,ok
80cfc810-5998-4d88-abef-2946fea9003b,0a76ea17-544d-4f54-861b-2945b804bbe2,npu-d100-r001,npu-d100,1,1,4,NPU,,100,cpu_not_applicable,,,,,,,100,1346513055000000,123.572433563,62.945295282,cooling,2.944528719,41.0,34.0,40.7,36.3,0,185000000,ok
80cfc810-5998-4d88-abef-2946fea9003b,0a76ea17-544d-4f54-861b-2945b804bbe2,npu-d100-r001,npu-d100,1,1,4,NPU,,100,cpu_not_applicable,,,,,,,100,1346514060000000,124.577433563,63.950295282,cooling,3.949528719,40.0,34.0,40.2,36.4,0,200000000,ok
80cfc810-5998-4d88-abef-2946fea9003b,0a76ea17-544d-4f54-861b-2945b804bbe2,npu-d100-r001,npu-d100,1,1,4,NPU,,100,cpu_not_applicable,,,,,,,100,1346515080000000,125.597433563,64.970295282,cooling,4.969528719,40.0,34.0,40.2,36.4,0,190000000,ok
80cfc810-5998-4d88-abef-2946fea9003b,0a76ea17-544d-4f54-861b-2945b804bbe2,npu-d100-r001,npu-d100,1,1,4,NPU,,100,cpu_not_applicable,,,,,,,100,1346516145000000,126.662433563,66.035295282,cooling,6.034528719,39.5,34.1,39.5,36.4,0,275000000,ok
80cfc810-5998-4d88-abef-2946fea9003b,0a76ea17-544d-4f54-861b-2945b804bbe2,npu-d100-r001,npu-d100,1,1,4,NPU,,100,cpu_not_applicable,,,,,,,100,1346517055000000,127.572433563,66.945295282,cooling,6.944528719,39.5,34.1,39.5,36.4,0,175000000,ok
80cfc810-5998-4d88-abef-2946fea9003b,0a76ea17-544d-4f54-861b-2945b804bbe2,npu-d100-r001,npu-d100,1,1,4,NPU,,100,cpu_not_applicable,,,,,,,100,1346517960000000,128.477433563,67.850295282,cooling,7.849528719,39.2,34.1,39.0,36.3,0,90000000,ok
80cfc810-5998-4d88-abef-2946fea9003b,0a76ea17-544d-4f54-861b-2945b804bbe2,npu-d100-r001,npu-d100,1,1,4,NPU,,100,cpu_not_applicable,,,,,,,100,1346519120000000,129.637433563,69.010295282,cooling,9.009528719,39.2,34.1,39.0,36.3,0,110000000,ok
80cfc810-5998-4d88-abef-2946fea9003b,0a76ea17-544d-4f54-861b-2945b804bbe2,npu-d100-r001,npu-d100,1,1,4,NPU,,100,cpu_not_applicable,,,,,,,100,1346520015000000,130.532433563,69.905295282,cooling,9.904528719,38.5,34.2,38.3,36.1,0,105000000,ok
80cfc810-5998-4d88-abef-2946fea9003b,0a76ea17-544d-4f54-861b-2945b804bbe2,npu-d100-r001,npu-d100,1,1,4,NPU,,100,cpu_not_applicable,,,,,,,100,1346521045000000,131.562433563,70.935295282,cooling,10.934528719,38.5,34.2,38.3,36.1,0,105000000,ok
80cfc810-5998-4d88-abef-2946fea9003b,0a76ea17-544d-4f54-861b-2945b804bbe2,npu-d100-r001,npu-d100,1,1,4,NPU,,100,cpu_not_applicable,,,,,,,100,1346522005000000,132.522433563,71.895295282,cooling,11.894528719,37.8,34.1,37.5,35.9,0,95000000,ok
80cfc810-5998-4d88-abef-2946fea9003b,0a76ea17-544d-4f54-861b-2945b804bbe2,npu-d100-r001,npu-d100,1,1,4,NPU,,100,cpu_not_applicable,,,,,,,100,1346523120000000,133.637433563,73.010295282,cooling,13.009528719,37.8,34.1,37.5,35.9,0,130000000,ok
80cfc810-5998-4d88-abef-2946fea9003b,0a76ea17-544d-4f54-861b-2945b804bbe2,npu-d100-r001,npu-d100,1,1,4,NPU,,100,cpu_not_applicable,,,,,,,100,1346524110000000,134.627433563,74.000295282,cooling,13.999528719,37.8,34.1,37.5,35.9,0,100000000,ok
80cfc810-5998-4d88-abef-2946fea9003b,0a76ea17-544d-4f54-861b-2945b804bbe2,npu-d100-r001,npu-d100,1,1,4,NPU,,100,cpu_not_applicable,,,,,,,100,1346525020000000,135.537433563,74.910295282,cooling,14.909528719,37.8,34.1,37.5,35.9,0,110000000,ok
80cfc810-5998-4d88-abef-2946fea9003b,0a76ea17-544d-4f54-861b-2945b804bbe2,npu-d100-r001,npu-d100,1,1,4,NPU,,100,cpu_not_applicable,,,,,,,100,1346526030000000,136.547433563,75.920295282,cooling,15.919528719,37.8,34.1,37.5,35.9,0,120000000,ok
80cfc810-5998-4d88-abef-2946fea9003b,0a76ea17-544d-4f54-861b-2945b804bbe2,npu-d100-r001,npu-d100,1,1,4,NPU,,100,cpu_not_applicable,,,,,,,100,1346527070000000,137.587433563,76.960295282,cooling,16.959528719,37.8,34.1,37.5,35.9,0,100000000,ok
80cfc810-5998-4d88-abef-2946fea9003b,0a76ea17-544d-4f54-861b-2945b804bbe2,npu-d100-r001,npu-d100,1,1,4,NPU,,100,cpu_not_applicable,,,,,,,100,1346528120000000,138.637433563,78.010295282,cooling,18.009528719,37.8,34.1,37.5,35.9,0,110000000,ok
80cfc810-5998-4d88-abef-2946fea9003b,0a76ea17-544d-4f54-861b-2945b804bbe2,npu-d100-r001,npu-d100,1,1,4,NPU,,100,cpu_not_applicable,,,,,,,100,1346529160000000,139.677433563,79.050295282,cooling,19.049528719,37.8,34.1,37.5,35.9,0,130000000,ok
80cfc810-5998-4d88-abef-2946fea9003b,0a76ea17-544d-4f54-861b-2945b804bbe2,npu-d100-r001,npu-d100,1,1,4,NPU,,100,cpu_not_applicable,,,,,,,100,1346530050000000,140.567433563,79.940295282,cooling,19.939528719,37.8,34.1,37.5,35.9,0,90000000,ok
80cfc810-5998-4d88-abef-2946fea9003b,0a76ea17-544d-4f54-861b-2945b804bbe2,npu-d100-r001,npu-d100,1,1,4,NPU,,100,cpu_not_applicable,,,,,,,100,1346531070000000,141.587433563,80.960295282,cooling,20.959528719,37.8,34.1,37.5,35.9,0,100000000,ok
80cfc810-5998-4d88-abef-2946fea9003b,0a76ea17-544d-4f54-861b-2945b804bbe2,npu-d100-r001,npu-d100,1,1,4,NPU,,100,cpu_not_applicable,,,,,,,100,1346532050000000,142.567433563,81.940295282,cooling,21.939528719,36.2,33.9,35.8,35.1,0,100000000,ok
80cfc810-5998-4d88-abef-2946fea9003b,0a76ea17-544d-4f54-861b-2945b804bbe2,npu-d100-r001,npu-d100,1,1,4,NPU,,100,cpu_not_applicable,,,,,,,100,1346533270000000,143.787433563,83.160295282,cooling,23.159528719,36.2,33.9,35.8,35.1,0,160000000,ok
80cfc810-5998-4d88-abef-2946fea9003b,0a76ea17-544d-4f54-861b-2945b804bbe2,npu-d100-r001,npu-d100,1,1,4,NPU,,100,cpu_not_applicable,,,,,,,100,1346534155000000,144.672433563,84.045295282,cooling,24.044528719,36.2,33.9,35.8,35.1,0,145000000,ok
80cfc810-5998-4d88-abef-2946fea9003b,0a76ea17-544d-4f54-861b-2945b804bbe2,npu-d100-r001,npu-d100,1,1,4,NPU,,100,cpu_not_applicable,,,,,,,100,1346535360000000,145.877433563,85.250295282,cooling,25.249528719,36.2,33.9,35.8,35.1,0,220000000,ok
80cfc810-5998-4d88-abef-2946fea9003b,0a76ea17-544d-4f54-861b-2945b804bbe2,npu-d100-r001,npu-d100,1,1,4,NPU,,100,cpu_not_applicable,,,,,,,100,1346536195000000,146.712433563,86.085295282,cooling,26.084528719,36.2,33.9,35.8,35.1,0,95000000,ok
80cfc810-5998-4d88-abef-2946fea9003b,0a76ea17-544d-4f54-861b-2945b804bbe2,npu-d100-r001,npu-d100,1,1,4,NPU,,100,cpu_not_applicable,,,,,,,100,1346537070000000,147.587433563,86.960295282,cooling,26.959528719,36.2,33.9,35.8,35.1,0,90000000,ok
80cfc810-5998-4d88-abef-2946fea9003b,0a76ea17-544d-4f54-861b-2945b804bbe2,npu-d100-r001,npu-d100,1,1,4,NPU,,100,cpu_not_applicable,,,,,,,100,1346538180000000,148.697433563,88.070295282,cooling,28.069528719,36.2,33.9,35.8,35.1,0,130000000,ok
80cfc810-5998-4d88-abef-2946fea9003b,0a76ea17-544d-4f54-861b-2945b804bbe2,npu-d100-r001,npu-d100,1,1,4,NPU,,100,cpu_not_applicable,,,,,,,100,1346539170000000,149.687433563,89.060295282,cooling,29.059528719,36.2,33.9,35.8,35.1,0,100000000,ok
80cfc810-5998-4d88-abef-2946fea9003b,0a76ea17-544d-4f54-861b-2945b804bbe2,npu-d100-r001,npu-d100,1,1,4,NPU,,100,cpu_not_applicable,,,,,,,100,1346540210000000,150.727433563,90.100295282,cooling,30.099528719,36.2,33.9,35.8,35.1,0,120000000,ok
80cfc810-5998-4d88-abef-2946fea9003b,0a76ea17-544d-4f54-861b-2945b804bbe2,npu-d100-r001,npu-d100,1,1,4,NPU,,100,cpu_not_applicable,,,,,,,100,1346541110000000,151.627433563,91.000295282,cooling,30.999528719,36.2,33.9,35.8,35.1,0,100000000,ok
80cfc810-5998-4d88-abef-2946fea9003b,0a76ea17-544d-4f54-861b-2945b804bbe2,npu-d100-r001,npu-d100,1,1,4,NPU,,100,cpu_not_applicable,,,,,,,100,1346542120000000,152.637433563,92.010295282,cooling,32.009528719,35.5,33.7,35.1,34.9,0,100000000,ok
80cfc810-5998-4d88-abef-2946fea9003b,0a76ea17-544d-4f54-861b-2945b804bbe2,npu-d100-r001,npu-d100,1,1,4,NPU,,100,cpu_not_applicable,,,,,,,100,1346543160000000,153.677433563,93.050295282,cooling,33.049528719,35.5,33.7,35.1,34.9,0,100000000,ok
80cfc810-5998-4d88-abef-2946fea9003b,0a76ea17-544d-4f54-861b-2945b804bbe2,npu-d100-r001,npu-d100,1,1,4,NPU,,100,cpu_not_applicable,,,,,,,100,1346544190000000,154.707433563,94.080295282,cooling,34.079528719,35.5,33.7,35.1,34.9,0,100000000,ok
80cfc810-5998-4d88-abef-2946fea9003b,0a76ea17-544d-4f54-861b-2945b804bbe2,npu-d100-r001,npu-d100,1,1,4,NPU,,100,cpu_not_applicable,,,,,,,100,1346545220000000,155.737433563,95.110295282,cooling,35.109528719,35.5,33.7,35.1,34.9,0,110000000,ok
80cfc810-5998-4d88-abef-2946fea9003b,0a76ea17-544d-4f54-861b-2945b804bbe2,npu-d100-r001,npu-d100,1,1,4,NPU,,100,cpu_not_applicable,,,,,,,100,1346546245000000,156.762433563,96.135295282,cooling,36.134528719,35.5,33.7,35.1,34.9,0,125000000,ok
80cfc810-5998-4d88-abef-2946fea9003b,0a76ea17-544d-4f54-861b-2945b804bbe2,npu-d100-r001,npu-d100,1,1,4,NPU,,100,cpu_not_applicable,,,,,,,100,1346547140000000,157.657433563,97.030295282,cooling,37.029528719,35.5,33.7,35.1,34.9,0,90000000,ok
80cfc810-5998-4d88-abef-2946fea9003b,0a76ea17-544d-4f54-861b-2945b804bbe2,npu-d100-r001,npu-d100,1,1,4,NPU,,100,cpu_not_applicable,,,,,,,100,1346548185000000,158.702433563,98.075295282,cooling,38.074528719,35.5,33.7,35.1,34.9,0,105000000,ok
80cfc810-5998-4d88-abef-2946fea9003b,0a76ea17-544d-4f54-861b-2945b804bbe2,npu-d100-r001,npu-d100,1,1,4,NPU,,100,cpu_not_applicable,,,,,,,100,1346549095000000,159.612433563,98.985295282,cooling,38.984528719,35.5,33.7,35.1,34.9,0,95000000,ok
80cfc810-5998-4d88-abef-2946fea9003b,0a76ea17-544d-4f54-861b-2945b804bbe2,npu-d100-r001,npu-d100,1,1,4,NPU,,100,cpu_not_applicable,,,,,,,100,1346550110000000,160.627433563,100.000295282,cooling,39.999528719,35.5,33.7,35.1,34.9,0,100000000,ok
80cfc810-5998-4d88-abef-2946fea9003b,0a76ea17-544d-4f54-861b-2945b804bbe2,npu-d100-r001,npu-d100,1,1,4,NPU,,100,cpu_not_applicable,,,,,,,100,1346551145000000,161.662433563,101.035295282,cooling,41.034528719,35.5,33.7,35.1,34.9,0,95000000,ok
80cfc810-5998-4d88-abef-2946fea9003b,0a76ea17-544d-4f54-861b-2945b804bbe2,npu-d100-r001,npu-d100,1,1,4,NPU,,100,cpu_not_applicable,,,,,,,100,1346552175000000,162.692433563,102.065295282,cooling,42.064528719,35.0,33.5,34.6,34.7,0,105000000,ok
80cfc810-5998-4d88-abef-2946fea9003b,0a76ea17-544d-4f54-861b-2945b804bbe2,npu-d100-r001,npu-d100,1,1,4,NPU,,100,cpu_not_applicable,,,,,,,100,1346553200000000,163.717433563,103.090295282,cooling,43.089528719,35.0,33.5,34.6,34.7,0,100000000,ok
80cfc810-5998-4d88-abef-2946fea9003b,0a76ea17-544d-4f54-861b-2945b804bbe2,npu-d100-r001,npu-d100,1,1,4,NPU,,100,cpu_not_applicable,,,,,,,100,1346554225000000,164.742433563,104.115295282,cooling,44.114528719,35.0,33.5,34.6,34.7,0,105000000,ok
80cfc810-5998-4d88-abef-2946fea9003b,0a76ea17-544d-4f54-861b-2945b804bbe2,npu-d100-r001,npu-d100,1,1,4,NPU,,100,cpu_not_applicable,,,,,,,100,1346555130000000,165.647433563,105.020295282,cooling,45.019528719,35.0,33.5,34.6,34.7,0,90000000,ok
80cfc810-5998-4d88-abef-2946fea9003b,0a76ea17-544d-4f54-861b-2945b804bbe2,npu-d100-r001,npu-d100,1,1,4,NPU,,100,cpu_not_applicable,,,,,,,100,1346556180000000,166.697433563,106.070295282,cooling,46.069528719,35.0,33.5,34.6,34.7,0,110000000,ok
80cfc810-5998-4d88-abef-2946fea9003b,0a76ea17-544d-4f54-861b-2945b804bbe2,npu-d100-r001,npu-d100,1,1,4,NPU,,100,cpu_not_applicable,,,,,,,100,1346557180000000,167.697433563,107.070295282,cooling,47.069528719,35.0,33.5,34.6,34.7,0,90000000,ok
80cfc810-5998-4d88-abef-2946fea9003b,0a76ea17-544d-4f54-861b-2945b804bbe2,npu-d100-r001,npu-d100,1,1,4,NPU,,100,cpu_not_applicable,,,,,,,100,1346558245000000,168.762433563,108.135295282,cooling,48.134528719,35.0,33.5,34.6,34.7,0,125000000,ok
80cfc810-5998-4d88-abef-2946fea9003b,0a76ea17-544d-4f54-861b-2945b804bbe2,npu-d100-r001,npu-d100,1,1,4,NPU,,100,cpu_not_applicable,,,,,,,100,1346559265000000,169.782433563,109.155295282,cooling,49.154528719,35.0,33.5,34.6,34.7,0,125000000,ok
80cfc810-5998-4d88-abef-2946fea9003b,0a76ea17-544d-4f54-861b-2945b804bbe2,npu-d100-r001,npu-d100,1,1,4,NPU,,100,cpu_not_applicable,,,,,,,100,1346560165000000,170.682433563,110.055295282,cooling,50.054528719,35.0,33.5,34.6,34.7,0,105000000,ok
80cfc810-5998-4d88-abef-2946fea9003b,0a76ea17-544d-4f54-861b-2945b804bbe2,npu-d100-r001,npu-d100,1,1,4,NPU,,100,cpu_not_applicable,,,,,,,100,1346561180000000,171.697433563,111.070295282,cooling,51.069528719,35.0,33.5,34.6,34.7,0,100000000,ok
80cfc810-5998-4d88-abef-2946fea9003b,0a76ea17-544d-4f54-861b-2945b804bbe2,npu-d100-r001,npu-d100,1,1,4,NPU,,100,cpu_not_applicable,,,,,,,100,1346562115000000,172.632433563,112.005295282,cooling,52.004528719,34.7,33.2,34.3,34.5,0,95000000,ok
80cfc810-5998-4d88-abef-2946fea9003b,0a76ea17-544d-4f54-861b-2945b804bbe2,npu-d100-r001,npu-d100,1,1,4,NPU,,100,cpu_not_applicable,,,,,,,100,1346563250000000,173.767433563,113.140295282,cooling,53.139528719,34.7,33.2,34.3,34.5,0,120000000,ok
80cfc810-5998-4d88-abef-2946fea9003b,0a76ea17-544d-4f54-861b-2945b804bbe2,npu-d100-r001,npu-d100,1,1,4,NPU,,100,cpu_not_applicable,,,,,,,100,1346564180000000,174.697433563,114.070295282,cooling,54.069528719,34.7,33.2,34.3,34.5,0,120000000,ok
80cfc810-5998-4d88-abef-2946fea9003b,0a76ea17-544d-4f54-861b-2945b804bbe2,npu-d100-r001,npu-d100,1,1,4,NPU,,100,cpu_not_applicable,,,,,,,100,1346565175000000,175.692433563,115.065295282,cooling,55.064528719,34.7,33.2,34.3,34.5,0,95000000,ok
80cfc810-5998-4d88-abef-2946fea9003b,0a76ea17-544d-4f54-861b-2945b804bbe2,npu-d100-r001,npu-d100,1,1,4,NPU,,100,cpu_not_applicable,,,,,,,100,1346566165000000,176.682433563,116.055295282,cooling,56.054528719,34.7,33.2,34.3,34.5,0,105000000,ok
80cfc810-5998-4d88-abef-2946fea9003b,0a76ea17-544d-4f54-861b-2945b804bbe2,npu-d100-r001,npu-d100,1,1,4,NPU,,100,cpu_not_applicable,,,,,,,100,1346567240000000,177.757433563,117.130295282,cooling,57.129528719,34.7,33.2,34.3,34.5,0,120000000,ok
80cfc810-5998-4d88-abef-2946fea9003b,0a76ea17-544d-4f54-861b-2945b804bbe2,npu-d100-r001,npu-d100,1,1,4,NPU,,100,cpu_not_applicable,,,,,,,100,1346568270000000,178.787433563,118.160295282,cooling,58.159528719,34.7,33.2,34.3,34.5,0,120000000,ok
80cfc810-5998-4d88-abef-2946fea9003b,0a76ea17-544d-4f54-861b-2945b804bbe2,npu-d100-r001,npu-d100,1,1,4,NPU,,100,cpu_not_applicable,,,,,,,100,1346569185000000,179.702433563,119.075295282,cooling,59.074528719,34.7,33.2,34.3,34.5,0,105000000,ok
80cfc810-5998-4d88-abef-2946fea9003b,0a76ea17-544d-4f54-861b-2945b804bbe2,npu-d100-r001,npu-d100,1,1,4,NPU,,100,cpu_not_applicable,,,,,,,100,1346570200000000,180.717433563,120.090295282,cooling,60.089528719,34.7,33.2,34.3,34.5,0,100000000,ok
80cfc810-5998-4d88-abef-2946fea9003b,0a76ea17-544d-4f54-861b-2945b804bbe2,npu-d100-r001,npu-d100,1,1,4,NPU,,100,cpu_not_applicable,,,,,,,100,1346571210000000,181.727433563,121.100295282,cooling,61.099528719,34.7,33.2,34.3,34.5,0,90000000,ok
80cfc810-5998-4d88-abef-2946fea9003b,0a76ea17-544d-4f54-861b-2945b804bbe2,npu-d100-r001,npu-d100,1,1,4,NPU,,100,cpu_not_applicable,,,,,,,100,1346572245000000,182.762433563,122.135295282,cooling,62.134528719,34.6,33.1,34.1,34.4,0,105000000,ok
80cfc810-5998-4d88-abef-2946fea9003b,0a76ea17-544d-4f54-861b-2945b804bbe2,npu-d100-r001,npu-d100,1,1,4,NPU,,100,cpu_not_applicable,,,,,,,100,1346573265000000,183.782433563,123.155295282,cooling,63.154528719,34.6,33.1,34.1,34.4,0,95000000,ok
80cfc810-5998-4d88-abef-2946fea9003b,0a76ea17-544d-4f54-861b-2945b804bbe2,npu-d100-r001,npu-d100,1,1,4,NPU,,100,cpu_not_applicable,,,,,,,100,1346574185000000,184.702433563,124.075295282,cooling,64.074528719,34.6,33.1,34.1,34.4,0,95000000,ok
80cfc810-5998-4d88-abef-2946fea9003b,0a76ea17-544d-4f54-861b-2945b804bbe2,npu-d100-r001,npu-d100,1,1,4,NPU,,100,cpu_not_applicable,,,,,,,100,1346575190000000,185.707433563,125.080295282,cooling,65.079528719,34.6,33.1,34.1,34.4,0,90000000,ok
80cfc810-5998-4d88-abef-2946fea9003b,0a76ea17-544d-4f54-861b-2945b804bbe2,npu-d100-r001,npu-d100,1,1,4,NPU,,100,cpu_not_applicable,,,,,,,100,1346576240000000,186.757433563,126.130295282,cooling,66.129528719,34.6,33.1,34.1,34.4,0,100000000,ok
80cfc810-5998-4d88-abef-2946fea9003b,0a76ea17-544d-4f54-861b-2945b804bbe2,npu-d100-r001,npu-d100,1,1,4,NPU,,100,cpu_not_applicable,,,,,,,100,1346577300000000,187.817433563,127.190295282,cooling,67.189528719,34.6,33.1,34.1,34.4,0,100000000,ok
80cfc810-5998-4d88-abef-2946fea9003b,0a76ea17-544d-4f54-861b-2945b804bbe2,npu-d100-r001,npu-d100,1,1,4,NPU,,100,cpu_not_applicable,,,,,,,100,1346578170000000,188.687433563,128.060295282,cooling,68.059528719,34.6,33.1,34.1,34.4,0,90000000,ok
80cfc810-5998-4d88-abef-2946fea9003b,0a76ea17-544d-4f54-861b-2945b804bbe2,npu-d100-r001,npu-d100,1,1,4,NPU,,100,cpu_not_applicable,,,,,,,100,1346579210000000,189.727433563,129.100295282,cooling,69.099528719,34.6,33.1,34.1,34.4,0,100000000,ok
80cfc810-5998-4d88-abef-2946fea9003b,0a76ea17-544d-4f54-861b-2945b804bbe2,npu-d100-r001,npu-d100,1,1,4,NPU,,100,cpu_not_applicable,,,,,,,100,1346580270000000,190.787433563,130.160295282,cooling,70.159528719,34.6,33.1,34.1,34.4,0,110000000,ok
80cfc810-5998-4d88-abef-2946fea9003b,0a76ea17-544d-4f54-861b-2945b804bbe2,npu-d100-r001,npu-d100,1,1,4,NPU,,100,cpu_not_applicable,,,,,,,100,1346581280000000,191.797433563,131.170295282,cooling,71.169528719,34.6,33.1,34.1,34.4,0,130000000,ok
80cfc810-5998-4d88-abef-2946fea9003b,0a76ea17-544d-4f54-861b-2945b804bbe2,npu-d100-r001,npu-d100,1,1,4,NPU,,100,cpu_not_applicable,,,,,,,100,1346582290000000,192.807433563,132.180295282,cooling,72.179528719,34.3,32.9,33.9,34.3,0,120000000,ok
80cfc810-5998-4d88-abef-2946fea9003b,0a76ea17-544d-4f54-861b-2945b804bbe2,npu-d100-r001,npu-d100,1,1,4,NPU,,100,cpu_not_applicable,,,,,,,100,1346583200000000,193.717433563,133.090295282,cooling,73.089528719,34.3,32.9,33.9,34.3,0,100000000,ok
80cfc810-5998-4d88-abef-2946fea9003b,0a76ea17-544d-4f54-861b-2945b804bbe2,npu-d100-r001,npu-d100,1,1,4,NPU,,100,cpu_not_applicable,,,,,,,100,1346584175000000,194.692433563,134.065295282,cooling,74.064528719,34.3,32.9,33.9,34.3,0,95000000,ok
80cfc810-5998-4d88-abef-2946fea9003b,0a76ea17-544d-4f54-861b-2945b804bbe2,npu-d100-r001,npu-d100,1,1,4,NPU,,100,cpu_not_applicable,,,,,,,100,1346585285000000,195.802433563,135.175295282,cooling,75.174528719,34.3,32.9,33.9,34.3,0,135000000,ok
80cfc810-5998-4d88-abef-2946fea9003b,0a76ea17-544d-4f54-861b-2945b804bbe2,npu-d100-r001,npu-d100,1,1,4,NPU,,100,cpu_not_applicable,,,,,,,100,1346586285000000,196.802433563,136.175295282,cooling,76.174528719,34.3,32.9,33.9,34.3,0,115000000,ok
80cfc810-5998-4d88-abef-2946fea9003b,0a76ea17-544d-4f54-861b-2945b804bbe2,npu-d100-r001,npu-d100,1,1,4,NPU,,100,cpu_not_applicable,,,,,,,100,1346587315000000,197.832433563,137.205295282,cooling,77.204528719,34.3,32.9,33.9,34.3,0,125000000,ok
80cfc810-5998-4d88-abef-2946fea9003b,0a76ea17-544d-4f54-861b-2945b804bbe2,npu-d100-r001,npu-d100,1,1,4,NPU,,100,cpu_not_applicable,,,,,,,100,1346588205000000,198.722433563,138.095295282,cooling,78.094528719,34.3,32.9,33.9,34.3,0,85000000,ok
80cfc810-5998-4d88-abef-2946fea9003b,0a76ea17-544d-4f54-861b-2945b804bbe2,npu-d100-r001,npu-d100,1,1,4,NPU,,100,cpu_not_applicable,,,,,,,100,1346589215000000,199.732433563,139.105295282,cooling,79.104528719,34.3,32.9,33.9,34.3,0,105000000,ok
80cfc810-5998-4d88-abef-2946fea9003b,0a76ea17-544d-4f54-861b-2945b804bbe2,npu-d100-r001,npu-d100,1,1,4,NPU,,100,cpu_not_applicable,,,,,,,100,1346590285000000,200.802433563,140.175295282,cooling,80.174528719,34.3,32.9,33.9,34.3,0,125000000,ok
80cfc810-5998-4d88-abef-2946fea9003b,0a76ea17-544d-4f54-861b-2945b804bbe2,npu-d100-r001,npu-d100,1,1,4,NPU,,100,cpu_not_applicable,,,,,,,100,1346591290000000,201.807433563,141.180295282,cooling,81.179528719,34.3,32.9,33.9,34.3,0,110000000,ok
80cfc810-5998-4d88-abef-2946fea9003b,0a76ea17-544d-4f54-861b-2945b804bbe2,npu-d100-r001,npu-d100,1,1,4,NPU,,100,cpu_not_applicable,,,,,,,100,1346592205000000,202.722433563,142.095295282,cooling,82.094528719,34.2,32.8,33.8,34.2,0,95000000,ok
80cfc810-5998-4d88-abef-2946fea9003b,0a76ea17-544d-4f54-861b-2945b804bbe2,npu-d100-r001,npu-d100,1,1,4,NPU,,100,cpu_not_applicable,,,,,,,100,1346593245000000,203.762433563,143.135295282,cooling,83.134528719,34.2,32.8,33.8,34.2,0,105000000,ok
80cfc810-5998-4d88-abef-2946fea9003b,0a76ea17-544d-4f54-861b-2945b804bbe2,npu-d100-r001,npu-d100,1,1,4,NPU,,100,cpu_not_applicable,,,,,,,100,1346594275000000,204.792433563,144.165295282,cooling,84.164528719,34.2,32.8,33.8,34.2,0,105000000,ok
80cfc810-5998-4d88-abef-2946fea9003b,0a76ea17-544d-4f54-861b-2945b804bbe2,npu-d100-r001,npu-d100,1,1,4,NPU,,100,cpu_not_applicable,,,,,,,100,1346595315000000,205.832433563,145.205295282,cooling,85.204528719,34.2,32.8,33.8,34.2,0,125000000,ok
80cfc810-5998-4d88-abef-2946fea9003b,0a76ea17-544d-4f54-861b-2945b804bbe2,npu-d100-r001,npu-d100,1,1,4,NPU,,100,cpu_not_applicable,,,,,,,100,1346596185000000,206.702433563,146.075295282,cooling,86.074528719,34.2,32.8,33.8,34.2,0,105000000,ok
80cfc810-5998-4d88-abef-2946fea9003b,0a76ea17-544d-4f54-861b-2945b804bbe2,npu-d100-r001,npu-d100,1,1,4,NPU,,100,cpu_not_applicable,,,,,,,100,1346597220000000,207.737433563,147.110295282,cooling,87.109528719,34.2,32.8,33.8,34.2,0,100000000,ok
80cfc810-5998-4d88-abef-2946fea9003b,0a76ea17-544d-4f54-861b-2945b804bbe2,npu-d100-r001,npu-d100,1,1,4,NPU,,100,cpu_not_applicable,,,,,,,100,1346598160000000,208.677433563,148.050295282,cooling,88.049528719,34.2,32.8,33.8,34.2,0,90000000,ok
80cfc810-5998-4d88-abef-2946fea9003b,0a76ea17-544d-4f54-861b-2945b804bbe2,npu-d100-r001,npu-d100,1,1,4,NPU,,100,cpu_not_applicable,,,,,,,100,1346599305000000,209.822433563,149.195295282,cooling,89.194528719,34.2,32.8,33.8,34.2,0,125000000,ok
80cfc810-5998-4d88-abef-2946fea9003b,0a76ea17-544d-4f54-861b-2945b804bbe2,npu-d100-r001,npu-d100,1,1,4,NPU,,100,cpu_not_applicable,,,,,,,100,1346600340000000,210.857433563,150.230295282,cooling,90.229528719,34.2,32.8,33.8,34.2,0,140000000,ok
80cfc810-5998-4d88-abef-2946fea9003b,0a76ea17-544d-4f54-861b-2945b804bbe2,npu-d100-r001,npu-d100,1,1,4,NPU,,100,cpu_not_applicable,,,,,,,100,1346601215000000,211.732433563,151.105295282,cooling,91.104528719,34.2,32.8,33.8,34.2,0,95000000,ok
80cfc810-5998-4d88-abef-2946fea9003b,0a76ea17-544d-4f54-861b-2945b804bbe2,npu-d100-r001,npu-d100,1,1,4,NPU,,100,cpu_not_applicable,,,,,,,100,1346602245000000,212.762433563,152.135295282,cooling,92.134528719,34.1,32.7,33.7,34.1,0,95000000,ok
80cfc810-5998-4d88-abef-2946fea9003b,0a76ea17-544d-4f54-861b-2945b804bbe2,npu-d100-r001,npu-d100,1,1,4,NPU,,100,cpu_not_applicable,,,,,,,100,1346603295000000,213.812433563,153.185295282,cooling,93.184528719,34.1,32.7,33.7,34.1,0,125000000,ok
80cfc810-5998-4d88-abef-2946fea9003b,0a76ea17-544d-4f54-861b-2945b804bbe2,npu-d100-r001,npu-d100,1,1,4,NPU,,100,cpu_not_applicable,,,,,,,100,1346604325000000,214.842433563,154.215295282,cooling,94.214528719,34.1,32.7,33.7,34.1,0,125000000,ok
80cfc810-5998-4d88-abef-2946fea9003b,0a76ea17-544d-4f54-861b-2945b804bbe2,npu-d100-r001,npu-d100,1,1,4,NPU,,100,cpu_not_applicable,,,,,,,100,1346605355000000,215.872433563,155.245295282,cooling,95.244528719,34.1,32.7,33.7,34.1,0,135000000,ok
80cfc810-5998-4d88-abef-2946fea9003b,0a76ea17-544d-4f54-861b-2945b804bbe2,npu-d100-r001,npu-d100,1,1,4,NPU,,100,cpu_not_applicable,,,,,,,100,1346606240000000,216.757433563,156.130295282,cooling,96.129528719,34.1,32.7,33.7,34.1,0,100000000,ok
80cfc810-5998-4d88-abef-2946fea9003b,0a76ea17-544d-4f54-861b-2945b804bbe2,npu-d100-r001,npu-d100,1,1,4,NPU,,100,cpu_not_applicable,,,,,,,100,1346607275000000,217.792433563,157.165295282,cooling,97.164528719,34.1,32.7,33.7,34.1,0,115000000,ok
80cfc810-5998-4d88-abef-2946fea9003b,0a76ea17-544d-4f54-861b-2945b804bbe2,npu-d100-r001,npu-d100,1,1,4,NPU,,100,cpu_not_applicable,,,,,,,100,1346608280000000,218.797433563,158.170295282,cooling,98.169528719,34.1,32.7,33.7,34.1,0,90000000,ok
80cfc810-5998-4d88-abef-2946fea9003b,0a76ea17-544d-4f54-861b-2945b804bbe2,npu-d100-r001,npu-d100,1,1,4,NPU,,100,cpu_not_applicable,,,,,,,100,1346609305000000,219.822433563,159.195295282,cooling,99.194528719,34.1,32.7,33.7,34.1,0,95000000,ok
80cfc810-5998-4d88-abef-2946fea9003b,0a76ea17-544d-4f54-861b-2945b804bbe2,npu-d100-r001,npu-d100,1,1,4,NPU,,100,cpu_not_applicable,,,,,,,100,1346610250000000,220.767433563,160.140295282,cooling,100.139528719,34.1,32.7,33.7,34.1,0,100000000,ok
80cfc810-5998-4d88-abef-2946fea9003b,0a76ea17-544d-4f54-861b-2945b804bbe2,npu-d100-r001,npu-d100,1,1,4,NPU,,100,cpu_not_applicable,,,,,,,100,1346611275000000,221.792433563,161.165295282,cooling,101.164528719,34.1,32.7,33.7,34.1,0,115000000,ok
80cfc810-5998-4d88-abef-2946fea9003b,0a76ea17-544d-4f54-861b-2945b804bbe2,npu-d100-r001,npu-d100,1,1,4,NPU,,100,cpu_not_applicable,,,,,,,100,1346612330000000,222.847433563,162.220295282,cooling,102.219528719,34.0,32.6,33.6,34.0,0,150000000,ok
80cfc810-5998-4d88-abef-2946fea9003b,0a76ea17-544d-4f54-861b-2945b804bbe2,npu-d100-r001,npu-d100,1,1,4,NPU,,100,cpu_not_applicable,,,,,,,100,1346613325000000,223.842433563,163.215295282,cooling,103.214528719,34.0,32.6,33.6,34.0,0,115000000,ok
80cfc810-5998-4d88-abef-2946fea9003b,0a76ea17-544d-4f54-861b-2945b804bbe2,npu-d100-r001,npu-d100,1,1,4,NPU,,100,cpu_not_applicable,,,,,,,100,1346614235000000,224.752433563,164.125295282,cooling,104.124528719,34.0,32.6,33.6,34.0,0,125000000,ok
80cfc810-5998-4d88-abef-2946fea9003b,0a76ea17-544d-4f54-861b-2945b804bbe2,npu-d100-r001,npu-d100,1,1,4,NPU,,100,cpu_not_applicable,,,,,,,100,1346615275000000,225.792433563,165.165295282,cooling,105.164528719,34.0,32.6,33.6,34.0,0,95000000,ok
80cfc810-5998-4d88-abef-2946fea9003b,0a76ea17-544d-4f54-861b-2945b804bbe2,npu-d100-r001,npu-d100,1,1,4,NPU,,100,cpu_not_applicable,,,,,,,100,1346616340000000,226.857433563,166.230295282,cooling,106.229528719,34.0,32.6,33.6,34.0,0,170000000,ok
80cfc810-5998-4d88-abef-2946fea9003b,0a76ea17-544d-4f54-861b-2945b804bbe2,npu-d100-r001,npu-d100,1,1,4,NPU,,100,cpu_not_applicable,,,,,,,100,1346617295000000,227.812433563,167.185295282,cooling,107.184528719,34.0,32.6,33.6,34.0,0,95000000,ok
80cfc810-5998-4d88-abef-2946fea9003b,0a76ea17-544d-4f54-861b-2945b804bbe2,npu-d100-r001,npu-d100,1,1,4,NPU,,100,cpu_not_applicable,,,,,,,100,1346618395000000,228.912433563,168.285295282,cooling,108.284528719,34.0,32.6,33.6,34.0,0,135000000,ok
80cfc810-5998-4d88-abef-2946fea9003b,0a76ea17-544d-4f54-861b-2945b804bbe2,npu-d100-r001,npu-d100,1,1,4,NPU,,100,cpu_not_applicable,,,,,,,100,1346619250000000,229.767433563,169.140295282,cooling,109.139528719,34.0,32.6,33.6,34.0,0,100000000,ok
80cfc810-5998-4d88-abef-2946fea9003b,0a76ea17-544d-4f54-861b-2945b804bbe2,npu-d100-r001,npu-d100,1,1,4,NPU,,100,cpu_not_applicable,,,,,,,100,1346620315000000,230.832433563,170.205295282,cooling,110.204528719,34.0,32.6,33.6,34.0,0,145000000,ok
80cfc810-5998-4d88-abef-2946fea9003b,0a76ea17-544d-4f54-861b-2945b804bbe2,npu-d100-r001,npu-d100,1,1,4,NPU,,100,cpu_not_applicable,,,,,,,100,1346621300000000,231.817433563,171.190295282,cooling,111.189528719,34.0,32.6,33.6,34.0,0,100000000,ok
80cfc810-5998-4d88-abef-2946fea9003b,0a76ea17-544d-4f54-861b-2945b804bbe2,npu-d100-r001,npu-d100,1,1,4,NPU,,100,cpu_not_applicable,,,,,,,100,1346622350000000,232.867433563,172.240295282,cooling,112.239528719,33.9,32.5,33.4,33.9,0,130000000,ok
80cfc810-5998-4d88-abef-2946fea9003b,0a76ea17-544d-4f54-861b-2945b804bbe2,npu-d100-r001,npu-d100,1,1,4,NPU,,100,cpu_not_applicable,,,,,,,100,1346623230000000,233.747433563,173.120295282,cooling,113.119528719,33.9,32.5,33.4,33.9,0,90000000,ok
80cfc810-5998-4d88-abef-2946fea9003b,0a76ea17-544d-4f54-861b-2945b804bbe2,npu-d100-r001,npu-d100,1,1,4,NPU,,100,cpu_not_applicable,,,,,,,100,1346624340000000,234.857433563,174.230295282,cooling,114.229528719,33.9,32.5,33.4,33.9,0,180000000,ok
80cfc810-5998-4d88-abef-2946fea9003b,0a76ea17-544d-4f54-861b-2945b804bbe2,npu-d100-r001,npu-d100,1,1,4,NPU,,100,cpu_not_applicable,,,,,,,100,1346625290000000,235.807433563,175.180295282,cooling,115.179528719,33.9,32.5,33.4,33.9,0,100000000,ok
80cfc810-5998-4d88-abef-2946fea9003b,0a76ea17-544d-4f54-861b-2945b804bbe2,npu-d100-r001,npu-d100,1,1,4,NPU,,100,cpu_not_applicable,,,,,,,100,1346626310000000,236.827433563,176.200295282,cooling,116.199528719,33.9,32.5,33.4,33.9,0,100000000,ok
80cfc810-5998-4d88-abef-2946fea9003b,0a76ea17-544d-4f54-861b-2945b804bbe2,npu-d100-r001,npu-d100,1,1,4,NPU,,100,cpu_not_applicable,,,,,,,100,1346627250000000,237.767433563,177.140295282,cooling,117.139528719,33.9,32.5,33.4,33.9,0,100000000,ok
80cfc810-5998-4d88-abef-2946fea9003b,0a76ea17-544d-4f54-861b-2945b804bbe2,npu-d100-r001,npu-d100,1,1,4,NPU,,100,cpu_not_applicable,,,,,,,100,1346628260000000,238.777433563,178.150295282,cooling,118.149528719,33.9,32.5,33.4,33.9,0,110000000,ok
80cfc810-5998-4d88-abef-2946fea9003b,0a76ea17-544d-4f54-861b-2945b804bbe2,npu-d100-r001,npu-d100,1,1,4,NPU,,100,cpu_not_applicable,,,,,,,100,1346629300000000,239.817433563,179.190295282,cooling,119.189528719,33.9,32.5,33.4,33.9,0,120000000,ok
80cfc810-5998-4d88-abef-2946fea9003b,0a76ea17-544d-4f54-861b-2945b804bbe2,npu-d100-r001,npu-d100,1,1,4,NPU,,100,cpu_not_applicable,,,,,,,100,1346630240000000,240.757433563,180.130295282,cooling,120.129528719,33.9,32.5,33.4,33.9,0,110000000,ok
80cfc810-5998-4d88-abef-2946fea9003b,0a76ea17-544d-4f54-861b-2945b804bbe2,npu-d100-r001,npu-d100,1,1,4,NPU,,100,cpu_not_applicable,,,,,,,100,1346631260000000,241.777433563,181.150295282,cooling,121.149528719,33.9,32.5,33.4,33.9,0,120000000,ok
80cfc810-5998-4d88-abef-2946fea9003b,0a76ea17-544d-4f54-861b-2945b804bbe2,npu-d100-r001,npu-d100,1,1,4,NPU,,100,cpu_not_applicable,,,,,,,100,1346632390000000,242.907433563,182.280295282,cooling,122.279528719,33.8,32.4,33.2,33.9,0,120000000,ok
80cfc810-5998-4d88-abef-2946fea9003b,0a76ea17-544d-4f54-861b-2945b804bbe2,npu-d100-r001,npu-d100,1,1,4,NPU,,100,cpu_not_applicable,,,,,,,100,1346633285000000,243.802433563,183.175295282,cooling,123.174528719,33.8,32.4,33.2,33.9,0,105000000,ok
80cfc810-5998-4d88-abef-2946fea9003b,0a76ea17-544d-4f54-861b-2945b804bbe2,npu-d100-r001,npu-d100,1,1,4,NPU,,100,cpu_not_applicable,,,,,,,100,1346634300000000,244.817433563,184.190295282,cooling,124.189528719,33.8,32.4,33.2,33.9,0,90000000,ok
80cfc810-5998-4d88-abef-2946fea9003b,0a76ea17-544d-4f54-861b-2945b804bbe2,npu-d100-r001,npu-d100,1,1,4,NPU,,100,cpu_not_applicable,,,,,,,100,1346635325000000,245.842433563,185.215295282,cooling,125.214528719,33.8,32.4,33.2,33.9,0,95000000,ok
80cfc810-5998-4d88-abef-2946fea9003b,0a76ea17-544d-4f54-861b-2945b804bbe2,npu-d100-r001,npu-d100,1,1,4,NPU,,100,cpu_not_applicable,,,,,,,100,1346636395000000,246.912433563,186.285295282,cooling,126.284528719,33.8,32.4,33.2,33.9,0,105000000,ok
80cfc810-5998-4d88-abef-2946fea9003b,0a76ea17-544d-4f54-861b-2945b804bbe2,npu-d100-r001,npu-d100,1,1,4,NPU,,100,cpu_not_applicable,,,,,,,100,1346637515000000,248.032433563,187.405295282,cooling,127.404528719,33.8,32.4,33.2,33.9,0,105000000,ok
80cfc810-5998-4d88-abef-2946fea9003b,0a76ea17-544d-4f54-861b-2945b804bbe2,npu-d100-r001,npu-d100,1,1,4,NPU,,100,cpu_not_applicable,,,,,,,100,1346638300000000,248.817433563,188.190295282,cooling,128.189528719,33.8,32.4,33.2,33.9,0,110000000,ok
80cfc810-5998-4d88-abef-2946fea9003b,0a76ea17-544d-4f54-861b-2945b804bbe2,npu-d100-r001,npu-d100,1,1,4,NPU,,100,cpu_not_applicable,,,,,,,100,1346639315000000,249.832433563,189.205295282,cooling,129.204528719,33.8,32.4,33.2,33.9,0,95000000,ok
80cfc810-5998-4d88-abef-2946fea9003b,0a76ea17-544d-4f54-861b-2945b804bbe2,npu-d100-r001,npu-d100,1,1,4,NPU,,100,cpu_not_applicable,,,,,,,100,1346640385000000,250.902433563,190.275295282,cooling,130.274528719,33.8,32.4,33.2,33.9,0,155000000,ok
80cfc810-5998-4d88-abef-2946fea9003b,0a76ea17-544d-4f54-861b-2945b804bbe2,npu-d100-r001,npu-d100,1,1,4,NPU,,100,cpu_not_applicable,,,,,,,100,1346641360000000,251.877433563,191.250295282,cooling,131.249528719,33.8,32.4,33.2,33.9,0,100000000,ok
80cfc810-5998-4d88-abef-2946fea9003b,0a76ea17-544d-4f54-861b-2945b804bbe2,npu-d100-r001,npu-d100,1,1,4,NPU,,100,cpu_not_applicable,,,,,,,100,1346642295000000,252.812433563,192.185295282,cooling,132.184528719,33.5,32.4,33.1,33.8,0,105000000,ok
80cfc810-5998-4d88-abef-2946fea9003b,0a76ea17-544d-4f54-861b-2945b804bbe2,npu-d100-r001,npu-d100,1,1,4,NPU,,100,cpu_not_applicable,,,,,,,100,1346643375000000,253.892433563,193.265295282,cooling,133.264528719,33.5,32.4,33.1,33.8,0,155000000,ok
80cfc810-5998-4d88-abef-2946fea9003b,0a76ea17-544d-4f54-861b-2945b804bbe2,npu-d100-r001,npu-d100,1,1,4,NPU,,100,cpu_not_applicable,,,,,,,100,1346644335000000,254.852433563,194.225295282,cooling,134.224528719,33.5,32.4,33.1,33.8,0,95000000,ok
80cfc810-5998-4d88-abef-2946fea9003b,0a76ea17-544d-4f54-861b-2945b804bbe2,npu-d100-r001,npu-d100,1,1,4,NPU,,100,cpu_not_applicable,,,,,,,100,1346645360000000,255.877433563,195.250295282,cooling,135.249528719,33.5,32.4,33.1,33.8,0,100000000,ok
80cfc810-5998-4d88-abef-2946fea9003b,0a76ea17-544d-4f54-861b-2945b804bbe2,npu-d100-r001,npu-d100,1,1,4,NPU,,100,cpu_not_applicable,,,,,,,100,1346646310000000,256.827433563,196.200295282,cooling,136.199528719,33.5,32.4,33.1,33.8,0,100000000,ok
80cfc810-5998-4d88-abef-2946fea9003b,0a76ea17-544d-4f54-861b-2945b804bbe2,npu-d100-r001,npu-d100,1,1,4,NPU,,100,cpu_not_applicable,,,,,,,100,1346647440000000,257.957433563,197.330295282,cooling,137.329528719,33.5,32.4,33.1,33.8,0,130000000,ok
80cfc810-5998-4d88-abef-2946fea9003b,0a76ea17-544d-4f54-861b-2945b804bbe2,npu-d100-r001,npu-d100,1,1,4,NPU,,100,cpu_not_applicable,,,,,,,100,1346648325000000,258.842433563,198.215295282,cooling,138.214528719,33.5,32.4,33.1,33.8,0,95000000,ok
80cfc810-5998-4d88-abef-2946fea9003b,0a76ea17-544d-4f54-861b-2945b804bbe2,npu-d100-r001,npu-d100,1,1,4,NPU,,100,cpu_not_applicable,,,,,,,100,1346649335000000,259.852433563,199.225295282,cooling,139.224528719,33.5,32.4,33.1,33.8,0,95000000,ok
80cfc810-5998-4d88-abef-2946fea9003b,0a76ea17-544d-4f54-861b-2945b804bbe2,npu-d100-r001,npu-d100,1,1,4,NPU,,100,cpu_not_applicable,,,,,,,100,1346650415000000,260.932433563,200.305295282,cooling,140.304528719,33.5,32.4,33.1,33.8,0,115000000,ok
80cfc810-5998-4d88-abef-2946fea9003b,0a76ea17-544d-4f54-861b-2945b804bbe2,npu-d100-r001,npu-d100,1,1,4,NPU,,100,cpu_not_applicable,,,,,,,100,1346651270000000,261.787433563,201.160295282,cooling,141.159528719,33.5,32.4,33.1,33.8,0,90000000,ok
80cfc810-5998-4d88-abef-2946fea9003b,0a76ea17-544d-4f54-861b-2945b804bbe2,npu-d100-r001,npu-d100,1,1,4,NPU,,100,cpu_not_applicable,,,,,,,100,1346652350000000,262.867433563,202.240295282,cooling,142.239528719,34.0,32.3,33.3,33.8,0,90000000,ok
80cfc810-5998-4d88-abef-2946fea9003b,0a76ea17-544d-4f54-861b-2945b804bbe2,npu-d100-r001,npu-d100,1,1,4,NPU,,100,cpu_not_applicable,,,,,,,100,1346653340000000,263.857433563,203.230295282,cooling,143.229528719,34.0,32.3,33.3,33.8,0,100000000,ok
80cfc810-5998-4d88-abef-2946fea9003b,0a76ea17-544d-4f54-861b-2945b804bbe2,npu-d100-r001,npu-d100,1,1,4,NPU,,100,cpu_not_applicable,,,,,,,100,1346654425000000,264.942433563,204.315295282,cooling,144.314528719,34.0,32.3,33.3,33.8,0,155000000,ok
80cfc810-5998-4d88-abef-2946fea9003b,0a76ea17-544d-4f54-861b-2945b804bbe2,npu-d100-r001,npu-d100,1,1,4,NPU,,100,cpu_not_applicable,,,,,,,100,1346655425000000,265.942433563,205.315295282,cooling,145.314528719,34.0,32.3,33.3,33.8,0,125000000,ok
80cfc810-5998-4d88-abef-2946fea9003b,0a76ea17-544d-4f54-861b-2945b804bbe2,npu-d100-r001,npu-d100,1,1,4,NPU,,100,cpu_not_applicable,,,,,,,100,1346656450000000,266.967433563,206.340295282,cooling,146.339528719,34.0,32.3,33.3,33.8,0,130000000,ok
80cfc810-5998-4d88-abef-2946fea9003b,0a76ea17-544d-4f54-861b-2945b804bbe2,npu-d100-r001,npu-d100,1,1,4,NPU,,100,cpu_not_applicable,,,,,,,100,1346657345000000,267.862433563,207.235295282,cooling,147.234528719,34.0,32.3,33.3,33.8,0,105000000,ok
80cfc810-5998-4d88-abef-2946fea9003b,0a76ea17-544d-4f54-861b-2945b804bbe2,npu-d100-r001,npu-d100,1,1,4,NPU,,100,cpu_not_applicable,,,,,,,100,1346658355000000,268.872433563,208.245295282,cooling,148.244528719,34.0,32.3,33.3,33.8,0,95000000,ok
80cfc810-5998-4d88-abef-2946fea9003b,0a76ea17-544d-4f54-861b-2945b804bbe2,npu-d100-r001,npu-d100,1,1,4,NPU,,100,cpu_not_applicable,,,,,,,100,1346659410000000,269.927433563,209.300295282,cooling,149.299528719,34.0,32.3,33.3,33.8,0,110000000,ok
80cfc810-5998-4d88-abef-2946fea9003b,0a76ea17-544d-4f54-861b-2945b804bbe2,npu-d100-r001,npu-d100,1,1,4,NPU,,100,cpu_not_applicable,,,,,,,100,1346660430000000,270.947433563,210.320295282,cooling,150.319528719,34.0,32.3,33.3,33.8,0,130000000,ok
80cfc810-5998-4d88-abef-2946fea9003b,0a76ea17-544d-4f54-861b-2945b804bbe2,npu-d100-r001,npu-d100,1,1,4,NPU,,100,cpu_not_applicable,,,,,,,100,1346661335000000,271.852433563,211.225295282,cooling,151.224528719,34.0,32.3,33.3,33.8,0,105000000,ok
80cfc810-5998-4d88-abef-2946fea9003b,0a76ea17-544d-4f54-861b-2945b804bbe2,npu-d100-r001,npu-d100,1,1,4,NPU,,100,cpu_not_applicable,,,,,,,100,1346662310000000,272.827433563,212.200295282,cooling,152.199528719,34.0,32.3,33.3,33.8,0,100000000,ok
80cfc810-5998-4d88-abef-2946fea9003b,0a76ea17-544d-4f54-861b-2945b804bbe2,npu-d100-r001,npu-d100,1,1,4,NPU,,100,cpu_not_applicable,,,,,,,100,1346663370000000,273.887433563,213.260295282,cooling,153.259528719,33.4,32.3,33.0,33.8,0,90000000,ok
80cfc810-5998-4d88-abef-2946fea9003b,0a76ea17-544d-4f54-861b-2945b804bbe2,npu-d100-r001,npu-d100,1,1,4,NPU,,100,cpu_not_applicable,,,,,,,100,1346664445000000,274.962433563,214.335295282,cooling,154.334528719,33.4,32.3,33.0,33.8,0,105000000,ok
80cfc810-5998-4d88-abef-2946fea9003b,0a76ea17-544d-4f54-861b-2945b804bbe2,npu-d100-r001,npu-d100,1,1,4,NPU,,100,cpu_not_applicable,,,,,,,100,1346665330000000,275.847433563,215.220295282,cooling,155.219528719,33.4,32.3,33.0,33.8,0,110000000,ok
80cfc810-5998-4d88-abef-2946fea9003b,0a76ea17-544d-4f54-861b-2945b804bbe2,npu-d100-r001,npu-d100,1,1,4,NPU,,100,cpu_not_applicable,,,,,,,100,1346666400000000,276.917433563,216.290295282,cooling,156.289528719,33.4,32.3,33.0,33.8,0,110000000,ok
80cfc810-5998-4d88-abef-2946fea9003b,0a76ea17-544d-4f54-861b-2945b804bbe2,npu-d100-r001,npu-d100,1,1,4,NPU,,100,cpu_not_applicable,,,,,,,100,1346667375000000,277.892433563,217.265295282,cooling,157.264528719,33.4,32.3,33.0,33.8,0,95000000,ok
80cfc810-5998-4d88-abef-2946fea9003b,0a76ea17-544d-4f54-861b-2945b804bbe2,npu-d100-r001,npu-d100,1,1,4,NPU,,100,cpu_not_applicable,,,,,,,100,1346668405000000,278.922433563,218.295295282,cooling,158.294528719,33.4,32.3,33.0,33.8,0,115000000,ok
80cfc810-5998-4d88-abef-2946fea9003b,0a76ea17-544d-4f54-861b-2945b804bbe2,npu-d100-r001,npu-d100,1,1,4,NPU,,100,cpu_not_applicable,,,,,,,100,1346669460000000,279.977433563,219.350295282,cooling,159.349528719,33.4,32.3,33.0,33.8,0,110000000,ok
80cfc810-5998-4d88-abef-2946fea9003b,0a76ea17-544d-4f54-861b-2945b804bbe2,npu-d100-r001,npu-d100,1,1,4,NPU,,100,cpu_not_applicable,,,,,,,100,1346670360000000,280.877433563,220.250295282,cooling,160.249528719,33.4,32.3,33.0,33.8,0,110000000,ok
80cfc810-5998-4d88-abef-2946fea9003b,0a76ea17-544d-4f54-861b-2945b804bbe2,npu-d100-r001,npu-d100,1,1,4,NPU,,100,cpu_not_applicable,,,,,,,100,1346671390000000,281.907433563,221.280295282,cooling,161.279528719,33.4,32.3,33.0,33.8,0,90000000,ok
80cfc810-5998-4d88-abef-2946fea9003b,0a76ea17-544d-4f54-861b-2945b804bbe2,npu-d100-r001,npu-d100,1,1,4,NPU,,100,cpu_not_applicable,,,,,,,100,1346672420000000,282.937433563,222.310295282,cooling,162.309528719,33.4,32.2,32.9,33.7,0,100000000,ok
80cfc810-5998-4d88-abef-2946fea9003b,0a76ea17-544d-4f54-861b-2945b804bbe2,npu-d100-r001,npu-d100,1,1,4,NPU,,100,cpu_not_applicable,,,,,,,100,1346673300000000,283.817433563,223.190295282,cooling,163.189528719,33.4,32.2,32.9,33.7,0,90000000,ok
80cfc810-5998-4d88-abef-2946fea9003b,0a76ea17-544d-4f54-861b-2945b804bbe2,npu-d100-r001,npu-d100,1,1,4,NPU,,100,cpu_not_applicable,,,,,,,100,1346674335000000,284.852433563,224.225295282,cooling,164.224528719,33.4,32.2,32.9,33.7,0,95000000,ok
80cfc810-5998-4d88-abef-2946fea9003b,0a76ea17-544d-4f54-861b-2945b804bbe2,npu-d100-r001,npu-d100,1,1,4,NPU,,100,cpu_not_applicable,,,,,,,100,1346675365000000,285.882433563,225.255295282,cooling,165.254528719,33.4,32.2,32.9,33.7,0,105000000,ok
80cfc810-5998-4d88-abef-2946fea9003b,0a76ea17-544d-4f54-861b-2945b804bbe2,npu-d100-r001,npu-d100,1,1,4,NPU,,100,cpu_not_applicable,,,,,,,100,1346676405000000,286.922433563,226.295295282,cooling,166.294528719,33.4,32.2,32.9,33.7,0,115000000,ok
80cfc810-5998-4d88-abef-2946fea9003b,0a76ea17-544d-4f54-861b-2945b804bbe2,npu-d100-r001,npu-d100,1,1,4,NPU,,100,cpu_not_applicable,,,,,,,100,1346677425000000,287.942433563,227.315295282,cooling,167.314528719,33.4,32.2,32.9,33.7,0,125000000,ok
80cfc810-5998-4d88-abef-2946fea9003b,0a76ea17-544d-4f54-861b-2945b804bbe2,npu-d100-r001,npu-d100,1,1,4,NPU,,100,cpu_not_applicable,,,,,,,100,1346678340000000,288.857433563,228.230295282,cooling,168.229528719,33.4,32.2,32.9,33.7,0,130000000,ok
80cfc810-5998-4d88-abef-2946fea9003b,0a76ea17-544d-4f54-861b-2945b804bbe2,npu-d100-r001,npu-d100,1,1,4,NPU,,100,cpu_not_applicable,,,,,,,100,1346679355000000,289.872433563,229.245295282,cooling,169.244528719,33.4,32.2,32.9,33.7,0,95000000,ok
80cfc810-5998-4d88-abef-2946fea9003b,0a76ea17-544d-4f54-861b-2945b804bbe2,npu-d100-r001,npu-d100,1,1,4,NPU,,100,cpu_not_applicable,,,,,,,100,1346680410000000,290.927433563,230.300295282,cooling,170.299528719,33.4,32.2,32.9,33.7,0,100000000,ok
80cfc810-5998-4d88-abef-2946fea9003b,0a76ea17-544d-4f54-861b-2945b804bbe2,npu-d100-r001,npu-d100,1,1,4,NPU,,100,cpu_not_applicable,,,,,,,100,1346681400000000,291.917433563,231.290295282,cooling,171.289528719,33.4,32.2,32.9,33.7,0,100000000,ok
80cfc810-5998-4d88-abef-2946fea9003b,0a76ea17-544d-4f54-861b-2945b804bbe2,npu-d100-r001,npu-d100,1,1,4,NPU,,100,cpu_not_applicable,,,,,,,100,1346682350000000,292.867433563,232.240295282,cooling,172.239528719,33.3,32.2,32.9,33.7,0,120000000,ok
80cfc810-5998-4d88-abef-2946fea9003b,0a76ea17-544d-4f54-861b-2945b804bbe2,npu-d100-r001,npu-d100,1,1,4,NPU,,100,cpu_not_applicable,,,,,,,100,1346683365000000,293.882433563,233.255295282,cooling,173.254528719,33.3,32.2,32.9,33.7,0,115000000,ok
80cfc810-5998-4d88-abef-2946fea9003b,0a76ea17-544d-4f54-861b-2945b804bbe2,npu-d100-r001,npu-d100,1,1,4,NPU,,100,cpu_not_applicable,,,,,,,100,1346684370000000,294.887433563,234.260295282,cooling,174.259528719,33.3,32.2,32.9,33.7,0,130000000,ok
80cfc810-5998-4d88-abef-2946fea9003b,0a76ea17-544d-4f54-861b-2945b804bbe2,npu-d100-r001,npu-d100,1,1,4,NPU,,100,cpu_not_applicable,,,,,,,100,1346685435000000,295.952433563,235.325295282,cooling,175.324528719,33.3,32.2,32.9,33.7,0,135000000,ok
80cfc810-5998-4d88-abef-2946fea9003b,0a76ea17-544d-4f54-861b-2945b804bbe2,npu-d100-r001,npu-d100,1,1,4,NPU,,100,cpu_not_applicable,,,,,,,100,1346686415000000,296.932433563,236.305295282,cooling,176.304528719,33.3,32.2,32.9,33.7,0,95000000,ok
80cfc810-5998-4d88-abef-2946fea9003b,0a76ea17-544d-4f54-861b-2945b804bbe2,npu-d100-r001,npu-d100,1,1,4,NPU,,100,cpu_not_applicable,,,,,,,100,1346687480000000,297.997433563,237.370295282,cooling,177.369528719,33.3,32.2,32.9,33.7,0,110000000,ok
80cfc810-5998-4d88-abef-2946fea9003b,0a76ea17-544d-4f54-861b-2945b804bbe2,npu-d100-r001,npu-d100,1,1,4,NPU,,100,cpu_not_applicable,,,,,,,100,1346688500000000,299.017433563,238.390295282,cooling,178.389528719,33.3,32.2,32.9,33.7,0,130000000,ok
80cfc810-5998-4d88-abef-2946fea9003b,0a76ea17-544d-4f54-861b-2945b804bbe2,npu-d100-r001,npu-d100,1,1,4,NPU,,100,cpu_not_applicable,,,,,,,100,1346689400000000,299.917433563,239.290295282,cooling,179.289528719,33.3,32.2,32.9,33.7,0,100000000,ok
80cfc810-5998-4d88-abef-2946fea9003b,0a76ea17-544d-4f54-861b-2945b804bbe2,npu-d100-r001,npu-d100,1,1,4,NPU,,100,cpu_not_applicable,,,,,,,100,1346690405000000,300.922433563,240.295295282,cooling,180.294528719,33.3,32.2,32.9,33.7,0,85000000,ok
80cfc810-5998-4d88-abef-2946fea9003b,0a76ea17-544d-4f54-861b-2945b804bbe2,npu-d100-r001,npu-d100,1,1,4,NPU,,100,cpu_not_applicable,,,,,,,100,1346691430000000,301.947433563,241.320295282,cooling,181.319528719,33.3,32.2,32.9,33.7,0,90000000,ok
80cfc810-5998-4d88-abef-2946fea9003b,0a76ea17-544d-4f54-861b-2945b804bbe2,npu-d100-r001,npu-d100,1,1,4,NPU,,100,cpu_not_applicable,,,,,,,100,1346692460000000,302.977433563,242.350295282,cooling,182.349528719,33.5,32.2,33.0,33.7,0,100000000,ok
80cfc810-5998-4d88-abef-2946fea9003b,0a76ea17-544d-4f54-861b-2945b804bbe2,npu-d100-r001,npu-d100,1,1,4,NPU,,100,cpu_not_applicable,,,,,,,100,1346693540000000,304.057433563,243.430295282,cooling,183.429528719,33.5,32.2,33.0,33.7,0,160000000,ok
80cfc810-5998-4d88-abef-2946fea9003b,0a76ea17-544d-4f54-861b-2945b804bbe2,npu-d100-r001,npu-d100,1,1,4,NPU,,100,cpu_not_applicable,,,,,,,100,1346694385000000,304.902433563,244.275295282,cooling,184.274528719,33.5,32.2,33.0,33.7,0,95000000,ok
80cfc810-5998-4d88-abef-2946fea9003b,0a76ea17-544d-4f54-861b-2945b804bbe2,npu-d100-r001,npu-d100,1,1,4,NPU,,100,cpu_not_applicable,,,,,,,100,1346695530000000,306.047433563,245.420295282,cooling,185.419528719,33.5,32.2,33.0,33.7,0,90000000,ok
80cfc810-5998-4d88-abef-2946fea9003b,0a76ea17-544d-4f54-861b-2945b804bbe2,npu-d100-r001,npu-d100,1,1,4,NPU,,100,cpu_not_applicable,,,,,,,100,1346696455000000,306.972433563,246.345295282,cooling,186.344528719,33.5,32.2,33.0,33.7,0,95000000,ok
80cfc810-5998-4d88-abef-2946fea9003b,0a76ea17-544d-4f54-861b-2945b804bbe2,npu-d100-r001,npu-d100,1,1,4,NPU,,100,cpu_not_applicable,,,,,,,100,1346697475000000,307.992433563,247.365295282,cooling,187.364528719,33.5,32.2,33.0,33.7,0,95000000,ok
80cfc810-5998-4d88-abef-2946fea9003b,0a76ea17-544d-4f54-861b-2945b804bbe2,npu-d100-r001,npu-d100,1,1,4,NPU,,100,cpu_not_applicable,,,,,,,100,1346698510000000,309.027433563,248.400295282,cooling,188.399528719,33.5,32.2,33.0,33.7,0,90000000,ok
80cfc810-5998-4d88-abef-2946fea9003b,0a76ea17-544d-4f54-861b-2945b804bbe2,npu-d100-r001,npu-d100,1,1,4,NPU,,100,cpu_not_applicable,,,,,,,100,1346699525000000,310.042433563,249.415295282,cooling,189.414528719,33.5,32.2,33.0,33.7,0,85000000,ok
80cfc810-5998-4d88-abef-2946fea9003b,0a76ea17-544d-4f54-861b-2945b804bbe2,npu-d100-r001,npu-d100,1,1,4,NPU,,100,cpu_not_applicable,,,,,,,100,1346700555000000,311.072433563,250.445295282,cooling,190.444528719,33.5,32.2,33.0,33.7,0,115000000,ok
80cfc810-5998-4d88-abef-2946fea9003b,0a76ea17-544d-4f54-861b-2945b804bbe2,npu-d100-r001,npu-d100,1,1,4,NPU,,100,cpu_not_applicable,,,,,,,100,1346701465000000,311.982433563,251.355295282,cooling,191.354528719,33.5,32.2,33.0,33.7,0,95000000,ok
80cfc810-5998-4d88-abef-2946fea9003b,0a76ea17-544d-4f54-861b-2945b804bbe2,npu-d100-r001,npu-d100,1,1,4,NPU,,100,cpu_not_applicable,,,,,,,100,1346702500000000,313.017433563,252.390295282,cooling,192.389528719,33.2,32.2,32.8,33.6,0,100000000,ok
80cfc810-5998-4d88-abef-2946fea9003b,0a76ea17-544d-4f54-861b-2945b804bbe2,npu-d100-r001,npu-d100,1,1,4,NPU,,100,cpu_not_applicable,,,,,,,100,1346703535000000,314.052433563,253.425295282,cooling,193.424528719,33.2,32.2,32.8,33.6,0,105000000,ok
80cfc810-5998-4d88-abef-2946fea9003b,0a76ea17-544d-4f54-861b-2945b804bbe2,npu-d100-r001,npu-d100,1,1,4,NPU,,100,cpu_not_applicable,,,,,,,100,1346704595000000,315.112433563,254.485295282,cooling,194.484528719,33.2,32.2,32.8,33.6,0,165000000,ok
80cfc810-5998-4d88-abef-2946fea9003b,0a76ea17-544d-4f54-861b-2945b804bbe2,npu-d100-r001,npu-d100,1,1,4,NPU,,100,cpu_not_applicable,,,,,,,100,1346705565000000,316.082433563,255.455295282,cooling,195.454528719,33.2,32.2,32.8,33.6,0,95000000,ok
80cfc810-5998-4d88-abef-2946fea9003b,0a76ea17-544d-4f54-861b-2945b804bbe2,npu-d100-r001,npu-d100,1,1,4,NPU,,100,cpu_not_applicable,,,,,,,100,1346706615000000,317.132433563,256.505295282,cooling,196.504528719,33.2,32.2,32.8,33.6,0,125000000,ok
80cfc810-5998-4d88-abef-2946fea9003b,0a76ea17-544d-4f54-861b-2945b804bbe2,npu-d100-r001,npu-d100,1,1,4,NPU,,100,cpu_not_applicable,,,,,,,100,1346707635000000,318.152433563,257.525295282,cooling,197.524528719,33.2,32.2,32.8,33.6,0,125000000,ok
80cfc810-5998-4d88-abef-2946fea9003b,0a76ea17-544d-4f54-861b-2945b804bbe2,npu-d100-r001,npu-d100,1,1,4,NPU,,100,cpu_not_applicable,,,,,,,100,1346708535000000,319.052433563,258.425295282,cooling,198.424528719,33.2,32.2,32.8,33.6,0,105000000,ok
80cfc810-5998-4d88-abef-2946fea9003b,0a76ea17-544d-4f54-861b-2945b804bbe2,npu-d100-r001,npu-d100,1,1,4,NPU,,100,cpu_not_applicable,,,,,,,100,1346709560000000,320.077433563,259.450295282,cooling,199.449528719,33.2,32.2,32.8,33.6,0,100000000,ok
80cfc810-5998-4d88-abef-2946fea9003b,0a76ea17-544d-4f54-861b-2945b804bbe2,npu-d100-r001,npu-d100,1,1,4,NPU,,100,cpu_not_applicable,,,,,,,100,1346710580000000,321.097433563,260.470295282,cooling,200.469528719,33.2,32.2,32.8,33.6,0,90000000,ok
80cfc810-5998-4d88-abef-2946fea9003b,0a76ea17-544d-4f54-861b-2945b804bbe2,npu-d100-r001,npu-d100,1,1,4,NPU,,100,cpu_not_applicable,,,,,,,100,1346711645000000,322.162433563,261.535295282,cooling,201.534528719,33.2,32.2,32.8,33.6,0,105000000,ok
80cfc810-5998-4d88-abef-2946fea9003b,0a76ea17-544d-4f54-861b-2945b804bbe2,npu-d100-r001,npu-d100,1,1,4,NPU,,100,cpu_not_applicable,,,,,,,100,1346712530000000,323.047433563,262.420295282,cooling,202.419528719,33.1,32.1,32.7,33.6,0,90000000,ok
80cfc810-5998-4d88-abef-2946fea9003b,0a76ea17-544d-4f54-861b-2945b804bbe2,npu-d100-r001,npu-d100,1,1,4,NPU,,100,cpu_not_applicable,,,,,,,100,1346713560000000,324.077433563,263.450295282,cooling,203.449528719,33.1,32.1,32.7,33.6,0,90000000,ok
80cfc810-5998-4d88-abef-2946fea9003b,0a76ea17-544d-4f54-861b-2945b804bbe2,npu-d100-r001,npu-d100,1,1,4,NPU,,100,cpu_not_applicable,,,,,,,100,1346714580000000,325.097433563,264.470295282,cooling,204.469528719,33.1,32.1,32.7,33.6,0,90000000,ok
80cfc810-5998-4d88-abef-2946fea9003b,0a76ea17-544d-4f54-861b-2945b804bbe2,npu-d100-r001,npu-d100,1,1,4,NPU,,100,cpu_not_applicable,,,,,,,100,1346715520000000,326.037433563,265.410295282,cooling,205.409528719,33.1,32.1,32.7,33.6,0,100000000,ok
80cfc810-5998-4d88-abef-2946fea9003b,0a76ea17-544d-4f54-861b-2945b804bbe2,npu-d100-r001,npu-d100,1,1,4,NPU,,100,cpu_not_applicable,,,,,,,100,1346716615000000,327.132433563,266.505295282,cooling,206.504528719,33.1,32.1,32.7,33.6,0,85000000,ok
80cfc810-5998-4d88-abef-2946fea9003b,0a76ea17-544d-4f54-861b-2945b804bbe2,npu-d100-r001,npu-d100,1,1,4,NPU,,100,cpu_not_applicable,,,,,,,100,1346717550000000,328.067433563,267.440295282,cooling,207.439528719,33.1,32.1,32.7,33.6,0,100000000,ok
80cfc810-5998-4d88-abef-2946fea9003b,0a76ea17-544d-4f54-861b-2945b804bbe2,npu-d100-r001,npu-d100,1,1,4,NPU,,100,cpu_not_applicable,,,,,,,100,1346718565000000,329.082433563,268.455295282,cooling,208.454528719,33.1,32.1,32.7,33.6,0,95000000,ok
80cfc810-5998-4d88-abef-2946fea9003b,0a76ea17-544d-4f54-861b-2945b804bbe2,npu-d100-r001,npu-d100,1,1,4,NPU,,100,cpu_not_applicable,,,,,,,100,1346719635000000,330.152433563,269.525295282,cooling,209.524528719,33.1,32.1,32.7,33.6,0,105000000,ok
80cfc810-5998-4d88-abef-2946fea9003b,0a76ea17-544d-4f54-861b-2945b804bbe2,npu-d100-r001,npu-d100,1,1,4,NPU,,100,cpu_not_applicable,,,,,,,100,1346720625000000,331.142433563,270.515295282,cooling,210.514528719,33.1,32.1,32.7,33.6,0,105000000,ok
80cfc810-5998-4d88-abef-2946fea9003b,0a76ea17-544d-4f54-861b-2945b804bbe2,npu-d100-r001,npu-d100,1,1,4,NPU,,100,cpu_not_applicable,,,,,,,100,1346721535000000,332.052433563,271.425295282,cooling,211.424528719,33.1,32.1,32.7,33.6,0,85000000,ok
80cfc810-5998-4d88-abef-2946fea9003b,0a76ea17-544d-4f54-861b-2945b804bbe2,npu-d100-r001,npu-d100,1,1,4,NPU,,100,cpu_not_applicable,,,,,,,100,1346722535000000,333.052433563,272.425295282,cooling,212.424528719,33.0,32.0,32.6,33.4,0,95000000,ok
80cfc810-5998-4d88-abef-2946fea9003b,0a76ea17-544d-4f54-861b-2945b804bbe2,npu-d100-r001,npu-d100,1,1,4,NPU,,100,cpu_not_applicable,,,,,,,100,1346723625000000,334.142433563,273.515295282,cooling,213.514528719,33.0,32.0,32.6,33.4,0,105000000,ok
80cfc810-5998-4d88-abef-2946fea9003b,0a76ea17-544d-4f54-861b-2945b804bbe2,npu-d100-r001,npu-d100,1,1,4,NPU,,100,cpu_not_applicable,,,,,,,100,1346724590000000,335.107433563,274.480295282,cooling,214.479528719,33.0,32.0,32.6,33.4,0,80000000,ok
80cfc810-5998-4d88-abef-2946fea9003b,0a76ea17-544d-4f54-861b-2945b804bbe2,npu-d100-r001,npu-d100,1,1,4,NPU,,100,cpu_not_applicable,,,,,,,100,1346725640000000,336.157433563,275.530295282,cooling,215.529528719,33.0,32.0,32.6,33.4,0,90000000,ok
80cfc810-5998-4d88-abef-2946fea9003b,0a76ea17-544d-4f54-861b-2945b804bbe2,npu-d100-r001,npu-d100,1,1,4,NPU,,100,cpu_not_applicable,,,,,,,100,1346726640000000,337.157433563,276.530295282,cooling,216.529528719,33.0,32.0,32.6,33.4,0,110000000,ok
80cfc810-5998-4d88-abef-2946fea9003b,0a76ea17-544d-4f54-861b-2945b804bbe2,npu-d100-r001,npu-d100,1,1,4,NPU,,100,cpu_not_applicable,,,,,,,100,1346727575000000,338.092433563,277.465295282,cooling,217.464528719,33.0,32.0,32.6,33.4,0,85000000,ok
80cfc810-5998-4d88-abef-2946fea9003b,0a76ea17-544d-4f54-861b-2945b804bbe2,npu-d100-r001,npu-d100,1,1,4,NPU,,100,cpu_not_applicable,,,,,,,100,1346728610000000,339.127433563,278.500295282,cooling,218.499528719,33.0,32.0,32.6,33.4,0,100000000,ok
80cfc810-5998-4d88-abef-2946fea9003b,0a76ea17-544d-4f54-861b-2945b804bbe2,npu-d100-r001,npu-d100,1,1,4,NPU,,100,cpu_not_applicable,,,,,,,100,1346729650000000,340.167433563,279.540295282,cooling,219.539528719,33.0,32.0,32.6,33.4,0,90000000,ok
80cfc810-5998-4d88-abef-2946fea9003b,0a76ea17-544d-4f54-861b-2945b804bbe2,npu-d100-r001,npu-d100,1,1,4,NPU,,100,cpu_not_applicable,,,,,,,100,1346730640000000,341.157433563,280.530295282,cooling,220.529528719,33.0,32.0,32.6,33.4,0,100000000,ok
80cfc810-5998-4d88-abef-2946fea9003b,0a76ea17-544d-4f54-861b-2945b804bbe2,npu-d100-r001,npu-d100,1,1,4,NPU,,100,cpu_not_applicable,,,,,,,100,1346731635000000,342.152433563,281.525295282,cooling,221.524528719,33.0,32.0,32.6,33.4,0,95000000,ok
80cfc810-5998-4d88-abef-2946fea9003b,0a76ea17-544d-4f54-861b-2945b804bbe2,npu-d100-r001,npu-d100,1,1,4,NPU,,100,cpu_not_applicable,,,,,,,100,1346732605000000,343.122433563,282.495295282,cooling,222.494528719,33.0,32.0,32.6,33.4,0,95000000,ok
80cfc810-5998-4d88-abef-2946fea9003b,0a76ea17-544d-4f54-861b-2945b804bbe2,npu-d100-r001,npu-d100,1,1,4,NPU,,100,cpu_not_applicable,,,,,,,100,1346733620000000,344.137433563,283.510295282,cooling,223.509528719,33.0,32.0,32.6,33.4,0,90000000,ok
80cfc810-5998-4d88-abef-2946fea9003b,0a76ea17-544d-4f54-861b-2945b804bbe2,npu-d100-r001,npu-d100,1,1,4,NPU,,100,cpu_not_applicable,,,,,,,100,1346734655000000,345.172433563,284.545295282,cooling,224.544528719,33.0,32.0,32.6,33.4,0,95000000,ok
80cfc810-5998-4d88-abef-2946fea9003b,0a76ea17-544d-4f54-861b-2945b804bbe2,npu-d100-r001,npu-d100,1,1,4,NPU,,100,cpu_not_applicable,,,,,,,100,1346735635000000,346.152433563,285.525295282,cooling,225.524528719,33.0,32.0,32.6,33.4,0,105000000,ok
80cfc810-5998-4d88-abef-2946fea9003b,0a76ea17-544d-4f54-861b-2945b804bbe2,npu-d100-r001,npu-d100,1,1,4,NPU,,100,cpu_not_applicable,,,,,,,100,1346736600000000,347.117433563,286.490295282,cooling,226.489528719,33.0,32.0,32.6,33.4,0,90000000,ok
80cfc810-5998-4d88-abef-2946fea9003b,0a76ea17-544d-4f54-861b-2945b804bbe2,npu-d100-r001,npu-d100,1,1,4,NPU,,100,cpu_not_applicable,,,,,,,100,1346737620000000,348.137433563,287.510295282,cooling,227.509528719,33.0,32.0,32.6,33.4,0,100000000,ok
80cfc810-5998-4d88-abef-2946fea9003b,0a76ea17-544d-4f54-861b-2945b804bbe2,npu-d100-r001,npu-d100,1,1,4,NPU,,100,cpu_not_applicable,,,,,,,100,1346738640000000,349.157433563,288.530295282,cooling,228.529528719,33.0,32.0,32.6,33.4,0,90000000,ok
80cfc810-5998-4d88-abef-2946fea9003b,0a76ea17-544d-4f54-861b-2945b804bbe2,npu-d100-r001,npu-d100,1,1,4,NPU,,100,cpu_not_applicable,,,,,,,100,1346739650000000,350.167433563,289.540295282,cooling,229.539528719,33.0,32.0,32.6,33.4,0,100000000,ok
80cfc810-5998-4d88-abef-2946fea9003b,0a76ea17-544d-4f54-861b-2945b804bbe2,npu-d100-r001,npu-d100,1,1,4,NPU,,100,cpu_not_applicable,,,,,,,100,1346740640000000,351.157433563,290.530295282,cooling,230.529528719,33.0,32.0,32.6,33.4,0,100000000,ok
80cfc810-5998-4d88-abef-2946fea9003b,0a76ea17-544d-4f54-861b-2945b804bbe2,npu-d100-r001,npu-d100,1,1,4,NPU,,100,cpu_not_applicable,,,,,,,100,1346741655000000,352.172433563,291.545295282,cooling,231.544528719,33.0,32.0,32.6,33.4,0,95000000,ok
80cfc810-5998-4d88-abef-2946fea9003b,0a76ea17-544d-4f54-861b-2945b804bbe2,npu-d100-r001,npu-d100,1,1,4,NPU,,100,cpu_not_applicable,,,,,,,100,1346742650000000,353.167433563,292.540295282,cooling,232.539528719,32.9,31.9,32.6,33.4,0,90000000,ok
80cfc810-5998-4d88-abef-2946fea9003b,0a76ea17-544d-4f54-861b-2945b804bbe2,npu-d100-r001,npu-d100,1,1,4,NPU,,100,cpu_not_applicable,,,,,,,100,1346743675000000,354.192433563,293.565295282,cooling,233.564528719,32.9,31.9,32.6,33.4,0,105000000,ok
80cfc810-5998-4d88-abef-2946fea9003b,0a76ea17-544d-4f54-861b-2945b804bbe2,npu-d100-r001,npu-d100,1,1,4,NPU,,100,cpu_not_applicable,,,,,,,100,1346744675000000,355.192433563,294.565295282,cooling,234.564528719,32.9,31.9,32.6,33.4,0,95000000,ok
80cfc810-5998-4d88-abef-2946fea9003b,0a76ea17-544d-4f54-861b-2945b804bbe2,npu-d100-r001,npu-d100,1,1,4,NPU,,100,cpu_not_applicable,,,,,,,100,1346745675000000,356.192433563,295.565295282,cooling,235.564528719,32.9,31.9,32.6,33.4,0,95000000,ok
80cfc810-5998-4d88-abef-2946fea9003b,0a76ea17-544d-4f54-861b-2945b804bbe2,npu-d100-r001,npu-d100,1,1,4,NPU,,100,cpu_not_applicable,,,,,,,100,1346746730000000,357.247433563,296.620295282,cooling,236.619528719,32.9,31.9,32.6,33.4,0,100000000,ok
80cfc810-5998-4d88-abef-2946fea9003b,0a76ea17-544d-4f54-861b-2945b804bbe2,npu-d100-r001,npu-d100,1,1,4,NPU,,100,cpu_not_applicable,,,,,,,100,1346747715000000,358.232433563,297.605295282,cooling,237.604528719,32.9,31.9,32.6,33.4,0,95000000,ok
80cfc810-5998-4d88-abef-2946fea9003b,0a76ea17-544d-4f54-861b-2945b804bbe2,npu-d100-r001,npu-d100,1,1,4,NPU,,100,cpu_not_applicable,,,,,,,100,1346748740000000,359.257433563,298.630295282,cooling,238.629528719,32.9,31.9,32.6,33.4,0,100000000,ok
80cfc810-5998-4d88-abef-2946fea9003b,0a76ea17-544d-4f54-861b-2945b804bbe2,npu-d100-r001,npu-d100,1,1,4,NPU,,100,cpu_not_applicable,,,,,,,100,1346749735000000,360.252433563,299.625295282,cooling,239.624528719,32.9,31.9,32.6,33.4,0,95000000,ok
80cfc810-5998-4d88-abef-2946fea9003b,0a76ea17-544d-4f54-861b-2945b804bbe2,npu-d100-r001,npu-d100,1,1,4,NPU,,100,cpu_not_applicable,,,,,,,100,1346750725000000,361.242433563,300.615295282,cooling,240.614528719,32.9,31.9,32.6,33.4,0,95000000,ok
80cfc810-5998-4d88-abef-2946fea9003b,0a76ea17-544d-4f54-861b-2945b804bbe2,npu-d100-r001,npu-d100,1,1,4,NPU,,100,cpu_not_applicable,,,,,,,100,1346751750000000,362.267433563,301.640295282,cooling,241.639528719,32.9,31.9,32.6,33.4,0,100000000,ok
80cfc810-5998-4d88-abef-2946fea9003b,0a76ea17-544d-4f54-861b-2945b804bbe2,npu-d100-r001,npu-d100,1,1,4,NPU,,100,cpu_not_applicable,,,,,,,100,1346752735000000,363.252433563,302.625295282,cooling,242.624528719,32.9,31.9,32.4,33.4,0,95000000,ok
80cfc810-5998-4d88-abef-2946fea9003b,0a76ea17-544d-4f54-861b-2945b804bbe2,npu-d100-r001,npu-d100,1,1,4,NPU,,100,cpu_not_applicable,,,,,,,100,1346753730000000,364.247433563,303.620295282,cooling,243.619528719,32.9,31.9,32.4,33.4,0,90000000,ok
80cfc810-5998-4d88-abef-2946fea9003b,0a76ea17-544d-4f54-861b-2945b804bbe2,npu-d100-r001,npu-d100,1,1,4,NPU,,100,cpu_not_applicable,,,,,,,100,1346754740000000,365.257433563,304.630295282,cooling,244.629528719,32.9,31.9,32.4,33.4,0,90000000,ok
80cfc810-5998-4d88-abef-2946fea9003b,0a76ea17-544d-4f54-861b-2945b804bbe2,npu-d100-r001,npu-d100,1,1,4,NPU,,100,cpu_not_applicable,,,,,,,100,1346755710000000,366.227433563,305.600295282,cooling,245.599528719,32.9,31.9,32.4,33.4,0,90000000,ok
80cfc810-5998-4d88-abef-2946fea9003b,0a76ea17-544d-4f54-861b-2945b804bbe2,npu-d100-r001,npu-d100,1,1,4,NPU,,100,cpu_not_applicable,,,,,,,100,1346756725000000,367.242433563,306.615295282,cooling,246.614528719,32.9,31.9,32.4,33.4,0,105000000,ok
80cfc810-5998-4d88-abef-2946fea9003b,0a76ea17-544d-4f54-861b-2945b804bbe2,npu-d100-r001,npu-d100,1,1,4,NPU,,100,cpu_not_applicable,,,,,,,100,1346757730000000,368.247433563,307.620295282,cooling,247.619528719,32.9,31.9,32.4,33.4,0,90000000,ok
80cfc810-5998-4d88-abef-2946fea9003b,0a76ea17-544d-4f54-861b-2945b804bbe2,npu-d100-r001,npu-d100,1,1,4,NPU,,100,cpu_not_applicable,,,,,,,100,1346758725000000,369.242433563,308.615295282,cooling,248.614528719,32.9,31.9,32.4,33.4,0,105000000,ok
80cfc810-5998-4d88-abef-2946fea9003b,0a76ea17-544d-4f54-861b-2945b804bbe2,npu-d100-r001,npu-d100,1,1,4,NPU,,100,cpu_not_applicable,,,,,,,100,1346759740000000,370.257433563,309.630295282,cooling,249.629528719,32.9,31.9,32.4,33.4,0,100000000,ok
80cfc810-5998-4d88-abef-2946fea9003b,0a76ea17-544d-4f54-861b-2945b804bbe2,npu-d100-r001,npu-d100,1,1,4,NPU,,100,cpu_not_applicable,,,,,,,100,1346760760000000,371.277433563,310.650295282,cooling,250.649528719,32.9,31.9,32.4,33.4,0,100000000,ok
80cfc810-5998-4d88-abef-2946fea9003b,0a76ea17-544d-4f54-861b-2945b804bbe2,npu-d100-r001,npu-d100,1,1,4,NPU,,100,cpu_not_applicable,,,,,,,100,1346761755000000,372.272433563,311.645295282,cooling,251.644528719,32.9,31.9,32.4,33.4,0,95000000,ok
80cfc810-5998-4d88-abef-2946fea9003b,0a76ea17-544d-4f54-861b-2945b804bbe2,npu-d100-r001,npu-d100,1,1,4,NPU,,100,cpu_not_applicable,,,,,,,100,1346762770000000,373.287433563,312.660295282,cooling,252.659528719,32.8,31.9,32.4,33.4,0,100000000,ok
80cfc810-5998-4d88-abef-2946fea9003b,0a76ea17-544d-4f54-861b-2945b804bbe2,npu-d100-r001,npu-d100,1,1,4,NPU,,100,cpu_not_applicable,,,,,,,100,1346763765000000,374.282433563,313.655295282,cooling,253.654528719,32.8,31.9,32.4,33.4,0,95000000,ok
80cfc810-5998-4d88-abef-2946fea9003b,0a76ea17-544d-4f54-861b-2945b804bbe2,npu-d100-r001,npu-d100,1,1,4,NPU,,100,cpu_not_applicable,,,,,,,100,1346764775000000,375.292433563,314.665295282,cooling,254.664528719,32.8,31.9,32.4,33.4,0,115000000,ok
80cfc810-5998-4d88-abef-2946fea9003b,0a76ea17-544d-4f54-861b-2945b804bbe2,npu-d100-r001,npu-d100,1,1,4,NPU,,100,cpu_not_applicable,,,,,,,100,1346765800000000,376.317433563,315.690295282,cooling,255.689528719,32.8,31.9,32.4,33.4,0,100000000,ok
80cfc810-5998-4d88-abef-2946fea9003b,0a76ea17-544d-4f54-861b-2945b804bbe2,npu-d100-r001,npu-d100,1,1,4,NPU,,100,cpu_not_applicable,,,,,,,100,1346766780000000,377.297433563,316.670295282,cooling,256.669528719,32.8,31.9,32.4,33.4,0,100000000,ok
80cfc810-5998-4d88-abef-2946fea9003b,0a76ea17-544d-4f54-861b-2945b804bbe2,npu-d100-r001,npu-d100,1,1,4,NPU,,100,cpu_not_applicable,,,,,,,100,1346767790000000,378.307433563,317.680295282,cooling,257.679528719,32.8,31.9,32.4,33.4,0,90000000,ok
80cfc810-5998-4d88-abef-2946fea9003b,0a76ea17-544d-4f54-861b-2945b804bbe2,npu-d100-r001,npu-d100,1,1,4,NPU,,100,cpu_not_applicable,,,,,,,100,1346768790000000,379.307433563,318.680295282,cooling,258.679528719,32.8,31.9,32.4,33.4,0,110000000,ok
80cfc810-5998-4d88-abef-2946fea9003b,0a76ea17-544d-4f54-861b-2945b804bbe2,npu-d100-r001,npu-d100,1,1,4,NPU,,100,cpu_not_applicable,,,,,,,100,1346769900000000,380.417433563,319.790295282,cooling,259.789528719,32.8,31.9,32.4,33.4,0,120000000,ok
80cfc810-5998-4d88-abef-2946fea9003b,0a76ea17-544d-4f54-861b-2945b804bbe2,npu-d100-r001,npu-d100,1,1,4,NPU,,100,cpu_not_applicable,,,,,,,100,1346770925000000,381.442433563,320.815295282,cooling,260.814528719,32.8,31.9,32.4,33.4,0,115000000,ok
80cfc810-5998-4d88-abef-2946fea9003b,0a76ea17-544d-4f54-861b-2945b804bbe2,npu-d100-r001,npu-d100,1,1,4,NPU,,100,cpu_not_applicable,,,,,,,100,1346771945000000,382.462433563,321.835295282,cooling,261.834528719,32.8,31.9,32.4,33.4,0,115000000,ok
80cfc810-5998-4d88-abef-2946fea9003b,0a76ea17-544d-4f54-861b-2945b804bbe2,npu-d100-r001,npu-d100,1,1,4,NPU,,100,cpu_not_applicable,,,,,,,100,1346772845000000,383.362433563,322.735295282,cooling,262.734528719,32.8,31.8,32.4,33.3,0,95000000,ok
80cfc810-5998-4d88-abef-2946fea9003b,0a76ea17-544d-4f54-861b-2945b804bbe2,npu-d100-r001,npu-d100,1,1,4,NPU,,100,cpu_not_applicable,,,,,,,100,1346773815000000,384.332433563,323.705295282,cooling,263.704528719,32.8,31.8,32.4,33.3,0,95000000,ok
80cfc810-5998-4d88-abef-2946fea9003b,0a76ea17-544d-4f54-861b-2945b804bbe2,npu-d100-r001,npu-d100,1,1,4,NPU,,100,cpu_not_applicable,,,,,,,100,1346774820000000,385.337433563,324.710295282,cooling,264.709528719,32.8,31.8,32.4,33.3,0,100000000,ok
80cfc810-5998-4d88-abef-2946fea9003b,0a76ea17-544d-4f54-861b-2945b804bbe2,npu-d100-r001,npu-d100,1,1,4,NPU,,100,cpu_not_applicable,,,,,,,100,1346775850000000,386.367433563,325.740295282,cooling,265.739528719,32.8,31.8,32.4,33.3,0,100000000,ok
80cfc810-5998-4d88-abef-2946fea9003b,0a76ea17-544d-4f54-861b-2945b804bbe2,npu-d100-r001,npu-d100,1,1,4,NPU,,100,cpu_not_applicable,,,,,,,100,1346776840000000,387.357433563,326.730295282,cooling,266.729528719,32.8,31.8,32.4,33.3,0,100000000,ok
80cfc810-5998-4d88-abef-2946fea9003b,0a76ea17-544d-4f54-861b-2945b804bbe2,npu-d100-r001,npu-d100,1,1,4,NPU,,100,cpu_not_applicable,,,,,,,100,1346777860000000,388.377433563,327.750295282,cooling,267.749528719,32.8,31.8,32.4,33.3,0,120000000,ok
80cfc810-5998-4d88-abef-2946fea9003b,0a76ea17-544d-4f54-861b-2945b804bbe2,npu-d100-r001,npu-d100,1,1,4,NPU,,100,cpu_not_applicable,,,,,,,100,1346778880000000,389.397433563,328.770295282,cooling,268.769528719,32.8,31.8,32.4,33.3,0,80000000,ok
80cfc810-5998-4d88-abef-2946fea9003b,0a76ea17-544d-4f54-861b-2945b804bbe2,npu-d100-r001,npu-d100,1,1,4,NPU,,100,cpu_not_applicable,,,,,,,100,1346779835000000,390.352433563,329.725295282,cooling,269.724528719,32.8,31.8,32.4,33.3,0,95000000,ok
80cfc810-5998-4d88-abef-2946fea9003b,0a76ea17-544d-4f54-861b-2945b804bbe2,npu-d100-r001,npu-d100,1,1,4,NPU,,100,cpu_not_applicable,,,,,,,100,1346780840000000,391.357433563,330.730295282,cooling,270.729528719,32.8,31.8,32.4,33.3,0,90000000,ok
80cfc810-5998-4d88-abef-2946fea9003b,0a76ea17-544d-4f54-861b-2945b804bbe2,npu-d100-r001,npu-d100,1,1,4,NPU,,100,cpu_not_applicable,,,,,,,100,1346781850000000,392.367433563,331.740295282,cooling,271.739528719,32.8,31.8,32.4,33.3,0,90000000,ok
80cfc810-5998-4d88-abef-2946fea9003b,0a76ea17-544d-4f54-861b-2945b804bbe2,npu-d100-r001,npu-d100,1,1,4,NPU,,100,cpu_not_applicable,,,,,,,100,1346782875000000,393.392433563,332.765295282,cooling,272.764528719,32.8,31.8,32.3,33.3,0,85000000,ok
80cfc810-5998-4d88-abef-2946fea9003b,0a76ea17-544d-4f54-861b-2945b804bbe2,npu-d100-r001,npu-d100,1,1,4,NPU,,100,cpu_not_applicable,,,,,,,100,1346783915000000,394.432433563,333.805295282,cooling,273.804528719,32.8,31.8,32.3,33.3,0,105000000,ok
80cfc810-5998-4d88-abef-2946fea9003b,0a76ea17-544d-4f54-861b-2945b804bbe2,npu-d100-r001,npu-d100,1,1,4,NPU,,100,cpu_not_applicable,,,,,,,100,1346784875000000,395.392433563,334.765295282,cooling,274.764528719,32.8,31.8,32.3,33.3,0,105000000,ok
80cfc810-5998-4d88-abef-2946fea9003b,0a76ea17-544d-4f54-861b-2945b804bbe2,npu-d100-r001,npu-d100,1,1,4,NPU,,100,cpu_not_applicable,,,,,,,100,1346785980000000,396.497433563,335.870295282,cooling,275.869528719,32.8,31.8,32.3,33.3,0,120000000,ok
80cfc810-5998-4d88-abef-2946fea9003b,0a76ea17-544d-4f54-861b-2945b804bbe2,npu-d100-r001,npu-d100,1,1,4,NPU,,100,cpu_not_applicable,,,,,,,100,1346787005000000,397.522433563,336.895295282,cooling,276.894528719,32.8,31.8,32.3,33.3,0,125000000,ok
80cfc810-5998-4d88-abef-2946fea9003b,0a76ea17-544d-4f54-861b-2945b804bbe2,npu-d100-r001,npu-d100,1,1,4,NPU,,100,cpu_not_applicable,,,,,,,100,1346787910000000,398.427433563,337.800295282,cooling,277.799528719,32.8,31.8,32.3,33.3,0,110000000,ok
80cfc810-5998-4d88-abef-2946fea9003b,0a76ea17-544d-4f54-861b-2945b804bbe2,npu-d100-r001,npu-d100,1,1,4,NPU,,100,cpu_not_applicable,,,,,,,100,1346788920000000,399.437433563,338.810295282,cooling,278.809528719,32.8,31.8,32.3,33.3,0,90000000,ok
80cfc810-5998-4d88-abef-2946fea9003b,0a76ea17-544d-4f54-861b-2945b804bbe2,npu-d100-r001,npu-d100,1,1,4,NPU,,100,cpu_not_applicable,,,,,,,100,1346789930000000,400.447433563,339.820295282,cooling,279.819528719,32.8,31.8,32.3,33.3,0,90000000,ok
80cfc810-5998-4d88-abef-2946fea9003b,0a76ea17-544d-4f54-861b-2945b804bbe2,npu-d100-r001,npu-d100,1,1,4,NPU,,100,cpu_not_applicable,,,,,,,100,1346791000000000,401.517433563,340.890295282,cooling,280.889528719,32.8,31.8,32.3,33.3,0,120000000,ok
80cfc810-5998-4d88-abef-2946fea9003b,0a76ea17-544d-4f54-861b-2945b804bbe2,npu-d100-r001,npu-d100,1,1,4,NPU,,100,cpu_not_applicable,,,,,,,100,1346792010000000,402.527433563,341.900295282,cooling,281.899528719,32.8,31.8,32.3,33.3,0,110000000,ok
80cfc810-5998-4d88-abef-2946fea9003b,0a76ea17-544d-4f54-861b-2945b804bbe2,npu-d100-r001,npu-d100,1,1,4,NPU,,100,cpu_not_applicable,,,,,,,100,1346792925000000,403.442433563,342.815295282,cooling,282.814528719,32.8,31.8,32.3,33.3,0,105000000,ok
80cfc810-5998-4d88-abef-2946fea9003b,0a76ea17-544d-4f54-861b-2945b804bbe2,npu-d100-r001,npu-d100,1,1,4,NPU,,100,cpu_not_applicable,,,,,,,100,1346793945000000,404.462433563,343.835295282,cooling,283.834528719,32.8,31.8,32.3,33.3,0,95000000,ok
80cfc810-5998-4d88-abef-2946fea9003b,0a76ea17-544d-4f54-861b-2945b804bbe2,npu-d100-r001,npu-d100,1,1,4,NPU,,100,cpu_not_applicable,,,,,,,100,1346794990000000,405.507433563,344.880295282,cooling,284.879528719,32.8,31.8,32.3,33.3,0,120000000,ok
80cfc810-5998-4d88-abef-2946fea9003b,0a76ea17-544d-4f54-861b-2945b804bbe2,npu-d100-r001,npu-d100,1,1,4,NPU,,100,cpu_not_applicable,,,,,,,100,1346796025000000,406.542433563,345.915295282,cooling,285.914528719,32.8,31.8,32.3,33.3,0,135000000,ok
80cfc810-5998-4d88-abef-2946fea9003b,0a76ea17-544d-4f54-861b-2945b804bbe2,npu-d100-r001,npu-d100,1,1,4,NPU,,100,cpu_not_applicable,,,,,,,100,1346796925000000,407.442433563,346.815295282,cooling,286.814528719,32.8,31.8,32.3,33.3,0,105000000,ok
80cfc810-5998-4d88-abef-2946fea9003b,0a76ea17-544d-4f54-861b-2945b804bbe2,npu-d100-r001,npu-d100,1,1,4,NPU,,100,cpu_not_applicable,,,,,,,100,1346797945000000,408.462433563,347.835295282,cooling,287.834528719,32.8,31.8,32.3,33.3,0,105000000,ok
80cfc810-5998-4d88-abef-2946fea9003b,0a76ea17-544d-4f54-861b-2945b804bbe2,npu-d100-r001,npu-d100,1,1,4,NPU,,100,cpu_not_applicable,,,,,,,100,1346798965000000,409.482433563,348.855295282,cooling,288.854528719,32.8,31.8,32.3,33.3,0,95000000,ok
80cfc810-5998-4d88-abef-2946fea9003b,0a76ea17-544d-4f54-861b-2945b804bbe2,npu-d100-r001,npu-d100,1,1,4,NPU,,100,cpu_not_applicable,,,,,,,100,1346799970000000,410.487433563,349.860295282,cooling,289.859528719,32.8,31.8,32.3,33.3,0,90000000,ok
80cfc810-5998-4d88-abef-2946fea9003b,0a76ea17-544d-4f54-861b-2945b804bbe2,npu-d100-r001,npu-d100,1,1,4,NPU,,100,cpu_not_applicable,,,,,,,100,1346801010000000,411.527433563,350.900295282,cooling,290.899528719,32.8,31.8,32.3,33.3,0,100000000,ok
80cfc810-5998-4d88-abef-2946fea9003b,0a76ea17-544d-4f54-861b-2945b804bbe2,npu-d100-r001,npu-d100,1,1,4,NPU,,100,cpu_not_applicable,,,,,,,100,1346802065000000,412.582433563,351.955295282,cooling,291.954528719,32.8,31.8,32.3,33.3,0,125000000,ok
80cfc810-5998-4d88-abef-2946fea9003b,0a76ea17-544d-4f54-861b-2945b804bbe2,npu-d100-r001,npu-d100,1,1,4,NPU,,100,cpu_not_applicable,,,,,,,100,1346802965000000,413.482433563,352.855295282,cooling,292.854528719,32.7,31.7,32.3,33.2,0,105000000,ok
80cfc810-5998-4d88-abef-2946fea9003b,0a76ea17-544d-4f54-861b-2945b804bbe2,npu-d100-r001,npu-d100,1,1,4,NPU,,100,cpu_not_applicable,,,,,,,100,1346803990000000,414.507433563,353.880295282,cooling,293.879528719,32.7,31.7,32.3,33.2,0,100000000,ok
80cfc810-5998-4d88-abef-2946fea9003b,0a76ea17-544d-4f54-861b-2945b804bbe2,npu-d100-r001,npu-d100,1,1,4,NPU,,100,cpu_not_applicable,,,,,,,100,1346805005000000,415.522433563,354.895295282,cooling,294.894528719,32.7,31.7,32.3,33.2,0,105000000,ok
80cfc810-5998-4d88-abef-2946fea9003b,0a76ea17-544d-4f54-861b-2945b804bbe2,npu-d100-r001,npu-d100,1,1,4,NPU,,100,cpu_not_applicable,,,,,,,100,1346806025000000,416.542433563,355.915295282,cooling,295.914528719,32.7,31.7,32.3,33.2,0,95000000,ok
80cfc810-5998-4d88-abef-2946fea9003b,0a76ea17-544d-4f54-861b-2945b804bbe2,npu-d100-r001,npu-d100,1,1,4,NPU,,100,cpu_not_applicable,,,,,,,100,1346807065000000,417.582433563,356.955295282,cooling,296.954528719,32.7,31.7,32.3,33.2,0,115000000,ok
80cfc810-5998-4d88-abef-2946fea9003b,0a76ea17-544d-4f54-861b-2945b804bbe2,npu-d100-r001,npu-d100,1,1,4,NPU,,100,cpu_not_applicable,,,,,,,100,1346808100000000,418.617433563,357.990295282,cooling,297.989528719,32.7,31.7,32.3,33.2,0,140000000,ok
80cfc810-5998-4d88-abef-2946fea9003b,0a76ea17-544d-4f54-861b-2945b804bbe2,npu-d100-r001,npu-d100,1,1,4,NPU,,100,cpu_not_applicable,,,,,,,100,1346809125000000,419.642433563,359.015295282,cooling,299.014528719,32.7,31.7,32.3,33.2,0,115000000,ok
80cfc810-5998-4d88-abef-2946fea9003b,0a76ea17-544d-4f54-861b-2945b804bbe2,npu-d100-r001,npu-d100,1,1,4,NPU,,100,cpu_not_applicable,,,,,,,100,1346810015000000,420.532433563,359.905295282,cooling,299.904528719,32.7,31.7,32.3,33.2,0,95000000,ok
80cfc810-5998-4d88-abef-2946fea9003b,0a76ea17-544d-4f54-861b-2945b804bbe2,npu-d100-r001,npu-d100,1,1,4,NPU,,100,cpu_not_applicable,,,,,,,100,1346811050000000,421.567433563,360.940295282,cooling,300.939528719,32.7,31.7,32.3,33.2,0,110000000,ok
80cfc810-5998-4d88-abef-2946fea9003b,0a76ea17-544d-4f54-861b-2945b804bbe2,npu-d100-r001,npu-d100,1,1,4,NPU,,100,cpu_not_applicable,,,,,,,100,1346812060000000,422.577433563,361.950295282,cooling,301.949528719,32.7,31.7,32.3,33.2,0,90000000,ok
80cfc810-5998-4d88-abef-2946fea9003b,0a76ea17-544d-4f54-861b-2945b804bbe2,npu-d100-r001,npu-d100,1,1,4,NPU,,100,cpu_not_applicable,,,,,,,100,1346813125000000,423.642433563,363.015295282,cooling,303.014528719,32.8,31.7,32.3,33.3,0,125000000,ok
80cfc810-5998-4d88-abef-2946fea9003b,0a76ea17-544d-4f54-861b-2945b804bbe2,npu-d100-r001,npu-d100,1,1,4,NPU,,100,cpu_not_applicable,,,,,,,100,1346814030000000,424.547433563,363.920295282,cooling,303.919528719,32.8,31.7,32.3,33.3,0,100000000,ok
80cfc810-5998-4d88-abef-2946fea9003b,0a76ea17-544d-4f54-861b-2945b804bbe2,npu-d100-r001,npu-d100,1,1,4,NPU,,100,cpu_not_applicable,,,,,,,100,1346815160000000,425.677433563,365.050295282,cooling,305.049528719,32.8,31.7,32.3,33.3,0,110000000,ok
80cfc810-5998-4d88-abef-2946fea9003b,0a76ea17-544d-4f54-861b-2945b804bbe2,npu-d100-r001,npu-d100,1,1,4,NPU,,100,cpu_not_applicable,,,,,,,100,1346816010000000,426.527433563,365.900295282,cooling,305.899528719,32.8,31.7,32.3,33.3,0,90000000,ok
80cfc810-5998-4d88-abef-2946fea9003b,0a76ea17-544d-4f54-861b-2945b804bbe2,npu-d100-r001,npu-d100,1,1,4,NPU,,100,cpu_not_applicable,,,,,,,100,1346817090000000,427.607433563,366.980295282,cooling,306.979528719,32.8,31.7,32.3,33.3,0,100000000,ok
80cfc810-5998-4d88-abef-2946fea9003b,0a76ea17-544d-4f54-861b-2945b804bbe2,npu-d100-r001,npu-d100,1,1,4,NPU,,100,cpu_not_applicable,,,,,,,100,1346818120000000,428.637433563,368.010295282,cooling,308.009528719,32.8,31.7,32.3,33.3,0,100000000,ok
80cfc810-5998-4d88-abef-2946fea9003b,0a76ea17-544d-4f54-861b-2945b804bbe2,npu-d100-r001,npu-d100,1,1,4,NPU,,100,cpu_not_applicable,,,,,,,100,1346819160000000,429.677433563,369.050295282,cooling,309.049528719,32.8,31.7,32.3,33.3,0,120000000,ok
80cfc810-5998-4d88-abef-2946fea9003b,0a76ea17-544d-4f54-861b-2945b804bbe2,npu-d100-r001,npu-d100,1,1,4,NPU,,100,cpu_not_applicable,,,,,,,100,1346820175000000,430.692433563,370.065295282,cooling,310.064528719,32.8,31.7,32.3,33.3,0,135000000,ok
80cfc810-5998-4d88-abef-2946fea9003b,0a76ea17-544d-4f54-861b-2945b804bbe2,npu-d100-r001,npu-d100,1,1,4,NPU,,100,cpu_not_applicable,,,,,,,100,1346821080000000,431.597433563,370.970295282,cooling,310.969528719,32.8,31.7,32.3,33.3,0,90000000,ok
80cfc810-5998-4d88-abef-2946fea9003b,0a76ea17-544d-4f54-861b-2945b804bbe2,npu-d100-r001,npu-d100,1,1,4,NPU,,100,cpu_not_applicable,,,,,,,100,1346822105000000,432.622433563,371.995295282,cooling,311.994528719,32.8,31.7,32.3,33.3,0,105000000,ok
80cfc810-5998-4d88-abef-2946fea9003b,0a76ea17-544d-4f54-861b-2945b804bbe2,npu-d100-r001,npu-d100,1,1,4,NPU,,100,cpu_not_applicable,,,,,,,100,1346823130000000,433.647433563,373.020295282,cooling,313.019528719,32.7,31.7,32.3,33.2,0,90000000,ok
80cfc810-5998-4d88-abef-2946fea9003b,0a76ea17-544d-4f54-861b-2945b804bbe2,npu-d100-r001,npu-d100,1,1,4,NPU,,100,cpu_not_applicable,,,,,,,100,1346824145000000,434.662433563,374.035295282,cooling,314.034528719,32.7,31.7,32.3,33.2,0,85000000,ok
80cfc810-5998-4d88-abef-2946fea9003b,0a76ea17-544d-4f54-861b-2945b804bbe2,npu-d100-r001,npu-d100,1,1,4,NPU,,100,cpu_not_applicable,,,,,,,100,1346825205000000,435.722433563,375.095295282,cooling,315.094528719,32.7,31.7,32.3,33.2,0,135000000,ok
80cfc810-5998-4d88-abef-2946fea9003b,0a76ea17-544d-4f54-861b-2945b804bbe2,npu-d100-r001,npu-d100,1,1,4,NPU,,100,cpu_not_applicable,,,,,,,100,1346826225000000,436.742433563,376.115295282,cooling,316.114528719,32.7,31.7,32.3,33.2,0,125000000,ok
