mono_ns,sample_before_mono_ns,sample_after_mono_ns,sampling_uncertainty_ns,AP,BAT,PA,SKIN,thermal_status,parse_status,missing_sensors,analysis_phase
2130986465000000,2130986390000000,2130986540000000,75000000,28.5,27.7,28.1,29.7,0,ok,,BASELINE
2130987495000000,2130987390000000,2130987600000000,105000000,28.5,27.7,28.1,29.7,0,ok,,BASELINE
2130988459999999,2130988390000000,2130988529999999,69999999,28.5,27.7,28.1,29.7,0,ok,,BASELINE
2130989560000000,2130989480000000,2130989640000000,80000000,28.5,27.7,28.1,29.7,0,ok,,BASELINE
2130990555000000,2130990480000000,2130990630000000,75000000,28.5,27.7,28.1,29.7,0,ok,,BASELINE
2130991595000000,2130991520000000,2130991670000000,75000000,28.5,27.7,28.1,29.7,0,ok,,BASELINE
2130992484999999,2130992420000000,2130992549999999,64999999,28.5,27.7,28.1,29.7,0,ok,,BASELINE
2130993539999999,2130993470000000,2130993609999999,69999999,28.9,27.8,28.5,30.0,0,ok,,BASELINE
2130994535000000,2130994470000000,2130994600000000,65000000,28.9,27.8,28.5,30.0,0,ok,,BASELINE
2130995579999999,2130995509999999,2130995650000000,70000000,28.9,27.8,28.5,30.0,0,ok,,BASELINE
2130996560000000,2130996500000000,2130996620000000,60000000,28.9,27.8,28.5,30.0,0,ok,,BASELINE
2130997555000000,2130997490000000,2130997620000000,65000000,28.9,27.8,28.5,30.0,0,ok,,BASELINE
2130998550000000,2130998480000000,2130998620000000,70000000,28.9,27.8,28.5,30.0,0,ok,,BASELINE
2130999550000000,2130999480000000,2130999620000000,70000000,28.9,27.8,28.5,30.0,0,ok,,BASELINE
2131000579999999,2131000509999999,2131000650000000,70000000,28.9,27.8,28.5,30.0,0,ok,,BASELINE
2131001579999999,2131001509999999,2131001650000000,70000000,28.9,27.8,28.5,30.0,0,ok,,BASELINE
2131002615000000,2131002540000000,2131002690000000,75000000,28.9,27.8,28.5,30.0,0,ok,,BASELINE
2131003560000000,2131003490000000,2131003630000000,70000000,28.8,27.7,28.4,29.9,0,ok,,BASELINE
2131004575000000,2131004500000000,2131004650000000,75000000,28.8,27.7,28.4,29.9,0,ok,,BASELINE
2131005599999999,2131005529999999,2131005670000000,70000000,28.8,27.7,28.4,29.9,0,ok,,BASELINE
2131006560000000,2131006490000000,2131006630000000,70000000,28.8,27.7,28.4,29.9,0,ok,,BASELINE
2131007565000000,2131007500000000,2131007630000000,65000000,28.8,27.7,28.4,29.9,0,ok,,BASELINE
2131008575000000,2131008500000000,2131008650000000,75000000,28.8,27.7,28.4,29.9,0,ok,,BASELINE
2131009575000000,2131009500000000,2131009650000000,75000000,28.8,27.7,28.4,29.9,0,ok,,BASELINE
2131010604999999,2131010529999999,2131010680000000,75000000,28.8,27.7,28.4,29.9,0,ok,,BASELINE
2131011589999999,2131011509999999,2131011670000000,80000000,28.8,27.7,28.4,29.9,0,ok,,BASELINE
2131012615000000,2131012540000000,2131012690000000,75000000,28.8,27.7,28.4,29.9,0,ok,,BASELINE
2131013624999999,2131013549999999,2131013700000000,75000000,28.7,27.8,28.4,29.8,0,ok,,BASELINE
2131014610000000,2131014540000000,2131014680000000,70000000,28.7,27.8,28.4,29.8,0,ok,,BASELINE
2131015615000000,2131015540000000,2131015690000000,75000000,28.7,27.8,28.4,29.8,0,ok,,BASELINE
2131016610000000,2131016540000000,2131016680000000,70000000,28.7,27.8,28.4,29.8,0,ok,,BASELINE
2131017624999999,2131017549999999,2131017700000000,75000000,28.7,27.8,28.4,29.8,0,ok,,BASELINE
2131018625000000,2131018540000000,2131018710000000,85000000,28.7,27.8,28.4,29.8,0,ok,,BASELINE
2131019605000000,2131019540000000,2131019670000000,65000000,28.7,27.8,28.4,29.8,0,ok,,BASELINE
2131020629999999,2131020549999999,2131020710000000,80000000,28.7,27.8,28.4,29.8,0,ok,,BASELINE
2131021624999999,2131021549999999,2131021700000000,75000000,28.7,27.8,28.4,29.8,0,ok,,BASELINE
2131022619999999,2131022549999999,2131022690000000,70000000,28.7,27.8,28.4,29.8,0,ok,,BASELINE
2131023595000000,2131023540000000,2131023650000000,55000000,28.8,27.8,28.4,29.9,0,ok,,BASELINE
2131024619999999,2131024549999999,2131024690000000,70000000,28.8,27.8,28.4,29.9,0,ok,,BASELINE
2131025594999999,2131025529999999,2131025660000000,65000000,28.8,27.8,28.4,29.9,0,ok,,BASELINE
2131026600000000,2131026540000000,2131026660000000,60000000,28.8,27.8,28.4,29.9,0,ok,,BASELINE
2131027599999999,2131027529999999,2131027670000000,70000000,28.8,27.8,28.4,29.9,0,ok,,BASELINE
2131028639999999,2131028549999999,2131028730000000,90000000,28.8,27.8,28.4,29.9,0,ok,,BASELINE
2131029614999999,2131029549999999,2131029680000000,65000000,28.8,27.8,28.4,29.9,0,ok,,BASELINE
2131030615000000,2131030540000000,2131030690000000,75000000,28.8,27.8,28.4,29.9,0,ok,,BASELINE
2131031605000000,2131031540000000,2131031670000000,65000000,28.8,27.8,28.4,29.9,0,ok,,BASELINE
2131032624999999,2131032549999999,2131032700000000,75000000,28.8,27.8,28.4,29.9,0,ok,,BASELINE
2131033605000000,2131033540000000,2131033670000000,65000000,28.8,27.8,28.4,29.9,0,ok,,BASELINE
2131034620000000,2131034540000000,2131034700000000,80000000,28.8,27.8,28.4,29.9,0,ok,,BASELINE
2131035640000000,2131035540000000,2131035740000000,100000000,28.8,27.8,28.4,29.9,0,ok,,BASELINE
2131036635000000,2131036560000000,2131036710000000,75000000,28.8,27.8,28.4,29.9,0,ok,,BASELINE
2131037615000000,2131037540000000,2131037690000000,75000000,28.8,27.8,28.4,29.9,0,ok,,BASELINE
2131038610000000,2131038540000000,2131038680000000,70000000,28.8,27.8,28.4,29.9,0,ok,,BASELINE
2131039614999999,2131039549999999,2131039680000000,65000000,28.8,27.8,28.4,29.9,0,ok,,BASELINE
2131040615000000,2131040540000000,2131040690000000,75000000,28.8,27.8,28.4,29.9,0,ok,,BASELINE
2131041625000000,2131041540000000,2131041710000000,85000000,28.8,27.8,28.4,29.9,0,ok,,BASELINE
2131042619999999,2131042549999999,2131042690000000,70000000,28.8,27.8,28.4,29.9,0,ok,,BASELINE
2131043615000000,2131043540000000,2131043690000000,75000000,28.8,27.8,28.3,29.9,0,ok,,BASELINE
2131044620000000,2131044540000000,2131044700000000,80000000,28.8,27.8,28.3,29.9,0,ok,,BASELINE
2131045605000000,2131045540000000,2131045670000000,65000000,28.8,27.8,28.3,29.9,0,ok,,BASELINE
2131046624999999,2131046549999999,2131046700000000,75000000,28.8,27.8,28.3,29.9,0,ok,,BASELINE
2131047589999999,2131047529999999,2131047650000000,60000000,28.8,27.8,28.3,29.9,0,ok,,LOAD
2131048590000000,2131048520000000,2131048660000000,70000000,28.8,27.8,28.3,29.9,0,ok,,LOAD
2131049585000000,2131049520000000,2131049650000000,65000000,28.8,27.8,28.3,29.9,0,ok,,LOAD
2131050599999999,2131050529999999,2131050670000000,70000000,28.8,27.8,28.3,29.9,0,ok,,LOAD
2131051589999999,2131051529999999,2131051650000000,60000000,28.8,27.8,28.3,29.9,0,ok,,LOAD
2131052604999999,2131052529999999,2131052680000000,75000000,28.8,27.8,28.3,29.9,0,ok,,LOAD
2131053594999999,2131053529999999,2131053660000000,65000000,29.5,27.8,28.3,29.9,0,ok,,LOAD
2131054590000000,2131054520000000,2131054660000000,70000000,29.5,27.8,29.2,30.1,0,ok,,LOAD
2131055585000000,2131055520000000,2131055650000000,65000000,29.5,27.8,29.2,30.1,0,ok,,LOAD
2131056594999999,2131056529999999,2131056660000000,65000000,29.5,27.8,29.2,30.1,0,ok,,LOAD
2131057564999999,2131057509999999,2131057620000000,55000000,29.5,27.8,29.2,30.1,0,ok,,LOAD
2131058600000000,2131058520000000,2131058680000000,80000000,29.5,27.8,29.2,30.1,0,ok,,LOAD
2131059590000000,2131059520000000,2131059660000000,70000000,29.5,27.8,29.2,30.1,0,ok,,LOAD
2131060600000000,2131060540000000,2131060660000000,60000000,29.5,27.8,29.2,30.1,0,ok,,LOAD
2131061585000000,2131061520000000,2131061650000000,65000000,29.5,27.8,29.2,30.1,0,ok,,LOAD
2131062574999999,2131062509999999,2131062640000000,65000000,29.5,27.8,29.2,30.1,0,ok,,LOAD
2131063599999999,2131063529999999,2131063670000000,70000000,29.5,27.8,29.2,30.1,0,ok,,LOAD
2131064599999999,2131064529999999,2131064670000000,70000000,29.7,28.0,29.5,30.3,0,ok,,LOAD
2131065605000000,2131065540000000,2131065670000000,65000000,29.7,28.0,29.5,30.3,0,ok,,LOAD
2131066594999999,2131066529999999,2131066660000000,65000000,29.7,28.0,29.5,30.3,0,ok,,LOAD
2131067589999999,2131067529999999,2131067650000000,60000000,29.7,28.0,29.5,30.3,0,ok,,LOAD
2131068605000000,2131068540000000,2131068670000000,65000000,29.7,28.0,29.5,30.3,0,ok,,LOAD
2131069635000000,2131069560000000,2131069710000000,75000000,29.7,28.0,29.5,30.3,0,ok,,LOAD
2131070609999999,2131070549999999,2131070670000000,60000000,29.7,28.0,29.5,30.3,0,ok,,LOAD
2131071625000000,2131071560000000,2131071690000000,65000000,29.7,28.0,29.5,30.3,0,ok,,LOAD
2131072635000000,2131072560000000,2131072710000000,75000000,29.7,28.0,29.5,30.3,0,ok,,LOAD
2131073630000000,2131073560000000,2131073700000000,70000000,29.7,28.0,29.5,30.3,0,ok,,LOAD
2131074614999999,2131074549999999,2131074680000000,65000000,30.0,28.1,29.8,30.5,0,ok,,LOAD
2131075635000000,2131075560000000,2131075710000000,75000000,30.0,28.1,29.8,30.5,0,ok,,LOAD
2131076625000000,2131076560000000,2131076690000000,65000000,30.0,28.1,29.8,30.5,0,ok,,LOAD
2131077609999999,2131077549999999,2131077670000000,60000000,30.0,28.1,29.8,30.5,0,ok,,LOAD
2131078619999999,2131078549999999,2131078690000000,70000000,30.0,28.1,29.8,30.5,0,ok,,LOAD
2131079620000000,2131079560000000,2131079680000000,60000000,30.0,28.1,29.8,30.5,0,ok,,LOAD
2131080640000000,2131080580000000,2131080700000000,60000000,30.0,28.1,29.8,30.5,0,ok,,LOAD
2131081645000000,2131081580000000,2131081710000000,65000000,30.0,28.1,29.8,30.5,0,ok,,LOAD
2131082650000000,2131082580000000,2131082720000000,70000000,30.0,28.1,29.8,30.5,0,ok,,LOAD
2131083655000000,2131083580000000,2131083730000000,75000000,30.2,28.3,30.1,30.6,0,ok,,LOAD
2131084659999999,2131084589999999,2131084730000000,70000000,30.2,28.3,30.1,30.6,0,ok,,LOAD
2131085654999999,2131085589999999,2131085720000000,65000000,30.2,28.3,30.1,30.6,0,ok,,LOAD
2131086665000000,2131086600000000,2131086730000000,65000000,30.2,28.3,30.1,30.6,0,ok,,LOAD
2131087640000000,2131087580000000,2131087700000000,60000000,30.2,28.3,30.1,30.6,0,ok,,LOAD
2131088665000000,2131088600000000,2131088730000000,65000000,30.2,28.3,30.1,30.6,0,ok,,LOAD
2131089660000000,2131089600000000,2131089720000000,60000000,30.2,28.3,30.1,30.6,0,ok,,LOAD
2131090665000000,2131090600000000,2131090730000000,65000000,30.2,28.3,30.1,30.6,0,ok,,LOAD
2131091654999999,2131091589999999,2131091720000000,65000000,30.2,28.3,30.1,30.6,0,ok,,LOAD
2131092650000000,2131092580000000,2131092720000000,70000000,30.2,28.3,30.1,30.6,0,ok,,LOAD
2131093679999999,2131093609999999,2131093750000000,70000000,30.3,28.4,30.1,30.6,0,ok,,LOAD
2131094695000000,2131094620000000,2131094770000000,75000000,30.3,28.4,30.2,30.7,0,ok,,LOAD
2131095684999999,2131095609999999,2131095759999999,75000000,30.3,28.4,30.2,30.7,0,ok,,LOAD
2131096674999999,2131096609999999,2131096740000000,65000000,30.3,28.4,30.2,30.7,0,ok,,LOAD
2131097665000000,2131097600000000,2131097730000000,65000000,30.3,28.4,30.2,30.7,0,ok,,LOAD
2131098685000000,2131098620000000,2131098750000000,65000000,30.3,28.4,30.2,30.7,0,ok,,LOAD
2131099674999999,2131099609999999,2131099740000000,65000000,30.3,28.4,30.2,30.7,0,ok,,LOAD
2131100679999999,2131100609999999,2131100750000000,70000000,30.3,28.4,30.2,30.7,0,ok,,LOAD
2131101664999999,2131101609999999,2131101720000000,55000000,30.3,28.4,30.2,30.7,0,ok,,LOAD
2131102674999999,2131102609999999,2131102740000000,65000000,30.3,28.4,30.2,30.7,0,ok,,LOAD
2131103664999999,2131103609999999,2131103720000000,55000000,30.3,28.4,30.2,30.7,0,ok,,LOAD
2131104679999999,2131104609999999,2131104750000000,70000000,30.4,28.5,30.2,30.8,0,ok,,LOAD
2131105674999999,2131105609999999,2131105740000000,65000000,30.4,28.5,30.2,30.8,0,ok,,LOAD
2131106685000000,2131106620000000,2131106750000000,65000000,30.4,28.5,30.2,30.8,0,ok,,LOAD
2131107669999999,2131107609999999,2131107730000000,60000000,30.4,28.5,30.2,30.8,0,ok,,LOAD
2131108664999999,2131108609999999,2131108720000000,55000000,30.4,28.5,30.2,30.8,0,ok,,LOAD
2131109669999999,2131109609999999,2131109730000000,60000000,30.4,28.5,30.2,30.8,0,ok,,LOAD
2131110664999999,2131110609999999,2131110720000000,55000000,30.4,28.5,30.2,30.8,0,ok,,LOAD
2131111685000000,2131111630000000,2131111740000000,55000000,30.4,28.5,30.2,30.8,0,ok,,LOAD
2131112695000000,2131112640000000,2131112750000000,55000000,30.4,28.5,30.2,30.8,0,ok,,LOAD
2131113695000000,2131113640000000,2131113750000000,55000000,30.4,28.5,30.2,30.8,0,ok,,LOAD
2131114705000000,2131114640000000,2131114770000000,65000000,32.3,28.6,33.7,31.3,0,ok,,LOAD
2131115695000000,2131115640000000,2131115750000000,55000000,32.3,28.6,33.7,31.3,0,ok,,LOAD
2131116680000000,2131116630000000,2131116730000000,50000000,32.3,28.6,33.7,31.3,0,ok,,LOAD
2131117690000000,2131117640000000,2131117740000000,50000000,32.3,28.6,33.7,31.3,0,ok,,LOAD
2131118704999999,2131118650000000,2131118759999999,54999999,32.3,28.6,33.7,31.3,0,ok,,LOAD
2131119710000000,2131119650000000,2131119770000000,60000000,32.3,28.6,33.7,31.3,0,ok,,LOAD
2131120710000000,2131120650000000,2131120770000000,60000000,32.3,28.6,33.7,31.3,0,ok,,LOAD
2131121715000000,2131121660000000,2131121770000000,55000000,32.3,28.6,33.7,31.3,0,ok,,LOAD
2131122715000000,2131122660000000,2131122770000000,55000000,32.3,28.6,33.7,31.3,0,ok,,LOAD
2131123720000000,2131123670000000,2131123770000000,50000000,34.1,29.2,33.7,31.3,0,ok,,LOAD
2131124730000000,2131124670000000,2131124790000000,60000000,34.1,29.2,35.7,32.2,0,ok,,LOAD
2131125729999999,2131125680000000,2131125779999999,49999999,34.1,29.2,35.7,32.2,0,ok,,LOAD
2131126734999999,2131126670000000,2131126799999999,64999999,34.1,29.2,35.7,32.2,0,ok,,LOAD
2131127735000000,2131127680000000,2131127790000000,55000000,34.1,29.2,35.7,32.2,0,ok,,LOAD
2131128755000000,2131128700000000,2131128810000000,55000000,34.1,29.2,35.7,32.2,0,ok,,LOAD
2131129724999999,2131129670000000,2131129779999999,54999999,34.1,29.2,35.7,32.2,0,ok,,LOAD
2131130755000000,2131130700000000,2131130810000000,55000000,34.1,29.2,35.7,32.2,0,ok,,LOAD
2131131744999999,2131131690000000,2131131799999999,54999999,34.1,29.2,35.7,32.2,0,ok,,LOAD
2131132750000000,2131132690000000,2131132810000000,60000000,34.1,29.2,35.7,32.2,0,ok,,LOAD
2131133744999999,2131133690000000,2131133799999999,54999999,35.2,29.8,37.0,33.0,0,ok,,LOAD
2131134750000000,2131134690000000,2131134810000000,60000000,35.2,29.8,37.0,33.0,0,ok,,LOAD
2131135754999999,2131135690000000,2131135819999999,64999999,35.2,29.8,37.0,33.0,0,ok,,LOAD
2131136860000000,2131136790000000,2131136930000000,70000000,35.2,29.8,37.0,33.0,0,ok,,LOAD
2131137889999999,2131137819999999,2131137960000000,70000000,35.2,29.8,37.0,33.0,0,ok,,LOAD
2131138805000000,2131138740000000,2131138870000000,65000000,35.2,29.8,37.0,33.0,0,ok,,LOAD
2131139769999999,2131139720000000,2131139819999999,49999999,35.2,29.8,37.0,33.0,0,ok,,LOAD
2131140845000000,2131140790000000,2131140900000000,55000000,35.2,29.8,37.0,33.0,0,ok,,LOAD
2131141870000000,2131141810000000,2131141930000000,60000000,35.2,29.8,37.0,33.0,0,ok,,LOAD
2131142895000000,2131142830000000,2131142960000000,65000000,35.2,29.8,37.0,33.0,0,ok,,LOAD
2131143824999999,2131143759999999,2131143890000000,65000000,36.1,30.4,37.9,33.5,0,ok,,LOAD
2131144834999999,2131144779999999,2131144890000000,55000000,36.1,30.4,37.9,33.5,0,ok,,LOAD
2131145859999999,2131145799999999,2131145920000000,60000000,36.1,30.4,37.9,33.5,0,ok,,LOAD
2131146874999999,2131146819999999,2131146930000000,55000000,36.1,30.4,37.9,33.5,0,ok,,LOAD
2131147905000000,2131147850000000,2131147960000000,55000000,36.1,30.4,37.9,33.5,0,ok,,LOAD
2131148834999999,2131148779999999,2131148890000000,55000000,36.1,30.4,37.9,33.5,0,ok,,LOAD
2131149864999999,2131149799999999,2131149930000000,65000000,36.1,30.4,37.9,33.5,0,ok,,LOAD
2131150880000000,2131150830000000,2131150930000000,50000000,36.7,30.9,38.7,33.9,0,ok,,LOAD
2131151900000000,2131151850000000,2131151950000000,50000000,36.7,30.9,38.7,33.9,0,ok,,LOAD
2131152925000000,2131152870000000,2131152980000000,55000000,36.8,31.0,38.8,33.9,0,ok,,LOAD
2131153850000000,2131153790000000,2131153910000000,60000000,36.8,31.0,38.8,33.9,0,ok,,LOAD
2131154869999999,2131154819999999,2131154920000000,50000000,37.0,31.0,38.7,34.0,0,ok,,LOAD
2131155830000000,2131155770000000,2131155890000000,60000000,37.0,31.0,38.7,34.0,0,ok,,LOAD
2131156930000000,2131156870000000,2131156990000000,60000000,37.1,31.2,39.1,34.2,0,ok,,LOAD
2131157945000000,2131157890000000,2131158000000000,55000000,37.1,31.2,39.1,34.2,0,ok,,LOAD
2131158870000000,2131158810000000,2131158930000000,60000000,37.2,31.2,39.0,34.1,0,ok,,LOAD
2131159889999999,2131159839999999,2131159940000000,50000000,37.2,31.2,39.0,34.1,0,ok,,LOAD
2131160914999999,2131160859999999,2131160970000000,55000000,37.3,31.4,39.3,34.3,0,ok,,LOAD
2131161930000000,2131161880000000,2131161980000000,50000000,37.3,31.4,39.3,34.3,0,ok,,LOAD
2131162969999999,2131162910000000,2131163029999999,59999999,37.4,31.4,39.5,34.4,0,ok,,LOAD
2131163885000000,2131163830000000,2131163940000000,55000000,37.4,31.4,39.5,34.4,0,ok,,LOAD
2131164905000000,2131164850000000,2131164960000000,55000000,37.5,31.5,39.3,34.3,0,ok,,LOAD
2131165940000000,2131165880000000,2131166000000000,60000000,37.5,31.5,39.3,34.3,0,ok,,LOAD
2131166954999999,2131166900000000,2131167009999999,54999999,37.7,31.6,39.7,34.6,0,ok,,LOAD
2131167970000000,2131167920000000,2131168020000000,50000000,37.7,31.6,39.7,34.6,0,ok,,LOAD
2131168904999999,2131168839999999,2131168970000000,65000000,37.7,31.7,39.6,34.5,0,ok,,LOAD
2131169930000000,2131169870000000,2131169990000000,60000000,37.7,31.7,39.6,34.5,0,ok,,LOAD
2131170880000000,2131170830000000,2131170930000000,50000000,37.8,31.8,39.8,34.6,0,ok,,LOAD
2131171974999999,2131171920000000,2131172029999999,54999999,37.8,31.8,39.8,34.6,0,ok,,LOAD
2131172990000000,2131172940000000,2131173040000000,50000000,38.0,31.9,40.1,34.8,0,ok,,LOAD
2131173919999999,2131173859999999,2131173980000000,60000000,38.0,31.9,40.1,34.8,0,ok,,LOAD
2131174945000000,2131174890000000,2131175000000000,55000000,38.0,32.0,40.1,34.8,0,ok,,LOAD
2131175979999999,2131175910000000,2131176049999999,69999999,38.0,32.0,40.1,34.8,0,ok,,LOAD
2131176990000000,2131176940000000,2131177040000000,50000000,38.1,32.1,40.1,34.9,0,ok,,LOAD
2131178024999999,2131177960000000,2131178089999999,64999999,38.1,32.1,40.1,34.9,0,ok,,LOAD
2131179034999999,2131178980000000,2131179089999999,54999999,38.3,32.2,40.3,35.0,0,ok,,LOAD
2131180064999999,2131180009999999,2131180120000000,55000000,38.3,32.2,40.3,35.0,0,ok,,LOAD
2131180995000000,2131180930000000,2131181060000000,65000000,38.3,32.2,40.3,35.0,0,ok,,LOAD
2131182005000000,2131181950000000,2131182060000000,55000000,38.3,32.2,40.3,35.0,0,ok,,LOAD
2131183029999999,2131182970000000,2131183089999999,59999999,38.4,32.3,40.5,35.1,0,ok,,LOAD
2131184060000000,2131184000000000,2131184120000000,60000000,38.4,32.3,40.5,35.1,0,ok,,LOAD
2131185084999999,2131185029999999,2131185140000000,55000000,38.5,32.4,40.7,35.2,0,ok,,LOAD
2131185974999999,2131185920000000,2131186029999999,54999999,38.5,32.4,40.7,35.2,0,ok,,LOAD
2131187025000000,2131186970000000,2131187080000000,55000000,38.6,32.5,40.6,35.2,0,ok,,LOAD
2131188060000000,2131188000000000,2131188120000000,60000000,38.6,32.5,40.6,35.2,0,ok,,LOAD
2131189069999999,2131189009999999,2131189130000000,60000000,38.7,32.6,40.8,35.3,0,ok,,LOAD
2131190105000000,2131190040000000,2131190170000000,65000000,38.7,32.6,40.8,35.3,0,ok,,LOAD
2131191730000000,2131191060000000,2131192400000000,670000000,38.8,32.7,40.9,35.4,0,ok,,LOAD
2131192514999999,2131192460000000,2131192569999999,54999999,38.8,32.7,40.9,35.4,0,ok,,LOAD
2131193539999999,2131193490000000,2131193589999999,49999999,38.8,32.8,41.0,35.5,0,ok,,LOAD
2131194530000000,2131194480000000,2131194580000000,50000000,38.8,32.8,41.0,35.5,0,ok,,LOAD
2131195585000000,2131195520000000,2131195650000000,65000000,38.9,32.8,41.0,35.5,0,ok,,LOAD
2131196859999999,2131196799999999,2131196920000000,60000000,38.9,32.8,41.0,35.5,0,ok,,LOAD
2131197549999999,2131197490000000,2131197609999999,59999999,38.9,32.9,41.0,35.5,0,ok,,LOAD
2131198554999999,2131198500000000,2131198609999999,54999999,38.9,32.9,41.0,35.5,0,ok,,LOAD
2131199554999999,2131199500000000,2131199609999999,54999999,39.0,33.0,41.2,35.6,0,ok,,LOAD
2131200570000000,2131200500000000,2131200640000000,70000000,39.0,33.0,41.2,35.6,0,ok,,LOAD
2131201580000000,2131201520000000,2131201640000000,60000000,39.1,33.0,41.4,35.7,0,ok,,LOAD
2131202580000000,2131202520000000,2131202640000000,60000000,39.1,33.0,41.4,35.7,0,ok,,LOAD
2131203589999999,2131203529999999,2131203650000000,60000000,39.2,33.1,41.4,35.8,0,ok,,LOAD
2131204590000000,2131204540000000,2131204640000000,50000000,39.2,33.1,41.4,35.8,0,ok,,LOAD
2131205599999999,2131205549999999,2131205650000000,50000000,39.3,33.2,41.6,35.8,0,ok,,LOAD
2131206595000000,2131206540000000,2131206650000000,55000000,39.3,33.2,41.6,35.8,0,ok,,LOAD
2131207589999999,2131207529999999,2131207650000000,60000000,39.4,33.3,41.6,35.9,0,ok,,LOAD
2131208594999999,2131208529999999,2131208660000000,65000000,39.4,33.3,41.6,35.9,0,ok,,LOAD
2131209609999999,2131209549999999,2131209670000000,60000000,39.4,33.3,41.6,35.9,0,ok,,LOAD
2131210579999999,2131210529999999,2131210630000000,50000000,39.4,33.3,41.6,35.9,0,ok,,LOAD
2131211604999999,2131211549999999,2131211660000000,55000000,39.5,33.4,41.8,36.0,0,ok,,LOAD
2131212620000000,2131212560000000,2131212680000000,60000000,39.5,33.4,41.8,36.0,0,ok,,LOAD
2131213595000000,2131213540000000,2131213650000000,55000000,39.6,33.5,41.9,36.1,0,ok,,LOAD
2131214595000000,2131214540000000,2131214650000000,55000000,39.6,33.5,41.9,36.1,0,ok,,LOAD
2131215599999999,2131215549999999,2131215650000000,50000000,39.8,33.5,41.9,36.1,0,ok,,LOAD
2131216620000000,2131216560000000,2131216680000000,60000000,39.8,33.5,41.9,36.1,0,ok,,LOAD
2131217634999999,2131217569999999,2131217700000000,65000000,39.9,33.6,41.9,36.1,0,ok,,LOAD
2131218610000000,2131218560000000,2131218660000000,50000000,39.9,33.6,41.9,36.1,0,ok,,LOAD
2131219624999999,2131219569999999,2131219680000000,55000000,39.9,33.7,42.2,36.2,0,ok,,LOAD
2131220615000000,2131220560000000,2131220670000000,55000000,39.9,33.7,42.2,36.2,0,ok,,LOAD
2131221624999999,2131221569999999,2131221680000000,55000000,40.0,33.7,42.2,36.3,0,ok,,LOAD
2131222630000000,2131222580000000,2131222680000000,50000000,40.0,33.7,42.2,36.3,0,ok,,LOAD
2131223795000000,2131223680000000,2131223910000000,115000000,40.1,33.7,42.0,36.0,0,ok,,LOAD
2131224699999999,2131224589999999,2131224810000000,110000000,40.1,33.7,42.0,36.0,0,ok,,LOAD
2131225699999999,2131225589999999,2131225810000000,110000000,40.6,33.9,42.2,36.3,0,ok,,LOAD
2131226744999999,2131226630000000,2131226859999999,114999999,40.6,33.9,42.2,36.3,0,ok,,LOAD
2131227654999999,2131227589999999,2131227720000000,65000000,40.6,34.0,42.6,36.5,0,ok,,LOAD
2131228660000000,2131228600000000,2131228720000000,60000000,40.6,34.0,42.6,36.5,0,ok,,LOAD
2131229660000000,2131229600000000,2131229720000000,60000000,40.6,34.0,42.7,36.5,0,ok,,LOAD
2131230664999999,2131230609999999,2131230720000000,55000000,40.6,34.0,42.7,36.5,0,ok,,LOAD
2131231675000000,2131231620000000,2131231730000000,55000000,40.5,34.1,42.6,36.6,0,ok,,LOAD
2131232680000000,2131232620000000,2131232740000000,60000000,40.5,34.1,42.6,36.6,0,ok,,LOAD
2131233690000000,2131233630000000,2131233750000000,60000000,40.5,34.2,42.8,36.7,0,ok,,LOAD
2131234690000000,2131234640000000,2131234740000000,50000000,40.5,34.2,42.8,36.7,0,ok,,LOAD
2131235704999999,2131235650000000,2131235759999999,54999999,40.6,34.3,42.9,36.8,0,ok,,LOAD
2131236704999999,2131236650000000,2131236759999999,54999999,40.6,34.3,42.9,36.8,0,ok,,LOAD
2131237719999999,2131237660000000,2131237779999999,59999999,40.6,34.3,42.8,36.9,0,ok,,LOAD
2131238715000000,2131238660000000,2131238770000000,55000000,40.6,34.3,42.8,36.9,0,ok,,LOAD
2131239724999999,2131239670000000,2131239779999999,54999999,40.7,34.4,43.0,36.9,0,ok,,LOAD
2131240715000000,2131240660000000,2131240770000000,55000000,40.7,34.4,43.0,36.9,0,ok,,LOAD
2131241719999999,2131241660000000,2131241779999999,59999999,40.8,34.4,42.9,36.8,0,ok,,LOAD
2131242730000000,2131242670000000,2131242790000000,60000000,40.8,34.4,42.9,36.8,0,ok,,LOAD
2131243729999999,2131243680000000,2131243779999999,49999999,40.9,34.5,43.1,37.0,0,ok,,LOAD
2131244754999999,2131244690000000,2131244819999999,64999999,40.9,34.5,43.1,37.0,0,ok,,LOAD
2131245740000000,2131245690000000,2131245790000000,50000000,40.9,34.5,43.2,37.0,0,ok,,LOAD
2131246750000000,2131246690000000,2131246810000000,60000000,40.9,34.5,43.2,37.0,0,ok,,LOAD
2131247760000000,2131247690000000,2131247830000000,70000000,41.0,34.6,43.3,37.0,0,ok,,LOAD
2131248750000000,2131248690000000,2131248810000000,60000000,41.0,34.6,43.3,37.0,0,ok,,LOAD
2131249729999999,2131249680000000,2131249779999999,49999999,41.1,34.6,43.4,37.1,0,ok,,LOAD
2131250745000000,2131250680000000,2131250810000000,65000000,41.1,34.6,43.4,37.1,0,ok,,LOAD
2131251860000000,2131251790000000,2131251930000000,70000000,41.2,34.7,43.3,37.1,0,ok,,LOAD
2131252865000000,2131252810000000,2131252920000000,55000000,41.2,34.7,43.3,37.1,0,ok,,LOAD
2131253799999999,2131253740000000,2131253859999999,59999999,41.2,34.8,43.5,37.2,0,ok,,LOAD
2131254809999999,2131254759999999,2131254859999999,50000000,41.2,34.8,43.5,37.2,0,ok,,LOAD
2131255834999999,2131255779999999,2131255890000000,55000000,41.2,34.8,43.5,37.2,0,ok,,LOAD
2131256865000000,2131256810000000,2131256920000000,55000000,41.2,34.8,43.5,37.2,0,ok,,LOAD
2131257890000000,2131257830000000,2131257950000000,60000000,41.3,34.9,43.6,37.3,0,ok,,LOAD
2131258804999999,2131258750000000,2131258859999999,54999999,41.3,34.9,43.6,37.3,0,ok,,LOAD
2131259839999999,2131259779999999,2131259900000000,60000000,41.4,35.0,43.7,37.4,0,ok,,LOAD
2131260859999999,2131260799999999,2131260920000000,60000000,41.4,35.0,43.7,37.4,0,ok,,LOAD
2131261735000000,2131261680000000,2131261790000000,55000000,41.5,35.0,43.8,37.4,0,ok,,LOAD
2131262750000000,2131262690000000,2131262810000000,60000000,41.5,35.0,43.8,37.4,0,ok,,LOAD
2131263834999999,2131263779999999,2131263890000000,55000000,41.6,35.0,43.5,37.4,0,ok,,LOAD
2131264845000000,2131264790000000,2131264900000000,55000000,41.6,35.0,43.5,37.4,0,ok,,LOAD
2131265744999999,2131265690000000,2131265799999999,54999999,41.6,35.2,43.8,37.5,0,ok,,LOAD
2131266750000000,2131266690000000,2131266810000000,60000000,41.6,35.2,43.8,37.5,0,ok,,LOAD
2131267759999999,2131267700000000,2131267819999999,59999999,41.6,35.2,43.8,37.6,0,ok,,LOAD
2131268855000000,2131268790000000,2131268920000000,65000000,41.6,35.2,43.8,37.6,0,ok,,LOAD
2131269750000000,2131269690000000,2131269810000000,60000000,41.6,35.3,43.8,37.6,0,ok,,LOAD
2131270750000000,2131270690000000,2131270810000000,60000000,41.6,35.3,43.8,37.6,0,ok,,LOAD
2131271739999999,2131271680000000,2131271799999999,59999999,41.6,35.3,43.8,37.6,0,ok,,LOAD
2131272735000000,2131272680000000,2131272790000000,55000000,41.6,35.3,43.8,37.6,0,ok,,LOAD
2131273735000000,2131273680000000,2131273790000000,55000000,41.7,35.4,43.8,37.6,0,ok,,LOAD
2131274729999999,2131274680000000,2131274779999999,49999999,41.7,35.4,43.8,37.6,0,ok,,LOAD
2131275735000000,2131275680000000,2131275790000000,55000000,41.7,35.5,43.9,37.7,0,ok,,LOAD
2131276735000000,2131276680000000,2131276790000000,55000000,41.7,35.5,43.9,37.7,0,ok,,LOAD
2131277854999999,2131277799999999,2131277910000000,55000000,41.7,35.5,43.8,37.8,0,ok,,LOAD
2131278755000000,2131278700000000,2131278810000000,55000000,41.7,35.5,43.8,37.8,0,ok,,LOAD
2131279755000000,2131279700000000,2131279810000000,55000000,41.7,35.6,43.8,37.8,0,ok,,LOAD
2131280820000000,2131280770000000,2131280870000000,50000000,41.7,35.6,43.8,37.8,0,ok,,LOAD
2131281840000000,2131281790000000,2131281890000000,50000000,41.6,35.6,43.9,37.8,0,ok,,LOAD
2131282755000000,2131282700000000,2131282810000000,55000000,41.6,35.6,43.9,37.8,0,ok,,LOAD
2131283804999999,2131283750000000,2131283859999999,54999999,41.8,35.6,43.9,37.8,0,ok,,LOAD
2131284825000000,2131284770000000,2131284880000000,55000000,41.8,35.6,43.9,37.8,0,ok,,LOAD
2131285840000000,2131285790000000,2131285890000000,50000000,41.8,35.7,43.9,37.9,0,ok,,LOAD
2131286860000000,2131286810000000,2131286910000000,50000000,41.8,35.7,43.9,37.9,0,ok,,LOAD
2131287775000000,2131287720000000,2131287830000000,55000000,41.8,35.7,43.7,37.8,0,ok,,LOAD
2131288814999999,2131288759999999,2131288870000000,55000000,41.8,35.7,43.7,37.8,0,ok,,LOAD
2131289855000000,2131289790000000,2131289920000000,65000000,41.9,35.8,43.8,37.8,0,ok,,LOAD
2131290860000000,2131290810000000,2131290910000000,50000000,41.9,35.8,43.8,37.8,0,ok,,LOAD
2131291894999999,2131291839999999,2131291950000000,55000000,41.9,35.8,43.8,37.8,0,ok,,LOAD
2131292804999999,2131292750000000,2131292859999999,54999999,41.9,35.8,43.8,37.8,0,ok,,LOAD
2131293834999999,2131293779999999,2131293890000000,55000000,41.9,35.9,43.9,37.9,0,ok,,LOAD
2131294859999999,2131294799999999,2131294920000000,60000000,41.9,35.9,43.9,37.9,0,ok,,LOAD
2131295874999999,2131295819999999,2131295930000000,55000000,41.9,35.9,43.8,37.9,0,ok,,LOAD
2131296905000000,2131296850000000,2131296960000000,55000000,41.9,35.9,43.8,37.9,0,ok,,LOAD
2131297820000000,2131297770000000,2131297870000000,50000000,42.0,35.9,43.7,38.0,0,ok,,LOAD
2131298859999999,2131298799999999,2131298920000000,60000000,42.0,35.9,43.7,38.0,0,ok,,LOAD
2131299879999999,2131299819999999,2131299940000000,60000000,41.9,36.0,43.8,38.0,0,ok,,LOAD
2131300904999999,2131300839999999,2131300970000000,65000000,41.9,36.0,43.8,38.0,0,ok,,LOAD
2131301924999999,2131301859999999,2131301990000000,65000000,41.9,36.0,43.8,38.0,0,ok,,LOAD
2131302855000000,2131302790000000,2131302920000000,65000000,41.9,36.0,43.8,38.0,0,ok,,LOAD
2131303879999999,2131303819999999,2131303940000000,60000000,42.0,36.1,43.8,38.1,0,ok,,LOAD
2131304894999999,2131304839999999,2131304950000000,55000000,42.0,36.1,43.8,38.1,0,ok,,LOAD
2131305919999999,2131305859999999,2131305980000000,60000000,42.0,36.1,43.9,38.1,0,ok,,LOAD
2131306845000000,2131306790000000,2131306900000000,55000000,42.0,36.1,43.9,38.1,0,ok,,LOAD
2131307870000000,2131307810000000,2131307930000000,60000000,42.1,36.1,44.0,38.1,0,ok,,LOAD
2131308885000000,2131308830000000,2131308940000000,55000000,42.1,36.1,44.0,38.1,0,ok,,LOAD
2131309919999999,2131309859999999,2131309980000000,60000000,42.1,36.2,43.9,38.1,0,ok,,LOAD
2131310944999999,2131310880000000,2131311009999999,64999999,42.1,36.2,43.9,38.1,0,ok,,LOAD
2131311865000000,2131311810000000,2131311920000000,55000000,42.1,36.2,44.1,38.2,0,ok,,LOAD
2131312874999999,2131312819999999,2131312930000000,55000000,42.1,36.2,44.1,38.2,0,ok,,LOAD
2131313915000000,2131313850000000,2131313980000000,65000000,42.1,36.3,44.0,38.2,0,ok,,LOAD
2131314940000000,2131314880000000,2131315000000000,60000000,42.1,36.3,44.0,38.2,0,ok,,LOAD
2131315845000000,2131315790000000,2131315900000000,55000000,42.2,36.3,44.0,38.2,0,ok,,LOAD
2131316874999999,2131316819999999,2131316930000000,55000000,42.2,36.3,44.0,38.2,0,ok,,LOAD
2131317894999999,2131317839999999,2131317950000000,55000000,42.2,36.3,44.1,38.3,0,ok,,LOAD
2131318924999999,2131318859999999,2131318990000000,65000000,42.2,36.3,44.1,38.3,0,ok,,LOAD
2131319945000000,2131319890000000,2131320000000000,55000000,42.2,36.4,44.1,38.3,0,ok,,LOAD
2131320875000000,2131320810000000,2131320940000000,65000000,42.2,36.4,44.1,38.3,0,ok,,LOAD
2131321890000000,2131321830000000,2131321950000000,60000000,42.3,36.4,44.1,38.3,0,ok,,LOAD
2131322859999999,2131322799999999,2131322920000000,60000000,42.3,36.4,44.1,38.3,0,ok,,LOAD
2131323935000000,2131323880000000,2131323990000000,55000000,42.3,36.5,44.2,38.4,0,ok,,LOAD
2131324969999999,2131324910000000,2131325029999999,59999999,42.3,36.5,44.2,38.4,0,ok,,LOAD
2131325895000000,2131325830000000,2131325960000000,65000000,42.3,36.5,44.2,38.4,0,ok,,LOAD
2131327019999999,2131326950000000,2131327089999999,69999999,42.3,36.5,44.2,38.4,0,ok,,LOAD
2131327944999999,2131327880000000,2131328009999999,64999999,42.3,36.5,44.2,38.4,0,ok,,LOAD
2131328964999999,2131328900000000,2131329029999999,64999999,42.3,36.5,44.2,38.4,0,ok,,LOAD
2131329984999999,2131329920000000,2131330049999999,64999999,42.4,36.6,44.2,38.5,0,ok,,LOAD
2131330910000000,2131330850000000,2131330970000000,60000000,42.4,36.6,44.2,38.5,0,ok,,LOAD
2131331925000000,2131331870000000,2131331980000000,55000000,42.5,36.7,44.5,38.6,0,ok,,LOAD
2131332874999999,2131332819999999,2131332930000000,55000000,42.5,36.7,44.5,38.6,0,ok,,LOAD
2131333970000000,2131333920000000,2131334020000000,50000000,42.5,36.7,44.5,38.6,0,ok,,LOAD
2131334994999999,2131334940000000,2131335049999999,54999999,42.5,36.7,44.5,38.6,0,ok,,LOAD
2131335925000000,2131335870000000,2131335980000000,55000000,42.5,36.8,44.5,38.7,0,ok,,LOAD
2131336940000000,2131336890000000,2131336990000000,50000000,42.5,36.8,44.5,38.7,0,ok,,LOAD
2131337930000000,2131337870000000,2131337990000000,60000000,42.5,36.8,44.4,38.7,0,ok,,LOAD
2131338985000000,2131338930000000,2131339040000000,55000000,42.5,36.8,44.4,38.7,0,ok,,LOAD
2131340020000000,2131339960000000,2131340080000000,60000000,42.6,36.8,44.6,38.7,0,ok,,LOAD
2131341049999999,2131340990000000,2131341109999999,59999999,42.6,36.8,44.6,38.7,0,ok,,LOAD
2131342064999999,2131342009999999,2131342120000000,55000000,42.6,36.9,44.7,38.8,0,ok,,LOAD
2131342950000000,2131342900000000,2131343000000000,50000000,42.6,36.9,44.7,38.8,0,ok,,LOAD
2131344009999999,2131343950000000,2131344069999999,59999999,42.6,36.9,44.7,38.8,0,ok,,LOAD
2131345030000000,2131344980000000,2131345080000000,50000000,42.6,36.9,44.7,38.8,0,ok,,LOAD
2131346054999999,2131346000000000,2131346109999999,54999999,42.7,37.0,44.6,38.9,0,ok,,LOAD
2131347090000000,2131347040000000,2131347140000000,50000000,42.7,37.0,44.6,38.9,0,ok,,LOAD
2131348009999999,2131347950000000,2131348069999999,59999999,42.7,37.0,44.6,38.9,0,ok,,LOAD
2131349025000000,2131348970000000,2131349080000000,55000000,42.7,37.0,44.6,38.9,0,ok,,LOAD
2131350045000000,2131349990000000,2131350100000000,55000000,42.8,37.1,44.7,38.9,0,ok,,LOAD
2131351075000000,2131351020000000,2131351130000000,55000000,42.8,37.1,44.7,38.9,0,ok,,LOAD
2131351999999999,2131351950000000,2131352049999999,49999999,42.8,37.1,44.8,38.9,0,ok,,LOAD
2131352989999999,2131352930000000,2131353049999999,59999999,42.8,37.1,44.8,38.9,0,ok,,LOAD
2131354049999999,2131353990000000,2131354109999999,59999999,42.8,37.1,45.0,39.0,0,ok,,LOAD
2131355069999999,2131355009999999,2131355130000000,60000000,42.8,37.1,45.0,39.0,0,ok,,LOAD
2131356100000000,2131356040000000,2131356160000000,60000000,42.9,37.2,44.9,39.0,0,ok,,LOAD
2131357014999999,2131356960000000,2131357069999999,54999999,42.9,37.2,44.9,39.0,0,ok,,LOAD
2131358055000000,2131357990000000,2131358120000000,65000000,42.9,37.2,44.9,39.0,0,ok,,LOAD
2131359064999999,2131359009999999,2131359120000000,55000000,42.9,37.2,44.9,39.0,0,ok,,LOAD
2131360084999999,2131360029999999,2131360140000000,55000000,42.9,37.3,45.0,39.0,0,ok,,LOAD
2131361020000000,2131360960000000,2131361080000000,60000000,42.9,37.3,45.0,39.0,0,ok,,LOAD
2131362030000000,2131361980000000,2131362080000000,50000000,43.0,37.3,45.0,39.0,0,ok,,LOAD
2131363054999999,2131363000000000,2131363109999999,54999999,43.0,37.3,45.0,39.0,0,ok,,LOAD
2131364084999999,2131364029999999,2131364140000000,55000000,43.0,37.3,45.0,39.1,0,ok,,LOAD
2131365100000000,2131365040000000,2131365160000000,60000000,43.0,37.3,45.0,39.1,0,ok,,LOAD
2131366025000000,2131365970000000,2131366080000000,55000000,43.0,37.3,45.1,39.1,0,ok,,LOAD
2131367065000000,2131367000000000,2131367130000000,65000000,43.0,37.3,45.1,39.1,0,ok,,LOAD
2131368075000000,2131368020000000,2131368130000000,55000000,43.1,37.3,45.1,39.2,0,ok,,LOAD
2131369095000000,2131369040000000,2131369150000000,55000000,43.1,37.3,45.1,39.2,0,ok,,LOAD
2131370010000000,2131369960000000,2131370060000000,50000000,43.1,37.4,45.1,39.2,0,ok,,LOAD
2131371045000000,2131370990000000,2131371100000000,55000000,43.1,37.4,45.1,39.2,0,ok,,LOAD
2131372064999999,2131372009999999,2131372120000000,55000000,43.1,37.4,45.2,39.2,0,ok,,LOAD
2131373095000000,2131373040000000,2131373150000000,55000000,43.1,37.4,45.2,39.2,0,ok,,LOAD
2131374120000000,2131374060000000,2131374180000000,60000000,43.2,37.5,45.1,39.2,0,ok,,LOAD
2131375040000000,2131374980000000,2131375100000000,60000000,43.2,37.5,45.1,39.2,0,ok,,LOAD
2131376065000000,2131376000000000,2131376130000000,65000000,43.3,37.5,45.3,39.3,0,ok,,LOAD
2131377084999999,2131377029999999,2131377140000000,55000000,43.3,37.5,45.3,39.3,0,ok,,LOAD
2131378110000000,2131378060000000,2131378160000000,50000000,43.3,37.5,45.3,39.2,0,ok,,LOAD
2131379135000000,2131379080000000,2131379190000000,55000000,43.3,37.5,45.3,39.2,0,ok,,LOAD
2131380054999999,2131380000000000,2131380109999999,54999999,43.4,37.6,45.3,39.3,0,ok,,LOAD
2131381120000000,2131381020000000,2131381220000000,100000000,43.4,37.6,45.3,39.3,0,ok,,LOAD
2131382129999999,2131382049999999,2131382210000000,80000000,43.6,37.6,45.4,39.4,0,ok,,LOAD
2131383134999999,2131383069999999,2131383200000000,65000000,43.6,37.6,45.4,39.4,0,ok,,LOAD
2131384075000000,2131383990000000,2131384160000000,85000000,43.7,37.6,45.5,39.4,0,ok,,LOAD
2131385085000000,2131385020000000,2131385150000000,65000000,43.7,37.6,45.5,39.4,0,ok,,LOAD
2131386100000000,2131386040000000,2131386160000000,60000000,43.7,37.7,45.6,39.4,0,ok,,LOAD
2131387125000000,2131387060000000,2131387190000000,65000000,43.7,37.7,45.6,39.4,0,ok,,LOAD
2131388045000000,2131387990000000,2131388100000000,55000000,43.6,37.7,45.4,39.5,0,ok,,LOAD
2131389059999999,2131389009999999,2131389109999999,50000000,43.6,37.7,45.4,39.5,0,ok,,LOAD
2131390105000000,2131390040000000,2131390170000000,65000000,43.7,37.8,45.6,39.5,0,ok,,LOAD
2131391120000000,2131391060000000,2131391180000000,60000000,43.7,37.8,45.6,39.5,0,ok,,LOAD
2131392135000000,2131392080000000,2131392190000000,55000000,43.7,37.8,45.6,39.6,0,ok,,LOAD
2131393169999999,2131393109999999,2131393230000000,60000000,43.7,37.8,45.6,39.6,0,ok,,LOAD
2131394094999999,2131394029999999,2131394160000000,65000000,43.7,37.8,45.4,39.5,0,ok,,LOAD
2131395109999999,2131395049999999,2131395170000000,60000000,43.7,37.8,45.4,39.5,0,ok,,LOAD
2131396135000000,2131396080000000,2131396190000000,55000000,43.7,37.9,45.6,39.6,0,ok,,LOAD
2131397170000000,2131397100000000,2131397240000000,70000000,43.7,37.9,45.6,39.6,0,ok,,LOAD
2131398199999999,2131398120000000,2131398279999999,79999999,43.7,37.9,45.6,39.6,0,ok,,LOAD
2131399214999999,2131399150000000,2131399279999999,64999999,43.7,37.9,45.6,39.6,0,ok,,LOAD
2131400134999999,2131400069999999,2131400200000000,65000000,43.7,38.0,45.6,39.6,0,ok,,LOAD
2131401165000000,2131401100000000,2131401230000000,65000000,43.7,38.0,45.6,39.6,0,ok,,LOAD
2131402209999999,2131402120000000,2131402299999999,89999999,43.8,38.0,45.7,39.7,0,ok,,LOAD
2131403210000000,2131403150000000,2131403270000000,60000000,43.8,38.0,45.7,39.7,0,ok,,LOAD
2131404229999999,2131404160000000,2131404299999999,69999999,43.8,38.1,45.8,39.8,0,ok,,LOAD
2131405149999999,2131405089999999,2131405210000000,60000000,43.8,38.1,45.8,39.8,0,ok,,LOAD
2131406199999999,2131406109999999,2131406290000000,90000000,43.8,38.1,45.7,39.7,0,ok,,LOAD
2131407199999999,2131407140000000,2131407259999999,59999999,43.8,38.1,45.7,39.7,0,ok,,LOAD
2131408214999999,2131408150000000,2131408279999999,64999999,43.9,38.2,45.4,39.6,0,ok,,LOAD
2131409270000000,2131409210000000,2131409330000000,60000000,43.9,38.2,45.4,39.6,0,ok,,LOAD
2131410160000000,2131410100000000,2131410220000000,60000000,43.9,38.2,45.6,39.7,0,ok,,LOAD
2131411210000000,2131411130000000,2131411290000000,80000000,43.9,38.2,45.6,39.7,0,ok,,LOAD
2131412210000000,2131412150000000,2131412270000000,60000000,43.9,38.2,45.9,39.8,0,ok,,LOAD
2131413259999999,2131413200000000,2131413319999999,59999999,43.9,38.2,45.9,39.8,0,ok,,LOAD
2131414130000000,2131414080000000,2131414180000000,50000000,44.0,38.3,45.7,39.8,0,ok,,LOAD
2131415205000000,2131415120000000,2131415290000000,85000000,44.0,38.3,45.7,39.8,0,ok,,LOAD
2131416210000000,2131416150000000,2131416270000000,60000000,44.0,38.3,46.0,40.0,1,ok,,LOAD
2131417259999999,2131417200000000,2131417319999999,59999999,44.0,38.3,46.0,40.0,1,ok,,LOAD
2131418470000000,2131418220000000,2131418720000000,250000000,44.0,38.3,45.9,39.9,1,ok,,LOAD
2131419229999999,2131419120000000,2131419339999999,109999999,44.0,38.3,45.9,39.9,1,ok,,LOAD
2131420255000000,2131420160000000,2131420350000000,95000000,44.1,38.3,45.8,39.8,1,ok,,LOAD
2131421265000000,2131421200000000,2131421330000000,65000000,44.1,38.3,45.8,39.8,1,ok,,LOAD
2131422260000000,2131422190000000,2131422330000000,70000000,44.1,38.4,46.0,40.0,1,ok,,LOAD
2131423320000000,2131423250000000,2131423390000000,70000000,44.1,38.4,46.0,40.0,1,ok,,LOAD
2131424199999999,2131424140000000,2131424259999999,59999999,44.0,38.4,45.7,39.9,1,ok,,LOAD
2131425234999999,2131425170000000,2131425299999999,64999999,44.0,38.4,45.7,39.9,1,ok,,LOAD
2131426264999999,2131426210000000,2131426319999999,54999999,44.1,38.4,45.8,40.0,1,ok,,LOAD
2131427299999999,2131427240000000,2131427359999999,59999999,44.1,38.4,45.8,40.0,1,ok,,LOAD
2131428284999999,2131428230000000,2131428339999999,54999999,44.1,38.5,46.0,40.1,1,ok,,LOAD
2131429215000000,2131429160000000,2131429270000000,55000000,44.1,38.5,46.0,40.1,1,ok,,LOAD
2131430265000000,2131430200000000,2131430330000000,65000000,44.1,38.5,45.9,39.9,1,ok,,LOAD
2131431265000000,2131431200000000,2131431330000000,65000000,44.1,38.5,45.9,39.9,1,ok,,LOAD
2131432320000000,2131432240000000,2131432400000000,80000000,44.2,38.5,46.0,40.0,1,ok,,LOAD
2131433304999999,2131433250000000,2131433359999999,54999999,44.2,38.5,46.0,40.0,1,ok,,LOAD
2131434255000000,2131434200000000,2131434310000000,55000000,44.2,38.6,46.0,40.1,1,ok,,LOAD
2131435279999999,2131435220000000,2131435339999999,59999999,44.2,38.6,46.0,40.1,1,ok,,LOAD
2131436284999999,2131436210000000,2131436359999999,74999999,44.2,38.6,45.9,40.0,1,ok,,LOAD
2131437325000000,2131437270000000,2131437380000000,55000000,44.2,38.6,45.9,40.0,1,ok,,LOAD
2131438325000000,2131438270000000,2131438380000000,55000000,44.2,38.7,46.2,40.2,1,ok,,LOAD
2131439279999999,2131439220000000,2131439339999999,59999999,44.2,38.7,46.2,40.2,1,ok,,LOAD
2131440310000000,2131440240000000,2131440380000000,70000000,44.2,38.7,46.1,40.1,1,ok,,LOAD
2131441299999999,2131441240000000,2131441359999999,59999999,44.2,38.7,46.1,40.1,1,ok,,LOAD
2131442324999999,2131442259999999,2131442390000000,65000000,44.3,38.7,46.1,40.2,1,ok,,LOAD
2131443275000000,2131443220000000,2131443330000000,55000000,44.3,38.7,46.1,40.2,1,ok,,LOAD
2131444219999999,2131444160000000,2131444279999999,59999999,44.3,38.7,46.1,40.2,1,ok,,LOAD
2131445319999999,2131445259999999,2131445380000000,60000000,44.3,38.7,46.0,40.2,1,ok,,LOAD
2131446319999999,2131446259999999,2131446380000000,60000000,44.3,38.8,46.0,40.2,1,ok,,LOAD
2131447280000000,2131447210000000,2131447350000000,70000000,44.3,38.8,46.0,40.2,1,ok,,LOAD
2131448300000000,2131448230000000,2131448370000000,70000000,44.2,38.8,46.1,40.2,1,ok,,LOAD
2131449294999999,2131449230000000,2131449359999999,64999999,44.2,38.8,46.1,40.2,1,ok,,LOAD
2131450310000000,2131450240000000,2131450380000000,70000000,44.3,38.8,46.2,40.2,1,ok,,LOAD
2131451364999999,2131451299999999,2131451430000000,65000000,44.3,38.8,46.2,40.2,1,ok,,LOAD
2131452279999999,2131452220000000,2131452339999999,59999999,44.3,38.8,46.2,40.2,1,ok,,LOAD
2131453310000000,2131453240000000,2131453380000000,70000000,44.4,38.8,46.1,40.3,1,ok,,LOAD
2131454299999999,2131454240000000,2131454359999999,59999999,44.4,38.9,46.1,40.3,1,ok,,LOAD
2131455324999999,2131455259999999,2131455390000000,65000000,44.4,38.9,46.1,40.3,1,ok,,LOAD
2131456284999999,2131456210000000,2131456359999999,74999999,44.4,38.9,46.1,40.3,1,ok,,LOAD
2131457315000000,2131457240000000,2131457390000000,75000000,44.4,38.9,46.1,40.3,1,ok,,LOAD
2131458295000000,2131458240000000,2131458350000000,55000000,44.4,38.9,46.1,40.3,1,ok,,LOAD
2131459235000000,2131459180000000,2131459290000000,55000000,44.4,38.9,46.0,40.3,1,ok,,LOAD
2131460370000000,2131460310000000,2131460430000000,60000000,44.4,38.9,46.1,40.3,1,ok,,LOAD
2131461294999999,2131461230000000,2131461359999999,64999999,44.4,38.9,46.1,40.3,1,ok,,LOAD
2131462290000000,2131462230000000,2131462350000000,60000000,44.4,38.9,46.1,40.3,1,ok,,LOAD
2131463315000000,2131463250000000,2131463380000000,65000000,44.4,39.0,46.2,40.4,1,ok,,LOAD
2131464354999999,2131464299999999,2131464410000000,55000000,44.5,39.0,46.2,40.4,1,ok,,LOAD
2131465380000000,2131465310000000,2131465450000000,70000000,44.5,39.0,46.2,40.4,1,ok,,LOAD
2131466300000000,2131466250000000,2131466350000000,50000000,44.5,39.0,46.2,40.4,1,ok,,LOAD
2131467310000000,2131467250000000,2131467370000000,60000000,44.5,39.0,46.2,40.4,1,ok,,LOAD
2131468330000000,2131468270000000,2131468390000000,60000000,44.5,39.0,46.2,40.4,1,ok,,LOAD
2131469374999999,2131469319999999,2131469430000000,55000000,44.5,39.1,46.3,40.5,1,ok,,LOAD
2131470399999999,2131470339999999,2131470460000000,60000000,44.5,39.1,46.3,40.5,1,ok,,LOAD
2131471340000000,2131471270000000,2131471410000000,70000000,44.5,39.1,46.3,40.5,1,ok,,LOAD
2131472330000000,2131472270000000,2131472390000000,60000000,44.5,39.1,46.3,40.5,1,ok,,LOAD
2131473379999999,2131473319999999,2131473440000000,60000000,44.6,39.1,46.2,40.4,1,ok,,LOAD
2131474399999999,2131474339999999,2131474460000000,60000000,44.6,39.1,46.2,40.4,1,ok,,LOAD
2131475320000000,2131475240000000,2131475400000000,80000000,44.5,39.2,46.3,40.5,1,ok,,LOAD
2131476310000000,2131476250000000,2131476370000000,60000000,44.5,39.2,46.3,40.5,1,ok,,LOAD
2131477375000000,2131477310000000,2131477440000000,65000000,44.7,39.2,46.3,40.5,1,ok,,LOAD
2131478390000000,2131478330000000,2131478450000000,60000000,44.7,39.2,46.3,40.5,1,ok,,LOAD
2131479419999999,2131479359999999,2131479480000000,60000000,44.6,39.2,46.4,40.6,1,ok,,LOAD
2131480440000000,2131480380000000,2131480500000000,60000000,44.6,39.2,46.3,40.6,1,ok,,LOAD
2131481465000000,2131481410000000,2131481520000000,55000000,44.6,39.2,46.3,40.6,1,ok,,LOAD
2131482385000000,2131482330000000,2131482440000000,55000000,44.6,39.2,46.3,40.6,1,ok,,LOAD
2131483410000000,2131483350000000,2131483470000000,60000000,44.6,39.3,46.3,40.5,1,ok,,LOAD
2131484435000000,2131484370000000,2131484500000000,65000000,44.6,39.3,46.3,40.5,1,ok,,LOAD
2131485359999999,2131485299999999,2131485420000000,60000000,44.7,39.3,46.4,40.6,1,ok,,LOAD
2131486485000000,2131486430000000,2131486540000000,55000000,44.7,39.3,46.5,40.7,1,ok,,LOAD
2131487410000000,2131487350000000,2131487470000000,60000000,44.7,39.3,46.5,40.7,1,ok,,LOAD
2131488429999999,2131488359999999,2131488500000000,70000000,44.7,39.3,46.5,40.7,1,ok,,LOAD
2131489424999999,2131489359999999,2131489490000000,65000000,44.8,39.4,46.5,40.7,1,ok,,LOAD
2131490475000000,2131490410000000,2131490540000000,65000000,44.8,39.4,46.5,40.7,1,ok,,LOAD
2131491399999999,2131491339999999,2131491460000000,60000000,44.7,39.4,46.5,40.7,1,ok,,LOAD
2131492414999999,2131492359999999,2131492470000000,55000000,44.7,39.4,46.5,40.7,1,ok,,LOAD
2131493435000000,2131493380000000,2131493490000000,55000000,44.8,39.4,46.5,40.7,1,ok,,LOAD
2131494465000000,2131494410000000,2131494520000000,55000000,44.8,39.4,46.5,40.7,1,ok,,LOAD
2131495495000000,2131495430000000,2131495560000000,65000000,44.9,39.5,46.6,40.7,1,ok,,LOAD
2131496390000000,2131496330000000,2131496450000000,60000000,44.9,39.5,46.6,40.7,1,ok,,LOAD
2131497460000000,2131497380000000,2131497540000000,80000000,45.0,39.5,46.7,40.8,1,ok,,LOAD
2131498469999999,2131498410000000,2131498529999999,59999999,45.0,39.5,46.7,40.8,1,ok,,LOAD
2131499469999999,2131499410000000,2131499529999999,59999999,44.9,39.5,46.8,40.8,1,ok,,LOAD
2131500515000000,2131500450000000,2131500580000000,65000000,44.9,39.5,46.8,40.8,1,ok,,LOAD
2131501515000000,2131501450000000,2131501580000000,65000000,45.0,39.6,46.8,40.9,1,ok,,LOAD
2131502534999999,2131502480000000,2131502589999999,54999999,45.0,39.6,46.8,40.9,1,ok,,LOAD
2131503455000000,2131503390000000,2131503520000000,65000000,45.0,39.6,46.7,40.9,1,ok,,LOAD
2131504509999999,2131504450000000,2131504569999999,59999999,45.0,39.6,46.7,40.9,1,ok,,LOAD
2131505494999999,2131505440000000,2131505549999999,54999999,45.1,39.6,47.0,40.9,1,ok,,LOAD
2131506514999999,2131506460000000,2131506569999999,54999999,45.1,39.6,47.0,40.9,1,ok,,LOAD
2131507550000000,2131507500000000,2131507600000000,50000000,45.1,39.6,46.8,40.9,1,ok,,LOAD
2131508595000000,2131508520000000,2131508670000000,75000000,45.1,39.6,46.8,40.9,1,ok,,LOAD
2131509500000000,2131509440000000,2131509560000000,60000000,45.1,39.6,47.0,40.9,1,ok,,LOAD
2131510545000000,2131510490000000,2131510600000000,55000000,45.1,39.6,47.0,40.9,1,ok,,LOAD
2131511554999999,2131511500000000,2131511609999999,54999999,45.1,39.7,46.9,40.9,1,ok,,LOAD
2131512589999999,2131512529999999,2131512650000000,60000000,45.1,39.7,46.9,40.9,1,ok,,LOAD
2131513585000000,2131513520000000,2131513650000000,65000000,45.1,39.7,47.0,41.0,1,ok,,LOAD
2131514545000000,2131514490000000,2131514600000000,55000000,45.1,39.7,47.0,41.0,1,ok,,LOAD
2131515565000000,2131515500000000,2131515630000000,65000000,45.1,39.8,46.9,41.0,1,ok,,LOAD
2131516564999999,2131516509999999,2131516620000000,55000000,45.1,39.8,46.9,41.0,1,ok,,LOAD
2131517555000000,2131517490000000,2131517620000000,65000000,45.3,39.8,47.0,41.0,1,ok,,LOAD
2131518575000000,2131518520000000,2131518630000000,55000000,45.3,39.8,47.0,41.0,1,ok,,LOAD
2131519550000000,2131519480000000,2131519620000000,70000000,45.2,39.8,46.9,41.0,1,ok,,LOAD
2131520560000000,2131520500000000,2131520620000000,60000000,45.2,39.8,46.9,41.0,1,ok,,LOAD
2131521574999999,2131521509999999,2131521640000000,65000000,45.3,39.8,47.0,41.0,1,ok,,LOAD
2131522580000000,2131522520000000,2131522640000000,60000000,45.3,39.8,47.0,41.0,1,ok,,LOAD
2131523584999999,2131523529999999,2131523640000000,55000000,45.3,39.8,47.0,40.9,1,ok,,LOAD
2131524549999999,2131524490000000,2131524609999999,59999999,45.3,39.8,47.0,40.9,1,ok,,LOAD
2131525590000000,2131525520000000,2131525660000000,70000000,45.3,39.9,47.0,41.1,1,ok,,LOAD
2131526540000000,2131526480000000,2131526600000000,60000000,45.3,39.9,47.0,41.1,1,ok,,LOAD
2131527549999999,2131527490000000,2131527609999999,59999999,45.4,39.9,47.1,41.1,1,ok,,LOAD
2131528580000000,2131528520000000,2131528640000000,60000000,45.4,39.9,47.1,41.1,1,ok,,LOAD
2131529579999999,2131529509999999,2131529650000000,70000000,45.4,39.9,47.1,41.2,1,ok,,LOAD
2131530580000000,2131530520000000,2131530640000000,60000000,45.4,39.9,47.1,41.2,1,ok,,LOAD
2131531599999999,2131531529999999,2131531670000000,70000000,45.5,40.0,47.2,41.1,1,ok,,LOAD
2131532600000000,2131532540000000,2131532660000000,60000000,45.5,40.0,47.2,41.1,1,ok,,LOAD
2131533609999999,2131533549999999,2131533670000000,60000000,45.4,40.0,47.2,41.2,1,ok,,LOAD
2131534614999999,2131534549999999,2131534680000000,65000000,45.4,40.0,47.2,41.2,1,ok,,LOAD
2131535614999999,2131535549999999,2131535680000000,65000000,45.4,40.0,47.1,41.2,1,ok,,LOAD
2131536624999999,2131536569999999,2131536680000000,55000000,45.4,40.0,47.1,41.2,1,ok,,LOAD
2131537640000000,2131537580000000,2131537700000000,60000000,45.5,40.0,47.2,41.2,1,ok,,LOAD
2131538644999999,2131538589999999,2131538700000000,55000000,45.5,40.0,47.2,41.2,1,ok,,LOAD
2131539649999999,2131539589999999,2131539710000000,60000000,45.4,40.0,47.2,41.2,1,ok,,LOAD
2131540674999999,2131540609999999,2131540740000000,65000000,45.4,40.0,47.2,41.2,1,ok,,LOAD
2131541674999999,2131541609999999,2131541740000000,65000000,45.5,40.1,47.2,41.2,1,ok,,LOAD
2131542680000000,2131542620000000,2131542740000000,60000000,45.5,40.1,47.2,41.2,1,ok,,LOAD
2131543690000000,2131543630000000,2131543750000000,60000000,45.5,40.2,47.3,41.3,1,ok,,LOAD
2131544680000000,2131544620000000,2131544740000000,60000000,45.5,40.2,47.3,41.3,1,ok,,LOAD
2131545709999999,2131545640000000,2131545779999999,69999999,45.5,40.1,47.4,41.3,1,ok,,LOAD
2131546699999999,2131546640000000,2131546759999999,59999999,45.5,40.1,47.4,41.3,1,ok,,LOAD
2131547725000000,2131547660000000,2131547790000000,65000000,45.6,40.2,47.3,41.3,1,ok,,LOAD
2131548710000000,2131548650000000,2131548770000000,60000000,45.6,40.2,47.3,41.3,1,ok,,LOAD
2131549710000000,2131549650000000,2131549770000000,60000000,45.6,40.2,47.4,41.4,1,ok,,LOAD
2131550700000000,2131550650000000,2131550750000000,50000000,45.6,40.2,47.4,41.4,1,ok,,LOAD
2131551715000000,2131551660000000,2131551770000000,55000000,45.7,40.2,47.4,41.4,1,ok,,LOAD
2131552710000000,2131552650000000,2131552770000000,60000000,45.7,40.2,47.4,41.4,1,ok,,LOAD
2131553734999999,2131553670000000,2131553799999999,64999999,45.7,40.2,47.4,41.4,1,ok,,LOAD
2131554745000000,2131554680000000,2131554810000000,65000000,45.7,40.2,47.4,41.4,1,ok,,LOAD
2131555754999999,2131555690000000,2131555819999999,64999999,45.8,40.3,47.5,41.4,1,ok,,LOAD
2131556745000000,2131556680000000,2131556810000000,65000000,45.8,40.3,47.5,41.4,1,ok,,LOAD
2131557759999999,2131557700000000,2131557819999999,59999999,45.8,40.3,47.5,41.4,1,ok,,LOAD
2131558735000000,2131558680000000,2131558790000000,55000000,45.8,40.3,47.5,41.4,1,ok,,LOAD
2131559750000000,2131559690000000,2131559810000000,60000000,45.8,40.4,47.5,41.5,1,ok,,LOAD
2131560805000000,2131560740000000,2131560870000000,65000000,45.8,40.4,47.5,41.5,1,ok,,LOAD
2131561819999999,2131561759999999,2131561880000000,60000000,45.8,40.4,47.6,41.5,1,ok,,LOAD
2131562865000000,2131562790000000,2131562940000000,75000000,45.9,40.4,47.6,41.5,1,ok,,LOAD
2131563875000000,2131563810000000,2131563940000000,65000000,45.9,40.4,47.6,41.6,1,ok,,LOAD
2131564899999999,2131564839999999,2131564960000000,60000000,45.9,40.4,47.6,41.6,1,ok,,LOAD
2131565799999999,2131565740000000,2131565859999999,59999999,45.9,40.4,47.6,41.6,1,ok,,LOAD
2131566854999999,2131566779999999,2131566930000000,75000000,45.9,40.4,47.6,41.6,1,ok,,LOAD
2131567865000000,2131567810000000,2131567920000000,55000000,45.9,40.5,47.7,41.6,1,ok,,LOAD
2131568900000000,2131568830000000,2131568970000000,70000000,45.9,40.5,47.7,41.6,1,ok,,LOAD
2131569925000000,2131569850000000,2131570000000000,75000000,45.9,40.5,47.7,41.6,1,ok,,LOAD
2131570829999999,2131570779999999,2131570880000000,50000000,45.9,40.5,47.7,41.6,1,ok,,LOAD
2131571864999999,2131571799999999,2131571930000000,65000000,46.0,40.5,47.6,41.6,1,ok,,LOAD
2131572884999999,2131572819999999,2131572950000000,65000000,46.0,40.5,47.6,41.6,1,ok,,LOAD
2131573920000000,2131573850000000,2131573990000000,70000000,46.0,40.5,47.7,41.6,1,ok,,LOAD
2131574930000000,2131574870000000,2131574990000000,60000000,46.1,40.6,47.7,41.7,1,ok,,LOAD
2131575955000000,2131575890000000,2131576020000000,65000000,46.1,40.6,47.7,41.7,1,ok,,LOAD
2131576884999999,2131576819999999,2131576950000000,65000000,46.1,40.6,47.7,41.7,1,ok,,LOAD
2131577904999999,2131577839999999,2131577970000000,65000000,46.0,40.6,47.8,41.7,1,ok,,LOAD
2131578935000000,2131578870000000,2131579000000000,65000000,46.1,40.6,47.8,41.7,1,ok,,LOAD
2131579955000000,2131579890000000,2131580020000000,65000000,46.1,40.6,47.8,41.7,1,ok,,LOAD
2131580879999999,2131580819999999,2131580940000000,60000000,46.1,40.6,47.8,41.7,1,ok,,LOAD
2131582005000000,2131581930000000,2131582080000000,75000000,46.1,40.6,47.7,41.7,1,ok,,LOAD
2131582934999999,2131582859999999,2131583009999999,75000000,46.1,40.6,47.7,41.7,1,ok,,LOAD
2131583940000000,2131583880000000,2131584000000000,60000000,46.1,40.7,47.7,41.8,1,ok,,LOAD
2131584969999999,2131584910000000,2131585029999999,59999999,46.1,40.7,47.8,41.7,1,ok,,LOAD
2131585989999999,2131585930000000,2131586049999999,59999999,46.1,40.7,47.8,41.7,1,ok,,LOAD
2131586910000000,2131586850000000,2131586970000000,60000000,46.1,40.7,47.8,41.7,1,ok,,LOAD
2131587940000000,2131587880000000,2131588000000000,60000000,46.2,40.7,47.9,41.8,1,ok,,LOAD
2131588964999999,2131588900000000,2131589029999999,64999999,46.2,40.7,47.9,41.8,1,ok,,LOAD
2131589995000000,2131589930000000,2131590060000000,65000000,46.2,40.8,47.9,41.8,1,ok,,LOAD
2131591009999999,2131590950000000,2131591069999999,59999999,46.2,40.8,47.9,41.8,1,ok,,LOAD
2131592029999999,2131591970000000,2131592089999999,59999999,46.2,40.8,47.9,41.8,1,ok,,LOAD
2131592955000000,2131592890000000,2131593020000000,65000000,46.2,40.8,47.9,41.8,1,ok,,LOAD
2131593984999999,2131593920000000,2131594049999999,64999999,46.3,40.8,48.0,41.9,1,ok,,LOAD
2131595000000000,2131594940000000,2131595060000000,60000000,46.3,40.8,48.0,41.9,1,ok,,LOAD
2131596025000000,2131595970000000,2131596080000000,55000000,46.3,40.8,47.9,41.9,1,ok,,LOAD
2131597049999999,2131596990000000,2131597109999999,59999999,46.3,40.8,48.1,41.8,1,ok,,LOAD
2131598069999999,2131598009999999,2131598130000000,60000000,46.3,40.8,48.1,41.8,1,ok,,LOAD
2131598995000000,2131598930000000,2131599060000000,65000000,46.3,40.8,48.1,41.8,1,ok,,LOAD
2131600020000000,2131599960000000,2131600080000000,60000000,46.3,40.9,47.9,42.0,2,ok,,LOAD
2131601055000000,2131600990000000,2131601120000000,65000000,46.3,40.9,47.9,41.8,2,ok,,LOAD
2131602060000000,2131602000000000,2131602120000000,60000000,46.3,40.9,47.9,41.8,2,ok,,LOAD
2131603094999999,2131603029999999,2131603160000000,65000000,46.2,40.9,47.7,41.9,2,ok,,LOAD
2131604019999999,2131603950000000,2131604089999999,69999999,46.2,40.9,47.7,41.9,2,ok,,LOAD
2131605050000000,2131604980000000,2131605120000000,70000000,46.2,40.9,47.7,41.9,2,ok,,LOAD
2131606079999999,2131606009999999,2131606150000000,70000000,46.2,41.0,47.7,41.9,2,ok,,LOAD
2131607089999999,2131607029999999,2131607150000000,60000000,46.1,41.0,47.6,41.9,2,ok,,LOAD
2131608120000000,2131608060000000,2131608180000000,60000000,46.1,41.0,47.6,41.9,2,ok,,LOAD
2131609134999999,2131609069999999,2131609200000000,65000000,46.1,41.0,47.7,41.9,2,ok,,LOAD
2131610160000000,2131610100000000,2131610220000000,60000000,46.1,41.0,47.7,41.9,2,ok,,LOAD
2131611085000000,2131611020000000,2131611150000000,65000000,46.1,41.0,47.7,41.9,2,ok,,LOAD
2131612100000000,2131612040000000,2131612160000000,60000000,46.2,41.0,47.7,41.9,2,ok,,LOAD
2131613125000000,2131613060000000,2131613190000000,65000000,46.2,41.0,47.6,41.9,2,ok,,LOAD
2131614154999999,2131614089999999,2131614220000000,65000000,46.2,41.0,47.6,41.9,2,ok,,LOAD
2131615074999999,2131615009999999,2131615140000000,65000000,46.2,41.0,47.6,41.9,2,ok,,LOAD
2131616100000000,2131616040000000,2131616160000000,60000000,46.2,41.0,47.8,41.9,2,ok,,LOAD
2131617125000000,2131617060000000,2131617190000000,65000000,46.2,41.0,47.8,41.9,2,ok,,LOAD
2131618140000000,2131618080000000,2131618200000000,60000000,46.1,41.1,47.7,42.0,2,ok,,LOAD
2131619169999999,2131619109999999,2131619230000000,60000000,46.2,41.1,47.6,42.0,2,ok,,LOAD
2131620194999999,2131620130000000,2131620259999999,64999999,46.2,41.1,47.6,42.0,2,ok,,LOAD
2131621120000000,2131621060000000,2131621180000000,60000000,46.2,41.1,47.6,42.0,2,ok,,LOAD
2131622145000000,2131622080000000,2131622210000000,65000000,46.1,41.1,47.7,42.0,2,ok,,LOAD
2131623165000000,2131623100000000,2131623230000000,65000000,46.1,41.1,47.5,42.0,2,ok,,LOAD
2131624180000000,2131624120000000,2131624240000000,60000000,46.1,41.1,47.5,42.0,2,ok,,LOAD
2131625210000000,2131625150000000,2131625270000000,60000000,46.1,41.1,47.5,42.0,2,ok,,LOAD
2131626234999999,2131626170000000,2131626299999999,64999999,46.1,41.1,47.5,42.0,2,ok,,LOAD
2131627259999999,2131627200000000,2131627319999999,59999999,46.1,41.1,47.5,41.8,2,ok,,LOAD
2131628140000000,2131628080000000,2131628200000000,60000000,46.1,41.1,47.5,41.8,2,ok,,LOAD
2131629199999999,2131629140000000,2131629259999999,59999999,46.1,41.1,47.7,42.0,2,ok,,LOAD
2131630234999999,2131630170000000,2131630299999999,64999999,46.1,41.1,47.7,42.0,2,ok,,LOAD
2131631254999999,2131631190000000,2131631319999999,64999999,46.1,41.1,47.4,41.9,2,ok,,LOAD
2131632174999999,2131632109999999,2131632240000000,65000000,46.1,41.1,47.4,41.9,2,ok,,LOAD
2131633225000000,2131633160000000,2131633290000000,65000000,46.1,41.1,47.6,42.0,2,ok,,LOAD
2131634230000000,2131634170000000,2131634290000000,60000000,46.1,41.1,47.6,42.0,2,ok,,LOAD
2131635245000000,2131635180000000,2131635310000000,65000000,46.1,41.1,47.5,42.0,2,ok,,LOAD
2131636299999999,2131636240000000,2131636359999999,59999999,46.1,41.1,47.5,42.0,2,ok,,LOAD
2131637299999999,2131637240000000,2131637359999999,59999999,46.0,41.2,47.4,42.0,2,ok,,LOAD
2131638225000000,2131638160000000,2131638290000000,65000000,46.0,41.2,47.4,42.0,2,ok,,LOAD
2131639270000000,2131639210000000,2131639330000000,60000000,46.1,41.2,47.5,41.9,2,ok,,LOAD
2131640290000000,2131640230000000,2131640350000000,60000000,46.1,41.2,47.5,41.9,2,ok,,LOAD
2131641290000000,2131641230000000,2131641350000000,60000000,46.1,41.2,47.6,42.0,2,ok,,LOAD
2131642310000000,2131642250000000,2131642370000000,60000000,46.1,41.2,47.6,42.0,2,ok,,LOAD
2131643265000000,2131643200000000,2131643330000000,65000000,46.1,41.2,47.4,42.0,2,ok,,LOAD
2131644259999999,2131644200000000,2131644319999999,59999999,46.1,41.2,47.4,42.0,2,ok,,LOAD
2131645285000000,2131645220000000,2131645350000000,65000000,46.1,41.2,47.3,42.0,2,ok,,LOAD
2131646305000000,2131646240000000,2131646370000000,65000000,46.1,41.2,47.3,42.0,2,ok,,LOAD
2131647330000000,2131647270000000,2131647390000000,60000000,46.0,41.2,47.3,42.1,2,ok,,LOAD
2131648260000000,2131648190000000,2131648330000000,70000000,46.0,41.2,47.3,42.1,2,ok,,LOAD
2131649299999999,2131649240000000,2131649359999999,59999999,46.0,41.2,47.5,42.0,2,ok,,LOAD
2131650305000000,2131650240000000,2131650370000000,65000000,46.0,41.2,47.5,42.0,2,ok,,LOAD
2131651324999999,2131651259999999,2131651390000000,65000000,46.0,41.2,47.5,42.0,2,ok,,LOAD
2131652379999999,2131652319999999,2131652440000000,60000000,46.0,41.2,47.5,42.0,2,ok,,LOAD
2131653320000000,2131653250000000,2131653390000000,70000000,46.1,41.2,47.5,42.0,2,ok,,LOAD
2131654329999999,2131654259999999,2131654400000000,70000000,46.1,41.2,47.5,42.0,2,ok,,LOAD
2131655315000000,2131655250000000,2131655380000000,65000000,46.1,41.2,47.5,42.0,2,ok,,LOAD
2131656350000000,2131656290000000,2131656410000000,60000000,46.1,41.2,47.5,42.0,2,ok,,LOAD
2131657259999999,2131657200000000,2131657319999999,59999999,46.1,41.2,47.5,42.0,2,ok,,LOAD
2131658324999999,2131658259999999,2131658390000000,65000000,46.2,41.3,47.6,42.1,2,ok,,LOAD
2131659315000000,2131659250000000,2131659380000000,65000000,46.2,41.3,47.6,42.1,2,ok,,LOAD
2131660359999999,2131660299999999,2131660420000000,60000000,46.1,41.2,47.6,42.1,2,ok,,LOAD
2131661384999999,2131661319999999,2131661450000000,65000000,46.1,41.3,47.6,42.1,2,ok,,LOAD
2131662285000000,2131662220000000,2131662350000000,65000000,46.1,41.3,47.6,42.1,2,ok,,LOAD
2131663310000000,2131663250000000,2131663370000000,60000000,46.1,41.3,47.6,42.1,2,ok,,LOAD
2131664339999999,2131664279999999,2131664400000000,60000000,46.1,41.3,47.5,42.1,2,ok,,LOAD
2131665355000000,2131665290000000,2131665420000000,65000000,46.1,41.3,47.5,42.1,2,ok,,LOAD
2131666404999999,2131666339999999,2131666470000000,65000000,46.0,41.3,47.6,42.1,2,ok,,LOAD
2131667305000000,2131667240000000,2131667370000000,65000000,46.0,41.3,47.6,42.1,2,ok,,LOAD
2131668330000000,2131668270000000,2131668390000000,60000000,46.1,41.3,47.5,42.1,2,ok,,LOAD
2131669349999999,2131669279999999,2131669420000000,70000000,46.1,41.3,47.5,42.1,2,ok,,LOAD
2131670399999999,2131670339999999,2131670460000000,60000000,46.1,41.3,47.6,42.1,2,ok,,LOAD
2131671315000000,2131671250000000,2131671380000000,65000000,46.1,41.3,47.6,42.1,2,ok,,LOAD
2131672289999999,2131672220000000,2131672359999999,69999999,46.1,41.3,47.6,42.1,2,ok,,LOAD
2131673364999999,2131673299999999,2131673430000000,65000000,46.1,41.3,47.6,42.1,2,ok,,LOAD
2131674404999999,2131674339999999,2131674470000000,65000000,46.2,41.4,47.6,42.1,2,ok,,LOAD
2131675395000000,2131675330000000,2131675460000000,65000000,46.2,41.4,47.6,42.1,2,ok,,LOAD
2131676310000000,2131676250000000,2131676370000000,60000000,46.2,41.4,47.2,42.2,2,ok,,LOAD
2131677330000000,2131677270000000,2131677390000000,60000000,46.2,41.4,47.2,42.2,2,ok,,LOAD
2131678389999999,2131678319999999,2131678460000000,70000000,46.1,41.4,47.5,42.2,2,ok,,LOAD
2131679379999999,2131679319999999,2131679440000000,60000000,46.1,41.4,47.5,42.2,2,ok,,LOAD
2131680404999999,2131680339999999,2131680470000000,65000000,46.2,41.4,47.6,42.2,2,ok,,LOAD
2131681460000000,2131681400000000,2131681520000000,60000000,46.1,41.4,47.6,42.2,2,ok,,LOAD
2131682480000000,2131682420000000,2131682540000000,60000000,46.1,41.4,47.5,42.3,2,ok,,LOAD
2131683384999999,2131683319999999,2131683450000000,65000000,46.1,41.4,47.5,42.3,2,ok,,LOAD
2131684430000000,2131684370000000,2131684490000000,60000000,46.2,41.4,47.7,42.1,2,ok,,LOAD
2131685419999999,2131685359999999,2131685480000000,60000000,46.2,41.4,47.7,42.1,2,ok,,LOAD
2131686504999999,2131686440000000,2131686569999999,64999999,46.1,41.4,47.7,42.1,2,ok,,LOAD
2131687350000000,2131687290000000,2131687410000000,60000000,46.1,41.4,47.7,42.1,2,ok,,LOAD
2131688419999999,2131688359999999,2131688480000000,60000000,46.3,41.4,47.7,42.2,2,ok,,LOAD
2131689320000000,2131689270000000,2131689370000000,50000000,46.3,41.4,47.7,42.2,2,ok,,LOAD
2131690440000000,2131690380000000,2131690500000000,60000000,46.3,41.4,47.6,42.2,2,ok,,LOAD
2131691389999999,2131691319999999,2131691460000000,70000000,46.3,41.4,47.6,42.2,2,ok,,LOAD
2131692395000000,2131692330000000,2131692460000000,65000000,46.3,41.5,47.6,42.2,2,ok,,LOAD
2131693444999999,2131693380000000,2131693509999999,64999999,46.3,41.5,47.6,42.2,2,ok,,LOAD
2131694435000000,2131694380000000,2131694490000000,55000000,46.2,41.5,47.7,42.2,2,ok,,LOAD
2131695460000000,2131695400000000,2131695520000000,60000000,46.2,41.5,47.7,42.2,2,ok,,LOAD
2131696399999999,2131696339999999,2131696460000000,60000000,46.3,41.5,47.7,42.2,2,ok,,LOAD
2131697430000000,2131697370000000,2131697490000000,60000000,46.3,41.5,47.7,42.2,2,ok,,LOAD
2131698430000000,2131698370000000,2131698490000000,60000000,46.3,41.5,47.6,42.3,2,ok,,LOAD
2131699484999999,2131699420000000,2131699549999999,64999999,46.3,41.5,47.6,42.3,2,ok,,LOAD
2131700474999999,2131700420000000,2131700529999999,54999999,46.3,41.5,47.4,42.3,2,ok,,LOAD
2131701524999999,2131701460000000,2131701589999999,64999999,46.3,41.5,47.4,42.3,2,ok,,LOAD
2131702425000000,2131702370000000,2131702480000000,55000000,46.3,41.5,47.7,42.3,2,ok,,LOAD
2131703484999999,2131703420000000,2131703549999999,64999999,46.3,41.5,47.7,42.3,2,ok,,LOAD
2131704469999999,2131704410000000,2131704529999999,59999999,46.2,41.5,47.7,42.3,2,ok,,LOAD
2131705520000000,2131705460000000,2131705580000000,60000000,46.2,41.5,47.7,42.3,2,ok,,LOAD
2131706524999999,2131706460000000,2131706589999999,64999999,46.2,41.6,47.7,42.2,2,ok,,LOAD
2131707469999999,2131707410000000,2131707529999999,59999999,46.2,41.6,47.7,42.2,2,ok,,LOAD
2131708504999999,2131708440000000,2131708569999999,64999999,46.3,41.5,47.7,42.3,2,ok,,LOAD
2131709495000000,2131709430000000,2131709560000000,65000000,46.3,41.5,47.7,42.3,2,ok,,LOAD
2131710524999999,2131710460000000,2131710589999999,64999999,46.0,41.5,46.8,42.2,2,ok,,LOAD
2131711585000000,2131711520000000,2131711650000000,65000000,46.0,41.5,46.8,42.2,2,ok,,LOAD
2131712489999999,2131712430000000,2131712549999999,59999999,45.5,41.5,45.9,42.1,2,ok,,LOAD
2131713480000000,2131713420000000,2131713540000000,60000000,45.5,41.5,45.9,42.1,2,ok,,LOAD
2131714495000000,2131714430000000,2131714560000000,65000000,45.2,41.5,45.3,41.8,2,ok,,LOAD
2131715565000000,2131715500000000,2131715630000000,65000000,45.2,41.5,45.3,41.8,2,ok,,LOAD
2131716555000000,2131716480000000,2131716630000000,75000000,44.7,41.4,44.9,41.8,2,ok,,LOAD
2131717504999999,2131717440000000,2131717569999999,64999999,44.7,41.4,44.9,41.8,2,ok,,LOAD
2131718520000000,2131718460000000,2131718580000000,60000000,44.5,41.4,44.4,41.7,2,ok,,LOAD
2131719570000000,2131719500000000,2131719640000000,70000000,44.5,41.4,44.4,41.7,2,ok,,LOAD
2131720564999999,2131720509999999,2131720620000000,55000000,44.5,41.3,45.0,41.6,2,ok,,LOAD
2131721590000000,2131721520000000,2131721660000000,70000000,44.5,41.3,45.0,41.6,2,ok,,LOAD
2131722560000000,2131722490000000,2131722630000000,70000000,44.4,41.3,44.5,41.5,2,ok,,LOAD
2131723544999999,2131723480000000,2131723609999999,64999999,44.4,41.3,44.5,41.5,2,ok,,LOAD
2131724544999999,2131724480000000,2131724609999999,64999999,44.1,41.2,44.2,41.5,2,ok,,LOAD
2131725579999999,2131725509999999,2131725650000000,70000000,44.1,41.2,44.2,41.5,2,ok,,LOAD
2131726614999999,2131726549999999,2131726680000000,65000000,43.9,41.1,43.9,41.4,2,ok,,LOAD
2131727580000000,2131727520000000,2131727640000000,60000000,43.9,41.1,43.9,41.4,2,ok,,LOAD
2131728590000000,2131728520000000,2131728660000000,70000000,43.7,41.1,43.7,41.3,2,ok,,LOAD
2131729585000000,2131729520000000,2131729650000000,65000000,43.7,41.1,43.7,41.3,2,ok,,LOAD
2131730560000000,2131730490000000,2131730630000000,70000000,43.9,41.0,44.3,41.2,2,ok,,LOAD
2131731599999999,2131731529999999,2131731670000000,70000000,43.9,41.0,44.3,41.2,2,ok,,LOAD
2131732589999999,2131732529999999,2131732650000000,60000000,43.8,40.9,43.9,41.2,2,ok,,LOAD
2131733589999999,2131733529999999,2131733650000000,60000000,43.8,40.9,43.9,41.2,2,ok,,LOAD
2131734560000000,2131734500000000,2131734620000000,60000000,43.6,40.9,43.6,41.1,2,ok,,LOAD
2131735595000000,2131735540000000,2131735650000000,55000000,43.6,40.9,43.6,41.1,2,ok,,LOAD
2131736604999999,2131736529999999,2131736680000000,75000000,43.5,40.8,43.4,41.0,2,ok,,LOAD
2131737600000000,2131737540000000,2131737660000000,60000000,43.5,40.8,43.4,41.0,2,ok,,LOAD
2131738610000000,2131738540000000,2131738680000000,70000000,43.3,40.8,43.3,41.0,2,ok,,LOAD
2131739614999999,2131739549999999,2131739680000000,65000000,43.3,40.8,43.3,41.0,2,ok,,LOAD
2131740614999999,2131740549999999,2131740680000000,65000000,43.5,40.7,43.9,41.0,2,ok,,LOAD
2131741625000000,2131741560000000,2131741690000000,65000000,43.5,40.7,43.9,41.0,2,ok,,LOAD
2131742629999999,2131742569999999,2131742690000000,60000000,43.4,40.7,43.4,41.0,2,ok,,LOAD
2131743639999999,2131743569999999,2131743710000000,70000000,43.4,40.7,43.4,41.0,2,ok,,LOAD
2131744660000000,2131744580000000,2131744740000000,80000000,43.2,40.6,43.3,40.9,2,ok,,LOAD
2131745659999999,2131745589999999,2131745730000000,70000000,43.2,40.6,43.3,40.9,2,ok,,LOAD
2131746654999999,2131746589999999,2131746720000000,65000000,43.0,40.6,43.1,40.9,2,ok,,LOAD
2131747635000000,2131747580000000,2131747690000000,55000000,43.0,40.6,43.1,40.9,2,ok,,LOAD
2131748660000000,2131748600000000,2131748720000000,60000000,43.0,40.6,42.7,40.8,2,ok,,LOAD
2131749665000000,2131749600000000,2131749730000000,65000000,43.0,40.6,42.7,40.8,2,ok,,LOAD
2131750670000000,2131750600000000,2131750740000000,70000000,43.2,40.5,43.6,40.8,2,ok,,LOAD
2131751700000000,2131751630000000,2131751770000000,70000000,43.2,40.5,43.6,40.8,2,ok,,LOAD
2131752665000000,2131752600000000,2131752730000000,65000000,43.0,40.5,43.2,40.8,2,ok,,LOAD
2131753664999999,2131753609999999,2131753720000000,55000000,43.0,40.5,43.2,40.8,2,ok,,LOAD
2131754670000000,2131754600000000,2131754740000000,70000000,42.9,40.4,42.9,40.7,2,ok,,LOAD
2131755674999999,2131755609999999,2131755740000000,65000000,42.9,40.4,42.9,40.7,2,ok,,LOAD
2131756680000000,2131756620000000,2131756740000000,60000000,42.8,40.4,42.7,40.7,2,ok,,LOAD
2131757670000000,2131757620000000,2131757720000000,50000000,42.8,40.4,42.7,40.7,2,ok,,LOAD
2131758700000000,2131758630000000,2131758770000000,70000000,42.7,40.2,42.6,40.5,2,ok,,LOAD
2131759690000000,2131759630000000,2131759750000000,60000000,42.7,40.2,42.6,40.5,2,ok,,LOAD
2131760694999999,2131760630000000,2131760759999999,64999999,42.9,40.3,43.3,40.6,2,ok,,LOAD
2131761680000000,2131761620000000,2131761740000000,60000000,42.9,40.3,43.3,40.6,2,ok,,LOAD
2131762685000000,2131762620000000,2131762750000000,65000000,42.8,40.2,42.9,40.6,2,ok,,LOAD
2131763694999999,2131763630000000,2131763759999999,64999999,42.8,40.2,42.9,40.6,2,ok,,LOAD
2131764704999999,2131764630000000,2131764779999999,74999999,42.7,40.2,42.7,40.6,2,ok,,LOAD
2131765709999999,2131765640000000,2131765779999999,69999999,42.7,40.2,42.7,40.6,2,ok,,LOAD
2131766715000000,2131766660000000,2131766770000000,55000000,42.5,40.2,42.5,40.5,2,ok,,LOAD
2131767704999999,2131767650000000,2131767759999999,54999999,42.5,40.2,42.5,40.5,2,ok,,LOAD
2131768740000000,2131768670000000,2131768810000000,70000000,42.5,40.1,42.6,40.5,2,ok,,LOAD
2131769720000000,2131769650000000,2131769790000000,70000000,42.5,40.1,42.6,40.5,2,ok,,LOAD
2131770730000000,2131770670000000,2131770790000000,60000000,42.7,40.1,43.0,40.5,2,ok,,LOAD
2131771729999999,2131771660000000,2131771799999999,69999999,42.7,40.1,43.0,40.5,2,ok,,LOAD
2131772745000000,2131772680000000,2131772810000000,65000000,42.6,40.0,42.6,40.4,2,ok,,LOAD
2131773755000000,2131773680000000,2131773830000000,75000000,42.6,40.0,42.6,40.4,2,ok,,LOAD
2131774749999999,2131774680000000,2131774819999999,69999999,42.4,40.0,42.5,40.4,2,ok,,LOAD
2131775760000000,2131775690000000,2131775830000000,70000000,42.4,40.0,42.5,40.4,2,ok,,LOAD
2131776764999999,2131776690000000,2131776839999999,74999999,42.3,40.0,42.3,40.4,2,ok,,LOAD
2131777750000000,2131777690000000,2131777810000000,60000000,42.3,40.0,42.3,40.4,2,ok,,LOAD
2131778775000000,2131778700000000,2131778850000000,75000000,42.3,39.9,42.2,40.3,2,ok,,LOAD
2131779774999999,2131779710000000,2131779839999999,64999999,42.3,39.9,42.2,40.3,2,ok,,LOAD
2131780850000000,2131780790000000,2131780910000000,60000000,42.4,39.9,42.6,40.3,2,ok,,LOAD
2131781890000000,2131781830000000,2131781950000000,60000000,42.4,39.9,42.6,40.3,2,ok,,LOAD
2131782810000000,2131782740000000,2131782880000000,70000000,42.3,39.9,42.2,40.4,2,ok,,LOAD
2131783835000000,2131783770000000,2131783900000000,65000000,42.3,39.9,42.2,40.4,2,ok,,LOAD
2131784860000000,2131784790000000,2131784930000000,70000000,42.1,39.9,41.9,40.3,2,ok,,LOAD
2131785890000000,2131785810000000,2131785970000000,80000000,42.1,39.9,41.9,40.3,2,ok,,LOAD
2131786909999999,2131786839999999,2131786980000000,70000000,41.9,39.9,41.8,40.2,2,ok,,LOAD
2131787814999999,2131787759999999,2131787870000000,55000000,41.9,39.9,41.8,40.2,2,ok,,LOAD
2131788855000000,2131788790000000,2131788920000000,65000000,41.9,39.8,41.8,40.1,2,ok,,LOAD
2131789889999999,2131789819999999,2131789960000000,70000000,41.9,39.8,41.8,40.1,2,ok,,LOAD
2131790904999999,2131790839999999,2131790970000000,65000000,42.1,39.8,42.3,40.2,2,ok,,LOAD
2131791824999999,2131791759999999,2131791890000000,65000000,42.1,39.8,42.3,40.2,2,ok,,LOAD
2131792839999999,2131792779999999,2131792900000000,60000000,42.0,39.7,42.0,40.1,2,ok,,LOAD
2131793844999999,2131793779999999,2131793910000000,65000000,42.0,39.7,42.0,40.1,2,ok,,LOAD
2131794895000000,2131794830000000,2131794960000000,65000000,41.9,39.7,41.8,40.1,2,ok,,LOAD
2131795915000000,2131795850000000,2131795980000000,65000000,41.9,39.7,41.8,40.1,2,ok,,LOAD
2131796939999999,2131796870000000,2131797009999999,69999999,41.8,39.7,41.7,40.1,2,ok,,LOAD
2131797959999999,2131797890000000,2131798029999999,69999999,41.8,39.7,41.7,40.1,2,ok,,LOAD
2131798895000000,2131798830000000,2131798960000000,65000000,41.8,39.7,41.9,40.0,2,ok,,LOAD
2131799924999999,2131799859999999,2131799990000000,65000000,41.8,39.7,41.9,40.0,2,ok,,LOAD
2131800935000000,2131800870000000,2131801000000000,65000000,42.0,39.6,42.2,40.1,2,ok,,LOAD
2131801964999999,2131801900000000,2131802029999999,64999999,42.0,39.6,42.2,40.1,2,ok,,LOAD
2131802990000000,2131802920000000,2131803060000000,70000000,41.9,39.6,42.0,40.1,2,ok,,LOAD
2131803909999999,2131803839999999,2131803980000000,70000000,41.9,39.6,42.0,40.1,2,ok,,LOAD
2131804930000000,2131804870000000,2131804990000000,60000000,41.8,39.6,41.8,40.0,2,ok,,LOAD
2131805955000000,2131805890000000,2131806020000000,65000000,41.8,39.6,41.8,40.0,2,ok,,LOAD
2131806975000000,2131806910000000,2131807040000000,65000000,41.7,39.5,41.7,39.9,1,ok,,LOAD
2131807989999999,2131807930000000,2131808049999999,59999999,41.7,39.5,41.7,39.9,1,ok,,LOAD
2131808904999999,2131808839999999,2131808970000000,65000000,41.7,39.5,41.8,39.9,1,ok,,LOAD
2131809955000000,2131809890000000,2131810020000000,65000000,41.7,39.5,41.8,39.9,1,ok,,LOAD
2131810979999999,2131810910000000,2131811049999999,69999999,41.9,39.5,42.2,40.0,1,ok,,LOAD
2131811939999999,2131811870000000,2131812009999999,69999999,41.9,39.5,42.2,40.0,1,ok,,LOAD
2131813030000000,2131812960000000,2131813100000000,70000000,41.9,39.4,41.9,39.9,1,ok,,LOAD
2131813950000000,2131813880000000,2131814020000000,70000000,41.9,39.4,41.9,39.9,1,ok,,LOAD
2131814960000000,2131814900000000,2131815020000000,60000000,41.8,39.4,41.7,39.9,1,ok,,LOAD
2131815980000000,2131815920000000,2131816040000000,60000000,41.8,39.4,41.7,39.9,1,ok,,LOAD
2131817019999999,2131816950000000,2131817089999999,69999999,41.7,39.4,41.6,39.9,1,ok,,LOAD
2131818025000000,2131817970000000,2131818080000000,55000000,41.7,39.4,41.6,39.9,1,ok,,LOAD
2131819075000000,2131819000000000,2131819150000000,75000000,41.7,39.4,41.7,39.8,1,ok,,LOAD
2131819990000000,2131819920000000,2131820060000000,70000000,41.7,39.4,41.7,39.8,1,ok,,LOAD
2131821004999999,2131820940000000,2131821069999999,64999999,41.8,39.4,41.9,39.9,1,ok,,LOAD
2131821935000000,2131821880000000,2131821990000000,55000000,41.8,39.4,41.9,39.9,1,ok,,LOAD
2131823074999999,2131823009999999,2131823140000000,65000000,41.7,39.4,41.9,40.0,1,ok,,LOAD
2131823984999999,2131823920000000,2131824049999999,64999999,41.7,39.4,41.9,40.0,1,ok,,LOAD
2131825014999999,2131824940000000,2131825089999999,74999999,41.6,39.3,41.6,39.8,1,ok,,LOAD
2131826020000000,2131825960000000,2131826080000000,60000000,41.6,39.3,41.6,39.8,1,ok,,LOAD
2131827050000000,2131826980000000,2131827120000000,70000000,41.5,39.3,41.4,39.8,1,ok,,LOAD
2131828054999999,2131828000000000,2131828109999999,54999999,41.5,39.3,41.4,39.8,1,ok,,LOAD
2131829105000000,2131829040000000,2131829170000000,65000000,41.5,39.3,41.6,39.8,1,ok,,LOAD
2131830124999999,2131830049999999,2131830200000000,75000000,41.5,39.3,41.6,39.8,1,ok,,LOAD
2131831034999999,2131830980000000,2131831089999999,54999999,41.6,39.2,41.8,39.8,1,ok,,LOAD
2131832079999999,2131832009999999,2131832150000000,70000000,41.6,39.2,41.8,39.8,1,ok,,LOAD
2131833094999999,2131833029999999,2131833160000000,65000000,41.5,39.2,41.4,39.8,1,ok,,LOAD
2131834024999999,2131833960000000,2131834089999999,64999999,41.5,39.2,41.4,39.8,1,ok,,LOAD
2131835134999999,2131835069999999,2131835200000000,65000000,41.4,39.2,41.4,39.8,1,ok,,LOAD
2131836160000000,2131836100000000,2131836220000000,60000000,41.4,39.2,41.4,39.8,1,ok,,LOAD
2131837085000000,2131837020000000,2131837150000000,65000000,41.3,39.2,41.2,39.7,1,ok,,LOAD
2131838090000000,2131838040000000,2131838140000000,50000000,41.3,39.2,41.2,39.7,1,ok,,LOAD
2131839149999999,2131839069999999,2131839230000000,80000000,41.4,39.1,41.7,39.6,1,ok,,LOAD
2131840160000000,2131840100000000,2131840220000000,60000000,41.4,39.1,41.7,39.6,1,ok,,LOAD
2131841205000000,2131841120000000,2131841290000000,85000000,41.5,39.1,41.7,39.7,1,ok,,LOAD
2131842239999999,2131842180000000,2131842299999999,59999999,41.5,39.1,41.7,39.7,1,ok,,LOAD
2131843119999999,2131843049999999,2131843190000000,70000000,41.3,39.1,41.2,39.7,1,ok,,LOAD
2131844154999999,2131844089999999,2131844220000000,65000000,41.3,39.1,41.2,39.7,1,ok,,LOAD
2131845199999999,2131845140000000,2131845259999999,59999999,41.2,39.1,41.1,39.6,1,ok,,LOAD
2131846205000000,2131846140000000,2131846270000000,65000000,41.2,39.1,41.1,39.6,1,ok,,LOAD
2131847254999999,2131847190000000,2131847319999999,64999999,41.0,39.0,41.0,39.6,1,ok,,LOAD
2131848119999999,2131848069999999,2131848170000000,50000000,41.0,39.0,41.0,39.6,1,ok,,LOAD
2131849179999999,2131849109999999,2131849250000000,70000000,41.2,39.0,41.6,39.6,1,ok,,LOAD
2131850215000000,2131850120000000,2131850310000000,95000000,41.2,39.0,41.6,39.6,1,ok,,LOAD
2131851209999999,2131851140000000,2131851279999999,69999999,41.2,39.0,41.6,39.5,1,ok,,LOAD
2131852265000000,2131852180000000,2131852350000000,85000000,41.2,39.0,41.6,39.5,1,ok,,LOAD
2131853185000000,2131853120000000,2131853250000000,65000000,41.1,39.0,41.1,39.5,1,ok,,LOAD
2131854215000000,2131854120000000,2131854310000000,95000000,41.1,39.0,41.1,39.5,1,ok,,LOAD
2131855220000000,2131855150000000,2131855290000000,70000000,41.0,39.0,40.9,39.6,1,ok,,LOAD
2131856234999999,2131856170000000,2131856299999999,64999999,41.0,39.0,40.9,39.6,1,ok,,LOAD
2131857294999999,2131857230000000,2131857359999999,64999999,40.9,38.9,40.8,39.4,1,ok,,LOAD
2131858164999999,2131858109999999,2131858220000000,55000000,40.9,38.9,40.8,39.4,1,ok,,LOAD
2131859244999999,2131859170000000,2131859319999999,74999999,41.0,38.9,41.1,39.4,1,ok,,LOAD
2131860225000000,2131860160000000,2131860290000000,65000000,41.0,38.9,41.1,39.4,1,ok,,LOAD
2131861235000000,2131861180000000,2131861290000000,55000000,41.0,38.9,41.1,39.5,1,ok,,LOAD
2131862305000000,2131862240000000,2131862370000000,65000000,41.0,38.9,41.1,39.5,1,ok,,LOAD
2131863294999999,2131863230000000,2131863359999999,64999999,40.9,38.8,40.8,39.3,1,ok,,LOAD
2131864294999999,2131864230000000,2131864359999999,64999999,40.9,38.8,40.8,39.3,1,ok,,LOAD
2131865265000000,2131865200000000,2131865330000000,65000000,40.8,38.8,40.7,39.4,1,ok,,LOAD
2131866305000000,2131866230000000,2131866380000000,75000000,40.8,38.8,40.7,39.4,1,ok,,LOAD
2131867349999999,2131867279999999,2131867420000000,70000000,40.7,38.8,40.6,39.3,1,ok,,LOAD
2131868300000000,2131868250000000,2131868350000000,50000000,40.7,38.8,40.6,39.3,1,ok,,LOAD
2131869259999999,2131869200000000,2131869319999999,59999999,40.8,38.8,41.2,39.3,1,ok,,LOAD
2131870334999999,2131870259999999,2131870410000000,75000000,40.8,38.8,41.2,39.3,1,ok,,LOAD
2131871334999999,2131871259999999,2131871410000000,75000000,41.0,38.8,41.2,39.3,1,ok,,LOAD
2131872344999999,2131872279999999,2131872410000000,65000000,41.0,38.8,41.2,39.3,1,ok,,LOAD
2131873335000000,2131873270000000,2131873400000000,65000000,40.8,38.7,40.9,39.3,1,ok,,LOAD
2131874380000000,2131874310000000,2131874450000000,70000000,40.8,38.7,40.9,39.3,1,ok,,LOAD
2131875279999999,2131875220000000,2131875339999999,59999999,40.8,38.7,40.8,39.3,1,ok,,LOAD
2131876299999999,2131876240000000,2131876359999999,59999999,40.8,38.7,40.8,39.3,1,ok,,LOAD
2131877340000000,2131877270000000,2131877410000000,70000000,40.7,38.7,40.5,39.3,1,ok,,LOAD
2131878339999999,2131878279999999,2131878400000000,60000000,40.7,38.7,40.5,39.3,1,ok,,LOAD
2131879444999999,2131879380000000,2131879509999999,64999999,40.9,38.7,41.4,39.3,1,ok,,LOAD
2131880299999999,2131880240000000,2131880359999999,59999999,40.9,38.7,41.4,39.3,1,ok,,LOAD
2131881320000000,2131881250000000,2131881390000000,70000000,40.9,38.7,41.1,39.3,1,ok,,LOAD
2131882344999999,2131882279999999,2131882410000000,65000000,40.9,38.7,41.1,39.3,1,ok,,LOAD
2131883305000000,2131883220000000,2131883390000000,85000000,40.8,38.6,40.4,39.0,1,ok,,LOAD
2131884345000000,2131884210000000,2131884480000000,135000000,40.8,38.6,40.4,39.0,1,ok,,LOAD
2131885389999999,2131885210000000,2131885569999999,179999999,41.1,38.6,40.8,39.2,1,ok,,LOAD
2131886379999999,2131886250000000,2131886509999999,129999999,41.1,38.6,40.8,39.2,1,ok,,LOAD
2131887300000000,2131887230000000,2131887370000000,70000000,41.0,38.6,40.6,39.1,1,ok,,LOAD
2131888274999999,2131888210000000,2131888339999999,64999999,41.0,38.6,40.6,39.1,1,ok,,LOAD
2131889415000000,2131889350000000,2131889480000000,65000000,41.2,38.6,41.6,39.3,1,ok,,LOAD
2131890364999999,2131890299999999,2131890430000000,65000000,41.2,38.6,41.6,39.3,1,ok,,LOAD
2131891394999999,2131891319999999,2131891470000000,75000000,41.1,38.6,41.4,39.3,1,ok,,LOAD
2131892389999999,2131892319999999,2131892460000000,70000000,41.1,38.6,41.4,39.3,1,ok,,LOAD
2131893330000000,2131893270000000,2131893390000000,60000000,40.9,38.6,40.9,39.3,1,ok,,LOAD
2131894420000000,2131894370000000,2131894470000000,50000000,40.9,38.6,40.9,39.3,1,ok,,LOAD
2131895345000000,2131895290000000,2131895400000000,55000000,40.7,38.6,40.7,39.2,1,ok,,LOAD
2131896404999999,2131896339999999,2131896470000000,65000000,40.7,38.6,40.7,39.2,1,ok,,LOAD
2131897404999999,2131897339999999,2131897470000000,65000000,40.6,38.6,40.5,39.1,1,ok,,LOAD
2131898430000000,2131898380000000,2131898480000000,50000000,40.6,38.6,40.5,39.1,1,ok,,LOAD
2131899475000000,2131899410000000,2131899540000000,65000000,40.7,38.5,41.2,39.1,1,ok,,LOAD
2131900344999999,2131900279999999,2131900410000000,65000000,40.7,38.5,41.2,39.1,1,ok,,LOAD
2131901439999999,2131901370000000,2131901509999999,69999999,40.9,38.5,41.2,39.3,1,ok,,LOAD
2131902444999999,2131902380000000,2131902509999999,64999999,40.9,38.5,41.2,39.3,1,ok,,LOAD
2131903455000000,2131903390000000,2131903520000000,65000000,40.7,38.5,40.7,39.1,1,ok,,LOAD
2131904470000000,2131904400000000,2131904540000000,70000000,40.7,38.5,40.7,39.1,1,ok,,LOAD
2131905504999999,2131905440000000,2131905569999999,64999999,40.6,38.5,40.5,39.1,1,ok,,LOAD
2131906435000000,2131906370000000,2131906500000000,65000000,40.6,38.5,40.5,39.1,1,ok,,LOAD
2131907435000000,2131907370000000,2131907500000000,65000000,40.5,38.5,40.6,39.2,1,ok,,LOAD
2131908480000000,2131908420000000,2131908540000000,60000000,40.5,38.5,40.6,39.2,1,ok,,LOAD
2131909490000000,2131909420000000,2131909560000000,70000000,40.7,38.4,41.1,39.0,1,ok,,LOAD
2131910550000000,2131910480000000,2131910620000000,70000000,40.7,38.4,41.1,39.0,1,ok,,LOAD
2131911560000000,2131911490000000,2131911630000000,70000000,40.6,38.4,40.7,39.1,1,ok,,LOAD
2131912580000000,2131912520000000,2131912640000000,60000000,40.6,38.4,40.7,39.1,1,ok,,LOAD
2131913509999999,2131913450000000,2131913569999999,59999999,40.4,38.4,40.4,39.0,1,ok,,LOAD
2131914515000000,2131914450000000,2131914580000000,65000000,40.4,38.4,40.4,39.0,1,ok,,LOAD
2131915464999999,2131915400000000,2131915529999999,64999999,40.4,38.4,40.3,39.0,1,ok,,LOAD
2131916565000000,2131916500000000,2131916630000000,65000000,40.4,38.4,40.3,39.0,1,ok,,LOAD
2131917564999999,2131917509999999,2131917620000000,55000000,40.2,38.3,40.2,38.8,1,ok,,LOAD
2131918599999999,2131918529999999,2131918670000000,70000000,40.2,38.3,40.2,38.8,1,ok,,LOAD
2131919555000000,2131919490000000,2131919620000000,65000000,40.4,38.3,40.9,38.9,1,ok,,LOAD
2131920555000000,2131920480000000,2131920630000000,75000000,40.4,38.3,40.9,38.9,1,ok,,LOAD
2131921565000000,2131921500000000,2131921630000000,65000000,40.4,38.3,40.5,38.9,1,ok,,LOAD
2131922614999999,2131922529999999,2131922700000000,85000000,40.4,38.3,40.5,38.9,1,ok,,LOAD
2131923530000000,2131923460000000,2131923600000000,70000000,40.2,38.3,40.2,38.9,1,ok,,LOAD
2131924535000000,2131924470000000,2131924600000000,65000000,40.2,38.3,40.2,38.9,1,ok,,LOAD
2131925579999999,2131925509999999,2131925650000000,70000000,40.2,38.3,40.3,38.9,1,ok,,LOAD
2131926570000000,2131926500000000,2131926640000000,70000000,40.2,38.3,40.3,38.9,1,ok,,LOAD
2131927575000000,2131927520000000,2131927630000000,55000000,40.1,38.3,40.2,38.9,1,ok,,LOAD
2131928575000000,2131928500000000,2131928650000000,75000000,40.1,38.3,40.2,38.9,1,ok,,LOAD
2131929560000000,2131929500000000,2131929620000000,60000000,40.3,38.2,41.0,38.9,1,ok,,LOAD
2131930590000000,2131930520000000,2131930660000000,70000000,40.3,38.2,41.0,38.9,1,ok,,LOAD
2131931599999999,2131931529999999,2131931670000000,70000000,40.3,38.2,40.6,38.9,1,ok,,LOAD
2131932529999999,2131932470000000,2131932589999999,59999999,40.3,38.2,40.6,38.9,1,ok,,LOAD
2131933535000000,2131933470000000,2131933600000000,65000000,40.3,38.2,40.3,38.8,1,ok,,LOAD
2131934560000000,2131934490000000,2131934630000000,70000000,40.3,38.2,40.3,38.8,1,ok,,LOAD
2131935604999999,2131935529999999,2131935680000000,75000000,40.3,38.2,40.4,38.8,1,ok,,LOAD
2131936594999999,2131936529999999,2131936660000000,65000000,40.3,38.2,40.4,38.8,1,ok,,LOAD
2131937555000000,2131937480000000,2131937630000000,75000000,40.2,38.2,40.3,38.8,1,ok,,LOAD
2131938565000000,2131938500000000,2131938630000000,65000000,40.2,38.2,40.3,38.8,1,ok,,LOAD
2131939605000000,2131939540000000,2131939670000000,65000000,40.4,38.2,40.9,38.9,1,ok,,LOAD
2131940594999999,2131940529999999,2131940660000000,65000000,40.4,38.2,40.9,38.9,1,ok,,LOAD
2131941599999999,2131941529999999,2131941670000000,70000000,40.2,38.1,40.4,38.8,1,ok,,LOAD
2131942575000000,2131942520000000,2131942630000000,55000000,40.2,38.1,40.4,38.8,1,ok,,LOAD
2131943585000000,2131943520000000,2131943650000000,65000000,40.1,38.1,40.1,38.8,1,ok,,LOAD
2131944604999999,2131944529999999,2131944680000000,75000000,40.1,38.1,40.1,38.8,1,ok,,LOAD
2131945604999999,2131945529999999,2131945680000000,75000000,40.0,38.1,40.0,38.7,1,ok,,LOAD
2131946629999999,2131946549999999,2131946710000000,80000000,40.0,38.1,40.0,38.7,1,ok,,LOAD
2131947584999999,2131947529999999,2131947640000000,55000000,39.9,38.1,39.9,38.7,1,ok,,LOAD
2131948625000000,2131948560000000,2131948690000000,65000000,39.9,38.1,39.9,38.7,1,ok,,LOAD
2131949634999999,2131949569999999,2131949700000000,65000000,40.1,38.0,40.7,38.6,1,ok,,LOAD
2131950625000000,2131950560000000,2131950690000000,65000000,40.1,38.0,40.7,38.6,1,ok,,LOAD
2131951644999999,2131951569999999,2131951720000000,75000000,40.1,38.0,40.4,38.7,1,ok,,LOAD
2131952644999999,2131952569999999,2131952720000000,75000000,40.1,38.0,40.4,38.7,1,ok,,LOAD
2131953634999999,2131953569999999,2131953700000000,65000000,40.0,38.0,40.2,38.7,1,ok,,LOAD
2131954625000000,2131954560000000,2131954690000000,65000000,40.0,38.0,40.2,38.7,1,ok,,LOAD
2131955669999999,2131955589999999,2131955750000000,80000000,40.0,38.0,40.1,38.7,1,ok,,LOAD
2131956649999999,2131956589999999,2131956710000000,60000000,40.0,38.0,40.1,38.7,1,ok,,LOAD
2131957620000000,2131957560000000,2131957680000000,60000000,39.9,38.0,40.0,38.6,1,ok,,LOAD
2131958645000000,2131958580000000,2131958710000000,65000000,39.9,38.0,40.0,38.6,1,ok,,LOAD
2131959664999999,2131959589999999,2131959740000000,75000000,40.1,38.0,40.8,38.7,1,ok,,LOAD
2131960670000000,2131960600000000,2131960740000000,70000000,40.1,38.0,40.8,38.7,1,ok,,LOAD
2131961665000000,2131961600000000,2131961730000000,65000000,40.1,37.9,40.2,38.7,1,ok,,LOAD
2131962684999999,2131962609999999,2131962759999999,75000000,40.1,37.9,40.2,38.7,1,ok,,LOAD
2131963669999999,2131963609999999,2131963730000000,60000000,40.0,38.0,40.2,38.7,1,ok,,LOAD
2131964690000000,2131964630000000,2131964750000000,60000000,40.0,38.0,40.2,38.7,1,ok,,LOAD
2131965674999999,2131965609999999,2131965740000000,65000000,40.0,38.0,40.1,38.6,1,ok,,LOAD
2131966679999999,2131966609999999,2131966750000000,70000000,40.0,38.0,40.1,38.6,1,ok,,LOAD
2131967690000000,2131967630000000,2131967750000000,60000000,39.9,37.9,40.0,38.6,1,ok,,LOAD
2131968694999999,2131968630000000,2131968759999999,64999999,39.9,37.9,40.0,38.6,1,ok,,LOAD
2131969695000000,2131969640000000,2131969750000000,55000000,40.1,37.9,40.8,38.6,1,ok,,LOAD
2131970700000000,2131970630000000,2131970770000000,70000000,40.1,37.9,40.8,38.6,1,ok,,LOAD
2131971700000000,2131971630000000,2131971770000000,70000000,40.0,37.9,40.4,38.6,1,ok,,LOAD
2131972709999999,2131972640000000,2131972779999999,69999999,40.0,37.9,40.4,38.6,1,ok,,LOAD
2131973724999999,2131973650000000,2131973799999999,74999999,40.0,37.9,40.1,38.6,1,ok,,LOAD
2131974714999999,2131974650000000,2131974779999999,64999999,40.0,37.9,40.1,38.6,1,ok,,LOAD
2131975735000000,2131975660000000,2131975810000000,75000000,39.9,37.9,40.0,38.6,1,ok,,LOAD
2131976725000000,2131976660000000,2131976790000000,65000000,39.9,37.9,40.0,38.6,1,ok,,LOAD
2131977730000000,2131977670000000,2131977790000000,60000000,39.9,37.8,39.9,38.5,1,ok,,LOAD
2131978749999999,2131978680000000,2131978819999999,69999999,39.9,37.8,39.9,38.5,1,ok,,LOAD
2131979759999999,2131979680000000,2131979839999999,79999999,40.0,37.9,40.7,38.6,1,ok,,LOAD
2131980750000000,2131980690000000,2131980810000000,60000000,40.0,37.9,40.7,38.6,1,ok,,LOAD
2131981759999999,2131981700000000,2131981819999999,59999999,40.0,37.8,40.2,38.5,1,ok,,LOAD
2131982770000000,2131982710000000,2131982830000000,60000000,40.0,37.8,40.2,38.5,1,ok,,LOAD
2131983780000000,2131983710000000,2131983850000000,70000000,39.9,37.8,40.0,38.5,1,ok,,LOAD
2131984850000000,2131984790000000,2131984910000000,60000000,39.9,37.8,40.0,38.5,1,ok,,LOAD
2131985894999999,2131985819999999,2131985970000000,75000000,39.9,37.8,39.9,38.5,1,ok,,LOAD
2131986904999999,2131986839999999,2131986970000000,65000000,39.9,37.8,39.9,38.5,1,ok,,LOAD
2131987910000000,2131987850000000,2131987970000000,60000000,39.8,37.8,39.9,38.5,1,ok,,LOAD
2131988959999999,2131988890000000,2131989029999999,69999999,39.8,37.8,39.9,38.5,1,ok,,LOAD
2131989869999999,2131989799999999,2131989940000000,70000000,39.9,37.8,40.5,38.4,1,ok,,LOAD
2131990889999999,2131990819999999,2131990960000000,70000000,39.9,37.8,40.5,38.4,1,ok,,LOAD
2131991929999999,2131991850000000,2131992009999999,79999999,39.9,37.8,39.9,38.5,1,ok,,LOAD
2131992950000000,2131992880000000,2131993020000000,70000000,39.9,37.8,39.9,38.5,1,ok,,LOAD
2131993964999999,2131993900000000,2131994029999999,64999999,39.8,37.8,39.8,38.5,1,ok,,LOAD
2131994880000000,2131994810000000,2131994950000000,70000000,39.8,37.8,39.8,38.5,1,ok,,LOAD
2131995910000000,2131995850000000,2131995970000000,60000000,39.5,37.7,39.4,38.4,1,ok,,LOAD
2131996864999999,2131996799999999,2131996930000000,65000000,39.5,37.7,39.4,38.4,1,ok,,LOAD
2131997940000000,2131997880000000,2131998000000000,60000000,39.5,37.7,39.4,38.4,1,ok,,LOAD
2131998990000000,2131998920000000,2131999060000000,70000000,39.5,37.7,39.4,38.4,1,ok,,LOAD
2131999904999999,2131999839999999,2131999970000000,65000000,39.8,37.7,40.3,38.4,1,ok,,LOAD
2132000924999999,2132000859999999,2132000990000000,65000000,39.8,37.7,40.3,38.4,1,ok,,LOAD
2132001950000000,2132001880000000,2132002020000000,70000000,39.8,37.7,40.0,38.4,1,ok,,LOAD
2132002975000000,2132002910000000,2132003040000000,65000000,39.8,37.7,40.0,38.4,1,ok,,LOAD
2132003995000000,2132003930000000,2132004060000000,65000000,39.6,37.7,39.8,38.4,1,ok,,LOAD
2132005029999999,2132004950000000,2132005109999999,79999999,39.6,37.7,39.8,38.4,1,ok,,LOAD
2132006044999999,2132005980000000,2132006109999999,64999999,40.2,37.6,39.3,38.3,1,ok,,LOAD
2132006975000000,2132006910000000,2132007040000000,65000000,40.2,37.6,39.3,38.3,1,ok,,LOAD
2132007984999999,2132007920000000,2132008049999999,64999999,40.0,37.6,40.1,38.4,1,ok,,LOAD
2132009019999999,2132008950000000,2132009089999999,69999999,40.0,37.6,40.1,38.4,1,ok,,LOAD
2132010044999999,2132009980000000,2132010109999999,64999999,40.1,37.6,40.8,38.4,1,ok,,LOAD
2132011065000000,2132011000000000,2132011130000000,65000000,40.1,37.6,40.8,38.4,1,ok,,LOAD
2132011990000000,2132011920000000,2132012060000000,70000000,40.0,37.6,40.2,38.4,1,ok,,LOAD
2132013019999999,2132012950000000,2132013089999999,69999999,40.0,37.6,40.2,38.4,1,ok,,LOAD
2132014035000000,2132013970000000,2132014100000000,65000000,39.8,37.6,40.1,38.4,1,ok,,LOAD
2132015060000000,2132015000000000,2132015120000000,60000000,39.8,37.6,40.1,38.4,1,ok,,LOAD
2132016069999999,2132016009999999,2132016130000000,60000000,39.8,37.6,39.8,38.4,1,ok,,LOAD
2132017110000000,2132017040000000,2132017180000000,70000000,39.8,37.6,39.8,38.4,1,ok,,LOAD
2132018020000000,2132017960000000,2132018080000000,60000000,39.6,37.6,39.8,38.4,1,ok,,LOAD
2132019044999999,2132018980000000,2132019109999999,64999999,39.6,37.6,39.8,38.4,1,ok,,LOAD
2132020079999999,2132020009999999,2132020150000000,70000000,39.9,37.6,40.4,38.3,1,ok,,LOAD
2132021159999999,2132021040000000,2132021279999999,119999999,39.9,37.6,40.4,38.3,1,ok,,LOAD
2132022129999999,2132022009999999,2132022250000000,120000000,39.8,37.6,39.9,38.4,1,ok,,LOAD
2132023189999999,2132023080000000,2132023299999999,109999999,39.8,37.6,39.9,38.4,1,ok,,LOAD
2132024134999999,2132024009999999,2132024259999999,125000000,39.7,37.6,39.8,38.3,1,ok,,LOAD
2132025099999999,2132025029999999,2132025170000000,70000000,39.7,37.6,39.8,38.3,1,ok,,LOAD
2132026060000000,2132025990000000,2132026130000000,70000000,39.6,37.5,39.5,38.3,1,ok,,LOAD
2132027150000000,2132027080000000,2132027220000000,70000000,39.6,37.5,39.5,38.3,1,ok,,LOAD
2132028149999999,2132028089999999,2132028210000000,60000000,39.6,37.5,39.5,38.2,1,ok,,LOAD
2132029220000000,2132029150000000,2132029290000000,70000000,39.6,37.5,39.5,38.2,1,ok,,LOAD
2132030119999999,2132030049999999,2132030190000000,70000000,39.8,37.5,40.3,38.3,1,ok,,LOAD
2132031129999999,2132031069999999,2132031190000000,60000000,39.8,37.5,40.3,38.3,1,ok,,LOAD
2132032140000000,2132032080000000,2132032200000000,60000000,39.6,37.5,39.5,38.3,1,ok,,LOAD
2132033185000000,2132033120000000,2132033250000000,65000000,39.6,37.5,39.5,38.3,1,ok,,LOAD
2132034209999999,2132034140000000,2132034279999999,69999999,39.6,37.5,39.7,38.2,1,ok,,LOAD
2132035139999999,2132035069999999,2132035210000000,70000000,39.6,37.5,39.7,38.2,1,ok,,LOAD
2132036135000000,2132036060000000,2132036210000000,75000000,39.5,37.5,39.4,38.2,1,ok,,LOAD
2132037120000000,2132037060000000,2132037180000000,60000000,39.5,37.5,39.4,38.2,1,ok,,LOAD
2132038209999999,2132038120000000,2132038299999999,89999999,39.4,37.5,39.4,38.2,1,ok,,LOAD
2132039260000000,2132039190000000,2132039330000000,70000000,39.4,37.5,39.4,38.2,1,ok,,LOAD
2132040284999999,2132040210000000,2132040359999999,74999999,39.7,37.4,40.2,38.2,1,ok,,LOAD
2132041174999999,2132041109999999,2132041240000000,65000000,39.7,37.4,40.2,38.2,1,ok,,LOAD
2132042194999999,2132042130000000,2132042259999999,64999999,39.5,37.4,39.7,38.2,1,ok,,LOAD
2132043249999999,2132043160000000,2132043339999999,89999999,39.5,37.4,39.7,38.2,1,ok,,LOAD
2132044260000000,2132044170000000,2132044350000000,90000000,39.4,37.4,39.4,38.2,1,ok,,LOAD
2132045310000000,2132045240000000,2132045380000000,70000000,39.4,37.4,39.4,38.2,1,ok,,LOAD
2132046194999999,2132046130000000,2132046259999999,64999999,39.3,37.4,39.2,38.1,1,ok,,LOAD
2132047214999999,2132047150000000,2132047279999999,64999999,39.3,37.4,39.2,38.1,1,ok,,LOAD
2132048229999999,2132048160000000,2132048299999999,69999999,39.2,37.3,39.1,38.1,1,ok,,LOAD
2132049269999999,2132049200000000,2132049339999999,69999999,39.2,37.3,39.1,38.1,1,ok,,LOAD
2132050320000000,2132050250000000,2132050390000000,70000000,39.4,37.4,39.8,38.2,1,ok,,LOAD
2132051340000000,2132051270000000,2132051410000000,70000000,39.4,37.4,39.8,38.2,1,ok,,LOAD
2132052230000000,2132052170000000,2132052290000000,60000000,39.3,37.3,39.5,38.0,1,ok,,LOAD
2132053294999999,2132053230000000,2132053359999999,64999999,39.3,37.3,39.5,38.0,1,ok,,LOAD
2132054280000000,2132054210000000,2132054350000000,70000000,39.3,37.3,39.5,38.1,1,ok,,LOAD
2132055315000000,2132055240000000,2132055390000000,75000000,39.3,37.3,39.5,38.1,1,ok,,LOAD
2132056369999999,2132056299999999,2132056440000000,70000000,39.2,37.3,39.3,38.1,1,ok,,LOAD
2132057280000000,2132057210000000,2132057350000000,70000000,39.2,37.3,39.3,38.1,1,ok,,LOAD
2132058284999999,2132058230000000,2132058339999999,54999999,39.2,37.3,39.3,38.1,1,ok,,LOAD
2132059319999999,2132059259999999,2132059380000000,60000000,39.2,37.3,39.3,38.1,1,ok,,LOAD
2132060360000000,2132060290000000,2132060430000000,70000000,39.4,37.3,40.0,38.1,1,ok,,LOAD
2132061344999999,2132061279999999,2132061410000000,65000000,39.4,37.3,40.0,38.1,1,ok,,LOAD
2132062395000000,2132062330000000,2132062460000000,65000000,39.3,37.3,39.5,38.1,1,ok,,LOAD
2132063289999999,2132063220000000,2132063359999999,69999999,39.3,37.3,39.5,38.1,1,ok,,LOAD
2132064320000000,2132064250000000,2132064390000000,70000000,39.2,37.3,39.3,38.1,1,ok,,LOAD
2132065335000000,2132065270000000,2132065400000000,65000000,39.2,37.3,39.3,38.1,1,ok,,LOAD
2132066365000000,2132066290000000,2132066440000000,75000000,39.2,37.3,39.2,38.1,1,ok,,LOAD
2132067375000000,2132067310000000,2132067440000000,65000000,39.2,37.3,39.2,38.1,1,ok,,LOAD
2132068330000000,2132068270000000,2132068390000000,60000000,39.2,37.3,39.2,38.1,1,ok,,LOAD
2132069285000000,2132069220000000,2132069350000000,65000000,39.2,37.3,39.2,38.1,1,ok,,LOAD
2132070360000000,2132070290000000,2132070430000000,70000000,39.3,37.2,39.9,38.1,1,ok,,LOAD
2132071410000000,2132071350000000,2132071470000000,60000000,39.3,37.2,39.9,38.1,1,ok,,LOAD
2132072454999999,2132072380000000,2132072529999999,74999999,39.2,37.2,39.4,38.1,1,ok,,LOAD
2132073329999999,2132073259999999,2132073400000000,70000000,39.2,37.2,39.4,38.1,1,ok,,LOAD
2132074315000000,2132074250000000,2132074380000000,65000000,39.1,37.2,39.3,38.1,1,ok,,LOAD
2132075409999999,2132075339999999,2132075480000000,70000000,39.1,37.2,39.3,38.1,1,ok,,LOAD
2132076394999999,2132076319999999,2132076470000000,75000000,39.0,37.2,39.1,38.0,1,ok,,LOAD
2132077419999999,2132077359999999,2132077480000000,60000000,39.0,37.2,39.1,38.0,1,ok,,LOAD
2132078354999999,2132078299999999,2132078410000000,55000000,39.0,37.2,39.0,38.0,1,ok,,LOAD
2132079404999999,2132079339999999,2132079470000000,65000000,39.0,37.2,39.0,38.0,1,ok,,LOAD
2132080389999999,2132080319999999,2132080460000000,70000000,39.2,37.1,39.8,38.0,1,ok,,LOAD
2132081440000000,2132081380000000,2132081500000000,60000000,39.2,37.1,39.8,38.0,1,ok,,LOAD
2132082450000000,2132082380000000,2132082520000000,70000000,39.1,37.1,39.3,38.0,1,ok,,LOAD
2132083505000000,2132083430000000,2132083580000000,75000000,39.1,37.1,39.3,38.0,1,ok,,LOAD
2132084395000000,2132084330000000,2132084460000000,65000000,39.0,37.1,39.1,37.9,0,ok,,LOAD
2132085410000000,2132085350000000,2132085470000000,60000000,39.0,37.1,39.1,37.9,0,ok,,LOAD
2132086439999999,2132086370000000,2132086509999999,69999999,38.9,37.1,39.0,37.9,0,ok,,LOAD
2132087440000000,2132087380000000,2132087500000000,60000000,38.9,37.1,39.0,37.9,0,ok,,LOAD
2132088400000000,2132088330000000,2132088470000000,70000000,39.1,37.1,39.1,37.9,0,ok,,LOAD
2132089404999999,2132089339999999,2132089470000000,65000000,39.1,37.1,39.1,37.9,0,ok,,LOAD
2132090444999999,2132090380000000,2132090509999999,64999999,39.3,37.1,39.9,38.0,0,ok,,LOAD
2132091480000000,2132091420000000,2132091540000000,60000000,39.3,37.1,39.9,38.0,0,ok,,LOAD
2132092475000000,2132092410000000,2132092540000000,65000000,39.2,37.0,39.4,38.0,0,ok,,LOAD
2132093434999999,2132093359999999,2132093509999999,75000000,39.2,37.0,39.4,38.0,0,ok,,LOAD
2132094429999999,2132094359999999,2132094500000000,70000000,39.1,37.1,39.2,38.0,0,ok,,LOAD
2132095464999999,2132095400000000,2132095529999999,64999999,39.1,37.1,39.2,38.0,0,ok,,LOAD
2132096499999999,2132096430000000,2132096569999999,69999999,39.0,37.1,39.1,37.9,0,ok,,LOAD
2132097400000000,2132097330000000,2132097470000000,70000000,39.0,37.1,39.1,37.9,0,ok,,LOAD
2132098509999999,2132098450000000,2132098569999999,59999999,39.0,37.0,39.0,37.8,0,ok,,LOAD
2132099474999999,2132099400000000,2132099549999999,74999999,39.0,37.0,39.0,37.8,0,ok,,LOAD
2132100499999999,2132100430000000,2132100569999999,69999999,39.2,37.0,39.8,37.9,0,ok,,LOAD
2132101484999999,2132101420000000,2132101549999999,64999999,39.2,37.0,39.8,37.9,0,ok,,LOAD
2132102539999999,2132102470000000,2132102609999999,69999999,39.2,37.0,39.2,37.9,0,ok,,LOAD
2132103540000000,2132103480000000,2132103600000000,60000000,39.2,37.0,39.2,37.9,0,ok,,LOAD
2132104580000000,2132104520000000,2132104640000000,60000000,39.0,37.0,39.2,37.9,0,ok,,LOAD
2132105459999999,2132105390000000,2132105529999999,69999999,39.0,37.0,39.2,37.9,0,ok,,LOAD
2132106504999999,2132106440000000,2132106569999999,64999999,38.9,37.0,38.9,37.8,0,ok,,LOAD
2132107549999999,2132107490000000,2132107609999999,59999999,38.9,37.0,38.9,37.8,0,ok,,LOAD
2132108544999999,2132108480000000,2132108609999999,64999999,39.1,37.0,39.1,37.8,0,ok,,LOAD
2132109504999999,2132109440000000,2132109569999999,64999999,39.1,37.0,39.1,37.8,0,ok,,LOAD
2132110504999999,2132110440000000,2132110569999999,64999999,39.2,37.0,39.7,37.9,0,ok,,LOAD
2132111529999999,2132111470000000,2132111589999999,59999999,39.2,37.0,39.7,37.9,0,ok,,LOAD
2132112585000000,2132112520000000,2132112650000000,65000000,39.1,37.0,39.3,37.9,0,ok,,LOAD
2132113549999999,2132113490000000,2132113609999999,59999999,39.1,37.0,39.3,37.9,0,ok,,LOAD
2132114530000000,2132114460000000,2132114600000000,70000000,39.0,37.0,39.2,37.9,0,ok,,LOAD
2132115524999999,2132115460000000,2132115589999999,64999999,39.0,37.0,39.2,37.9,0,ok,,LOAD
2132116569999999,2132116509999999,2132116630000000,60000000,38.9,37.0,39.0,37.9,0,ok,,LOAD
2132117545000000,2132117490000000,2132117600000000,55000000,38.9,37.0,39.0,37.9,0,ok,,LOAD
2132118555000000,2132118490000000,2132118620000000,65000000,38.8,36.9,39.1,37.8,0,ok,,LOAD
2132119570000000,2132119490000000,2132119650000000,80000000,38.8,36.9,39.1,37.8,0,ok,,LOAD
2132120529999999,2132120470000000,2132120589999999,59999999,39.1,36.9,39.5,37.9,0,ok,,LOAD
2132121590000000,2132121520000000,2132121660000000,70000000,39.1,36.9,39.5,37.9,0,ok,,LOAD
2132122575000000,2132122500000000,2132122650000000,75000000,39.0,36.9,39.1,37.8,0,ok,,LOAD
2132123549999999,2132123490000000,2132123609999999,59999999,39.0,36.9,39.1,37.8,0,ok,,LOAD
2132124599999999,2132124529999999,2132124670000000,70000000,38.9,36.9,38.9,37.8,0,ok,,LOAD
2132125540000000,2132125480000000,2132125600000000,60000000,38.9,36.9,38.9,37.8,0,ok,,LOAD
2132126579999999,2132126509999999,2132126650000000,70000000,38.7,36.9,38.8,37.8,0,ok,,LOAD
2132127549999999,2132127490000000,2132127609999999,59999999,38.7,36.9,38.8,37.8,0,ok,,LOAD
2132128520000000,2132128460000000,2132128580000000,60000000,38.8,36.9,38.8,37.7,0,ok,,LOAD
2132129565000000,2132129500000000,2132129630000000,65000000,38.8,36.9,38.8,37.7,0,ok,,LOAD
2132130570000000,2132130500000000,2132130640000000,70000000,39.0,36.9,39.4,37.8,0,ok,,LOAD
2132131560000000,2132131500000000,2132131620000000,60000000,39.0,36.9,39.4,37.8,0,ok,,LOAD
2132132570000000,2132132500000000,2132132640000000,70000000,38.9,36.9,39.0,37.8,0,ok,,LOAD
2132133599999999,2132133529999999,2132133670000000,70000000,38.9,36.9,39.0,37.8,0,ok,,LOAD
2132134565000000,2132134500000000,2132134630000000,65000000,38.8,36.9,38.7,37.7,0,ok,,LOAD
2132135579999999,2132135509999999,2132135650000000,70000000,38.8,36.9,38.7,37.7,0,ok,,LOAD
2132136589999999,2132136529999999,2132136650000000,60000000,38.7,36.8,38.7,37.7,0,ok,,LOAD
2132137580000000,2132137520000000,2132137640000000,60000000,38.7,36.8,38.7,37.7,0,ok,,LOAD
2132138579999999,2132138509999999,2132138650000000,70000000,38.7,36.8,38.7,37.6,0,ok,,LOAD
2132139580000000,2132139520000000,2132139640000000,60000000,38.7,36.8,38.7,37.6,0,ok,,LOAD
2132140594999999,2132140529999999,2132140660000000,65000000,38.9,36.8,39.3,37.7,0,ok,,LOAD
2132141580000000,2132141520000000,2132141640000000,60000000,38.9,36.8,39.3,37.7,0,ok,,LOAD
2132142575000000,2132142520000000,2132142630000000,55000000,38.9,36.8,39.0,37.7,0,ok,,LOAD
2132143594999999,2132143529999999,2132143660000000,65000000,38.9,36.8,39.0,37.7,0,ok,,LOAD
2132144619999999,2132144549999999,2132144690000000,70000000,38.8,36.8,38.9,37.7,0,ok,,LOAD
2132145614999999,2132145549999999,2132145680000000,65000000,38.8,36.8,38.9,37.7,0,ok,,LOAD
2132146609999999,2132146549999999,2132146670000000,60000000,38.7,36.8,38.8,37.6,0,ok,,LOAD
2132147615000000,2132147560000000,2132147670000000,55000000,38.7,36.8,38.8,37.6,0,ok,,LOAD
2132148639999999,2132148569999999,2132148710000000,70000000,38.7,36.8,39.1,37.6,0,ok,,LOAD
2132149669999999,2132149560000000,2132149779999999,109999999,38.7,36.8,39.1,37.6,0,ok,,LOAD
2132150649999999,2132150569999999,2132150730000000,80000000,38.9,36.8,39.3,37.7,0,ok,,LOAD
2132151684999999,2132151609999999,2132151759999999,75000000,38.9,36.8,39.3,37.7,0,ok,,LOAD
2132152654999999,2132152589999999,2132152720000000,65000000,38.9,36.7,39.0,37.7,0,ok,,LOAD
2132153645000000,2132153580000000,2132153710000000,65000000,38.9,36.7,39.0,37.7,0,ok,,LOAD
2132154670000000,2132154600000000,2132154740000000,70000000,38.8,36.7,38.9,37.7,0,ok,,LOAD
2132155649999999,2132155589999999,2132155710000000,60000000,38.8,36.7,38.9,37.7,0,ok,,LOAD
2132156679999999,2132156609999999,2132156750000000,70000000,38.7,36.8,38.8,37.6,0,ok,,LOAD
2132157669999999,2132157609999999,2132157730000000,60000000,38.7,36.8,38.8,37.6,0,ok,,LOAD
2132158669999999,2132158609999999,2132158730000000,60000000,38.8,36.7,39.0,37.6,0,ok,,LOAD
2132159690000000,2132159630000000,2132159750000000,60000000,38.8,36.7,39.0,37.6,0,ok,,LOAD
2132160690000000,2132160630000000,2132160750000000,60000000,38.9,36.7,39.2,37.7,0,ok,,LOAD
2132161720000000,2132161650000000,2132161790000000,70000000,38.9,36.7,39.2,37.7,0,ok,,LOAD
2132162720000000,2132162650000000,2132162790000000,70000000,38.9,36.7,39.0,37.7,0,ok,,LOAD
2132163725000000,2132163660000000,2132163790000000,65000000,38.9,36.7,39.0,37.7,0,ok,,LOAD
2132164725000000,2132164660000000,2132164790000000,65000000,38.8,36.6,38.9,37.6,0,ok,,LOAD
2132165745000000,2132165680000000,2132165810000000,65000000,38.8,36.6,38.9,37.6,0,ok,,LOAD
2132166755000000,2132166680000000,2132166830000000,75000000,38.7,36.6,38.8,37.6,0,ok,,LOAD
2132167739999999,2132167680000000,2132167799999999,59999999,38.7,36.6,38.8,37.6,0,ok,,LOAD
2132168760000000,2132168690000000,2132168830000000,70000000,38.7,36.6,39.0,37.5,0,ok,,LOAD
2132169774999999,2132169710000000,2132169839999999,64999999,38.7,36.6,39.0,37.5,0,ok,,LOAD
2132170789999999,2132170720000000,2132170859999999,69999999,38.8,36.5,39.1,37.6,0,ok,,LOAD
2132171824999999,2132171759999999,2132171890000000,65000000,38.8,36.5,39.1,37.6,0,ok,,LOAD
2132172844999999,2132172779999999,2132172910000000,65000000,38.7,36.5,38.8,37.6,0,ok,,LOAD
2132173889999999,2132173819999999,2132173960000000,70000000,38.7,36.5,38.8,37.6,0,ok,,LOAD
2132174929999999,2132174850000000,2132175009999999,79999999,38.6,36.5,38.6,37.5,0,ok,,LOAD
2132175840000000,2132175770000000,2132175910000000,70000000,38.6,36.5,38.6,37.5,0,ok,,LOAD
2132176860000000,2132176790000000,2132176930000000,70000000,38.6,36.5,38.6,37.5,0,ok,,LOAD
2132177864999999,2132177799999999,2132177930000000,65000000,38.6,36.5,38.6,37.5,0,ok,,LOAD
2132178895000000,2132178830000000,2132178960000000,65000000,38.7,36.5,39.0,37.5,0,ok,,LOAD
2132179939999999,2132179859999999,2132180020000000,80000000,38.7,36.5,39.0,37.5,0,ok,,LOAD
2132180864999999,2132180799999999,2132180930000000,65000000,38.8,36.5,39.1,37.5,0,ok,,LOAD
2132181889999999,2132181819999999,2132181960000000,70000000,38.8,36.5,39.1,37.5,0,ok,,LOAD
2132182900000000,2132182830000000,2132182970000000,70000000,38.7,36.5,38.8,37.5,0,ok,,LOAD
2132183905000000,2132183850000000,2132183960000000,55000000,38.7,36.5,38.8,37.5,0,ok,,LOAD
2132184959999999,2132184890000000,2132185029999999,69999999,38.6,36.5,38.6,37.5,0,ok,,LOAD
2132185979999999,2132185910000000,2132186049999999,69999999,38.6,36.5,38.6,37.5,0,ok,,LOAD
2132186989999999,2132186930000000,2132187049999999,59999999,38.6,36.5,38.6,37.5,0,ok,,LOAD
2132187904999999,2132187839999999,2132187970000000,65000000,38.6,36.5,38.6,37.5,0,ok,,LOAD
2132188940000000,2132188880000000,2132189000000000,60000000,38.6,36.4,38.6,37.4,0,ok,,LOAD
2132189974999999,2132189900000000,2132190049999999,74999999,38.6,36.4,38.6,37.4,0,ok,,LOAD
2132190990000000,2132190920000000,2132191060000000,70000000,38.7,36.4,38.8,37.4,0,ok,,LOAD
2132191915000000,2132191850000000,2132191980000000,65000000,38.7,36.4,38.8,37.4,0,ok,,LOAD
2132192929999999,2132192859999999,2132193000000000,70000000,38.7,36.4,38.5,37.4,0,ok,,LOAD
2132193975000000,2132193890000000,2132194060000000,85000000,38.7,36.4,38.5,37.4,0,ok,,LOAD
2132194975000000,2132194910000000,2132195040000000,65000000,38.5,36.4,38.4,37.4,0,ok,,LOAD
2132196010000000,2132195940000000,2132196080000000,70000000,38.5,36.4,38.4,37.4,0,ok,,LOAD
2132196929999999,2132196859999999,2132197000000000,70000000,38.5,36.4,38.3,37.4,0,ok,,LOAD
2132197930000000,2132197870000000,2132197990000000,60000000,38.5,36.4,38.3,37.4,0,ok,,LOAD
2132198964999999,2132198900000000,2132199029999999,64999999,38.5,36.4,38.9,37.3,0,ok,,LOAD
2132199995000000,2132199930000000,2132200060000000,65000000,38.5,36.4,38.9,37.3,0,ok,,LOAD
2132200915000000,2132200850000000,2132200980000000,65000000,38.7,36.4,38.9,37.3,0,ok,,LOAD
2132201945000000,2132201870000000,2132202020000000,75000000,38.7,36.4,38.9,37.3,0,ok,,LOAD
2132202955000000,2132202890000000,2132203020000000,65000000,38.6,36.4,38.6,37.4,0,ok,,LOAD
2132203990000000,2132203920000000,2132204060000000,70000000,38.6,36.4,38.6,37.4,0,ok,,LOAD
2132205015000000,2132204950000000,2132205080000000,65000000,38.5,36.4,38.4,37.3,0,ok,,LOAD
2132205950000000,2132205880000000,2132206020000000,70000000,38.5,36.4,38.4,37.3,0,ok,,LOAD
2132206960000000,2132206900000000,2132207020000000,60000000,38.5,36.3,38.3,37.2,0,ok,,LOAD
2132207965000000,2132207910000000,2132208020000000,55000000,38.5,36.3,38.3,37.2,0,ok,,LOAD
2132209004999999,2132208940000000,2132209069999999,64999999,38.5,36.3,38.7,37.2,0,ok,,LOAD
2132210024999999,2132209960000000,2132210089999999,64999999,38.5,36.3,38.7,37.2,0,ok,,LOAD
2132210949999999,2132210890000000,2132211009999999,59999999,38.5,36.3,38.7,37.3,0,ok,,LOAD
2132211975000000,2132211910000000,2132212040000000,65000000,38.5,36.3,38.7,37.3,0,ok,,LOAD
2132213014999999,2132212940000000,2132213089999999,74999999,38.5,36.3,38.4,37.3,0,ok,,LOAD
2132214029999999,2132213970000000,2132214089999999,59999999,38.5,36.3,38.4,37.3,0,ok,,LOAD
2132215050000000,2132214980000000,2132215120000000,70000000,38.4,36.3,38.3,37.3,0,ok,,LOAD
2132216079999999,2132216009999999,2132216150000000,70000000,38.4,36.3,38.3,37.3,0,ok,,LOAD
2132217094999999,2132217029999999,2132217160000000,65000000,38.3,36.3,38.3,37.3,0,ok,,LOAD
2132218005000000,2132217950000000,2132218060000000,55000000,38.3,36.3,38.3,37.3,0,ok,,LOAD
2132219050000000,2132218980000000,2132219120000000,70000000,38.5,36.3,39.0,37.3,0,ok,,LOAD
2132220009999999,2132219950000000,2132220069999999,59999999,38.5,36.3,39.0,37.3,0,ok,,LOAD
2132221090000000,2132221020000000,2132221160000000,70000000,38.6,36.3,38.8,37.3,0,ok,,LOAD
2132222104999999,2132222029999999,2132222180000000,75000000,38.6,36.3,38.8,37.3,0,ok,,LOAD
2132223155000000,2132223080000000,2132223230000000,75000000,38.5,36.3,38.6,37.4,0,ok,,LOAD
2132224159999999,2132224089999999,2132224230000000,70000000,38.5,36.3,38.6,37.4,0,ok,,LOAD
2132225100000000,2132225020000000,2132225180000000,80000000,38.4,36.3,38.5,37.4,0,ok,,LOAD
2132226115000000,2132226040000000,2132226190000000,75000000,38.4,36.3,38.5,37.4,0,ok,,LOAD
2132227134999999,2132227069999999,2132227200000000,65000000,38.4,36.3,38.4,37.3,0,ok,,LOAD
2132228139999999,2132228089999999,2132228190000000,50000000,38.4,36.3,38.4,37.3,0,ok,,LOAD
2132229180000000,2132229120000000,2132229240000000,60000000,38.5,36.3,39.1,37.3,0,ok,,LOAD
2132230085000000,2132230020000000,2132230150000000,65000000,38.5,36.3,39.1,37.3,0,ok,,LOAD
2132231119999999,2132231049999999,2132231190000000,70000000,38.6,36.3,38.9,37.4,0,ok,,LOAD
2132232145000000,2132232080000000,2132232210000000,65000000,38.6,36.3,38.9,37.4,0,ok,,LOAD
2132233179999999,2132233109999999,2132233250000000,70000000,38.5,36.3,38.6,37.3,0,ok,,LOAD
2132234220000000,2132234130000000,2132234310000000,90000000,38.5,36.3,38.6,37.3,0,ok,,LOAD
2132235219999999,2132235160000000,2132235279999999,59999999,38.4,36.2,38.3,37.2,0,ok,,LOAD
2132236274999999,2132236210000000,2132236339999999,64999999,38.4,36.2,38.3,37.2,0,ok,,LOAD
2132237170000000,2132237100000000,2132237240000000,70000000,38.3,36.2,38.4,37.3,0,ok,,LOAD
2132238169999999,2132238109999999,2132238230000000,60000000,38.3,36.2,38.4,37.3,0,ok,,LOAD
2132239219999999,2132239160000000,2132239279999999,59999999,38.5,36.2,39.1,37.2,0,ok,,LOAD
2132240145000000,2132240080000000,2132240210000000,65000000,38.5,36.2,39.1,37.2,0,ok,,LOAD
2132241259999999,2132241200000000,2132241319999999,59999999,38.5,36.2,38.7,37.2,0,ok,,LOAD
2132242209999999,2132242109999999,2132242310000000,100000000,38.5,36.2,38.7,37.2,0,ok,,LOAD
2132243205000000,2132243140000000,2132243270000000,65000000,38.4,36.2,38.5,37.3,0,ok,,LOAD
2132244234999999,2132244170000000,2132244299999999,64999999,38.4,36.2,38.5,37.3,0,ok,,LOAD
2132245289999999,2132245220000000,2132245359999999,69999999,38.3,36.2,38.3,37.2,0,ok,,LOAD
2132246320000000,2132246250000000,2132246390000000,70000000,38.3,36.2,38.3,37.2,0,ok,,LOAD
2132247210000000,2132247130000000,2132247290000000,80000000,38.3,36.2,38.3,37.2,0,ok,,LOAD
2132248304999999,2132248250000000,2132248359999999,54999999,38.3,36.2,38.3,37.2,0,ok,,LOAD
2132249265000000,2132249200000000,2132249330000000,65000000,38.5,36.2,39.1,37.2,0,ok,,LOAD
2132250199999999,2132250140000000,2132250259999999,59999999,38.5,36.2,39.1,37.2,0,ok,,LOAD
2132251315000000,2132251240000000,2132251390000000,75000000,38.5,36.2,38.7,37.3,0,ok,,LOAD
2132252324999999,2132252259999999,2132252390000000,65000000,38.5,36.2,38.7,37.3,0,ok,,LOAD
2132253234999999,2132253170000000,2132253299999999,64999999,38.3,36.1,38.4,37.2,0,ok,,LOAD
2132254275000000,2132254200000000,2132254350000000,75000000,38.3,36.1,38.4,37.2,0,ok,,LOAD
2132255329999999,2132255259999999,2132255400000000,70000000,38.2,36.2,38.0,37.2,0,ok,,LOAD
2132256315000000,2132256250000000,2132256380000000,65000000,38.2,36.2,38.0,37.2,0,ok,,LOAD
2132257365000000,2132257310000000,2132257420000000,55000000,38.0,36.1,38.1,37.1,0,ok,,LOAD
2132258275000000,2132258220000000,2132258330000000,55000000,38.0,36.1,38.1,37.1,0,ok,,LOAD
2132259310000000,2132259240000000,2132259380000000,70000000,38.3,36.1,38.9,37.2,0,ok,,LOAD
2132260320000000,2132260250000000,2132260390000000,70000000,38.3,36.1,38.9,37.2,0,ok,,LOAD
2132261369999999,2132261299999999,2132261440000000,70000000,38.4,36.1,38.6,37.2,0,ok,,LOAD
2132262410000000,2132262350000000,2132262470000000,60000000,38.4,36.1,38.6,37.2,0,ok,,LOAD
2132263274999999,2132263210000000,2132263339999999,64999999,38.3,36.1,38.3,37.2,0,ok,,LOAD
2132264295000000,2132264240000000,2132264350000000,55000000,38.3,36.1,38.3,37.2,0,ok,,LOAD
2132265239999999,2132265180000000,2132265299999999,59999999,38.2,36.1,38.3,37.2,0,ok,,LOAD
2132266384999999,2132266319999999,2132266450000000,65000000,38.2,36.1,38.3,37.2,0,ok,,LOAD
2132267289999999,2132267220000000,2132267359999999,69999999,38.1,36.1,38.2,37.1,0,ok,,LOAD
2132268310000000,2132268250000000,2132268370000000,60000000,38.1,36.1,38.2,37.1,0,ok,,LOAD
2132269344999999,2132269279999999,2132269410000000,65000000,38.3,36.1,38.9,37.1,0,ok,,LOAD
2132270375000000,2132270310000000,2132270440000000,65000000,38.3,36.1,38.9,37.1,0,ok,,LOAD
2132271259999999,2132271200000000,2132271319999999,59999999,38.3,36.1,38.5,37.2,0,ok,,LOAD
2132272290000000,2132272230000000,2132272350000000,60000000,38.3,36.1,38.5,37.2,0,ok,,LOAD
2132273320000000,2132273250000000,2132273390000000,70000000,38.1,36.1,38.2,37.1,0,ok,,LOAD
2132274335000000,2132274270000000,2132274400000000,65000000,38.1,36.1,38.2,37.1,0,ok,,LOAD
2132275390000000,2132275330000000,2132275450000000,60000000,38.0,36.0,38.0,37.1,0,ok,,LOAD
2132276455000000,2132276390000000,2132276520000000,65000000,38.0,36.0,38.0,37.1,0,ok,,LOAD
2132277299999999,2132277240000000,2132277359999999,59999999,37.9,36.0,37.9,37.0,0,ok,,LOAD
2132278319999999,2132278259999999,2132278380000000,60000000,37.9,36.0,37.9,37.0,0,ok,,LOAD
2132279384999999,2132279319999999,2132279450000000,65000000,38.2,36.0,38.8,37.0,0,ok,,LOAD
2132280384999999,2132280319999999,2132280450000000,65000000,38.2,36.0,38.8,37.0,0,ok,,LOAD
2132281404999999,2132281339999999,2132281470000000,65000000,38.2,36.0,38.3,37.0,0,ok,,LOAD
2132282455000000,2132282390000000,2132282520000000,65000000,38.2,36.0,38.3,37.0,0,ok,,LOAD
2132283375000000,2132283310000000,2132283440000000,65000000,38.1,36.0,38.3,37.1,0,ok,,LOAD
2132284404999999,2132284339999999,2132284470000000,65000000,38.1,36.0,38.3,37.1,0,ok,,LOAD
2132285400000000,2132285330000000,2132285470000000,70000000,38.0,36.0,38.1,37.0,0,ok,,LOAD
2132286454999999,2132286380000000,2132286529999999,74999999,38.0,36.0,38.1,37.0,0,ok,,LOAD
2132287444999999,2132287380000000,2132287509999999,64999999,37.9,36.0,37.9,37.0,0,ok,,LOAD
2132288484999999,2132288420000000,2132288549999999,64999999,37.9,36.0,37.9,37.0,0,ok,,LOAD
2132289484999999,2132289420000000,2132289549999999,64999999,38.2,36.0,38.8,37.0,0,ok,,LOAD
2132290434999999,2132290359999999,2132290509999999,75000000,38.2,36.0,38.8,37.0,0,ok,,LOAD
2132291370000000,2132291310000000,2132291430000000,60000000,38.1,35.9,38.2,37.0,0,ok,,LOAD
2132292460000000,2132292400000000,2132292520000000,60000000,38.1,35.9,38.2,37.0,0,ok,,LOAD
2132293515000000,2132293450000000,2132293580000000,65000000,38.0,35.9,38.2,37.0,0,ok,,LOAD
2132294420000000,2132294350000000,2132294490000000,70000000,38.0,35.9,38.2,37.0,0,ok,,LOAD
2132295435000000,2132295370000000,2132295500000000,65000000,37.9,36.0,38.1,37.0,0,ok,,LOAD
2132296480000000,2132296420000000,2132296540000000,60000000,37.9,36.0,38.1,37.0,0,ok,,LOAD
2132297490000000,2132297440000000,2132297540000000,50000000,38.0,35.9,38.0,37.0,0,ok,,LOAD
2132298525000000,2132298470000000,2132298580000000,55000000,38.0,35.9,38.0,37.0,0,ok,,LOAD
2132299524999999,2132299460000000,2132299589999999,64999999,38.2,35.9,38.8,37.0,0,ok,,LOAD
2132300475000000,2132300410000000,2132300540000000,65000000,38.2,35.9,38.8,37.0,0,ok,,LOAD
2132301414999999,2132301339999999,2132301490000000,75000000,38.1,35.9,38.3,37.1,0,ok,,LOAD
2132302520000000,2132302460000000,2132302580000000,60000000,38.1,35.9,38.3,37.1,0,ok,,LOAD
2132303520000000,2132303460000000,2132303580000000,60000000,38.0,35.9,38.2,37.0,0,ok,,LOAD
2132304534999999,2132304480000000,2132304589999999,54999999,38.0,35.9,38.2,37.0,0,ok,,LOAD
2132305460000000,2132305400000000,2132305520000000,60000000,37.9,35.9,38.1,37.0,0,ok,,LOAD
2132306524999999,2132306460000000,2132306589999999,64999999,37.9,35.9,38.1,37.0,0,ok,,LOAD
2132307505000000,2132307450000000,2132307560000000,55000000,37.8,35.9,37.9,36.9,0,ok,,COOLDOWN
2132308529999999,2132308470000000,2132308589999999,59999999,37.8,35.9,37.9,36.9,0,ok,,COOLDOWN
2132309449999999,2132309390000000,2132309509999999,59999999,45.3,35.9,39.7,37.1,0,ok,,COOLDOWN
2132310494999999,2132310440000000,2132310549999999,54999999,45.3,35.9,39.7,37.1,0,ok,,COOLDOWN
2132311490000000,2132311440000000,2132311540000000,50000000,48.1,35.9,41.9,37.5,0,ok,,COOLDOWN
2132312519999999,2132312470000000,2132312569999999,49999999,48.1,35.9,41.9,37.5,0,ok,,COOLDOWN
2132313550000000,2132313480000000,2132313620000000,70000000,47.1,36.1,42.6,38.0,0,ok,,COOLDOWN
2132314564999999,2132314509999999,2132314620000000,55000000,47.1,36.1,42.6,38.0,0,ok,,COOLDOWN
2132315514999999,2132315460000000,2132315569999999,54999999,44.8,36.2,42.1,38.3,0,ok,,COOLDOWN
2132316539999999,2132316490000000,2132316589999999,49999999,44.8,36.2,42.1,38.3,0,ok,,COOLDOWN
2132317560000000,2132317500000000,2132317620000000,60000000,43.6,36.3,41.4,38.3,0,ok,,COOLDOWN
2132318569999999,2132318509999999,2132318630000000,60000000,43.6,36.3,41.4,38.3,0,ok,,COOLDOWN
2132319575000000,2132319520000000,2132319630000000,55000000,43.0,36.4,41.0,38.2,0,ok,,COOLDOWN
2132320585000000,2132320420000000,2132320750000000,165000000,43.0,36.4,41.0,38.2,0,ok,,COOLDOWN
2132321605000000,2132321440000000,2132321770000000,165000000,42.6,36.5,41.1,38.2,0,ok,,COOLDOWN
2132322594999999,2132322430000000,2132322759999999,164999999,42.6,36.5,41.1,38.2,0,ok,,COOLDOWN
2132323585000000,2132323450000000,2132323720000000,135000000,43.1,36.5,41.7,38.6,0,ok,,COOLDOWN
2132324605000000,2132324460000000,2132324750000000,145000000,43.1,36.5,41.7,38.6,0,ok,,COOLDOWN
2132325630000000,2132325450000000,2132325810000000,180000000,43.5,36.5,42.1,38.7,0,ok,,COOLDOWN
2132326665000000,2132326480000000,2132326850000000,185000000,43.5,36.5,42.1,38.7,0,ok,,COOLDOWN
2132327650000000,2132327470000000,2132327830000000,180000000,42.5,36.7,41.5,38.7,0,ok,,COOLDOWN
2132328644999999,2132328470000000,2132328819999999,174999999,42.5,36.7,41.5,38.7,0,ok,,COOLDOWN
2132329625000000,2132329460000000,2132329790000000,165000000,42.1,36.7,41.1,38.7,0,ok,,COOLDOWN
2132330610000000,2132330480000000,2132330740000000,130000000,42.1,36.7,41.1,38.7,0,ok,,COOLDOWN
2132331500000000,2132331440000000,2132331560000000,60000000,41.9,36.8,41.2,38.9,0,ok,,COOLDOWN
2132332590000000,2132332450000000,2132332730000000,140000000,41.9,36.8,41.2,38.9,0,ok,,COOLDOWN
2132333634999999,2132333490000000,2132333779999999,144999999,41.9,36.8,41.0,38.8,0,ok,,COOLDOWN
2132334580000000,2132334460000000,2132334700000000,120000000,41.9,36.8,41.0,38.8,0,ok,,COOLDOWN
2132335629999999,2132335480000000,2132335779999999,149999999,41.6,36.8,40.8,38.7,0,ok,,COOLDOWN
2132336635000000,2132336500000000,2132336770000000,135000000,41.6,36.8,40.8,38.7,0,ok,,COOLDOWN
2132337595000000,2132337470000000,2132337720000000,125000000,41.2,36.9,40.8,38.7,0,ok,,COOLDOWN
2132338619999999,2132338480000000,2132338759999999,139999999,41.2,36.9,40.8,38.7,0,ok,,COOLDOWN
2132339610000000,2132339480000000,2132339740000000,130000000,41.0,36.9,40.4,38.6,0,ok,,COOLDOWN
2132340570000000,2132340490000000,2132340650000000,80000000,41.0,36.9,40.4,38.6,0,ok,,COOLDOWN
2132341659999999,2132341520000000,2132341799999999,139999999,41.0,36.9,40.6,38.7,0,ok,,COOLDOWN
2132342614999999,2132342509999999,2132342720000000,105000000,41.0,36.9,40.6,38.7,0,ok,,COOLDOWN
2132343624999999,2132343490000000,2132343759999999,134999999,41.0,36.8,40.5,38.6,0,ok,,COOLDOWN
2132344615000000,2132344500000000,2132344730000000,115000000,41.0,36.8,40.5,38.6,0,ok,,COOLDOWN
2132345615000000,2132345500000000,2132345730000000,115000000,40.9,36.8,40.1,38.6,0,ok,,COOLDOWN
2132346614999999,2132346509999999,2132346720000000,105000000,40.9,36.8,40.1,38.6,0,ok,,COOLDOWN
2132347689999999,2132347520000000,2132347859999999,169999999,40.8,36.8,40.0,38.4,0,ok,,COOLDOWN
2132348659999999,2132348549999999,2132348770000000,110000000,40.8,36.8,40.0,38.4,0,ok,,COOLDOWN
2132349655000000,2132349520000000,2132349790000000,135000000,40.6,36.8,40.1,38.4,0,ok,,COOLDOWN
2132350615000000,2132350520000000,2132350710000000,95000000,40.6,36.8,40.1,38.4,0,ok,,COOLDOWN
2132351679999999,2132351560000000,2132351799999999,119999999,40.6,36.8,39.8,38.3,0,ok,,COOLDOWN
2132352664999999,2132352529999999,2132352799999999,135000000,40.6,36.8,39.8,38.3,0,ok,,COOLDOWN
2132353664999999,2132353529999999,2132353799999999,135000000,40.5,36.8,40.1,38.4,0,ok,,COOLDOWN
2132354594999999,2132354529999999,2132354660000000,65000000,40.5,36.8,40.1,38.4,0,ok,,COOLDOWN
2132355594999999,2132355529999999,2132355660000000,65000000,40.1,36.8,39.3,38.3,0,ok,,COOLDOWN
2132356624999999,2132356549999999,2132356700000000,75000000,40.1,36.8,39.3,38.3,0,ok,,COOLDOWN
2132357894999999,2132357549999999,2132358240000000,345000000,39.4,36.7,38.9,38.0,0,ok,,COOLDOWN
2132358614999999,2132358549999999,2132358680000000,65000000,39.4,36.7,38.9,38.0,0,ok,,COOLDOWN
2132359614999999,2132359549999999,2132359680000000,65000000,39.1,36.7,38.5,37.9,0,ok,,COOLDOWN
2132360630000000,2132360560000000,2132360700000000,70000000,39.1,36.7,38.5,37.9,0,ok,,COOLDOWN
2132361645000000,2132361580000000,2132361710000000,65000000,38.8,36.6,38.3,37.8,0,ok,,COOLDOWN
2132362634999999,2132362569999999,2132362700000000,65000000,38.8,36.6,38.3,37.8,0,ok,,COOLDOWN
2132363669999999,2132363589999999,2132363750000000,80000000,38.6,36.6,38.1,37.7,0,ok,,COOLDOWN
2132364649999999,2132364589999999,2132364710000000,60000000,38.6,36.6,38.1,37.7,0,ok,,COOLDOWN
2132365679999999,2132365609999999,2132365750000000,70000000,38.4,36.5,37.9,37.6,0,ok,,COOLDOWN
2132366680000000,2132366620000000,2132366740000000,60000000,38.4,36.5,37.9,37.6,0,ok,,COOLDOWN
2132367685000000,2132367620000000,2132367750000000,65000000,38.2,36.5,37.6,37.5,0,ok,,COOLDOWN
2132368704999999,2132368630000000,2132368779999999,74999999,38.2,36.5,37.6,37.5,0,ok,,COOLDOWN
2132369704999999,2132369630000000,2132369779999999,74999999,38.1,36.4,37.6,37.4,0,ok,,COOLDOWN
2132370694999999,2132370630000000,2132370759999999,64999999,38.1,36.4,37.6,37.4,0,ok,,COOLDOWN
2132371719999999,2132371640000000,2132371799999999,79999999,38.0,36.4,37.5,37.4,0,ok,,COOLDOWN
2132372714999999,2132372650000000,2132372779999999,64999999,38.0,36.4,37.5,37.4,0,ok,,COOLDOWN
2132373719999999,2132373640000000,2132373799999999,79999999,38.0,36.3,37.4,37.3,0,ok,,COOLDOWN
2132374725000000,2132374660000000,2132374790000000,65000000,38.0,36.3,37.4,37.3,0,ok,,COOLDOWN
2132375705000000,2132375640000000,2132375770000000,65000000,37.8,36.2,37.3,37.2,0,ok,,COOLDOWN
2132376725000000,2132376660000000,2132376790000000,65000000,37.8,36.2,37.3,37.2,0,ok,,COOLDOWN
2132377704999999,2132377650000000,2132377759999999,54999999,37.6,36.2,37.2,37.2,0,ok,,COOLDOWN
2132378730000000,2132378670000000,2132378790000000,60000000,37.6,36.2,37.2,37.2,0,ok,,COOLDOWN
2132379740000000,2132379670000000,2132379810000000,70000000,37.6,36.1,37.1,37.2,0,ok,,COOLDOWN
2132380735000000,2132380660000000,2132380810000000,75000000,37.6,36.1,37.1,37.2,0,ok,,COOLDOWN
2132381740000000,2132381670000000,2132381810000000,70000000,37.5,36.1,37.1,37.1,0,ok,,COOLDOWN
2132382709999999,2132382660000000,2132382759999999,49999999,37.5,36.1,37.1,37.1,0,ok,,COOLDOWN
2132383760000000,2132383690000000,2132383830000000,70000000,37.5,36.1,37.1,37.1,0,ok,,COOLDOWN
2132384770000000,2132384690000000,2132384850000000,80000000,37.5,36.1,37.1,37.1,0,ok,,COOLDOWN
2132385800000000,2132385720000000,2132385880000000,80000000,37.5,36.0,36.9,37.0,0,ok,,COOLDOWN
2132386800000000,2132386720000000,2132386880000000,80000000,37.5,36.0,36.9,37.0,0,ok,,COOLDOWN
2132387795000000,2132387720000000,2132387870000000,75000000,37.4,36.0,36.8,37.0,0,ok,,COOLDOWN
2132388829999999,2132388759999999,2132388900000000,70000000,37.4,36.0,36.8,37.0,0,ok,,COOLDOWN
2132389860000000,2132389790000000,2132389930000000,70000000,37.4,35.9,37.0,37.0,0,ok,,COOLDOWN
2132390875000000,2132390810000000,2132390940000000,65000000,37.4,35.9,37.0,37.0,0,ok,,COOLDOWN
2132391830000000,2132391750000000,2132391910000000,80000000,37.3,35.9,36.6,36.9,0,ok,,COOLDOWN
2132392929999999,2132392850000000,2132393009999999,79999999,37.3,35.9,36.6,36.9,0,ok,,COOLDOWN
2132393849999999,2132393779999999,2132393920000000,70000000,37.3,35.8,36.8,36.9,0,ok,,COOLDOWN
2132394895000000,2132394810000000,2132394980000000,85000000,37.3,35.8,36.8,36.9,0,ok,,COOLDOWN
2132395889999999,2132395819999999,2132395960000000,70000000,37.2,35.8,36.8,36.9,0,ok,,COOLDOWN
2132396920000000,2132396850000000,2132396990000000,70000000,37.2,35.8,36.8,36.9,0,ok,,COOLDOWN
2132397949999999,2132397870000000,2132398029999999,79999999,37.2,35.7,36.8,36.8,0,ok,,COOLDOWN
2132398995000000,2132398910000000,2132399080000000,85000000,37.2,35.7,36.8,36.8,0,ok,,COOLDOWN
2132399895000000,2132399810000000,2132399980000000,85000000,37.2,35.7,36.7,36.8,0,ok,,COOLDOWN
2132400925000000,2132400850000000,2132401000000000,75000000,37.2,35.7,36.7,36.8,0,ok,,COOLDOWN
2132401864999999,2132401799999999,2132401930000000,65000000,37.0,35.6,36.4,36.6,0,ok,,COOLDOWN
2132402969999999,2132402890000000,2132403049999999,79999999,37.0,35.6,36.4,36.6,0,ok,,COOLDOWN
2132404000000000,2132403920000000,2132404080000000,80000000,37.2,35.6,36.6,36.7,0,ok,,COOLDOWN
2132404929999999,2132404850000000,2132405009999999,79999999,37.2,35.6,36.6,36.7,0,ok,,COOLDOWN
2132405934999999,2132405859999999,2132406009999999,75000000,37.1,35.6,36.6,36.6,0,ok,,COOLDOWN
2132406959999999,2132406890000000,2132407029999999,69999999,37.1,35.6,36.6,36.6,0,ok,,COOLDOWN
2132407985000000,2132407910000000,2132408060000000,75000000,36.9,35.6,36.6,36.7,0,ok,,COOLDOWN
2132409010000000,2132408940000000,2132409080000000,70000000,36.9,35.6,36.6,36.7,0,ok,,COOLDOWN
2132410019999999,2132409950000000,2132410089999999,69999999,36.9,35.5,36.4,36.6,0,ok,,COOLDOWN
2132410944999999,2132410880000000,2132411009999999,64999999,36.9,35.5,36.4,36.6,0,ok,,COOLDOWN
2132411970000000,2132411900000000,2132412040000000,70000000,36.9,35.5,36.3,36.5,0,ok,,COOLDOWN
2132413004999999,2132412940000000,2132413069999999,64999999,36.9,35.5,36.3,36.5,0,ok,,COOLDOWN
2132414019999999,2132413950000000,2132414089999999,69999999,36.9,35.4,36.3,36.5,0,ok,,COOLDOWN
2132415039999999,2132414970000000,2132415109999999,69999999,36.9,35.4,36.3,36.5,0,ok,,COOLDOWN
2132415974999999,2132415900000000,2132416049999999,74999999,36.8,35.4,36.1,36.4,0,ok,,COOLDOWN
2132416999999999,2132416930000000,2132417069999999,69999999,36.8,35.4,36.1,36.4,0,ok,,COOLDOWN
2132417999999999,2132417930000000,2132418069999999,69999999,36.8,35.4,36.2,36.5,0,ok,,COOLDOWN
2132418970000000,2132418900000000,2132419040000000,70000000,36.8,35.4,36.2,36.5,0,ok,,COOLDOWN
2132420070000000,2132419990000000,2132420150000000,80000000,36.7,35.3,36.3,36.4,0,ok,,COOLDOWN
2132421085000000,2132421020000000,2132421150000000,65000000,36.7,35.3,36.3,36.4,0,ok,,COOLDOWN
2132422030000000,2132421940000000,2132422120000000,90000000,36.6,35.3,36.1,36.4,0,ok,,COOLDOWN
2132423034999999,2132422960000000,2132423109999999,74999999,36.6,35.3,36.1,36.4,0,ok,,COOLDOWN
2132423984999999,2132423920000000,2132424049999999,64999999,36.7,35.3,36.0,36.3,0,ok,,COOLDOWN
2132425084999999,2132425009999999,2132425160000000,75000000,36.7,35.3,36.0,36.3,0,ok,,COOLDOWN
2132426000000000,2132425940000000,2132426060000000,60000000,36.6,35.2,35.9,36.3,0,ok,,COOLDOWN
2132427024999999,2132426960000000,2132427089999999,64999999,36.6,35.2,35.9,36.3,0,ok,,COOLDOWN
2132428044999999,2132427980000000,2132428109999999,64999999,36.4,35.2,35.9,36.3,0,ok,,COOLDOWN
2132428995000000,2132428930000000,2132429060000000,65000000,36.4,35.2,35.9,36.3,0,ok,,COOLDOWN
2132430099999999,2132430029999999,2132430170000000,70000000,36.4,35.2,36.0,36.3,0,ok,,COOLDOWN
2132431154999999,2132431069999999,2132431240000000,85000000,36.4,35.2,36.0,36.3,0,ok,,COOLDOWN
2132432044999999,2132431980000000,2132432109999999,64999999,36.4,35.1,35.8,36.2,0,ok,,COOLDOWN
2132433075000000,2132433000000000,2132433150000000,75000000,36.4,35.1,35.8,36.2,0,ok,,COOLDOWN
2132434035000000,2132433970000000,2132434100000000,65000000,36.4,35.1,35.9,36.2,0,ok,,COOLDOWN
2132435130000000,2132435060000000,2132435200000000,70000000,36.4,35.1,35.9,36.2,0,ok,,COOLDOWN
2132436155000000,2132436080000000,2132436230000000,75000000,36.3,35.1,35.9,36.2,0,ok,,COOLDOWN
2132437154999999,2132437089999999,2132437220000000,65000000,36.3,35.1,35.9,36.2,0,ok,,COOLDOWN
2132438099999999,2132438029999999,2132438170000000,70000000,36.3,35.0,35.7,36.1,0,ok,,COOLDOWN
2132439110000000,2132439040000000,2132439180000000,70000000,36.3,35.0,35.7,36.1,0,ok,,COOLDOWN
2132440139999999,2132440069999999,2132440210000000,70000000,36.2,35.0,35.7,36.1,0,ok,,COOLDOWN
2132441174999999,2132441089999999,2132441259999999,85000000,36.2,35.0,35.7,36.1,0,ok,,COOLDOWN
2132442184999999,2132442109999999,2132442259999999,75000000,36.2,35.0,35.8,36.1,0,ok,,COOLDOWN
2132443110000000,2132443040000000,2132443180000000,70000000,36.2,35.0,35.8,36.1,0,ok,,COOLDOWN
2132444140000000,2132444060000000,2132444220000000,80000000,36.2,34.9,35.6,36.0,0,ok,,COOLDOWN
2132445160000000,2132445080000000,2132445240000000,80000000,36.2,34.9,35.6,36.0,0,ok,,COOLDOWN
2132446275000000,2132446200000000,2132446350000000,75000000,36.2,34.9,35.6,36.0,0,ok,,COOLDOWN
2132447365000000,2132447270000000,2132447460000000,95000000,36.2,34.9,35.6,36.0,0,ok,,COOLDOWN
2132448085000000,2132448020000000,2132448150000000,65000000,36.2,34.9,35.6,36.0,0,ok,,COOLDOWN
2132449169999999,2132449089999999,2132449250000000,80000000,36.2,34.9,35.6,36.0,0,ok,,COOLDOWN
2132450175000000,2132450100000000,2132450250000000,75000000,36.2,34.9,35.6,36.0,0,ok,,COOLDOWN
2132451269999999,2132451200000000,2132451339999999,69999999,36.2,34.9,35.6,36.0,0,ok,,COOLDOWN
2132452255000000,2132452160000000,2132452350000000,95000000,36.2,34.9,35.6,36.0,0,ok,,COOLDOWN
2132453139999999,2132453069999999,2132453210000000,70000000,36.2,34.9,35.6,36.0,0,ok,,COOLDOWN
2132454179999999,2132454100000000,2132454259999999,79999999,36.0,34.8,35.4,35.9,0,ok,,COOLDOWN
2132455189999999,2132455120000000,2132455259999999,69999999,36.0,34.8,35.4,35.9,0,ok,,COOLDOWN
2132456219999999,2132456140000000,2132456299999999,79999999,36.0,34.8,35.4,35.9,0,ok,,COOLDOWN
2132457284999999,2132457210000000,2132457359999999,74999999,36.0,34.8,35.4,35.9,0,ok,,COOLDOWN
2132458169999999,2132458089999999,2132458250000000,80000000,36.0,34.8,35.4,35.9,0,ok,,COOLDOWN
2132459174999999,2132459109999999,2132459240000000,65000000,36.0,34.8,35.4,35.9,0,ok,,COOLDOWN
2132460135000000,2132460060000000,2132460210000000,75000000,36.0,34.8,35.4,35.9,0,ok,,COOLDOWN
2132461229999999,2132461160000000,2132461299999999,69999999,36.0,34.8,35.4,35.9,0,ok,,COOLDOWN
2132462255000000,2132462180000000,2132462330000000,75000000,36.0,34.8,35.4,35.9,0,ok,,COOLDOWN
2132463175000000,2132463100000000,2132463250000000,75000000,36.0,34.8,35.4,35.9,0,ok,,COOLDOWN
2132464215000000,2132464120000000,2132464310000000,95000000,35.9,34.7,35.4,35.8,0,ok,,COOLDOWN
2132465165000000,2132465100000000,2132465230000000,65000000,35.9,34.7,35.4,35.8,0,ok,,COOLDOWN
2132466289999999,2132466220000000,2132466359999999,69999999,35.9,34.7,35.4,35.8,0,ok,,COOLDOWN
2132467325000000,2132467240000000,2132467410000000,85000000,35.9,34.7,35.4,35.8,0,ok,,COOLDOWN
2132468334999999,2132468259999999,2132468410000000,75000000,35.9,34.7,35.4,35.8,0,ok,,COOLDOWN
2132469219999999,2132469140000000,2132469299999999,79999999,35.9,34.7,35.4,35.8,0,ok,,COOLDOWN
2132470200000000,2132470130000000,2132470270000000,70000000,35.9,34.7,35.4,35.8,0,ok,,COOLDOWN
2132471315000000,2132471240000000,2132471390000000,75000000,35.9,34.7,35.4,35.8,0,ok,,COOLDOWN
2132472315000000,2132472240000000,2132472390000000,75000000,35.9,34.7,35.4,35.8,0,ok,,COOLDOWN
2132473330000000,2132473270000000,2132473390000000,60000000,35.9,34.7,35.4,35.8,0,ok,,COOLDOWN
2132474369999999,2132474299999999,2132474440000000,70000000,35.8,34.6,35.3,35.7,0,ok,,COOLDOWN
2132475219999999,2132475160000000,2132475279999999,59999999,35.8,34.6,35.3,35.7,0,ok,,COOLDOWN
2132476330000000,2132476250000000,2132476410000000,80000000,35.8,34.6,35.3,35.7,0,ok,,COOLDOWN
2132477315000000,2132477240000000,2132477390000000,75000000,35.8,34.6,35.3,35.7,0,ok,,COOLDOWN
2132478265000000,2132478200000000,2132478330000000,65000000,35.8,34.6,35.3,35.7,0,ok,,COOLDOWN
2132479260000000,2132479190000000,2132479330000000,70000000,35.8,34.6,35.3,35.7,0,ok,,COOLDOWN
2132480279999999,2132480220000000,2132480339999999,59999999,35.8,34.6,35.3,35.7,0,ok,,COOLDOWN
2132481305000000,2132481240000000,2132481370000000,65000000,35.8,34.6,35.3,35.7,0,ok,,COOLDOWN
2132482350000000,2132482290000000,2132482410000000,60000000,35.8,34.6,35.3,35.7,0,ok,,COOLDOWN
2132483380000000,2132483310000000,2132483450000000,70000000,35.8,34.6,35.3,35.7,0,ok,,COOLDOWN
2132484274999999,2132484210000000,2132484339999999,64999999,35.6,34.5,35.1,35.6,0,ok,,COOLDOWN
2132485284999999,2132485230000000,2132485339999999,54999999,35.6,34.5,35.1,35.6,0,ok,,COOLDOWN
2132486329999999,2132486259999999,2132486400000000,70000000,35.6,34.5,35.1,35.6,0,ok,,COOLDOWN
2132487390000000,2132487310000000,2132487470000000,80000000,35.6,34.5,35.1,35.6,0,ok,,COOLDOWN
2132488289999999,2132488220000000,2132488359999999,69999999,35.6,34.5,35.1,35.6,0,ok,,COOLDOWN
2132489429999999,2132489359999999,2132489500000000,70000000,35.6,34.5,35.1,35.6,0,ok,,COOLDOWN
2132490335000000,2132490240000000,2132490430000000,95000000,35.6,34.5,35.1,35.6,0,ok,,COOLDOWN
2132491340000000,2132491270000000,2132491410000000,70000000,35.6,34.5,35.1,35.6,0,ok,,COOLDOWN
2132492394999999,2132492319999999,2132492470000000,75000000,35.6,34.5,35.1,35.6,0,ok,,COOLDOWN
2132493385000000,2132493310000000,2132493460000000,75000000,35.6,34.5,35.1,35.6,0,ok,,COOLDOWN
2132494450000000,2132494380000000,2132494520000000,70000000,35.5,34.4,35.0,35.6,0,ok,,COOLDOWN
2132495439999999,2132495370000000,2132495509999999,69999999,35.5,34.4,35.0,35.6,0,ok,,COOLDOWN
2132496349999999,2132496279999999,2132496420000000,70000000,35.5,34.4,35.0,35.6,0,ok,,COOLDOWN
2132497420000000,2132497350000000,2132497490000000,70000000,35.5,34.4,35.0,35.6,0,ok,,COOLDOWN
2132498424999999,2132498359999999,2132498490000000,65000000,35.5,34.4,35.0,35.6,0,ok,,COOLDOWN
2132499460000000,2132499380000000,2132499540000000,80000000,35.5,34.4,35.0,35.6,0,ok,,COOLDOWN
2132500459999999,2132500390000000,2132500529999999,69999999,35.5,34.4,35.0,35.6,0,ok,,COOLDOWN
2132501385000000,2132501310000000,2132501460000000,75000000,35.5,34.4,35.0,35.6,0,ok,,COOLDOWN
2132502434999999,2132502359999999,2132502509999999,75000000,35.5,34.4,35.0,35.6,0,ok,,COOLDOWN
2132503469999999,2132503390000000,2132503549999999,79999999,35.5,34.4,35.0,35.6,0,ok,,COOLDOWN
2132504485000000,2132504410000000,2132504560000000,75000000,35.3,34.3,34.9,35.5,0,ok,,COOLDOWN
2132505505000000,2132505430000000,2132505580000000,75000000,35.3,34.3,34.9,35.5,0,ok,,COOLDOWN
2132506499999999,2132506430000000,2132506569999999,69999999,35.3,34.3,34.9,35.5,0,ok,,COOLDOWN
2132507414999999,2132507339999999,2132507490000000,75000000,35.3,34.3,34.9,35.5,0,ok,,COOLDOWN
2132508474999999,2132508400000000,2132508549999999,74999999,35.3,34.3,34.9,35.5,0,ok,,COOLDOWN
2132509455000000,2132509390000000,2132509520000000,65000000,35.3,34.3,34.9,35.5,0,ok,,COOLDOWN
2132510490000000,2132510420000000,2132510560000000,70000000,35.3,34.3,34.9,35.5,0,ok,,COOLDOWN
2132511514999999,2132511440000000,2132511589999999,74999999,35.3,34.3,34.9,35.5,0,ok,,COOLDOWN
2132512429999999,2132512359999999,2132512500000000,70000000,35.3,34.3,34.9,35.5,0,ok,,COOLDOWN
2132513450000000,2132513380000000,2132513520000000,70000000,35.3,34.3,34.9,35.5,0,ok,,COOLDOWN
2132514479999999,2132514410000000,2132514549999999,69999999,35.2,34.2,34.9,35.3,0,ok,,COOLDOWN
2132515539999999,2132515470000000,2132515609999999,69999999,35.2,34.2,34.9,35.3,0,ok,,COOLDOWN
2132516424999999,2132516359999999,2132516490000000,65000000,35.2,34.2,34.9,35.3,0,ok,,COOLDOWN
2132517555000000,2132517480000000,2132517630000000,75000000,35.2,34.2,34.9,35.3,0,ok,,COOLDOWN
2132518470000000,2132518400000000,2132518540000000,70000000,35.2,34.2,34.9,35.3,0,ok,,COOLDOWN
2132519525000000,2132519450000000,2132519600000000,75000000,35.2,34.2,34.9,35.3,0,ok,,COOLDOWN
2132520534999999,2132520460000000,2132520609999999,74999999,35.2,34.2,34.9,35.3,0,ok,,COOLDOWN
2132521455000000,2132521390000000,2132521520000000,65000000,35.2,34.2,34.9,35.3,0,ok,,COOLDOWN
2132522565000000,2132522490000000,2132522640000000,75000000,35.2,34.2,34.9,35.3,0,ok,,COOLDOWN
2132523530000000,2132523460000000,2132523600000000,70000000,35.2,34.2,34.9,35.3,0,ok,,COOLDOWN
2132524515000000,2132524450000000,2132524580000000,65000000,35.1,34.0,34.8,35.2,0,ok,,COOLDOWN
2132525530000000,2132525460000000,2132525600000000,70000000,35.1,34.0,34.8,35.2,0,ok,,COOLDOWN
2132526460000000,2132526400000000,2132526520000000,60000000,35.1,34.0,34.8,35.2,0,ok,,COOLDOWN
2132527580000000,2132527520000000,2132527640000000,60000000,35.1,34.0,34.8,35.2,0,ok,,COOLDOWN
2132528610000000,2132528540000000,2132528680000000,70000000,35.1,34.0,34.8,35.2,0,ok,,COOLDOWN
2132529534999999,2132529460000000,2132529609999999,74999999,35.1,34.0,34.8,35.2,0,ok,,COOLDOWN
2132530539999999,2132530490000000,2132530589999999,49999999,35.1,34.0,34.8,35.2,0,ok,,COOLDOWN
2132531594999999,2132531529999999,2132531660000000,65000000,35.1,34.0,34.8,35.2,0,ok,,COOLDOWN
2132532584999999,2132532509999999,2132532660000000,75000000,35.1,34.0,34.8,35.2,0,ok,,COOLDOWN
2132533605000000,2132533540000000,2132533670000000,65000000,35.1,34.0,34.8,35.2,0,ok,,COOLDOWN
2132534550000000,2132534480000000,2132534620000000,70000000,35.0,33.9,34.6,35.1,0,ok,,COOLDOWN
2132535579999999,2132535509999999,2132535650000000,70000000,35.0,33.9,34.6,35.1,0,ok,,COOLDOWN
2132536584999999,2132536509999999,2132536660000000,75000000,35.0,33.9,34.6,35.1,0,ok,,COOLDOWN
2132537624999999,2132537549999999,2132537700000000,75000000,35.0,33.9,34.6,35.1,0,ok,,COOLDOWN
2132538575000000,2132538500000000,2132538650000000,75000000,35.0,33.9,34.6,35.1,0,ok,,COOLDOWN
2132539565000000,2132539490000000,2132539640000000,75000000,35.0,33.9,34.6,35.1,0,ok,,COOLDOWN
2132540560000000,2132540490000000,2132540630000000,70000000,35.0,33.9,34.6,35.1,0,ok,,COOLDOWN
2132541610000000,2132541540000000,2132541680000000,70000000,35.0,33.9,34.6,35.1,0,ok,,COOLDOWN
2132542560000000,2132542490000000,2132542630000000,70000000,35.0,33.9,34.6,35.1,0,ok,,COOLDOWN
2132543615000000,2132543500000000,2132543730000000,115000000,35.0,33.9,34.6,35.1,0,ok,,COOLDOWN
2132544719999999,2132544589999999,2132544850000000,130000000,35.2,33.7,34.5,35.0,0,ok,,COOLDOWN
2132545624999999,2132545490000000,2132545759999999,134999999,35.2,33.7,34.5,35.0,0,ok,,COOLDOWN
2132546615000000,2132546500000000,2132546730000000,115000000,35.2,33.7,34.5,35.0,0,ok,,COOLDOWN
2132547580000000,2132547500000000,2132547660000000,80000000,35.2,33.7,34.5,35.0,0,ok,,COOLDOWN
2132548614999999,2132548549999999,2132548680000000,65000000,35.2,33.7,34.5,35.0,0,ok,,COOLDOWN
2132549595000000,2132549520000000,2132549670000000,75000000,35.2,33.7,34.5,35.0,0,ok,,COOLDOWN
2132550600000000,2132550540000000,2132550660000000,60000000,35.2,33.7,34.5,35.0,0,ok,,COOLDOWN
2132551615000000,2132551540000000,2132551690000000,75000000,35.2,33.7,34.5,35.0,0,ok,,COOLDOWN
2132552619999999,2132552549999999,2132552690000000,70000000,35.2,33.7,34.5,35.0,0,ok,,COOLDOWN
2132553610000000,2132553540000000,2132553680000000,70000000,35.2,33.7,34.5,35.0,0,ok,,COOLDOWN
2132554600000000,2132554540000000,2132554660000000,60000000,35.0,33.7,34.4,35.0,0,ok,,COOLDOWN
2132555624999999,2132555549999999,2132555700000000,75000000,35.0,33.7,34.4,35.0,0,ok,,COOLDOWN
2132556610000000,2132556540000000,2132556680000000,70000000,35.0,33.7,34.4,35.0,0,ok,,COOLDOWN
2132557605000000,2132557540000000,2132557670000000,65000000,35.0,33.7,34.4,35.0,0,ok,,COOLDOWN
2132558604999999,2132558529999999,2132558680000000,75000000,35.0,33.7,34.4,35.0,0,ok,,COOLDOWN
2132559600000000,2132559540000000,2132559660000000,60000000,35.0,33.7,34.4,35.0,0,ok,,COOLDOWN
2132560610000000,2132560540000000,2132560680000000,70000000,35.0,33.7,34.4,35.0,0,ok,,COOLDOWN
2132561585000000,2132561520000000,2132561650000000,65000000,35.0,33.7,34.4,35.0,0,ok,,COOLDOWN
2132562604999999,2132562549999999,2132562660000000,55000000,35.0,33.7,34.4,35.0,0,ok,,COOLDOWN
2132563605000000,2132563540000000,2132563670000000,65000000,35.0,33.7,34.4,35.0,0,ok,,COOLDOWN
2132564624999999,2132564549999999,2132564700000000,75000000,34.8,33.7,34.4,35.0,0,ok,,COOLDOWN
2132565605000000,2132565540000000,2132565670000000,65000000,34.8,33.7,34.4,35.0,0,ok,,COOLDOWN
2132566625000000,2132566560000000,2132566690000000,65000000,34.8,33.7,34.4,35.0,0,ok,,COOLDOWN
2132567609999999,2132567549999999,2132567670000000,60000000,34.8,33.7,34.4,35.0,0,ok,,COOLDOWN
2132568634999999,2132568569999999,2132568700000000,65000000,34.8,33.7,34.4,35.0,0,ok,,COOLDOWN
2132569634999999,2132569569999999,2132569700000000,65000000,34.8,33.7,34.4,35.0,0,ok,,COOLDOWN
2132570639999999,2132570569999999,2132570710000000,70000000,34.8,33.7,34.4,35.0,0,ok,,COOLDOWN
2132571649999999,2132571589999999,2132571710000000,60000000,34.8,33.7,34.4,35.0,0,ok,,COOLDOWN
2132572670000000,2132572600000000,2132572740000000,70000000,34.8,33.7,34.4,35.0,0,ok,,COOLDOWN
2132573665000000,2132573600000000,2132573730000000,65000000,34.8,33.7,34.4,35.0,0,ok,,COOLDOWN
2132574699999999,2132574620000000,2132574779999999,79999999,34.7,33.6,34.3,34.9,0,ok,,COOLDOWN
2132575689999999,2132575620000000,2132575759999999,69999999,34.7,33.6,34.3,34.9,0,ok,,COOLDOWN
2132576715000000,2132576640000000,2132576790000000,75000000,34.7,33.6,34.3,34.9,0,ok,,COOLDOWN
2132577709999999,2132577640000000,2132577779999999,69999999,34.7,33.6,34.3,34.9,0,ok,,COOLDOWN
2132578730000000,2132578650000000,2132578810000000,80000000,34.7,33.6,34.3,34.9,0,ok,,COOLDOWN
2132579720000000,2132579650000000,2132579790000000,70000000,34.7,33.6,34.3,34.9,0,ok,,COOLDOWN
2132580729999999,2132580660000000,2132580799999999,69999999,34.7,33.6,34.3,34.9,0,ok,,COOLDOWN
2132581750000000,2132581670000000,2132581830000000,80000000,34.7,33.6,34.3,34.9,0,ok,,COOLDOWN
2132582729999999,2132582660000000,2132582799999999,69999999,34.7,33.6,34.3,34.9,0,ok,,COOLDOWN
2132583745000000,2132583660000000,2132583830000000,85000000,34.7,33.6,34.3,34.9,0,ok,,COOLDOWN
2132584729999999,2132584660000000,2132584799999999,69999999,34.6,33.5,34.2,34.8,0,ok,,COOLDOWN
2132585730000000,2132585650000000,2132585810000000,80000000,34.6,33.5,34.2,34.8,0,ok,,COOLDOWN
2132586725000000,2132586660000000,2132586790000000,65000000,34.6,33.5,34.2,34.8,0,ok,,COOLDOWN
2132587729999999,2132587660000000,2132587799999999,69999999,34.6,33.5,34.2,34.8,0,ok,,COOLDOWN
2132588749999999,2132588680000000,2132588819999999,69999999,34.6,33.5,34.2,34.8,0,ok,,COOLDOWN
2132589749999999,2132589680000000,2132589819999999,69999999,34.6,33.5,34.2,34.8,0,ok,,COOLDOWN
2132590754999999,2132590690000000,2132590819999999,64999999,34.6,33.5,34.2,34.8,0,ok,,COOLDOWN
2132591754999999,2132591690000000,2132591819999999,64999999,34.6,33.5,34.2,34.8,0,ok,,COOLDOWN
2132592775000000,2132592700000000,2132592850000000,75000000,34.6,33.5,34.2,34.8,0,ok,,COOLDOWN
2132593829999999,2132593759999999,2132593900000000,70000000,34.6,33.5,34.2,34.8,0,ok,,COOLDOWN
2132594860000000,2132594790000000,2132594930000000,70000000,34.5,33.4,34.1,34.8,0,ok,,COOLDOWN
2132595889999999,2132595819999999,2132595960000000,70000000,34.5,33.4,34.1,34.8,0,ok,,COOLDOWN
2132596820000000,2132596740000000,2132596900000000,80000000,34.5,33.4,34.1,34.8,0,ok,,COOLDOWN
2132597840000000,2132597770000000,2132597910000000,70000000,34.5,33.4,34.1,34.8,0,ok,,COOLDOWN
2132598860000000,2132598790000000,2132598930000000,70000000,34.5,33.4,34.1,34.8,0,ok,,COOLDOWN
2132599875000000,2132599810000000,2132599940000000,65000000,34.5,33.4,34.1,34.8,0,ok,,COOLDOWN
2132600914999999,2132600839999999,2132600990000000,75000000,34.5,33.4,34.1,34.8,0,ok,,COOLDOWN
2132601829999999,2132601759999999,2132601900000000,70000000,34.5,33.4,34.1,34.8,0,ok,,COOLDOWN
2132602854999999,2132602779999999,2132602930000000,75000000,34.5,33.4,34.1,34.8,0,ok,,COOLDOWN
2132603829999999,2132603759999999,2132603900000000,70000000,34.5,33.4,34.1,34.8,0,ok,,COOLDOWN
2132604895000000,2132604830000000,2132604960000000,65000000,34.4,33.3,33.9,34.6,0,ok,,COOLDOWN
2132605934999999,2132605859999999,2132606009999999,75000000,34.4,33.3,33.9,34.6,0,ok,,COOLDOWN
2132606849999999,2132606779999999,2132606920000000,70000000,34.4,33.3,33.9,34.6,0,ok,,COOLDOWN
2132607864999999,2132607799999999,2132607930000000,65000000,34.4,33.3,33.9,34.6,0,ok,,COOLDOWN
2132608820000000,2132608750000000,2132608890000000,70000000,34.4,33.3,33.9,34.6,0,ok,,COOLDOWN
2132609929999999,2132609859999999,2132610000000000,70000000,34.4,33.3,33.9,34.6,0,ok,,COOLDOWN
2132610935000000,2132610870000000,2132611000000000,65000000,34.4,33.3,33.9,34.6,0,ok,,COOLDOWN
2132611880000000,2132611810000000,2132611950000000,70000000,34.4,33.3,33.9,34.6,0,ok,,COOLDOWN
2132612984999999,2132612920000000,2132613049999999,64999999,34.4,33.3,33.9,34.6,0,ok,,COOLDOWN
2132613909999999,2132613839999999,2132613980000000,70000000,34.4,33.3,33.9,34.6,0,ok,,COOLDOWN
2132614944999999,2132614880000000,2132615009999999,64999999,34.3,33.2,33.8,34.5,0,ok,,COOLDOWN
2132615975000000,2132615890000000,2132616060000000,85000000,34.3,33.2,33.8,34.5,0,ok,,COOLDOWN
2132616959999999,2132616890000000,2132617029999999,69999999,34.3,33.2,33.8,34.5,0,ok,,COOLDOWN
2132618005000000,2132617930000000,2132618080000000,75000000,34.3,33.2,33.8,34.5,0,ok,,COOLDOWN
2132618935000000,2132618870000000,2132619000000000,65000000,34.3,33.2,33.8,34.5,0,ok,,COOLDOWN
2132619960000000,2132619880000000,2132620040000000,80000000,34.3,33.2,33.8,34.5,0,ok,,COOLDOWN
2132620979999999,2132620910000000,2132621049999999,69999999,34.3,33.2,33.8,34.5,0,ok,,COOLDOWN
2132622010000000,2132621940000000,2132622080000000,70000000,34.3,33.2,33.8,34.5,0,ok,,COOLDOWN
2132623025000000,2132622950000000,2132623100000000,75000000,34.3,33.2,33.8,34.5,0,ok,,COOLDOWN
2132624050000000,2132623970000000,2132624130000000,80000000,34.3,33.2,33.8,34.5,0,ok,,COOLDOWN
2132625089999999,2132625009999999,2132625170000000,80000000,34.3,33.1,33.8,34.4,0,ok,,COOLDOWN
2132625995000000,2132625930000000,2132626060000000,65000000,34.3,33.1,33.8,34.4,0,ok,,COOLDOWN
2132627015000000,2132626950000000,2132627080000000,65000000,34.3,33.1,33.8,34.4,0,ok,,COOLDOWN
2132628050000000,2132627980000000,2132628120000000,70000000,34.3,33.1,33.8,34.4,0,ok,,COOLDOWN
2132629060000000,2132629000000000,2132629120000000,60000000,34.3,33.1,33.8,34.4,0,ok,,COOLDOWN
2132629984999999,2132629920000000,2132630049999999,64999999,34.3,33.1,33.8,34.4,0,ok,,COOLDOWN
2132631010000000,2132630940000000,2132631080000000,70000000,34.3,33.1,33.8,34.4,0,ok,,COOLDOWN
2132632039999999,2132631970000000,2132632109999999,69999999,34.3,33.1,33.8,34.4,0,ok,,COOLDOWN
2132633065000000,2132632990000000,2132633140000000,75000000,34.3,33.1,33.8,34.4,0,ok,,COOLDOWN
2132634085000000,2132634020000000,2132634150000000,65000000,34.3,33.1,33.8,34.4,0,ok,,COOLDOWN
2132635110000000,2132635040000000,2132635180000000,70000000,34.2,33.0,33.6,34.3,0,ok,,COOLDOWN
2132636135000000,2132636060000000,2132636210000000,75000000,34.2,33.0,33.6,34.3,0,ok,,COOLDOWN
2132637070000000,2132636990000000,2132637150000000,80000000,34.2,33.0,33.6,34.3,0,ok,,COOLDOWN
2132638090000000,2132638020000000,2132638160000000,70000000,34.2,33.0,33.6,34.3,0,ok,,COOLDOWN
2132639094999999,2132639029999999,2132639160000000,65000000,34.2,33.0,33.6,34.3,0,ok,,COOLDOWN
2132640119999999,2132640049999999,2132640190000000,70000000,34.2,33.0,33.6,34.3,0,ok,,COOLDOWN
2132641155000000,2132641080000000,2132641230000000,75000000,34.2,33.0,33.6,34.3,0,ok,,COOLDOWN
2132642080000000,2132642000000000,2132642160000000,80000000,34.2,33.0,33.6,34.3,0,ok,,COOLDOWN
2132643099999999,2132643029999999,2132643170000000,70000000,34.2,33.0,33.6,34.3,0,ok,,COOLDOWN
2132644115000000,2132644040000000,2132644190000000,75000000,34.2,33.0,33.6,34.3,0,ok,,COOLDOWN
2132645129999999,2132645069999999,2132645190000000,60000000,34.1,32.9,33.4,34.2,0,ok,,COOLDOWN
2132646149999999,2132646089999999,2132646210000000,60000000,34.1,32.9,33.4,34.2,0,ok,,COOLDOWN
2132647100000000,2132647020000000,2132647180000000,80000000,34.1,32.9,33.4,34.2,0,ok,,COOLDOWN
2132648120000000,2132648040000000,2132648200000000,80000000,34.1,32.9,33.4,34.2,0,ok,,COOLDOWN
2132649150000000,2132649080000000,2132649220000000,70000000,34.1,32.9,33.4,34.2,0,ok,,COOLDOWN
2132650090000000,2132650020000000,2132650160000000,70000000,34.1,32.9,33.4,34.2,0,ok,,COOLDOWN
2132651179999999,2132651109999999,2132651250000000,70000000,34.1,32.9,33.4,34.2,0,ok,,COOLDOWN
2132652230000000,2132652150000000,2132652310000000,80000000,34.1,32.9,33.4,34.2,0,ok,,COOLDOWN
2132653239999999,2132653160000000,2132653319999999,79999999,34.1,32.9,33.4,34.2,0,ok,,COOLDOWN
2132654169999999,2132654080000000,2132654259999999,89999999,34.1,32.9,33.4,34.2,0,ok,,COOLDOWN
2132655110000000,2132655040000000,2132655180000000,70000000,34.0,32.9,33.4,34.2,0,ok,,COOLDOWN
2132656230000000,2132656130000000,2132656330000000,100000000,34.0,32.9,33.4,34.2,0,ok,,COOLDOWN
2132657210000000,2132657150000000,2132657270000000,60000000,34.0,32.9,33.4,34.2,0,ok,,COOLDOWN
2132658260000000,2132658190000000,2132658330000000,70000000,34.0,32.9,33.4,34.2,0,ok,,COOLDOWN
2132659310000000,2132659230000000,2132659390000000,80000000,34.0,32.9,33.4,34.2,0,ok,,COOLDOWN
2132660149999999,2132660089999999,2132660210000000,60000000,34.0,32.9,33.4,34.2,0,ok,,COOLDOWN
2132661215000000,2132661140000000,2132661290000000,75000000,34.0,32.9,33.4,34.2,0,ok,,COOLDOWN
2132662270000000,2132662210000000,2132662330000000,60000000,34.0,32.9,33.4,34.2,0,ok,,COOLDOWN
2132663345000000,2132663270000000,2132663420000000,75000000,34.0,32.9,33.4,34.2,0,ok,,COOLDOWN
2132664205000000,2132664140000000,2132664270000000,65000000,34.0,32.9,33.4,34.2,0,ok,,COOLDOWN
2132665244999999,2132665170000000,2132665319999999,74999999,34.0,32.8,33.3,34.1,0,ok,,COOLDOWN
2132666235000000,2132666160000000,2132666310000000,75000000,34.0,32.8,33.3,34.1,0,ok,,COOLDOWN
2132667294999999,2132667230000000,2132667359999999,64999999,34.0,32.8,33.3,34.1,0,ok,,COOLDOWN
2132668325000000,2132668250000000,2132668400000000,75000000,34.0,32.8,33.3,34.1,0,ok,,COOLDOWN
2132669344999999,2132669279999999,2132669410000000,65000000,34.0,32.8,33.3,34.1,0,ok,,COOLDOWN
2132670345000000,2132670270000000,2132670420000000,75000000,34.0,32.8,33.3,34.1,0,ok,,COOLDOWN
2132671310000000,2132671230000000,2132671390000000,80000000,34.0,32.8,33.3,34.1,0,ok,,COOLDOWN
2132672280000000,2132672210000000,2132672350000000,70000000,34.0,32.8,33.3,34.1,0,ok,,COOLDOWN
2132673335000000,2132673270000000,2132673400000000,65000000,34.0,32.8,33.3,34.1,0,ok,,COOLDOWN
2132674324999999,2132674259999999,2132674390000000,65000000,34.0,32.8,33.3,34.1,0,ok,,COOLDOWN
2132675359999999,2132675279999999,2132675440000000,80000000,33.9,32.7,33.2,34.1,0,ok,,COOLDOWN
2132676374999999,2132676299999999,2132676450000000,75000000,33.9,32.7,33.2,34.1,0,ok,,COOLDOWN
2132677280000000,2132677210000000,2132677350000000,70000000,33.9,32.7,33.2,34.1,0,ok,,COOLDOWN
2132678325000000,2132678250000000,2132678400000000,75000000,33.9,32.7,33.2,34.1,0,ok,,COOLDOWN
2132679340000000,2132679270000000,2132679410000000,70000000,33.9,32.7,33.2,34.1,0,ok,,COOLDOWN
2132680400000000,2132680330000000,2132680470000000,70000000,33.9,32.7,33.2,34.1,0,ok,,COOLDOWN
2132681399999999,2132681319999999,2132681480000000,80000000,33.9,32.7,33.2,34.1,0,ok,,COOLDOWN
2132682339999999,2132682279999999,2132682400000000,60000000,33.9,32.7,33.2,34.1,0,ok,,COOLDOWN
2132683354999999,2132683279999999,2132683430000000,75000000,33.9,32.7,33.2,34.1,0,ok,,COOLDOWN
2132684405000000,2132684330000000,2132684480000000,75000000,33.9,32.7,33.2,34.1,0,ok,,COOLDOWN
2132685389999999,2132685319999999,2132685460000000,70000000,33.8,32.6,33.1,34.0,0,ok,,COOLDOWN
2132686305000000,2132686240000000,2132686370000000,65000000,33.8,32.6,33.1,34.0,0,ok,,COOLDOWN
2132687359999999,2132687299999999,2132687420000000,60000000,33.8,32.6,33.1,34.0,0,ok,,COOLDOWN
2132688369999999,2132688299999999,2132688440000000,70000000,33.8,32.6,33.1,34.0,0,ok,,COOLDOWN
2132689394999999,2132689319999999,2132689470000000,75000000,33.8,32.6,33.1,34.0,0,ok,,COOLDOWN
2132690434999999,2132690359999999,2132690509999999,75000000,33.8,32.6,33.1,34.0,0,ok,,COOLDOWN
2132691305000000,2132691240000000,2132691370000000,65000000,33.8,32.6,33.1,34.0,0,ok,,COOLDOWN
2132692385000000,2132692310000000,2132692460000000,75000000,33.8,32.6,33.1,34.0,0,ok,,COOLDOWN
2132693380000000,2132693310000000,2132693450000000,70000000,33.8,32.6,33.1,34.0,0,ok,,COOLDOWN
2132694400000000,2132694330000000,2132694470000000,70000000,33.8,32.6,33.1,34.0,0,ok,,COOLDOWN
2132695425000000,2132695350000000,2132695500000000,75000000,33.6,32.6,33.0,33.9,0,ok,,COOLDOWN
2132696345000000,2132696270000000,2132696420000000,75000000,33.6,32.6,33.0,33.9,0,ok,,COOLDOWN
2132697499999999,2132697430000000,2132697569999999,69999999,33.6,32.6,33.0,33.9,0,ok,,COOLDOWN
2132698405000000,2132698330000000,2132698480000000,75000000,33.6,32.6,33.0,33.9,0,ok,,COOLDOWN
2132699380000000,2132699310000000,2132699450000000,70000000,33.6,32.6,33.0,33.9,0,ok,,COOLDOWN
2132700460000000,2132700400000000,2132700520000000,60000000,33.6,32.6,33.0,33.9,0,ok,,COOLDOWN
2132701345000000,2132701290000000,2132701400000000,55000000,33.6,32.6,33.0,33.9,0,ok,,COOLDOWN
2132702519999999,2132702450000000,2132702589999999,69999999,33.6,32.6,33.0,33.9,0,ok,,COOLDOWN
2132703410000000,2132703330000000,2132703490000000,80000000,33.6,32.6,33.0,33.9,0,ok,,COOLDOWN
2132704484999999,2132704400000000,2132704569999999,84999999,33.6,32.6,33.0,33.9,0,ok,,COOLDOWN
2132705469999999,2132705390000000,2132705549999999,79999999,33.5,32.5,32.9,33.9,0,ok,,COOLDOWN
2132706384999999,2132706319999999,2132706450000000,65000000,33.5,32.5,32.9,33.9,0,ok,,COOLDOWN
2132707529999999,2132707470000000,2132707589999999,59999999,33.5,32.5,32.9,33.9,0,ok,,COOLDOWN
2132708439999999,2132708359999999,2132708520000000,80000000,33.5,32.5,32.9,33.9,0,ok,,COOLDOWN
2132709450000000,2132709380000000,2132709520000000,70000000,33.5,32.5,32.9,33.9,0,ok,,COOLDOWN
2132710470000000,2132710400000000,2132710540000000,70000000,33.5,32.5,32.9,33.9,0,ok,,COOLDOWN
2132711535000000,2132711470000000,2132711600000000,65000000,33.5,32.5,32.9,33.9,0,ok,,COOLDOWN
2132712509999999,2132712450000000,2132712569999999,59999999,33.5,32.5,32.9,33.9,0,ok,,COOLDOWN
2132713590000000,2132713520000000,2132713660000000,70000000,33.5,32.5,32.9,33.9,0,ok,,COOLDOWN
2132714485000000,2132714410000000,2132714560000000,75000000,33.5,32.5,32.9,33.9,0,ok,,COOLDOWN
2132715509999999,2132715430000000,2132715589999999,79999999,33.4,32.4,32.8,33.8,0,ok,,COOLDOWN
2132716525000000,2132716450000000,2132716600000000,75000000,33.4,32.4,32.8,33.8,0,ok,,COOLDOWN
2132717570000000,2132717470000000,2132717670000000,100000000,33.4,32.4,32.8,33.8,0,ok,,COOLDOWN
2132718590000000,2132718520000000,2132718660000000,70000000,33.4,32.4,32.8,33.8,0,ok,,COOLDOWN
2132719560000000,2132719500000000,2132719620000000,60000000,33.4,32.4,32.8,33.8,0,ok,,COOLDOWN
2132720555000000,2132720480000000,2132720630000000,75000000,33.4,32.4,32.8,33.8,0,ok,,COOLDOWN
2132721529999999,2132721470000000,2132721589999999,59999999,33.4,32.4,32.8,33.8,0,ok,,COOLDOWN
2132722580000000,2132722470000000,2132722690000000,110000000,33.4,32.4,32.8,33.8,0,ok,,COOLDOWN
2132723575000000,2132723520000000,2132723630000000,55000000,33.4,32.4,32.8,33.8,0,ok,,COOLDOWN
2132724615000000,2132724540000000,2132724690000000,75000000,33.4,32.4,32.8,33.8,0,ok,,COOLDOWN
2132725549999999,2132725490000000,2132725609999999,59999999,33.3,32.3,32.7,33.7,0,ok,,COOLDOWN
2132726544999999,2132726480000000,2132726609999999,64999999,33.3,32.3,32.7,33.7,0,ok,,COOLDOWN
2132727565000000,2132727500000000,2132727630000000,65000000,33.3,32.3,32.7,33.7,0,ok,,COOLDOWN
2132728549999999,2132728490000000,2132728609999999,59999999,33.3,32.3,32.7,33.7,0,ok,,COOLDOWN
2132729565000000,2132729500000000,2132729630000000,65000000,33.3,32.3,32.7,33.7,0,ok,,COOLDOWN
2132730550000000,2132730480000000,2132730620000000,70000000,33.3,32.3,32.7,33.7,0,ok,,COOLDOWN
2132731595000000,2132731520000000,2132731670000000,75000000,33.3,32.3,32.7,33.7,0,ok,,COOLDOWN
2132732539999999,2132732470000000,2132732609999999,69999999,33.3,32.3,32.7,33.7,0,ok,,COOLDOWN
2132733565000000,2132733500000000,2132733630000000,65000000,33.3,32.3,32.7,33.7,0,ok,,COOLDOWN
2132734595000000,2132734520000000,2132734670000000,75000000,33.3,32.3,32.7,33.7,0,ok,,COOLDOWN
2132735614999999,2132735549999999,2132735680000000,65000000,33.3,32.3,32.8,33.7,0,ok,,COOLDOWN
2132736595000000,2132736520000000,2132736670000000,75000000,33.3,32.3,32.8,33.7,0,ok,,COOLDOWN
2132737579999999,2132737509999999,2132737650000000,70000000,33.3,32.3,32.8,33.7,0,ok,,COOLDOWN
2132738590000000,2132738520000000,2132738660000000,70000000,33.3,32.3,32.8,33.7,0,ok,,COOLDOWN
2132739615000000,2132739540000000,2132739690000000,75000000,33.3,32.3,32.8,33.7,0,ok,,COOLDOWN
2132740624999999,2132740549999999,2132740700000000,75000000,33.3,32.3,32.8,33.7,0,ok,,COOLDOWN
2132741635000000,2132741560000000,2132741710000000,75000000,33.3,32.3,32.8,33.7,0,ok,,COOLDOWN
2132742610000000,2132742540000000,2132742680000000,70000000,33.3,32.3,32.8,33.7,0,ok,,COOLDOWN
2132743630000000,2132743560000000,2132743700000000,70000000,33.3,32.3,32.8,33.7,0,ok,,COOLDOWN
2132744639999999,2132744569999999,2132744710000000,70000000,33.3,32.3,32.8,33.7,0,ok,,COOLDOWN
2132745655000000,2132745580000000,2132745730000000,75000000,33.2,32.2,32.6,33.6,0,ok,,COOLDOWN
2132746634999999,2132746569999999,2132746700000000,65000000,33.2,32.2,32.6,33.6,0,ok,,COOLDOWN
2132747649999999,2132747569999999,2132747730000000,80000000,33.2,32.2,32.6,33.6,0,ok,,COOLDOWN
2132748635000000,2132748560000000,2132748710000000,75000000,33.2,32.2,32.6,33.6,0,ok,,COOLDOWN
2132749655000000,2132749580000000,2132749730000000,75000000,33.2,32.2,32.6,33.6,0,ok,,COOLDOWN
2132750634999999,2132750569999999,2132750700000000,65000000,33.2,32.2,32.6,33.6,0,ok,,COOLDOWN
2132751664999999,2132751589999999,2132751740000000,75000000,33.2,32.2,32.6,33.6,0,ok,,COOLDOWN
2132752655000000,2132752600000000,2132752710000000,55000000,33.2,32.2,32.6,33.6,0,ok,,COOLDOWN
2132753695000000,2132753600000000,2132753790000000,95000000,33.2,32.2,32.6,33.6,0,ok,,COOLDOWN
2132754705000000,2132754600000000,2132754810000000,105000000,33.2,32.2,32.6,33.6,0,ok,,COOLDOWN
2132755699999999,2132755620000000,2132755779999999,79999999,33.2,32.2,32.6,33.6,0,ok,,COOLDOWN
2132756679999999,2132756609999999,2132756750000000,70000000,33.2,32.2,32.6,33.6,0,ok,,COOLDOWN
2132757689999999,2132757620000000,2132757759999999,69999999,33.2,32.2,32.6,33.6,0,ok,,COOLDOWN
2132758715000000,2132758640000000,2132758790000000,75000000,33.2,32.2,32.6,33.6,0,ok,,COOLDOWN
2132759714999999,2132759650000000,2132759779999999,64999999,33.2,32.2,32.6,33.6,0,ok,,COOLDOWN
2132760739999999,2132760660000000,2132760819999999,79999999,33.2,32.2,32.6,33.6,0,ok,,COOLDOWN
2132761744999999,2132761670000000,2132761819999999,74999999,33.2,32.2,32.6,33.6,0,ok,,COOLDOWN
2132762740000000,2132762670000000,2132762810000000,70000000,33.2,32.2,32.6,33.6,0,ok,,COOLDOWN
2132763749999999,2132763680000000,2132763819999999,69999999,33.2,32.2,32.6,33.6,0,ok,,COOLDOWN
2132764764999999,2132764690000000,2132764839999999,74999999,33.2,32.2,32.6,33.6,0,ok,,COOLDOWN
2132765755000000,2132765680000000,2132765830000000,75000000,33.1,32.1,32.6,33.5,0,ok,,COOLDOWN
2132766755000000,2132766680000000,2132766830000000,75000000,33.1,32.1,32.6,33.5,0,ok,,COOLDOWN
2132767754999999,2132767690000000,2132767819999999,64999999,33.1,32.1,32.6,33.5,0,ok,,COOLDOWN
2132768760000000,2132768690000000,2132768830000000,70000000,33.1,32.1,32.6,33.5,0,ok,,COOLDOWN
2132769775000000,2132769700000000,2132769850000000,75000000,33.1,32.1,32.6,33.5,0,ok,,COOLDOWN
2132770770000000,2132770710000000,2132770830000000,60000000,33.1,32.1,32.6,33.5,0,ok,,COOLDOWN
2132771780000000,2132771710000000,2132771850000000,70000000,33.1,32.1,32.6,33.5,0,ok,,COOLDOWN
2132772779999999,2132772700000000,2132772859999999,79999999,33.1,32.1,32.6,33.5,0,ok,,COOLDOWN
2132773885000000,2132773810000000,2132773960000000,75000000,33.1,32.1,32.6,33.5,0,ok,,COOLDOWN
2132774784999999,2132774710000000,2132774859999999,74999999,33.1,32.1,32.6,33.5,0,ok,,COOLDOWN
2132775784999999,2132775710000000,2132775859999999,74999999,33.1,32.0,32.5,33.5,0,ok,,COOLDOWN
2132776784999999,2132776710000000,2132776859999999,74999999,33.1,32.0,32.5,33.5,0,ok,,COOLDOWN
2132777855000000,2132777790000000,2132777920000000,65000000,33.1,32.0,32.5,33.5,0,ok,,COOLDOWN
2132778805000000,2132778730000000,2132778880000000,75000000,33.1,32.0,32.5,33.5,0,ok,,COOLDOWN
2132779904999999,2132779839999999,2132779970000000,65000000,33.1,32.0,32.5,33.5,0,ok,,COOLDOWN
2132780915000000,2132780850000000,2132780980000000,65000000,33.1,32.0,32.5,33.5,0,ok,,COOLDOWN
2132781859999999,2132781779999999,2132781940000000,80000000,33.1,32.0,32.5,33.5,0,ok,,COOLDOWN
2132782880000000,2132782810000000,2132782950000000,70000000,33.1,32.0,32.5,33.5,0,ok,,COOLDOWN
2132783820000000,2132783750000000,2132783890000000,70000000,33.1,32.0,32.5,33.5,0,ok,,COOLDOWN
2132784934999999,2132784859999999,2132785009999999,75000000,33.1,32.0,32.5,33.4,0,ok,,COOLDOWN
2132785840000000,2132785770000000,2132785910000000,70000000,33.1,32.0,32.5,33.4,0,ok,,COOLDOWN
2132786860000000,2132786790000000,2132786930000000,70000000,33.1,32.0,32.5,33.4,0,ok,,COOLDOWN
2132787894999999,2132787819999999,2132787970000000,75000000,33.1,32.0,32.5,33.4,0,ok,,COOLDOWN
2132788904999999,2132788839999999,2132788970000000,65000000,33.1,32.0,32.5,33.4,0,ok,,COOLDOWN
2132789939999999,2132789870000000,2132790009999999,69999999,33.1,32.0,32.5,33.4,0,ok,,COOLDOWN
2132790865000000,2132790790000000,2132790940000000,75000000,33.1,32.0,32.5,33.4,0,ok,,COOLDOWN
2132791880000000,2132791810000000,2132791950000000,70000000,33.1,32.0,32.5,33.4,0,ok,,COOLDOWN
2132792909999999,2132792839999999,2132792980000000,70000000,33.1,32.0,32.5,33.4,0,ok,,COOLDOWN
2132793830000000,2132793770000000,2132793890000000,60000000,33.1,32.0,32.5,33.4,0,ok,,COOLDOWN
2132794959999999,2132794890000000,2132795029999999,69999999,33.0,31.9,32.5,33.4,0,ok,,COOLDOWN
2132795979999999,2132795910000000,2132796049999999,69999999,33.0,31.9,32.5,33.4,0,ok,,COOLDOWN
2132796914999999,2132796839999999,2132796990000000,75000000,33.0,31.9,32.5,33.4,0,ok,,COOLDOWN
2132797860000000,2132797790000000,2132797930000000,70000000,33.0,31.9,32.5,33.4,0,ok,,COOLDOWN
2132798950000000,2132798880000000,2132799020000000,70000000,33.0,31.9,32.5,33.4,0,ok,,COOLDOWN
2132799979999999,2132799910000000,2132800049999999,69999999,33.0,31.9,32.5,33.4,0,ok,,COOLDOWN
2132801009999999,2132800930000000,2132801089999999,79999999,33.0,31.9,32.5,33.4,0,ok,,COOLDOWN
2132801939999999,2132801850000000,2132802029999999,89999999,33.0,31.9,32.5,33.4,0,ok,,COOLDOWN
2132802975000000,2132802870000000,2132803080000000,105000000,33.0,31.9,32.5,33.4,0,ok,,COOLDOWN
2132803945000000,2132803890000000,2132804000000000,55000000,33.0,31.9,32.5,33.4,0,ok,,COOLDOWN
2132804999999999,2132804930000000,2132805069999999,69999999,33.0,31.9,32.4,33.4,0,ok,,COOLDOWN
2132806014999999,2132805940000000,2132806089999999,74999999,33.0,31.9,32.4,33.4,0,ok,,COOLDOWN
2132807039999999,2132806970000000,2132807109999999,69999999,33.0,31.9,32.4,33.4,0,ok,,COOLDOWN
2132807959999999,2132807890000000,2132808029999999,69999999,33.0,31.9,32.4,33.4,0,ok,,COOLDOWN
2132808985000000,2132808910000000,2132809060000000,75000000,33.0,31.9,32.4,33.4,0,ok,,COOLDOWN
2132810019999999,2132809950000000,2132810089999999,69999999,33.0,31.9,32.4,33.4,0,ok,,COOLDOWN
2132811045000000,2132810970000000,2132811120000000,75000000,33.0,31.9,32.4,33.4,0,ok,,COOLDOWN
2132812055000000,2132811990000000,2132812120000000,65000000,33.0,31.9,32.4,33.4,0,ok,,COOLDOWN
2132812960000000,2132812900000000,2132813020000000,60000000,33.0,31.9,32.4,33.4,0,ok,,COOLDOWN
2132814010000000,2132813940000000,2132814080000000,70000000,33.0,31.9,32.4,33.4,0,ok,,COOLDOWN
2132815019999999,2132814950000000,2132815089999999,69999999,32.9,31.8,32.3,33.3,0,ok,,COOLDOWN
2132816050000000,2132815980000000,2132816120000000,70000000,32.9,31.8,32.3,33.3,0,ok,,COOLDOWN
2132816984999999,2132816920000000,2132817049999999,64999999,32.9,31.8,32.3,33.3,0,ok,,COOLDOWN
2132818109999999,2132818029999999,2132818190000000,80000000,32.9,31.8,32.3,33.3,0,ok,,COOLDOWN
2132819030000000,2132818960000000,2132819100000000,70000000,32.9,31.8,32.3,33.3,0,ok,,COOLDOWN
2132820040000000,2132819980000000,2132820100000000,60000000,32.9,31.8,32.3,33.3,0,ok,,COOLDOWN
2132821080000000,2132821000000000,2132821160000000,80000000,32.9,31.8,32.3,33.3,0,ok,,COOLDOWN
2132822014999999,2132821940000000,2132822089999999,74999999,32.9,31.8,32.3,33.3,0,ok,,COOLDOWN
2132823124999999,2132823049999999,2132823200000000,75000000,32.9,31.8,32.3,33.3,0,ok,,COOLDOWN
2132824155000000,2132824080000000,2132824230000000,75000000,32.9,31.8,32.3,33.3,0,ok,,COOLDOWN
2132825070000000,2132825000000000,2132825140000000,70000000,32.8,31.7,32.2,33.2,0,ok,,COOLDOWN
2132826100000000,2132826020000000,2132826180000000,80000000,32.8,31.7,32.2,33.2,0,ok,,COOLDOWN
2132827094999999,2132827029999999,2132827160000000,65000000,32.8,31.7,32.2,33.2,0,ok,,COOLDOWN
2132828030000000,2132827960000000,2132828100000000,70000000,32.8,31.7,32.2,33.2,0,ok,,COOLDOWN
2132829049999999,2132828990000000,2132829109999999,59999999,32.8,31.7,32.2,33.2,0,ok,,COOLDOWN
2132830055000000,2132829980000000,2132830130000000,75000000,32.8,31.7,32.2,33.2,0,ok,,COOLDOWN
2132831120000000,2132831040000000,2132831200000000,80000000,32.8,31.7,32.2,33.2,0,ok,,COOLDOWN
2132832140000000,2132832060000000,2132832220000000,80000000,32.8,31.7,32.2,33.2,0,ok,,COOLDOWN
2132833159999999,2132833089999999,2132833230000000,70000000,32.8,31.7,32.2,33.2,0,ok,,COOLDOWN
2132834179999999,2132834100000000,2132834259999999,79999999,32.8,31.7,32.2,33.2,0,ok,,COOLDOWN
2132835089999999,2132835009999999,2132835170000000,80000000,32.7,31.7,32.2,33.2,0,ok,,COOLDOWN
2132836119999999,2132836049999999,2132836190000000,70000000,32.7,31.7,32.2,33.2,0,ok,,COOLDOWN
2132837155000000,2132837080000000,2132837230000000,75000000,32.7,31.7,32.2,33.2,0,ok,,COOLDOWN
2132838179999999,2132838109999999,2132838250000000,70000000,32.7,31.7,32.2,33.2,0,ok,,COOLDOWN
2132839214999999,2132839130000000,2132839299999999,84999999,32.7,31.7,32.2,33.2,0,ok,,COOLDOWN
2132840120000000,2132840060000000,2132840180000000,60000000,32.7,31.7,32.2,33.2,0,ok,,COOLDOWN
2132841249999999,2132841180000000,2132841319999999,69999999,32.7,31.7,32.2,33.2,0,ok,,COOLDOWN
2132842189999999,2132842080000000,2132842299999999,109999999,32.7,31.7,32.2,33.2,0,ok,,COOLDOWN
2132843180000000,2132843120000000,2132843240000000,60000000,32.7,31.7,32.2,33.2,0,ok,,COOLDOWN
2132844205000000,2132844140000000,2132844270000000,65000000,32.7,31.7,32.2,33.2,0,ok,,COOLDOWN
2132845170000000,2132845100000000,2132845240000000,70000000,32.6,31.6,32.1,33.1,0,ok,,COOLDOWN
2132846295000000,2132846220000000,2132846370000000,75000000,32.6,31.6,32.1,33.1,0,ok,,COOLDOWN
2132847300000000,2132847230000000,2132847370000000,70000000,32.6,31.6,32.1,33.1,0,ok,,COOLDOWN
2132848234999999,2132848170000000,2132848299999999,64999999,32.6,31.6,32.1,33.1,0,ok,,COOLDOWN
2132849229999999,2132849160000000,2132849299999999,69999999,32.6,31.6,32.1,33.1,0,ok,,COOLDOWN
2132850274999999,2132850210000000,2132850339999999,64999999,32.6,31.6,32.1,33.1,0,ok,,COOLDOWN
2132851300000000,2132851230000000,2132851370000000,70000000,32.6,31.6,32.1,33.1,0,ok,,COOLDOWN
2132852350000000,2132852270000000,2132852430000000,80000000,32.6,31.6,32.1,33.1,0,ok,,COOLDOWN
2132853214999999,2132853150000000,2132853279999999,64999999,32.6,31.6,32.1,33.1,0,ok,,COOLDOWN
2132854289999999,2132854220000000,2132854359999999,69999999,32.6,31.6,32.1,33.1,0,ok,,COOLDOWN
2132855284999999,2132855210000000,2132855359999999,74999999,32.6,31.6,32.2,33.1,0,ok,,COOLDOWN
2132856354999999,2132856259999999,2132856450000000,95000000,32.6,31.6,32.2,33.1,0,ok,,COOLDOWN
2132857364999999,2132857279999999,2132857450000000,85000000,32.6,31.6,32.2,33.1,0,ok,,COOLDOWN
2132858390000000,2132858310000000,2132858470000000,80000000,32.6,31.6,32.2,33.1,0,ok,,COOLDOWN
2132859275000000,2132859200000000,2132859350000000,75000000,32.6,31.6,32.2,33.1,0,ok,,COOLDOWN
2132860285000000,2132860220000000,2132860350000000,65000000,32.6,31.6,32.2,33.1,0,ok,,COOLDOWN
2132861340000000,2132861270000000,2132861410000000,70000000,32.6,31.6,32.2,33.1,0,ok,,COOLDOWN
2132862345000000,2132862270000000,2132862420000000,75000000,32.6,31.6,32.2,33.1,0,ok,,COOLDOWN
2132863344999999,2132863279999999,2132863410000000,65000000,32.6,31.6,32.2,33.1,0,ok,,COOLDOWN
2132864414999999,2132864339999999,2132864490000000,75000000,32.6,31.6,32.2,33.1,0,ok,,COOLDOWN
2132865335000000,2132865270000000,2132865400000000,65000000,32.6,31.5,32.2,33.1,0,ok,,COOLDOWN
2132866329999999,2132866259999999,2132866400000000,70000000,32.6,31.5,32.2,33.1,0,ok,,COOLDOWN
2132867365000000,2132867290000000,2132867440000000,75000000,32.6,31.5,32.2,33.1,0,ok,,COOLDOWN
2132868409999999,2132868339999999,2132868480000000,70000000,32.6,31.5,32.2,33.1,0,ok,,COOLDOWN
2132869405000000,2132869330000000,2132869480000000,75000000,32.6,31.5,32.2,33.1,0,ok,,COOLDOWN
2132870315000000,2132870250000000,2132870380000000,65000000,32.6,31.5,32.2,33.1,0,ok,,COOLDOWN
2132871354999999,2132871279999999,2132871430000000,75000000,32.6,31.5,32.2,33.1,0,ok,,COOLDOWN
2132872335000000,2132872270000000,2132872400000000,65000000,32.6,31.5,32.2,33.1,0,ok,,COOLDOWN
2132873389999999,2132873319999999,2132873460000000,70000000,32.6,31.5,32.2,33.1,0,ok,,COOLDOWN
2132874444999999,2132874380000000,2132874509999999,64999999,32.6,31.5,32.2,33.1,0,ok,,COOLDOWN
2132875430000000,2132875370000000,2132875490000000,60000000,32.5,31.5,32.0,33.0,0,ok,,COOLDOWN
2132876370000000,2132876290000000,2132876450000000,80000000,32.5,31.5,32.0,33.0,0,ok,,COOLDOWN
2132877415000000,2132877350000000,2132877480000000,65000000,32.5,31.5,32.0,33.0,0,ok,,COOLDOWN
2132878420000000,2132878350000000,2132878490000000,70000000,32.5,31.5,32.0,33.0,0,ok,,COOLDOWN
2132879424999999,2132879359999999,2132879490000000,65000000,32.5,31.5,32.0,33.0,0,ok,,COOLDOWN
2132880505000000,2132880430000000,2132880580000000,75000000,32.5,31.5,32.0,33.0,0,ok,,COOLDOWN
2132881369999999,2132881299999999,2132881440000000,70000000,32.5,31.5,32.0,33.0,0,ok,,COOLDOWN
2132882409999999,2132882339999999,2132882480000000,70000000,32.5,31.5,32.0,33.0,0,ok,,COOLDOWN
2132883439999999,2132883370000000,2132883509999999,69999999,32.5,31.5,32.0,33.0,0,ok,,COOLDOWN
2132884490000000,2132884420000000,2132884560000000,70000000,32.5,31.5,32.0,33.0,0,ok,,COOLDOWN
2132885479999999,2132885410000000,2132885549999999,69999999,32.4,31.4,31.9,33.0,0,ok,,COOLDOWN
2132886385000000,2132886330000000,2132886440000000,55000000,32.4,31.4,31.9,33.0,0,ok,,COOLDOWN
2132887560000000,2132887490000000,2132887630000000,70000000,32.4,31.4,31.9,33.0,0,ok,,COOLDOWN
2132888450000000,2132888380000000,2132888520000000,70000000,32.4,31.4,31.9,33.0,0,ok,,COOLDOWN
2132889464999999,2132889400000000,2132889529999999,64999999,32.4,31.4,31.9,33.0,0,ok,,COOLDOWN
2132890495000000,2132890430000000,2132890560000000,65000000,32.4,31.4,31.9,33.0,0,ok,,COOLDOWN
2132891544999999,2132891480000000,2132891609999999,64999999,32.4,31.4,31.9,33.0,0,ok,,COOLDOWN
2132892479999999,2132892410000000,2132892549999999,69999999,32.4,31.4,31.9,33.0,0,ok,,COOLDOWN
2132893585000000,2132893520000000,2132893650000000,65000000,32.4,31.4,31.9,33.0,0,ok,,COOLDOWN
2132894579999999,2132894509999999,2132894650000000,70000000,32.4,31.4,31.9,33.0,0,ok,,COOLDOWN
2132895514999999,2132895440000000,2132895589999999,74999999,32.3,31.4,31.9,33.0,0,ok,,COOLDOWN
2132896565000000,2132896500000000,2132896630000000,65000000,32.3,31.4,31.9,33.0,0,ok,,COOLDOWN
2132897590000000,2132897520000000,2132897660000000,70000000,32.3,31.4,31.9,33.0,0,ok,,COOLDOWN
2132898570000000,2132898500000000,2132898640000000,70000000,32.3,31.4,31.9,33.0,0,ok,,COOLDOWN
2132899599999999,2132899529999999,2132899670000000,70000000,32.3,31.4,31.9,33.0,0,ok,,COOLDOWN
2132900580000000,2132900500000000,2132900660000000,80000000,32.3,31.4,31.9,33.0,0,ok,,COOLDOWN
2132901590000000,2132901520000000,2132901660000000,70000000,32.3,31.4,31.9,33.0,0,ok,,COOLDOWN
2132902574999999,2132902509999999,2132902640000000,65000000,32.3,31.4,31.9,33.0,0,ok,,COOLDOWN
2132903584999999,2132903509999999,2132903660000000,75000000,32.3,31.4,31.9,33.0,0,ok,,COOLDOWN
2132904575000000,2132904500000000,2132904650000000,75000000,32.3,31.4,31.9,33.0,0,ok,,COOLDOWN
2132905604999999,2132905529999999,2132905680000000,75000000,32.3,31.3,31.8,32.9,0,ok,,COOLDOWN
2132906599999999,2132906529999999,2132906670000000,70000000,32.3,31.3,31.8,32.9,0,ok,,COOLDOWN
2132907579999999,2132907509999999,2132907650000000,70000000,32.3,31.3,31.8,32.9,0,ok,,COOLDOWN
2132908609999999,2132908529999999,2132908690000000,80000000,32.3,31.3,31.8,32.9,0,ok,,COOLDOWN
2132909619999999,2132909549999999,2132909690000000,70000000,32.3,31.3,31.8,32.9,0,ok,,COOLDOWN
2132910595000000,2132910520000000,2132910670000000,75000000,32.3,31.3,31.8,32.9,0,ok,,COOLDOWN
2132911615000000,2132911540000000,2132911690000000,75000000,32.3,31.3,31.8,32.9,0,ok,,COOLDOWN
2132912620000000,2132912540000000,2132912700000000,80000000,32.3,31.3,31.8,32.9,0,ok,,COOLDOWN
2132913640000000,2132913560000000,2132913720000000,80000000,32.3,31.3,31.8,32.9,0,ok,,COOLDOWN
2132914625000000,2132914560000000,2132914690000000,65000000,32.3,31.3,31.8,32.9,0,ok,,COOLDOWN
2132915635000000,2132915560000000,2132915710000000,75000000,32.3,31.3,31.8,32.9,0,ok,,COOLDOWN
2132916639999999,2132916569999999,2132916710000000,70000000,32.3,31.3,31.8,32.9,0,ok,,COOLDOWN
2132917665000000,2132917580000000,2132917750000000,85000000,32.3,31.3,31.8,32.9,0,ok,,COOLDOWN
2132918650000000,2132918580000000,2132918720000000,70000000,32.3,31.3,31.8,32.9,0,ok,,COOLDOWN
2132919675000000,2132919600000000,2132919750000000,75000000,32.3,31.3,31.8,32.9,0,ok,,COOLDOWN
2132920665000000,2132920600000000,2132920730000000,65000000,32.3,31.3,31.8,32.9,0,ok,,COOLDOWN
2132921679999999,2132921609999999,2132921750000000,70000000,32.3,31.3,31.8,32.9,0,ok,,COOLDOWN
2132922675000000,2132922600000000,2132922750000000,75000000,32.3,31.3,31.8,32.9,0,ok,,COOLDOWN
2132923675000000,2132923600000000,2132923750000000,75000000,32.3,31.3,31.8,32.9,0,ok,,COOLDOWN
2132924684999999,2132924609999999,2132924759999999,75000000,32.3,31.3,31.8,32.9,0,ok,,COOLDOWN
2132925689999999,2132925620000000,2132925759999999,69999999,32.3,31.2,31.7,32.8,0,ok,,COOLDOWN
2132926674999999,2132926609999999,2132926740000000,65000000,32.3,31.2,31.7,32.8,0,ok,,COOLDOWN
2132927685000000,2132927620000000,2132927750000000,65000000,32.3,31.2,31.7,32.8,0,ok,,COOLDOWN
2132928705000000,2132928640000000,2132928770000000,65000000,32.3,31.2,31.7,32.8,0,ok,,COOLDOWN
2132929709999999,2132929640000000,2132929779999999,69999999,32.3,31.2,31.7,32.8,0,ok,,COOLDOWN
2132930735000000,2132930660000000,2132930810000000,75000000,32.3,31.2,31.7,32.8,0,ok,,COOLDOWN
2132931745000000,2132931660000000,2132931830000000,85000000,32.3,31.2,31.7,32.8,0,ok,,COOLDOWN
2132932700000000,2132932630000000,2132932770000000,70000000,32.3,31.2,31.7,32.8,0,ok,,COOLDOWN
2132933740000000,2132933670000000,2132933810000000,70000000,32.3,31.2,31.7,32.8,0,ok,,COOLDOWN
2132934745000000,2132934660000000,2132934830000000,85000000,32.3,31.2,31.7,32.8,0,ok,,COOLDOWN
2132935725000000,2132935660000000,2132935790000000,65000000,32.2,31.1,31.7,32.8,0,ok,,COOLDOWN
2132936740000000,2132936670000000,2132936810000000,70000000,32.2,31.1,31.7,32.8,0,ok,,COOLDOWN
2132937735000000,2132937660000000,2132937810000000,75000000,32.2,31.1,31.7,32.8,0,ok,,COOLDOWN
2132938775000000,2132938700000000,2132938850000000,75000000,32.2,31.1,31.7,32.8,0,ok,,COOLDOWN
2132939764999999,2132939690000000,2132939839999999,74999999,32.2,31.1,31.7,32.8,0,ok,,COOLDOWN
2132940770000000,2132940690000000,2132940850000000,80000000,32.2,31.1,31.7,32.8,0,ok,,COOLDOWN
2132941775000000,2132941700000000,2132941850000000,75000000,32.2,31.1,31.7,32.8,0,ok,,COOLDOWN
2132942790000000,2132942710000000,2132942870000000,80000000,32.2,31.1,31.7,32.8,0,ok,,COOLDOWN
2132943789999999,2132943720000000,2132943859999999,69999999,32.2,31.1,31.7,32.8,0,ok,,COOLDOWN
2132944869999999,2132944799999999,2132944940000000,70000000,32.2,31.1,31.7,32.8,0,ok,,COOLDOWN
2132945910000000,2132945830000000,2132945990000000,80000000,32.2,31.1,31.7,32.7,0,ok,,COOLDOWN
2132946925000000,2132946850000000,2132947000000000,75000000,32.2,31.1,31.7,32.7,0,ok,,COOLDOWN
2132947825000000,2132947770000000,2132947880000000,55000000,32.2,31.1,31.7,32.7,0,ok,,COOLDOWN
2132948865000000,2132948790000000,2132948940000000,75000000,32.2,31.1,31.7,32.7,0,ok,,COOLDOWN
2132949829999999,2132949759999999,2132949900000000,70000000,32.2,31.1,31.7,32.7,0,ok,,COOLDOWN
2132950899999999,2132950839999999,2132950960000000,60000000,32.2,31.1,31.7,32.7,0,ok,,COOLDOWN
2132951935000000,2132951870000000,2132952000000000,65000000,32.2,31.1,31.7,32.7,0,ok,,COOLDOWN
2132952954999999,2132952880000000,2132953029999999,74999999,32.2,31.1,31.7,32.7,0,ok,,COOLDOWN
2132953894999999,2132953819999999,2132953970000000,75000000,32.2,31.1,31.7,32.7,0,ok,,COOLDOWN
2132954919999999,2132954839999999,2132955000000000,80000000,32.2,31.1,31.7,32.7,0,ok,,COOLDOWN
2132955919999999,2132955859999999,2132955980000000,60000000,32.1,31.0,31.7,32.7,0,ok,,COOLDOWN
2132956964999999,2132956880000000,2132957049999999,84999999,32.1,31.0,31.7,32.7,0,ok,,COOLDOWN
2132957989999999,2132957910000000,2132958069999999,79999999,32.1,31.0,31.7,32.7,0,ok,,COOLDOWN
2132959010000000,2132958940000000,2132959080000000,70000000,32.1,31.0,31.7,32.7,0,ok,,COOLDOWN
2132959934999999,2132959859999999,2132960009999999,75000000,32.1,31.0,31.7,32.7,0,ok,,COOLDOWN
2132960970000000,2132960880000000,2132961060000000,90000000,32.1,31.0,31.7,32.7,0,ok,,COOLDOWN
2132961980000000,2132961900000000,2132962060000000,80000000,32.1,31.0,31.7,32.7,0,ok,,COOLDOWN
2132963010000000,2132962940000000,2132963080000000,70000000,32.1,31.0,31.7,32.7,0,ok,,COOLDOWN
2132964045000000,2132963950000000,2132964140000000,95000000,32.1,31.0,31.7,32.7,0,ok,,COOLDOWN
2132964910000000,2132964850000000,2132964970000000,60000000,32.1,31.0,31.7,32.7,0,ok,,COOLDOWN
2132965995000000,2132965910000000,2132966080000000,85000000,32.1,31.0,31.6,32.7,0,ok,,COOLDOWN
2132967000000000,2132966920000000,2132967080000000,80000000,32.1,31.0,31.6,32.7,0,ok,,COOLDOWN
2132968040000000,2132967960000000,2132968120000000,80000000,32.1,31.0,31.6,32.7,0,ok,,COOLDOWN
2132969075000000,2132968980000000,2132969170000000,95000000,32.1,31.0,31.6,32.7,0,ok,,COOLDOWN
2132970060000000,2132969990000000,2132970130000000,70000000,32.1,31.0,31.6,32.7,0,ok,,COOLDOWN
2132971095000000,2132971020000000,2132971170000000,75000000,32.1,31.0,31.6,32.7,0,ok,,COOLDOWN
2132972010000000,2132971940000000,2132972080000000,70000000,32.1,31.0,31.6,32.7,0,ok,,COOLDOWN
2132973030000000,2132972960000000,2132973100000000,70000000,32.1,31.0,31.6,32.7,0,ok,,COOLDOWN
2132974029999999,2132973970000000,2132974089999999,59999999,32.1,31.0,31.6,32.7,0,ok,,COOLDOWN
2132975075000000,2132975000000000,2132975150000000,75000000,32.1,31.0,31.6,32.7,0,ok,,COOLDOWN
2132976005000000,2132975930000000,2132976080000000,75000000,32.0,30.9,31.4,32.6,0,ok,,COOLDOWN
2132977024999999,2132976960000000,2132977089999999,64999999,32.0,30.9,31.4,32.6,0,ok,,COOLDOWN
2132978050000000,2132977980000000,2132978120000000,70000000,32.0,30.9,31.4,32.6,0,ok,,COOLDOWN
2132978995000000,2132978930000000,2132979060000000,65000000,32.0,30.9,31.4,32.6,0,ok,,COOLDOWN
2132980104999999,2132980029999999,2132980180000000,75000000,32.0,30.9,31.4,32.6,0,ok,,COOLDOWN
2132981139999999,2132981069999999,2132981210000000,70000000,32.0,30.9,31.4,32.6,0,ok,,COOLDOWN
2132982040000000,2132981980000000,2132982100000000,60000000,32.0,30.9,31.4,32.6,0,ok,,COOLDOWN
2132983065000000,2132983000000000,2132983130000000,65000000,32.0,30.9,31.4,32.6,0,ok,,COOLDOWN
2132984094999999,2132984029999999,2132984160000000,65000000,32.0,30.9,31.4,32.6,0,ok,,COOLDOWN
2132985135000000,2132985040000000,2132985230000000,95000000,32.0,30.9,31.4,32.6,0,ok,,COOLDOWN
2132986134999999,2132986069999999,2132986200000000,65000000,31.9,30.9,31.4,32.5,0,ok,,COOLDOWN
2132987060000000,2132986990000000,2132987130000000,70000000,31.9,30.9,31.4,32.5,0,ok,,COOLDOWN
2132988074999999,2132988009999999,2132988140000000,65000000,31.9,30.9,31.4,32.5,0,ok,,COOLDOWN
2132989034999999,2132988980000000,2132989089999999,54999999,31.9,30.9,31.4,32.5,0,ok,,COOLDOWN
2132990159999999,2132990060000000,2132990259999999,99999999,31.9,30.9,31.4,32.5,0,ok,,COOLDOWN
2132991164999999,2132991089999999,2132991240000000,75000000,31.9,30.9,31.4,32.5,0,ok,,COOLDOWN
2132992174999999,2132992109999999,2132992240000000,65000000,31.9,30.9,31.4,32.5,0,ok,,COOLDOWN
2132993104999999,2132993029999999,2132993180000000,75000000,31.9,30.9,31.4,32.5,0,ok,,COOLDOWN
2132994140000000,2132994060000000,2132994220000000,80000000,31.9,30.9,31.4,32.5,0,ok,,COOLDOWN
2132995094999999,2132995029999999,2132995160000000,65000000,31.9,30.9,31.4,32.5,0,ok,,COOLDOWN
2132996189999999,2132996109999999,2132996270000000,80000000,31.9,30.8,31.3,32.5,0,ok,,COOLDOWN
2132997199999999,2132997120000000,2132997279999999,79999999,31.9,30.8,31.3,32.5,0,ok,,COOLDOWN
2132998114999999,2132998049999999,2132998180000000,65000000,31.9,30.8,31.3,32.5,0,ok,,COOLDOWN
2132999145000000,2132999080000000,2132999210000000,65000000,31.9,30.8,31.3,32.5,0,ok,,COOLDOWN
2133000199999999,2133000089999999,2133000310000000,110000000,31.9,30.8,31.3,32.5,0,ok,,COOLDOWN
2133001200000000,2133001130000000,2133001270000000,70000000,31.9,30.8,31.3,32.5,0,ok,,COOLDOWN
2133002255000000,2133002180000000,2133002330000000,75000000,31.9,30.8,31.3,32.5,0,ok,,COOLDOWN
2133003144999999,2133003069999999,2133003220000000,75000000,31.9,30.8,31.3,32.5,0,ok,,COOLDOWN
2133004145000000,2133004080000000,2133004210000000,65000000,31.9,30.8,31.3,32.5,0,ok,,COOLDOWN
2133005195000000,2133005120000000,2133005270000000,75000000,31.9,30.8,31.3,32.5,0,ok,,COOLDOWN
2133006224999999,2133006150000000,2133006299999999,74999999,31.9,30.8,31.3,32.5,0,ok,,COOLDOWN
2133007214999999,2133007150000000,2133007279999999,64999999,31.9,30.8,31.3,32.5,0,ok,,COOLDOWN
2133008300000000,2133008230000000,2133008370000000,70000000,31.9,30.8,31.3,32.5,0,ok,,COOLDOWN
2133009179999999,2133009109999999,2133009250000000,70000000,31.9,30.8,31.3,32.5,0,ok,,COOLDOWN
2133010215000000,2133010140000000,2133010290000000,75000000,31.9,30.8,31.3,32.5,0,ok,,COOLDOWN
2133011225000000,2133011160000000,2133011290000000,65000000,31.9,30.8,31.3,32.5,0,ok,,COOLDOWN
2133012280000000,2133012210000000,2133012350000000,70000000,31.9,30.8,31.3,32.5,0,ok,,COOLDOWN
2133013295000000,2133013210000000,2133013380000000,85000000,31.9,30.8,31.3,32.5,0,ok,,COOLDOWN
2133014190000000,2133014130000000,2133014250000000,60000000,31.9,30.8,31.3,32.5,0,ok,,COOLDOWN
2133015159999999,2133015089999999,2133015230000000,70000000,31.9,30.8,31.3,32.5,0,ok,,COOLDOWN
2133016284999999,2133016210000000,2133016359999999,74999999,31.8,30.8,31.2,32.4,0,ok,,COOLDOWN
2133017305000000,2133017230000000,2133017380000000,75000000,31.8,30.8,31.2,32.4,0,ok,,COOLDOWN
2133018290000000,2133018230000000,2133018350000000,60000000,31.8,30.8,31.2,32.4,0,ok,,COOLDOWN
2133019345000000,2133019270000000,2133019420000000,75000000,31.8,30.8,31.2,32.4,0,ok,,COOLDOWN
2133020214999999,2133020150000000,2133020279999999,64999999,31.8,30.8,31.2,32.4,0,ok,,COOLDOWN
2133021279999999,2133021220000000,2133021339999999,59999999,31.8,30.8,31.2,32.4,0,ok,,COOLDOWN
2133022305000000,2133022240000000,2133022370000000,65000000,31.8,30.8,31.2,32.4,0,ok,,COOLDOWN
2133023329999999,2133023259999999,2133023400000000,70000000,31.8,30.8,31.2,32.4,0,ok,,COOLDOWN
2133024369999999,2133024299999999,2133024440000000,70000000,31.8,30.8,31.2,32.4,0,ok,,COOLDOWN
2133025264999999,2133025190000000,2133025339999999,74999999,31.8,30.8,31.2,32.4,0,ok,,COOLDOWN
2133026274999999,2133026210000000,2133026339999999,64999999,31.7,30.7,31.2,32.3,0,ok,,COOLDOWN
2133027340000000,2133027270000000,2133027410000000,70000000,31.7,30.7,31.2,32.3,0,ok,,COOLDOWN
2133028340000000,2133028270000000,2133028410000000,70000000,31.7,30.7,31.2,32.3,0,ok,,COOLDOWN
2133029375000000,2133029310000000,2133029440000000,65000000,31.7,30.7,31.2,32.3,0,ok,,COOLDOWN
2133030280000000,2133030210000000,2133030350000000,70000000,31.7,30.7,31.2,32.3,0,ok,,COOLDOWN
2133031340000000,2133031270000000,2133031410000000,70000000,31.7,30.7,31.2,32.3,0,ok,,COOLDOWN
2133032329999999,2133032259999999,2133032400000000,70000000,31.7,30.7,31.2,32.3,0,ok,,COOLDOWN
2133033349999999,2133033279999999,2133033420000000,70000000,31.7,30.7,31.2,32.3,0,ok,,COOLDOWN
2133034399999999,2133034339999999,2133034460000000,60000000,31.7,30.7,31.2,32.3,0,ok,,COOLDOWN
2133035429999999,2133035359999999,2133035500000000,70000000,31.7,30.7,31.2,32.3,0,ok,,COOLDOWN
2133036340000000,2133036250000000,2133036430000000,90000000,31.6,30.6,31.1,32.3,0,ok,,COOLDOWN
2133037375000000,2133037310000000,2133037440000000,65000000,31.6,30.6,31.1,32.3,0,ok,,COOLDOWN
2133038400000000,2133038330000000,2133038470000000,70000000,31.6,30.6,31.1,32.3,0,ok,,COOLDOWN
2133039379999999,2133039319999999,2133039440000000,60000000,31.6,30.6,31.1,32.3,0,ok,,COOLDOWN
2133040450000000,2133040380000000,2133040520000000,70000000,31.6,30.6,31.1,32.3,0,ok,,COOLDOWN
2133041424999999,2133041359999999,2133041490000000,65000000,31.6,30.6,31.1,32.3,0,ok,,COOLDOWN
2133042365000000,2133042290000000,2133042440000000,75000000,31.6,30.6,31.1,32.3,0,ok,,COOLDOWN
2133043415000000,2133043350000000,2133043480000000,65000000,31.6,30.6,31.1,32.3,0,ok,,COOLDOWN
2133044420000000,2133044350000000,2133044490000000,70000000,31.6,30.6,31.1,32.3,0,ok,,COOLDOWN
2133045439999999,2133045359999999,2133045520000000,80000000,31.6,30.6,31.1,32.3,0,ok,,COOLDOWN
2133046489999999,2133046390000000,2133046589999999,99999999,31.6,30.6,31.1,32.3,0,ok,,COOLDOWN
2133047385000000,2133047290000000,2133047480000000,95000000,31.6,30.6,31.1,32.3,0,ok,,COOLDOWN
2133048405000000,2133048330000000,2133048480000000,75000000,31.6,30.6,31.1,32.3,0,ok,,COOLDOWN
2133049469999999,2133049390000000,2133049549999999,79999999,31.6,30.6,31.1,32.3,0,ok,,COOLDOWN
2133050479999999,2133050410000000,2133050549999999,69999999,31.6,30.6,31.1,32.3,0,ok,,COOLDOWN
2133051489999999,2133051410000000,2133051569999999,79999999,31.6,30.6,31.1,32.3,0,ok,,COOLDOWN
2133052515000000,2133052430000000,2133052600000000,85000000,31.6,30.6,31.1,32.3,0,ok,,COOLDOWN
2133053419999999,2133053339999999,2133053500000000,80000000,31.6,30.6,31.1,32.3,0,ok,,COOLDOWN
2133054479999999,2133054410000000,2133054549999999,69999999,31.6,30.6,31.1,32.3,0,ok,,COOLDOWN
2133055499999999,2133055430000000,2133055569999999,69999999,31.6,30.6,31.1,32.3,0,ok,,COOLDOWN
2133056405000000,2133056330000000,2133056480000000,75000000,31.5,30.5,31.1,32.3,0,ok,,COOLDOWN
2133057545000000,2133057470000000,2133057620000000,75000000,31.5,30.5,31.1,32.3,0,ok,,COOLDOWN
2133058430000000,2133058370000000,2133058490000000,60000000,31.5,30.5,31.1,32.3,0,ok,,COOLDOWN
2133059484999999,2133059420000000,2133059549999999,64999999,31.5,30.5,31.1,32.3,0,ok,,COOLDOWN
2133060504999999,2133060440000000,2133060569999999,64999999,31.5,30.5,31.1,32.3,0,ok,,COOLDOWN
2133061420000000,2133061350000000,2133061490000000,70000000,31.5,30.5,31.1,32.3,0,ok,,COOLDOWN
2133062560000000,2133062490000000,2133062630000000,70000000,31.5,30.5,31.1,32.3,0,ok,,COOLDOWN
2133063590000000,2133063490000000,2133063690000000,100000000,31.5,30.5,31.1,32.3,0,ok,,COOLDOWN
2133064475000000,2133064410000000,2133064540000000,65000000,31.5,30.5,31.1,32.3,0,ok,,COOLDOWN
2133065500000000,2133065440000000,2133065560000000,60000000,31.5,30.5,31.1,32.3,0,ok,,COOLDOWN
2133066545000000,2133066490000000,2133066600000000,55000000,31.5,30.5,31.0,32.2,0,ok,,COOLDOWN
2133067579999999,2133067509999999,2133067650000000,70000000,31.5,30.5,31.0,32.2,0,ok,,COOLDOWN
2133068560000000,2133068490000000,2133068630000000,70000000,31.5,30.5,31.0,32.2,0,ok,,COOLDOWN
2133069575000000,2133069500000000,2133069650000000,75000000,31.5,30.5,31.0,32.2,0,ok,,COOLDOWN
2133070560000000,2133070490000000,2133070630000000,70000000,31.5,30.5,31.0,32.2,0,ok,,COOLDOWN
2133071490000000,2133071420000000,2133071560000000,70000000,31.5,30.5,31.0,32.2,0,ok,,COOLDOWN
2133072560000000,2133072490000000,2133072630000000,70000000,31.5,30.5,31.0,32.2,0,ok,,COOLDOWN
2133073599999999,2133073529999999,2133073670000000,70000000,31.5,30.5,31.0,32.2,0,ok,,COOLDOWN
2133074605000000,2133074540000000,2133074670000000,65000000,31.5,30.5,31.0,32.2,0,ok,,COOLDOWN
2133075605000000,2133075540000000,2133075670000000,65000000,31.5,30.5,31.0,32.2,0,ok,,COOLDOWN
2133076579999999,2133076509999999,2133076650000000,70000000,31.4,30.4,30.9,32.1,0,ok,,COOLDOWN
2133077565000000,2133077500000000,2133077630000000,65000000,31.4,30.4,30.9,32.1,0,ok,,COOLDOWN
2133078619999999,2133078549999999,2133078690000000,70000000,31.4,30.4,30.9,32.1,0,ok,,COOLDOWN
2133079580000000,2133079500000000,2133079660000000,80000000,31.4,30.4,30.9,32.1,0,ok,,COOLDOWN
2133080610000000,2133080540000000,2133080680000000,70000000,31.4,30.4,30.9,32.1,0,ok,,COOLDOWN
2133081575000000,2133081520000000,2133081630000000,55000000,31.4,30.4,30.9,32.1,0,ok,,COOLDOWN
2133082544999999,2133082480000000,2133082609999999,64999999,31.4,30.4,30.9,32.1,0,ok,,COOLDOWN
2133083584999999,2133083509999999,2133083660000000,75000000,31.4,30.4,30.9,32.1,0,ok,,COOLDOWN
2133084610000000,2133084540000000,2133084680000000,70000000,31.4,30.4,30.9,32.1,0,ok,,COOLDOWN
2133085610000000,2133085540000000,2133085680000000,70000000,31.4,30.4,30.9,32.1,0,ok,,COOLDOWN
2133086610000000,2133086540000000,2133086680000000,70000000,31.4,30.4,30.9,32.1,0,ok,,COOLDOWN
2133087554999999,2133087500000000,2133087609999999,54999999,31.4,30.4,30.9,32.1,0,ok,,COOLDOWN
2133088579999999,2133088509999999,2133088650000000,70000000,31.4,30.4,30.9,32.1,0,ok,,COOLDOWN
2133089544999999,2133089480000000,2133089609999999,64999999,31.4,30.4,30.9,32.1,0,ok,,COOLDOWN
2133090605000000,2133090520000000,2133090690000000,85000000,31.4,30.4,30.9,32.1,0,ok,,COOLDOWN
2133091565000000,2133091500000000,2133091630000000,65000000,31.4,30.4,30.9,32.1,0,ok,,COOLDOWN
2133092565000000,2133092500000000,2133092630000000,65000000,31.4,30.4,30.9,32.1,0,ok,,COOLDOWN
2133093574999999,2133093509999999,2133093640000000,65000000,31.4,30.4,30.9,32.1,0,ok,,COOLDOWN
2133094584999999,2133094509999999,2133094660000000,75000000,31.4,30.4,30.9,32.1,0,ok,,COOLDOWN
2133095585000000,2133095520000000,2133095650000000,65000000,31.4,30.4,30.9,32.1,0,ok,,COOLDOWN
2133096624999999,2133096549999999,2133096700000000,75000000,31.4,30.3,30.9,32.0,0,ok,,COOLDOWN
2133097574999999,2133097509999999,2133097640000000,65000000,31.4,30.3,30.9,32.0,0,ok,,COOLDOWN
2133098590000000,2133098520000000,2133098660000000,70000000,31.4,30.3,30.9,32.0,0,ok,,COOLDOWN
2133099615000000,2133099540000000,2133099690000000,75000000,31.4,30.3,30.9,32.0,0,ok,,COOLDOWN
2133100624999999,2133100549999999,2133100700000000,75000000,31.4,30.3,30.9,32.0,0,ok,,COOLDOWN
2133101625000000,2133101560000000,2133101690000000,65000000,31.4,30.3,30.9,32.0,0,ok,,COOLDOWN
2133102624999999,2133102549999999,2133102700000000,75000000,31.4,30.3,30.9,32.0,0,ok,,COOLDOWN
2133103635000000,2133103560000000,2133103710000000,75000000,31.4,30.3,30.9,32.0,0,ok,,COOLDOWN
2133104625000000,2133104560000000,2133104690000000,65000000,31.4,30.3,30.9,32.0,0,ok,,COOLDOWN
2133105655000000,2133105580000000,2133105730000000,75000000,31.4,30.3,30.9,32.0,0,ok,,COOLDOWN
2133106630000000,2133106560000000,2133106700000000,70000000,31.4,30.3,30.9,32.0,0,ok,,COOLDOWN
2133107634999999,2133107569999999,2133107700000000,65000000,31.4,30.3,30.9,32.0,0,ok,,COOLDOWN
2133108659999999,2133108589999999,2133108730000000,70000000,31.4,30.3,30.9,32.0,0,ok,,COOLDOWN
2133109654999999,2133109589999999,2133109720000000,65000000,31.4,30.3,30.9,32.0,0,ok,,COOLDOWN
2133110674999999,2133110609999999,2133110740000000,65000000,31.4,30.3,30.9,32.0,0,ok,,COOLDOWN
2133111684999999,2133111609999999,2133111759999999,75000000,31.4,30.3,30.9,32.0,0,ok,,COOLDOWN
2133112685000000,2133112620000000,2133112750000000,65000000,31.4,30.3,30.9,32.0,0,ok,,COOLDOWN
2133113704999999,2133113630000000,2133113779999999,74999999,31.4,30.3,30.9,32.0,0,ok,,COOLDOWN
2133114689999999,2133114620000000,2133114759999999,69999999,31.4,30.3,30.9,32.0,0,ok,,COOLDOWN
2133115699999999,2133115620000000,2133115779999999,79999999,31.4,30.3,30.9,32.0,0,ok,,COOLDOWN
2133116694999999,2133116630000000,2133116759999999,64999999,31.3,30.3,30.8,32.0,0,ok,,COOLDOWN
2133117709999999,2133117640000000,2133117779999999,69999999,31.3,30.3,30.8,32.0,0,ok,,COOLDOWN
2133118714999999,2133118650000000,2133118779999999,64999999,31.3,30.3,30.8,32.0,0,ok,,COOLDOWN
2133119735000000,2133119660000000,2133119810000000,75000000,31.3,30.3,30.8,32.0,0,ok,,COOLDOWN
2133120734999999,2133120650000000,2133120819999999,84999999,31.3,30.3,30.8,32.0,0,ok,,COOLDOWN
2133121739999999,2133121660000000,2133121819999999,79999999,31.3,30.3,30.8,32.0,0,ok,,COOLDOWN
2133122739999999,2133122660000000,2133122819999999,79999999,31.3,30.3,30.8,32.0,0,ok,,COOLDOWN
2133123750000000,2133123670000000,2133123830000000,80000000,31.3,30.3,30.8,32.0,0,ok,,COOLDOWN
2133124749999999,2133124680000000,2133124819999999,69999999,31.3,30.3,30.8,32.0,0,ok,,COOLDOWN
2133125774999999,2133125690000000,2133125859999999,84999999,31.3,30.2,30.8,32.0,0,ok,,COOLDOWN
2133126779999999,2133126700000000,2133126859999999,79999999,31.3,30.2,30.8,32.0,0,ok,,COOLDOWN
2133127790000000,2133127710000000,2133127870000000,80000000,31.3,30.2,30.8,32.0,0,ok,,COOLDOWN
2133128795000000,2133128720000000,2133128870000000,75000000,31.3,30.2,30.8,32.0,0,ok,,COOLDOWN
2133129784999999,2133129710000000,2133129859999999,74999999,31.3,30.2,30.8,32.0,0,ok,,COOLDOWN
2133130770000000,2133130690000000,2133130850000000,80000000,31.3,30.2,30.8,32.0,0,ok,,COOLDOWN
2133131764999999,2133131690000000,2133131839999999,74999999,31.3,30.2,30.8,32.0,0,ok,,COOLDOWN
2133132775000000,2133132700000000,2133132850000000,75000000,31.3,30.2,30.8,32.0,0,ok,,COOLDOWN
2133133769999999,2133133700000000,2133133839999999,69999999,31.3,30.2,30.8,32.0,0,ok,,COOLDOWN
2133134775000000,2133134700000000,2133134850000000,75000000,31.3,30.2,30.8,32.0,0,ok,,COOLDOWN
2133135779999999,2133135700000000,2133135859999999,79999999,31.4,30.2,30.9,32.0,0,ok,,COOLDOWN
2133136789999999,2133136720000000,2133136859999999,69999999,31.4,30.2,30.9,32.0,0,ok,,COOLDOWN
2133137905000000,2133137830000000,2133137980000000,75000000,31.4,30.2,30.9,32.0,0,ok,,COOLDOWN
2133138805000000,2133138730000000,2133138880000000,75000000,31.4,30.2,30.9,32.0,0,ok,,COOLDOWN
2133139835000000,2133139770000000,2133139900000000,65000000,31.4,30.2,30.9,32.0,0,ok,,COOLDOWN
2133140854999999,2133140779999999,2133140930000000,75000000,31.4,30.2,30.9,32.0,0,ok,,COOLDOWN
2133141900000000,2133141830000000,2133141970000000,70000000,31.4,30.2,30.9,32.0,0,ok,,COOLDOWN
2133142920000000,2133142850000000,2133142990000000,70000000,31.4,30.2,30.9,32.0,0,ok,,COOLDOWN
2133143824999999,2133143759999999,2133143890000000,65000000,31.4,30.2,30.9,32.0,0,ok,,COOLDOWN
2133144965000000,2133144890000000,2133145040000000,75000000,31.4,30.2,30.9,32.0,0,ok,,COOLDOWN
2133145880000000,2133145810000000,2133145950000000,70000000,31.3,30.2,30.7,31.9,0,ok,,COOLDOWN
2133146909999999,2133146839999999,2133146980000000,70000000,31.3,30.2,30.7,31.9,0,ok,,COOLDOWN
2133147945000000,2133147870000000,2133148020000000,75000000,31.3,30.2,30.7,31.9,0,ok,,COOLDOWN
2133148949999999,2133148890000000,2133149009999999,59999999,31.3,30.2,30.7,31.9,0,ok,,COOLDOWN
