actions,completed,controllable_decisions,deadline_met,decision_calls,decision_host_max_ms,decision_host_p95_ms,decision_host_total_s,energy_j,envelope,forecasts,local_deviations,normal_mean_ms,normal_miss,normal_n,normal_service_failure,overlap_s,peak_ap_c,planned,policy,scenario,seed,thermal_degree_seconds,urgent_miss,urgent_n,urgent_p95_ms,urgent_service_failure,wait_actions
,48,,22,,,,,150.4562983779281,g0.15_c0.25_b1,,,8754.919451333333,24,36,24,1.7134145289999978,31.172709714425253,48,EFT_REFERENCE,mean,102001,46.250481432972535,2,12,4423.002772,2,
,48,,23,,,,,150.34451982888692,g0.15_c0.25_b1,,,8424.996050055555,24,36,24,3.046742553999998,31.27945641773642,48,SPLIT_REFERENCE,mean,102001,49.81806845439175,1,12,4842.2507,1,
,48,,22,,,,,150.4281083070151,g0.15_c0.25_b1,,,8736.343307666666,24,36,24,1.6721965930000025,31.170881066957257,48,EFT_REFERENCE,short_context,102001,46.07311074432431,2,12,4406.310396,2,
,48,,24,,,,,150.20776428584534,g0.15_c0.25_b1,,,8083.149141638889,23,36,23,3.296304397,31.25295322329595,48,SPLIT_REFERENCE,short_context,102001,49.84033632311729,1,12,4479.921203,1,
,48,,22,,,,,150.48535328543326,g0.15_c0.25_b1,,,8778.007663611112,24,36,24,1.7484158929999865,31.17404476843284,48,EFT_REFERENCE,long_context,102001,46.41669810808531,2,12,4445.295983,2,
,48,,22,,,,,150.3816789923184,g0.15_c0.25_b1,,,8449.455191694444,24,36,24,3.1280841429999953,31.287501974990757,48,SPLIT_REFERENCE,long_context,102001,50.11453592204102,2,12,4856.99441,2,
,48,,20,,,,,150.492052212231,g0.15_c0.25_b1,,,8960.696257916667,25,36,25,1.433729537000005,31.149916035435115,48,EFT_REFERENCE,mean,102002,45.417100093086624,3,12,4679.716684,3,
,48,,19,,,,,150.4582411278283,g0.15_c0.25_b1,,,8863.676908972222,26,36,26,2.6651253839999924,31.257205797294038,48,SPLIT_REFERENCE,mean,102002,49.328301669468644,3,12,4723.481732,3,
,48,,20,,,,,150.46551519164228,g0.15_c0.25_b1,,,8943.823743305555,25,36,25,1.3992204020000045,31.14484195750609,48,EFT_REFERENCE,short_context,102002,45.25964386753594,3,12,4664.03888,3,
,48,,20,,,,,150.41095687311577,g0.15_c0.25_b1,,,8815.22629013889,25,36,25,2.614446375,31.255486437017385,48,SPLIT_REFERENCE,short_context,102002,49.08880096928756,3,12,4662.839347,3,
,48,,20,,,,,150.5176588821265,g0.15_c0.25_b1,,,8977.06071436111,25,36,25,1.4680462569999975,31.154836282850404,48,EFT_REFERENCE,long_context,102002,45.570704028703126,3,12,4694.971171,3,
,48,,19,,,,,150.68805504973298,g0.15_c0.25_b1,,,9270.752999444445,26,36,26,2.099970987000006,31.242689143897707,48,SPLIT_REFERENCE,long_context,102002,48.73056805396857,3,12,4783.857864,3,
,48,,25,,,,,150.3786141429216,g0.15_c0.25_b1,,,8411.158503666667,23,36,23,2.133806325000002,31.211420472888985,48,EFT_REFERENCE,mean,102003,47.11803366472117,0,12,390.175838,0,
,48,,26,,,,,150.2532185853632,g0.15_c0.25_b1,,,7931.210669416667,22,36,22,3.353124226999995,31.254906278242334,48,SPLIT_REFERENCE,mean,102003,50.0804832768709,0,12,598.90193,0,
,48,,25,,,,,150.35059979817325,g0.15_c0.25_b1,,,8397.823192027778,23,36,23,2.0797427280000065,31.20882985701026,48,EFT_REFERENCE,short_context,102003,46.92149914718438,0,12,388.006447,0,
,48,,26,,,,,150.2161491407007,g0.15_c0.25_b1,,,7910.151986666667,22,36,22,3.2681671450000067,31.246946446202447,48,SPLIT_REFERENCE,short_context,102003,49.79198384681093,0,12,568.285663,0,
,48,,25,,,,,150.4056407980331,g0.15_c0.25_b1,,,8423.820064555555,23,36,23,2.187869923000008,31.214012683281354,48,EFT_REFERENCE,long_context,102003,47.31098600414392,0,12,392.229779,0,
,48,,26,,,,,150.29010021228436,g0.15_c0.25_b1,,,7954.205192444445,22,36,22,3.4353971580000078,31.26285954607195,48,SPLIT_REFERENCE,long_context,102003,50.363004155763576,0,12,629.518197,0,
,48,,21,,,,,150.5159148317143,g0.15_c0.25_b4,,,9127.066976527778,25,36,25,1.353653198999993,31.161730518880216,48,EFT_REFERENCE,mean,102001,45.56715735325744,2,12,4615.138778,2,
,48,,22,,,,,150.41012361588744,g0.15_c0.25_b4,,,8780.834642555556,24,36,24,2.8265944239999996,31.265511874570752,48,SPLIT_REFERENCE,mean,102001,49.50295320093559,2,12,4412.649811,2,
,48,,21,,,,,150.48937781126565,g0.15_c0.25_b4,,,9109.416657361111,25,36,25,1.3191440619999995,31.156553423540473,48,EFT_REFERENCE,short_context,102001,45.40746682229454,2,12,4599.460974,2,
,48,,22,,,,,150.29953031410224,g0.15_c0.25_b4,,,8546.754457638888,24,36,24,2.9883630360000026,31.27246595836528,48,SPLIT_REFERENCE,short_context,102001,49.57427379239072,2,12,4740.865092,2,
,48,,21,,,,,150.54152150073358,g0.15_c0.25_b4,,,9144.213513472223,25,36,25,1.3879699159999959,31.1667528713068,48,EFT_REFERENCE,long_context,102001,45.723013375185445,2,12,4630.393265,2,
,48,,22,,,,,150.445985123138,g0.15_c0.25_b4,,,8801.299803416667,24,36,24,2.9122905860000046,31.269719784496413,48,SPLIT_REFERENCE,long_context,102001,49.78886694138794,2,12,4438.462532,2,
,48,,20,,,,,150.47060108048484,g0.15_c0.25_b4,,,9047.017060222222,25,36,25,1.5057135909999957,31.149451941523285,48,EFT_REFERENCE,mean,102002,45.466086813829946,3,12,4598.925296,3,
,48,,18,,,,,150.6854003064343,g0.15_c0.25_b4,,,9620.248985333334,27,36,27,1.9028421189999989,31.2390990028088,48,SPLIT_REFERENCE,mean,102002,48.314427830176925,3,12,4886.046324,3,
,48,,20,,,,,150.44197799970294,g0.15_c0.25_b4,,,9024.425114888889,25,36,25,1.4782046959999917,31.14860295966621,48,EFT_REFERENCE,short_context,102002,45.31496270429292,3,12,4576.970381,3,
,48,,18,,,,,150.55232287909922,g0.15_c0.25_b4,,,9396.558086083332,27,36,27,2.1400612280000004,31.23916276761932,48,SPLIT_REFERENCE,short_context,102002,48.44653111426247,3,12,4833.127311,3,
,48,,20,,,,,150.49830527901187,g0.15_c0.25_b4,,,9069.127671833334,25,36,25,1.5329915849999978,31.15080286574004,48,EFT_REFERENCE,long_context,102002,45.61138932310412,3,12,4620.53386,3,
,48,,18,,,,,150.64178891770356,g0.15_c0.25_b4,,,9483.000502222223,27,36,27,2.2552273090000057,31.257495886912437,48,SPLIT_REFERENCE,long_context,102002,48.947375594729934,3,12,4446.507338,3,
,48,,24,,,,,150.42186099280067,g0.15_c0.25_b4,,,8707.84116461111,24,36,24,1.8289768499999894,31.186297562110205,48,EFT_REFERENCE,mean,102003,46.373599362698265,0,12,572.246997,0,
,48,,25,,,,,150.40675534638254,g0.15_c0.25_b4,,,8540.873124361111,23,36,23,2.8378973999999886,31.253686361401016,48,SPLIT_REFERENCE,mean,102003,49.44139969153143,0,12,812.697777,0,
,48,,24,,,,,150.39519735673244,g0.15_c0.25_b4,,,8694.505853,24,36,24,1.7826366240000056,31.184132100093112,48,EFT_REFERENCE,short_context,102003,46.1954365813278,0,12,570.077606,0,
,48,,25,,,,,150.37140983534843,g0.15_c0.25_b4,,,8523.54253286111,23,36,23,2.747155276000001,31.24935549557571,48,SPLIT_REFERENCE,short_context,102003,49.148202796577635,0,12,789.804881,0,
,48,,24,,,,,150.44922391816934,g0.15_c0.25_b4,,,8725.849259944445,24,36,24,1.8696560400000024,31.18806220817497,48,EFT_REFERENCE,long_context,102003,46.543003073022824,0,12,579.961974,0,
,48,,25,,,,,150.47156142567187,g0.15_c0.25_b4,,,8680.575397333334,23,36,23,2.8264636030000077,31.252896176755208,48,SPLIT_REFERENCE,long_context,102003,49.64924719141402,0,12,835.590673,0,
,48,,20,,,,,150.5577388690608,g0.15_c0.25_b8,,,9535.658617083333,26,36,26,0.8938932550000089,31.15462407055597,48,EFT_REFERENCE,mean,102001,44.478009329899585,2,12,4598.671288,2,
,48,,22,,,,,150.40812947121535,g0.15_c0.25_b8,,,8865.920042277778,24,36,24,2.833286216999994,31.25400084122674,48,SPLIT_REFERENCE,mean,102001,49.36734022374367,2,12,4840.624996,2,
,48,,20,,,,,150.5339032674277,g0.15_c0.25_b8,,,9518.786102388889,26,36,26,0.8748308610000066,31.150139471245588,48,EFT_REFERENCE,short_context,102001,44.35706104744071,2,12,4583.716614,2,
,48,,22,,,,,150.3676462195459,g0.15_c0.25_b8,,,8835.726459166666,24,36,24,2.7597849270000125,31.250921137052757,48,SPLIT_REFERENCE,short_context,102001,49.096097663815094,2,12,4802.429594,2,
,48,,20,,,,,150.5806441204219,g0.15_c0.25_b8,,,9552.023073472223,26,36,26,0.9127632310000067,31.158951911978235,48,EFT_REFERENCE,long_context,102001,44.59509761492134,2,12,4613.241128,2,
,48,,22,,,,,150.44771770957047,g0.15_c0.25_b8,,,8895.682136,24,36,24,2.9064765060000184,31.257058798547853,48,SPLIT_REFERENCE,long_context,102001,49.63432458885816,2,12,4878.515661,2,
,48,,20,,,,,150.3933456484772,g0.15_c0.25_b8,,,9038.471276055556,26,36,26,2.2440765070000026,31.206890317844906,48,EFT_REFERENCE,mean,102002,47.382794714431775,2,12,4568.304964,2,
,48,,20,,,,,150.44442326737789,g0.15_c0.25_b8,,,9123.493198138889,26,36,26,2.7114942950000014,31.24741718215554,48,SPLIT_REFERENCE,mean,102002,49.32074076743112,2,12,4962.430954,2,
,48,,21,,,,,150.36075304986215,g0.15_c0.25_b8,,,9015.781703666667,25,36,25,2.1931202820000024,31.204825612212353,48,EFT_REFERENCE,short_context,102002,47.178972445638095,2,12,4545.904136,2,
,48,,20,,,,,150.3948164166186,g0.15_c0.25_b8,,,9070.36051613889,26,36,26,2.6686092699999975,31.24674264558226,48,SPLIT_REFERENCE,short_context,102002,49.096712178609096,2,12,4893.619286,2,
,48,,20,,,,,150.42501936538082,g0.15_c0.25_b8,,,9060.684859805555,26,36,26,2.2948018319999903,31.20893944302283,48,EFT_REFERENCE,long_context,102002,47.58286981770957,2,12,4590.320958,2,
,48,,20,,,,,150.49313510387705,g0.15_c0.25_b8,,,9176.194390777779,26,36,26,2.754068318999991,31.248066713266738,48,SPLIT_REFERENCE,long_context,102002,49.541389556720716,2,12,5030.937887,2,
,48,,23,,,,,150.4632864353452,g0.15_c0.25_b8,,,9090.821231472222,25,36,25,1.6899645449999952,31.179089554059193,48,EFT_REFERENCE,mean,102003,46.34225017298457,0,12,1303.095535,0,
,48,,23,,,,,150.5086978811177,g0.15_c0.25_b8,,,9119.2458125,25,36,25,2.495806499000011,31.23079757119404,48,SPLIT_REFERENCE,mean,102003,49.11490261825412,0,12,1334.932778,0,
,48,,23,,,,,150.432450678721,g0.15_c0.25_b8,,,9064.263242833333,25,36,25,1.6576248000000007,31.177869360345483,48,EFT_REFERENCE,short_context,102003,46.17483665370497,0,12,1275.863857,0,
,48,,23,,,,,150.4709179361319,g0.15_c0.25_b8,,,9093.892902944444,25,36,25,2.413233659999989,31.22702417126246,48,SPLIT_REFERENCE,short_context,102003,48.827281884272956,0,12,1311.593969,0,
,48,,24,,,,,150.4512612969055,g0.15_c0.25_b8,,,8983.687271499999,24,36,24,2.0347801690000082,31.20490349555528,48,EFT_REFERENCE,long_context,102003,47.25905300644122,0,12,1164.880037,0,
,48,,23,,,,,150.54557041092536,g0.15_c0.25_b8,,,9144.45090386111,25,36,25,2.578109955000002,31.23458815866125,48,SPLIT_REFERENCE,long_context,102003,49.398976563161526,0,12,1358.233104,0,
,48,,33,,,,,146.13319846442494,g0.15_c0.5_b1,,,6086.130726541666,13,24,13,2.898408523999997,30.81964759014657,48,EFT_REFERENCE,mean,102001,29.522709409334464,2,24,4216.080141,2,
,48,,26,,,,,146.76671830826123,g0.15_c0.5_b1,,,8011.408061,17,24,17,3.0083618950000144,30.967381019284296,48,SPLIT_REFERENCE,mean,102001,34.71076490452795,5,24,4980.715555,5,
,48,,33,,,,,146.1042237882603,g0.15_c0.5_b1,,,6066.097372333334,13,24,13,2.831559643999995,30.81562180494602,48,EFT_REFERENCE,short_context,102001,29.30024418261407,2,24,4195.571487,2,
,48,,26,,,,,146.70844638043252,g0.15_c0.5_b1,,,7961.0848135,17,24,17,2.8682427849999996,30.9600061029062,48,SPLIT_REFERENCE,short_context,102001,34.275634226290286,5,24,4927.073412,5,
,48,,31,,,,,146.32305152126062,g0.15_c0.5_b1,,,6616.209837958333,14,24,14,1.7353404919999917,30.76542625278876,48,EFT_REFERENCE,long_context,102001,26.912758086220443,3,24,4254.199116,3,
,48,,26,,,,,146.82597832637694,g0.15_c0.5_b1,,,8065.984485041667,17,24,17,3.142955635999982,30.97423419217572,48,SPLIT_REFERENCE,long_context,102001,35.13695630106196,5,24,5039.421265,5,
,48,,25,,,,,146.41505133689375,g0.15_c0.5_b1,,,7072.736814,15,24,15,0.9943582000000077,30.679207533622776,48,EFT_REFERENCE,mean,102002,24.95560092649041,8,24,4714.337778,8,
,48,,23,,,,,146.90005619510546,g0.15_c0.5_b1,,,7592.209655083333,14,24,14,2.560916892999998,30.88867743849301,48,SPLIT_REFERENCE,mean,102002,33.28061338576655,11,24,5246.466532,11,
,48,,25,,,,,146.39583599372574,g0.15_c0.5_b1,,,7059.161352875,15,24,15,0.9682955649999982,30.675365349097135,48,EFT_REFERENCE,short_context,102002,24.848773122554057,8,24,4700.829365,8,
,48,,25,,,,,146.36903557654605,g0.15_c0.5_b1,,,6388.78010825,13,24,13,4.007211403999989,30.971139680939793,48,SPLIT_REFERENCE,short_context,102002,34.87821495602803,10,24,4847.531675,10,
,48,,24,,,,,146.43365409098797,g0.15_c0.5_b1,,,7086.0025135,16,24,16,1.0202669000000029,30.682947697640987,48,EFT_REFERENCE,long_context,102002,25.060352767244773,8,24,4727.538324,8,
,48,,21,,,,,147.1820457673978,g0.15_c0.5_b1,,,8344.227677041667,15,24,15,1.9480919620000137,30.865640165240475,48,SPLIT_REFERENCE,long_context,102002,32.76351431301584,12,24,5425.586926,12,
,48,,35,,,,,146.2195061579461,g0.15_c0.5_b1,,,6018.9489790416665,13,24,13,2.289373757,30.80086100401226,48,EFT_REFERENCE,mean,102003,28.335382373325135,0,24,445.870114,0,
,48,,22,,,,,147.28308379981925,g0.15_c0.5_b1,,,9086.877597583334,18,24,18,1.2755823789999994,30.912399690184646,48,SPLIT_REFERENCE,mean,102003,32.74216425893337,8,24,4974.104028,8,
,48,,37,,,,,146.02650280673583,g0.15_c0.5_b1,,,5441.839344,11,24,11,3.3872678270000094,30.881122586611532,48,EFT_REFERENCE,short_context,102003,30.817984335777467,0,24,430.700589,0,
,48,,27,,,,,146.93141327124226,g0.15_c0.5_b1,,,8353.69418875,17,24,17,2.1200276810000034,30.94657392060449,48,SPLIT_REFERENCE,short_context,102003,33.579043557612295,4,24,4555.972654,4,
,48,,35,,,,,146.28723366659037,g0.15_c0.5_b1,,,6183.1346926666665,13,24,13,2.027496297000013,30.796863315928118,48,EFT_REFERENCE,long_context,102003,27.74706652060911,0,24,344.20888,0,
,48,,22,,,,,147.3365490160742,g0.15_c0.5_b1,,,9116.312220125,18,24,18,1.429621871000002,30.924560804437768,48,SPLIT_REFERENCE,long_context,102003,33.19320738168794,8,24,5018.348771,8,
,48,,31,,,,,146.30066685589622,g0.15_c0.5_b4,,,6778.236034416666,14,24,14,1.6976108809999957,30.763966878065524,48,EFT_REFERENCE,mean,102001,26.78871032955406,3,24,4332.105307,3,
,48,,24,,,,,146.92316078523032,g0.15_c0.5_b4,,,8735.003884875001,19,24,19,2.4833842880000034,30.947874074363153,48,SPLIT_REFERENCE,mean,102001,34.16263051875477,5,24,4979.373481,5,
,48,,31,,,,,146.27875009461405,g0.15_c0.5_b4,,,6763.373344791667,14,24,14,1.656101504999988,30.761633248937144,48,EFT_REFERENCE,short_context,102001,26.63860577320829,3,24,4317.873763,3,
,48,,29,,,,,146.49455117173866,g0.15_c0.5_b4,,,7296.468601916667,16,24,16,3.586015838999998,30.953147049910918,48,SPLIT_REFERENCE,short_context,102001,34.773346400658085,3,24,4925.731338,3,
,48,,31,,,,,146.32197102893443,g0.15_c0.5_b4,,,6792.788962458333,14,24,14,1.7389663239999962,30.76628814576895,48,EFT_REFERENCE,long_context,102001,26.936388327580183,3,24,4345.990499,3,
,48,,22,,,,,147.07576506983867,g0.15_c0.5_b4,,,9021.973480999999,19,24,19,2.3047405369999936,30.95340684443136,48,SPLIT_REFERENCE,long_context,102001,34.18623576495505,7,24,4956.309069,7,
,48,,26,,,,,146.23319571915596,g0.15_c0.5_b4,,,6582.311411583333,14,24,14,2.083730352999993,30.749378756100523,48,EFT_REFERENCE,mean,102002,27.15344295809418,8,24,4768.086337,8,
,48,,22,,,,,146.63795610748002,g0.15_c0.5_b4,,,7185.6126558333335,15,24,15,3.440452167999986,30.941159937839874,48,SPLIT_REFERENCE,mean,102002,34.36826131964289,11,24,5153.257241,11,
,48,,25,,,,,146.25243974697526,g0.15_c0.5_b4,,,6694.128844708333,15,24,15,1.7443917419999977,30.73439568391448,48,EFT_REFERENCE,short_context,102002,26.264564731731536,8,24,4912.070828,8,
,48,,22,,,,,146.57802910164503,g0.15_c0.5_b4,,,7151.196486833333,15,24,15,3.3058870379999945,30.92691540138948,48,SPLIT_REFERENCE,short_context,102002,33.92044058953813,11,24,5109.50786,11,
,48,,26,,,,,146.2579481303936,g0.15_c0.5_b4,,,6601.4997685416665,14,24,14,2.1257704419999897,30.754800137809703,48,EFT_REFERENCE,long_context,102002,27.315094255021954,8,24,4789.010254,8,
,48,,23,,,,,146.46187843469346,g0.15_c0.5_b4,,,6736.229402833334,14,24,14,4.364773988000003,31.009535026523377,48,SPLIT_REFERENCE,long_context,102002,35.89716144581249,11,24,5029.20967,11,
,48,,36,,,,,146.20111220939683,g0.15_c0.5_b4,,,6129.3562160833335,12,24,12,2.510803782999993,30.81497243202259,48,EFT_REFERENCE,mean,102003,29.066730488278772,0,24,636.253694,0,
,48,,18,,,,,147.3830008052246,g0.15_c0.5_b4,,,9543.777206208333,19,24,19,0.9402885939999948,30.88960091928665,48,SPLIT_REFERENCE,mean,102003,32.41699819609816,11,24,4892.447974,11,
,48,,36,,,,,146.1696629453306,g0.15_c0.5_b4,,,6101.665982875,12,24,12,2.4645149150000023,30.80811563221452,48,EFT_REFERENCE,short_context,102003,28.88535486444734,0,24,635.530563,0,
,48,,20,,,,,147.1063141932264,g0.15_c0.5_b4,,,8925.451318833333,18,24,18,1.5331086509999992,30.90072575739566,48,SPLIT_REFERENCE,short_context,102003,32.954831155552604,10,24,4738.219453,10,
,48,,36,,,,,146.23296511952964,g0.15_c0.5_b4,,,6159.294337291667,12,24,12,2.5535285200000004,30.821783282601906,48,EFT_REFERENCE,long_context,102003,29.241185176474637,0,24,636.938341,0,
,48,,17,,,,,147.19840700761716,g0.15_c0.5_b4,,,8928.785856041666,17,24,17,1.8931881740000094,30.92315390957361,48,SPLIT_REFERENCE,long_context,102003,33.849681412846934,14,24,4748.101673,14,
,48,,31,,,,,146.30523137768893,g0.15_c0.5_b8,,,7086.0496952916665,15,24,15,1.682293613000006,30.768059938298432,48,EFT_REFERENCE,mean,102001,26.877117129683974,2,24,4772.158437,2,
,48,,21,,,,,146.92052689118665,g0.15_c0.5_b8,,,8729.878044375,17,24,17,2.4922229089999988,30.93912773791636,48,SPLIT_REFERENCE,mean,102001,33.96532802349731,10,24,5045.562748,10,
,48,,31,,,,,146.28331461573484,g0.15_c0.5_b8,,,7071.187005666667,15,24,15,1.6407842360000018,30.76568765288887,48,EFT_REFERENCE,short_context,102001,26.726561640203542,2,24,4757.926893,2,
,48,,21,,,,,146.94672509472886,g0.15_c0.5_b8,,,8842.931182916667,17,24,17,2.068645444000005,30.925433117231492,48,SPLIT_REFERENCE,short_context,102001,33.176080651071686,10,24,5004.796301,10,
,48,,31,,,,,146.3265355505692,g0.15_c0.5_b8,,,7114.370646208333,15,24,15,1.7236490550000028,30.771207384813746,48,EFT_REFERENCE,long_context,102001,27.02374780742118,2,24,4163.622088,2,
,48,,17,,,,,147.17346983335588,g0.15_c0.5_b8,,,9472.329804541667,20,24,20,1.9768704220000046,30.918331930609824,48,SPLIT_REFERENCE,long_context,102001,33.69180346142588,11,24,5107.253737,11,
,48,,23,,,,,146.2213445230647,g0.15_c0.5_b8,,,6739.3378705000005,14,24,14,2.2832047149999966,30.760903086058544,48,EFT_REFERENCE,mean,102002,27.75584070229273,11,24,4646.56138,11,
,48,,18,,,,,146.94027927826008,g0.15_c0.5_b8,,,8275.318460083334,17,24,17,2.4259393709999912,30.90893556097575,48,SPLIT_REFERENCE,mean,102002,33.06152830405669,13,24,5797.255106,13,
,48,,23,,,,,146.19472289206772,g0.15_c0.5_b8,,,6686.044667875,14,24,14,2.2329716199999936,30.753018524685938,48,EFT_REFERENCE,short_context,102002,27.570492786258892,11,24,5151.230297,11,
,48,,19,,,,,146.85511781055976,g0.15_c0.5_b8,,,8176.562111375,16,24,16,2.3760541069999803,30.892991240152362,48,SPLIT_REFERENCE,short_context,102002,32.74686250004901,13,24,5690.969213,13,
,48,,23,,,,,146.24816490541986,g0.15_c0.5_b8,,,6759.908331583333,14,24,14,2.330561240999984,30.766861452523234,48,EFT_REFERENCE,long_context,102002,27.927680484416097,11,24,4669.892231,11,
,48,,18,,,,,147.02486349413067,g0.15_c0.5_b8,,,8373.832616708334,17,24,17,2.475552117999989,30.924876995834637,48,SPLIT_REFERENCE,long_context,102002,33.36178968584406,13,24,5947.980533,13,
,48,,33,,,,,146.34940586661423,g0.15_c0.5_b8,,,6914.8049485833335,15,24,15,1.3743512360000025,30.750271743082592,48,EFT_REFERENCE,mean,102003,26.375226296282868,0,24,875.098972,0,
,48,,16,,,,,147.20284149097697,g0.15_c0.5_b8,,,9137.288356458334,17,24,17,1.5448533369999993,30.901839025360168,48,SPLIT_REFERENCE,mean,102003,33.043085776948054,15,24,5363.071931,15,
,48,,33,,,,,146.3286243234416,g0.15_c0.5_b8,,,6900.365332458333,15,24,15,1.3412883620000002,30.748492279463413,48,EFT_REFERENCE,short_context,102003,26.24991040457152,0,24,874.375842,0,
,48,,18,,,,,146.85086295348148,g0.15_c0.5_b8,,,8407.546360666667,17,24,17,2.3903322299999985,30.931274143143135,48,SPLIT_REFERENCE,short_context,102003,33.8353298344931,13,24,4631.553782,13,
,48,,33,,,,,146.3695633542146,g0.15_c0.5_b8,,,6928.905940291666,15,24,15,1.4072986609999987,30.75204143457721,48,EFT_REFERENCE,long_context,102003,26.49811856531143,0,24,875.783619,0,
,48,,13,,,,,147.2915472512994,g0.15_c0.5_b8,,,9282.182342416667,18,24,18,1.5806353299999998,30.920746234723783,48,SPLIT_REFERENCE,long_context,102003,33.3521432661372,17,24,5510.127431,17,
,48,,48,,,,,142.1484384924774,g0.15_c0.75_b1,,,4598.478266416667,0,12,0,1.6703871800000059,30.193835746795678,48,EFT_REFERENCE,mean,102001,8.513916485969073,0,36,540.294869,0,
,48,,15,,,,,143.42832600814558,g0.15_c0.75_b1,,,7049.422124333333,6,12,6,2.1665902310000007,30.488221247373655,48,SPLIT_REFERENCE,mean,102001,18.261952302321156,27,36,5750.019553,27,
,48,,48,,,,,142.08559358800653,g0.15_c0.75_b1,,,4430.664192,0,12,0,1.9344304099999974,30.208149689936306,48,EFT_REFERENCE,short_context,102001,9.026444129387421,0,36,524.848127,0,
,48,,17,,,,,143.36942566725125,g0.15_c0.75_b1,,,7068.38191975,6,12,6,1.9022682199999892,30.470208659792817,48,SPLIT_REFERENCE,short_context,102001,17.592365880959942,25,36,5732.238642,25,
,48,,48,,,,,142.1252947437986,g0.15_c0.75_b1,,,4492.605574416667,0,12,0,2.0132033000000007,30.220290607068417,48,EFT_REFERENCE,long_context,102001,9.290091479860166,0,36,555.741611,0,
,48,,15,,,,,143.44222884663412,g0.15_c0.75_b1,,,7018.9102766666665,6,12,6,2.5808065910000053,30.5334007768444,48,SPLIT_REFERENCE,long_context,102001,19.173111510664604,27,36,5617.675216,27,
,48,,46,,,,,141.8894457378979,g0.15_c0.75_b1,,,3825.8440983333335,0,12,0,3.497725286000012,30.327989222827906,48,EFT_REFERENCE,mean,102002,11.778823078355778,2,36,1653.917394,2,
,48,,22,,,,,142.99651163975386,g0.15_c0.75_b1,,,5216.085125916667,4,12,4,3.615639605999995,30.542646025684366,48,SPLIT_REFERENCE,mean,102002,19.1972667670277,22,36,5685.750979,22,
,48,,45,,,,,141.8727068626078,g0.15_c0.75_b1,,,3830.9231127499997,0,12,0,3.386064538999996,30.31862056140357,48,EFT_REFERENCE,short_context,102002,11.528778487658784,3,36,1653.389382,3,
,48,,24,,,,,142.91922694137236,g0.15_c0.75_b1,,,5182.044574416666,4,12,4,3.413010395999997,30.520717407842458,48,SPLIT_REFERENCE,short_context,102002,18.58542946352953,20,36,5604.831003,20,
,48,,45,,,,,141.9163023868468,g0.15_c0.75_b1,,,3843.6290688333333,0,12,0,3.574328786999999,30.336654833467566,48,EFT_REFERENCE,long_context,102002,11.983463691444381,3,36,1686.587602,3,
,48,,22,,,,,143.07795705971412,g0.15_c0.75_b1,,,5249.94441775,4,12,4,3.803201771000005,30.567206516245033,48,SPLIT_REFERENCE,long_context,102002,19.771938251144235,22,36,5781.430128,22,
,48,,48,,,,,142.08519855149228,g0.15_c0.75_b1,,,4023.8396360833335,0,12,0,2.0423079310000034,30.207017195870545,48,EFT_REFERENCE,mean,102003,9.046839618561815,0,36,473.828685,0,
,48,,16,,,,,143.05417362320864,g0.15_c0.75_b1,,,6016.212867,5,12,5,3.4221419649999945,30.584388362396023,48,SPLIT_REFERENCE,mean,102003,19.969565287425702,27,36,5098.091643,27,
,48,,48,,,,,142.0661411558965,g0.15_c0.75_b1,,,4008.1909286666664,0,12,0,1.9997073790000073,30.20183567767493,48,EFT_REFERENCE,short_context,102003,8.923052102764586,0,36,458.381942,0,
,48,,20,,,,,142.53101703118787,g0.15_c0.75_b1,,,5251.461938666666,3,12,3,4.715735295999998,30.654139704548065,48,SPLIT_REFERENCE,short_context,102003,21.34378541349809,25,36,4629.19155,25,
,48,,48,,,,,142.10450178018314,g0.15_c0.75_b1,,,4040.7333311666666,0,12,0,2.082978727000011,30.21212021225256,48,EFT_REFERENCE,long_context,102003,9.167675117760226,0,36,489.275427,0,
,48,,19,,,,,142.5771263734599,g0.15_c0.75_b1,,,5052.254103666666,2,12,2,5.483850784000005,30.739623452852317,48,SPLIT_REFERENCE,long_context,102003,23.013428996383524,27,36,5051.695878,27,
,48,,47,,,,,142.047228957939,g0.15_c0.75_b4,,,4434.259070166667,0,12,0,2.3294283960000044,30.244721921177184,48,EFT_REFERENCE,mean,102001,9.768842456402648,1,36,884.388094,1,
,48,,14,,,,,143.68975064595324,g0.15_c0.75_b4,,,8125.85613075,7,12,7,1.2893215839999925,30.4620881010656,48,SPLIT_REFERENCE,mean,102001,17.077636607681043,27,36,6100.968522,27,
,48,,47,,,,,142.02628019384264,g0.15_c0.75_b4,,,4417.18937325,0,12,0,2.2809187799999933,30.24115608543303,48,EFT_REFERENCE,short_context,102001,9.630086873232976,1,36,868.941352,1,
,48,,14,,,,,143.56797175886118,g0.15_c0.75_b4,,,7649.3835104166665,7,12,7,1.2360025459999946,30.449165187002095,48,SPLIT_REFERENCE,short_context,102001,16.34603499698583,27,36,5872.907765,27,
,48,,47,,,,,142.06788289594078,g0.15_c0.75_b4,,,4451.209819166666,0,12,0,2.377822564000006,30.248276177197443,48,EFT_REFERENCE,long_context,102001,9.906699186697587,1,36,899.834836,1,
,48,,13,,,,,143.74107813703029,g0.15_c0.75_b4,,,8108.770425666667,7,12,7,1.5779511780000064,30.48568655394451,48,SPLIT_REFERENCE,long_context,102001,17.78878643125618,28,36,6093.526303,28,
,48,,43,,,,,141.86144492148767,g0.15_c0.75_b4,,,4203.113090833333,0,12,0,3.591688264999995,30.356603638766305,48,EFT_REFERENCE,mean,102002,12.324141208043926,5,36,2505.554292,5,
,48,,19,,,,,142.96553325669882,g0.15_c0.75_b4,,,5285.26548075,4,12,4,3.7195944760000046,30.542480527813137,48,SPLIT_REFERENCE,mean,102002,19.299539039815656,25,36,5740.442818,25,
,48,,43,,,,,141.8350933202341,g0.15_c0.75_b4,,,4187.330622333333,0,12,0,3.512285166000005,30.347331300893963,48,EFT_REFERENCE,short_context,102002,12.109558667840247,5,36,2479.768875,5,
,48,,24,,,,,142.3863616762231,g0.15_c0.75_b4,,,4419.6348135,1,12,1,5.201158578000012,30.666663422576185,48,SPLIT_REFERENCE,short_context,102002,20.907346624732952,23,36,5225.080429,23,
,48,,43,,,,,141.88990131485673,g0.15_c0.75_b4,,,4222.579158333333,0,12,0,3.6629234649999916,30.365603112704168,48,EFT_REFERENCE,long_context,102002,12.52668037713191,5,36,2536.554078,5,
,48,,19,,,,,142.8157071369015,g0.15_c0.75_b4,,,4798.606516083333,3,12,3,4.683239844999996,30.626852347616627,48,SPLIT_REFERENCE,long_context,102002,20.91920899790525,26,36,5674.736932,26,
,48,,48,,,,,142.1266758884613,g0.15_c0.75_b4,,,4295.947036166666,0,12,0,2.0628265099999936,30.226484045034592,48,EFT_REFERENCE,mean,102003,9.434586133082668,0,36,840.927417,0,
,48,,17,,,,,143.0602422947614,g0.15_c0.75_b4,,,6072.633110583333,5,12,5,3.4017771800000034,30.57781379690428,48,SPLIT_REFERENCE,mean,102003,19.86749191668955,26,36,5446.141504,26,
,48,,48,,,,,142.10594261647293,g0.15_c0.75_b4,,,4279.419686916666,0,12,0,2.013593762999996,30.220574210553412,48,EFT_REFERENCE,short_context,102003,9.295025532171948,0,36,825.480675,0,
,48,,19,,,,,142.58787185193643,g0.15_c0.75_b4,,,5310.390719416667,3,12,3,4.524946267000004,30.64087744606325,48,SPLIT_REFERENCE,short_context,102003,20.99609691740262,26,36,5006.528011,26,
,48,,48,,,,,142.14712580273545,g0.15_c0.75_b4,,,4312.3843,0,12,0,2.1119053239999985,30.232341811645174,48,EFT_REFERENCE,long_context,102003,9.573427797472132,0,36,856.374159,0,
,48,,17,,,,,142.76892180038013,g0.15_c0.75_b4,,,5471.494192833334,3,12,3,4.8402384749999925,30.68994046531699,48,SPLIT_REFERENCE,long_context,102003,22.11555484021353,28,36,4893.709707,28,
,48,,44,,,,,142.09673537694167,g0.15_c0.75_b8,,,4800.519607666667,1,12,1,2.0035935410000008,30.218432136475148,48,EFT_REFERENCE,mean,102001,9.150061573313952,3,36,4072.302996,3,
,48,,12,,,,,143.61000338819244,g0.15_c0.75_b8,,,8040.140348666667,7,12,7,1.556931278999997,30.47648173768612,48,SPLIT_REFERENCE,mean,102001,17.42515231303405,29,36,6258.094685,29,
,48,,44,,,,,142.07713732164854,g0.15_c0.75_b8,,,4783.773042333333,1,12,1,1.962807294000008,30.212908306489272,48,EFT_REFERENCE,short_context,102001,9.03151543547511,3,36,4038.071078,3,
,48,,12,,,,,143.56797175844625,g0.15_c0.75_b8,,,8104.5413287500005,7,12,7,1.236002544999991,30.455881040896852,48,SPLIT_REFERENCE,short_context,102001,16.665499725591804,29,36,6297.643626,29,
,48,,44,,,,,142.1168384779894,g0.15_c0.75_b8,,,4818.141394416667,1,12,1,2.041580187000001,30.2238089863748,48,EFT_REFERENCE,long_context,102001,9.264797460524843,3,36,4106.342498,3,
,48,,11,,,,,143.83341850663797,g0.15_c0.75_b8,,,8430.279175583333,7,12,7,1.2680824810000075,30.454170071964803,48,SPLIT_REFERENCE,long_context,102001,17.363894546222916,30,36,6828.130859,30,
,48,,42,,,,,141.87030223949,g0.15_c0.75_b8,,,4623.03178775,0,12,0,3.5619655620000117,30.373765628840438,48,EFT_REFERENCE,mean,102002,12.560583969855134,6,36,3724.992039,6,
,48,,17,,,,,142.95973572399325,g0.15_c0.75_b8,,,5533.485953833333,5,12,5,3.739049383000008,30.542875934793653,48,SPLIT_REFERENCE,mean,102002,19.37104346648939,26,36,5972.058636,26,
,48,,43,,,,,141.8458212059665,g0.15_c0.75_b8,,,4488.0449455,0,12,0,3.4762853499999977,30.349310436833978,48,EFT_REFERENCE,short_context,102002,12.103676972317405,5,36,3083.023707,5,
,48,,21,,,,,142.37213114868223,g0.15_c0.75_b8,,,4616.837453166667,1,12,1,5.248912286999996,30.664726824339695,48,SPLIT_REFERENCE,short_context,102002,21.009433914036386,26,36,5420.674078,26,
,48,,42,,,,,141.89766500072255,g0.15_c0.75_b8,,,4625.3063499166665,0,12,0,3.6368706859999946,30.38236925550504,48,EFT_REFERENCE,long_context,102002,12.748913392408046,6,36,3753.691191,6,
,48,,15,,,,,143.55230402911016,g0.15_c0.75_b8,,,7203.396911833333,6,12,6,2.2114247760000083,30.47246928015449,48,SPLIT_REFERENCE,long_context,102002,18.098841078958138,27,36,6538.081477,27,
,48,,48,,,,,142.04003451745282,g0.15_c0.75_b8,,,4310.822433833333,0,12,0,2.353570948000005,30.24766257184357,48,EFT_REFERENCE,mean,102003,9.88891428570292,0,36,1080.985439,0,
,48,,13,,,,,143.15157097820898,g0.15_c0.75_b8,,,6543.1440885,6,12,6,3.0953034269999904,30.542868873975415,48,SPLIT_REFERENCE,mean,102003,19.437356800826798,29,36,5565.874728,29,
,48,,47,,,,,142.06346782029394,g0.15_c0.75_b8,,,4417.182856916666,1,12,1,2.0086783550000007,30.20887087390315,48,EFT_REFERENCE,short_context,102003,9.080976839536621,0,36,1065.538697,0,
,48,,14,,,,,142.92910987491337,g0.15_c0.75_b8,,,5980.952091,5,12,5,3.379846011000012,30.561294104324762,48,SPLIT_REFERENCE,short_context,102003,19.494171293542053,29,36,5612.519613,29,
,48,,48,,,,,142.0624922239433,g0.15_c0.75_b8,,,4332.032161083333,0,12,0,2.3959121660000093,30.25029003479576,48,EFT_REFERENCE,long_context,102003,10.020181661107426,0,36,1096.432181,0,
,48,,11,,,,,143.55230402935018,g0.15_c0.75_b8,,,7407.789590333334,7,12,7,2.2114247760000083,30.502123149512155,48,SPLIT_REFERENCE,long_context,102003,18.614303443597308,30,36,6108.710585,30,
,48,,48,,,,,150.6813420917477,g0.45_c0.25_b1,,,2309.981601861111,0,36,0,0,31.094619620722913,48,CPU_REFERENCE,mean,102001,42.5109479387981,0,12,711.521617,0,
,48,,48,,,,,150.3786141436345,g0.45_c0.25_b1,,,1917.2604048333333,0,36,0,2.133806324999995,31.262807453947122,48,EFT_REFERENCE,mean,102001,47.4568711700375,0,12,294.054635,0,
,48,,48,,,,,150.25345578415508,g0.45_c0.25_b1,,,1942.8654471388888,0,36,0,3.032918190999993,31.3179990951794,48,PAIR_COALESCE_V1,mean,102001,49.63830175989607,0,12,356.179931,0,
,48,,48,,,,,150.4082391414221,g0.45_c0.25_b1,,,1742.8654471388888,0,36,0,2.8329181909999903,31.308375866335393,48,SPLIT_REFERENCE,mean,102001,49.87705974460856,0,12,294.054635,0,
,48,,48,,,,,150.66278271178066,g0.45_c0.25_b1,,,2298.6348985277778,0,36,0,0,31.091609116908202,48,CPU_REFERENCE,short_context,102001,42.44177554838376,0,12,692.72023,0,
,48,,48,,,,,150.35059979804475,g0.45_c0.25_b1,,,1907.1590925833334,0,36,0,2.0797427279999994,31.258889122593843,48,EFT_REFERENCE,short_context,102001,47.25764262941139,0,12,286.608481,0,
,48,,48,,,,,150.21973423346134,g0.45_c0.25_b1,,,1932.7641349166668,0,36,0,2.9612384609999935,31.310043638479485,48,PAIR_COALESCE_V1,short_context,102001,49.38670239647175,0,12,356.179931,0,
,48,,48,,,,,150.36721306782002,g0.45_c0.25_b1,,,1732.7641349166668,0,36,0,2.761238460999998,31.300147587976323,48,SPLIT_REFERENCE,short_context,102001,49.60759414754538,0,12,286.608481,0,
,48,,48,,,,,150.69891377996314,g0.45_c0.25_b1,,,2320.760383861111,0,36,0,0,31.097472887160833,48,CPU_REFERENCE,long_context,102001,42.576505073884334,0,12,729.322435,0,
,48,,48,,,,,150.40564079785818,g0.45_c0.25_b1,,,1926.8600728333333,0,36,0,2.18786992199999,31.266718388036836,48,EFT_REFERENCE,long_context,102001,47.65259436948626,0,12,301.500789,0,
,48,,48,,,,,150.28622404795087,g0.45_c0.25_b1,,,1952.4651151666667,0,36,0,3.1044824699999864,31.32579888587665,48,PAIR_COALESCE_V1,long_context,102001,49.886129884529524,0,12,356.179931,0,
,48,,48,,,,,150.44831192812623,g0.45_c0.25_b1,,,1752.4651151666667,0,36,0,2.9044824699999907,31.316450024783762,48,SPLIT_REFERENCE,long_context,102001,50.1427673053805,0,12,301.500789,0,
,48,,48,,,,,150.68134209077778,g0.45_c0.25_b1,,,2125.113943222222,0,36,0,0,31.0614550305085,48,CPU_REFERENCE,mean,102002,42.064996796689144,0,12,760.299789,0,
,48,,48,,,,,150.37861414337755,g0.45_c0.25_b1,,,1629.7108311388888,0,36,0,2.133806324999995,31.1924232828341,48,EFT_REFERENCE,mean,102002,47.1254135953173,0,12,294.054635,0,
,48,,48,,,,,150.20562674457415,g0.45_c0.25_b1,,,1723.5534045,0,36,0,3.3531242249999877,31.305617951009566,48,PAIR_COALESCE_V1,mean,102002,50.15192247007821,0,12,356.179931,0,
,48,,48,,,,,150.30337730433595,g0.45_c0.25_b1,,,1523.5534045,0,36,0,3.184805460999989,31.318038877408778,48,SPLIT_REFERENCE,mean,102002,50.17840971222184,0,12,294.054635,0,
,48,,48,,,,,150.66278271119623,g0.45_c0.25_b1,,,2107.189290611111,0,36,0,0,31.06112411690025,48,CPU_REFERENCE,short_context,102002,42.00403048553965,0,12,771.927478,0,
,48,,48,,,,,150.35059979804475,g0.45_c0.25_b1,,,1622.8636051944445,0,36,0,2.0797427279999923,31.18782733862822,48,EFT_REFERENCE,short_context,102002,46.92214071383547,0,12,286.608481,0,
,48,,48,,,,,150.17220956225364,g0.45_c0.25_b1,,,1717.0677437222223,0,36,0,3.2681671439999818,31.29860813314184,48,PAIR_COALESCE_V1,short_context,102002,49.86971259538805,0,12,356.179931,0,
,48,,48,,,,,150.26579909775774,g0.45_c0.25_b1,,,1517.0677437222223,0,36,0,3.1015556469999837,31.31085133485127,48,SPLIT_REFERENCE,short_context,102002,49.88981907406825,0,12,286.608481,0,
,48,,48,,,,,150.69891378047714,g0.45_c0.25_b1,,,2137.775504027778,0,36,0,0,31.06137371334996,48,CPU_REFERENCE,long_context,102002,42.12975011720171,0,12,765.776963,0,
,48,,48,,,,,150.4475369378883,g0.45_c0.25_b1,,,1645.40827025,0,36,0,1.8753170759999946,31.178865236913175,48,EFT_REFERENCE,long_context,102002,46.57023236136902,0,12,301.500789,0,
,48,,48,,,,,150.23805623721137,g0.45_c0.25_b1,,,1729.7298382222223,0,36,0,3.4380813059999937,31.312576820439453,48,PAIR_COALESCE_V1,long_context,102002,50.43050746660804,0,12,356.179931,0,
,48,,48,,,,,150.34018571287982,g0.45_c0.25_b1,,,1529.7298382222223,0,36,0,3.267324090999992,31.325150011496582,48,SPLIT_REFERENCE,long_context,102002,50.462448746407134,0,12,301.500789,0,
,48,,48,,,,,150.6813420913622,g0.45_c0.25_b1,,,2040.2518366388888,0,36,0,0,31.09867678624816,48,CPU_REFERENCE,mean,102003,42.53905471717479,0,12,691.053851,0,
,48,,48,,,,,150.46429852767628,g0.45_c0.25_b1,,,1804.9936497777778,0,36,0,1.686568243999993,31.19775499297374,48,EFT_REFERENCE,mean,102003,46.635648663992214,0,12,294.054635,0,
,48,,48,,,,,150.29584809357607,g0.45_c0.25_b1,,,1936.1535349444443,0,36,0,2.7309563170000004,31.26165404668558,48,PAIR_COALESCE_V1,mean,102003,49.054529196360406,0,12,356.179931,0,
,48,,48,,,,,150.54066082544506,g0.45_c0.25_b1,,,1736.1535349444443,0,36,0,2.388547710999994,31.26711142560419,48,SPLIT_REFERENCE,mean,102003,49.41152944485415,0,12,294.054635,0,
,48,,48,,,,,150.66278271165217,g0.45_c0.25_b1,,,2031.7976545555555,0,36,0,0,31.09834550681047,48,CPU_REFERENCE,short_context,102003,42.470673571872354,0,12,679.483766,0,
,48,,48,,,,,150.43554883170125,g0.45_c0.25_b1,,,1842.834616638889,0,36,0,1.647228259000002,31.20209502017052,48,EFT_REFERENCE,short_context,102003,46.476647789564986,0,12,289.971572,0,
,48,,48,,,,,150.2641237272832,g0.45_c0.25_b1,,,1928.1010918611112,0,36,0,2.6648305669999957,31.25489625093935,48,PAIR_COALESCE_V1,short_context,102003,48.81865083680876,0,12,356.179931,0,
,48,,48,,,,,150.49589361429844,g0.45_c0.25_b1,,,1728.1010918611112,0,36,0,2.3294222020000035,31.26227280423667,48,SPLIT_REFERENCE,short_context,102003,49.15847877846035,0,12,286.608481,0,
,48,,48,,,,,150.69891377996314,g0.45_c0.25_b1,,,2048.2920311944445,0,36,0,0,31.098990524495512,48,CPU_REFERENCE,long_context,102003,42.603844203143126,0,12,702.0082,0,
,48,,48,,,,,150.49207200145426,g0.45_c0.25_b1,,,1812.6534850277778,0,36,0,1.7258697459999794,31.202896780326174,48,EFT_REFERENCE,long_context,102003,46.8050963536994,0,12,301.500789,0,
,48,,48,,,,,150.32665357688424,g0.45_c0.25_b1,,,1943.8133701666666,0,36,0,2.796851165999989,31.26826377588428,48,PAIR_COALESCE_V1,long_context,102003,49.28647113177128,0,12,356.179931,0,
,48,,48,,,,,150.58452062147867,g0.45_c0.25_b1,,,1743.8133701666666,0,36,0,2.4474038359999923,31.27192610582707,48,SPLIT_REFERENCE,long_context,102003,49.66057753877928,0,12,301.500789,0,
,48,,48,,,,,150.6813420910348,g0.45_c0.25_b4,,,2848.057956583333,0,36,0,0,31.0916669300193,48,CPU_REFERENCE,mean,102001,42.42094767278128,0,12,1204.139382,0,
,48,,48,,,,,150.408426843959,g0.45_c0.25_b4,,,2318.6803250555554,0,36,0,2.0337631599999995,31.242785470429126,48,EFT_REFERENCE,mean,102001,47.252241498068884,0,12,566.751419,0,
,48,,48,,,,,150.2299965568811,g0.45_c0.25_b4,,,2261.2629631111113,0,36,0,3.4310509209999935,31.315143277656478,48,PAIR_COALESCE_V1,mean,102001,50.411192605892055,0,12,844.239322,0,
,48,,48,,,,,150.33226546910325,g0.45_c0.25_b4,,,2173.5492965,0,36,0,3.0878647859999973,31.305661009446723,48,SPLIT_REFERENCE,mean,102001,50.01937575022911,0,12,844.239322,0,
,48,,48,,,,,150.66278271132472,g0.45_c0.25_b4,,,2828.1150928888887,0,36,0,0,31.08812575114446,48,CPU_REFERENCE,short_context,102001,42.34198281928617,0,12,1185.337995,0,
,48,,48,,,,,150.37904176995787,g0.45_c0.25_b4,,,2294.5239500000002,0,36,0,1.984299350999997,31.232802386871786,48,EFT_REFERENCE,short_context,102001,47.06066655861984,0,12,559.028048,0,
,48,,48,,,,,150.19357358740132,g0.45_c0.25_b4,,,2252.092069083333,0,36,0,3.3439244489999993,31.306725577462515,48,PAIR_COALESCE_V1,short_context,102001,50.122622708608816,0,12,821.346426,0,
,48,,48,,,,,150.2938252959473,g0.45_c0.25_b4,,,2162.946406388889,0,36,0,3.0075074929999985,31.299743700030362,48,SPLIT_REFERENCE,short_context,102001,49.73884517555073,0,12,821.346426,0,
,48,,48,,,,,150.69891378034862,g0.45_c0.25_b4,,,2858.2852175,0,36,0,0,31.094468331827215,48,CPU_REFERENCE,long_context,102001,42.488914255379164,0,12,1221.9402,0,
,48,,48,,,,,150.43699624839783,g0.45_c0.25_b4,,,2328.7915195,0,36,0,2.082649717999999,31.249019447930717,48,EFT_REFERENCE,long_context,102001,47.44508312225474,0,12,574.47479,0,
,48,,48,,,,,150.26626611229275,g0.45_c0.25_b4,,,2269.9931450277777,0,36,0,3.5153777920000095,31.323351267016857,48,PAIR_COALESCE_V1,long_context,102001,50.69277240872854,0,12,867.132218,0,
,48,,48,,,,,150.36988997178494,g0.45_c0.25_b4,,,2183.8750290555554,0,36,0,3.167644827000018,31.31152151065882,48,SPLIT_REFERENCE,long_context,102001,50.29564986843119,0,12,867.132218,0,
,48,,48,,,,,150.6813420910348,g0.45_c0.25_b4,,,2714.8209792222224,0,36,0,0,31.065912718795104,48,CPU_REFERENCE,mean,102002,42.089086500527806,0,12,737.874376,0,
,48,,48,,,,,150.46471401166332,g0.45_c0.25_b4,,,2212.4599664444445,0,36,0,1.685173994000003,31.186461460766534,48,EFT_REFERENCE,mean,102002,46.1394154670941,0,12,590.871465,0,
,48,,48,,,,,150.29333578623363,g0.45_c0.25_b4,,,2297.4395465277776,0,36,0,3.218502019000013,31.30364930784263,48,PAIR_COALESCE_V1,mean,102002,50.253594716559704,0,12,815.373873,0,
,48,,48,,,,,150.44377415294045,g0.45_c0.25_b4,,,2144.0984491944446,0,36,0,2.713672544000005,31.297190685528673,48,SPLIT_REFERENCE,mean,102002,49.50756774971586,0,12,815.373873,0,
,48,,48,,,,,150.66278271093924,g0.45_c0.25_b4,,,2701.485667638889,0,36,0,0,31.065990965975374,48,CPU_REFERENCE,short_context,102002,42.020550884181986,0,12,734.981854,0,
,48,,48,,,,,150.43941218209827,g0.45_c0.25_b4,,,2201.5365167777777,0,36,0,1.6342639240000025,31.18283293399474,48,EFT_REFERENCE,short_context,102002,45.95092328678471,0,12,580.024511,0,
,48,,48,,,,,150.25992969951,g0.45_c0.25_b4,,,2290.5906570555558,0,36,0,3.121251722000018,31.296021182632785,48,PAIR_COALESCE_V1,short_context,102002,49.945521132916234,0,12,792.480977,0,
,48,,48,,,,,150.40806651415568,g0.45_c0.25_b4,,,2129.3187739444443,0,36,0,2.6241456180000142,31.291057759623595,48,SPLIT_REFERENCE,short_context,102002,49.21126355578064,0,12,792.480977,0,
,48,,48,,,,,150.69891377996314,g0.45_c0.25_b4,,,2727.482540111111,0,36,0,0,31.065838584479586,48,CPU_REFERENCE,long_context,102002,42.15405388881979,0,12,740.612963,0,
,48,,48,,,,,150.48922310670815,g0.45_c0.25_b4,,,2223.054947166667,0,36,0,1.7354298449999987,31.190022215524948,48,EFT_REFERENCE,long_context,102002,46.32349313950898,0,12,601.141168,0,
,48,,48,,,,,150.32674901029156,g0.45_c0.25_b4,,,2304.102941972222,0,36,0,3.312413945000003,31.31111798340399,48,PAIR_COALESCE_V1,long_context,102002,50.55285539002852,0,12,838.266769,0,
,48,,48,,,,,150.47868905598972,g0.45_c0.25_b4,,,2159.0572668333334,0,36,0,2.802545249000005,31.303183691855654,48,SPLIT_REFERENCE,long_context,102002,49.79884669574038,0,12,838.266769,0,
,48,,48,,,,,150.68134209019337,g0.45_c0.25_b4,,,2459.7681081666665,0,36,0,0,31.103452451132323,48,CPU_REFERENCE,mean,102003,42.3990145178697,0,12,753.094035,0,
,48,,48,,,,,150.46510784255125,g0.45_c0.25_b4,,,2170.6396256944445,0,36,0,1.5241473750000054,31.206523421196845,48,EFT_REFERENCE,mean,102003,46.079028523767604,0,12,574.507284,0,
,48,,48,,,,,150.2398914098845,g0.45_c0.25_b4,,,2046.0953456944444,0,36,0,3.39784653600001,31.295167435004334,48,PAIR_COALESCE_V1,mean,102003,50.36474912003109,0,12,812.697777,0,
,48,,48,,,,,150.44011547691835,g0.45_c0.25_b4,,,2030.5179985277778,0,36,0,2.7259500430000045,31.28371282127438,48,SPLIT_REFERENCE,mean,102003,49.58630203934065,0,12,812.697777,0,
,48,,48,,,,,150.66278271106773,g0.45_c0.25_b4,,,2451.5951433611112,0,36,0,0,31.10313895469854,48,CPU_REFERENCE,short_context,102003,42.33106677384527,0,12,744.416471,0,
,48,,48,,,,,150.43979491600453,g0.45_c0.25_b4,,,2162.466660888889,0,36,0,1.4855305200000046,31.203406631940545,48,EFT_REFERENCE,short_context,102003,45.91240692237472,0,12,570.168503,0,
,48,,48,,,,,150.20346844040472,g0.45_c0.25_b4,,,2039.4554077222222,0,36,0,3.3107200640000016,31.289542552787868,48,PAIR_COALESCE_V1,short_context,102003,50.07984644655534,0,12,789.804881,0,
,48,,48,,,,,150.39973587832407,g0.45_c0.25_b4,,,2021.6074030833333,0,36,0,2.6521009220000096,31.278500160842434,48,SPLIT_REFERENCE,short_context,102003,49.31420753788244,0,12,789.804881,0,
,48,,48,,,,,150.69891378022012,g0.45_c0.25_b4,,,2467.5420511944444,0,36,0,0,31.103749318517497,48,CPU_REFERENCE,long_context,102003,42.46339964809027,0,12,761.309797,0,
,48,,48,,,,,150.48943307926217,g0.45_c0.25_b4,,,2178.4135687222224,0,36,0,1.5627642309999956,31.2096232047018,48,EFT_REFERENCE,long_context,102003,46.24202694435454,0,12,578.615165,0,
,48,,48,,,,,150.27681126874714,g0.45_c0.25_b4,,,2052.545649333333,0,36,0,3.479991168000012,31.30065696080337,48,PAIR_COALESCE_V1,long_context,102003,50.64033043625773,0,12,835.590673,0,
,48,,48,,,,,150.4815566799921,g0.45_c0.25_b4,,,2041.8051380833333,0,36,0,2.7929222990000113,31.288089491398754,48,SPLIT_REFERENCE,long_context,102003,49.84498771423809,0,12,835.590673,0,
,48,,48,,,,,150.3799897682878,g0.45_c0.25_b8,,,3142.507362083333,0,36,0,2.1291901069999994,31.255670497055622,48,EFT_REFERENCE,mean,102001,47.57610355493371,0,12,672.769526,0,
,48,,48,,,,,150.33862280763356,g0.45_c0.25_b8,,,3165.8637598055557,0,36,0,3.066531316999999,31.310034909159345,48,SPLIT_REFERENCE,mean,102001,49.884056147228435,0,12,1423.344779,0,
,48,,48,,,,,150.48605244844342,g0.45_c0.25_b8,,,3306.668244861111,0,36,0,1.1828540059999995,31.160794942534377,48,EFT_REFERENCE,short_context,102001,45.209449661053604,0,12,527.171451,0,
,48,,48,,,,,150.2952311573098,g0.45_c0.25_b8,,,3149.6223508333333,0,36,0,3.0027898110000066,31.301715062452118,48,SPLIT_REFERENCE,short_context,102001,49.62020169360811,0,12,1400.00597,0,
,48,,48,,,,,150.40847630568098,g0.45_c0.25_b8,,,3154.5577088333334,0,36,0,2.178354744999993,31.262295959800312,48,EFT_REFERENCE,long_context,102001,47.771984997526864,0,12,687.939051,0,
,48,,48,,,,,150.38117585262123,g0.45_c0.25_b8,,,3181.828011111111,0,36,0,3.1297725419999978,31.31821217203402,48,SPLIT_REFERENCE,long_context,102001,50.143796616214765,0,12,1446.645105,0,
,48,,48,,,,,150.36326263912008,g0.45_c0.25_b8,,,2682.1276938611113,0,36,0,2.3450267489999987,31.2248042352544,48,EFT_REFERENCE,mean,102002,47.63421858971542,0,12,1089.789353,0,
,48,,48,,,,,150.28111393139434,g0.45_c0.25_b8,,,2605.0753819166666,0,36,0,3.259515174999997,31.317862560508942,48,SPLIT_REFERENCE,mean,102002,50.1874428362067,0,12,1089.789353,0,
,48,,48,,,,,150.33547488266635,g0.45_c0.25_b8,,,2671.43886925,0,36,0,2.277946806999992,31.22057808338028,48,EFT_REFERENCE,short_context,102002,47.40732106764777,0,12,1059.173086,0,
,48,,48,,,,,150.24562178459442,g0.45_c0.25_b8,,,2596.0630458055557,0,36,0,3.1692651199999986,31.308970212059812,48,SPLIT_REFERENCE,short_context,102002,49.89076619718897,0,12,1059.173086,0,
,48,,48,,,,,150.39026913025214,g0.45_c0.25_b8,,,2692.489118527778,0,36,0,2.4114139899999927,31.228959841897314,48,EFT_REFERENCE,long_context,102002,47.856737551380164,0,12,1120.40562,0,
,48,,48,,,,,150.31582481133523,g0.45_c0.25_b8,,,2619.298492111111,0,36,0,3.349072528999997,31.327190682856507,48,SPLIT_REFERENCE,long_context,102002,50.479859177370095,0,12,1120.40562,0,
,48,,48,,,,,150.47003401065135,g0.45_c0.25_b8,,,2993.937889472222,0,36,0,1.5076165190000026,31.177893510204374,48,EFT_REFERENCE,mean,102003,45.88663853883225,0,12,1251.790046,0,
,48,,48,,,,,150.5630669003794,g0.45_c0.25_b8,,,2997.6129414166667,0,36,0,2.313359134999999,31.234956044097412,48,SPLIT_REFERENCE,mean,102003,49.077103644015715,0,12,1334.932778,0,
,48,,48,,,,,150.44033347267475,g0.45_c0.25_b8,,,2984.658478777778,0,36,0,1.4837232750000027,31.175412959209126,48,EFT_REFERENCE,short_context,102003,45.74134968039213,0,12,1234.943198,0,
,48,,48,,,,,150.51507214522042,g0.45_c0.25_b8,,,2982.8395515277775,0,36,0,2.265064370999994,31.22848836969101,48,SPLIT_REFERENCE,short_context,102003,48.83278055347218,0,12,1311.593969,0,
,48,,48,,,,,150.49875832778093,g0.45_c0.25_b8,,,3002.8278993333333,0,36,0,1.531471278000005,31.180356627888884,48,EFT_REFERENCE,long_context,102003,46.02829346756233,0,12,1268.136609,0,
,48,,47,,,,,150.60910285569787,g0.45_c0.25_b8,,,3012.293765777778,1,36,1,2.364912674000003,31.241925645810408,48,SPLIT_REFERENCE,long_context,102003,49.321105518520284,0,12,1358.233104,0,
,48,,48,,,,,146.52100110967933,g0.45_c0.5_b1,,,1238.9697826666668,0,24,0,0,30.600858355207702,48,CPU_REFERENCE,mean,102001,23.921258833280735,0,24,670.638114,0,
,48,,48,,,,,146.2482318497425,g0.45_c0.5_b1,,,1025.9679356666666,0,24,0,2.192978301000011,30.755280135636006,48,EFT_REFERENCE,mean,102001,29.26403592132087,0,24,294.054635,0,
,48,,48,,,,,146.0632062016913,g0.45_c0.5_b1,,,1196.5069579583333,0,24,0,3.452693231000012,30.85194189551846,48,PAIR_COALESCE_V1,mean,102001,32.262027206702896,0,24,356.179931,0,
,48,,48,,,,,146.8269370562839,g0.45_c0.5_b1,,,996.5069579583334,0,24,0,2.806284455000018,30.92250876452162,48,SPLIT_REFERENCE,mean,102001,34.78440623638571,0,24,294.054635,0,
,48,,48,,,,,146.50862819011027,g0.45_c0.5_b1,,,1233.0465566666667,0,24,0,0,30.599113896734178,48,CPU_REFERENCE,short_context,102001,23.876422817441714,0,24,666.716136,0,
,48,,48,,,,,146.22195859307686,g0.45_c0.5_b1,,,1022.3948830833333,0,24,0,2.1415761630000034,30.74939591671392,48,EFT_REFERENCE,short_context,102001,29.080483094257175,0,24,286.608481,0,
,48,,48,,,,,146.0334695326054,g0.45_c0.5_b1,,,1193.0845575,0,24,0,3.363889436000008,30.84342201211516,48,PAIR_COALESCE_V1,short_context,102001,31.993586689337057,0,24,356.179931,0,
,48,,48,,,,,146.74639973716438,g0.45_c0.5_b1,,,993.0845575000001,0,24,0,2.740881836000014,30.9120620342811,48,SPLIT_REFERENCE,short_context,102001,34.44752327117864,0,24,286.608481,0,
,48,,48,,,,,146.5327155686181,g0.45_c0.5_b1,,,1244.613713375,0,24,0,0,30.602510807655236,48,CPU_REFERENCE,long_context,102001,23.963730478392574,0,24,679.538523,0,
,48,,48,,,,,146.27392692365578,g0.45_c0.5_b1,,,1029.386764125,0,24,0,2.2441110549999976,30.761070196605328,48,EFT_REFERENCE,long_context,102001,29.444849178689026,0,24,301.500789,0,
,48,,48,,,,,146.09246790003294,g0.45_c0.5_b1,,,1199.7831515416667,0,24,0,3.5408812900000015,30.860359080971428,48,PAIR_COALESCE_V1,long_context,102001,32.52732133357729,0,24,356.179931,0,
,48,,48,,,,,146.90687325628215,g0.45_c0.5_b1,,,999.7831515416667,0,24,0,2.8714946570000066,30.93286660360282,48,SPLIT_REFERENCE,long_context,102001,35.118724742677244,0,24,301.500789,0,
,48,,48,,,,,146.5210011109767,g0.45_c0.5_b1,,,923.3611946666666,0,24,0,0,30.506875377392586,48,CPU_REFERENCE,mean,102002,22.36465201232098,0,24,627.182677,0,
,48,,48,,,,,146.2854873777047,g0.45_c0.5_b1,,,863.47831325,0,24,0,2.547074164999991,30.704959234322903,48,EFT_REFERENCE,mean,102002,29.259220404587786,0,24,294.054635,0,
,48,,48,,,,,145.99737557036255,g0.45_c0.5_b1,,,1056.59430175,0,24,0,3.8333076189999886,30.756707558812465,48,PAIR_COALESCE_V1,mean,102002,31.638230008149208,0,24,356.179931,0,
,48,,48,,,,,146.85509796178513,g0.45_c0.5_b1,,,856.59430175,0,24,0,2.711784258999998,30.836742619972146,48,SPLIT_REFERENCE,mean,102002,33.701097685266895,0,24,294.054635,0,
,48,,48,,,,,146.50862819003981,g0.45_c0.5_b1,,,920.0593159583334,0,24,0,0,30.505677436945412,48,CPU_REFERENCE,short_context,102002,22.319642575051176,0,24,621.397635,0,
,48,,48,,,,,146.24638676758573,g0.45_c0.5_b1,,,861.5021734583333,0,24,0,2.501949138999997,30.699335120780983,48,EFT_REFERENCE,short_context,102002,29.054934096218624,0,24,286.608481,0,
,48,,48,,,,,145.9668658107893,g0.45_c0.5_b1,,,1054.618162,0,24,0,3.7348421239999894,30.748417853568814,48,PAIR_COALESCE_V1,short_context,102002,31.345737147310963,0,24,356.179931,0,
,48,,48,,,,,146.76937991933966,g0.45_c0.5_b1,,,854.618162,0,24,0,2.6637667119999975,30.82749632663438,48,SPLIT_REFERENCE,short_context,102002,33.375031070762965,0,24,286.608481,0,
,48,,48,,,,,146.53271556841918,g0.45_c0.5_b1,,,926.5232805416667,0,24,0,0,30.50800986293563,48,CPU_REFERENCE,long_context,102002,22.407277512473755,0,24,632.659852,0,
,48,,48,,,,,146.32403274047573,g0.45_c0.5_b1,,,865.3852131666666,0,24,0,2.591852842999991,30.71050877025468,48,EFT_REFERENCE,long_context,102002,29.460648720824203,0,24,301.500789,0,
,48,,48,,,,,146.02731861573864,g0.45_c0.5_b1,,,1058.5012016666667,0,24,0,3.9314652459999877,30.764930315546735,48,PAIR_COALESCE_V1,long_context,102002,31.927938625559996,0,24,356.179931,0,
,48,,48,,,,,146.94030662879615,g0.45_c0.5_b1,,,858.5012016666667,0,24,0,2.759301524999991,30.845910468062776,48,SPLIT_REFERENCE,long_context,102002,34.023917784768315,0,24,301.500789,0,
,48,,48,,,,,146.5210011115611,g0.45_c0.5_b1,,,853.8771110833334,0,24,0,0,30.63695369131028,48,CPU_REFERENCE,mean,102003,24.21003305674381,0,24,608.345647,0,
,48,,48,,,,,146.31754545768044,g0.45_c0.5_b1,,,778.458376875,0,24,0,2.599201160999989,30.836195734105047,48,EFT_REFERENCE,mean,102003,31.14932769745548,0,24,294.054635,0,
,48,,48,,,,,145.95879206417345,g0.45_c0.5_b1,,,971.574365375,0,24,0,3.9627831749999913,30.90103365608205,48,PAIR_COALESCE_V1,mean,102003,33.22344337422669,0,24,356.179931,0,
,48,,48,,,,,146.82339053254265,g0.45_c0.5_b1,,,771.574365375,0,24,0,2.818185605999986,30.931060778299226,48,SPLIT_REFERENCE,mean,102003,34.788899180854784,0,24,294.054635,0,
,48,,48,,,,,146.50862819003981,g0.45_c0.5_b1,,,850.906667125,0,24,0,0,30.635336066493746,48,CPU_REFERENCE,short_context,102003,24.16509671160894,0,24,604.006865,0,
,48,,48,,,,,146.27292201789896,g0.45_c0.5_b1,,,777.0547152916668,0,24,0,2.560353245999984,30.83011059993453,48,EFT_REFERENCE,short_context,102003,30.951114844366064,0,24,286.608481,0,
,48,,48,,,,,145.9288599239208,g0.45_c0.5_b1,,,970.1707038333334,0,24,0,3.8623793519999907,30.892661318918456,48,PAIR_COALESCE_V1,short_context,102003,32.939704130159896,0,24,356.179931,0,
,48,,48,,,,,146.73580192188882,g0.45_c0.5_b1,,,770.1707038333334,0,24,0,2.776445169999988,30.922441734454885,48,SPLIT_REFERENCE,short_context,102003,34.48960399970349,0,24,286.608481,0,
,48,,48,,,,,146.53271556854767,g0.45_c0.5_b1,,,856.7254004166667,0,24,0,0,30.638485623477695,48,CPU_REFERENCE,long_context,102003,24.25259380277661,0,24,612.453528,0,
,48,,48,,,,,146.3616365865704,g0.45_c0.5_b1,,,779.8232647083333,0,24,0,2.637625761999992,30.842186948520524,48,EFT_REFERENCE,long_context,102003,31.344660221586025,0,24,301.500789,0,
,48,,48,,,,,145.98806574677602,g0.45_c0.5_b1,,,972.9392532083334,0,24,0,4.063186997999985,30.90932745625703,48,PAIR_COALESCE_V1,long_context,102003,33.504847739202454,0,24,356.179931,0,
,48,,48,,,,,146.9104927042184,g0.45_c0.5_b1,,,772.9392532083334,0,24,0,2.8593487949999883,30.93958111152828,48,SPLIT_REFERENCE,long_context,102003,35.085181307629824,0,24,301.500789,0,
,48,,48,,,,,146.52100110779753,g0.45_c0.5_b4,,,1595.0802047500001,0,24,0,0,30.597720436133095,48,CPU_REFERENCE,mean,102001,23.79940875773481,0,24,860.947145,0,
,48,,48,,,,,146.37534881861546,g0.45_c0.5_b4,,,1421.2906799166667,0,24,0,1.287293874999996,30.70600701312653,48,EFT_REFERENCE,mean,102001,27.042571442972267,0,24,564.020607,0,
,48,,48,,,,,146.01414353912807,g0.45_c0.5_b4,,,1316.3240969166666,0,24,0,4.894974178999995,31.0258380764809,48,PAIR_COALESCE_V1,mean,102001,36.03385564727351,0,24,843.09523,0,
,48,,48,,,,,146.62619936857425,g0.45_c0.5_b4,,,1342.4685567916667,0,24,0,3.479904526999988,30.97035215060549,48,SPLIT_REFERENCE,mean,102001,35.436979038568694,0,24,844.568063,0,
,48,,48,,,,,146.5086281882285,g0.45_c0.5_b4,,,1590.0910218333333,0,24,0,0,30.59632872910433,48,CPU_REFERENCE,short_context,102001,23.75397622586827,0,24,849.37706,0,
,48,,48,,,,,146.35463613125853,g0.45_c0.5_b4,,,1417.6561187916666,0,24,0,1.2539999379999998,30.702575241282677,48,EFT_REFERENCE,short_context,102001,26.909327629777376,0,24,563.637259,0,
,48,,48,,,,,145.96482596866537,g0.45_c0.5_b4,,,1311.713239125,0,24,0,4.773830638999996,31.013071980531006,48,PAIR_COALESCE_V1,short_context,102001,35.65595653948024,0,24,820.202334,0,
,48,,48,,,,,146.55745415660263,g0.45_c0.5_b4,,,1335.9268562083334,0,24,0,3.3749308589999885,30.959702713106978,48,SPLIT_REFERENCE,short_context,102001,35.05098543662835,0,24,821.675167,0,
,48,,48,,,,,146.53271556841918,g0.45_c0.5_b4,,,1599.8397997083334,0,24,0,0,30.599038755142253,48,CPU_REFERENCE,long_context,102001,23.84244208880188,0,24,871.901494,0,
,48,,48,,,,,146.39556359871924,g0.45_c0.5_b4,,,1424.819121125,0,24,0,1.3200490449999833,30.709335734620392,48,EFT_REFERENCE,long_context,102001,27.172720343685114,0,24,571.743978,0,
,48,,48,,,,,146.01416458775594,g0.45_c0.5_b4,,,1320.9743474166667,0,24,0,5.007372562999983,31.031956995748704,48,PAIR_COALESCE_V1,long_context,102001,36.13812481231051,0,24,864.401406,0,
,48,,48,,,,,146.69448107482066,g0.45_c0.5_b4,,,1348.9378104166667,0,24,0,3.5842239719999753,30.98090488864066,48,SPLIT_REFERENCE,long_context,102001,35.82011468500099,0,24,867.460959,0,
,48,,48,,,,,146.52100110805452,g0.45_c0.5_b4,,,1478.3091780833333,0,24,0,0,30.519829286686896,48,CPU_REFERENCE,mean,102002,22.365375222695214,0,24,746.499658,0,
,48,,48,,,,,146.1750263106467,g0.45_c0.5_b4,,,1298.1623892916666,0,24,0,2.4386358000000072,30.65493714671115,48,EFT_REFERENCE,mean,102002,28.05076161271213,0,24,569.107543,0,
,48,,48,,,,,145.86431214399266,g0.45_c0.5_b4,,,1275.7584307083334,0,24,0,5.397766824000023,30.92091871607689,48,PAIR_COALESCE_V1,mean,102002,36.00895599961532,0,24,845.555749,0,
,48,,48,,,,,146.2240690742386,g0.45_c0.5_b4,,,1232.5382117916668,0,24,0,4.829342368000006,30.929957104948283,48,SPLIT_REFERENCE,mean,102002,36.41457707109536,0,24,844.196921,0,
,48,,48,,,,,146.50862818764406,g0.45_c0.5_b4,,,1474.7059950416667,0,24,0,0,30.518618654141058,48,CPU_REFERENCE,short_context,102002,22.320605340090474,0,24,745.776528,0,
,48,,48,,,,,146.15184771522044,g0.45_c0.5_b4,,,1296.1561189166666,0,24,0,2.3768488320000003,30.649991377177596,48,EFT_REFERENCE,short_context,102002,27.852107779869883,0,24,563.100166,0,
,48,,48,,,,,145.81053810386456,g0.45_c0.5_b4,,,1273.6508939583334,0,24,0,5.291577959000001,30.910000574163544,48,PAIR_COALESCE_V1,short_context,102002,35.64113067098563,0,24,822.662853,0,
,48,,48,,,,,146.15647909948234,g0.45_c0.5_b4,,,1229.244713,0,24,0,4.720492044000004,30.91777259687692,48,SPLIT_REFERENCE,short_context,102002,36.00553889274734,0,24,821.304025,0,
,48,,48,,,,,146.53271556829066,g0.45_c0.5_b4,,,1481.7565333333334,0,24,0,0,30.520975827627808,48,CPU_REFERENCE,long_context,102002,22.408147400235766,0,24,747.184305,0,
,48,,48,,,,,146.19965222556647,g0.45_c0.5_b4,,,1300.392249875,0,24,0,2.4933563589999963,30.659644600262155,48,EFT_REFERENCE,long_context,102002,28.238043423617217,0,24,584.277068,0,
,48,,48,,,,,145.81903062294043,g0.45_c0.5_b4,,,1278.383184875,0,24,0,5.490227071,30.909790241340893,48,PAIR_COALESCE_V1,long_context,102002,35.68469564485783,0,24,763.100166,0,
,48,,48,,,,,146.29311783456575,g0.45_c0.5_b4,,,1236.055301,0,24,0,4.931087800000007,30.941894646836108,48,SPLIT_REFERENCE,long_context,102002,36.813292567677266,0,24,867.089817,0,
,48,,48,,,,,146.52100110851046,g0.45_c0.5_b4,,,1349.559099,0,24,0,0,30.635363532671352,48,CPU_REFERENCE,mean,102003,24.09845214375895,0,24,888.895723,0,
,48,,48,,,,,146.25006853832872,g0.45_c0.5_b4,,,1233.2501424583334,0,24,0,2.0271098470000055,30.789476276413648,48,EFT_REFERENCE,mean,102003,29.088183967130576,0,24,568.281311,0,
,48,,48,,,,,145.98467988215262,g0.45_c0.5_b4,,,1156.1540989583334,0,24,0,4.993846044000001,30.96698620396339,48,PAIR_COALESCE_V1,mean,102003,36.31341164439936,0,24,873.092517,0,
,48,,48,,,,,146.39973867548207,g0.45_c0.5_b4,,,1161.9244786250001,0,24,0,4.239843861000011,30.966453215816394,48,SPLIT_REFERENCE,mean,102003,36.453489877635775,0,24,845.525967,0,
,48,,48,,,,,146.50862818894143,g0.45_c0.5_b4,,,1339.6540567083334,0,24,0,0,30.63339636444709,48,CPU_REFERENCE,short_context,102003,24.06091129055702,0,24,881.173467,0,
,48,,48,,,,,146.22219796340275,g0.45_c0.5_b4,,,1230.811170875,0,24,0,1.9933238420000023,30.784371424314873,48,EFT_REFERENCE,short_context,102003,28.935897673313164,0,24,562.679375,0,
,48,,48,,,,,145.9235702038291,g0.45_c0.5_b4,,,1154.0766926666668,0,24,0,4.912273552999999,30.957800439978453,48,PAIR_COALESCE_V1,short_context,102003,35.987296974361044,0,24,850.199621,0,
,48,,48,,,,,146.32819207232424,g0.45_c0.5_b4,,,1158.1982785416667,0,24,0,4.144270888000001,30.956184735550462,48,SPLIT_REFERENCE,short_context,102003,36.07837154878263,0,24,822.633071,0,
,48,,48,,,,,146.53271556854767,g0.45_c0.5_b4,,,1352.4644421666667,0,24,0,0,30.636896335939596,48,CPU_REFERENCE,long_context,102003,24.141068628190748,0,24,896.426839,0,
,48,,48,,,,,146.27822187396862,g0.45_c0.5_b4,,,1235.7546840416667,0,24,0,2.057737377999999,30.79437437292661,48,EFT_REFERENCE,long_context,102003,29.234252365587118,0,24,583.450836,0,
,48,,48,,,,,145.89306734637648,g0.45_c0.5_b4,,,1158.4148072916666,0,24,0,5.0698193370000055,30.95008239919033,48,PAIR_COALESCE_V1,long_context,102003,35.668371167541494,0,24,762.679375,0,
,48,,48,,,,,146.4715680380323,g0.45_c0.5_b4,,,1165.7162488333333,0,24,0,4.332258360000004,30.97652059351531,48,SPLIT_REFERENCE,long_context,102003,36.82255324508186,0,24,868.418863,0,
,48,,46,,,,,146.52100110779753,g0.45_c0.5_b8,,,2378.4533533333333,0,24,0,0,30.59352452915804,48,CPU_REFERENCE,mean,102001,23.82246535469328,2,24,1521.576258,2,
,48,,48,,,,,146.3198130160101,g0.45_c0.5_b8,,,2281.5045225416666,0,24,0,1.4736566430000053,30.696776190536138,48,EFT_REFERENCE,mean,102001,27.42037310764158,0,24,1012.110991,0,
,48,,46,,,,,146.49551320698592,g0.45_c0.5_b8,,,2240.0884344166666,0,24,0,3.9184510689999996,31.0038310213267,48,SPLIT_REFERENCE,mean,102001,36.17543304259612,2,24,1640.152445,2,
,48,,46,,,,,146.50862818835697,g0.45_c0.5_b8,,,2381.131573125,0,24,0,0,30.592248665155676,48,CPU_REFERENCE,short_context,102001,23.76988532060485,2,24,1512.898695,2,
,48,,48,,,,,146.2962989370984,g0.45_c0.5_b8,,,2282.3422909583333,0,24,0,1.4497634009999985,30.693378267356195,48,EFT_REFERENCE,short_context,102001,27.285372894142412,0,24,940.710784,0,
,48,,46,,,,,146.42138553518672,g0.45_c0.5_b8,,,2220.0577820416665,0,24,0,3.831539447999994,30.994552385070616,48,SPLIT_REFERENCE,short_context,102001,35.80468404504639,2,24,1594.089436,2,
,48,,46,,,,,146.53271556854767,g0.45_c0.5_b8,,,2382.4712475833335,0,24,0,0,30.59505795960863,48,CPU_REFERENCE,long_context,102001,23.865289185853747,2,24,1529.79202,2,
,48,,48,,,,,146.3434799768677,g0.45_c0.5_b8,,,2287.703197625,0,24,0,1.4948272529999969,30.70067346777662,48,EFT_REFERENCE,long_context,102001,27.534411678758282,0,24,1034.811631,0,
,48,,46,,,,,146.57322487099796,g0.45_c0.5_b8,,,2261.7283892083333,0,24,0,3.9911261949999854,31.01257794000896,48,SPLIT_REFERENCE,long_context,102001,36.523770926543804,2,24,1686.215454,2,
,48,,48,,,,,146.52100110805452,g0.45_c0.5_b8,,,2332.4293115416667,0,24,0,0,30.528815757596895,48,CPU_REFERENCE,mean,102002,22.398018770332197,0,24,1227.939495,0,
,48,,48,,,,,146.24312601404193,g0.45_c0.5_b8,,,2084.4957754166667,0,24,0,2.0504070340000027,30.641264121608472,48,EFT_REFERENCE,mean,102002,27.165788596348417,0,24,916.846167,0,
,48,,47,,,,,146.4254377904822,g0.45_c0.5_b8,,,2046.751048,0,24,0,4.15360475100001,30.89883852260718,48,SPLIT_REFERENCE,mean,102002,35.51978145605717,1,24,1393.968187,1,
,48,,48,,,,,146.50862818861398,g0.45_c0.5_b8,,,2328.585084916667,0,24,0,0,30.52731512078563,48,CPU_REFERENCE,short_context,102002,22.351902561275008,0,24,1227.216364,0,
,48,,48,,,,,146.20942824276304,g0.45_c0.5_b8,,,2077.4611127499998,0,24,0,2.0361754909999945,30.63765617426138,48,EFT_REFERENCE,short_context,102002,27.043087153829667,0,24,901.399425,0,
,48,,47,,,,,146.34576243722745,g0.45_c0.5_b8,,,2032.6366285416666,0,24,0,4.085309610999985,30.887476626580277,48,SPLIT_REFERENCE,short_context,102002,35.17092435538927,1,24,1355.628548,1,
,48,,48,,,,,146.53271556854767,g0.45_c0.5_b8,,,2336.1048823333335,0,24,0,0,30.530236939571683,48,CPU_REFERENCE,long_context,102002,22.441694571016818,0,24,1228.624142,0,
,48,,48,,,,,146.2762685400456,g0.45_c0.5_b8,,,2091.4660084166667,0,24,0,2.0642922269999957,30.6447896252499,48,EFT_REFERENCE,long_context,102002,27.28563298900805,0,24,932.292909,0,
,48,,47,,,,,146.50455789728838,g0.45_c0.5_b8,,,2060.8010377916667,0,24,0,4.221553541999995,30.910156105729886,48,SPLIT_REFERENCE,long_context,102002,35.863137177101535,1,24,1432.307825,1,
,48,,48,,,,,146.52100110863896,g0.45_c0.5_b8,,,2181.389209541667,0,24,0,0,30.63396304589288,48,CPU_REFERENCE,mean,102003,23.976246638682525,0,24,1092.540038,0,
,48,,48,,,,,146.39665315158723,g0.45_c0.5_b8,,,2114.0570985,0,24,0,0.8963923800000018,30.702753794952503,48,EFT_REFERENCE,mean,102003,26.141727653174733,0,24,801.885573,0,
,48,,46,,,,,146.59324057219146,g0.45_c0.5_b8,,,2008.0934713333334,0,24,0,3.590505112999992,30.93900832771212,48,SPLIT_REFERENCE,mean,102003,35.5767219107164,2,24,1607.222813,2,
,48,,48,,,,,146.5086281884855,g0.45_c0.5_b8,,,2178.569417625,0,24,0,0,30.632365840887847,48,CPU_REFERENCE,short_context,102003,23.931210302914216,0,24,1091.816908,0,
,48,,48,,,,,146.3758404914152,g0.45_c0.5_b8,,,2110.0103389166666,0,24,0,0.8879458790000001,30.699728642998892,48,EFT_REFERENCE,short_context,102003,26.05986622608333,0,24,801.885573,0,
,48,,46,,,,,146.5120567773512,g0.45_c0.5_b8,,,1994.622666125,0,24,0,3.5272718849999976,30.92934726736994,48,SPLIT_REFERENCE,short_context,102003,35.24327505442798,2,24,1561.159804,2,
,48,,48,,,,,146.53271556854767,g0.45_c0.5_b8,,,2184.094864,0,24,0,0,30.635475601972274,48,CPU_REFERENCE,long_context,102003,24.018896058674343,0,24,1093.224685,0,
,48,,48,,,,,146.41681881985906,g0.45_c0.5_b8,,,2117.9929275833333,0,24,0,0.904800397999999,30.70569410535793,48,EFT_REFERENCE,long_context,102003,26.22117914733608,0,24,801.885573,0,
,48,,46,,,,,146.6737888436341,g0.45_c0.5_b8,,,2021.499846875,0,24,0,3.653661375999995,30.948599955986957,48,SPLIT_REFERENCE,long_context,102003,35.90818236296573,2,24,1653.285822,2,
,48,,48,,,,,142.22731385829323,g0.45_c0.75_b1,,,691.7697314166667,0,12,0,1.5654083549999953,30.138415274528548,48,EFT_REFERENCE,mean,102001,9.377819073028505,0,36,294.054635,0,
,48,,48,,,,,142.07806431562346,g0.45_c0.75_b1,,,891.7697314166667,0,12,0,2.5453635569999946,30.20191112623208,48,PAIR_COALESCE_V1,mean,102001,11.498184213278975,0,36,356.179931,0,
,48,,48,,,,,143.5993547305457,g0.45_c0.75_b1,,,691.7697314166667,0,12,0,1.5926652180000005,30.404065161151184,48,SPLIT_REFERENCE,mean,102001,17.64482393035729,0,36,294.054635,0,
,48,,48,,,,,142.3606601290368,g0.45_c0.75_b1,,,1010.4931751666667,0,12,0,0,30.015781784364524,48,TOKEN_CPU_V1,mean,102001,5.782512003033219,0,36,594.990189,0,
,48,,48,,,,,142.2033281911491,g0.45_c0.75_b1,,,690.7878959166667,0,12,0,1.5393457220000073,30.134743463907682,48,EFT_REFERENCE,short_context,102001,9.270677321576663,0,36,286.608481,0,
,48,,48,,,,,142.05297454796516,g0.45_c0.75_b1,,,890.7878959166667,0,12,0,2.4862380470000005,30.196191285813505,48,PAIR_COALESCE_V1,short_context,102001,11.325849603547713,0,36,356.179931,0,
,48,,48,,,,,143.47009995623833,g0.45_c0.75_b1,,,690.7878959166667,0,12,0,1.56443319400001,30.39294267196324,48,SPLIT_REFERENCE,short_context,102001,17.290591637207484,0,36,286.608481,0,
,48,,48,,,,,142.35447366960872,g0.45_c0.75_b1,,,1009.8126438333334,0,12,0,0,30.015137023141204,48,TOKEN_CPU_V1,short_context,102001,5.763538731468746,0,36,594.267059,0,
,48,,48,,,,,142.25101616690137,g0.45_c0.75_b1,,,692.7352420000001,0,12,0,1.591317055999994,30.142043350912935,48,EFT_REFERENCE,long_context,102001,9.483744283925123,0,36,301.500789,0,
,48,,48,,,,,142.10290512956453,g0.45_c0.75_b1,,,892.7352420000001,0,12,0,2.60421968,30.207587157329318,48,PAIR_COALESCE_V1,long_context,102001,11.669446254961308,0,36,356.179931,0,
,48,,48,,,,,143.7283605499439,g0.45_c0.75_b1,,,692.7352420000001,0,12,0,1.6206278589999954,30.415142135587935,48,SPLIT_REFERENCE,long_context,102001,17.997968644220947,0,36,301.500789,0,
,48,,48,,,,,142.36651735857043,g0.45_c0.75_b1,,,1011.1734160833333,0,12,0,0,30.01639225252968,48,TOKEN_CPU_V1,long_context,102001,5.800476138891671,0,36,595.674836,0,
,48,,48,,,,,142.3032266125766,g0.45_c0.75_b1,,,645.6174518333333,0,12,0,1.6300762470000052,30.10326166694651,48,EFT_REFERENCE,mean,102002,9.001672560151462,0,36,294.054635,0,
,48,,48,,,,,142.00259227810997,g0.45_c0.75_b1,,,845.6174518333333,0,12,0,2.7986268029999977,30.135397002727938,48,PAIR_COALESCE_V1,mean,102002,10.686508965619296,0,36,356.179931,0,
,48,,48,,,,,143.5882063044369,g0.45_c0.75_b1,,,645.6174518333333,0,12,0,1.6300762470000052,30.367335701234737,48,SPLIT_REFERENCE,mean,102002,17.139165155404513,0,36,294.054635,0,
,48,,48,,,,,142.36066013079008,g0.45_c0.75_b1,,,961.5680425833333,0,12,0,0,29.96421809666561,48,TOKEN_CPU_V1,mean,102002,4.9455682683734885,0,36,689.024935,0,
,48,,48,,,,,142.26819528539448,g0.45_c0.75_b1,,,644.816399,0,12,0,1.6165678359999873,30.100165127425715,48,EFT_REFERENCE,short_context,102002,8.895203238955535,0,36,286.608481,0,
,48,,48,,,,,141.9810281568412,g0.45_c0.75_b1,,,844.816399,0,12,0,2.727670202999981,30.130124723956722,48,PAIR_COALESCE_V1,short_context,102002,10.503984265152145,0,36,356.179931,0,
,48,,48,,,,,143.4545639179921,g0.45_c0.75_b1,,,644.816399,0,12,0,1.6165678359999873,30.356886161452497,48,SPLIT_REFERENCE,short_context,102002,16.796385843326288,0,36,286.608481,0,
,48,,48,,,,,142.3544736699942,g0.45_c0.75_b1,,,960.887511,0,12,0,0,29.963556957914555,48,TOKEN_CPU_V1,short_context,102002,4.926997495155192,0,36,688.301805,0,
,48,,48,,,,,142.33802045355105,g0.45_c0.75_b1,,,646.4118006666667,0,12,0,1.643276794000002,30.10632145552438,48,EFT_REFERENCE,long_context,102002,9.107019771707108,0,36,301.500789,0,
,48,,48,,,,,142.02385010653668,g0.45_c0.75_b1,,,846.4118006666667,0,12,0,2.869506434999977,30.14063324967529,48,PAIR_COALESCE_V1,long_context,102002,10.868039562615667,0,36,356.179931,0,
,48,,48,,,,,143.7216112046741,g0.45_c0.75_b1,,,646.4118006666667,0,12,0,1.643276794000002,30.37775109904234,48,SPLIT_REFERENCE,long_context,102002,17.480525413697542,0,36,301.500789,0,
,48,,48,,,,,142.36651735882742,g0.45_c0.75_b1,,,962.2482835833333,0,12,0,0,29.964844071611694,48,TOKEN_CPU_V1,long_context,102002,4.963217478191993,0,36,689.709582,0,
,48,,48,,,,,142.24637547679342,g0.45_c0.75_b1,,,649.5864764166666,0,12,0,1.9805579359999825,30.246050129182148,48,EFT_REFERENCE,mean,102003,10.973739985788995,0,36,294.054635,0,
,48,,48,,,,,141.94739729873027,g0.45_c0.75_b1,,,849.5864764166666,0,12,0,3.143550889999986,30.30840047140051,48,PAIR_COALESCE_V1,mean,102003,12.669770891342761,0,36,356.179931,0,
,48,,48,,,,,143.48376332821448,g0.45_c0.75_b1,,,649.5864764166666,0,12,0,1.9805579359999825,30.46637012396305,48,SPLIT_REFERENCE,mean,102003,18.240446440144954,0,36,294.054635,0,
,48,,48,,,,,142.36066013091857,g0.45_c0.75_b1,,,939.1726905,0,12,0,0,30.023215303092353,48,TOKEN_CPU_V1,mean,102003,5.985137058281985,0,36,595.76123,0,
,48,,48,,,,,142.20999344021828,g0.45_c0.75_b1,,,648.7854235833333,0,12,0,1.9593261539999887,30.241244427087747,48,EFT_REFERENCE,short_context,102003,10.847152363848277,0,36,286.608481,0,
,48,,48,,,,,141.9244824680685,g0.45_c0.75_b1,,,848.7854235833333,0,12,0,3.0648709189999934,30.301356333179776,48,PAIR_COALESCE_V1,short_context,102003,12.4666028012922,0,36,356.179931,0,
,48,,48,,,,,143.3524224938308,g0.45_c0.75_b1,,,648.7854235833333,0,12,0,1.9593261539999887,30.455708860040353,48,SPLIT_REFERENCE,short_context,102003,17.894297244498826,0,36,286.608481,0,
,48,,48,,,,,142.35447366999423,g0.45_c0.75_b1,,,938.4921593333333,0,12,0,0,30.022483344184796,48,TOKEN_CPU_V1,short_context,102003,5.966363973080373,0,36,595.0381,0,
,48,,48,,,,,142.2825200271609,g0.45_c0.75_b1,,,650.38082525,0,12,0,2.0014818539999837,30.250803323552827,48,EFT_REFERENCE,long_context,102003,11.099035182002268,0,36,301.500789,0,
,48,,48,,,,,141.97000583655003,g0.45_c0.75_b1,,,850.38082525,0,12,0,3.222153892999984,30.315399562193043,48,PAIR_COALESCE_V1,long_context,102003,12.872016834578627,0,36,356.179931,0,
,48,,48,,,,,143.61486667639053,g0.45_c0.75_b1,,,650.38082525,0,12,0,2.0014818539999837,30.47698095781395,48,SPLIT_REFERENCE,long_context,102003,18.585337295965402,0,36,301.500789,0,
,48,,48,,,,,142.36651735837148,g0.45_c0.75_b1,,,939.8529315000001,0,12,0,0,30.02390833144812,48,TOKEN_CPU_V1,long_context,102003,6.00291166277956,0,36,596.445877,0,
,48,,48,,,,,142.19336687979742,g0.45_c0.75_b4,,,1035.9670126666667,0,12,0,1.2002099020000045,30.08641367079086,48,EFT_REFERENCE,mean,102001,7.962990057317651,0,36,568.963336,0,
,48,,48,,,,,141.84617263016497,g0.45_c0.75_b4,,,780.07423475,0,12,0,5.5593982199999985,30.48621367570243,48,PAIR_COALESCE_V1,mean,102001,19.0516205590285,0,36,934.256245,0,
,48,,48,,,,,142.90442481700347,g0.45_c0.75_b4,,,981.1033593333333,0,12,0,3.9246574699999996,30.503154440757722,48,SPLIT_REFERENCE,mean,102001,20.515778941778507,0,36,1120.351561,0,
,48,,48,,,,,142.36066012494578,g0.45_c0.75_b4,,,1854.996136,0,12,0,0,30.02348912538057,48,TOKEN_CPU_V1,mean,102001,5.8408296539372735,0,36,998.224734,0,
,48,,48,,,,,142.17738997024486,g0.45_c0.75_b4,,,1035.10569875,0,12,0,1.1840400299999985,30.08428105450459,48,EFT_REFERENCE,short_context,102001,7.8951419719451685,0,36,565.577605,0,
,48,,48,,,,,141.76743415762317,g0.45_c0.75_b4,,,779.212921,0,12,0,5.5087192139999885,30.476489744094064,48,PAIR_COALESCE_V1,short_context,102001,18.7568169900913,0,36,911.363349,0,
,48,,48,,,,,142.78790189691526,g0.45_c0.75_b4,,,973.8059027500001,0,12,0,3.853700870999994,30.491554876331044,48,SPLIT_REFERENCE,short_context,102001,20.098630128596017,0,36,1089.735294,0,
,48,,48,,,,,142.35447366396338,g0.45_c0.75_b4,,,1854.3156046666666,0,12,0,0,30.02274788587375,48,TOKEN_CPU_V1,short_context,102001,5.822009570391582,0,36,997.501603,0,
,48,,48,,,,,142.20902602810355,g0.45_c0.75_b4,,,1036.81841525,0,12,0,1.2163412920000027,30.088510615644097,48,EFT_REFERENCE,long_context,102001,8.029761434619513,0,36,584.132861,0,
,48,,48,,,,,141.6195856829519,g0.45_c0.75_b4,,,781.59667525,0,12,0,5.601793877999995,30.431210448833806,48,PAIR_COALESCE_V1,long_context,102001,17.43745847323857,0,36,811.828284,0,
,48,,48,,,,,143.0206414418057,g0.45_c0.75_b4,,,988.3909045833334,0,12,0,3.995537101999993,30.514728832139348,48,SPLIT_REFERENCE,long_context,102001,20.932389673203343,0,36,1150.967828,0,
,48,,48,,,,,142.36651735435092,g0.45_c0.75_b4,,,1855.6763769166666,0,12,0,0,30.024190940119365,48,TOKEN_CPU_V1,long_context,102001,5.858648741968857,0,36,998.90938,0,
,48,,48,,,,,142.19343578447328,g0.45_c0.75_b4,,,1046.6744095833333,0,12,0,1.1999786770000043,30.052691725902783,48,EFT_REFERENCE,mean,102002,7.255764564494303,0,36,569.271174,0,
,48,,48,,,,,141.846172630165,g0.45_c0.75_b4,,,777.4714488333334,0,12,0,5.559398220000027,30.38897957337132,48,PAIR_COALESCE_V1,mean,102002,18.087700790837353,0,36,873.040486,0,
,48,,48,,,,,142.8099627119114,g0.45_c0.75_b4,,,943.3043664166667,0,12,0,4.241646121000024,30.454298921345018,48,SPLIT_REFERENCE,mean,102002,20.159296599077603,0,36,1118.604068,0,
,48,,48,,,,,142.36066012448987,g0.45_c0.75_b4,,,1404.5185175000001,0,12,0,0,29.96678223382001,48,TOKEN_CPU_V1,mean,102002,4.932402202473359,0,36,882.102998,0,
,48,,48,,,,,142.17745887492075,g0.45_c0.75_b4,,,1045.8130956666666,0,12,0,1.1838088050000053,30.05042681420778,48,EFT_REFERENCE,short_context,102002,7.18307033069075,0,36,563.100166,0,
,48,,48,,,,,141.7674341576232,g0.45_c0.75_b4,,,776.6101350833334,0,12,0,5.50871921400001,30.38018945803504,48,PAIR_COALESCE_V1,short_context,102002,17.80274832423079,0,36,850.14759,0,
,48,,48,,,,,142.69135373133196,g0.45_c0.75_b4,,,937.2941384166667,0,12,0,4.177689763000025,30.441601719298287,48,SPLIT_REFERENCE,short_context,102002,19.74341592407059,0,36,1087.987801,0,
,48,,48,,,,,142.35447366383488,g0.45_c0.75_b4,,,1403.8379863333334,0,12,0,0,29.966185110759966,48,TOKEN_CPU_V1,short_context,102002,4.9139885663322325,0,36,881.379867,0,
,48,,48,,,,,142.2090949327794,g0.45_c0.75_b4,,,1047.5258121666666,0,12,0,1.2161100670000025,30.054919772321757,48,EFT_REFERENCE,long_context,102002,7.327586753139283,0,36,584.440699,0,
,48,,48,,,,,141.61958568295194,g0.45_c0.75_b4,,,778.9938893333333,0,12,0,5.601793878000024,30.3399549338274,48,PAIR_COALESCE_V1,long_context,102002,16.464683071001076,0,36,761.889766,0,
,48,,48,,,,,142.92827686549145,g0.45_c0.75_b4,,,949.3046831666667,0,12,0,4.305487030000023,30.46696995632754,48,SPLIT_REFERENCE,long_context,102002,20.574597850870603,0,36,1149.220335,0,
,48,,48,,,,,142.36651735519234,g0.45_c0.75_b4,,,1405.1987583333334,0,12,0,0,29.967347597324384,48,TOKEN_CPU_V1,long_context,102002,4.949836459363858,0,36,882.787644,0,
,48,,48,,,,,142.0684193547692,g0.45_c0.75_b4,,,995.3026261666666,0,12,0,2.0986142660000056,30.194465015865315,48,EFT_REFERENCE,mean,102003,10.504098627134297,0,36,704.601444,0,
,48,,48,,,,,141.91183083375603,g0.45_c0.75_b4,,,864.6393550833334,0,12,0,5.339067483000001,30.48671767578309,48,PAIR_COALESCE_V1,mean,102003,18.605296852761604,0,36,934.397547,0,
,48,,48,,,,,142.89246769396968,g0.45_c0.75_b4,,,992.0019319166666,0,12,0,3.9647822610000105,30.561329129732076,48,SPLIT_REFERENCE,mean,102003,20.58864979473132,0,36,1119.209836,0,
,48,,48,,,,,142.36066012624315,g0.45_c0.75_b4,,,1393.6038705,0,12,0,0,30.024395868113416,48,TOKEN_CPU_V1,mean,102003,5.899237804695453,0,36,1016.891017,0,
,48,,48,,,,,142.04400270519812,g0.45_c0.75_b4,,,994.2002689999999,0,12,0,2.073997893000005,30.190483860043102,48,EFT_REFERENCE,short_context,102003,10.393285960117673,0,36,689.154701,0,
,48,,48,,,,,141.8314372848738,g0.45_c0.75_b4,,,863.0741661666667,0,12,0,5.293942456999993,30.480512952409285,48,PAIR_COALESCE_V1,short_context,102003,18.320831705425178,0,36,911.504651,0,
,48,,48,,,,,142.7722036370498,g0.45_c0.75_b4,,,985.7506604166666,0,12,0,3.9063798830000067,30.54959686952942,48,SPLIT_REFERENCE,short_context,102003,20.190050531270785,0,36,1088.593569,0,
,48,,48,,,,,142.3544736648048,g0.45_c0.75_b4,,,1392.9233394166667,0,12,0,0,30.0236619630334,48,TOKEN_CPU_V1,short_context,102003,5.880623359486918,0,36,1016.167887,0,
,48,,48,,,,,142.09252971156695,g0.45_c0.75_b4,,,996.3822445000001,0,12,0,2.123153674000001,30.198404284840027,48,EFT_REFERENCE,long_context,102003,10.61380261685494,0,36,720.048186,0,
,48,,48,,,,,141.68613349551578,g0.45_c0.75_b4,,,866.41510525,0,12,0,5.378477859000007,30.44056824377752,48,PAIR_COALESCE_V1,long_context,102003,17.005148916041236,0,36,812.172349,0,
,48,,48,,,,,143.0124713284645,g0.45_c0.75_b4,,,998.23046425,0,12,0,4.022953737000002,30.572905998113935,48,SPLIT_REFERENCE,long_context,102003,20.986314063827056,0,36,1149.826103,0,
,48,,48,,,,,142.36651735603377,g0.45_c0.75_b4,,,1394.2841115,0,12,0,0,30.025090738913097,48,TOKEN_CPU_V1,long_context,102003,5.916862200686317,0,36,1017.575664,0,
,48,,48,,,,,142.3606601256587,g0.45_c0.75_b8,,,1762.0629709166667,0,12,0,0,30.010075629472162,48,CPU_REFERENCE,mean,102001,5.430475581088135,0,36,1287.505634,0,
,48,,48,,,,,142.27986057897115,g0.45_c0.75_b8,,,1736.11925825,0,12,0,0.590550952000001,30.051624672896132,48,EFT_REFERENCE,mean,102001,6.723966144006319,0,36,976.181081,0,
,48,,42,,,,,143.16767443219527,g0.45_c0.75_b8,,,1952.1169005833333,0,12,0,3.0412646989999956,30.48893219236947,48,SPLIT_REFERENCE,mean,102001,19.457378843067097,6,36,1908.110364,6,
,48,,48,,,,,142.35447366409187,g0.45_c0.75_b8,,,1760.9003525,0,12,0,0,30.009589318114248,48,CPU_REFERENCE,short_context,102001,5.411567567446678,0,36,1286.782503,0,
,48,,48,,,,,142.2665850867788,g0.45_c0.75_b8,,,1733.7296720833333,0,12,0,0.5898278220000037,30.05053123157213,48,EFT_REFERENCE,short_context,102001,6.685830037073487,0,36,960.734339,0,
,48,,42,,,,,143.04424685486094,g0.45_c0.75_b8,,,1920.885195,0,12,0,2.99347821100001,30.47551368648498,48,SPLIT_REFERENCE,short_context,102001,19.06712713097511,6,36,1854.323984,6,
,48,,48,,,,,142.3665173566182,g0.45_c0.75_b8,,,1763.1996428333334,0,12,0,0,30.010536091762113,48,CPU_REFERENCE,long_context,102001,5.448378721080793,0,36,1288.190281,0,
,48,,48,,,,,142.29281830902923,g0.45_c0.75_b8,,,1738.48610475,0,12,0,0.5912355990000009,30.052691386898317,48,EFT_REFERENCE,long_context,102001,6.761037856852855,0,36,991.627823,0,
,48,,42,,,,,143.29079571526174,g0.45_c0.75_b8,,,1983.3322809166666,0,12,0,3.0889742189999865,30.5023386987438,48,SPLIT_REFERENCE,long_context,102001,19.847596406772773,6,36,1961.896744,6,
,48,,48,,,,,142.3606601256587,g0.45_c0.75_b8,,,1703.1427830833334,0,12,0,0,29.978018986317437,48,CPU_REFERENCE,mean,102002,4.807111468415183,0,36,1287.201931,0,
,48,,48,,,,,142.2080745704398,g0.45_c0.75_b8,,,1630.3335323333333,0,12,0,1.1508549670000008,30.06150355547734,48,EFT_REFERENCE,mean,102002,7.230024407162656,0,36,976.108603,0,
,48,,42,,,,,143.00070474304238,g0.45_c0.75_b8,,,1766.99769325,0,12,0,3.6015687140000026,30.44914788772367,48,SPLIT_REFERENCE,mean,102002,19.32172961077714,6,36,1910.942098,6,
,48,,48,,,,,142.35447366409187,g0.45_c0.75_b8,,,1701.98016475,0,12,0,0,29.97731011172273,48,CPU_REFERENCE,short_context,102002,4.788262386269789,0,36,1286.4788,0,
,48,,48,,,,,142.18771004775047,g0.45_c0.75_b8,,,1625.490011,0,12,0,1.1494087069999992,30.059522829117196,48,EFT_REFERENCE,short_context,102002,7.1749301549757405,0,36,960.661861,0,
,48,,42,,,,,142.87749265727797,g0.45_c0.75_b8,,,1738.4609664166667,0,12,0,3.5530590959999913,30.44056652855037,48,SPLIT_REFERENCE,short_context,102002,18.934365007905576,6,36,1857.155718,6,
,48,,48,,,,,142.3665173566182,g0.45_c0.75_b8,,,1704.2794549999999,0,12,0,0,29.978690184971423,48,CPU_REFERENCE,long_context,102002,4.824958774410437,0,36,1287.886578,0,
,48,,48,,,,,142.2281327995965,g0.45_c0.75_b8,,,1635.1607281666666,0,12,0,1.1522242610000006,30.06344501972701,48,EFT_REFERENCE,long_context,102002,7.285412539720397,0,36,991.555345,0,
,48,,42,,,,,143.12362200241063,g0.45_c0.75_b8,,,1795.52450875,0,12,0,3.6499628810000004,30.45772085077244,48,SPLIT_REFERENCE,long_context,102002,19.712580758934863,6,36,1964.728478,6,
,48,,48,,,,,142.36066012553022,g0.45_c0.75_b8,,,1691.5675150833333,0,12,0,0,30.04022678631084,48,CPU_REFERENCE,mean,102003,5.831062667463392,0,36,1393.275013,0,
,48,,48,,,,,142.1260757846918,g0.45_c0.75_b8,,,1568.7341029166666,0,12,0,1.7454302330000004,30.180421187207088,48,EFT_REFERENCE,mean,102003,9.695043932072927,0,36,1080.98544,0,
,48,,41,,,,,143.0087988638224,g0.45_c0.75_b8,,,1805.4893284166667,0,12,0,3.5744070850000043,30.51600860433998,48,SPLIT_REFERENCE,mean,102003,20.109690597707974,7,36,1912.279305,7,
,48,,48,,,,,142.35447366409187,g0.45_c0.75_b8,,,1690.3446361666668,0,12,0,0,30.039444689603027,48,CPU_REFERENCE,short_context,102003,5.812511743709603,0,36,1392.551883,0,
,48,,48,,,,,142.09862223053557,g0.45_c0.75_b8,,,1561.3763856666667,0,12,0,1.7432608430000016,30.177449976396915,48,EFT_REFERENCE,short_context,102003,9.621555305093086,0,36,1065.538698,0,
,48,,41,,,,,142.88558677805796,g0.45_c0.75_b8,,,1778.179569,0,12,0,3.525897467000007,30.50601036050255,48,SPLIT_REFERENCE,short_context,102003,19.710282616145093,7,36,1858.492925,7,
,48,,48,,,,,142.3665173566182,g0.45_c0.75_b8,,,1692.7612410833333,0,12,0,0,30.04096732888051,48,CPU_REFERENCE,long_context,102003,5.848627842141571,0,36,1393.95966,0,
,48,,48,,,,,142.1532345129471,g0.45_c0.75_b8,,,1576.078702,0,12,0,1.7474841740000002,30.183348494895842,48,EFT_REFERENCE,long_context,102003,9.767365928618517,0,36,1096.432182,0,
,48,,41,,,,,143.13171612336552,g0.45_c0.75_b8,,,1832.7859693333332,0,12,0,3.6228012529999916,30.52599975367114,48,SPLIT_REFERENCE,long_context,102003,20.50894903350036,7,36,1966.065685,7,
,48,,48,,,,,150.68134209680866,g1.2_c0.25_b1,,,619.471443,0,36,0,0,30.564991931830416,48,CPU_REFERENCE,mean,102001,44.34044646304892,0,12,156.179931,0,
,48,,48,,,,,150.68134209680866,g1.2_c0.25_b1,,,619.471443,0,36,0,0,30.564991931830416,48,EFT_REFERENCE,mean,102001,44.34044646304892,0,12,156.179931,0,
,48,,47,,,,,150.68134209142028,g1.2_c0.25_b1,,,2883.096406888889,0,36,0,0,30.582442355976625,48,JIT_CPU_V1,mean,102001,45.289784791032595,1,12,1926.60626,1,
,48,,48,,,,,151.25244418207993,g1.2_c0.25_b1,,,619.471443,0,36,0,0,30.621807545806565,48,SPLIT_REFERENCE,mean,102001,47.79355388872406,0,12,294.054635,0,
,48,,48,,,,,150.66278272494077,g1.2_c0.25_b1,,,618.790912,0,36,0,0,30.563828751786524,48,CPU_REFERENCE,short_context,102001,44.27333502814492,0,12,156.179931,0,
,48,,48,,,,,150.66278272494077,g1.2_c0.25_b1,,,618.790912,0,36,0,0,30.563828751786524,48,EFT_REFERENCE,short_context,102001,44.27333502814492,0,12,156.179931,0,
,48,,47,,,,,150.66278271825504,g1.2_c0.25_b1,,,2882.415875722222,0,36,0,0,30.58130305389674,48,JIT_CPU_V1,short_context,102001,45.22249100907254,1,12,1925.88313,1,
,48,,48,,,,,151.19005767276192,g1.2_c0.25_b1,,,618.790912,0,36,0,0,30.619090506024644,48,SPLIT_REFERENCE,short_context,102001,47.62878940137406,0,12,286.608481,0,
,48,,48,,,,,150.69891378968714,g1.2_c0.25_b1,,,620.151684,0,36,0,0,30.56609324622144,48,CPU_REFERENCE,long_context,102001,44.40398846538133,0,12,156.179931,0,
,48,,48,,,,,150.69891378968714,g1.2_c0.25_b1,,,620.151684,0,36,0,0,30.56609324622144,48,EFT_REFERENCE,long_context,102001,44.40398846538133,0,12,156.179931,0,
,48,,47,,,,,150.6989137830014,g1.2_c0.25_b1,,,2883.776647888889,0,36,0,0,30.583521062320724,48,JIT_CPU_V1,long_context,102001,45.353499436348386,1,12,1927.290907,1,
,48,,48,,,,,151.3138430124085,g1.2_c0.25_b1,,,620.151684,0,36,0,0,30.624465251313094,48,SPLIT_REFERENCE,long_context,102001,47.95476149200037,0,12,301.500789,0,
,48,,48,,,,,150.6813420968086,g1.2_c0.25_b1,,,619.471443,0,36,0,0,30.539338495416512,48,CPU_REFERENCE,mean,102002,42.872366572249135,0,12,156.179931,0,
,48,,48,,,,,150.6813420968086,g1.2_c0.25_b1,,,619.471443,0,36,0,0,30.539338495416512,48,EFT_REFERENCE,mean,102002,42.872366572249135,0,12,156.179931,0,
,48,,47,,,,,150.6813420902514,g1.2_c0.25_b1,,,2900.714379972222,0,36,0,0,30.558162318748447,48,JIT_CPU_V1,mean,102002,43.78084279103469,1,12,1919.085512,1,
,48,,48,,,,,151.2524441820799,g1.2_c0.25_b1,,,619.471443,0,36,0,0,30.60499792057673,48,SPLIT_REFERENCE,mean,102002,46.763539772605284,0,12,294.054635,0,
,48,,48,,,,,150.66278272494077,g1.2_c0.25_b1,,,618.790912,0,36,0,0,30.5382472944591,48,CPU_REFERENCE,short_context,102002,42.8048798063587,0,12,156.179931,0,
,48,,48,,,,,150.66278272494077,g1.2_c0.25_b1,,,618.790912,0,36,0,0,30.5382472944591,48,EFT_REFERENCE,short_context,102002,42.8048798063587,0,12,156.179931,0,
,48,,47,,,,,150.6627827177991,g1.2_c0.25_b1,,,2900.0338487777776,0,36,0,0,30.5570567386459,48,JIT_CPU_V1,short_context,102002,43.71331540367565,1,12,1918.362382,1,
,48,,48,,,,,151.19005767276192,g1.2_c0.25_b1,,,618.790912,0,36,0,0,30.602078468039522,48,SPLIT_REFERENCE,short_context,102002,46.58852183882415,0,12,286.608481,0,
,48,,48,,,,,150.69891378968708,g1.2_c0.25_b1,,,620.151684,0,36,0,0,30.540371659047715,48,CPU_REFERENCE,long_context,102002,42.93626394296832,0,12,156.179931,0,
,48,,48,,,,,150.69891378968708,g1.2_c0.25_b1,,,620.151684,0,36,0,0,30.540371659047715,48,EFT_REFERENCE,long_context,102002,42.93626394296832,0,12,156.179931,0,
,48,,47,,,,,150.69891378254545,g1.2_c0.25_b1,,,2901.394620972222,0,36,0,0,30.559209096741675,48,JIT_CPU_V1,long_context,102002,43.844778622357495,1,12,1919.770159,1,
,48,,48,,,,,151.31384301240846,g1.2_c0.25_b1,,,620.151684,0,36,0,0,30.607859984482165,48,SPLIT_REFERENCE,long_context,102002,46.935006465084356,0,12,301.500789,0,
,48,,48,,,,,150.68134209680863,g1.2_c0.25_b1,,,619.471443,0,36,0,0,30.65443604986696,48,CPU_REFERENCE,mean,102003,44.21684449896264,0,12,156.179931,0,
,48,,48,,,,,150.68134209680863,g1.2_c0.25_b1,,,619.471443,0,36,0,0,30.65443604986696,48,EFT_REFERENCE,mean,102003,44.21684449896264,0,12,156.179931,0,
,48,,48,,,,,150.68134209070735,g1.2_c0.25_b1,,,2845.9655029444443,0,36,0,0,30.66858267537391,48,JIT_CPU_V1,mean,102003,45.090385057986886,0,12,1500.0,0,
,48,,48,,,,,151.2524441820799,g1.2_c0.25_b1,,,619.471443,0,36,0,0,30.699340361266607,48,SPLIT_REFERENCE,mean,102003,47.762718612652044,0,12,294.054635,0,
,48,,48,,,,,150.66278272494077,g1.2_c0.25_b1,,,618.790912,0,36,0,0,30.653220054908964,48,CPU_REFERENCE,short_context,102003,44.149371288028824,0,12,156.179931,0,
,48,,48,,,,,150.66278272494077,g1.2_c0.25_b1,,,618.790912,0,36,0,0,30.653220054908964,48,EFT_REFERENCE,short_context,102003,44.149371288028824,0,12,156.179931,0,
,48,,48,,,,,150.66278271812655,g1.2_c0.25_b1,,,2845.28497175,0,36,0,0,30.667357889740284,48,JIT_CPU_V1,short_context,102003,45.022794639515155,0,12,1500.0,0,
,48,,48,,,,,151.19005767276192,g1.2_c0.25_b1,,,618.790912,0,36,0,0,30.696874029771926,48,SPLIT_REFERENCE,short_context,102003,47.59669739154809,0,12,286.608481,0,
,48,,48,,,,,150.69891378968714,g1.2_c0.25_b1,,,620.151684,0,36,0,0,30.65558737012358,48,CPU_REFERENCE,long_context,102003,44.28072903566864,0,12,156.179931,0,
,48,,48,,,,,150.69891378968714,g1.2_c0.25_b1,,,620.151684,0,36,0,0,30.65558737012358,48,EFT_REFERENCE,long_context,102003,44.28072903566864,0,12,156.179931,0,
,48,,48,,,,,150.69891378287292,g1.2_c0.25_b1,,,2846.6457439444443,0,36,0,0,30.66974231860491,48,JIT_CPU_V1,long_context,102003,45.15438056321085,0,12,1500.0,0,
,48,,48,,,,,151.31384301240848,g1.2_c0.25_b1,,,620.151684,0,36,0,0,30.701742461700377,48,SPLIT_REFERENCE,long_context,102003,47.92487539610552,0,12,301.500789,0,
,48,,48,,,,,150.46510784183835,g1.2_c0.25_b4,,,1329.6355381666667,0,36,0,1.5241473749999983,30.666796245930087,48,EFT_REFERENCE,mean,102001,47.340960176338754,0,12,538.265755,0,
,48,,48,,,,,150.24961937884495,g1.2_c0.25_b4,,,1356.8205030555555,0,36,0,3.3652021699999963,30.764728784575986,48,PAIR_COALESCE_V1,mean,102001,51.31143805591051,0,12,932.430821,0,
,48,,48,,,,,150.37981155221362,g1.2_c0.25_b4,,,1287.7288474722222,0,36,0,2.928313310000007,30.755390460496912,48,SPLIT_REFERENCE,mean,102001,50.890947145577094,0,12,844.239322,0,
,48,,48,,,,,150.681342093501,g1.2_c0.25_b4,,,1724.8668073333333,0,36,0,0,30.62491284941695,48,TOKEN_CPU_V1,mean,102001,43.962320326819395,0,12,851.328805,0,
,48,,48,,,,,150.43979491516313,g1.2_c0.25_b4,,,1328.1515287222223,0,36,0,1.4855305199999904,30.664377074730147,48,EFT_REFERENCE,short_context,102001,47.177756076929406,0,12,523.09623,0,
,48,,48,,,,,150.20816232180505,g1.2_c0.25_b4,,,1355.336493611111,0,36,0,3.2949687009999877,30.760251272862497,48,PAIR_COALESCE_V1,short_context,102001,51.05447189611202,0,12,909.537925,0,
,48,,48,,,,,150.3404405556649,g1.2_c0.25_b4,,,1285.8157618333335,0,36,0,2.8510795999999843,30.75086842736661,48,SPLIT_REFERENCE,short_context,102001,50.62570817454765,0,12,821.346426,0,
,48,,48,,,,,150.66278271631523,g1.2_c0.25_b4,,,1724.1260149444445,0,36,0,0,30.623668559478016,48,TOKEN_CPU_V1,short_context,102001,43.89571996708077,0,12,850.605674,0,
,48,,48,,,,,150.48943307900518,g1.2_c0.25_b4,,,1331.0764978611112,0,36,0,1.5627642310000098,30.66916071901674,48,EFT_REFERENCE,long_context,102001,47.50063559888821,0,12,553.43528,0,
,48,,48,,,,,150.23965598157358,g1.2_c0.25_b4,,,1358.336022611111,0,36,0,3.432713005999993,30.767486451673633,48,PAIR_COALESCE_V1,long_context,102001,51.289839103557796,0,12,810.00286,0,
,48,,48,,,,,150.41819485598734,g1.2_c0.25_b4,,,1289.5988834444445,0,36,0,3.005547020000016,30.759858834948517,48,SPLIT_REFERENCE,long_context,102001,51.15271682158285,0,12,867.132218,0,
,48,,48,,,,,150.6989137846262,g1.2_c0.25_b4,,,1725.6041021666667,0,36,0,0,30.626090964864556,48,TOKEN_CPU_V1,long_context,102001,44.025378783131515,0,12,852.013451,0,
,48,,48,,,,,150.46510784267977,g1.2_c0.25_b4,,,1344.4033263055555,0,36,0,1.5241473749999912,30.645773230118373,48,EFT_REFERENCE,mean,102002,45.97504820030931,0,12,398.27277,0,
,48,,48,,,,,150.33685886085607,g1.2_c0.25_b4,,,1426.0543916944443,0,36,0,3.0724506399999925,30.72532210150529,48,PAIR_COALESCE_V1,mean,102002,50.4042738246054,0,12,845.555749,0,
,48,,48,,,,,150.34561958744553,g1.2_c0.25_b4,,,1307.1800019722223,0,36,0,3.043052068999991,30.718779061496836,48,SPLIT_REFERENCE,mean,102002,50.305919512552606,0,12,815.373873,0,
,48,,48,,,,,150.68134209278807,g1.2_c0.25_b4,,,1750.7031710277777,0,36,0,0,30.582133867172452,48,TOKEN_CPU_V1,mean,102002,42.57402576887756,0,12,719.196317,0,
,48,,48,,,,,150.43979491671746,g1.2_c0.25_b4,,,1342.8791429722223,0,36,0,1.4855305199999833,30.64300156801082,48,EFT_REFERENCE,short_context,102002,45.812391699933656,0,12,398.27277,0,
,48,,48,,,,,150.28871263991556,g1.2_c0.25_b4,,,1424.5302083611111,0,36,0,3.0246641539999928,30.721103163414067,48,PAIR_COALESCE_V1,short_context,102002,50.16745936433898,0,12,822.662853,0,
,48,,48,,,,,150.297473366505,g1.2_c0.25_b4,,,1305.6558186388888,0,36,0,2.9952655829999912,30.714568086206203,48,SPLIT_REFERENCE,short_context,102002,50.06725565296533,0,12,792.480977,0,
,48,,48,,,,,150.66278271372053,g1.2_c0.25_b4,,,1749.9422917222223,0,36,0,0,30.581001192124443,48,TOKEN_CPU_V1,short_context,102002,42.50751880743685,0,12,718.473187,0,
,48,,48,,,,,150.4894330789588,g1.2_c0.25_b4,,,1345.882322,0,36,0,1.562764229999999,30.64847976429473,48,EFT_REFERENCE,long_context,102002,46.13410602980565,0,12,398.27277,0,
,48,,48,,,,,150.2815521221881,g1.2_c0.25_b4,,,1427.5333874166668,0,36,0,3.1201601599999975,30.720626003046526,48,PAIR_COALESCE_V1,long_context,102002,49.96447738938093,0,12,723.127788,0,
,48,,48,,,,,150.39280105373328,g1.2_c0.25_b4,,,1308.6589976944445,0,36,0,3.090761588999996,30.72293636359016,48,SPLIT_REFERENCE,long_context,102002,50.54013273098837,0,12,838.266769,0,
,48,,48,,,,,150.6989137827444,g1.2_c0.25_b4,,,1751.4594838055555,0,36,0,0,30.583206305453388,48,TOKEN_CPU_V1,long_context,102002,42.63699587153654,0,12,719.880964,0,
,48,,48,,,,,150.4651078419668,g1.2_c0.25_b4,,,1337.25796475,0,36,0,1.5241473749999983,30.75759266590793,48,EFT_REFERENCE,mean,102003,47.2819823432243,0,12,539.390074,0,
,48,,48,,,,,150.24961937813205,g1.2_c0.25_b4,,,1385.5716724444444,0,36,0,3.3652021699999963,30.76670066978253,48,PAIR_COALESCE_V1,mean,102003,51.212107100699654,0,12,873.092517,0,
,48,,48,,,,,150.45298015092126,g1.2_c0.25_b4,,,1316.5235995,0,36,0,2.6827797639999886,30.780175389739114,48,SPLIT_REFERENCE,mean,102003,50.54565246765386,0,12,812.697777,0,
,48,,48,,,,,150.68134209220364,g1.2_c0.25_b4,,,1731.5479151944444,0,36,0,0,30.667676188608468,48,TOKEN_CPU_V1,mean,102003,43.74141327151597,0,12,853.005361,0,
,48,,48,,,,,150.4397949152916,g1.2_c0.25_b4,,,1335.7538683333332,0,36,0,1.4855305200000046,30.7547476070448,48,EFT_REFERENCE,short_context,102003,47.11804891120008,0,12,524.220549,0,
,48,,48,,,,,150.20816232109212,g1.2_c0.25_b4,,,1384.0675760555555,0,36,0,3.294968701000009,30.763245968398895,48,PAIR_COALESCE_V1,short_context,102003,50.96048057038692,0,12,850.199621,0,
,48,,48,,,,,150.41130760231138,g1.2_c0.25_b4,,,1314.16135075,0,36,0,2.6132694250000057,30.77668062296786,48,SPLIT_REFERENCE,short_context,102003,50.2909164852437,0,12,789.804881,0,
,48,,48,,,,,150.662782713592,g1.2_c0.25_b4,,,1730.787035861111,0,36,0,0,30.66638029215008,48,TOKEN_CPU_V1,short_context,102003,43.67383611522463,0,12,852.28223,0,
,48,,48,,,,,150.48943307913368,g1.2_c0.25_b4,,,1338.7179424166666,0,36,0,1.5627642310000027,30.760384999665966,48,EFT_REFERENCE,long_context,102003,47.44208707135948,0,12,554.559599,0,
,48,,48,,,,,150.24045585440334,g1.2_c0.25_b4,,,1387.1807696944445,0,36,0,3.430028856000007,30.767550828283234,48,PAIR_COALESCE_V1,long_context,102003,51.113096709053195,0,12,750.664556,0,
,48,,48,,,,,150.49366500835688,g1.2_c0.25_b4,,,1318.8417295833333,0,36,0,2.7522901039999965,30.7836180173428,48,SPLIT_REFERENCE,long_context,102003,50.79664267702699,0,12,835.590673,0,
,48,,48,,,,,150.6989137833288,g1.2_c0.25_b4,,,1732.3042279444444,0,36,0,0,30.668903173723166,48,TOKEN_CPU_V1,long_context,102003,43.805396684489104,0,12,853.690008,0,
,48,,48,,,,,150.4708019951659,g1.2_c0.25_b8,,,2282.306808361111,0,36,0,1.5050393769999957,30.731326858399477,48,EFT_REFERENCE,mean,102001,47.238333308422895,0,12,674.508022,0,
,48,,48,,,,,150.24961937688107,g1.2_c0.25_b8,,,2226.808775361111,0,36,0,3.3652021709999858,30.81389667001018,48,PAIR_COALESCE_V1,mean,102001,50.92100881722479,0,12,1059.762451,0,
,48,,48,,,,,150.2645799852536,g1.2_c0.25_b8,,,2165.8394934722223,0,36,0,3.3149985169999923,30.808306151110962,48,SPLIT_REFERENCE,mean,102001,50.83557595075214,0,12,1030.493494,0,
,48,,48,,,,,150.68134209149073,g1.2_c0.25_b8,,,2909.7073797222224,0,36,0,0,30.668403036452496,48,TOKEN_CPU_V1,mean,102001,43.89340010927526,0,12,985.832574,0,
,48,,48,,,,,150.4411014566513,g1.2_c0.25_b8,,,2278.1021464166665,0,36,0,1.4811461339999852,30.729264945794736,48,EFT_REFERENCE,short_context,102001,47.09575705136383,0,12,659.061279,0,
,48,,48,,,,,150.20816232055404,g1.2_c0.25_b8,,,2222.369488388889,0,36,0,3.2949687019999985,30.80899098856535,48,PAIR_COALESCE_V1,short_context,102001,50.66520823527787,0,12,1029.146184,0,
,48,,48,,,,,150.21873531637425,g1.2_c0.25_b8,,,2159.764249611111,0,36,0,3.259488659999981,30.803640394417357,48,SPLIT_REFERENCE,short_context,102001,50.60073066680232,0,12,999.877227,0,
,48,,48,,,,,150.6627827128791,g1.2_c0.25_b8,,,2908.122935388889,0,36,0,0,30.667053763303965,48,TOKEN_CPU_V1,short_context,102001,43.82646821705397,0,12,985.109444,0,
,48,,48,,,,,150.4995263124704,g1.2_c0.25_b8,,,2286.4149710833335,0,36,0,1.5288941370000089,30.73334192224251,48,EFT_REFERENCE,long_context,102001,47.377332876259146,0,12,689.954764,0,
,48,,48,,,,,150.19935958715664,g1.2_c0.25_b8,,,2205.9245808055557,0,36,0,3.7398975510000056,30.82000164788108,48,PAIR_COALESCE_V1,long_context,102001,51.37886852468604,0,12,1090.378718,0,
,48,,48,,,,,150.30945989995314,g1.2_c0.25_b8,,,2171.821445027778,0,36,0,3.370431408000016,30.81289864610666,48,SPLIT_REFERENCE,long_context,102001,51.06693030951011,0,12,1061.109761,0,
,48,,48,,,,,150.69891378119007,g1.2_c0.25_b8,,,2911.243429194444,0,36,0,0,30.66968065128226,48,TOKEN_CPU_V1,long_context,102001,43.956777303809446,0,12,986.517221,0,
,48,,48,,,,,150.40259592166797,g1.2_c0.25_b8,,,2243.815327222222,0,36,0,2.053330119999991,30.751846459119662,48,EFT_REFERENCE,mean,102002,46.766508554294624,0,12,812.30145,0,
,48,,48,,,,,150.24961937688107,g1.2_c0.25_b8,,,2275.2940023055558,0,36,0,3.365202171000007,30.801032434554326,48,PAIR_COALESCE_V1,mean,102002,50.228000462024745,0,12,1089.789353,0,
,48,,48,,,,,150.2857020243272,g1.2_c0.25_b8,,,2176.8040139444443,0,36,0,3.244118804000003,30.794238676673473,48,SPLIT_REFERENCE,mean,102002,49.98894610921754,0,12,1089.789353,0,
,48,,48,,,,,150.6813420914907,g1.2_c0.25_b8,,,2893.2948286388887,0,36,0,0,30.641929701979638,48,TOKEN_CPU_V1,mean,102002,42.277798005918456,0,12,1062.257796,0,
,48,,48,,,,,150.37019396436727,g1.2_c0.25_b8,,,2240.0196545555555,0,36,0,2.013990134999979,30.74800532635331,48,EFT_REFERENCE,short_context,102002,46.590121916794004,0,12,796.854708,0,
,48,,48,,,,,150.20816232055404,g1.2_c0.25_b8,,,2270.8547153333334,0,36,0,3.294968701999977,30.795916767414006,48,PAIR_COALESCE_V1,short_context,102002,49.96736166946154,0,12,1059.173086,0,
,48,,48,,,,,150.2442449680002,g1.2_c0.25_b8,,,2172.3647269722223,0,36,0,3.17388533499998,30.78913051806852,48,SPLIT_REFERENCE,short_context,102002,49.72918509208139,0,12,1059.173086,0,
,48,,48,,,,,150.66278271158174,g1.2_c0.25_b8,,,2891.710384361111,0,36,0,0,30.640614699978062,48,TOKEN_CPU_V1,short_context,102002,42.211220840960095,0,12,1061.534666,0,
,48,,48,,,,,150.43402165793339,g1.2_c0.25_b8,,,2247.5134317222223,0,36,0,2.0926316229999955,30.755615238377764,48,EFT_REFERENCE,long_context,102002,46.93982041597949,0,12,827.748192,0,
,48,,48,,,,,150.1993595871566,g1.2_c0.25_b8,,,2254.40980775,0,36,0,3.7398975509999914,30.80945897769631,48,PAIR_COALESCE_V1,long_context,102002,50.89959721115336,0,12,1120.40562,0,
,48,,48,,,,,150.3261828597305,g1.2_c0.25_b8,,,2181.1457326944446,0,36,0,3.3143137909999894,30.799276461767334,48,SPLIT_REFERENCE,long_context,102002,50.24577043204892,0,12,1120.40562,0,
,48,,48,,,,,150.69891378060564,g1.2_c0.25_b8,,,2894.8308781388887,0,36,0,0,30.643174862989863,48,TOKEN_CPU_V1,long_context,102002,42.340839220366085,0,12,1062.942443,0,
,48,,48,,,,,150.47542660403187,g1.2_c0.25_b8,,,2317.545197,0,36,0,1.489520473000006,30.767647701236562,48,EFT_REFERENCE,mean,102003,46.63986921223189,0,12,748.68476,0,
,48,,48,,,,,150.24961937705598,g1.2_c0.25_b8,,,2263.534466111111,0,36,0,3.3652021720000107,30.786312714172112,48,PAIR_COALESCE_V1,mean,102003,50.510529692025074,0,12,1026.172663,0,
,48,,48,,,,,150.4545151284205,g1.2_c0.25_b8,,,2286.832122777778,0,36,0,2.6776288080000015,30.80245856018522,48,SPLIT_REFERENCE,mean,102003,50.037393484562934,0,12,1026.172663,0,
,48,,48,,,,,150.6813420907778,g1.2_c0.25_b8,,,2914.720758638889,0,36,0,0,30.717037376295398,48,TOKEN_CPU_V1,mean,102003,43.30670871711974,0,12,1062.586454,0,
,48,,48,,,,,150.44133845296489,g1.2_c0.25_b8,,,2312.073393611111,0,36,0,1.4803508420000142,30.76586141288869,48,EFT_REFERENCE,short_context,102003,46.5149706276956,0,12,733.238018,0,
,48,,48,,,,,150.208162321267,g1.2_c0.25_b8,,,2259.05500525,0,36,0,3.29496870200002,30.783068124872887,48,PAIR_COALESCE_V1,short_context,102003,50.26482396714924,0,12,995.556396,0,
,48,,48,,,,,150.404067355244,g1.2_c0.25_b8,,,2278.571324138889,0,36,0,2.637565692000017,30.799624916981568,48,SPLIT_REFERENCE,short_context,102003,49.821544044603776,0,12,995.556396,0,
,48,,48,,,,,150.66278271275058,g1.2_c0.25_b8,,,2913.0358794722224,0,36,0,0,30.715617296583545,48,TOKEN_CPU_V1,short_context,102003,43.239835934035185,0,12,1061.863324,0,
,48,,48,,,,,150.50855000164887,g1.2_c0.25_b8,,,2322.9215703055556,0,36,0,1.4986131380000032,30.769392658088822,48,EFT_REFERENCE,long_context,102003,46.761162910375354,0,12,764.131502,0,
,48,,48,,,,,150.1993595871566,g1.2_c0.25_b8,,,2242.61374775,0,36,0,3.7398975509999843,30.791574284766074,48,PAIR_COALESCE_V1,long_context,102003,51.170738503299745,0,12,1056.78893,0,
,48,,48,,,,,150.5039981466525,g1.2_c0.25_b8,,,2294.997491138889,0,36,0,2.7176149549999877,30.805252648617866,48,SPLIT_REFERENCE,long_context,102003,50.24976780952132,0,12,1056.78893,0,
,48,,48,,,,,150.69891378034865,g1.2_c0.25_b8,,,2916.3518979444443,0,36,0,0,30.718382069051568,48,TOKEN_CPU_V1,long_context,102003,43.37003047242813,0,12,1063.271101,0,
,48,,48,,,,,146.5210011147403,g1.2_c0.5_b1,,,619.471443,0,24,0,0,30.276081286731884,48,CPU_REFERENCE,mean,102001,26.884878388048122,0,24,156.179931,0,
,48,,48,,,,,146.5210011147403,g1.2_c0.5_b1,,,619.471443,0,24,0,0,30.276081286731884,48,EFT_REFERENCE,mean,102001,26.884878388048122,0,24,156.179931,0,
,48,,48,,,,,147.66320528528283,g1.2_c0.5_b1,,,619.471443,0,24,0,0,30.381766829031754,48,SPLIT_REFERENCE,mean,102001,33.64552751043195,0,24,294.054635,0,
,48,,48,,,,,146.50862820016167,g1.2_c0.5_b1,,,618.790912,0,24,0,0,30.275242956250676,48,CPU_REFERENCE,short_context,102001,26.839765448341726,0,24,156.179931,0,
,48,,48,,,,,146.50862820016167,g1.2_c0.5_b1,,,618.790912,0,24,0,0,30.275242956250676,48,EFT_REFERENCE,short_context,102001,26.839765448341726,0,24,156.179931,0,
,48,,48,,,,,147.56317809580398,g1.2_c0.5_b1,,,618.790912,0,24,0,0,30.37801009916645,48,SPLIT_REFERENCE,short_context,102001,33.41150923065223,0,24,286.608481,0,
,48,,48,,,,,146.53271557665929,g1.2_c0.5_b1,,,620.151684,0,24,0,0,30.27687502922105,48,CPU_REFERENCE,long_context,102001,26.927591921504472,0,24,156.179931,0,
,48,,48,,,,,146.53271557665929,g1.2_c0.5_b1,,,620.151684,0,24,0,0,30.27687502922105,48,EFT_REFERENCE,long_context,102001,26.927591921504472,0,24,156.179931,0,
,48,,48,,,,,147.762574022102,g1.2_c0.5_b1,,,620.151684,0,24,0,0,30.385480006402243,48,SPLIT_REFERENCE,long_context,102001,33.87719760885796,0,24,301.500789,0,
,48,,48,,,,,146.52100111474022,g1.2_c0.5_b1,,,619.471443,0,24,0,0,30.216521443693686,48,CPU_REFERENCE,mean,102002,23.11632710813928,0,24,156.179931,0,
,48,,48,,,,,146.52100111474022,g1.2_c0.5_b1,,,619.471443,0,24,0,0,30.216521443693686,48,EFT_REFERENCE,mean,102002,23.11632710813928,0,24,156.179931,0,
,48,,48,,,,,147.66320528528277,g1.2_c0.5_b1,,,619.471443,0,24,0,0,30.342508305166266,48,SPLIT_REFERENCE,mean,102002,30.933292988845373,0,24,294.054635,0,
,48,,48,,,,,146.50862820016167,g1.2_c0.5_b1,,,618.790912,0,24,0,0,30.215777081379212,48,CPU_REFERENCE,short_context,102002,23.07234424661158,0,24,156.179931,0,
,48,,48,,,,,146.50862820016167,g1.2_c0.5_b1,,,618.790912,0,24,0,0,30.215777081379212,48,EFT_REFERENCE,short_context,102002,23.07234424661158,0,24,156.179931,0,
,48,,48,,,,,147.56317809580398,g1.2_c0.5_b1,,,618.790912,0,24,0,0,30.33825590607018,48,SPLIT_REFERENCE,short_context,102002,30.67346239689745,0,24,286.608481,0,
,48,,48,,,,,146.5327155766592,g1.2_c0.5_b1,,,620.151684,0,24,0,0,30.217226215868347,48,CPU_REFERENCE,long_context,102002,23.1579706684912,0,24,156.179931,0,
,48,,48,,,,,146.5327155766592,g1.2_c0.5_b1,,,620.151684,0,24,0,0,30.217226215868347,48,EFT_REFERENCE,long_context,102002,23.1579706684912,0,24,156.179931,0,
,48,,48,,,,,147.76257402210194,g1.2_c0.5_b1,,,620.151684,0,24,0,0,30.346722358833027,48,SPLIT_REFERENCE,long_context,102002,31.190860866025602,0,24,301.500789,0,
,48,,48,,,,,146.52100111474024,g1.2_c0.5_b1,,,619.471443,0,24,0,0,30.387072608849987,48,CPU_REFERENCE,mean,102003,27.651923080701135,0,24,156.179931,0,
,48,,48,,,,,146.52100111474024,g1.2_c0.5_b1,,,619.471443,0,24,0,0,30.387072608849987,48,EFT_REFERENCE,mean,102003,27.651923080701135,0,24,156.179931,0,
,48,,48,,,,,147.66320528528277,g1.2_c0.5_b1,,,619.471443,0,24,0,0,30.48471476499203,48,SPLIT_REFERENCE,mean,102003,33.76603352033356,0,24,294.054635,0,
,48,,48,,,,,146.50862820016167,g1.2_c0.5_b1,,,618.790912,0,24,0,0,30.386177728956664,48,CPU_REFERENCE,short_context,102003,27.608678410026727,0,24,156.179931,0,
,48,,48,,,,,146.50862820016167,g1.2_c0.5_b1,,,618.790912,0,24,0,0,30.386177728956664,48,EFT_REFERENCE,short_context,102003,27.608678410026727,0,24,156.179931,0,
,48,,48,,,,,147.56317809580398,g1.2_c0.5_b1,,,618.790912,0,24,0,0,30.481101091478664,48,SPLIT_REFERENCE,short_context,102003,33.543073469012114,0,24,286.608481,0,
,48,,48,,,,,146.53271557665923,g1.2_c0.5_b1,,,620.151684,0,24,0,0,30.387919893077324,48,CPU_REFERENCE,long_context,102003,27.69286771210035,0,24,156.179931,0,
,48,,48,,,,,146.53271557665923,g1.2_c0.5_b1,,,620.151684,0,24,0,0,30.387919893077324,48,EFT_REFERENCE,long_context,102003,27.69286771210035,0,24,156.179931,0,
,48,,48,,,,,147.76257402210194,g1.2_c0.5_b1,,,620.151684,0,24,0,0,30.488281807513157,48,SPLIT_REFERENCE,long_context,102003,33.98874351914092,0,24,301.500789,0,
,48,,48,,,,,146.3104610126006,g1.2_c0.5_b4,,,1225.022922375,0,24,0,1.5050393780000064,30.360255599206557,48,EFT_REFERENCE,mean,102001,30.048740631589574,0,24,567.60627,0,
,48,,48,,,,,146.00502204675752,g1.2_c0.5_b4,,,1171.0335105416666,0,24,0,4.925583379999992,30.54221804180864,48,PAIR_COALESCE_V1,mean,102001,38.27850402273669,0,24,932.822336,0,
,48,,48,,,,,146.5845024018125,g1.2_c0.5_b4,,,1194.136326125,0,24,0,3.6198279939999978,30.49596529920774,48,SPLIT_REFERENCE,mean,102001,37.67495068051911,0,24,844.568063,0,
,48,,48,,,,,146.52100110993635,g1.2_c0.5_b4,,,1586.6613188333333,0,24,0,0,30.295119344537156,48,TOKEN_CPU_V1,mean,102001,26.62539873891528,0,24,880.66932,0,
,48,,48,,,,,146.28694693422696,g1.2_c0.5_b4,,,1223.7397824166667,0,24,0,1.4811461350000101,30.358127793197554,48,EFT_REFERENCE,short_context,102001,29.928241462643676,0,24,563.637259,0,
,48,,48,,,,,145.93887827992805,g1.2_c0.5_b4,,,1169.7503706666666,0,24,0,4.860903892000003,30.537471054662966,48,PAIR_COALESCE_V1,short_context,102001,37.988848268801334,0,24,909.92944,0,
,48,,48,,,,,146.50331860632448,g1.2_c0.5_b4,,,1190.2787291666666,0,24,0,3.556594765,30.490670924303906,48,SPLIT_REFERENCE,short_context,102001,37.36602342067384,0,24,821.675167,0,
,48,,48,,,,,146.5086281893269,g1.2_c0.5_b4,,,1585.950657,0,24,0,0,30.294315851728417,48,TOKEN_CPU_V1,short_context,102001,26.580867518424753,0,24,879.946189,0,
,48,,48,,,,,146.3333280996585,g1.2_c0.5_b4,,,1226.273702375,0,24,0,1.5288941380000054,30.36233523696283,48,EFT_REFERENCE,long_context,102001,30.166835948778083,0,24,582.775795,0,
,48,,48,,,,,145.86717655794854,g1.2_c0.5_b4,,,1172.5079699166668,0,24,0,4.984740635999984,30.529193706516907,48,PAIR_COALESCE_V1,long_context,102001,37.38649244813485,0,24,810.394375,0,
,48,,48,,,,,146.66505067141435,g1.2_c0.5_b4,,,1197.96156325,0,24,0,3.6829842559999904,30.50121282490231,48,SPLIT_REFERENCE,long_context,102001,37.98162520200714,0,24,867.460959,0,
,48,,48,,,,,146.53271557010206,g1.2_c0.5_b4,,,1587.3700866666668,0,24,0,0,30.295880103858483,48,TOKEN_CPU_V1,long_context,102001,26.667561595804024,0,24,881.353966,0,
,48,,48,,,,,146.18014627221953,g1.2_c0.5_b4,,,1183.625736,0,24,0,2.4214546300000066,30.29461359619801,48,EFT_REFERENCE,mean,102002,28.3914875839454,0,24,569.107544,0,
,48,,48,,,,,145.9177825640335,g1.2_c0.5_b4,,,1134.7180424583332,0,24,0,5.21833491000001,30.465673214795327,48,PAIR_COALESCE_V1,mean,102002,36.08138106749826,0,24,845.555749,0,
,48,,48,,,,,146.32002772672578,g1.2_c0.5_b4,,,1124.885570125,0,24,0,4.507331721000007,30.46363164210092,48,SPLIT_REFERENCE,mean,102002,36.4302936764747,0,24,844.196921,0,
,48,,48,,,,,146.5210011093519,g1.2_c0.5_b4,,,1545.7493716666668,0,24,0,0,30.21922483660274,48,TOKEN_CPU_V1,mean,102002,22.920214772824764,0,24,884.097421,0,
,48,,48,,,,,146.15258006566677,g1.2_c0.5_b4,,,1182.3727264583333,0,24,0,2.374391274000004,30.292311773749958,48,EFT_REFERENCE,short_context,102002,28.21316688257529,0,24,563.100167,0,
,48,,48,,,,,145.85832796157746,g1.2_c0.5_b4,,,1133.465033,0,24,0,5.131208439000019,30.459436520014386,48,PAIR_COALESCE_V1,short_context,102002,35.740997690612765,0,24,822.662853,0,
,48,,48,,,,,146.2457485871811,g1.2_c0.5_b4,,,1122.345332125,0,24,0,4.420928379000031,30.456743477590106,48,SPLIT_REFERENCE,short_context,102002,36.055393248959575,0,24,821.304025,0,
,48,,48,,,,,146.508628188614,g1.2_c0.5_b4,,,1545.038709875,0,24,0,0,30.218530390133214,48,TOKEN_CPU_V1,short_context,102002,22.876976238196917,0,24,883.37429,0,
,48,,48,,,,,146.2070654870934,g1.2_c0.5_b4,,,1184.8479890416668,0,24,0,2.468479505000005,30.29687424413381,48,EFT_REFERENCE,long_context,102002,28.567442499221404,0,24,584.277069,0,
,48,,48,,,,,145.82608029016382,g1.2_c0.5_b4,,,1136.387654125,0,24,0,5.294609332000007,30.45662015806971,48,PAIR_COALESCE_V1,long_context,102002,35.39329148131456,0,24,750.612524,0,
,48,,48,,,,,146.39367133948306,g1.2_c0.5_b4,,,1127.3950517916667,0,24,0,4.593658098999995,30.470482506345085,48,SPLIT_REFERENCE,long_context,102002,36.80299637081206,0,24,867.089817,0,
,48,,48,,,,,146.532715570102,g1.2_c0.5_b4,,,1546.4581395,0,24,0,0,30.219882347936302,48,TOKEN_CPU_V1,long_context,102002,22.96115366219182,0,24,884.782067,0,
,48,,48,,,,,146.18055589781534,g1.2_c0.5_b4,,,1179.9497228333332,0,24,0,2.4200800399999878,30.54375826600904,48,EFT_REFERENCE,mean,102003,32.91089457331286,0,24,568.28131,0,
,48,,48,,,,,145.91778256403347,g1.2_c0.5_b4,,,1128.5222512083333,0,24,0,5.218334909999982,30.5817086896347,48,PAIR_COALESCE_V1,mean,102003,38.847961182198254,0,24,873.092517,0,
,48,,48,,,,,146.3328413567669,g1.2_c0.5_b4,,,1122.39208175,0,24,0,4.4643327289999775,30.601154823428015,48,SPLIT_REFERENCE,mean,102003,38.69445231920649,0,24,845.525967,0,
,48,,48,,,,,146.52100110935186,g1.2_c0.5_b4,,,1541.839501,0,24,0,0,30.402436741342083,48,TOKEN_CPU_V1,mean,102003,27.193964759262016,0,24,882.123184,0,
,48,,48,,,,,146.15298968983674,g1.2_c0.5_b4,,,1178.6967132916666,0,24,0,2.3730166840000066,30.54021865200378,48,EFT_REFERENCE,short_context,102003,32.732442292625976,0,24,562.679375,0,
,48,,48,,,,,145.85832796157746,g1.2_c0.5_b4,,,1127.26924175,0,24,0,5.131208438999998,30.57680641343923,48,PAIR_COALESCE_V1,short_context,102003,38.524252586631874,0,24,850.199621,0,
,48,,48,,,,,146.2629498294766,g1.2_c0.5_b4,,,1119.8518437083333,0,24,0,4.363205776000001,30.59597890500349,48,SPLIT_REFERENCE,short_context,102003,38.334533591135234,0,24,822.633071,0,
,48,,48,,,,,146.50862818861395,g1.2_c0.5_b4,,,1541.1288392083334,0,24,0,0,30.40146268630616,48,TOKEN_CPU_V1,short_context,102003,27.150308404448502,0,24,881.400053,0,
,48,,48,,,,,146.2074751126892,g1.2_c0.5_b4,,,1181.171975875,0,24,0,2.467104914999993,30.54726278327141,48,EFT_REFERENCE,long_context,102003,33.08706522948124,0,24,583.450835,0,
,48,,48,,,,,145.8260802901638,g1.2_c0.5_b4,,,1130.191862875,0,24,0,5.294609331999972,30.572821912245693,48,PAIR_COALESCE_V1,long_context,102003,38.20597581914819,0,24,762.679375,0,
,48,,48,,,,,146.40208588797225,g1.2_c0.5_b4,,,1124.9015634166667,0,24,0,4.565421200999992,30.606297454037563,48,SPLIT_REFERENCE,long_context,102003,39.052206713294694,0,24,868.418863,0,
,48,,48,,,,,146.532715570102,g1.2_c0.5_b4,,,1542.5482688333334,0,24,0,0,30.40335899479656,48,TOKEN_CPU_V1,long_context,102003,27.235299281853116,0,24,882.80783,0,
,48,,48,,,,,146.52100110779756,g1.2_c0.5_b8,,,2160.313956625,0,24,0,0,30.31728880804467,48,CPU_REFERENCE,mean,102001,26.014132146524254,0,24,1151.04885,0,
,48,,48,,,,,146.32550716836778,g1.2_c0.5_b8,,,2058.073447625,0,24,0,1.4545486449999956,30.380769554320114,48,EFT_REFERENCE,mean,102001,29.542943277577862,0,24,940.710784,0,
,48,,48,286,1.357399974949658,0.7332999957725406,0.0743566999444738,146.32550716836778,g1.2_c0.5_b8,976,0,2058.073447625,0,24,0,1.4545486449999956,30.380769554320114,48,RESERVED_BACKFILL_V1,mean,102001,29.542943277577862,0,24,940.710784,0,0
,48,,46,,,,,146.59028210242317,g1.2_c0.5_b8,,,2043.8907140833335,0,24,0,3.600432916999992,30.571716237295355,48,SPLIT_REFERENCE,mean,102001,37.29514451078772,2,24,1640.152445,2,
,48,,48,,,,,146.5086281884855,g1.2_c0.5_b8,,,2158.247425416667,0,24,0,0,30.31669717375329,48,CPU_REFERENCE,short_context,102001,25.96985668960273,0,24,1150.32572,0,
,48,,48,,,,,146.29760547757027,g1.2_c0.5_b8,,,2052.9394973333333,0,24,0,1.4453790139999896,30.379029861131066,48,EFT_REFERENCE,short_context,102001,29.44068373056423,0,24,940.710784,0,
,48,,48,286,1.0321999434381723,0.7047000108286738,0.06854809902142733,146.29760547757027,g1.2_c0.5_b8,976,0,2052.9394973333333,0,24,0,1.4453790139999896,30.379029861131066,48,RESERVED_BACKFILL_V1,short_context,102001,29.44068373056423,0,24,940.710784,0,0
,48,,46,,,,,146.50471069568553,g1.2_c0.5_b8,,,2028.5493268750001,0,24,0,3.551923302000006,30.565138994056262,48,SPLIT_REFERENCE,short_context,102001,36.99304567154783,2,24,1594.089436,2,
,48,,48,,,,,146.5327155692606,g1.2_c0.5_b8,,,2162.30643725,0,24,0,0,30.317849043914794,48,CPU_REFERENCE,long_context,102001,26.056132471204798,0,24,1151.733497,0,
,48,,48,,,,,146.35277333716408,g1.2_c0.5_b8,,,2063.1413648333332,0,24,0,1.4636413099999999,30.382477306788218,48,EFT_REFERENCE,long_context,102001,29.642868635611855,0,24,940.710784,0,
,48,,48,306,1.385499956086278,0.7887000683695078,0.08131769916508347,146.35277333716408,g1.2_c0.5_b8,904,0,2063.1413648333332,0,24,0,1.4636413099999999,30.382477306788218,48,RESERVED_BACKFILL_V1,long_context,102001,29.642868635611855,0,24,940.710784,0,0
,48,,46,,,,,146.6752294535252,g1.2_c0.5_b8,,,2059.1708785416668,0,24,0,3.6488270819999897,30.578250342168936,48,SPLIT_REFERENCE,long_context,102001,37.59512827928135,2,24,1686.215454,2,
,48,,48,,,,,146.52100110792603,g1.2_c0.5_b8,,,2096.2163935,0,24,0,0,30.26540038262219,48,CPU_REFERENCE,mean,102002,22.35669331132597,0,24,1227.474072,0,
,48,,48,,,,,146.2437949640877,g1.2_c0.5_b8,,,1966.3890545,0,24,0,2.0481622229999985,30.32517645797111,48,EFT_REFERENCE,mean,102002,26.999530916729558,0,24,916.846167,0,
,48,,48,284,2.546899951994419,1.4586999313905835,0.10355979925952852,146.2437949640877,g1.2_c0.5_b8,1001,0,1966.3890545,0,24,0,2.0481622229999985,30.32517645797111,48,RESERVED_BACKFILL_V1,mean,102002,26.999530916729558,0,24,916.846167,0,0
,48,,47,,,,,146.42610674052793,g1.2_c0.5_b8,,,1929.7111219166666,0,24,0,4.151359939999999,30.52769421384469,48,SPLIT_REFERENCE,mean,102002,35.3571965652765,1,24,1393.968187,1,
,48,,48,,,,,146.50862818861398,g1.2_c0.5_b8,,,2094.210123125,0,24,0,0,30.264538599852443,48,CPU_REFERENCE,short_context,102002,22.313079283208737,0,24,1226.750941,0,
,48,,48,,,,,146.20880424279324,g1.2_c0.5_b8,,,1960.0883974166666,0,24,0,2.0382694620000024,30.323321200399683,48,EFT_REFERENCE,short_context,102002,26.885752570352366,0,24,901.399425,0,
,48,,48,284,1.6416000435128808,1.0158000513911247,0.0998690000269562,146.20880424279324,g1.2_c0.5_b8,1001,0,1960.0883974166666,0,24,0,2.0382694620000024,30.323321200399683,48,RESERVED_BACKFILL_V1,short_context,102002,26.885752570352366,0,24,901.399425,0,0
,48,,47,,,,,146.34513843708274,g1.2_c0.5_b8,,,1916.652515125,0,24,0,4.087403581000004,30.520705073910484,48,SPLIT_REFERENCE,short_context,102002,35.022250707189535,1,24,1355.628548,1,
,48,,48,,,,,146.5327155693891,g1.2_c0.5_b8,,,2098.1518201666668,0,24,0,0,30.266216417858644,48,CPU_REFERENCE,long_context,102002,22.397992298417144,0,24,1228.158719,0,
,48,,48,,,,,146.27816163198258,g1.2_c0.5_b8,,,1972.6300924166667,0,24,0,2.0579395349999956,30.32698519432132,48,EFT_REFERENCE,long_context,102002,27.11249089760451,0,24,932.292909,0,
,48,,48,305,1.514800009317696,0.9609999833628535,0.08556609973311424,146.27816163198258,g1.2_c0.5_b8,897,0,1972.6300924166667,0,24,0,2.0579395349999956,30.32698519432132,48,RESERVED_BACKFILL_V1,long_context,102002,27.11249089760451,0,24,932.292909,0,0
,48,,47,,,,,146.50645098922536,g1.2_c0.5_b8,,,1942.7101095,0,24,0,4.215200850000002,30.534669772356004,48,SPLIT_REFERENCE,long_context,102002,35.69072057120623,1,24,1432.307825,1,
,48,,48,,,,,146.52100110792603,g1.2_c0.5_b8,,,2153.4589390833335,0,24,0,0,30.441953195531763,48,CPU_REFERENCE,mean,102003,26.675029833831942,0,24,1092.540038,0,
,48,,48,,,,,146.3155660302031,g1.2_c0.5_b8,,,2034.07856575,0,24,0,1.4879083529999946,30.51919348208079,48,EFT_REFERENCE,mean,102003,30.26955586708531,0,24,801.885573,0,
,48,,48,284,1.5435999957844615,0.9989000391215086,0.09752150101121515,146.26691260199638,g1.2_c0.5_b8,978,1,2003.5186902083333,0,24,0,1.8108808060000001,30.529954492179623,48,RESERVED_BACKFILL_V1,mean,102003,31.005374348748155,0,24,801.885573,0,0
,48,,46,,,,,146.59324057219143,g1.2_c0.5_b8,,,2008.09347125,0,24,0,3.5905051129999777,30.609480659362156,48,SPLIT_REFERENCE,mean,102003,37.043670798876285,2,24,1607.222812,2,
,48,,48,,,,,146.5086281884855,g1.2_c0.5_b8,,,2151.392407916667,0,24,0,0,30.44085205045271,48,CPU_REFERENCE,short_context,102003,26.631461982850055,0,24,1091.816908,0,
,48,,48,,,,,146.2876643386927,g1.2_c0.5_b8,,,2028.3311316250001,0,24,0,1.4787387220000028,30.51648697891209,48,EFT_REFERENCE,short_context,102003,30.16740853949645,0,24,801.885573,0,
,48,,48,284,1.661200076341629,0.9243000531569123,0.0910269997548312,146.2420478143582,g1.2_c0.5_b8,979,1,2000.225191375,0,24,0,1.7792641919999994,30.526715496478065,48,RESERVED_BACKFILL_V1,short_context,102003,30.86589408629889,0,24,801.885573,0,0
,48,,46,,,,,146.5120567773512,g1.2_c0.5_b8,,,1994.622666,0,24,0,3.5272718849999904,30.604081927033725,48,SPLIT_REFERENCE,short_context,102003,36.74164306077892,2,24,1561.159803,2,
,48,,48,,,,,146.53271556926057,g1.2_c0.5_b8,,,2155.451419708333,0,24,0,0,30.44299593394712,48,CPU_REFERENCE,long_context,102003,26.716285863680348,0,24,1093.224685,0,
,48,,48,,,,,146.3428321982865,g1.2_c0.5_b8,,,2039.76157025,0,24,0,1.4970010179999917,30.52184150804659,48,EFT_REFERENCE,long_context,102003,30.369001928361683,0,24,801.885573,0,
,48,,48,304,1.4754999428987503,0.9368000319227576,0.08737870014738292,146.29113039987317,g1.2_c0.5_b8,906,1,2006.7413454583334,0,24,0,1.8424589369999893,30.533136188646235,48,RESERVED_BACKFILL_V1,long_context,102003,31.142600595733583,0,24,806.435814,0,0
,48,,46,,,,,146.6737888436341,g1.2_c0.5_b8,,,2021.4998467916666,0,24,0,3.653661375999981,30.614826958078364,48,SPLIT_REFERENCE,long_context,102003,37.34982445350229,2,24,1653.285821,2,
,48,,48,,,,,142.36066013267188,g1.2_c0.75_b1,,,619.471443,0,12,0,0,29.946854395919203,48,CPU_REFERENCE,mean,102001,9.025524479698124,0,36,156.179931,0,
,48,,48,,,,,142.36066013267188,g1.2_c0.75_b1,,,619.471443,0,12,0,0,29.946854395919203,48,EFT_REFERENCE,mean,102001,9.025524479698124,0,36,156.179931,0,
,48,,48,,,,,144.0739663884857,g1.2_c0.75_b1,,,619.471443,0,12,0,0,30.12335117370511,48,SPLIT_REFERENCE,mean,102001,18.396947526020547,0,36,294.054635,0,
,48,,48,,,,,142.35447367538256,g1.2_c0.75_b1,,,618.790912,0,12,0,0,29.946433625810133,48,CPU_REFERENCE,short_context,102001,9.005629289678641,0,36,156.179931,0,
,48,,48,,,,,142.35447367538256,g1.2_c0.75_b1,,,618.790912,0,12,0,0,29.946433625810133,48,EFT_REFERENCE,short_context,102001,9.005629289678641,0,36,156.179931,0,
,48,,48,,,,,143.93629851884606,g1.2_c0.75_b1,,,618.790912,0,12,0,0,30.118015945206707,48,SPLIT_REFERENCE,short_context,102001,18.106364369715017,0,36,286.608481,0,
,48,,48,,,,,142.36651736363137,g1.2_c0.75_b1,,,620.151684,0,12,0,0,29.947252786674674,48,CPU_REFERENCE,long_context,102001,9.044361511158396,0,36,156.179931,0,
,48,,48,,,,,142.36651736363137,g1.2_c0.75_b1,,,620.151684,0,12,0,0,29.947252786674674,48,EFT_REFERENCE,long_context,102001,9.044361511158396,0,36,156.179931,0,
,48,,48,,,,,144.2113050317955,g1.2_c0.75_b1,,,620.151684,0,12,0,0,30.128665766582422,48,SPLIT_REFERENCE,long_context,102001,18.68650436951103,0,36,301.500789,0,
,48,,48,,,,,142.36066013267182,g1.2_c0.75_b1,,,619.471443,0,12,0,0,29.91793445552609,48,CPU_REFERENCE,mean,102002,7.08764212480229,0,36,156.179931,0,
,48,,48,,,,,142.36066013267182,g1.2_c0.75_b1,,,619.471443,0,12,0,0,29.91793445552609,48,EFT_REFERENCE,mean,102002,7.08764212480229,0,36,156.179931,0,
,48,,48,,,,,144.07396638848564,g1.2_c0.75_b1,,,619.471443,0,12,0,0,30.1028180538307,48,SPLIT_REFERENCE,mean,102002,17.374233445891733,0,36,294.054635,0,
,48,,48,,,,,142.35447367538254,g1.2_c0.75_b1,,,618.790912,0,12,0,0,29.91754870910783,48,CPU_REFERENCE,short_context,102002,7.069436393794206,0,36,156.179931,0,
,48,,48,,,,,142.35447367538254,g1.2_c0.75_b1,,,618.790912,0,12,0,0,29.91754870910783,48,EFT_REFERENCE,short_context,102002,7.069436393794206,0,36,156.179931,0,
,48,,48,,,,,143.93629851884606,g1.2_c0.75_b1,,,618.790912,0,12,0,0,30.09728432249094,48,SPLIT_REFERENCE,short_context,102002,17.06473621504121,0,36,286.608481,0,
,48,,48,,,,,142.36651736363132,g1.2_c0.75_b1,,,620.151684,0,12,0,0,29.918299685383634,48,CPU_REFERENCE,long_context,102002,7.10487955392038,0,36,156.179931,0,
,48,,48,,,,,142.36651736363132,g1.2_c0.75_b1,,,620.151684,0,12,0,0,29.918299685383634,48,EFT_REFERENCE,long_context,102002,7.10487955392038,0,36,156.179931,0,
,48,,48,,,,,144.2113050317954,g1.2_c0.75_b1,,,620.151684,0,12,0,0,30.108333095201427,48,SPLIT_REFERENCE,long_context,102002,17.6827614450077,0,36,301.500789,0,
,48,,48,,,,,142.36066013267188,g1.2_c0.75_b1,,,619.471443,0,12,0,0,30.038723270426217,48,CPU_REFERENCE,mean,102003,9.403816567777316,0,36,156.179931,0,
,48,,48,,,,,142.36066013267188,g1.2_c0.75_b1,,,619.471443,0,12,0,0,30.038723270426217,48,EFT_REFERENCE,mean,102003,9.403816567777316,0,36,156.179931,0,
,48,,48,,,,,144.07396638848564,g1.2_c0.75_b1,,,619.471443,0,12,0,0,30.197738478469596,48,SPLIT_REFERENCE,mean,102003,18.548008318681042,0,36,294.054635,0,
,48,,48,,,,,142.35447367538256,g1.2_c0.75_b1,,,618.790912,0,12,0,0,30.038175194621513,48,CPU_REFERENCE,short_context,102003,9.38497125118874,0,36,156.179931,0,
,48,,48,,,,,142.35447367538256,g1.2_c0.75_b1,,,618.790912,0,12,0,0,30.038175194621513,48,EFT_REFERENCE,short_context,102003,9.38497125118874,0,36,156.179931,0,
,48,,48,,,,,143.93629851884606,g1.2_c0.75_b1,,,618.790912,0,12,0,0,30.192762709236145,48,SPLIT_REFERENCE,short_context,102003,18.259754712837236,0,36,286.608481,0,
,48,,48,,,,,142.36651736363137,g1.2_c0.75_b1,,,620.151684,0,12,0,0,30.03924219591351,48,CPU_REFERENCE,long_context,102003,9.421659565059608,0,36,156.179931,0,
,48,,48,,,,,142.36651736363137,g1.2_c0.75_b1,,,620.151684,0,12,0,0,30.03924219591351,48,EFT_REFERENCE,long_context,102003,9.421659565059608,0,36,156.179931,0,
,48,,48,,,,,144.21130503179543,g1.2_c0.75_b1,,,620.151684,0,12,0,0,30.202686668405793,48,SPLIT_REFERENCE,long_context,102003,18.835224099144597,0,36,301.500789,0,
,48,,48,,,,,142.19336687949942,g1.2_c0.75_b4,,,1035.9670126666667,0,12,0,1.200209903000001,29.993625698059024,48,EFT_REFERENCE,mean,102001,10.912529085190606,0,36,568.963336,0,
,48,,48,,,,,141.84617263016497,g1.2_c0.75_b4,,,780.0742346666667,0,12,0,5.559398219999991,30.259592407852903,48,PAIR_COALESCE_V1,mean,102001,21.927505200564696,0,36,934.256245,0,
,48,,48,,,,,142.90442481670547,g1.2_c0.75_b4,,,981.10335925,0,12,0,3.924657470999996,30.254830785602657,48,SPLIT_REFERENCE,mean,102001,22.88518111365467,0,36,1120.351561,0,
,48,,48,,,,,142.3606601256587,g1.2_c0.75_b4,,,1296.3024305,0,12,0,0,29.96706696424067,48,TOKEN_CPU_V1,mean,102001,8.620222342762858,0,36,880.66932,0,
,48,,48,,,,,142.17738997065982,g1.2_c0.75_b4,,,1035.10569875,0,12,0,1.184040031000002,29.992610641209904,48,EFT_REFERENCE,short_context,102001,10.84767209934866,0,36,565.577605,0,
,48,,48,,,,,141.7674341562045,g1.2_c0.75_b4,,,779.2129209166667,0,12,0,5.508719214000003,30.254702628010644,48,PAIR_COALESCE_V1,short_context,102001,21.644911018548946,0,36,911.363349,0,
,48,,48,,,,,142.78790189579462,g1.2_c0.75_b4,,,973.8059026666667,0,12,0,3.853700869999983,30.24700287955342,48,SPLIT_REFERENCE,short_context,102001,22.500209363102897,0,36,1089.735294,0,
,48,,48,,,,,142.354473662666,g1.2_c0.75_b4,,,1295.6218993333334,0,12,0,0,29.966611371232567,48,TOKEN_CPU_V1,short_context,102001,8.600073416638953,0,36,879.946189,0,
,48,,48,,,,,142.20902602780555,g1.2_c0.75_b4,,,1036.81841525,0,12,0,1.2163412929999993,29.994616309876093,48,EFT_REFERENCE,long_context,102001,10.976280478780016,0,36,584.132861,0,
,48,,48,,,,,141.6195856829519,g1.2_c0.75_b4,,,781.5966751666667,0,12,0,5.601793877999988,30.236947010817655,48,PAIR_COALESCE_V1,long_context,102001,20.3820920459512,0,36,811.828284,0,
,48,,48,,,,,143.0206414415077,g1.2_c0.75_b4,,,988.3909045,0,12,0,3.9955371029999895,30.262640892435783,48,SPLIT_REFERENCE,long_context,102001,23.271934790207123,0,36,1150.967828,0,
,48,,48,,,,,142.3665173566182,g1.2_c0.75_b4,,,1296.9826713333334,0,12,0,0,29.967498325362673,48,TOKEN_CPU_V1,long_context,102001,8.639299597758232,0,36,881.353966,0,
,48,,48,,,,,142.19343578447328,g1.2_c0.75_b4,,,1046.6744095833333,0,12,0,1.1999786769999972,29.971664070113132,48,EFT_REFERENCE,mean,102002,9.573048985364618,0,36,569.271174,0,
,48,,48,,,,,141.846172630165,g1.2_c0.75_b4,,,777.47144875,0,12,0,5.5593982199999985,30.179926113063033,48,PAIR_COALESCE_V1,mean,102002,19.709405562385527,0,36,873.040485,0,
,48,,48,,,,,142.80996271191137,g1.2_c0.75_b4,,,943.3043665,0,12,0,4.241646120999988,30.211339654537845,48,SPLIT_REFERENCE,mean,102002,21.69836006537453,0,36,1118.604068,0,
,48,,48,,,,,142.3606601256587,g1.2_c0.75_b4,,,1307.0098274166667,0,12,0,0,29.925014451794585,48,TOKEN_CPU_V1,mean,102002,6.861186278376696,0,36,882.102998,0,
,48,,48,,,,,142.17745887563365,g1.2_c0.75_b4,,,1045.8130956666666,0,12,0,1.1838088049999982,29.97063157271122,48,EFT_REFERENCE,short_context,102002,9.496188909070217,0,36,563.100167,0,
,48,,48,,,,,141.76743415620453,g1.2_c0.75_b4,,,776.610135,0,12,0,5.508719214000003,30.174629335039974,48,PAIR_COALESCE_V1,short_context,102002,19.445268875965333,0,36,850.147589,0,
,48,,48,,,,,142.6913537305093,g1.2_c0.75_b4,,,937.2941385,0,12,0,4.177689760999996,30.204910333583072,48,SPLIT_REFERENCE,short_context,102002,21.30459416924642,0,36,1087.987801,0,
,48,,48,,,,,142.35447366266604,g1.2_c0.75_b4,,,1306.32929625,0,12,0,0,29.924612746785915,48,TOKEN_CPU_V1,short_context,102002,6.8431340247127075,0,36,881.379867,0,
,48,,48,,,,,142.2090949327794,g1.2_c0.75_b4,,,1047.5258121666668,0,12,0,1.2161100669999954,29.9726833018427,48,EFT_REFERENCE,long_context,102002,9.648860582766769,0,36,584.440699,0,
,48,,48,,,,,141.6195856829519,g1.2_c0.75_b4,,,778.99388925,0,12,0,5.601793877999995,30.1533408391094,48,PAIR_COALESCE_V1,long_context,102002,18.153482876381606,0,36,761.889766,0,
,48,,48,,,,,142.92827686549145,g1.2_c0.75_b4,,,949.30468325,0,12,0,4.305487029999995,30.217762333109484,48,SPLIT_REFERENCE,long_context,102002,22.093092737764252,0,36,1149.220335,0,
,48,,48,,,,,142.3665173566182,g1.2_c0.75_b4,,,1307.69006825,0,12,0,0,29.925394791131037,48,TOKEN_CPU_V1,long_context,102002,6.878278377328819,0,36,882.787644,0,
,48,,48,,,,,141.9874619331258,g1.2_c0.75_b4,,,949.3511114166666,0,12,0,2.6896950050000044,30.181899358281377,48,EFT_REFERENCE,mean,102003,15.48464877687221,0,36,705.50728,0,
,48,,48,,,,,141.93341211288902,g1.2_c0.75_b4,,,839.2368986666667,0,12,0,5.2666466899999875,30.260356230397313,48,PAIR_COALESCE_V1,mean,102003,20.945397815980726,0,36,934.397547,0,
,48,,48,,,,,142.90908687134058,g1.2_c0.75_b4,,,987.3544860833334,0,12,0,3.9090129090000048,30.303558085154286,48,SPLIT_REFERENCE,mean,102003,22.8509691594339,0,36,1119.209836,0,
,48,,48,,,,,142.36066012624312,g1.2_c0.75_b4,,,1206.33951425,0,12,0,0,30.019855296690963,48,TOKEN_CPU_V1,mean,102003,9.121853184443736,0,36,1018.890748,0,
,48,,48,,,,,141.95595625221628,g1.2_c0.75_b4,,,948.4295368333334,0,12,0,2.6643555020000207,30.1783462011877,48,EFT_REFERENCE,short_context,102003,15.350509256704292,0,36,690.060537,0,
,48,,48,,,,,141.84798447550088,g1.2_c0.75_b4,,,838.3153240833334,0,12,0,5.238414667000015,30.255280613118543,48,PAIR_COALESCE_V1,short_context,102003,20.690145677119844,0,36,911.504651,0,
,48,,48,,,,,142.78817633846717,g1.2_c0.75_b4,,,981.2839971666666,0,12,0,3.8527799220000105,30.296550155679583,48,SPLIT_REFERENCE,short_context,102003,22.485362900961523,0,36,1088.593569,0,
,48,,48,,,,,142.3544736648048,g1.2_c0.75_b4,,,1205.6589831666668,0,12,0,0,30.019336699457952,48,TOKEN_CPU_V1,short_context,102003,9.103543610658264,0,36,1018.167618,0,
,48,,48,,,,,142.0186727883092,g1.2_c0.75_b4,,,950.2595680833333,0,12,0,2.7149190599999997,30.185422862828897,48,EFT_REFERENCE,long_context,102003,15.617675537691648,0,36,720.954022,0,
,48,,48,,,,,141.66068195073666,g1.2_c0.75_b4,,,840.3690345833334,0,12,0,5.291925181999986,30.229633978398788,48,PAIR_COALESCE_V1,long_context,102003,19.15782921439765,0,36,811.969586,0,
,48,,48,,,,,143.02970257621706,g1.2_c0.75_b4,,,993.41185675,0,12,0,3.965130443999989,30.31054136932641,48,SPLIT_REFERENCE,long_context,102003,23.21621058308537,0,36,1149.826103,0,
,48,,48,,,,,142.3665173566182,g1.2_c0.75_b4,,,1207.0197552500001,0,12,0,0,30.020346311324932,48,TOKEN_CPU_V1,long_context,102003,9.13918892625777,0,36,1019.575395,0,
,48,,48,,,,,142.3606601256587,g1.2_c0.75_b8,,,1762.062971,0,12,0,0,29.980322017113195,48,CPU_REFERENCE,mean,102001,7.852368477615876,0,36,1287.505634,0,
,48,,48,,,,,142.27986057897115,g1.2_c0.75_b8,,,1736.1192583333334,0,12,0,0.590550952000001,30.003349326931975,48,EFT_REFERENCE,mean,102001,9.286398201734578,0,36,976.181081,0,
,48,,42,,,,,143.1676744321953,g1.2_c0.75_b8,,,1952.1169006666667,0,12,0,3.0412646989999743,30.274875449088977,48,SPLIT_REFERENCE,mean,102001,21.20098562262376,6,36,1908.110364,6,
,48,,48,,,,,142.35447366409187,g1.2_c0.75_b8,,,1760.9003525833334,0,12,0,0,29.97982735086478,48,CPU_REFERENCE,short_context,102001,7.831777224179348,0,36,1286.782503,0,
,48,,48,,,,,142.26658508677883,g1.2_c0.75_b8,,,1733.7296721666667,0,12,0,0.5898278219999895,30.00251817712875,48,EFT_REFERENCE,short_context,102001,9.245342867762027,0,36,960.734339,0,
,48,,42,,,,,143.04424685486094,g1.2_c0.75_b8,,,1920.885195,0,12,0,2.9934782109999745,30.26674252524161,48,SPLIT_REFERENCE,short_context,102001,20.851066178542993,6,36,1854.323984,6,
,48,,48,,,,,142.3665173566182,g1.2_c0.75_b8,,,1763.1996429166666,0,12,0,0,29.98079039693455,48,CPU_REFERENCE,long_context,102001,7.871865439326928,0,36,1288.190281,0,
,48,,48,,,,,142.29281830902926,g1.2_c0.75_b8,,,1738.4861048333332,0,12,0,0.5912355990000009,30.004153703562288,48,EFT_REFERENCE,long_context,102001,9.326329438484454,0,36,991.627823,0,
,48,,42,,,,,143.29079571526177,g1.2_c0.75_b8,,,1983.332281,0,12,0,3.0889742189999936,30.282998301384726,48,SPLIT_REFERENCE,long_context,102001,21.550519605180707,6,36,1961.896744,6,
,48,,48,,,,,142.3606601256587,g1.2_c0.75_b8,,,1703.1427830833334,0,12,0,0,29.928848554770052,48,CPU_REFERENCE,mean,102002,6.567599653879768,0,36,1287.201931,0,
,48,,48,,,,,142.20807457014178,g1.2_c0.75_b8,,,1630.3335321666666,0,12,0,1.1508549680000044,29.980066188916048,48,EFT_REFERENCE,mean,102002,9.300659704814976,0,36,976.108603,0,
,48,,42,,,,,143.00070474274438,g1.2_c0.75_b8,,,1766.9976930833334,0,12,0,3.6015687150000204,30.226009567590168,48,SPLIT_REFERENCE,mean,102002,20.31229532016544,6,36,1910.942097,6,
,48,,48,,,,,142.35447366409187,g1.2_c0.75_b8,,,1701.98016475,0,12,0,0,29.92841981460305,48,CPU_REFERENCE,short_context,102002,6.548860157702855,0,36,1286.4788,0,
,48,,48,,,,,142.18771004745247,g1.2_c0.75_b8,,,1625.4900108333334,0,12,0,1.14940870800001,29.978866879094415,48,EFT_REFERENCE,short_context,102002,9.24455709033688,0,36,960.661861,0,
,48,,42,,,,,142.87749265697997,g1.2_c0.75_b8,,,1738.46096625,0,12,0,3.5530590970000233,30.217571088745505,48,SPLIT_REFERENCE,short_context,102002,19.94763142444018,6,36,1857.155717,6,
,48,,48,,,,,142.3665173566182,g1.2_c0.75_b8,,,1704.2794549999999,0,12,0,0,29.929254506116525,48,CPU_REFERENCE,long_context,102002,6.58534317824682,0,36,1287.886578,0,
,48,,48,,,,,142.2281327992985,g1.2_c0.75_b8,,,1635.160728,0,12,0,1.1522242620000043,29.981241703201214,48,EFT_REFERENCE,long_context,102002,9.355705730786394,0,36,991.555345,0,
,48,,42,,,,,143.12362200211263,g1.2_c0.75_b8,,,1795.5245085833333,0,12,0,3.649962882000004,30.23444347064373,48,SPLIT_REFERENCE,long_context,102002,20.6794466160141,6,36,1964.728477,6,
,48,,48,,,,,142.36066012553022,g1.2_c0.75_b8,,,1691.5675149166666,0,12,0,0,30.045256423928745,48,CPU_REFERENCE,mean,102003,8.822801273391665,0,36,1393.275012,0,
,48,,48,,,,,142.12607578469178,g1.2_c0.75_b8,,,1568.73410275,0,12,0,1.7454302329999933,30.171465157221256,48,EFT_REFERENCE,mean,102003,13.094224009767045,0,36,1080.985439,0,
,48,,41,,,,,143.00879886382236,g1.2_c0.75_b8,,,1805.48932825,0,12,0,3.5744070850000114,30.357509752891403,48,SPLIT_REFERENCE,mean,102003,21.987331404119434,7,36,1912.279305,7,
,48,,48,,,,,142.35447366409187,g1.2_c0.75_b8,,,1690.344636,0,12,0,0,30.044680905171948,48,CPU_REFERENCE,short_context,102003,8.804013038036125,0,36,1392.551882,0,
,48,,48,,,,,142.09862223053557,g1.2_c0.75_b8,,,1561.3763855,0,12,0,1.7432608430000016,30.171239759062427,48,EFT_REFERENCE,short_context,102003,13.01925892638508,0,36,1065.538697,0,
,48,,41,,,,,142.88558677847288,g1.2_c0.75_b8,,,1778.1795688333334,0,12,0,3.525897468000018,30.352835352788077,48,SPLIT_REFERENCE,short_context,102003,21.64462194537951,7,36,1858.492925,7,
,48,,48,,,,,142.3665173566182,g1.2_c0.75_b8,,,1692.7612409166668,0,12,0,0,30.04580137100132,48,CPU_REFERENCE,long_context,102003,8.840591213236042,0,36,1393.959659,0,
,48,,48,,,,,142.1532345129471,g1.2_c0.75_b8,,,1576.0787018333333,0,12,0,1.7474841739999931,30.17166942472055,48,EFT_REFERENCE,long_context,102003,13.167714558218082,0,36,1096.432181,0,
,48,,41,,,,,143.13171612336552,g1.2_c0.75_b8,,,1832.7859691666667,0,12,0,3.6228012530000058,30.362176061652548,48,SPLIT_REFERENCE,long_context,102003,22.32357971055451,7,36,1966.065685,7,
