trace_seed,family,scenario,learn_seed,baseline,delta_deadline_met,delta_urgent_failure,delta_normal_failure,delta_j,delta_thermal,delta_peak,delta_p95,both_complete
50001,low,mean,11,CPU_REFERENCE,0,0.0,0.0,0.0,0.0,0.0,0.0,True
50001,low,mean,11,SPLIT_REFERENCE,0,0.0,0.0,-0.2855510426356318,-1.7520175818255908,-0.04689349841285306,-137.874704,True
50001,low,mean,11,EFT_REFERENCE,0,0.0,0.0,0.0,0.0,0.0,0.0,True
50001,low,mean,11,ENERGY_AP_REQUEST_V1,0,0.0,0.0,2.842170943040401e-14,-0.020166839922666213,-0.0008046759285242899,-1234.65267,True
50001,low,mean,11,MC_RL_01,0,0.0,0.0,0.0,-0.08144952412279594,-0.0006885895545885035,-250.0,True
50001,low,mean,23,CPU_REFERENCE,0,0.0,0.0,0.0,0.0,0.0,0.0,True
50001,low,mean,23,SPLIT_REFERENCE,0,0.0,0.0,-0.2855510426356318,-1.7520175818255908,-0.04689349841285306,-137.874704,True
50001,low,mean,23,EFT_REFERENCE,0,0.0,0.0,0.0,0.0,0.0,0.0,True
50001,low,mean,23,ENERGY_AP_REQUEST_V1,0,0.0,0.0,2.842170943040401e-14,-0.020166839922666213,-0.0008046759285242899,-1234.65267,True
50001,low,mean,23,MC_RL_01,0,0.0,0.0,0.0,-0.08144952412279594,-0.0006885895545885035,-250.0,True
50001,low,mean,37,CPU_REFERENCE,0,0.0,0.0,0.0,0.0,0.0,0.0,True
50001,low,mean,37,SPLIT_REFERENCE,0,0.0,0.0,-0.2855510426356318,-1.7520175818255908,-0.04689349841285306,-137.874704,True
50001,low,mean,37,EFT_REFERENCE,0,0.0,0.0,0.0,0.0,0.0,0.0,True
50001,low,mean,37,ENERGY_AP_REQUEST_V1,0,0.0,0.0,2.842170943040401e-14,-0.020166839922666213,-0.0008046759285242899,-1234.65267,True
50001,low,mean,37,MC_RL_01,0,0.0,0.0,0.0,-0.08144952412279594,-0.0006885895545885035,-250.0,True
50001,low,short_context,11,CPU_REFERENCE,0,0.0,0.0,0.0,0.0,0.0,0.0,True
50001,low,short_context,11,SPLIT_REFERENCE,0,0.0,0.0,-0.2636374739105918,-1.6999632801708344,-0.04558777402757386,-130.42854999999997,True
50001,low,short_context,11,EFT_REFERENCE,0,0.0,0.0,0.0,0.0,0.0,0.0,True
50001,low,short_context,11,ENERGY_AP_REQUEST_V1,0,0.0,0.0,1.4258603187045082e-09,-0.020869644062141646,-0.0008210544086360017,-1234.65267,True
50001,low,short_context,11,MC_RL_01,0,0.0,0.0,0.0,-0.08145799907041251,-0.0006353723653731436,-250.0,True
50001,low,short_context,23,CPU_REFERENCE,0,0.0,0.0,0.0,0.0,0.0,0.0,True
50001,low,short_context,23,SPLIT_REFERENCE,0,0.0,0.0,-0.2636374739105918,-1.6999632801708344,-0.04558777402757386,-130.42854999999997,True
50001,low,short_context,23,EFT_REFERENCE,0,0.0,0.0,0.0,0.0,0.0,0.0,True
50001,low,short_context,23,ENERGY_AP_REQUEST_V1,0,0.0,0.0,1.4258603187045082e-09,-0.020869644062141646,-0.0008210544086360017,-1234.65267,True
50001,low,short_context,23,MC_RL_01,0,0.0,0.0,0.0,-0.08145799907041251,-0.0006353723653731436,-250.0,True
50001,low,short_context,37,CPU_REFERENCE,0,0.0,0.0,0.0,0.0,0.0,0.0,True
50001,low,short_context,37,SPLIT_REFERENCE,0,0.0,0.0,-0.2636374739105918,-1.6999632801708344,-0.04558777402757386,-130.42854999999997,True
50001,low,short_context,37,EFT_REFERENCE,0,0.0,0.0,0.0,0.0,0.0,0.0,True
50001,low,short_context,37,ENERGY_AP_REQUEST_V1,0,0.0,0.0,1.4258603187045082e-09,-0.020869644062141646,-0.0008210544086360017,-1234.65267,True
50001,low,short_context,37,MC_RL_01,0,0.0,0.0,0.0,-0.08145799907041251,-0.0006353723653731436,-250.0,True
50001,low,long_context,11,CPU_REFERENCE,0,0.0,0.0,0.0,0.0,0.0,0.0,True
50001,low,long_context,11,SPLIT_REFERENCE,0,0.0,0.0,-0.30746461136070025,-1.80400810134471,-0.048199686091123795,-145.320858,True
50001,low,long_context,11,EFT_REFERENCE,0,0.0,0.0,0.0,0.0,0.0,0.0,True
50001,low,long_context,11,ENERGY_AP_REQUEST_V1,0,0.0,0.0,1.4258603187045082e-09,-0.01950140531784328,-0.0007891682220204643,-1234.65267,True
50001,low,long_context,11,MC_RL_01,0,0.0,0.0,0.0,-0.08145841873083981,-0.0007389762997007665,-250.0,True
50001,low,long_context,23,CPU_REFERENCE,0,0.0,0.0,0.0,0.0,0.0,0.0,True
50001,low,long_context,23,SPLIT_REFERENCE,0,0.0,0.0,-0.30746461136070025,-1.80400810134471,-0.048199686091123795,-145.320858,True
50001,low,long_context,23,EFT_REFERENCE,0,0.0,0.0,0.0,0.0,0.0,0.0,True
50001,low,long_context,23,ENERGY_AP_REQUEST_V1,0,0.0,0.0,1.4258603187045082e-09,-0.01950140531784328,-0.0007891682220204643,-1234.65267,True
50001,low,long_context,23,MC_RL_01,0,0.0,0.0,0.0,-0.08145841873083981,-0.0007389762997007665,-250.0,True
50001,low,long_context,37,CPU_REFERENCE,0,0.0,0.0,0.0,0.0,0.0,0.0,True
50001,low,long_context,37,SPLIT_REFERENCE,0,0.0,0.0,-0.30746461136070025,-1.80400810134471,-0.048199686091123795,-145.320858,True
50001,low,long_context,37,EFT_REFERENCE,0,0.0,0.0,0.0,0.0,0.0,0.0,True
50001,low,long_context,37,ENERGY_AP_REQUEST_V1,0,0.0,0.0,1.4258603187045082e-09,-0.01950140531784328,-0.0007891682220204643,-1234.65267,True
50001,low,long_context,37,MC_RL_01,0,0.0,0.0,0.0,-0.08145841873083981,-0.0007389762997007665,-250.0,True
50001,queue,mean,11,CPU_REFERENCE,2,0.0,-0.1111111111111111,-0.21623424868246843,3.018731006804046,0.09989366119618737,-172.35333200000002,True
50001,queue,mean,11,SPLIT_REFERENCE,0,0.0,0.0,-0.018373198621276288,-0.3794278192733671,-0.01228914318928176,0.0,True
50001,queue,mean,11,EFT_REFERENCE,2,0.0,-0.1111111111111111,-0.1297405491812924,1.8863527298737708,0.04410983388030587,102.92293000000001,True
50001,queue,mean,11,ENERGY_AP_REQUEST_V1,2,0.0,-0.1111111111111111,-0.12974054976572802,1.8794175759036165,0.04264858533630189,31.093856000000017,True
50001,queue,mean,11,MC_RL_01,2,0.0,-0.1111111111111111,-0.04324684987906835,0.4425176211999542,-0.007201082089984823,0.0,True
50001,queue,mean,23,CPU_REFERENCE,2,0.0,-0.1111111111111111,-0.21623424868246843,3.018731006804046,0.09989366119618737,-172.35333200000002,True
50001,queue,mean,23,SPLIT_REFERENCE,0,0.0,0.0,-0.018373198621276288,-0.3794278192733671,-0.01228914318928176,0.0,True
50001,queue,mean,23,EFT_REFERENCE,2,0.0,-0.1111111111111111,-0.1297405491812924,1.8863527298737708,0.04410983388030587,102.92293000000001,True
50001,queue,mean,23,ENERGY_AP_REQUEST_V1,2,0.0,-0.1111111111111111,-0.12974054976572802,1.8794175759036165,0.04264858533630189,31.093856000000017,True
50001,queue,mean,23,MC_RL_01,2,0.0,-0.1111111111111111,-0.04324684987906835,0.4425176211999542,-0.007201082089984823,0.0,True
50001,queue,mean,37,CPU_REFERENCE,2,0.0,-0.1111111111111111,-0.21623424868246843,3.018731006804046,0.09989366119618737,-172.35333200000002,True
50001,queue,mean,37,SPLIT_REFERENCE,0,0.0,0.0,-0.018373198621276288,-0.3794278192733671,-0.01228914318928176,0.0,True
50001,queue,mean,37,EFT_REFERENCE,2,0.0,-0.1111111111111111,-0.1297405491812924,1.8863527298737708,0.04410983388030587,102.92293000000001,True
50001,queue,mean,37,ENERGY_AP_REQUEST_V1,2,0.0,-0.1111111111111111,-0.12974054976572802,1.8794175759036165,0.04264858533630189,31.093856000000017,True
50001,queue,mean,37,MC_RL_01,2,0.0,-0.1111111111111111,-0.04324684987906835,0.4425176211999542,-0.007201082089984823,0.0,True
50001,queue,short_context,11,CPU_REFERENCE,2,0.0,-0.1111111111111111,-0.2229877960331237,2.9293487777896026,0.0954400860161968,-184.63033499999995,True
50001,queue,short_context,11,SPLIT_REFERENCE,0,0.0,0.0,-0.017022489228224913,-0.3630815508304899,-0.011767945978878203,0.0,True
50001,queue,short_context,11,EFT_REFERENCE,2,0.0,-0.1111111111111111,-0.13379267723189514,1.8313596916501567,0.042401595537690184,95.19955900000002,True
50001,queue,short_context,11,ENERGY_AP_REQUEST_V1,2,0.0,-0.1111111111111111,-0.13379267723189514,1.8231242886845465,0.039634367251913716,15.924330999999995,True
50001,queue,short_context,11,MC_RL_01,2,0.0,-0.1111111111111111,-0.044597559272119724,0.423718826593106,-0.007696030981708901,0.0,True
50001,queue,short_context,23,CPU_REFERENCE,2,0.0,-0.1111111111111111,-0.2229877960331237,2.9293487777896026,0.0954400860161968,-184.63033499999995,True
50001,queue,short_context,23,SPLIT_REFERENCE,0,0.0,0.0,-0.017022489228224913,-0.3630815508304899,-0.011767945978878203,0.0,True
50001,queue,short_context,23,EFT_REFERENCE,2,0.0,-0.1111111111111111,-0.13379267723189514,1.8313596916501567,0.042401595537690184,95.19955900000002,True
50001,queue,short_context,23,ENERGY_AP_REQUEST_V1,2,0.0,-0.1111111111111111,-0.13379267723189514,1.8231242886845465,0.039634367251913716,15.924330999999995,True
50001,queue,short_context,23,MC_RL_01,2,0.0,-0.1111111111111111,-0.044597559272119724,0.423718826593106,-0.007696030981708901,0.0,True
50001,queue,short_context,37,CPU_REFERENCE,2,0.0,-0.1111111111111111,-0.2229877960331237,2.9293487777896026,0.0954400860161968,-184.63033499999995,True
50001,queue,short_context,37,SPLIT_REFERENCE,0,0.0,0.0,-0.017022489228224913,-0.3630815508304899,-0.011767945978878203,0.0,True
50001,queue,short_context,37,EFT_REFERENCE,2,0.0,-0.1111111111111111,-0.13379267723189514,1.8313596916501567,0.042401595537690184,95.19955900000002,True
50001,queue,short_context,37,ENERGY_AP_REQUEST_V1,2,0.0,-0.1111111111111111,-0.13379267723189514,1.8231242886845465,0.039634367251913716,15.924330999999995,True
50001,queue,short_context,37,MC_RL_01,2,0.0,-0.1111111111111111,-0.044597559272119724,0.423718826593106,-0.007696030981708901,0.0,True
50001,queue,long_context,11,CPU_REFERENCE,2,0.0,-0.1111111111111111,-0.20948070108647698,3.1083548982039986,0.10426517436616578,-159.922394,True
50001,queue,long_context,11,SPLIT_REFERENCE,0,0.0,0.0,-0.01972390801429924,-0.39552551504585765,-0.012810525329225442,0.0,True
50001,queue,long_context,11,EFT_REFERENCE,2,0.0,-0.1111111111111111,-0.12568842057032725,1.9416502347126787,0.04582080511408648,110.646301,True
50001,queue,long_context,11,ENERGY_AP_REQUEST_V1,2,0.0,-0.1111111111111111,-0.12568842057032725,1.9359540115039309,0.04559687789406652,46.26338099999998,True
50001,queue,long_context,11,MC_RL_01,2,0.0,-0.1111111111111111,-0.04190540454280267,0.46164963722683794,-0.006704016674216717,0.0,True
50001,queue,long_context,23,CPU_REFERENCE,2,0.0,-0.1111111111111111,-0.20948070108647698,3.1083548982039986,0.10426517436616578,-159.922394,True
50001,queue,long_context,23,SPLIT_REFERENCE,0,0.0,0.0,-0.01972390801429924,-0.39552551504585765,-0.012810525329225442,0.0,True
50001,queue,long_context,23,EFT_REFERENCE,2,0.0,-0.1111111111111111,-0.12568842057032725,1.9416502347126787,0.04582080511408648,110.646301,True
50001,queue,long_context,23,ENERGY_AP_REQUEST_V1,2,0.0,-0.1111111111111111,-0.12568842057032725,1.9359540115039309,0.04559687789406652,46.26338099999998,True
50001,queue,long_context,23,MC_RL_01,2,0.0,-0.1111111111111111,-0.04190540454280267,0.46164963722683794,-0.006704016674216717,0.0,True
50001,queue,long_context,37,CPU_REFERENCE,2,0.0,-0.1111111111111111,-0.20948070108647698,3.1083548982039986,0.10426517436616578,-159.922394,True
50001,queue,long_context,37,SPLIT_REFERENCE,0,0.0,0.0,-0.01972390801429924,-0.39552551504585765,-0.012810525329225442,0.0,True
50001,queue,long_context,37,EFT_REFERENCE,2,0.0,-0.1111111111111111,-0.12568842057032725,1.9416502347126787,0.04582080511408648,110.646301,True
50001,queue,long_context,37,ENERGY_AP_REQUEST_V1,2,0.0,-0.1111111111111111,-0.12568842057032725,1.9359540115039309,0.04559687789406652,46.26338099999998,True
50001,queue,long_context,37,MC_RL_01,2,0.0,-0.1111111111111111,-0.04190540454280267,0.46164963722683794,-0.006704016674216717,0.0,True
50001,burst,mean,11,CPU_REFERENCE,2,0.0,-0.1111111111111111,-0.14906508800154938,2.998957027472507,0.10614494969348343,-119.89658800000007,True
50001,burst,mean,11,SPLIT_REFERENCE,0,0.0,0.0,0.04324684970418957,-0.6290785447786256,-0.014586973741039344,-64.43119000000002,True
50001,burst,mean,11,EFT_REFERENCE,0,0.0,0.0,0.023922310217415088,0.38307585986243353,0.015148962183321402,0.0,True
50001,burst,mean,11,ENERGY_AP_REQUEST_V1,0,0.0,0.0,0.023922310217415088,0.38307585986243353,0.015148962183321402,0.0,True
50001,burst,mean,11,MC_RL_01,2,0.0,-0.1111111111111111,-0.06555619913788746,0.5191972598000802,0.008241982443493612,0.0,True
50001,burst,mean,23,CPU_REFERENCE,2,0.0,-0.1111111111111111,-0.14906508800154938,2.998957027472507,0.10614494969348343,-119.89658800000007,True
50001,burst,mean,23,SPLIT_REFERENCE,0,0.0,0.0,0.04324684970418957,-0.6290785447786256,-0.014586973741039344,-64.43119000000002,True
50001,burst,mean,23,EFT_REFERENCE,0,0.0,0.0,0.023922310217415088,0.38307585986243353,0.015148962183321402,0.0,True
50001,burst,mean,23,ENERGY_AP_REQUEST_V1,0,0.0,0.0,0.023922310217415088,0.38307585986243353,0.015148962183321402,0.0,True
50001,burst,mean,23,MC_RL_01,2,0.0,-0.1111111111111111,-0.06555619913788746,0.5191972598000802,0.008241982443493612,0.0,True
50001,burst,mean,37,CPU_REFERENCE,2,0.0,-0.1111111111111111,-0.14906508800154938,2.998957027472507,0.10614494969348343,-119.89658800000007,True
50001,burst,mean,37,SPLIT_REFERENCE,0,0.0,0.0,0.04324684970418957,-0.6290785447786256,-0.014586973741039344,-64.43119000000002,True
50001,burst,mean,37,EFT_REFERENCE,0,0.0,0.0,0.023922310217415088,0.38307585986243353,0.015148962183321402,0.0,True
50001,burst,mean,37,ENERGY_AP_REQUEST_V1,0,0.0,0.0,0.023922310217415088,0.38307585986243353,0.015148962183321402,0.0,True
50001,burst,mean,37,MC_RL_01,2,0.0,-0.1111111111111111,-0.06555619913788746,0.5191972598000802,0.008241982443493612,0.0,True
50001,burst,short_context,11,CPU_REFERENCE,2,0.0,-0.1111111111111111,-0.15977526479414905,2.9219606016344706,0.1014504305253432,-131.45046199999996,True
50001,burst,short_context,11,SPLIT_REFERENCE,0,0.0,0.0,0.044597558384282365,-0.6108178220591434,-0.014013332958636937,-56.70781900000003,True
50001,burst,short_context,11,EFT_REFERENCE,0,0.0,0.0,0.018614971709865813,0.37815956251236216,0.014522912539533195,0.0,True
50001,burst,short_context,11,ENERGY_AP_REQUEST_V1,0,0.0,0.0,0.018614971709865813,0.37815956251236216,0.014522912539533195,0.0,True
50001,burst,short_context,11,MC_RL_01,2,0.0,-0.1111111111111111,-0.06899296973506353,0.5076788178781797,0.005289018218391561,0.0,True
50001,burst,short_context,23,CPU_REFERENCE,2,0.0,-0.1111111111111111,-0.15977526479414905,2.9219606016344706,0.1014504305253432,-131.45046199999996,True
50001,burst,short_context,23,SPLIT_REFERENCE,0,0.0,0.0,0.044597558384282365,-0.6108178220591434,-0.014013332958636937,-56.70781900000003,True
50001,burst,short_context,23,EFT_REFERENCE,0,0.0,0.0,0.018614971709865813,0.37815956251236216,0.014522912539533195,0.0,True
50001,burst,short_context,23,ENERGY_AP_REQUEST_V1,0,0.0,0.0,0.018614971709865813,0.37815956251236216,0.014522912539533195,0.0,True
50001,burst,short_context,23,MC_RL_01,2,0.0,-0.1111111111111111,-0.06899296973506353,0.5076788178781797,0.005289018218391561,0.0,True
50001,burst,short_context,37,CPU_REFERENCE,2,0.0,-0.1111111111111111,-0.15977526479414905,2.9219606016344706,0.1014504305253432,-131.45046199999996,True
50001,burst,short_context,37,SPLIT_REFERENCE,0,0.0,0.0,0.044597558384282365,-0.6108178220591434,-0.014013332958636937,-56.70781900000003,True
50001,burst,short_context,37,EFT_REFERENCE,0,0.0,0.0,0.018614971709865813,0.37815956251236216,0.014522912539533195,0.0,True
50001,burst,short_context,37,ENERGY_AP_REQUEST_V1,0,0.0,0.0,0.018614971709865813,0.37815956251236216,0.014522912539533195,0.0,True
50001,burst,short_context,37,MC_RL_01,2,0.0,-0.1111111111111111,-0.06899296973506353,0.5076788178781797,0.005289018218391561,0.0,True
50001,burst,long_context,11,CPU_REFERENCE,2,0.0,-0.1111111111111111,-0.13832050848878907,3.0758526556768864,0.11075915643376177,-108.15029800000002,True
50001,burst,long_context,11,SPLIT_REFERENCE,0,0.0,0.0,0.041896140614539945,-0.6475772238620792,-0.015162155162784074,-72.15456099999994,True
50001,burst,long_context,11,EFT_REFERENCE,0,0.0,0.0,0.027436248459110857,0.3957439907990228,0.01586776118718447,0.0,True
50001,burst,long_context,11,ENERGY_AP_REQUEST_V1,0,0.0,0.0,0.027436248459110857,0.3957439907990228,0.01586776118718447,0.0,True
50001,burst,long_context,11,MC_RL_01,2,0.0,-0.1111111111111111,-0.0621079614934672,0.5306680246346751,0.011123094020526025,0.0,True
50001,burst,long_context,23,CPU_REFERENCE,2,0.0,-0.1111111111111111,-0.13832050848878907,3.0758526556768864,0.11075915643376177,-108.15029800000002,True
50001,burst,long_context,23,SPLIT_REFERENCE,0,0.0,0.0,0.041896140614539945,-0.6475772238620792,-0.015162155162784074,-72.15456099999994,True
50001,burst,long_context,23,EFT_REFERENCE,0,0.0,0.0,0.027436248459110857,0.3957439907990228,0.01586776118718447,0.0,True
50001,burst,long_context,23,ENERGY_AP_REQUEST_V1,0,0.0,0.0,0.027436248459110857,0.3957439907990228,0.01586776118718447,0.0,True
50001,burst,long_context,23,MC_RL_01,2,0.0,-0.1111111111111111,-0.0621079614934672,0.5306680246346751,0.011123094020526025,0.0,True
50001,burst,long_context,37,CPU_REFERENCE,2,0.0,-0.1111111111111111,-0.13832050848878907,3.0758526556768864,0.11075915643376177,-108.15029800000002,True
50001,burst,long_context,37,SPLIT_REFERENCE,0,0.0,0.0,0.041896140614539945,-0.6475772238620792,-0.015162155162784074,-72.15456099999994,True
50001,burst,long_context,37,EFT_REFERENCE,0,0.0,0.0,0.027436248459110857,0.3957439907990228,0.01586776118718447,0.0,True
50001,burst,long_context,37,ENERGY_AP_REQUEST_V1,0,0.0,0.0,0.027436248459110857,0.3957439907990228,0.01586776118718447,0.0,True
50001,burst,long_context,37,MC_RL_01,2,0.0,-0.1111111111111111,-0.0621079614934672,0.5306680246346751,0.011123094020526025,0.0,True
50001,sustained,mean,11,CPU_REFERENCE,10,-0.10416666666666667,0.0,-2.103450942937201,44.404960319012076,0.7496790612411388,-2766.1938920000002,True
50001,sustained,mean,11,SPLIT_REFERENCE,0,0.0,0.0,-1.427755213178159,-9.338480693450691,-0.043792170296413246,0.0,True
50001,sustained,mean,11,EFT_REFERENCE,0,0.0,0.0,-0.18249982464632808,6.110099406735998,0.07859617693812027,0.0,True
50001,sustained,mean,11,ENERGY_AP_REQUEST_V1,52,-0.4270833333333333,-0.11458333333333333,0.41379414120743263,1.6535706616084838,0.01978167605437875,-4017.139638,True
50001,sustained,mean,11,MC_RL_01,0,0.0,0.0,-0.847117025136555,4.385051749117281,0.020009529456828545,-365.30664999999993,True
50001,sustained,mean,23,CPU_REFERENCE,10,-0.10416666666666667,0.0,-1.4057424068688817,26.24101914393509,0.6360679576491037,-2375.0455580000003,True
50001,sustained,mean,23,SPLIT_REFERENCE,0,0.0,0.0,-0.73004667710984,-27.502421868527676,-0.15740327388844833,391.14833400000003,True
50001,sustained,mean,23,EFT_REFERENCE,0,0.0,0.0,0.515208711421991,-12.053841768340988,-0.03501492665391481,391.14833400000003,True
50001,sustained,mean,23,ENERGY_AP_REQUEST_V1,52,-0.4270833333333333,-0.11458333333333333,1.1115026772757517,-16.5103705134685,-0.09382942753765633,-3625.991304,True
50001,sustained,mean,23,MC_RL_01,0,0.0,0.0,-0.1494084890682359,-13.778889425959704,-0.09360157413520653,25.8416840000001,True
50001,sustained,mean,37,CPU_REFERENCE,10,-0.10416666666666667,0.0,-1.0821429330548256,25.60042956937889,0.43247849649475967,-2362.4353920000003,True
50001,sustained,mean,37,SPLIT_REFERENCE,0,0.0,0.0,-0.40644720329578377,-28.14301144308388,-0.3609927350427924,403.75849999999997,True
50001,sustained,mean,37,EFT_REFERENCE,0,0.0,0.0,0.8388081852360472,-12.69443134289719,-0.23860438780825888,403.75849999999997,True
50001,sustained,mean,37,ENERGY_AP_REQUEST_V1,52,-0.4270833333333333,-0.11458333333333333,1.4351021510898079,-17.150960088024704,-0.2974188886920004,-3613.381138,True
50001,sustained,mean,37,MC_RL_01,0,0.0,0.0,0.1741909847458203,-14.419479000515906,-0.2971910352895506,38.451850000000036,True
50001,sustained,short_context,11,CPU_REFERENCE,10,-0.10416666666666667,0.0,-2.235560906399172,43.342517235022314,0.727039206707726,-2529.2865540000003,True
50001,sustained,short_context,11,SPLIT_REFERENCE,0,0.0,0.0,-1.318187369552902,-9.077332303610092,-0.04257280073397851,0.0,True
50001,sustained,short_context,11,EFT_REFERENCE,0,0.0,0.0,-0.17217359775716545,5.809386682823629,0.0752419175154273,0.0,True
50001,sustained,short_context,11,ENERGY_AP_REQUEST_V1,46,-0.3645833333333333,-0.11458333333333333,0.14599712440693224,5.003109254633529,0.021743728508397453,-4015.511238,True
50001,sustained,short_context,11,MC_RL_01,0,0.0,0.0,-0.8059295010340293,5.181720934503915,0.024055400997376353,-378.92999599999996,True
50001,sustained,short_context,23,CPU_REFERENCE,10,-0.10416666666666667,0.0,-1.458744464505628,25.55025355781666,0.6156996060347488,-2138.13822,True
50001,sustained,short_context,23,SPLIT_REFERENCE,0,0.0,0.0,-0.5413709276593579,-26.869595980815745,-0.15391240140695572,391.148334,True
50001,sustained,short_context,23,EFT_REFERENCE,0,0.0,0.0,0.6046428441363787,-11.982876994382025,-0.03609768315754991,391.148334,True
50001,sustained,short_context,23,ENERGY_AP_REQUEST_V1,46,-0.3645833333333333,-0.11458333333333333,0.9228135663004764,-12.789154422572125,-0.08959587216457976,-3624.3629040000005,True
50001,sustained,short_context,23,MC_RL_01,0,0.0,0.0,-0.02911305914048512,-12.610542742701739,-0.08728419967560086,12.218338000000017,True
50001,sustained,short_context,37,CPU_REFERENCE,10,-0.10416666666666667,0.0,-1.150518324803386,24.91778851692507,0.4115694081146266,-2111.897178,True
50001,sustained,short_context,37,SPLIT_REFERENCE,0,0.0,0.0,-0.2331447879571158,-27.502061021707334,-0.35804259932707794,417.38937599999997,True
50001,sustained,short_context,37,EFT_REFERENCE,0,0.0,0.0,0.9128689838386208,-12.615342035273613,-0.24022788107767212,417.38937599999997,True
50001,sustained,short_context,37,ENERGY_AP_REQUEST_V1,46,-0.3645833333333333,-0.11458333333333333,1.2310397060027185,-13.421619463463713,-0.293726070084702,-3598.1218620000004,True
50001,sustained,short_context,37,MC_RL_01,0,0.0,0.0,0.279113080561757,-13.243007783593328,-0.2914143975957231,38.45938000000001,True
50001,sustained,long_context,11,CPU_REFERENCE,14,-0.14583333333333334,0.0,-1.970075556084339,45.45806976865731,0.7667915745532454,-2798.7990219999997,True
50001,sustained,long_context,11,SPLIT_REFERENCE,0,0.0,0.0,-1.537323056803416,-9.599704033067809,-0.04501197251167355,0.0,True
50001,sustained,long_context,11,EFT_REFERENCE,0,0.0,0.0,-0.17851299447386282,6.917308914953026,0.10000354816178714,0.0,True
50001,sustained,long_context,11,ENERGY_AP_REQUEST_V1,52,-0.4270833333333333,-0.11458333333333333,0.444831653115358,1.1425756590998049,0.017591854908459936,-4017.3751399999996,True
50001,sustained,long_context,11,MC_RL_01,0,0.0,0.0,-0.3944321756138436,5.788232118493454,0.022933207915777132,-394.969978,True
50001,sustained,long_context,23,CPU_REFERENCE,14,-0.14583333333333334,0.0,-1.392642812836982,27.643444822694903,0.6689401874941368,-2400.3711479999997,True
50001,sustained,long_context,23,SPLIT_REFERENCE,0,0.0,0.0,-0.959890313556059,-27.414328979030216,-0.14286335957078222,398.42787400000003,True
50001,sustained,long_context,23,EFT_REFERENCE,0,0.0,0.0,0.3989197487734941,-10.897316031009382,0.0021521611026784626,398.42787400000003,True
50001,sustained,long_context,23,ENERGY_AP_REQUEST_V1,52,-0.4270833333333333,-0.11458333333333333,1.022264396362715,-16.672049286862602,-0.08025953215064874,-3618.9472659999997,True
50001,sustained,long_context,23,MC_RL_01,0,0.0,0.0,0.18300056763351336,-12.026392827468953,-0.07491817914333154,3.457896000000005,True
50001,sustained,long_context,37,CPU_REFERENCE,14,-0.14583333333333334,0.0,-1.013010650291477,26.258160224541513,0.44739145640421896,-2400.346929,True
50001,sustained,long_context,37,SPLIT_REFERENCE,0,0.0,0.0,-0.580258151010554,-28.799613577183607,-0.3644120906607,398.45209300000005,True
50001,sustained,long_context,37,EFT_REFERENCE,0,0.0,0.0,0.7785519113189991,-12.282600629162772,-0.21939656998723933,398.45209300000005,True
50001,sustained,long_context,37,ENERGY_AP_REQUEST_V1,52,-0.4270833333333333,-0.11458333333333333,1.40189655890822,-18.057333885015993,-0.30180826324056653,-3618.9230469999998,True
50001,sustained,long_context,37,MC_RL_01,0,0.0,0.0,0.5626327301790184,-13.411677425622344,-0.29646691023324934,3.4821150000000216,True
50002,low,mean,11,CPU_REFERENCE,0,0.0,0.0,0.0,0.0,0.0,0.0,True
50002,low,mean,11,SPLIT_REFERENCE,0,0.0,0.0,-0.2855510426356318,-1.8238603164294602,-0.05784628214263776,-137.874704,True
50002,low,mean,11,EFT_REFERENCE,0,0.0,0.0,0.0,0.0,0.0,0.0,True
50002,low,mean,11,ENERGY_AP_REQUEST_V1,0,0.0,0.0,0.0,-0.03819916465616657,-0.00550168096648207,-1206.116555,True
50002,low,mean,11,MC_RL_01,0,0.0,0.0,0.0,-0.09597808845742506,0.0002565288619074124,-250.0,True
50002,low,mean,23,CPU_REFERENCE,0,0.0,0.0,0.0,0.0,0.0,0.0,True
50002,low,mean,23,SPLIT_REFERENCE,0,0.0,0.0,-0.2855510426356318,-1.8238603164294602,-0.05784628214263776,-137.874704,True
50002,low,mean,23,EFT_REFERENCE,0,0.0,0.0,0.0,0.0,0.0,0.0,True
50002,low,mean,23,ENERGY_AP_REQUEST_V1,0,0.0,0.0,0.0,-0.03819916465616657,-0.00550168096648207,-1206.116555,True
50002,low,mean,23,MC_RL_01,0,0.0,0.0,0.0,-0.09597808845742506,0.0002565288619074124,-250.0,True
50002,low,mean,37,CPU_REFERENCE,0,0.0,0.0,0.0,0.0,0.0,0.0,True
50002,low,mean,37,SPLIT_REFERENCE,0,0.0,0.0,-0.2855510426356318,-1.8238603164294602,-0.05784628214263776,-137.874704,True
50002,low,mean,37,EFT_REFERENCE,0,0.0,0.0,0.0,0.0,0.0,0.0,True
50002,low,mean,37,ENERGY_AP_REQUEST_V1,0,0.0,0.0,0.0,-0.03819916465616657,-0.00550168096648207,-1206.116555,True
50002,low,mean,37,MC_RL_01,0,0.0,0.0,0.0,-0.09597808845742506,0.0002565288619074124,-250.0,True
50002,low,short_context,11,CPU_REFERENCE,0,0.0,0.0,0.0,0.0,0.0,0.0,True
50002,low,short_context,11,SPLIT_REFERENCE,0,0.0,0.0,-0.26363747391056336,-1.7694227655170351,-0.05623558335179979,-130.42854999999997,True
50002,low,short_context,11,EFT_REFERENCE,0,0.0,0.0,0.0,0.0,0.0,0.0,True
50002,low,short_context,11,ENERGY_AP_REQUEST_V1,0,0.0,0.0,2.010295929721906e-09,-0.03884974874430469,-0.0055124688612906425,-1206.116555,True
50002,low,short_context,11,MC_RL_01,0,0.0,0.0,0.0,-0.09580854815052575,0.000314786587903626,-250.0,True
50002,low,short_context,23,CPU_REFERENCE,0,0.0,0.0,0.0,0.0,0.0,0.0,True
50002,low,short_context,23,SPLIT_REFERENCE,0,0.0,0.0,-0.26363747391056336,-1.7694227655170351,-0.05623558335179979,-130.42854999999997,True
50002,low,short_context,23,EFT_REFERENCE,0,0.0,0.0,0.0,0.0,0.0,0.0,True
50002,low,short_context,23,ENERGY_AP_REQUEST_V1,0,0.0,0.0,2.010295929721906e-09,-0.03884974874430469,-0.0055124688612906425,-1206.116555,True
50002,low,short_context,23,MC_RL_01,0,0.0,0.0,0.0,-0.09580854815052575,0.000314786587903626,-250.0,True
50002,low,short_context,37,CPU_REFERENCE,0,0.0,0.0,0.0,0.0,0.0,0.0,True
50002,low,short_context,37,SPLIT_REFERENCE,0,0.0,0.0,-0.26363747391056336,-1.7694227655170351,-0.05623558335179979,-130.42854999999997,True
50002,low,short_context,37,EFT_REFERENCE,0,0.0,0.0,0.0,0.0,0.0,0.0,True
50002,low,short_context,37,ENERGY_AP_REQUEST_V1,0,0.0,0.0,2.010295929721906e-09,-0.03884974874430469,-0.0055124688612906425,-1206.116555,True
50002,low,short_context,37,MC_RL_01,0,0.0,0.0,0.0,-0.09580854815052575,0.000314786587903626,-250.0,True
50002,low,long_context,11,CPU_REFERENCE,0,0.0,0.0,0.0,0.0,0.0,0.0,True
50002,low,long_context,11,SPLIT_REFERENCE,0,0.0,0.0,-0.3074646113606718,-1.878231836560797,-0.05945755243652329,-145.320858,True
50002,low,long_context,11,EFT_REFERENCE,0,0.0,0.0,0.0,0.0,0.0,0.0,True
50002,low,long_context,11,ENERGY_AP_REQUEST_V1,0,0.0,0.0,2.010295929721906e-09,-0.03756498117839158,-0.0054914664059211304,-1206.116555,True
50002,low,long_context,11,MC_RL_01,0,0.0,0.0,0.0,-0.09612042027124801,0.000201369669326823,-250.0,True
50002,low,long_context,23,CPU_REFERENCE,0,0.0,0.0,0.0,0.0,0.0,0.0,True
50002,low,long_context,23,SPLIT_REFERENCE,0,0.0,0.0,-0.3074646113606718,-1.878231836560797,-0.05945755243652329,-145.320858,True
50002,low,long_context,23,EFT_REFERENCE,0,0.0,0.0,0.0,0.0,0.0,0.0,True
50002,low,long_context,23,ENERGY_AP_REQUEST_V1,0,0.0,0.0,2.010295929721906e-09,-0.03756498117839158,-0.0054914664059211304,-1206.116555,True
50002,low,long_context,23,MC_RL_01,0,0.0,0.0,0.0,-0.09612042027124801,0.000201369669326823,-250.0,True
50002,low,long_context,37,CPU_REFERENCE,0,0.0,0.0,0.0,0.0,0.0,0.0,True
50002,low,long_context,37,SPLIT_REFERENCE,0,0.0,0.0,-0.3074646113606718,-1.878231836560797,-0.05945755243652329,-145.320858,True
50002,low,long_context,37,EFT_REFERENCE,0,0.0,0.0,0.0,0.0,0.0,0.0,True
50002,low,long_context,37,ENERGY_AP_REQUEST_V1,0,0.0,0.0,2.010295929721906e-09,-0.03756498117839158,-0.0054914664059211304,-1206.116555,True
50002,low,long_context,37,MC_RL_01,0,0.0,0.0,0.0,-0.09612042027124801,0.000201369669326823,-250.0,True
50002,queue,mean,11,CPU_REFERENCE,1,0.0,-0.05555555555555558,-0.12501061828103843,2.181063419878871,0.0856142379599305,-380.18461399999995,True
50002,queue,mean,11,SPLIT_REFERENCE,-1,0.0,0.05555555555555555,0.02465080848887169,-0.9666686147233463,-0.025961428168791656,-113.386166,True
50002,queue,mean,11,EFT_REFERENCE,0,0.0,0.0,-0.04324684929466116,0.6972538934435448,0.01789445764674724,0.0,True
50002,queue,mean,11,ENERGY_AP_REQUEST_V1,1,0.0,-0.05555555555555558,-0.04324684987909677,0.6465763377901368,0.034187342047296454,0.0,True
50002,queue,mean,11,MC_RL_01,0,0.0,0.0,0.04797678047597742,-0.2718108634150802,-0.010811491686972374,-113.386166,True
50002,queue,mean,23,CPU_REFERENCE,1,0.0,-0.05555555555555558,-0.12501061828103843,2.18648998290508,0.08579900167886834,-283.66921399999995,True
50002,queue,mean,23,SPLIT_REFERENCE,-1,0.0,0.05555555555555555,0.02465080848887169,-0.9612420516971376,-0.025776664449853826,-16.870766000000003,True
50002,queue,mean,23,EFT_REFERENCE,0,0.0,0.0,-0.04324684929466116,0.7026804564697535,0.018079221365685072,96.5154,True
50002,queue,mean,23,ENERGY_AP_REQUEST_V1,1,0.0,-0.05555555555555558,-0.04324684987909677,0.6520029008163455,0.034372105766234284,96.5154,True
50002,queue,mean,23,MC_RL_01,0,0.0,0.0,0.04797678047597742,-0.2663843003888715,-0.010626727968034544,-16.870766000000003,True
50002,queue,mean,37,CPU_REFERENCE,1,0.0,-0.05555555555555558,-0.12501061828103843,2.181063419878871,0.0856142379599305,-380.18461399999995,True
50002,queue,mean,37,SPLIT_REFERENCE,-1,0.0,0.05555555555555555,0.02465080848887169,-0.9666686147233463,-0.025961428168791656,-113.386166,True
50002,queue,mean,37,EFT_REFERENCE,0,0.0,0.0,-0.04324684929466116,0.6972538934435448,0.01789445764674724,0.0,True
50002,queue,mean,37,ENERGY_AP_REQUEST_V1,1,0.0,-0.05555555555555558,-0.04324684987909677,0.6465763377901368,0.034187342047296454,0.0,True
50002,queue,mean,37,MC_RL_01,0,0.0,0.0,0.04797678047597742,-0.2718108634150802,-0.010811491686972374,-113.386166,True
50002,queue,short_context,11,CPU_REFERENCE,1,0.0,-0.05555555555555558,-0.13458557737899923,2.1246119711737883,0.08163753565078835,-393.90787900000004,True
50002,queue,short_context,11,SPLIT_REFERENCE,-1,0.0,0.05555555555555555,0.02735222727497444,-0.9327762509437818,-0.024880424981358118,-105.66279500000002,True
50002,queue,short_context,11,EFT_REFERENCE,0,0.0,0.0,-0.0445975592720913,0.6786608945522907,0.01727575699154471,0.0,True
50002,queue,short_context,11,ENERGY_AP_REQUEST_V1,1,0.0,-0.05555555555555558,-0.04459755940058585,0.6231457993883538,0.03279292006368095,0.0,True
50002,queue,short_context,11,MC_RL_01,0,0.0,0.0,0.0438046590786314,-0.2587169138253351,-0.010860630632688384,-105.66279500000002,True
50002,queue,short_context,23,CPU_REFERENCE,1,0.0,-0.05555555555555558,-0.13458557737899923,2.1298914471838195,0.0818175860547612,-289.669108,True
50002,queue,short_context,23,SPLIT_REFERENCE,-1,0.0,0.05555555555555555,0.02735222727497444,-0.9274967749337506,-0.024700374577385276,-1.4240239999999744,True
50002,queue,short_context,23,EFT_REFERENCE,0,0.0,0.0,-0.0445975592720913,0.6839403705623219,0.017455807395517553,104.23877100000004,True
50002,queue,short_context,23,ENERGY_AP_REQUEST_V1,1,0.0,-0.05555555555555558,-0.04459755940058585,0.628425275398385,0.032972970467653795,104.23877100000004,True
50002,queue,short_context,23,MC_RL_01,0,0.0,0.0,0.0438046590786314,-0.2534374378153039,-0.010680580228715542,-1.4240239999999744,True
50002,queue,short_context,37,CPU_REFERENCE,1,0.0,-0.05555555555555558,-0.13458557737899923,2.1246119711737883,0.08163753565078835,-393.90787900000004,True
50002,queue,short_context,37,SPLIT_REFERENCE,-1,0.0,0.05555555555555555,0.02735222727497444,-0.9327762509437818,-0.024880424981358118,-105.66279500000002,True
50002,queue,short_context,37,EFT_REFERENCE,0,0.0,0.0,-0.0445975592720913,0.6786608945522907,0.01727575699154471,0.0,True
50002,queue,short_context,37,ENERGY_AP_REQUEST_V1,1,0.0,-0.05555555555555558,-0.04459755940058585,0.6231457993883538,0.03279292006368095,0.0,True
50002,queue,short_context,37,MC_RL_01,0,0.0,0.0,0.0438046590786314,-0.2587169138253351,-0.010860630632688384,-105.66279500000002,True
50002,queue,long_context,11,CPU_REFERENCE,1,0.0,-0.05555555555555558,-0.1154127239250613,2.2374494072064905,0.08950994906814813,-366.384383,True
50002,queue,long_context,11,SPLIT_REFERENCE,-1,0.0,0.05555555555555555,0.02194939000619911,-1.0005826417143027,-0.027044171880074686,-121.10953699999999,True
50002,queue,long_context,11,EFT_REFERENCE,0,0.0,0.0,-0.03162044353740612,1.1507158262510586,0.03372448938193884,7.842240000000004,True
50002,queue,long_context,11,ENERGY_AP_REQUEST_V1,1,0.0,-0.05555555555555558,-0.03162044353740612,1.084391023329939,0.04972172052001156,7.842240000000004,True
50002,queue,long_context,11,MC_RL_01,0,0.0,0.0,0.052171837388300446,-0.2850035986132582,-0.010760472517528541,-121.10953699999999,True
50002,queue,long_context,23,CPU_REFERENCE,1,0.0,-0.05555555555555558,-0.1154127239250613,2.2430144507518825,0.08969942777438078,-277.59235400000006,True
50002,queue,long_context,23,SPLIT_REFERENCE,-1,0.0,0.05555555555555555,0.02194939000619911,-0.9950175981689107,-0.026854693173842037,-32.31750800000003,True
50002,queue,long_context,23,EFT_REFERENCE,0,0.0,0.0,-0.03162044353740612,1.1562808697964506,0.03391396808817149,96.63426899999996,True
50002,queue,long_context,23,ENERGY_AP_REQUEST_V1,1,0.0,-0.05555555555555558,-0.03162044353740612,1.089956066875331,0.04991119922624421,96.63426899999996,True
50002,queue,long_context,23,MC_RL_01,0,0.0,0.0,0.052171837388300446,-0.2794385550678662,-0.010570993811295892,-32.31750800000003,True
50002,queue,long_context,37,CPU_REFERENCE,1,0.0,-0.05555555555555558,-0.1154127239250613,2.2374494072064905,0.08950994906814813,-366.384383,True
50002,queue,long_context,37,SPLIT_REFERENCE,-1,0.0,0.05555555555555555,0.02194939000619911,-1.0005826417143027,-0.027044171880074686,-121.10953699999999,True
50002,queue,long_context,37,EFT_REFERENCE,0,0.0,0.0,-0.03162044353740612,1.1507158262510586,0.03372448938193884,7.842240000000004,True
50002,queue,long_context,37,ENERGY_AP_REQUEST_V1,1,0.0,-0.05555555555555558,-0.03162044353740612,1.084391023329939,0.04972172052001156,7.842240000000004,True
50002,queue,long_context,37,MC_RL_01,0,0.0,0.0,0.052171837388300446,-0.2850035986132582,-0.010760472517528541,-121.10953699999999,True
50002,burst,mean,11,CPU_REFERENCE,3,0.0,-0.16666666666666666,-0.25948109810562414,3.8946642704177776,0.1408816071678345,-201.74186800000007,True
50002,burst,mean,11,SPLIT_REFERENCE,0,0.0,0.0,0.0,0.0,0.0,0.0,True
50002,burst,mean,11,EFT_REFERENCE,1,0.0,-0.05555555555555555,-0.04324684987909677,0.7109007846148288,0.04039869396995144,0.0,True
50002,burst,mean,11,ENERGY_AP_REQUEST_V1,3,0.0,-0.16666666666666666,-0.12974054905282628,2.0894291723738405,0.06663329225358083,228.50634799999995,True
50002,burst,mean,11,MC_RL_01,2,0.0,-0.1111111111111111,-0.11664262330018005,0.9187377221280499,0.027015211863407274,137.87470399999995,True
50002,burst,mean,23,CPU_REFERENCE,3,0.0,-0.16666666666666666,-0.25948109810562414,3.8946642704177776,0.1408816071678345,-201.74186800000007,True
50002,burst,mean,23,SPLIT_REFERENCE,0,0.0,0.0,0.0,0.0,0.0,0.0,True
50002,burst,mean,23,EFT_REFERENCE,1,0.0,-0.05555555555555555,-0.04324684987909677,0.7109007846148288,0.04039869396995144,0.0,True
50002,burst,mean,23,ENERGY_AP_REQUEST_V1,3,0.0,-0.16666666666666666,-0.12974054905282628,2.0894291723738405,0.06663329225358083,228.50634799999995,True
50002,burst,mean,23,MC_RL_01,2,0.0,-0.1111111111111111,-0.11664262330018005,0.9187377221280499,0.027015211863407274,137.87470399999995,True
50002,burst,mean,37,CPU_REFERENCE,3,0.0,-0.16666666666666666,-0.25948109810562414,3.8946642704177776,0.1408816071678345,-201.74186800000007,True
50002,burst,mean,37,SPLIT_REFERENCE,0,0.0,0.0,0.0,0.0,0.0,0.0,True
50002,burst,mean,37,EFT_REFERENCE,1,0.0,-0.05555555555555555,-0.04324684987909677,0.7109007846148288,0.04039869396995144,0.0,True
50002,burst,mean,37,ENERGY_AP_REQUEST_V1,3,0.0,-0.16666666666666666,-0.12974054905282628,2.0894291723738405,0.06663329225358083,228.50634799999995,True
50002,burst,mean,37,MC_RL_01,2,0.0,-0.1111111111111111,-0.11664262330018005,0.9187377221280499,0.027015211863407274,137.87470399999995,True
50002,burst,short_context,11,CPU_REFERENCE,3,0.0,-0.16666666666666666,-0.2675853544638187,3.7849278899664256,0.1370894046758906,-211.84948100000003,True
50002,burst,short_context,11,SPLIT_REFERENCE,0,0.0,0.0,0.0,0.0,0.0,0.0,True
50002,burst,short_context,11,EFT_REFERENCE,1,0.0,-0.05555555555555555,-0.044597559272119724,0.6931460355115462,0.040660879109395864,0.0,True
50002,burst,short_context,11,ENERGY_AP_REQUEST_V1,3,0.0,-0.16666666666666666,-0.13379267723189514,2.0318042584962512,0.06604768315582277,220.78297700000002,True
50002,burst,short_context,11,MC_RL_01,2,0.0,-0.1111111111111111,-0.11676923877971035,0.893103253248011,0.02781328238534897,130.42854999999997,True
50002,burst,short_context,23,CPU_REFERENCE,3,0.0,-0.16666666666666666,-0.2675853544638187,3.7849278899664256,0.1370894046758906,-211.84948100000003,True
50002,burst,short_context,23,SPLIT_REFERENCE,0,0.0,0.0,0.0,0.0,0.0,0.0,True
50002,burst,short_context,23,EFT_REFERENCE,1,0.0,-0.05555555555555555,-0.044597559272119724,0.6931460355115462,0.040660879109395864,0.0,True
50002,burst,short_context,23,ENERGY_AP_REQUEST_V1,3,0.0,-0.16666666666666666,-0.13379267723189514,2.0318042584962512,0.06604768315582277,220.78297700000002,True
50002,burst,short_context,23,MC_RL_01,2,0.0,-0.1111111111111111,-0.11676923877971035,0.893103253248011,0.02781328238534897,130.42854999999997,True
50002,burst,short_context,37,CPU_REFERENCE,3,0.0,-0.16666666666666666,-0.2675853544638187,3.7849278899664256,0.1370894046758906,-211.84948100000003,True
50002,burst,short_context,37,SPLIT_REFERENCE,0,0.0,0.0,0.0,0.0,0.0,0.0,True
50002,burst,short_context,37,EFT_REFERENCE,1,0.0,-0.05555555555555555,-0.044597559272119724,0.6931460355115462,0.040660879109395864,0.0,True
50002,burst,short_context,37,ENERGY_AP_REQUEST_V1,3,0.0,-0.16666666666666666,-0.13379267723189514,2.0318042584962512,0.06604768315582277,220.78297700000002,True
50002,burst,short_context,37,MC_RL_01,2,0.0,-0.1111111111111111,-0.11676923877971035,0.893103253248011,0.02781328238534897,130.42854999999997,True
50002,burst,long_context,11,CPU_REFERENCE,3,0.0,-0.16666666666666666,-0.2497708445136766,3.999904911560421,0.14405237830859008,-191.364871,True
50002,burst,long_context,11,SPLIT_REFERENCE,0,0.0,0.0,0.0,0.0,0.0,0.0,True
50002,burst,long_context,11,EFT_REFERENCE,0,0.0,0.0,0.0,0.0,0.0,0.0,True
50002,burst,long_context,11,ENERGY_AP_REQUEST_V1,3,0.0,-0.16666666666666666,-0.12568842082731635,2.1469472945325947,0.06682250975916304,236.229719,True
50002,burst,long_context,11,MC_RL_01,3,0.0,-0.16666666666666666,-0.11496734998652869,0.9401519340491227,0.02567998054312426,145.320858,True
50002,burst,long_context,23,CPU_REFERENCE,3,0.0,-0.16666666666666666,-0.2497708445136766,3.999904911560421,0.14405237830859008,-191.364871,True
50002,burst,long_context,23,SPLIT_REFERENCE,0,0.0,0.0,0.0,0.0,0.0,0.0,True
50002,burst,long_context,23,EFT_REFERENCE,0,0.0,0.0,0.0,0.0,0.0,0.0,True
50002,burst,long_context,23,ENERGY_AP_REQUEST_V1,3,0.0,-0.16666666666666666,-0.12568842082731635,2.1469472945325947,0.06682250975916304,236.229719,True
50002,burst,long_context,23,MC_RL_01,3,0.0,-0.16666666666666666,-0.11496734998652869,0.9401519340491227,0.02567998054312426,145.320858,True
50002,burst,long_context,37,CPU_REFERENCE,3,0.0,-0.16666666666666666,-0.2497708445136766,3.999904911560421,0.14405237830859008,-191.364871,True
50002,burst,long_context,37,SPLIT_REFERENCE,0,0.0,0.0,0.0,0.0,0.0,0.0,True
50002,burst,long_context,37,EFT_REFERENCE,0,0.0,0.0,0.0,0.0,0.0,0.0,True
50002,burst,long_context,37,ENERGY_AP_REQUEST_V1,3,0.0,-0.16666666666666666,-0.12568842082731635,2.1469472945325947,0.06682250975916304,236.229719,True
50002,burst,long_context,37,MC_RL_01,3,0.0,-0.16666666666666666,-0.11496734998652869,0.9401519340491227,0.02567998054312426,145.320858,True
50002,sustained,mean,11,CPU_REFERENCE,0,0.0,0.0,-2.205602832627136,45.67625513239753,0.6847029201623727,-396.0665589999999,True
50002,sustained,mean,11,SPLIT_REFERENCE,0,0.0,0.0,-1.380163372738906,-9.268338828687632,-0.08461753842372843,0.0,True
50002,sustained,mean,11,EFT_REFERENCE,0,0.0,0.0,-0.6590553684432336,15.188313171484452,0.21280223826564537,0.0,True
50002,sustained,mean,11,ENERGY_AP_REQUEST_V1,10,-0.10416666666666667,0.0,0.3604948571604041,1.7614950608126207,0.004148437164914753,-2753.518834,True
50002,sustained,mean,11,MC_RL_01,0,0.0,0.0,-0.693692786836209,1.0293987062417216,-0.04964901718194881,-411.002503,True
50002,sustained,mean,23,CPU_REFERENCE,0,0.0,0.0,-1.3259891421051577,23.63318772641,0.42297501888849354,11.588346000000001,True
50002,sustained,mean,23,SPLIT_REFERENCE,0,0.0,0.0,-0.5005496822169277,-31.31140623467516,-0.34634543969760756,407.6549049999999,True
50002,sustained,mean,23,EFT_REFERENCE,0,0.0,0.0,0.2205583220787446,-6.854754234503076,-0.048925663008233755,407.6549049999999,True
50002,sustained,mean,23,ENERGY_AP_REQUEST_V1,10,-0.10416666666666667,0.0,1.2401085476823823,-20.281572345174908,-0.2575794641089644,-2345.863929,True
50002,sustained,mean,23,MC_RL_01,0,0.0,0.0,0.1859209036857692,-21.013668699745807,-0.31137691845582793,-3.347598000000062,True
50002,sustained,mean,37,CPU_REFERENCE,0,0.0,0.0,-1.247160982228877,25.456499276195927,0.3156783432201067,-6.768642999999997,True
50002,sustained,mean,37,SPLIT_REFERENCE,0,0.0,0.0,-0.42172152234064697,-29.488094684889234,-0.4536421153659944,389.29791599999993,True
50002,sustained,mean,37,EFT_REFERENCE,0,0.0,0.0,0.2993864819550254,-5.031442684717149,-0.1562223386766206,389.29791599999993,True
50002,sustained,mean,37,ENERGY_AP_REQUEST_V1,10,-0.10416666666666667,0.0,1.318936707558663,-18.45826079538898,-0.3648761397773512,-2364.220918,True
50002,sustained,mean,37,MC_RL_01,0,0.0,0.0,0.26474906356204997,-19.19035714995988,-0.4186735941242148,-21.70458700000006,True
50002,sustained,short_context,11,CPU_REFERENCE,0,0.0,0.0,-2.3516259685686123,44.63818495239002,0.6725717226886196,-428.85922300000004,True
50002,sustained,short_context,11,SPLIT_REFERENCE,0,0.0,0.0,-1.2742477905678413,-9.011452230839438,-0.08272588752102905,0.0,True
50002,sustained,short_context,11,EFT_REFERENCE,0,0.0,0.0,-0.7208899927549339,14.881377320897911,0.20944269979879238,0.0,True
50002,sustained,short_context,11,ENERGY_AP_REQUEST_V1,10,-0.10416666666666667,0.0,0.3311975736698116,1.140645881893306,-0.014831184716307177,-2670.0447169999998,True
50002,sustained,short_context,11,MC_RL_01,0,0.0,0.0,-0.7212859642118019,0.7236404271849324,-0.04798269514469666,-409.80747800000006,True
50002,sustained,short_context,23,CPU_REFERENCE,0,0.0,0.0,-1.372579757020162,23.012367530778903,0.41576348777652683,-21.204318000000058,True
50002,sustained,short_context,23,SPLIT_REFERENCE,0,0.0,0.0,-0.29520157901939115,-30.637269652450556,-0.33953412243312187,407.654905,True
50002,sustained,short_context,23,EFT_REFERENCE,0,0.0,0.0,0.25815621879351625,-6.744440100713206,-0.04736553511330044,407.654905,True
50002,sustained,short_context,23,ENERGY_AP_REQUEST_V1,10,-0.10416666666666667,0.0,1.3102437852182618,-20.48517153971781,-0.2716394196284,-2262.389812,True
50002,sustained,short_context,23,MC_RL_01,0,0.0,0.0,0.25776024733664826,-20.902176994426185,-0.3047909300567895,-2.152573000000075,True
50002,sustained,short_context,37,CPU_REFERENCE,0,0.0,0.0,-1.323095864860477,24.858643075260204,0.3080688211647562,-39.741085,True
50002,sustained,short_context,37,SPLIT_REFERENCE,0,0.0,0.0,-0.24571768685970596,-28.790994107969254,-0.4472287890448925,389.11813800000004,True
50002,sustained,short_context,37,EFT_REFERENCE,0,0.0,0.0,0.30764011095320143,-4.8981645562319045,-0.15506020172507107,389.11813800000004,True
50002,sustained,short_context,37,ENERGY_AP_REQUEST_V1,10,-0.10416666666666667,0.0,1.359727677377947,-18.63889599523651,-0.3793340862401706,-2280.926579,True
50002,sustained,short_context,37,MC_RL_01,0,0.0,0.0,0.30724413949633345,-19.055901449944884,-0.4124855966685601,-20.689340000000016,True
50002,sustained,long_context,11,CPU_REFERENCE,0,0.0,0.0,-2.0574840637381158,46.6942705258503,0.6976963615572913,-407.145106,True
50002,sustained,long_context,11,SPLIT_REFERENCE,0,0.0,0.0,-1.4860789549099422,-9.525316574222558,-0.08614776444440508,0.0,True
50002,sustained,long_context,11,EFT_REFERENCE,0,0.0,0.0,-0.6105277800180033,16.12737355257414,0.22841077227707984,0.0,True
50002,sustained,long_context,11,ENERGY_AP_REQUEST_V1,10,-0.10416666666666667,0.0,0.42725331713569403,2.1700810590603794,0.016433516711074958,-2764.473184,True
50002,sustained,long_context,11,MC_RL_01,0,0.0,0.0,-0.758210358291052,-0.4955833289260738,-0.0587353689015373,-413.398794,True
50002,sustained,long_context,23,CPU_REFERENCE,0,0.0,0.0,-1.3077060915386198,24.386288415726455,0.43096856670427997,0.4022449999999935,True
50002,sustained,long_context,23,SPLIT_REFERENCE,0,0.0,0.0,-0.7363009827104463,-31.833298684346403,-0.35287555929741643,407.547351,True
50002,sustained,long_context,23,EFT_REFERENCE,0,0.0,0.0,0.1392501921814926,-6.180608557549704,-0.0383170225759315,407.547351,True
50002,sustained,long_context,23,ENERGY_AP_REQUEST_V1,10,-0.10416666666666667,0.0,1.17703128933519,-20.137901051063466,-0.2502942781419364,-2356.9258330000002,True
50002,sustained,long_context,23,MC_RL_01,0,0.0,0.0,-0.008432386091556054,-22.80356543904992,-0.32546316375454865,-5.8514430000000175,True
50002,sustained,long_context,37,CPU_REFERENCE,0,0.0,0.0,-1.1693942323563533,26.027743459055188,0.32380926124496767,-21.286608,True
50002,sustained,long_context,37,SPLIT_REFERENCE,0,0.0,0.0,-0.5979891235281798,-30.19184364101767,-0.4600348647567287,385.858498,True
50002,sustained,long_context,37,EFT_REFERENCE,0,0.0,0.0,0.2775620513637591,-4.5391535142209705,-0.1454763280352438,385.858498,True
50002,sustained,long_context,37,ENERGY_AP_REQUEST_V1,10,-0.10416666666666667,0.0,1.3153431485174565,-18.496446007734733,-0.3574535836012487,-2378.614686,True
50002,sustained,long_context,37,MC_RL_01,0,0.0,0.0,0.12987947309071046,-21.162110395721186,-0.43262246921386094,-27.540296000000012,True
50003,low,mean,11,CPU_REFERENCE,0,0.0,0.0,0.0,0.0,0.0,0.0,True
50003,low,mean,11,SPLIT_REFERENCE,0,0.0,0.0,-0.2855510426356318,-1.7096520376440765,-0.042128102737102324,-137.874704,True
50003,low,mean,11,EFT_REFERENCE,0,0.0,0.0,0.0,0.0,0.0,0.0,True
50003,low,mean,11,ENERGY_AP_REQUEST_V1,0,0.0,0.0,1.2973373486602213e-09,-0.08388811668281093,-0.005174128187167781,-1158.5884999999998,True
50003,low,mean,11,MC_RL_01,0,0.0,0.0,0.0,-0.06785915917670948,-0.0042580680697632545,-250.0,True
50003,low,mean,23,CPU_REFERENCE,0,0.0,0.0,0.0,0.0,0.0,0.0,True
50003,low,mean,23,SPLIT_REFERENCE,0,0.0,0.0,-0.2855510426356318,-1.7096520376440765,-0.042128102737102324,-137.874704,True
50003,low,mean,23,EFT_REFERENCE,0,0.0,0.0,0.0,0.0,0.0,0.0,True
50003,low,mean,23,ENERGY_AP_REQUEST_V1,0,0.0,0.0,1.2973373486602213e-09,-0.08388811668281093,-0.005174128187167781,-1158.5884999999998,True
50003,low,mean,23,MC_RL_01,0,0.0,0.0,0.0,-0.06785915917670948,-0.0042580680697632545,-250.0,True
50003,low,mean,37,CPU_REFERENCE,0,0.0,0.0,0.0,0.0,0.0,0.0,True
50003,low,mean,37,SPLIT_REFERENCE,0,0.0,0.0,-0.2855510426356318,-1.7096520376440765,-0.042128102737102324,-137.874704,True
50003,low,mean,37,EFT_REFERENCE,0,0.0,0.0,0.0,0.0,0.0,0.0,True
50003,low,mean,37,ENERGY_AP_REQUEST_V1,0,0.0,0.0,1.2973373486602213e-09,-0.08388811668281093,-0.005174128187167781,-1158.5884999999998,True
50003,low,mean,37,MC_RL_01,0,0.0,0.0,0.0,-0.06785915917670948,-0.0042580680697632545,-250.0,True
50003,low,short_context,11,CPU_REFERENCE,0,0.0,0.0,0.0,0.0,0.0,0.0,True
50003,low,short_context,11,SPLIT_REFERENCE,0,0.0,0.0,-0.2636374739105918,-1.660973747197648,-0.04095506824594253,-130.42854999999997,True
50003,low,short_context,11,EFT_REFERENCE,0,0.0,0.0,0.0,0.0,0.0,0.0,True
50003,low,short_context,11,ENERGY_AP_REQUEST_V1,0,0.0,0.0,1.881772959677619e-09,-0.08457559901151157,-0.005181728493276694,-1157.86537,True
50003,low,short_context,11,MC_RL_01,0,0.0,0.0,0.0,-0.06774688491623593,-0.0042530781831153774,-250.0,True
50003,low,short_context,23,CPU_REFERENCE,0,0.0,0.0,0.0,0.0,0.0,0.0,True
50003,low,short_context,23,SPLIT_REFERENCE,0,0.0,0.0,-0.2636374739105918,-1.660973747197648,-0.04095506824594253,-130.42854999999997,True
50003,low,short_context,23,EFT_REFERENCE,0,0.0,0.0,0.0,0.0,0.0,0.0,True
50003,low,short_context,23,ENERGY_AP_REQUEST_V1,0,0.0,0.0,1.881772959677619e-09,-0.08457559901151157,-0.005181728493276694,-1157.86537,True
50003,low,short_context,23,MC_RL_01,0,0.0,0.0,0.0,-0.06774688491623593,-0.0042530781831153774,-250.0,True
50003,low,short_context,37,CPU_REFERENCE,0,0.0,0.0,0.0,0.0,0.0,0.0,True
50003,low,short_context,37,SPLIT_REFERENCE,0,0.0,0.0,-0.2636374739105918,-1.660973747197648,-0.04095506824594253,-130.42854999999997,True
50003,low,short_context,37,EFT_REFERENCE,0,0.0,0.0,0.0,0.0,0.0,0.0,True
50003,low,short_context,37,ENERGY_AP_REQUEST_V1,0,0.0,0.0,1.881772959677619e-09,-0.08457559901151157,-0.005181728493276694,-1157.86537,True
50003,low,short_context,37,MC_RL_01,0,0.0,0.0,0.0,-0.06774688491623593,-0.0042530781831153774,-250.0,True
50003,low,long_context,11,CPU_REFERENCE,0,0.0,0.0,0.0,0.0,0.0,0.0,True
50003,low,long_context,11,SPLIT_REFERENCE,0,0.0,0.0,-0.30746461136070025,-1.7582945039734739,-0.04330155344067066,-145.320858,True
50003,low,long_context,11,EFT_REFERENCE,0,0.0,0.0,0.0,0.0,0.0,0.0,True
50003,low,long_context,11,ENERGY_AP_REQUEST_V1,0,0.0,0.0,1.1688428003253648e-09,-0.08323743768988834,-0.00516693911116306,-1159.2731469999999,True
50003,low,long_context,11,MC_RL_01,0,0.0,0.0,0.0,-0.0679654619442367,-0.004262792561029016,-250.0,True
50003,low,long_context,23,CPU_REFERENCE,0,0.0,0.0,0.0,0.0,0.0,0.0,True
50003,low,long_context,23,SPLIT_REFERENCE,0,0.0,0.0,-0.30746461136070025,-1.7582945039734739,-0.04330155344067066,-145.320858,True
50003,low,long_context,23,EFT_REFERENCE,0,0.0,0.0,0.0,0.0,0.0,0.0,True
50003,low,long_context,23,ENERGY_AP_REQUEST_V1,0,0.0,0.0,1.1688428003253648e-09,-0.08323743768988834,-0.00516693911116306,-1159.2731469999999,True
50003,low,long_context,23,MC_RL_01,0,0.0,0.0,0.0,-0.0679654619442367,-0.004262792561029016,-250.0,True
50003,low,long_context,37,CPU_REFERENCE,0,0.0,0.0,0.0,0.0,0.0,0.0,True
50003,low,long_context,37,SPLIT_REFERENCE,0,0.0,0.0,-0.30746461136070025,-1.7582945039734739,-0.04330155344067066,-145.320858,True
50003,low,long_context,37,EFT_REFERENCE,0,0.0,0.0,0.0,0.0,0.0,0.0,True
50003,low,long_context,37,ENERGY_AP_REQUEST_V1,0,0.0,0.0,1.1688428003253648e-09,-0.08323743768988834,-0.00516693911116306,-1159.2731469999999,True
50003,low,long_context,37,MC_RL_01,0,0.0,0.0,0.0,-0.0679654619442367,-0.004262792561029016,-250.0,True
50003,queue,mean,11,CPU_REFERENCE,2,0.0,-0.11111111111111113,-0.21623424893945753,3.156442710956469,0.10543544917286596,-465.801889,True
50003,queue,mean,11,SPLIT_REFERENCE,0,0.0,0.0,-0.017653427633462115,-0.3820866786774495,-0.0123752599742879,0.0,True
50003,queue,mean,11,EFT_REFERENCE,1,0.0,-0.05555555555555555,-0.08649369988665967,1.2741182980615022,0.03011485137590242,0.0,True
50003,queue,mean,11,ENERGY_AP_REQUEST_V1,1,0.0,-0.05555555555555555,-0.08649369988665967,1.2741182980615022,0.03011485137590242,0.0,True
50003,queue,mean,11,MC_RL_01,2,0.0,-0.11111111111111113,-0.0731502108344273,0.0341417635441168,-0.0025529214450479287,0.0,True
50003,queue,mean,23,CPU_REFERENCE,2,0.0,-0.11111111111111113,-0.21623424893945753,3.156442710956469,0.10543544917286596,-465.801889,True
50003,queue,mean,23,SPLIT_REFERENCE,0,0.0,0.0,-0.017653427633462115,-0.3820866786774495,-0.0123752599742879,0.0,True
50003,queue,mean,23,EFT_REFERENCE,1,0.0,-0.05555555555555555,-0.08649369988665967,1.2741182980615022,0.03011485137590242,0.0,True
50003,queue,mean,23,ENERGY_AP_REQUEST_V1,1,0.0,-0.05555555555555555,-0.08649369988665967,1.2741182980615022,0.03011485137590242,0.0,True
50003,queue,mean,23,MC_RL_01,2,0.0,-0.11111111111111113,-0.0731502108344273,0.0341417635441168,-0.0025529214450479287,0.0,True
50003,queue,mean,37,CPU_REFERENCE,2,0.0,-0.11111111111111113,-0.21623424893945753,3.156442710956469,0.10543544917286596,-465.801889,True
50003,queue,mean,37,SPLIT_REFERENCE,0,0.0,0.0,-0.017653427633462115,-0.3820866786774495,-0.0123752599742879,0.0,True
50003,queue,mean,37,EFT_REFERENCE,1,0.0,-0.05555555555555555,-0.08649369988665967,1.2741182980615022,0.03011485137590242,0.0,True
50003,queue,mean,37,ENERGY_AP_REQUEST_V1,1,0.0,-0.05555555555555555,-0.08649369988665967,1.2741182980615022,0.03011485137590242,0.0,True
50003,queue,mean,37,MC_RL_01,2,0.0,-0.11111111111111113,-0.0731502108344273,0.0341417635441168,-0.0025529214450479287,0.0,True
50003,queue,short_context,11,CPU_REFERENCE,2,0.0,-0.11111111111111113,-0.2229877957761346,3.0650209036165705,0.10089276812694337,-469.632392,True
50003,queue,short_context,11,SPLIT_REFERENCE,0,0.0,0.0,-0.01630271824041074,-0.3659520829322247,-0.011854062763877238,0.0,True
50003,queue,short_context,11,EFT_REFERENCE,1,0.0,-0.05555555555555555,-0.08919511795980384,1.23657040450448,0.028972597676293788,0.0,True
50003,queue,short_context,11,ENERGY_AP_REQUEST_V1,1,0.0,-0.05555555555555555,-0.08919511795980384,1.23657040450448,0.028972597676293788,0.0,True
50003,queue,short_context,11,MC_RL_01,2,0.0,-0.11111111111111113,-0.07136225242857108,0.025452471088893702,-0.0048251749537868704,0.0,True
50003,queue,short_context,23,CPU_REFERENCE,2,0.0,-0.11111111111111113,-0.2229877957761346,3.0650209036165705,0.10089276812694337,-469.632392,True
50003,queue,short_context,23,SPLIT_REFERENCE,0,0.0,0.0,-0.01630271824041074,-0.3659520829322247,-0.011854062763877238,0.0,True
50003,queue,short_context,23,EFT_REFERENCE,1,0.0,-0.05555555555555555,-0.08919511795980384,1.23657040450448,0.028972597676293788,0.0,True
50003,queue,short_context,23,ENERGY_AP_REQUEST_V1,1,0.0,-0.05555555555555555,-0.08919511795980384,1.23657040450448,0.028972597676293788,0.0,True
50003,queue,short_context,23,MC_RL_01,2,0.0,-0.11111111111111113,-0.07136225242857108,0.025452471088893702,-0.0048251749537868704,0.0,True
50003,queue,short_context,37,CPU_REFERENCE,2,0.0,-0.11111111111111113,-0.2229877957761346,3.0650209036165705,0.10089276812694337,-469.632392,True
50003,queue,short_context,37,SPLIT_REFERENCE,0,0.0,0.0,-0.01630271824041074,-0.3659520829322247,-0.011854062763877238,0.0,True
50003,queue,short_context,37,EFT_REFERENCE,1,0.0,-0.05555555555555555,-0.08919511795980384,1.23657040450448,0.028972597676293788,0.0,True
50003,queue,short_context,37,ENERGY_AP_REQUEST_V1,1,0.0,-0.05555555555555555,-0.08919511795980384,1.23657040450448,0.028972597676293788,0.0,True
50003,queue,short_context,37,MC_RL_01,2,0.0,-0.11111111111111113,-0.07136225242857108,0.025452471088893702,-0.0048251749537868704,0.0,True
50003,queue,long_context,11,CPU_REFERENCE,2,0.0,-0.11111111111111113,-0.20948070126135576,3.247878767114493,0.10989556318765281,-461.77897,True
50003,queue,long_context,11,SPLIT_REFERENCE,0,0.0,0.0,-0.01900413702648507,-0.39837991212471735,-0.012896642114231582,0.0,True
50003,queue,long_context,11,EFT_REFERENCE,1,0.0,-0.05555555555555555,-0.08379228038765518,1.311733901286054,0.03125863573581,0.0,True
50003,queue,long_context,11,ENERGY_AP_REQUEST_V1,1,0.0,-0.05555555555555555,-0.08379228038765518,1.311733901286054,0.03125863573581,0.0,True
50003,queue,long_context,11,MC_RL_01,2,0.0,-0.11111111111111113,-0.07496110486678731,0.04272342640160076,-0.00035464275901020414,0.0,True
50003,queue,long_context,23,CPU_REFERENCE,2,0.0,-0.11111111111111113,-0.20948070126135576,3.247878767114493,0.10989556318765281,-461.77897,True
50003,queue,long_context,23,SPLIT_REFERENCE,0,0.0,0.0,-0.01900413702648507,-0.39837991212471735,-0.012896642114231582,0.0,True
50003,queue,long_context,23,EFT_REFERENCE,1,0.0,-0.05555555555555555,-0.08379228038765518,1.311733901286054,0.03125863573581,0.0,True
50003,queue,long_context,23,ENERGY_AP_REQUEST_V1,1,0.0,-0.05555555555555555,-0.08379228038765518,1.311733901286054,0.03125863573581,0.0,True
50003,queue,long_context,23,MC_RL_01,2,0.0,-0.11111111111111113,-0.07496110486678731,0.04272342640160076,-0.00035464275901020414,0.0,True
50003,queue,long_context,37,CPU_REFERENCE,2,0.0,-0.11111111111111113,-0.20948070126135576,3.247878767114493,0.10989556318765281,-461.77897,True
50003,queue,long_context,37,SPLIT_REFERENCE,0,0.0,0.0,-0.01900413702648507,-0.39837991212471735,-0.012896642114231582,0.0,True
50003,queue,long_context,37,EFT_REFERENCE,1,0.0,-0.05555555555555555,-0.08379228038765518,1.311733901286054,0.03125863573581,0.0,True
50003,queue,long_context,37,ENERGY_AP_REQUEST_V1,1,0.0,-0.05555555555555555,-0.08379228038765518,1.311733901286054,0.03125863573581,0.0,True
50003,queue,long_context,37,MC_RL_01,2,0.0,-0.11111111111111113,-0.07496110486678731,0.04272342640160076,-0.00035464275901020414,0.0,True
50003,burst,mean,11,CPU_REFERENCE,2,0.0,-0.11111111111111113,-0.21392460695292925,3.2739040955658965,0.10833723982367971,67.85480800000005,True
50003,burst,mean,11,SPLIT_REFERENCE,0,0.0,0.0,0.005527980514301589,-0.40513419990784527,-0.014523149165370342,0.0,True
50003,burst,mean,11,EFT_REFERENCE,2,0.0,-0.11111111111111113,-0.16342895066264873,2.2102641946324972,0.05600243971922936,273.427562,True
50003,burst,mean,11,ENERGY_AP_REQUEST_V1,2,0.0,-0.11111111111111113,-0.09491668821652866,1.406690983537871,0.028550361830156135,273.427562,True
50003,burst,mean,11,MC_RL_01,3,0.0,-0.16666666666666666,-0.08198356490740366,0.931755562060367,0.03143374831707746,27.48790299999996,True
50003,burst,mean,23,CPU_REFERENCE,2,0.0,-0.11111111111111113,-0.21392460695292925,3.2739040955658965,0.10833723982367971,67.85480800000005,True
50003,burst,mean,23,SPLIT_REFERENCE,0,0.0,0.0,0.005527980514301589,-0.40513419990784527,-0.014523149165370342,0.0,True
50003,burst,mean,23,EFT_REFERENCE,2,0.0,-0.11111111111111113,-0.16342895066264873,2.2102641946324972,0.05600243971922936,273.427562,True
50003,burst,mean,23,ENERGY_AP_REQUEST_V1,2,0.0,-0.11111111111111113,-0.09491668821652866,1.406690983537871,0.028550361830156135,273.427562,True
50003,burst,mean,23,MC_RL_01,3,0.0,-0.16666666666666666,-0.08198356490740366,0.931755562060367,0.03143374831707746,27.48790299999996,True
50003,burst,mean,37,CPU_REFERENCE,2,0.0,-0.11111111111111113,-0.21392460695292925,3.2739040955658965,0.10833723982367971,67.85480800000005,True
50003,burst,mean,37,SPLIT_REFERENCE,0,0.0,0.0,0.005527980514301589,-0.40513419990784527,-0.014523149165370342,0.0,True
50003,burst,mean,37,EFT_REFERENCE,2,0.0,-0.11111111111111113,-0.16342895066264873,2.2102641946324972,0.05600243971922936,273.427562,True
50003,burst,mean,37,ENERGY_AP_REQUEST_V1,2,0.0,-0.11111111111111113,-0.09491668821652866,1.406690983537871,0.028550361830156135,273.427562,True
50003,burst,mean,37,MC_RL_01,3,0.0,-0.16666666666666666,-0.08198356490740366,0.931755562060367,0.03143374831707746,27.48790299999996,True
50003,burst,short_context,11,CPU_REFERENCE,2,0.0,-0.11111111111111113,-0.22276421428080084,3.1889354405062953,0.10431670293126771,50.02382499999999,True
50003,burst,short_context,11,SPLIT_REFERENCE,0,0.0,0.0,0.007671800382951233,-0.38906863141710346,-0.015903492578640765,0.0,True
50003,burst,short_context,11,EFT_REFERENCE,2,0.0,-0.11111111111111113,-0.16877402885734227,2.1627134822096146,0.054895948457382104,258.25803699999994,True
50003,burst,short_context,11,ENERGY_AP_REQUEST_V1,2,0.0,-0.11111111111111113,-0.09891105701817082,1.3771229420605557,0.028050537227397143,258.25803699999994,True
50003,burst,short_context,11,MC_RL_01,2,0.0,-0.11111111111111113,-0.08419624087815691,0.9112376911289211,0.029323748653300896,12.318377999999939,True
50003,burst,short_context,23,CPU_REFERENCE,2,0.0,-0.11111111111111113,-0.22276421428080084,3.1889354405062953,0.10431670293126771,50.02382499999999,True
50003,burst,short_context,23,SPLIT_REFERENCE,0,0.0,0.0,0.007671800382951233,-0.38906863141710346,-0.015903492578640765,0.0,True
50003,burst,short_context,23,EFT_REFERENCE,2,0.0,-0.11111111111111113,-0.16877402885734227,2.1627134822096146,0.054895948457382104,258.25803699999994,True
50003,burst,short_context,23,ENERGY_AP_REQUEST_V1,2,0.0,-0.11111111111111113,-0.09891105701817082,1.3771229420605557,0.028050537227397143,258.25803699999994,True
50003,burst,short_context,23,MC_RL_01,2,0.0,-0.11111111111111113,-0.08419624087815691,0.9112376911289211,0.029323748653300896,12.318377999999939,True
50003,burst,short_context,37,CPU_REFERENCE,2,0.0,-0.11111111111111113,-0.22276421428080084,3.1889354405062953,0.10431670293126771,50.02382499999999,True
50003,burst,short_context,37,SPLIT_REFERENCE,0,0.0,0.0,0.007671800382951233,-0.38906863141710346,-0.015903492578640765,0.0,True
50003,burst,short_context,37,EFT_REFERENCE,2,0.0,-0.11111111111111113,-0.16877402885734227,2.1627134822096146,0.054895948457382104,258.25803699999994,True
50003,burst,short_context,37,ENERGY_AP_REQUEST_V1,2,0.0,-0.11111111111111113,-0.09891105701817082,1.3771229420605557,0.028050537227397143,258.25803699999994,True
50003,burst,short_context,37,MC_RL_01,2,0.0,-0.11111111111111113,-0.08419624087815691,0.9112376911289211,0.029323748653300896,12.318377999999939,True
50003,burst,long_context,11,CPU_REFERENCE,2,0.0,-0.11111111111111113,-0.20507353149631058,3.358867301995616,0.11302662306158595,85.95517699999994,True
50003,burst,long_context,11,SPLIT_REFERENCE,0,0.0,0.0,0.003303884889589881,-0.42110391482453835,-0.01243322152475912,0.0,True
50003,burst,long_context,11,EFT_REFERENCE,2,0.0,-0.11111111111111113,-0.15815268000790184,2.2581930368933776,0.057864073315258224,288.597087,True
50003,burst,long_context,11,ENERGY_AP_REQUEST_V1,2,0.0,-0.11111111111111113,-0.09099112682631016,1.4366497371152747,0.02980521539672054,288.597087,True
50003,burst,long_context,11,MC_RL_01,3,0.0,-0.16666666666666666,-0.07981675976856195,0.9524609479975474,0.03424290506002592,42.65742799999998,True
50003,burst,long_context,23,CPU_REFERENCE,2,0.0,-0.11111111111111113,-0.20507353149631058,3.358867301995616,0.11302662306158595,85.95517699999994,True
50003,burst,long_context,23,SPLIT_REFERENCE,0,0.0,0.0,0.003303884889589881,-0.42110391482453835,-0.01243322152475912,0.0,True
50003,burst,long_context,23,EFT_REFERENCE,2,0.0,-0.11111111111111113,-0.15815268000790184,2.2581930368933776,0.057864073315258224,288.597087,True
50003,burst,long_context,23,ENERGY_AP_REQUEST_V1,2,0.0,-0.11111111111111113,-0.09099112682631016,1.4366497371152747,0.02980521539672054,288.597087,True
50003,burst,long_context,23,MC_RL_01,3,0.0,-0.16666666666666666,-0.07981675976856195,0.9524609479975474,0.03424290506002592,42.65742799999998,True
50003,burst,long_context,37,CPU_REFERENCE,2,0.0,-0.11111111111111113,-0.20507353149631058,3.358867301995616,0.11302662306158595,85.95517699999994,True
50003,burst,long_context,37,SPLIT_REFERENCE,0,0.0,0.0,0.003303884889589881,-0.42110391482453835,-0.01243322152475912,0.0,True
50003,burst,long_context,37,EFT_REFERENCE,2,0.0,-0.11111111111111113,-0.15815268000790184,2.2581930368933776,0.057864073315258224,288.597087,True
50003,burst,long_context,37,ENERGY_AP_REQUEST_V1,2,0.0,-0.11111111111111113,-0.09099112682631016,1.4366497371152747,0.02980521539672054,288.597087,True
50003,burst,long_context,37,MC_RL_01,3,0.0,-0.16666666666666666,-0.07981675976856195,0.9524609479975474,0.03424290506002592,42.65742799999998,True
50003,sustained,mean,11,CPU_REFERENCE,0,0.0,0.0,-1.876084184406409,45.005871017092545,0.7004152443475746,-430.479714,True
50003,sustained,mean,11,SPLIT_REFERENCE,0,0.0,0.0,-1.2849796918603147,-8.7779696920868,-0.07798993280054134,0.0,True
50003,sustained,mean,11,EFT_REFERENCE,0,0.0,0.0,0.050656098325617904,8.302963605434456,0.15863229554131664,0.0,True
50003,sustained,mean,11,ENERGY_AP_REQUEST_V1,8,-0.08333333333333333,0.0,1.2144231862387471,-7.246069439469238,0.040216309047039545,-1759.0651320000002,True
50003,sustained,mean,11,MC_RL_01,0,0.0,0.0,-0.5908841076091562,3.6971929832511137,0.0419825424846465,-622.4397739999999,True
50003,sustained,mean,23,CPU_REFERENCE,0,0.0,0.0,-0.9350835102052599,23.22421412084219,0.480913356242759,-23.230457,True
50003,sustained,mean,23,SPLIT_REFERENCE,0,0.0,0.0,-0.3439790176591657,-30.559626588337153,-0.297491820905357,407.249257,True
50003,sustained,mean,23,EFT_REFERENCE,0,0.0,0.0,0.9916567725267669,-13.478693290815897,-0.060869592563499,407.249257,True
50003,sustained,mean,23,ENERGY_AP_REQUEST_V1,8,-0.08333333333333333,0.0,2.155423860439896,-29.027726335719592,-0.1792855790577761,-1351.8158750000002,True
50003,sustained,mean,23,MC_RL_01,0,0.0,0.0,0.35011656659199275,-18.08446391299924,-0.17751934562016913,-215.190517,True
50003,sustained,mean,37,CPU_REFERENCE,0,0.0,0.0,-0.7954655979851566,21.662328388905422,0.08265277556732187,-105.184121,True
50003,sustained,mean,37,SPLIT_REFERENCE,0,0.0,0.0,-0.20436110543906238,-32.12151232027392,-0.6957524015807941,325.295593,True
50003,sustained,mean,37,EFT_REFERENCE,0,0.0,0.0,1.1312746847468702,-15.040579022752667,-0.4591301732389361,325.295593,True
50003,sustained,mean,37,ENERGY_AP_REQUEST_V1,8,-0.08333333333333333,0.0,2.2950417726599994,-30.58961206765636,-0.5775461597332132,-1433.7695390000001,True
50003,sustained,mean,37,MC_RL_01,0,0.0,0.0,0.4897344788120961,-19.64634964493601,-0.5757799262956063,-297.144181,True
50003,sustained,short_context,11,CPU_REFERENCE,0,0.0,0.0,-2.0192286387622573,43.89890534357417,0.6874926654246352,-420.83943999999997,True
50003,sustained,short_context,11,SPLIT_REFERENCE,0,0.0,0.0,-1.1863686325976346,-8.534164843716269,-0.07581834482969896,0.0,True
50003,sustained,short_context,11,EFT_REFERENCE,0,0.0,0.0,0.008606203765964437,8.088683802451357,0.1553436336264653,0.0,True
50003,sustained,short_context,11,ENERGY_AP_REQUEST_V1,2,-0.020833333333333332,0.0,1.2152134275458195,-7.739403568016087,-0.018997456724925144,-1083.70803,True
50003,sustained,short_context,11,MC_RL_01,0,0.0,0.0,-0.6066302983833225,3.7204596975131494,0.04604340575284738,-644.73719,True
50003,sustained,short_context,23,CPU_REFERENCE,0,0.0,0.0,-0.988252222034788,22.551063949515765,0.47254796815447264,-13.59018299999991,True
50003,sustained,short_context,23,SPLIT_REFERENCE,0,0.0,0.0,-0.15539221587016527,-29.882006237774675,-0.2907630420998615,407.24925700000006,True
50003,sustained,short_context,23,EFT_REFERENCE,0,0.0,0.0,1.0395826204934338,-13.25915759160705,-0.059601063643697216,407.24925700000006,True
50003,sustained,short_context,23,ENERGY_AP_REQUEST_V1,2,-0.020833333333333332,0.0,2.246189844273289,-29.087244962074493,-0.23394215399508766,-676.458773,True
50003,sustained,short_context,23,MC_RL_01,0,0.0,0.0,0.4243461183441468,-17.627381696545257,-0.16890129151731514,-237.487933,True
50003,sustained,short_context,37,CPU_REFERENCE,0,0.0,0.0,-0.8701124925174213,21.125157721354014,0.08040867347249403,-90.26708399999995,True
50003,sustained,short_context,37,SPLIT_REFERENCE,0,0.0,0.0,-0.03725248635279854,-31.307912465936425,-0.6829023367818401,330.572356,True
50003,sustained,short_context,37,EFT_REFERENCE,0,0.0,0.0,1.1577223500108005,-14.6850638197688,-0.45174035832567583,330.572356,True
50003,sustained,short_context,37,ENERGY_AP_REQUEST_V1,2,-0.020833333333333332,0.0,2.3643295737906556,-30.513151190236243,-0.6260814486770663,-753.135674,True
50003,sustained,short_context,37,MC_RL_01,0,0.0,0.0,0.5424858478615135,-19.053287924707007,-0.5610405861992938,-314.16483400000004,True
50003,sustained,long_context,11,CPU_REFERENCE,0,0.0,0.0,-1.7296977141151615,46.078604732153224,0.712911986383844,-424.78064,True
50003,sustained,long_context,11,SPLIT_REFERENCE,0,0.0,0.0,-1.3835907511230516,-9.021861046523327,-0.08016229128740804,0.0,True
50003,sustained,long_context,11,EFT_REFERENCE,0,0.0,0.0,0.09383027759122342,8.517333722343608,0.1536233942590286,0.0,True
50003,sustained,long_context,11,ENERGY_AP_REQUEST_V1,8,-0.08333333333333333,0.0,1.2488157836368998,-7.483311704304526,0.041341688406383525,-1765.887688,True
50003,sustained,long_context,11,MC_RL_01,0,0.0,0.0,-0.489348938378356,2.707102302501454,0.026454499721275226,-623.124421,True
50003,sustained,long_context,23,CPU_REFERENCE,0,0.0,0.0,-0.8737716678937488,24.973573151233666,0.49107645852596704,-17.531383000000005,True
50003,sustained,long_context,23,SPLIT_REFERENCE,0,0.0,0.0,-0.527664704901639,-30.126892627442885,-0.301997819145285,407.249257,True
50003,sustained,long_context,23,EFT_REFERENCE,0,0.0,0.0,0.9497563238126361,-12.58769785857595,-0.06821213359884837,407.249257,True
50003,sustained,long_context,23,ENERGY_AP_REQUEST_V1,8,-0.08333333333333333,0.0,2.1047418298583125,-28.588343285224084,-0.18049383945149344,-1358.6384309999999,True
50003,sustained,long_context,23,MC_RL_01,0,0.0,0.0,0.36657710784305664,-18.397929278418104,-0.19538102813660174,-215.87516400000004,True
50003,sustained,long_context,37,CPU_REFERENCE,0,0.0,0.0,-0.7193348406336781,22.17281575052911,0.08446985724102518,-102.47070399999996,True
50003,sustained,long_context,37,SPLIT_REFERENCE,0,0.0,0.0,-0.3732278776415683,-32.92765002814744,-0.7086044204302269,322.30993600000005,True
50003,sustained,long_context,37,EFT_REFERENCE,0,0.0,0.0,1.1041931510727068,-15.388455259280505,-0.4748187348837902,322.30993600000005,True
50003,sustained,long_context,37,ENERGY_AP_REQUEST_V1,8,-0.08333333333333333,0.0,2.259178657118383,-31.38910068592864,-0.5871004407364353,-1443.577752,True
50003,sustained,long_context,37,MC_RL_01,0,0.0,0.0,0.5210139351031273,-21.19868667912266,-0.6019876294215436,-300.814485,True
50004,low,mean,11,CPU_REFERENCE,0,0.0,0.0,0.0,0.0,0.0,0.0,True
50004,low,mean,11,SPLIT_REFERENCE,0,0.0,0.0,-0.2855510426356318,-1.3898708018335384,-0.03432999456225261,-137.874704,True
50004,low,mean,11,EFT_REFERENCE,0,0.0,0.0,0.0,0.0,0.0,0.0,True
50004,low,mean,11,ENERGY_AP_REQUEST_V1,0,0.0,0.0,0.0,-0.06301731308690961,0.0014684354064158356,0.0,True
50004,low,mean,11,MC_RL_01,0,0.0,0.0,0.0,-0.0393591760709775,0.0013377399317882066,0.0,True
50004,low,mean,23,CPU_REFERENCE,0,0.0,0.0,0.0,0.0,0.0,0.0,True
50004,low,mean,23,SPLIT_REFERENCE,0,0.0,0.0,-0.2855510426356318,-1.3898708018335384,-0.03432999456225261,-137.874704,True
50004,low,mean,23,EFT_REFERENCE,0,0.0,0.0,0.0,0.0,0.0,0.0,True
50004,low,mean,23,ENERGY_AP_REQUEST_V1,0,0.0,0.0,0.0,-0.06301731308690961,0.0014684354064158356,0.0,True
50004,low,mean,23,MC_RL_01,0,0.0,0.0,0.0,-0.0393591760709775,0.0013377399317882066,0.0,True
50004,low,mean,37,CPU_REFERENCE,0,0.0,0.0,0.0,0.0,0.0,0.0,True
50004,low,mean,37,SPLIT_REFERENCE,0,0.0,0.0,-0.2855510426356318,-1.3898708018335384,-0.03432999456225261,-137.874704,True
50004,low,mean,37,EFT_REFERENCE,0,0.0,0.0,0.0,0.0,0.0,0.0,True
50004,low,mean,37,ENERGY_AP_REQUEST_V1,0,0.0,0.0,0.0,-0.06301731308690961,0.0014684354064158356,0.0,True
50004,low,mean,37,MC_RL_01,0,0.0,0.0,0.0,-0.0393591760709775,0.0013377399317882066,0.0,True
50004,low,short_context,11,CPU_REFERENCE,0,0.0,0.0,0.0,0.0,0.0,0.0,True
50004,low,short_context,11,SPLIT_REFERENCE,0,0.0,0.0,-0.2636374739105918,-1.3494276667046101,-0.03337409422289994,-130.42854999999997,True
50004,low,short_context,11,EFT_REFERENCE,0,0.0,0.0,0.0,0.0,0.0,0.0,True
50004,low,short_context,11,ENERGY_AP_REQUEST_V1,0,0.0,0.0,0.0,-0.06365934995346123,0.0014493768815881936,0.0,True
50004,low,short_context,11,MC_RL_01,0,0.0,0.0,0.0,-0.03929362637886413,0.0013864175062963113,0.0,True
50004,low,short_context,23,CPU_REFERENCE,0,0.0,0.0,0.0,0.0,0.0,0.0,True
50004,low,short_context,23,SPLIT_REFERENCE,0,0.0,0.0,-0.2636374739105918,-1.3494276667046101,-0.03337409422289994,-130.42854999999997,True
50004,low,short_context,23,EFT_REFERENCE,0,0.0,0.0,0.0,0.0,0.0,0.0,True
50004,low,short_context,23,ENERGY_AP_REQUEST_V1,0,0.0,0.0,0.0,-0.06365934995346123,0.0014493768815881936,0.0,True
50004,low,short_context,23,MC_RL_01,0,0.0,0.0,0.0,-0.03929362637886413,0.0013864175062963113,0.0,True
50004,low,short_context,37,CPU_REFERENCE,0,0.0,0.0,0.0,0.0,0.0,0.0,True
50004,low,short_context,37,SPLIT_REFERENCE,0,0.0,0.0,-0.2636374739105918,-1.3494276667046101,-0.03337409422289994,-130.42854999999997,True
50004,low,short_context,37,EFT_REFERENCE,0,0.0,0.0,0.0,0.0,0.0,0.0,True
50004,low,short_context,37,ENERGY_AP_REQUEST_V1,0,0.0,0.0,0.0,-0.06365934995346123,0.0014493768815881936,0.0,True
50004,low,short_context,37,MC_RL_01,0,0.0,0.0,0.0,-0.03929362637886413,0.0013864175062963113,0.0,True
50004,low,long_context,11,CPU_REFERENCE,0,0.0,0.0,0.0,0.0,0.0,0.0,True
50004,low,long_context,11,SPLIT_REFERENCE,0,0.0,0.0,-0.3074646113606718,-1.4302781360611796,-0.03528623407114395,-145.320858,True
50004,low,long_context,11,EFT_REFERENCE,0,0.0,0.0,0.0,0.0,0.0,0.0,True
50004,low,long_context,11,ENERGY_AP_REQUEST_V1,0,0.0,0.0,0.0,-0.06238625546196985,0.0014864802721064052,0.0,True
50004,low,long_context,11,MC_RL_01,0,0.0,0.0,0.0,-0.03939807084484315,0.0012916513545064845,0.0,True
50004,low,long_context,23,CPU_REFERENCE,0,0.0,0.0,0.0,0.0,0.0,0.0,True
50004,low,long_context,23,SPLIT_REFERENCE,0,0.0,0.0,-0.3074646113606718,-1.4302781360611796,-0.03528623407114395,-145.320858,True
50004,low,long_context,23,EFT_REFERENCE,0,0.0,0.0,0.0,0.0,0.0,0.0,True
50004,low,long_context,23,ENERGY_AP_REQUEST_V1,0,0.0,0.0,0.0,-0.06238625546196985,0.0014864802721064052,0.0,True
50004,low,long_context,23,MC_RL_01,0,0.0,0.0,0.0,-0.03939807084484315,0.0012916513545064845,0.0,True
50004,low,long_context,37,CPU_REFERENCE,0,0.0,0.0,0.0,0.0,0.0,0.0,True
50004,low,long_context,37,SPLIT_REFERENCE,0,0.0,0.0,-0.3074646113606718,-1.4302781360611796,-0.03528623407114395,-145.320858,True
50004,low,long_context,37,EFT_REFERENCE,0,0.0,0.0,0.0,0.0,0.0,0.0,True
50004,low,long_context,37,ENERGY_AP_REQUEST_V1,0,0.0,0.0,0.0,-0.06238625546196985,0.0014864802721064052,0.0,True
50004,low,long_context,37,MC_RL_01,0,0.0,0.0,0.0,-0.03939807084484315,0.0012916513545064845,0.0,True
50004,queue,mean,11,CPU_REFERENCE,1,0.0,-0.05555555555555558,-0.1297405491812924,1.9452401445746972,0.08596815649450917,-286.342248,True
50004,queue,mean,11,SPLIT_REFERENCE,0,0.0,0.0,-0.05193683188727505,-1.1163544794814086,-0.03816935232112684,-198.964812,True
50004,queue,mean,11,EFT_REFERENCE,1,0.0,-0.05555555555555558,-0.04324684987906835,0.6964354672329414,0.017859850041130443,0.0,True
50004,queue,mean,11,ENERGY_AP_REQUEST_V1,1,0.0,-0.05555555555555558,-0.04324684987906835,0.6964354672329414,0.017859850041130443,0.0,True
50004,queue,mean,11,MC_RL_01,2,0.0,-0.1111111111111111,0.0,-0.20620103855548066,0.011519293355032545,0.0,True
50004,queue,mean,23,CPU_REFERENCE,1,0.0,-0.05555555555555558,-0.1297405491812924,1.9452401445746972,0.08596815649450917,-286.342248,True
50004,queue,mean,23,SPLIT_REFERENCE,0,0.0,0.0,-0.05193683188727505,-1.1163544794814086,-0.03816935232112684,-198.964812,True
50004,queue,mean,23,EFT_REFERENCE,1,0.0,-0.05555555555555558,-0.04324684987906835,0.6964354672329414,0.017859850041130443,0.0,True
50004,queue,mean,23,ENERGY_AP_REQUEST_V1,1,0.0,-0.05555555555555558,-0.04324684987906835,0.6964354672329414,0.017859850041130443,0.0,True
50004,queue,mean,23,MC_RL_01,2,0.0,-0.1111111111111111,0.0,-0.20620103855548066,0.011519293355032545,0.0,True
50004,queue,mean,37,CPU_REFERENCE,1,0.0,-0.05555555555555558,-0.1297405491812924,1.9452401445746972,0.08596815649450917,-286.342248,True
50004,queue,mean,37,SPLIT_REFERENCE,0,0.0,0.0,-0.05193683188727505,-1.1163544794814086,-0.03816935232112684,-198.964812,True
50004,queue,mean,37,EFT_REFERENCE,1,0.0,-0.05555555555555558,-0.04324684987906835,0.6964354672329414,0.017859850041130443,0.0,True
50004,queue,mean,37,ENERGY_AP_REQUEST_V1,1,0.0,-0.05555555555555558,-0.04324684987906835,0.6964354672329414,0.017859850041130443,0.0,True
50004,queue,mean,37,MC_RL_01,2,0.0,-0.1111111111111111,0.0,-0.20620103855548066,0.011519293355032545,0.0,True
50004,queue,short_context,11,CPU_REFERENCE,1,0.0,-0.05555555555555558,-0.13379267723192356,1.8901985414252707,0.0825212247639655,-292.34214099999997,True
50004,queue,short_context,11,SPLIT_REFERENCE,0,0.0,0.0,-0.04621052603360454,-1.0721891096635403,-0.036486855621703285,-183.51807000000002,True
50004,queue,short_context,11,EFT_REFERENCE,1,0.0,-0.05555555555555558,-0.044597559272119724,0.6778925490104974,0.01723705995395619,0.0,True
50004,queue,short_context,11,ENERGY_AP_REQUEST_V1,1,0.0,-0.05555555555555558,-0.044597559272119724,0.6778925490104974,0.01723705995395619,0.0,True
50004,queue,short_context,11,MC_RL_01,2,0.0,-0.1111111111111111,0.0,-0.2064689694823727,0.011408454914974442,0.0,True
50004,queue,short_context,23,CPU_REFERENCE,1,0.0,-0.05555555555555558,-0.13379267723192356,1.8901985414252707,0.0825212247639655,-292.34214099999997,True
50004,queue,short_context,23,SPLIT_REFERENCE,0,0.0,0.0,-0.04621052603360454,-1.0721891096635403,-0.036486855621703285,-183.51807000000002,True
50004,queue,short_context,23,EFT_REFERENCE,1,0.0,-0.05555555555555558,-0.044597559272119724,0.6778925490104974,0.01723705995395619,0.0,True
50004,queue,short_context,23,ENERGY_AP_REQUEST_V1,1,0.0,-0.05555555555555558,-0.044597559272119724,0.6778925490104974,0.01723705995395619,0.0,True
50004,queue,short_context,23,MC_RL_01,2,0.0,-0.1111111111111111,0.0,-0.2064689694823727,0.011408454914974442,0.0,True
50004,queue,short_context,37,CPU_REFERENCE,1,0.0,-0.05555555555555558,-0.13379267723192356,1.8901985414252707,0.0825212247639655,-292.34214099999997,True
50004,queue,short_context,37,SPLIT_REFERENCE,0,0.0,0.0,-0.04621052603360454,-1.0721891096635403,-0.036486855621703285,-183.51807000000002,True
50004,queue,short_context,37,EFT_REFERENCE,1,0.0,-0.05555555555555558,-0.044597559272119724,0.6778925490104974,0.01723705995395619,0.0,True
50004,queue,short_context,37,ENERGY_AP_REQUEST_V1,1,0.0,-0.05555555555555558,-0.044597559272119724,0.6778925490104974,0.01723705995395619,0.0,True
50004,queue,short_context,37,MC_RL_01,2,0.0,-0.1111111111111111,0.0,-0.2064689694823727,0.011408454914974442,0.0,True
50004,queue,long_context,11,CPU_REFERENCE,1,0.0,-0.05555555555555558,-0.12568842087370058,2.000298887431633,0.08933070856484804,-280.265388,True
50004,queue,long_context,11,SPLIT_REFERENCE,0,0.0,0.0,-0.060592063060795454,-1.1542709438889673,-0.0399864693866796,-214.41155399999997,True
50004,queue,long_context,11,EFT_REFERENCE,1,0.0,-0.05555555555555558,-0.04189613977311524,0.7150568497698195,0.01848336641880266,0.0,True
50004,queue,long_context,11,ENERGY_AP_REQUEST_V1,1,0.0,-0.05555555555555558,-0.04189613977311524,0.7150568497698195,0.01848336641880266,0.0,True
50004,queue,long_context,11,MC_RL_01,2,0.0,-0.1111111111111111,0.0,-0.20582783539499516,0.011628656208596766,0.0,True
50004,queue,long_context,23,CPU_REFERENCE,1,0.0,-0.05555555555555558,-0.12568842087370058,2.000298887431633,0.08933070856484804,-280.265388,True
50004,queue,long_context,23,SPLIT_REFERENCE,0,0.0,0.0,-0.060592063060795454,-1.1542709438889673,-0.0399864693866796,-214.41155399999997,True
50004,queue,long_context,23,EFT_REFERENCE,1,0.0,-0.05555555555555558,-0.04189613977311524,0.7150568497698195,0.01848336641880266,0.0,True
50004,queue,long_context,23,ENERGY_AP_REQUEST_V1,1,0.0,-0.05555555555555558,-0.04189613977311524,0.7150568497698195,0.01848336641880266,0.0,True
50004,queue,long_context,23,MC_RL_01,2,0.0,-0.1111111111111111,0.0,-0.20582783539499516,0.011628656208596766,0.0,True
50004,queue,long_context,37,CPU_REFERENCE,1,0.0,-0.05555555555555558,-0.12568842087370058,2.000298887431633,0.08933070856484804,-280.265388,True
50004,queue,long_context,37,SPLIT_REFERENCE,0,0.0,0.0,-0.060592063060795454,-1.1542709438889673,-0.0399864693866796,-214.41155399999997,True
50004,queue,long_context,37,EFT_REFERENCE,1,0.0,-0.05555555555555558,-0.04189613977311524,0.7150568497698195,0.01848336641880266,0.0,True
50004,queue,long_context,37,ENERGY_AP_REQUEST_V1,1,0.0,-0.05555555555555558,-0.04189613977311524,0.7150568497698195,0.01848336641880266,0.0,True
50004,queue,long_context,37,MC_RL_01,2,0.0,-0.1111111111111111,0.0,-0.20582783539499516,0.011628656208596766,0.0,True
50004,burst,mean,11,CPU_REFERENCE,3,0.0,-0.16666666666666666,-0.21623424835502192,3.1194957974504973,0.1006801542174749,-280.80148699999995,True
50004,burst,mean,11,SPLIT_REFERENCE,0,0.0,0.0,0.01988656689366053,-0.4958335421837319,-0.023459406371074465,0.0,True
50004,burst,mean,11,EFT_REFERENCE,1,0.0,-0.05555555555555555,-0.10301798437643583,1.4062676797522187,0.033989522868850486,49.63106499999998,True
50004,burst,mean,11,ENERGY_AP_REQUEST_V1,3,0.0,-0.16666666666666666,-0.04324684987906835,0.5349475504286936,-0.00028236996120512003,49.63106499999998,True
50004,burst,mean,11,MC_RL_01,5,0.0,-0.2777777777777778,-0.13229495949462944,1.245556643537899,0.033237714652713635,-134.07180400000004,True
50004,burst,mean,23,CPU_REFERENCE,3,0.0,-0.16666666666666666,-0.21623424835502192,3.1194957974504973,0.1006801542174749,-280.80148699999995,True
50004,burst,mean,23,SPLIT_REFERENCE,0,0.0,0.0,0.01988656689366053,-0.4958335421837319,-0.023459406371074465,0.0,True
50004,burst,mean,23,EFT_REFERENCE,1,0.0,-0.05555555555555555,-0.10301798437643583,1.4062676797522187,0.033989522868850486,49.63106499999998,True
50004,burst,mean,23,ENERGY_AP_REQUEST_V1,3,0.0,-0.16666666666666666,-0.04324684987906835,0.5349475504286936,-0.00028236996120512003,49.63106499999998,True
50004,burst,mean,23,MC_RL_01,5,0.0,-0.2777777777777778,-0.13229495949462944,1.245556643537899,0.033237714652713635,-134.07180400000004,True
50004,burst,mean,37,CPU_REFERENCE,3,0.0,-0.16666666666666666,-0.21623424835502192,3.1194957974504973,0.1006801542174749,-280.80148699999995,True
50004,burst,mean,37,SPLIT_REFERENCE,0,0.0,0.0,0.01988656689366053,-0.4958335421837319,-0.023459406371074465,0.0,True
50004,burst,mean,37,EFT_REFERENCE,1,0.0,-0.05555555555555555,-0.10301798437643583,1.4062676797522187,0.033989522868850486,49.63106499999998,True
50004,burst,mean,37,ENERGY_AP_REQUEST_V1,3,0.0,-0.16666666666666666,-0.04324684987906835,0.5349475504286936,-0.00028236996120512003,49.63106499999998,True
50004,burst,mean,37,MC_RL_01,5,0.0,-0.2777777777777778,-0.13229495949462944,1.245556643537899,0.033237714652713635,-134.07180400000004,True
50004,burst,short_context,11,CPU_REFERENCE,3,0.0,-0.16666666666666666,-0.22298779519169898,3.0307187417769796,0.09674638890406229,-293.80162100000007,True
50004,burst,short_context,11,SPLIT_REFERENCE,0,0.0,0.0,0.021237276286683482,-0.4794219317970274,-0.023727698501591732,0.0,True
50004,burst,short_context,11,EFT_REFERENCE,1,0.0,-0.05555555555555555,-0.10492629268688347,1.3658475404768176,0.03336265271457961,36.630930999999975,True
50004,burst,short_context,11,ENERGY_AP_REQUEST_V1,3,0.0,-0.16666666666666666,-0.0445975592720913,0.5148807755722942,-0.001586838779495281,36.630930999999975,True
50004,burst,short_context,11,MC_RL_01,5,0.0,-0.2777777777777778,-0.13377228365428095,1.21144905703677,0.03246595162605459,-149.24132900000006,True
50004,burst,short_context,23,CPU_REFERENCE,3,0.0,-0.16666666666666666,-0.22298779519169898,3.0307187417769796,0.09674638890406229,-293.80162100000007,True
50004,burst,short_context,23,SPLIT_REFERENCE,0,0.0,0.0,0.021237276286683482,-0.4794219317970274,-0.023727698501591732,0.0,True
50004,burst,short_context,23,EFT_REFERENCE,1,0.0,-0.05555555555555555,-0.10492629268688347,1.3658475404768176,0.03336265271457961,36.630930999999975,True
50004,burst,short_context,23,ENERGY_AP_REQUEST_V1,3,0.0,-0.16666666666666666,-0.0445975592720913,0.5148807755722942,-0.001586838779495281,36.630930999999975,True
50004,burst,short_context,23,MC_RL_01,5,0.0,-0.2777777777777778,-0.13377228365428095,1.21144905703677,0.03246595162605459,-149.24132900000006,True
50004,burst,short_context,37,CPU_REFERENCE,3,0.0,-0.16666666666666666,-0.22298779519169898,3.0307187417769796,0.09674638890406229,-293.80162100000007,True
50004,burst,short_context,37,SPLIT_REFERENCE,0,0.0,0.0,0.021237276286683482,-0.4794219317970274,-0.023727698501591732,0.0,True
50004,burst,short_context,37,EFT_REFERENCE,1,0.0,-0.05555555555555555,-0.10492629268688347,1.3658475404768176,0.03336265271457961,36.630930999999975,True
50004,burst,short_context,37,ENERGY_AP_REQUEST_V1,3,0.0,-0.16666666666666666,-0.0445975592720913,0.5148807755722942,-0.001586838779495281,36.630930999999975,True
50004,burst,short_context,37,MC_RL_01,5,0.0,-0.2777777777777778,-0.13377228365428095,1.21144905703677,0.03246595162605459,-149.24132900000006,True
50004,burst,long_context,11,CPU_REFERENCE,3,0.0,-0.16666666666666666,-0.20948070149603382,3.2084494511431387,0.1051460521919445,-267.68590199999994,True
50004,burst,long_context,11,SPLIT_REFERENCE,0,0.0,0.0,0.01726893735184376,-0.5075507406991022,-0.022139193727156226,0.0,True
50004,burst,long_context,11,EFT_REFERENCE,1,0.0,-0.05555555555555555,-0.10118995255376717,1.4472279298313069,0.03523520960783344,62.74664900000005,True
50004,burst,long_context,11,ENERGY_AP_REQUEST_V1,3,0.0,-0.16666666666666666,-0.12818719481848007,1.5129754722265432,0.05478532931181235,62.74664900000005,True
50004,burst,long_context,11,MC_RL_01,5,0.0,-0.2777777777777778,-0.13087497410381843,1.280115988400393,0.03462369653137998,-118.90227900000002,True
50004,burst,long_context,23,CPU_REFERENCE,3,0.0,-0.16666666666666666,-0.20948070149603382,3.2084494511431387,0.1051460521919445,-267.68590199999994,True
50004,burst,long_context,23,SPLIT_REFERENCE,0,0.0,0.0,0.01726893735184376,-0.5075507406991022,-0.022139193727156226,0.0,True
50004,burst,long_context,23,EFT_REFERENCE,1,0.0,-0.05555555555555555,-0.10118995255376717,1.4472279298313069,0.03523520960783344,62.74664900000005,True
50004,burst,long_context,23,ENERGY_AP_REQUEST_V1,3,0.0,-0.16666666666666666,-0.12818719481848007,1.5129754722265432,0.05478532931181235,62.74664900000005,True
50004,burst,long_context,23,MC_RL_01,5,0.0,-0.2777777777777778,-0.13087497410381843,1.280115988400393,0.03462369653137998,-118.90227900000002,True
50004,burst,long_context,37,CPU_REFERENCE,3,0.0,-0.16666666666666666,-0.20948070149603382,3.2084494511431387,0.1051460521919445,-267.68590199999994,True
50004,burst,long_context,37,SPLIT_REFERENCE,0,0.0,0.0,0.01726893735184376,-0.5075507406991022,-0.022139193727156226,0.0,True
50004,burst,long_context,37,EFT_REFERENCE,1,0.0,-0.05555555555555555,-0.10118995255376717,1.4472279298313069,0.03523520960783344,62.74664900000005,True
50004,burst,long_context,37,ENERGY_AP_REQUEST_V1,3,0.0,-0.16666666666666666,-0.12818719481848007,1.5129754722265432,0.05478532931181235,62.74664900000005,True
50004,burst,long_context,37,MC_RL_01,5,0.0,-0.2777777777777778,-0.13087497410381843,1.280115988400393,0.03462369653137998,-118.90227900000002,True
50004,sustained,mean,11,CPU_REFERENCE,1,-0.010416666666666666,0.0,-2.0200029109581976,44.52066263224006,0.7999779738299111,-439.17993599999994,True
50004,sustained,mean,11,SPLIT_REFERENCE,0,0.0,0.0,-1.3801633727388776,-9.246227521123046,-0.05967980864875244,0.0,True
50004,sustained,mean,11,EFT_REFERENCE,0,0.0,0.0,-0.15458968503199344,7.603134605553066,0.10042276984334109,0.0,True
50004,sustained,mean,11,ENERGY_AP_REQUEST_V1,17,-0.16666666666666666,-0.010416666666666666,0.5432332008929279,0.7893520088949231,0.06776757874068551,-3031.826577,True
50004,sustained,mean,11,MC_RL_01,0,0.0,0.0,-0.4956155521022936,2.7466651359683283,-0.02011152361016144,-390.988853,True
50004,sustained,mean,23,CPU_REFERENCE,1,-0.010416666666666666,0.0,-1.2409255593144906,26.43173001931666,0.6272513890175873,-33.650574000000006,True
50004,sustained,mean,23,SPLIT_REFERENCE,0,0.0,0.0,-0.6010860210951705,-27.335160134046447,-0.23240639346107628,405.52936199999994,True
50004,sustained,mean,23,EFT_REFERENCE,0,0.0,0.0,0.6244876666117136,-10.485798007370335,-0.07230381496898275,405.52936199999994,True
50004,sustained,mean,23,ENERGY_AP_REQUEST_V1,17,-0.16666666666666666,-0.010416666666666666,1.322310552536635,-17.299580604028478,-0.10495900607163833,-2626.2972149999996,True
50004,sustained,mean,23,MC_RL_01,0,0.0,0.0,0.2834617995414135,-15.342267476955072,-0.19283810842248528,14.540508999999929,True
50004,sustained,mean,37,CPU_REFERENCE,1,-0.010416666666666666,0.0,-1.2289623251711816,26.659194290915167,0.3910775609881796,-106.29072899999994,True
50004,sustained,mean,37,SPLIT_REFERENCE,0,0.0,0.0,-0.5891227869518616,-27.10769586244794,-0.46858022149048395,332.889207,True
50004,sustained,mean,37,EFT_REFERENCE,0,0.0,0.0,0.6364509007550225,-10.258333735771828,-0.3084776429983904,332.889207,True
50004,sustained,mean,37,ENERGY_AP_REQUEST_V1,17,-0.16666666666666666,-0.010416666666666666,1.334273786679944,-17.07211633242997,-0.341132834101046,-2698.9373699999996,True
50004,sustained,mean,37,MC_RL_01,0,0.0,0.0,0.2954250336847224,-15.114803205356566,-0.42901193645189295,-58.09964600000001,True
50004,sustained,short_context,11,CPU_REFERENCE,0,0.0,0.0,-2.1600749721047805,43.4670891244258,0.7858197762472656,-436.825428,True
50004,sustained,short_context,11,SPLIT_REFERENCE,0,0.0,0.0,-1.274247790567813,-8.98214856988784,-0.05801805629291579,0.0,True
50004,sustained,short_context,11,EFT_REFERENCE,0,0.0,0.0,-0.18287978802655402,7.901830331595875,0.09949681967709267,0.0,True
50004,sustained,short_context,11,ENERGY_AP_REQUEST_V1,16,-0.15625,-0.010416666666666666,0.482761942133493,0.8739165367321675,0.058190652176293156,-3013.7483199999997,True
50004,sustained,short_context,11,MC_RL_01,0,0.0,0.0,-0.4524714518832411,1.994321699719194,-0.005613763427263052,-405.529362,True
50004,sustained,short_context,23,CPU_REFERENCE,0,0.0,0.0,-1.339586984240384,25.392047642675493,0.6062406098997997,-31.296065999999996,True
50004,sustained,short_context,23,SPLIT_REFERENCE,0,0.0,0.0,-0.4537598027034164,-27.057190051638145,-0.23759722264038174,405.529362,True
50004,sustained,short_context,23,EFT_REFERENCE,0,0.0,0.0,0.6376081998378424,-10.17321115015443,-0.08008234667037328,405.529362,True
50004,sustained,short_context,23,ENERGY_AP_REQUEST_V1,16,-0.15625,-0.010416666666666666,1.3032499299978895,-17.201124945018137,-0.1213885141711728,-2608.218958,True
50004,sustained,short_context,23,MC_RL_01,0,0.0,0.0,0.36801653598115536,-16.08071978203111,-0.185192929774729,0.0,True
50004,sustained,short_context,37,CPU_REFERENCE,0,0.0,0.0,-1.3078946381087917,26.003750257060176,0.38357165154177153,-96.47690499999999,True
50004,sustained,short_context,37,SPLIT_REFERENCE,0,0.0,0.0,-0.4220674565718241,-26.445487437253462,-0.4602661809984099,340.348523,True
50004,sustained,short_context,37,EFT_REFERENCE,0,0.0,0.0,0.6693005459694348,-9.561508535769747,-0.3027513050284014,340.348523,True
50004,sustained,short_context,37,ENERGY_AP_REQUEST_V1,16,-0.15625,-0.010416666666666666,1.3349422761294818,-16.589422330633454,-0.34405747252920094,-2673.399797,True
50004,sustained,short_context,37,MC_RL_01,0,0.0,0.0,0.3997088821127477,-15.469017167646427,-0.40786188813275714,-65.18083899999999,True
50004,sustained,long_context,11,CPU_REFERENCE,2,-0.020833333333333332,0.0,-1.878632631499471,45.57027251743949,0.8151693398677935,-460.126691,True
50004,sustained,long_context,11,SPLIT_REFERENCE,0,0.0,0.0,-1.4860789549099707,-9.510128299283195,-0.061342150622344604,0.0,True
50004,sustained,long_context,11,EFT_REFERENCE,0,0.0,0.0,-0.040083624044711996,6.331121492875411,0.0856594040105989,0.0,True
50004,sustained,long_context,11,ENERGY_AP_REQUEST_V1,17,-0.16666666666666666,-0.010416666666666666,0.5964878853225457,0.6890888119835381,0.052987626782197594,-3051.626899,True
50004,sustained,long_context,11,MC_RL_01,0,0.0,0.0,-0.43062870943046505,1.917985137528376,-0.0037613156744598086,-387.35428199999996,True
50004,sustained,long_context,23,CPU_REFERENCE,2,-0.020833333333333332,0.0,-1.1900589656839884,27.178439022949306,0.6401213556059417,-54.597328999999945,True
50004,sustained,long_context,23,SPLIT_REFERENCE,0,0.0,0.0,-0.797505289094488,-27.90196179377338,-0.23639013488419636,405.52936200000005,True
50004,sustained,long_context,23,EFT_REFERENCE,0,0.0,0.0,0.6484900417707706,-12.060712001614775,-0.08938858025125285,405.52936200000005,True
50004,sustained,long_context,23,ENERGY_AP_REQUEST_V1,17,-0.16666666666666666,-0.010416666666666666,1.2850615511380283,-17.702744682506648,-0.12206035747965416,-2646.097537,True
50004,sustained,long_context,23,MC_RL_01,0,0.0,0.0,0.2579449563850176,-16.47384835696181,-0.17880929993631156,18.175080000000094,True
50004,sustained,long_context,37,CPU_REFERENCE,2,-0.020833333333333332,0.0,-1.1492731280245039,27.293746017399172,0.401027634071653,-136.09470199999998,True
50004,sustained,long_context,37,SPLIT_REFERENCE,0,0.0,0.0,-0.7567194514350035,-27.786654799323514,-0.4754838564184851,324.031989,True
50004,sustained,long_context,37,EFT_REFERENCE,0,0.0,0.0,0.6892758794302551,-11.945405007164908,-0.3284823017855416,324.031989,True
50004,sustained,long_context,37,ENERGY_AP_REQUEST_V1,17,-0.16666666666666666,-0.010416666666666666,1.3258473887975128,-17.58743768805678,-0.3611540790139429,-2727.59491,True
50004,sustained,long_context,37,MC_RL_01,0,0.0,0.0,0.2987307940445021,-16.358541362511943,-0.4179030214706003,-63.322292999999945,True
50005,low,mean,11,CPU_REFERENCE,0,0.0,0.0,0.0,0.0,0.0,0.0,True
50005,low,mean,11,SPLIT_REFERENCE,0,0.0,0.0,-0.2855510426356318,-1.798471761737133,-0.04569275162791797,-137.874704,True
50005,low,mean,11,EFT_REFERENCE,0,0.0,0.0,0.0,0.0,0.0,0.0,True
50005,low,mean,11,ENERGY_AP_REQUEST_V1,0,0.0,0.0,0.04324684987909677,-0.7440306710120943,-0.05885641149160037,-1240.8481230000002,True
50005,low,mean,11,MC_RL_01,0,0.0,0.0,0.0,-0.0805400212863212,-9.569784206675536e-05,-250.0,True
50005,low,mean,23,CPU_REFERENCE,0,0.0,0.0,0.0,0.0,0.0,0.0,True
50005,low,mean,23,SPLIT_REFERENCE,0,0.0,0.0,-0.2855510426356318,-1.798471761737133,-0.04569275162791797,-137.874704,True
50005,low,mean,23,EFT_REFERENCE,0,0.0,0.0,0.0,0.0,0.0,0.0,True
50005,low,mean,23,ENERGY_AP_REQUEST_V1,0,0.0,0.0,0.04324684987909677,-0.7440306710120943,-0.05885641149160037,-1240.8481230000002,True
50005,low,mean,23,MC_RL_01,0,0.0,0.0,0.0,-0.0805400212863212,-9.569784206675536e-05,-250.0,True
50005,low,mean,37,CPU_REFERENCE,0,0.0,0.0,0.0,0.0,0.0,0.0,True
50005,low,mean,37,SPLIT_REFERENCE,0,0.0,0.0,-0.2855510426356318,-1.798471761737133,-0.04569275162791797,-137.874704,True
50005,low,mean,37,EFT_REFERENCE,0,0.0,0.0,0.0,0.0,0.0,0.0,True
50005,low,mean,37,ENERGY_AP_REQUEST_V1,0,0.0,0.0,0.04324684987909677,-0.7440306710120943,-0.05885641149160037,-1240.8481230000002,True
50005,low,mean,37,MC_RL_01,0,0.0,0.0,0.0,-0.0805400212863212,-9.569784206675536e-05,-250.0,True
50005,low,short_context,11,CPU_REFERENCE,0,0.0,0.0,0.0,0.0,0.0,0.0,True
50005,low,short_context,11,SPLIT_REFERENCE,0,0.0,0.0,-0.2636374739105918,-1.7484789689572828,-0.04458282163251326,-130.42854999999997,True
50005,low,short_context,11,EFT_REFERENCE,0,0.0,0.0,0.0,0.0,0.0,0.0,True
50005,low,short_context,11,ENERGY_AP_REQUEST_V1,0,0.0,0.0,0.04459756199531739,-0.7267281124157847,-0.05792485580673912,-1240.8481230000002,True
50005,low,short_context,11,MC_RL_01,0,0.0,0.0,0.0,-0.08037366453296713,-4.376600209710091e-05,-250.0,True
50005,low,short_context,23,CPU_REFERENCE,0,0.0,0.0,0.0,0.0,0.0,0.0,True
50005,low,short_context,23,SPLIT_REFERENCE,0,0.0,0.0,-0.2636374739105918,-1.7484789689572828,-0.04458282163251326,-130.42854999999997,True
50005,low,short_context,23,EFT_REFERENCE,0,0.0,0.0,0.0,0.0,0.0,0.0,True
50005,low,short_context,23,ENERGY_AP_REQUEST_V1,0,0.0,0.0,0.04459756199531739,-0.7267281124157847,-0.05792485580673912,-1240.8481230000002,True
50005,low,short_context,23,MC_RL_01,0,0.0,0.0,0.0,-0.08037366453296713,-4.376600209710091e-05,-250.0,True
50005,low,short_context,37,CPU_REFERENCE,0,0.0,0.0,0.0,0.0,0.0,0.0,True
50005,low,short_context,37,SPLIT_REFERENCE,0,0.0,0.0,-0.2636374739105918,-1.7484789689572828,-0.04458282163251326,-130.42854999999997,True
50005,low,short_context,37,EFT_REFERENCE,0,0.0,0.0,0.0,0.0,0.0,0.0,True
50005,low,short_context,37,ENERGY_AP_REQUEST_V1,0,0.0,0.0,0.04459756199531739,-0.7267281124157847,-0.05792485580673912,-1240.8481230000002,True
50005,low,short_context,37,MC_RL_01,0,0.0,0.0,0.0,-0.08037366453296713,-4.376600209710091e-05,-250.0,True
50005,low,long_context,11,CPU_REFERENCE,0,0.0,0.0,0.0,0.0,0.0,0.0,True
50005,low,long_context,11,SPLIT_REFERENCE,0,0.0,0.0,-0.3074646113606718,-1.8484744828231108,-0.04680053842534804,-145.320858,True
50005,low,long_context,11,EFT_REFERENCE,0,0.0,0.0,0.0,0.0,0.0,0.0,True
50005,low,long_context,11,ENERGY_AP_REQUEST_V1,0,0.0,0.0,0.041896143209271486,-0.7614126941168884,-0.059784179190593534,-1240.8481230000002,True
50005,low,long_context,11,MC_RL_01,0,0.0,0.0,0.0,-0.0806975300808972,-0.00014486760131404708,-250.0,True
50005,low,long_context,23,CPU_REFERENCE,0,0.0,0.0,0.0,0.0,0.0,0.0,True
50005,low,long_context,23,SPLIT_REFERENCE,0,0.0,0.0,-0.3074646113606718,-1.8484744828231108,-0.04680053842534804,-145.320858,True
50005,low,long_context,23,EFT_REFERENCE,0,0.0,0.0,0.0,0.0,0.0,0.0,True
50005,low,long_context,23,ENERGY_AP_REQUEST_V1,0,0.0,0.0,0.041896143209271486,-0.7614126941168884,-0.059784179190593534,-1240.8481230000002,True
50005,low,long_context,23,MC_RL_01,0,0.0,0.0,0.0,-0.0806975300808972,-0.00014486760131404708,-250.0,True
50005,low,long_context,37,CPU_REFERENCE,0,0.0,0.0,0.0,0.0,0.0,0.0,True
50005,low,long_context,37,SPLIT_REFERENCE,0,0.0,0.0,-0.3074646113606718,-1.8484744828231108,-0.04680053842534804,-145.320858,True
50005,low,long_context,37,EFT_REFERENCE,0,0.0,0.0,0.0,0.0,0.0,0.0,True
50005,low,long_context,37,ENERGY_AP_REQUEST_V1,0,0.0,0.0,0.041896143209271486,-0.7614126941168884,-0.059784179190593534,-1240.8481230000002,True
50005,low,long_context,37,MC_RL_01,0,0.0,0.0,0.0,-0.0806975300808972,-0.00014486760131404708,-250.0,True
50005,queue,mean,11,CPU_REFERENCE,2,0.0,-0.11111111111111113,-0.20106590309598005,3.1144748151723434,0.10119000888500906,-471.936256,True
50005,queue,mean,11,SPLIT_REFERENCE,-1,0.0,0.05555555555555555,0.04324684970418957,-0.6148987444355676,-0.027783483454630442,-108.29698400000001,True
50005,queue,mean,11,EFT_REFERENCE,0,0.0,0.0,0.0,0.0,0.0,0.0,True
50005,queue,mean,11,ENERGY_AP_REQUEST_V1,0,0.0,0.0,0.0,-0.003309768543360292,-0.0038469615668574875,0.0,True
50005,queue,mean,11,MC_RL_01,2,0.0,-0.11111111111111113,-0.00577029631978121,-0.2033786056924214,-0.02682760970979814,0.0,True
50005,queue,mean,23,CPU_REFERENCE,2,0.0,-0.11111111111111113,-0.20106590309598005,3.1144748151723434,0.10119000888500906,-471.936256,True
50005,queue,mean,23,SPLIT_REFERENCE,-1,0.0,0.05555555555555555,0.04324684970418957,-0.6148987444355676,-0.027783483454630442,-108.29698400000001,True
50005,queue,mean,23,EFT_REFERENCE,0,0.0,0.0,0.0,0.0,0.0,0.0,True
50005,queue,mean,23,ENERGY_AP_REQUEST_V1,0,0.0,0.0,0.0,-0.003309768543360292,-0.0038469615668574875,0.0,True
50005,queue,mean,23,MC_RL_01,2,0.0,-0.11111111111111113,-0.00577029631978121,-0.2033786056924214,-0.02682760970979814,0.0,True
50005,queue,mean,37,CPU_REFERENCE,2,0.0,-0.11111111111111113,-0.20106590309598005,3.1144748151723434,0.10119000888500906,-471.936256,True
50005,queue,mean,37,SPLIT_REFERENCE,-1,0.0,0.05555555555555555,0.04324684970418957,-0.6148987444355676,-0.027783483454630442,-108.29698400000001,True
50005,queue,mean,37,EFT_REFERENCE,0,0.0,0.0,0.0,0.0,0.0,0.0,True
50005,queue,mean,37,ENERGY_AP_REQUEST_V1,0,0.0,0.0,0.0,-0.003309768543360292,-0.0038469615668574875,0.0,True
50005,queue,mean,37,MC_RL_01,2,0.0,-0.11111111111111113,-0.00577029631978121,-0.2033786056924214,-0.02682760970979814,0.0,True
50005,queue,short_context,11,CPU_REFERENCE,2,0.0,-0.11111111111111113,-0.2096900195258513,3.029376975042428,0.09660524678177751,-477.21301900000003,True
50005,queue,short_context,11,SPLIT_REFERENCE,-1,0.0,0.05555555555555555,0.0445975592720913,-0.5972293631358347,-0.029414289862486953,-100.57361300000002,True
50005,queue,short_context,11,EFT_REFERENCE,0,0.0,0.0,0.0,0.0,0.0,0.0,True
50005,queue,short_context,11,ENERGY_AP_REQUEST_V1,0,0.0,0.0,0.0,-0.0033150053371961974,-0.004207811063920985,0.0,True
50005,queue,short_context,11,MC_RL_01,2,0.0,-0.11111111111111113,-0.005554805164791787,-0.20683571395924005,-0.02925104343974283,0.0,True
50005,queue,short_context,23,CPU_REFERENCE,2,0.0,-0.11111111111111113,-0.2096900195258513,3.029376975042428,0.09660524678177751,-477.21301900000003,True
50005,queue,short_context,23,SPLIT_REFERENCE,-1,0.0,0.05555555555555555,0.0445975592720913,-0.5972293631358347,-0.029414289862486953,-100.57361300000002,True
50005,queue,short_context,23,EFT_REFERENCE,0,0.0,0.0,0.0,0.0,0.0,0.0,True
50005,queue,short_context,23,ENERGY_AP_REQUEST_V1,0,0.0,0.0,0.0,-0.0033150053371961974,-0.004207811063920985,0.0,True
50005,queue,short_context,23,MC_RL_01,2,0.0,-0.11111111111111113,-0.005554805164791787,-0.20683571395924005,-0.02925104343974283,0.0,True
50005,queue,short_context,37,CPU_REFERENCE,2,0.0,-0.11111111111111113,-0.2096900195258513,3.029376975042428,0.09660524678177751,-477.21301900000003,True
50005,queue,short_context,37,SPLIT_REFERENCE,-1,0.0,0.05555555555555555,0.0445975592720913,-0.5972293631358347,-0.029414289862486953,-100.57361300000002,True
50005,queue,short_context,37,EFT_REFERENCE,0,0.0,0.0,0.0,0.0,0.0,0.0,True
50005,queue,short_context,37,ENERGY_AP_REQUEST_V1,0,0.0,0.0,0.0,-0.0033150053371961974,-0.004207811063920985,0.0,True
50005,queue,short_context,37,MC_RL_01,2,0.0,-0.11111111111111113,-0.005554805164791787,-0.20683571395924005,-0.02925104343974283,0.0,True
50005,queue,long_context,11,CPU_REFERENCE,2,0.0,-0.11111111111111113,-0.19241885259393143,3.1996643873568864,0.10569351038050456,-466.54404300000004,True
50005,queue,long_context,11,SPLIT_REFERENCE,0,0.0,0.0,0.04109626765625762,-0.6297189413501378,-0.025899484596365596,-116.020355,True
50005,queue,long_context,11,EFT_REFERENCE,0,0.0,0.0,0.0,0.0,0.0,0.0,True
50005,queue,long_context,11,ENERGY_AP_REQUEST_V1,0,0.0,0.0,0.0,-0.0030943746450766696,-0.0034877481424331336,0.0,True
50005,queue,long_context,11,MC_RL_01,2,0.0,-0.11111111111111113,-0.00597432114585672,-0.19984819596171022,-0.0244812833923973,0.0,True
50005,queue,long_context,23,CPU_REFERENCE,2,0.0,-0.11111111111111113,-0.19241885259393143,3.1996643873568864,0.10569351038050456,-466.54404300000004,True
50005,queue,long_context,23,SPLIT_REFERENCE,0,0.0,0.0,0.04109626765625762,-0.6297189413501378,-0.025899484596365596,-116.020355,True
50005,queue,long_context,23,EFT_REFERENCE,0,0.0,0.0,0.0,0.0,0.0,0.0,True
50005,queue,long_context,23,ENERGY_AP_REQUEST_V1,0,0.0,0.0,0.0,-0.0030943746450766696,-0.0034877481424331336,0.0,True
50005,queue,long_context,23,MC_RL_01,2,0.0,-0.11111111111111113,-0.00597432114585672,-0.19984819596171022,-0.0244812833923973,0.0,True
50005,queue,long_context,37,CPU_REFERENCE,2,0.0,-0.11111111111111113,-0.19241885259393143,3.1996643873568864,0.10569351038050456,-466.54404300000004,True
50005,queue,long_context,37,SPLIT_REFERENCE,0,0.0,0.0,0.04109626765625762,-0.6297189413501378,-0.025899484596365596,-116.020355,True
50005,queue,long_context,37,EFT_REFERENCE,0,0.0,0.0,0.0,0.0,0.0,0.0,True
50005,queue,long_context,37,ENERGY_AP_REQUEST_V1,0,0.0,0.0,0.0,-0.0030943746450766696,-0.0034877481424331336,0.0,True
50005,queue,long_context,37,MC_RL_01,2,0.0,-0.11111111111111113,-0.00597432114585672,-0.19984819596171022,-0.0244812833923973,0.0,True
50005,burst,mean,11,CPU_REFERENCE,1,0.0,-0.05555555555555555,-0.21623424792315404,3.2869257136071894,0.10544402165898958,-147.277691,True
50005,burst,mean,11,SPLIT_REFERENCE,0,0.0,0.0,-0.0006258817408308914,-0.4033493555641776,-0.014565218840711935,0.0,True
50005,burst,mean,11,EFT_REFERENCE,1,0.0,-0.05555555555555555,-0.12974054887791908,2.0885212390919285,0.052416459948755545,183.15485999999999,True
50005,burst,mean,11,ENERGY_AP_REQUEST_V1,1,0.0,-0.05555555555555555,-0.08649369899885073,1.3626117728293323,0.04425658458224291,-394.722121,True
50005,burst,mean,11,MC_RL_01,0,0.0,0.0,-0.08287299412202742,0.8105127689242124,0.009753818513516421,63.27170100000001,True
50005,burst,mean,23,CPU_REFERENCE,1,0.0,-0.05555555555555555,-0.21623424792315404,3.2869257136071894,0.10544402165898958,-147.277691,True
50005,burst,mean,23,SPLIT_REFERENCE,0,0.0,0.0,-0.0006258817408308914,-0.4033493555641776,-0.014565218840711935,0.0,True
50005,burst,mean,23,EFT_REFERENCE,1,0.0,-0.05555555555555555,-0.12974054887791908,2.0885212390919285,0.052416459948755545,183.15485999999999,True
50005,burst,mean,23,ENERGY_AP_REQUEST_V1,1,0.0,-0.05555555555555555,-0.08649369899885073,1.3626117728293323,0.04425658458224291,-394.722121,True
50005,burst,mean,23,MC_RL_01,0,0.0,0.0,-0.08287299412202742,0.8105127689242124,0.009753818513516421,63.27170100000001,True
50005,burst,mean,37,CPU_REFERENCE,1,0.0,-0.05555555555555555,-0.21623424792315404,3.2869257136071894,0.10544402165898958,-147.277691,True
50005,burst,mean,37,SPLIT_REFERENCE,0,0.0,0.0,-0.0006258817408308914,-0.4033493555641776,-0.014565218840711935,0.0,True
50005,burst,mean,37,EFT_REFERENCE,1,0.0,-0.05555555555555555,-0.12974054887791908,2.0885212390919285,0.052416459948755545,183.15485999999999,True
50005,burst,mean,37,ENERGY_AP_REQUEST_V1,1,0.0,-0.05555555555555555,-0.08649369899885073,1.3626117728293323,0.04425658458224291,-394.722121,True
50005,burst,mean,37,MC_RL_01,0,0.0,0.0,-0.08287299412202742,0.8105127689242124,0.009753818513516421,63.27170100000001,True
50005,burst,short_context,11,CPU_REFERENCE,1,0.0,-0.05555555555555555,-0.22298779488832565,3.1931563454885143,0.1015691238091172,-166.55493600000005,True
50005,burst,short_context,11,SPLIT_REFERENCE,0,0.0,0.0,0.0019489215656847136,-0.3926918973497351,-0.0152191400243602,0.0,True
50005,burst,short_context,11,EFT_REFERENCE,1,0.0,-0.05555555555555555,-0.13379267692852181,2.030780086569134,0.05132007669203986,163.877615,True
50005,burst,short_context,11,ENERGY_AP_REQUEST_V1,1,0.0,-0.05555555555555555,-0.08919511778489664,1.3218634999450067,0.04250829493158648,-417.615017,True
50005,burst,short_context,11,MC_RL_01,0,0.0,0.0,-0.08069805754044523,0.7753083908031755,0.009882642628610938,55.548329999999964,True
50005,burst,short_context,23,CPU_REFERENCE,1,0.0,-0.05555555555555555,-0.22298779488832565,3.1931563454885143,0.1015691238091172,-166.55493600000005,True
50005,burst,short_context,23,SPLIT_REFERENCE,0,0.0,0.0,0.0019489215656847136,-0.3926918973497351,-0.0152191400243602,0.0,True
50005,burst,short_context,23,EFT_REFERENCE,1,0.0,-0.05555555555555555,-0.13379267692852181,2.030780086569134,0.05132007669203986,163.877615,True
50005,burst,short_context,23,ENERGY_AP_REQUEST_V1,1,0.0,-0.05555555555555555,-0.08919511778489664,1.3218634999450067,0.04250829493158648,-417.615017,True
50005,burst,short_context,23,MC_RL_01,0,0.0,0.0,-0.08069805754044523,0.7753083908031755,0.009882642628610938,55.548329999999964,True
50005,burst,short_context,37,CPU_REFERENCE,1,0.0,-0.05555555555555555,-0.22298779488832565,3.1931563454885143,0.1015691238091172,-166.55493600000005,True
50005,burst,short_context,37,SPLIT_REFERENCE,0,0.0,0.0,0.0019489215656847136,-0.3926918973497351,-0.0152191400243602,0.0,True
50005,burst,short_context,37,EFT_REFERENCE,1,0.0,-0.05555555555555555,-0.13379267692852181,2.030780086569134,0.05132007669203986,163.877615,True
50005,burst,short_context,37,ENERGY_AP_REQUEST_V1,1,0.0,-0.05555555555555555,-0.08919511778489664,1.3218634999450067,0.04250829493158648,-417.615017,True
50005,burst,short_context,37,MC_RL_01,0,0.0,0.0,-0.08069805754044523,0.7753083908031755,0.009882642628610938,55.548329999999964,True
50005,burst,long_context,11,CPU_REFERENCE,1,0.0,-0.05555555555555555,-0.20823022310921147,3.375391032634667,0.10994607091586772,-127.80802999999992,True
50005,burst,long_context,11,SPLIT_REFERENCE,0,0.0,0.0,-0.0028074193816109982,-0.41554917612601017,-0.012912423094682879,0.0,True
50005,burst,long_context,11,EFT_REFERENCE,1,0.0,-0.05555555555555555,-0.12443794188013158,2.141053560139593,0.05422468646461098,202.62452200000007,True
50005,burst,long_context,11,ENERGY_AP_REQUEST_V1,1,0.0,-0.05555555555555555,-0.08254180223551089,1.398079248793696,0.04664799800123376,-371.82922499999995,True
50005,burst,long_context,11,MC_RL_01,0,0.0,0.0,-0.08385479227143833,0.8406679902659882,0.010335335508742105,70.99507200000005,True
50005,burst,long_context,23,CPU_REFERENCE,1,0.0,-0.05555555555555555,-0.20823022310921147,3.375391032634667,0.10994607091586772,-127.80802999999992,True
50005,burst,long_context,23,SPLIT_REFERENCE,0,0.0,0.0,-0.0028074193816109982,-0.41554917612601017,-0.012912423094682879,0.0,True
50005,burst,long_context,23,EFT_REFERENCE,1,0.0,-0.05555555555555555,-0.12443794188013158,2.141053560139593,0.05422468646461098,202.62452200000007,True
50005,burst,long_context,23,ENERGY_AP_REQUEST_V1,1,0.0,-0.05555555555555555,-0.08254180223551089,1.398079248793696,0.04664799800123376,-371.82922499999995,True
50005,burst,long_context,23,MC_RL_01,0,0.0,0.0,-0.08385479227143833,0.8406679902659882,0.010335335508742105,70.99507200000005,True
50005,burst,long_context,37,CPU_REFERENCE,1,0.0,-0.05555555555555555,-0.20823022310921147,3.375391032634667,0.10994607091586772,-127.80802999999992,True
50005,burst,long_context,37,SPLIT_REFERENCE,0,0.0,0.0,-0.0028074193816109982,-0.41554917612601017,-0.012912423094682879,0.0,True
50005,burst,long_context,37,EFT_REFERENCE,1,0.0,-0.05555555555555555,-0.12443794188013158,2.141053560139593,0.05422468646461098,202.62452200000007,True
50005,burst,long_context,37,ENERGY_AP_REQUEST_V1,1,0.0,-0.05555555555555555,-0.08254180223551089,1.398079248793696,0.04664799800123376,-371.82922499999995,True
50005,burst,long_context,37,MC_RL_01,0,0.0,0.0,-0.08385479227143833,0.8406679902659882,0.010335335508742105,70.99507200000005,True
50005,sustained,mean,11,CPU_REFERENCE,0,0.0,0.0,-1.9248258563212914,43.59493006392236,0.5453378563019342,-384.062073,True
50005,sustained,mean,11,SPLIT_REFERENCE,0,0.0,0.0,-1.427755213178159,-9.723988854837359,-0.13029096085967495,0.0,True
50005,sustained,mean,11,EFT_REFERENCE,0,0.0,0.0,-0.02510702963940048,8.041993547816446,0.0902371411402072,0.0,True
50005,sustained,mean,11,ENERGY_AP_REQUEST_V1,3,-0.03125,0.0,1.4523248545409047,-13.300849836867087,-0.2251216680216359,-1197.017707,True
50005,sustained,mean,11,MC_RL_01,0,0.0,0.0,-1.0933813302451085,4.26041838917331,0.05857276654131027,-498.538429,True
50005,sustained,mean,23,CPU_REFERENCE,0,0.0,0.0,-1.0648661839557008,23.81045845508484,0.3560578974928035,22.889947000000006,True
50005,sustained,mean,23,SPLIT_REFERENCE,0,0.0,0.0,-0.5677955408125683,-29.50846046367488,-0.3195709196688057,406.95202,True
50005,sustained,mean,23,EFT_REFERENCE,0,0.0,0.0,0.8348526427261902,-11.742478061021075,-0.09904281766892353,406.95202,True
50005,sustained,mean,23,ENERGY_AP_REQUEST_V1,3,-0.03125,0.0,2.3122845269064953,-33.08532144570461,-0.41440162683076665,-790.0656869999999,True
50005,sustained,mean,23,MC_RL_01,0,0.0,0.0,-0.23342165787951785,-15.52405321966421,-0.13070719226782046,-91.586409,True
50005,sustained,mean,37,CPU_REFERENCE,0,0.0,0.0,-0.9911912209610136,22.46501798090557,0.08493693657297641,-48.15910400000007,True
50005,sustained,mean,37,SPLIT_REFERENCE,0,0.0,0.0,-0.4941205778178812,-30.85390093785415,-0.5906918805886328,335.9029689999999,True
50005,sustained,mean,37,EFT_REFERENCE,0,0.0,0.0,0.9085276057208773,-13.087918535200345,-0.3701637785887506,335.9029689999999,True
50005,sustained,mean,37,ENERGY_AP_REQUEST_V1,3,-0.03125,0.0,2.3859594899011825,-34.43076191988388,-0.6855225877505937,-861.114738,True
50005,sustained,mean,37,MC_RL_01,0,0.0,0.0,-0.15974669488483073,-16.86949369384348,-0.40182815318764753,-162.63546000000008,True
50005,sustained,short_context,11,CPU_REFERENCE,0,0.0,0.0,-2.108020162473281,42.254153161126425,0.5312222051593132,-476.24534700000004,True
50005,sustained,short_context,11,SPLIT_REFERENCE,0,0.0,0.0,-1.3621269485379912,-9.775535750065671,-0.1275803106332276,0.0,True
50005,sustained,short_context,11,EFT_REFERENCE,0,0.0,0.0,-0.11114113542527093,7.534853669223764,0.08664813881134847,0.0,True
50005,sustained,short_context,11,ENERGY_AP_REQUEST_V1,2,-0.020833333333333332,0.0,1.2016184762831017,-10.402611730274117,-0.1665700217687558,-1197.017707,True
50005,sustained,short_context,11,MC_RL_01,0,0.0,0.0,-0.9562784085565568,5.196397385536869,0.0854708189896698,-495.55005600000004,True
50005,sustained,short_context,23,CPU_REFERENCE,0,0.0,0.0,-1.164231780644542,22.855457941498628,0.3457402416412485,-69.29332699999998,True
50005,sustained,short_context,23,SPLIT_REFERENCE,0,0.0,0.0,-0.4183385667092523,-29.17423096969347,-0.3130622741512923,406.95202000000006,True
50005,sustained,short_context,23,EFT_REFERENCE,0,0.0,0.0,0.832647246403468,-11.863841550404032,-0.0988338247067162,406.95202000000006,True
50005,sustained,short_context,23,ENERGY_AP_REQUEST_V1,2,-0.020833333333333332,0.0,2.1454068581118406,-29.801306949901914,-0.35205198528682047,-790.0656869999999,True
50005,sustained,short_context,23,MC_RL_01,0,0.0,0.0,-0.012490026727817849,-14.202297834090928,-0.10001114452839488,-88.59803599999998,True
50005,sustained,short_context,37,CPU_REFERENCE,0,0.0,0.0,-1.106698797890516,21.625587138756202,0.07580635102737787,-98.60961700000007,True
50005,sustained,short_context,37,SPLIT_REFERENCE,0,0.0,0.0,-0.36080558395522644,-30.404101772435894,-0.5829961647651629,377.63572999999997,True
50005,sustained,short_context,37,EFT_REFERENCE,0,0.0,0.0,0.8901802291574938,-13.093712353146458,-0.36876771532058683,377.63572999999997,True
50005,sustained,short_context,37,ENERGY_AP_REQUEST_V1,2,-0.020833333333333332,0.0,2.2029398408658665,-31.03117775264434,-0.6219858759006911,-819.381977,True
50005,sustained,short_context,37,MC_RL_01,0,0.0,0.0,0.045042956026208,-15.432168636833353,-0.3699450351422655,-117.91432600000007,True
50005,sustained,long_context,11,CPU_REFERENCE,0,0.0,0.0,-1.786129304261408,44.63644733022787,0.5590123877363347,-372.17125100000004,True
50005,sustained,long_context,11,SPLIT_REFERENCE,0,0.0,0.0,-1.5373230568033875,-9.993164607850815,-0.13392013022063054,0.0,True
50005,sustained,long_context,11,EFT_REFERENCE,0,0.0,0.0,0.01609674475091083,8.232777504737555,0.09287217774190992,0.0,True
50005,sustained,long_context,11,ENERGY_AP_REQUEST_V1,3,-0.03125,0.0,1.4246263327949293,-12.95757384164611,-0.20026569703719588,-1197.017707,True
50005,sustained,long_context,11,MC_RL_01,0,0.0,0.0,-1.1303880362451366,1.5418007467101802,0.05229254449104559,-497.214261,True
50005,sustained,long_context,23,CPU_REFERENCE,0,0.0,0.0,-1.010982077689789,24.473387927058297,0.3659650940151131,34.780768999999964,True
50005,sustained,long_context,23,SPLIT_REFERENCE,0,0.0,0.0,-0.7621758302317687,-30.156224011020385,-0.3269674239418521,406.95202,True
50005,sustained,long_context,23,EFT_REFERENCE,0,0.0,0.0,0.7912439713225297,-11.930281898432014,-0.10017511597931161,406.95202,True
50005,sustained,long_context,23,ENERGY_AP_REQUEST_V1,3,-0.03125,0.0,2.199773559366548,-33.12063324481568,-0.3933129907584174,-790.0656869999999,True
50005,sustained,long_context,23,MC_RL_01,0,0.0,0.0,-0.3552408096735178,-18.62125865645939,-0.14075474923017595,-90.26224100000002,True
50005,sustained,long_context,37,CPU_REFERENCE,0,0.0,0.0,-0.9205942477989311,22.998805356780252,0.09142145420904768,-48.95091000000002,True
50005,sustained,long_context,37,SPLIT_REFERENCE,0,0.0,0.0,-0.6717880003409107,-31.63080658129843,-0.6015110637479175,323.220341,True
50005,sustained,long_context,37,EFT_REFERENCE,0,0.0,0.0,0.8816318012133877,-13.404864468710059,-0.37471875578537706,323.220341,True
50005,sustained,long_context,37,ENERGY_AP_REQUEST_V1,3,-0.03125,0.0,2.290161389257406,-34.595215815093724,-0.6678566305644829,-873.7973659999999,True
50005,sustained,long_context,37,MC_RL_01,0,0.0,0.0,-0.26485297978265976,-20.095841226737434,-0.4152983890362414,-173.99392,True
50006,low,mean,11,CPU_REFERENCE,0,0.0,0.0,0.0,0.0,0.0,0.0,True
50006,low,mean,11,SPLIT_REFERENCE,0,0.0,0.0,-0.2855510426356318,-1.7736709112414353,-0.04128417220234937,-137.874704,True
50006,low,mean,11,EFT_REFERENCE,0,0.0,0.0,0.0,0.0,0.0,0.0,True
50006,low,mean,11,ENERGY_AP_REQUEST_V1,0,0.0,0.0,0.08649370047109528,-1.4225908977246,-0.06425244062085511,-1163.5033469999998,True
50006,low,mean,11,MC_RL_01,0,0.0,0.0,0.0,-0.08243737956788522,0.01537469242343903,-250.0,True
50006,low,mean,23,CPU_REFERENCE,0,0.0,0.0,0.0,0.0,0.0,0.0,True
50006,low,mean,23,SPLIT_REFERENCE,0,0.0,0.0,-0.2855510426356318,-1.7736709112414353,-0.04128417220234937,-137.874704,True
50006,low,mean,23,EFT_REFERENCE,0,0.0,0.0,0.0,0.0,0.0,0.0,True
50006,low,mean,23,ENERGY_AP_REQUEST_V1,0,0.0,0.0,0.08649370047109528,-1.4225908977246,-0.06425244062085511,-1163.5033469999998,True
50006,low,mean,23,MC_RL_01,0,0.0,0.0,0.0,-0.08243737956788522,0.01537469242343903,-250.0,True
50006,low,mean,37,CPU_REFERENCE,0,0.0,0.0,0.0,0.0,0.0,0.0,True
50006,low,mean,37,SPLIT_REFERENCE,0,0.0,0.0,-0.2855510426356318,-1.7736709112414353,-0.04128417220234937,-137.874704,True
50006,low,mean,37,EFT_REFERENCE,0,0.0,0.0,0.0,0.0,0.0,0.0,True
50006,low,mean,37,ENERGY_AP_REQUEST_V1,0,0.0,0.0,0.08649370047109528,-1.4225908977246,-0.06425244062085511,-1163.5033469999998,True
50006,low,mean,37,MC_RL_01,0,0.0,0.0,0.0,-0.08243737956788522,0.01537469242343903,-250.0,True
50006,low,short_context,11,CPU_REFERENCE,0,0.0,0.0,0.0,0.0,0.0,0.0,True
50006,low,short_context,11,SPLIT_REFERENCE,0,0.0,0.0,-0.2636374739105918,-1.7224540303166194,-0.04013463650559146,-130.42854999999997,True
50006,low,short_context,11,EFT_REFERENCE,0,0.0,0.0,0.0,0.0,0.0,0.0,True
50006,low,short_context,11,ENERGY_AP_REQUEST_V1,0,0.0,0.0,0.08919512055450696,-1.3849013578702163,-0.06260923693768561,-1162.780217,True
50006,low,short_context,11,MC_RL_01,0,0.0,0.0,0.0,-0.08237308902099727,0.015426522827084455,-250.0,True
50006,low,short_context,23,CPU_REFERENCE,0,0.0,0.0,0.0,0.0,0.0,0.0,True
50006,low,short_context,23,SPLIT_REFERENCE,0,0.0,0.0,-0.2636374739105918,-1.7224540303166194,-0.04013463650559146,-130.42854999999997,True
50006,low,short_context,23,EFT_REFERENCE,0,0.0,0.0,0.0,0.0,0.0,0.0,True
50006,low,short_context,23,ENERGY_AP_REQUEST_V1,0,0.0,0.0,0.08919512055450696,-1.3849013578702163,-0.06260923693768561,-1162.780217,True
50006,low,short_context,23,MC_RL_01,0,0.0,0.0,0.0,-0.08237308902099727,0.015426522827084455,-250.0,True
50006,low,short_context,37,CPU_REFERENCE,0,0.0,0.0,0.0,0.0,0.0,0.0,True
50006,low,short_context,37,SPLIT_REFERENCE,0,0.0,0.0,-0.2636374739105918,-1.7224540303166194,-0.04013463650559146,-130.42854999999997,True
50006,low,short_context,37,EFT_REFERENCE,0,0.0,0.0,0.0,0.0,0.0,0.0,True
50006,low,short_context,37,ENERGY_AP_REQUEST_V1,0,0.0,0.0,0.08919512055450696,-1.3849013578702163,-0.06260923693768561,-1162.780217,True
50006,low,short_context,37,MC_RL_01,0,0.0,0.0,0.0,-0.08237308902099727,0.015426522827084455,-250.0,True
50006,low,long_context,11,CPU_REFERENCE,0,0.0,0.0,0.0,0.0,0.0,0.0,True
50006,low,long_context,11,SPLIT_REFERENCE,0,0.0,0.0,-0.3074646113606718,-1.8248645581006215,-0.04243411577371248,-145.320858,True
50006,low,long_context,11,EFT_REFERENCE,0,0.0,0.0,0.0,0.0,0.0,0.0,True
50006,low,long_context,11,ENERGY_AP_REQUEST_V1,0,0.0,0.0,0.08379228298238672,-1.4603253669227563,-0.06589230735717422,-1164.187994,True
50006,low,long_context,11,MC_RL_01,0,0.0,0.0,0.0,-0.08249825071517236,0.01532561870547866,-250.0,True
50006,low,long_context,23,CPU_REFERENCE,0,0.0,0.0,0.0,0.0,0.0,0.0,True
50006,low,long_context,23,SPLIT_REFERENCE,0,0.0,0.0,-0.3074646113606718,-1.8248645581006215,-0.04243411577371248,-145.320858,True
50006,low,long_context,23,EFT_REFERENCE,0,0.0,0.0,0.0,0.0,0.0,0.0,True
50006,low,long_context,23,ENERGY_AP_REQUEST_V1,0,0.0,0.0,0.08379228298238672,-1.4603253669227563,-0.06589230735717422,-1164.187994,True
50006,low,long_context,23,MC_RL_01,0,0.0,0.0,0.0,-0.08249825071517236,0.01532561870547866,-250.0,True
50006,low,long_context,37,CPU_REFERENCE,0,0.0,0.0,0.0,0.0,0.0,0.0,True
50006,low,long_context,37,SPLIT_REFERENCE,0,0.0,0.0,-0.3074646113606718,-1.8248645581006215,-0.04243411577371248,-145.320858,True
50006,low,long_context,37,EFT_REFERENCE,0,0.0,0.0,0.0,0.0,0.0,0.0,True
50006,low,long_context,37,ENERGY_AP_REQUEST_V1,0,0.0,0.0,0.08379228298238672,-1.4603253669227563,-0.06589230735717422,-1164.187994,True
50006,low,long_context,37,MC_RL_01,0,0.0,0.0,0.0,-0.08249825071517236,0.01532561870547866,-250.0,True
50006,queue,mean,11,CPU_REFERENCE,3,0.0,-0.16666666666666669,-0.2594810979771296,3.692119216242837,0.13202723033016994,-472.55822299999994,True
50006,queue,mean,11,SPLIT_REFERENCE,0,0.0,0.0,0.0,0.0,0.0,0.0,True
50006,queue,mean,11,EFT_REFERENCE,2,0.0,-0.1111111111111111,-0.1297405489243033,1.9494451855029986,0.06633213464183996,0.0,True
50006,queue,mean,11,ENERGY_AP_REQUEST_V1,3,0.0,-0.16666666666666669,-0.12974054963723347,1.80946354401323,0.07026442244898945,-260.017174,True
50006,queue,mean,11,MC_RL_01,3,0.0,-0.16666666666666669,-0.1285154363029335,0.21699445916943816,0.015174748004568528,0.0,True
50006,queue,mean,23,CPU_REFERENCE,3,0.0,-0.16666666666666669,-0.2594810979771296,3.692119216242837,0.13202723033016994,-472.55822299999994,True
50006,queue,mean,23,SPLIT_REFERENCE,0,0.0,0.0,0.0,0.0,0.0,0.0,True
50006,queue,mean,23,EFT_REFERENCE,2,0.0,-0.1111111111111111,-0.1297405489243033,1.9494451855029986,0.06633213464183996,0.0,True
50006,queue,mean,23,ENERGY_AP_REQUEST_V1,3,0.0,-0.16666666666666669,-0.12974054963723347,1.80946354401323,0.07026442244898945,-260.017174,True
50006,queue,mean,23,MC_RL_01,3,0.0,-0.16666666666666669,-0.1285154363029335,0.21699445916943816,0.015174748004568528,0.0,True
50006,queue,mean,37,CPU_REFERENCE,3,0.0,-0.16666666666666669,-0.2594810979771296,3.692119216242837,0.13202723033016994,-472.55822299999994,True
50006,queue,mean,37,SPLIT_REFERENCE,0,0.0,0.0,0.0,0.0,0.0,0.0,True
50006,queue,mean,37,EFT_REFERENCE,2,0.0,-0.1111111111111111,-0.1297405489243033,1.9494451855029986,0.06633213464183996,0.0,True
50006,queue,mean,37,ENERGY_AP_REQUEST_V1,3,0.0,-0.16666666666666669,-0.12974054963723347,1.80946354401323,0.07026442244898945,-260.017174,True
50006,queue,mean,37,MC_RL_01,3,0.0,-0.16666666666666669,-0.1285154363029335,0.21699445916943816,0.015174748004568528,0.0,True
50006,queue,short_context,11,CPU_REFERENCE,3,0.0,-0.16666666666666669,-0.26758535459231325,3.585397957117465,0.12839837099539864,-477.8349860000001,True
50006,queue,short_context,11,SPLIT_REFERENCE,0,0.0,0.0,0.0,0.0,0.0,0.0,True
50006,queue,short_context,11,EFT_REFERENCE,2,0.0,-0.1111111111111111,-0.13379267723189514,1.8941697339935502,0.06601545287721322,0.0,True
50006,queue,short_context,11,ENERGY_AP_REQUEST_V1,3,0.0,-0.16666666666666669,-0.1337926779448253,1.7546573625343278,0.06863313129972681,-267.46332800000005,True
50006,queue,short_context,11,MC_RL_01,3,0.0,-0.16666666666666669,-0.1267274778971057,0.20814169296921747,0.014318272836096213,0.0,True
50006,queue,short_context,23,CPU_REFERENCE,3,0.0,-0.16666666666666669,-0.26758535459231325,3.585397957117465,0.12839837099539864,-477.8349860000001,True
50006,queue,short_context,23,SPLIT_REFERENCE,0,0.0,0.0,0.0,0.0,0.0,0.0,True
50006,queue,short_context,23,EFT_REFERENCE,2,0.0,-0.1111111111111111,-0.13379267723189514,1.8941697339935502,0.06601545287721322,0.0,True
50006,queue,short_context,23,ENERGY_AP_REQUEST_V1,3,0.0,-0.16666666666666669,-0.1337926779448253,1.7546573625343278,0.06863313129972681,-267.46332800000005,True
50006,queue,short_context,23,MC_RL_01,3,0.0,-0.16666666666666669,-0.1267274778971057,0.20814169296921747,0.014318272836096213,0.0,True
50006,queue,short_context,37,CPU_REFERENCE,3,0.0,-0.16666666666666669,-0.26758535459231325,3.585397957117465,0.12839837099539864,-477.8349860000001,True
50006,queue,short_context,37,SPLIT_REFERENCE,0,0.0,0.0,0.0,0.0,0.0,0.0,True
50006,queue,short_context,37,EFT_REFERENCE,2,0.0,-0.1111111111111111,-0.13379267723189514,1.8941697339935502,0.06601545287721322,0.0,True
50006,queue,short_context,37,ENERGY_AP_REQUEST_V1,3,0.0,-0.16666666666666669,-0.1337926779448253,1.7546573625343278,0.06863313129972681,-267.46332800000005,True
50006,queue,short_context,37,MC_RL_01,3,0.0,-0.16666666666666669,-0.1267274778971057,0.20814169296921747,0.014318272836096213,0.0,True
50006,queue,long_context,11,CPU_REFERENCE,3,0.0,-0.16666666666666669,-0.25137684174740116,3.798830913522117,0.1356569167435815,-467.16600999999997,True
50006,queue,long_context,11,SPLIT_REFERENCE,0,0.0,0.0,0.0,0.0,0.0,0.0,True
50006,queue,long_context,11,EFT_REFERENCE,2,0.0,-0.1111111111111111,-0.12568842100219513,2.002372807943086,0.06673351647440384,0.0,True
50006,queue,long_context,11,ENERGY_AP_REQUEST_V1,3,0.0,-0.16666666666666669,-0.12568842100219513,1.864269277668427,0.07190885644971345,-252.57102000000003,True
50006,queue,long_context,11,MC_RL_01,3,0.0,-0.16666666666666669,-0.1303263303352935,0.22590877623772343,0.016040420946467293,0.0,True
50006,queue,long_context,23,CPU_REFERENCE,3,0.0,-0.16666666666666669,-0.25137684174740116,3.798830913522117,0.1356569167435815,-467.16600999999997,True
50006,queue,long_context,23,SPLIT_REFERENCE,0,0.0,0.0,0.0,0.0,0.0,0.0,True
50006,queue,long_context,23,EFT_REFERENCE,2,0.0,-0.1111111111111111,-0.12568842100219513,2.002372807943086,0.06673351647440384,0.0,True
50006,queue,long_context,23,ENERGY_AP_REQUEST_V1,3,0.0,-0.16666666666666669,-0.12568842100219513,1.864269277668427,0.07190885644971345,-252.57102000000003,True
50006,queue,long_context,23,MC_RL_01,3,0.0,-0.16666666666666669,-0.1303263303352935,0.22590877623772343,0.016040420946467293,0.0,True
50006,queue,long_context,37,CPU_REFERENCE,3,0.0,-0.16666666666666669,-0.25137684174740116,3.798830913522117,0.1356569167435815,-467.16600999999997,True
50006,queue,long_context,37,SPLIT_REFERENCE,0,0.0,0.0,0.0,0.0,0.0,0.0,True
50006,queue,long_context,37,EFT_REFERENCE,2,0.0,-0.1111111111111111,-0.12568842100219513,2.002372807943086,0.06673351647440384,0.0,True
50006,queue,long_context,37,ENERGY_AP_REQUEST_V1,3,0.0,-0.16666666666666669,-0.12568842100219513,1.864269277668427,0.07190885644971345,-252.57102000000003,True
50006,queue,long_context,37,MC_RL_01,3,0.0,-0.16666666666666669,-0.1303263303352935,0.22590877623772343,0.016040420946467293,0.0,True
50006,burst,mean,11,CPU_REFERENCE,2,0.0,-0.1111111111111111,-0.2594810980592115,3.5535191444238485,0.1271956795580209,-197.793675,True
50006,burst,mean,11,SPLIT_REFERENCE,0,0.0,0.0,0.0,0.0,0.0,0.0,True
50006,burst,mean,11,EFT_REFERENCE,1,0.0,-0.05555555555555555,-0.08649369971175247,1.2823674013097097,0.04941245027228547,115.24188399999997,True
50006,burst,mean,11,ENERGY_AP_REQUEST_V1,2,0.0,-0.1111111111111111,-0.08649369971175247,1.1650801929415273,0.05059598224723416,-323.678311,True
50006,burst,mean,11,MC_RL_01,2,0.0,-0.1111111111111111,-0.08512393043886846,0.4969216410899904,0.02161245809847756,0.0,True
50006,burst,mean,23,CPU_REFERENCE,2,0.0,-0.1111111111111111,-0.2594810980592115,3.5535191444238485,0.1271956795580209,-197.793675,True
50006,burst,mean,23,SPLIT_REFERENCE,0,0.0,0.0,0.0,0.0,0.0,0.0,True
50006,burst,mean,23,EFT_REFERENCE,1,0.0,-0.05555555555555555,-0.08649369971175247,1.2823674013097097,0.04941245027228547,115.24188399999997,True
50006,burst,mean,23,ENERGY_AP_REQUEST_V1,2,0.0,-0.1111111111111111,-0.08649369971175247,1.1650801929415273,0.05059598224723416,-323.678311,True
50006,burst,mean,23,MC_RL_01,2,0.0,-0.1111111111111111,-0.08512393043886846,0.4969216410899904,0.02161245809847756,0.0,True
50006,burst,mean,37,CPU_REFERENCE,2,0.0,-0.1111111111111111,-0.2594810980592115,3.5535191444238485,0.1271956795580209,-197.793675,True
50006,burst,mean,37,SPLIT_REFERENCE,0,0.0,0.0,0.0,0.0,0.0,0.0,True
50006,burst,mean,37,EFT_REFERENCE,1,0.0,-0.05555555555555555,-0.08649369971175247,1.2823674013097097,0.04941245027228547,115.24188399999997,True
50006,burst,mean,37,ENERGY_AP_REQUEST_V1,2,0.0,-0.1111111111111111,-0.08649369971175247,1.1650801929415273,0.05059598224723416,-323.678311,True
50006,burst,mean,37,MC_RL_01,2,0.0,-0.1111111111111111,-0.08512393043886846,0.4969216410899904,0.02161245809847756,0.0,True
50006,burst,short_context,11,CPU_REFERENCE,2,0.0,-0.1111111111111111,-0.2675853542889399,3.447957717298486,0.12360639167909682,-219.96344100000005,True
50006,burst,short_context,11,SPLIT_REFERENCE,0,0.0,0.0,0.0,0.0,0.0,0.0,True
50006,burst,short_context,11,EFT_REFERENCE,1,0.0,-0.05555555555555555,-0.08919511778492506,1.2440926216163533,0.04967481500717952,94.51837899999998,True
50006,burst,short_context,11,ENERGY_AP_REQUEST_V1,2,0.0,-0.1111111111111111,-0.0891951184978268,1.1441898463819378,0.05010930602617236,-96.57120700000002,True
50006,burst,short_context,11,MC_RL_01,2,0.0,-0.1111111111111111,-0.08669013181676632,0.477888177578496,0.021059471043091804,0.0,True
50006,burst,short_context,23,CPU_REFERENCE,2,0.0,-0.1111111111111111,-0.2675853542889399,3.447957717298486,0.12360639167909682,-219.96344100000005,True
50006,burst,short_context,23,SPLIT_REFERENCE,0,0.0,0.0,0.0,0.0,0.0,0.0,True
50006,burst,short_context,23,EFT_REFERENCE,1,0.0,-0.05555555555555555,-0.08919511778492506,1.2440926216163533,0.04967481500717952,94.51837899999998,True
50006,burst,short_context,23,ENERGY_AP_REQUEST_V1,2,0.0,-0.1111111111111111,-0.0891951184978268,1.1441898463819378,0.05010930602617236,-96.57120700000002,True
50006,burst,short_context,23,MC_RL_01,2,0.0,-0.1111111111111111,-0.08669013181676632,0.477888177578496,0.021059471043091804,0.0,True
50006,burst,short_context,37,CPU_REFERENCE,2,0.0,-0.1111111111111111,-0.2675853542889399,3.447957717298486,0.12360639167909682,-219.96344100000005,True
50006,burst,short_context,37,SPLIT_REFERENCE,0,0.0,0.0,0.0,0.0,0.0,0.0,True
50006,burst,short_context,37,EFT_REFERENCE,1,0.0,-0.05555555555555555,-0.08919511778492506,1.2440926216163533,0.04967481500717952,94.51837899999998,True
50006,burst,short_context,37,ENERGY_AP_REQUEST_V1,2,0.0,-0.1111111111111111,-0.0891951184978268,1.1441898463819378,0.05010930602617236,-96.57120700000002,True
50006,burst,short_context,37,MC_RL_01,2,0.0,-0.1111111111111111,-0.08669013181676632,0.477888177578496,0.021059471043091804,0.0,True
50006,burst,long_context,11,CPU_REFERENCE,2,0.0,-0.1111111111111111,-0.25137684152613815,3.6591239680989176,0.13078759903660497,-175.5854260000001,True
50006,burst,long_context,11,SPLIT_REFERENCE,0,0.0,0.0,0.0,0.0,0.0,0.0,True
50006,burst,long_context,11,EFT_REFERENCE,1,0.0,-0.05555555555555555,-0.0837922802127764,1.3205391208277284,0.04923536246457161,136.08083999999997,True
50006,burst,long_context,11,ENERGY_AP_REQUEST_V1,2,0.0,-0.1111111111111111,-0.08417382065309198,1.1862657197676398,0.05373813977024966,-628.7923000000001,True
50006,burst,long_context,11,MC_RL_01,2,0.0,-0.1111111111111111,-0.08459215358058714,1.0076729657630814,0.04124864408567319,69.32968499999993,True
50006,burst,long_context,23,CPU_REFERENCE,2,0.0,-0.1111111111111111,-0.25137684152613815,3.6591239680989176,0.13078759903660497,-175.5854260000001,True
50006,burst,long_context,23,SPLIT_REFERENCE,0,0.0,0.0,0.0,0.0,0.0,0.0,True
50006,burst,long_context,23,EFT_REFERENCE,1,0.0,-0.05555555555555555,-0.0837922802127764,1.3205391208277284,0.04923536246457161,136.08083999999997,True
50006,burst,long_context,23,ENERGY_AP_REQUEST_V1,2,0.0,-0.1111111111111111,-0.08417382065309198,1.1862657197676398,0.05373813977024966,-628.7923000000001,True
50006,burst,long_context,23,MC_RL_01,2,0.0,-0.1111111111111111,-0.08459215358058714,1.0076729657630814,0.04124864408567319,69.32968499999993,True
50006,burst,long_context,37,CPU_REFERENCE,2,0.0,-0.1111111111111111,-0.25137684152613815,3.6591239680989176,0.13078759903660497,-175.5854260000001,True
50006,burst,long_context,37,SPLIT_REFERENCE,0,0.0,0.0,0.0,0.0,0.0,0.0,True
50006,burst,long_context,37,EFT_REFERENCE,1,0.0,-0.05555555555555555,-0.0837922802127764,1.3205391208277284,0.04923536246457161,136.08083999999997,True
50006,burst,long_context,37,ENERGY_AP_REQUEST_V1,2,0.0,-0.1111111111111111,-0.08417382065309198,1.1862657197676398,0.05373813977024966,-628.7923000000001,True
50006,burst,long_context,37,MC_RL_01,2,0.0,-0.1111111111111111,-0.08459215358058714,1.0076729657630814,0.04124864408567319,69.32968499999993,True
50006,sustained,mean,11,CPU_REFERENCE,0,0.0,0.0,-1.9147230949374432,44.12777033460861,0.6574935300110916,-363.51259,True
50006,sustained,mean,11,SPLIT_REFERENCE,0,0.0,0.0,-1.380163372738906,-9.441282969616879,-0.07192496932584191,0.0,True
50006,sustained,mean,11,EFT_REFERENCE,0,0.0,0.0,-0.12991700640796466,9.802187894467806,0.0900959881476453,0.0,True
50006,sustained,mean,11,ENERGY_AP_REQUEST_V1,24,-0.25,0.0,0.7513176601494251,-1.711907764780733,0.052109455395900284,-3358.684474,True
50006,sustained,mean,11,MC_RL_01,0,0.0,0.0,-0.9036001502062163,2.0527978872652284,0.1504495592991688,-421.342594,True
50006,sustained,mean,23,CPU_REFERENCE,0,0.0,0.0,-1.1220388319235326,25.39329242295588,0.43692891842669823,40.48347899999999,True
50006,sustained,mean,23,SPLIT_REFERENCE,0,0.0,0.0,-0.5874791097249954,-28.17576088126961,-0.29248958091023525,403.996069,True
50006,sustained,mean,23,EFT_REFERENCE,0,0.0,0.0,0.6627672566059459,-8.932290017184926,-0.13046862343674803,403.996069,True
50006,sustained,mean,23,ENERGY_AP_REQUEST_V1,24,-0.25,0.0,1.5440019231633357,-20.446385676433465,-0.16845515618849305,-2954.688405,True
50006,sustained,mean,23,MC_RL_01,0,0.0,0.0,-0.11091588719230572,-16.681680024387504,-0.07011505228522452,-17.346525000000042,True
50006,sustained,mean,37,CPU_REFERENCE,0,0.0,0.0,-0.9599755422045746,22.83081591984265,0.1448202334821609,-19.030838000000017,True
50006,sustained,mean,37,SPLIT_REFERENCE,0,0.0,0.0,-0.4254158200060374,-30.738237384382842,-0.5845982658547726,344.481752,True
50006,sustained,mean,37,EFT_REFERENCE,0,0.0,0.0,0.8248305463249039,-11.494766520298157,-0.4225773083812854,344.481752,True
50006,sustained,mean,37,ENERGY_AP_REQUEST_V1,24,-0.25,0.0,1.7060652128822937,-23.008862179546696,-0.4605638411330304,-3014.202722,True
50006,sustained,mean,37,MC_RL_01,0,0.0,0.0,0.051147402526652286,-19.244156527500735,-0.36222373722976187,-76.86084200000005,True
50006,sustained,short_context,11,CPU_REFERENCE,0,0.0,0.0,-2.0530023641736364,43.057086514310555,0.6451230020080416,-365.11607000000004,True
50006,sustained,short_context,11,SPLIT_REFERENCE,0,0.0,0.0,-1.2742477905678413,-9.177306667938637,-0.06992225701947063,0.0,True
50006,sustained,short_context,11,EFT_REFERENCE,0,0.0,0.0,-0.1485388340768452,8.929764425317273,0.0845316216921077,0.0,True
50006,sustained,short_context,11,ENERGY_AP_REQUEST_V1,24,-0.25,0.0,0.738069931817023,-1.7151118011393578,0.0304903839548345,-3355.0688229999996,True
50006,sustained,short_context,11,MC_RL_01,0,0.0,0.0,-0.9698476913899299,1.3577651805186406,0.1437763332772164,-452.958158,True
50006,sustained,short_context,23,CPU_REFERENCE,0,0.0,0.0,-1.1817189546894724,24.69875357749126,0.4290140355112797,38.879999,True
50006,sustained,short_context,23,SPLIT_REFERENCE,0,0.0,0.0,-0.4029643810836774,-27.535639604757932,-0.28603122351623256,403.99606900000003,True
50006,sustained,short_context,23,EFT_REFERENCE,0,0.0,0.0,0.7227445754073187,-9.428568511502021,-0.13157734480465422,403.99606900000003,True
50006,sustained,short_context,23,ENERGY_AP_REQUEST_V1,24,-0.25,0.0,1.609353341301187,-20.073444737958653,-0.18561858254192742,-2951.072754,True
50006,sustained,short_context,23,MC_RL_01,0,0.0,0.0,-0.09856428190576594,-17.000567756300654,-0.07233263321954553,-48.96208899999999,True
50006,sustained,short_context,37,CPU_REFERENCE,0,0.0,0.0,-1.0329384906679593,22.25806115169084,0.145128166104886,36.41794700000003,True
50006,sustained,short_context,37,SPLIT_REFERENCE,0,0.0,0.0,-0.25418391706216426,-29.976332030558353,-0.5699170929226263,401.53401700000006,True
50006,sustained,short_context,37,EFT_REFERENCE,0,0.0,0.0,0.8715250394288319,-11.869260937302442,-0.4154632142110479,401.53401700000006,True
50006,sustained,short_context,37,ENERGY_AP_REQUEST_V1,24,-0.25,0.0,1.7581338053227,-22.514137163759074,-0.46950445194832113,-2953.5348059999997,True
50006,sustained,short_context,37,MC_RL_01,0,0.0,0.0,0.05021618211574719,-19.441260182101075,-0.35621850262593924,-51.42414099999996,True
50006,sustained,long_context,11,CPU_REFERENCE,0,0.0,0.0,-1.7754346342081533,45.188689121073196,0.6700838510815004,-362.22825800000004,True
50006,sustained,long_context,11,SPLIT_REFERENCE,0,0.0,0.0,-1.4860789549099707,-9.703080359150334,-0.07392839222825387,0.0,True
50006,sustained,long_context,11,EFT_REFERENCE,0,0.0,0.0,-0.0879053167568884,10.050868372932769,0.09251954243575256,0.0,True
50006,sustained,long_context,11,ENERGY_AP_REQUEST_V1,25,-0.2604166666666667,0.0,0.7473201212751803,-1.06034404312868,0.056495819696351646,-3362.107708,True
50006,sustained,long_context,11,MC_RL_01,0,0.0,0.0,-0.7439385709409976,2.3519077031300526,0.1480440853711258,-417.329225,True
50006,sustained,long_context,23,CPU_REFERENCE,0,0.0,0.0,-1.0599706110984641,26.080384344968195,0.44389029656327494,41.76781099999994,True
50006,sustained,long_context,23,SPLIT_REFERENCE,0,0.0,0.0,-0.7706149318002815,-28.811385135255335,-0.3001219467464793,403.996069,True
50006,sustained,long_context,23,EFT_REFERENCE,0,0.0,0.0,0.6275587063528008,-9.057436403172233,-0.13367401208247287,403.996069,True
50006,sustained,long_context,23,ENERGY_AP_REQUEST_V1,25,-0.2604166666666667,0.0,1.4627841443848695,-20.16864881923368,-0.16969773482187378,-2958.111639,True
50006,sustained,long_context,23,MC_RL_01,0,0.0,0.0,-0.028474547831308428,-16.75639707297495,-0.07814946914709964,-13.33315600000003,True
50006,sustained,long_context,37,CPU_REFERENCE,0,0.0,0.0,-0.8865423995884214,23.382344518864784,0.1443810612422567,-14.23831000000007,True
50006,sustained,long_context,37,SPLIT_REFERENCE,0,0.0,0.0,-0.5971867202902388,-31.509424961358746,-0.5996311820674975,347.98994799999997,True
50006,sustained,long_context,37,EFT_REFERENCE,0,0.0,0.0,0.8009869178628435,-11.755476229275644,-0.4331832474034911,347.98994799999997,True
50006,sustained,long_context,37,ENERGY_AP_REQUEST_V1,25,-0.2604166666666667,0.0,1.6362123558949122,-22.866688645337092,-0.46920697014289203,-3014.11776,True
50006,sustained,long_context,37,MC_RL_01,0,0.0,0.0,0.1449536636787343,-19.45443689907836,-0.3776587044681179,-69.33927700000004,True
50007,low,mean,11,CPU_REFERENCE,0,0.0,0.0,0.0,0.0,0.0,0.0,True
50007,low,mean,11,SPLIT_REFERENCE,0,0.0,0.0,-0.2855510426356318,-1.7265932574318548,-0.04426670559963597,-137.874704,True
50007,low,mean,11,EFT_REFERENCE,0,0.0,0.0,0.0,0.0,0.0,0.0,True
50007,low,mean,11,ENERGY_AP_REQUEST_V1,0,0.0,0.0,0.04324684987906835,-0.7691006591950504,-0.016051296476515375,-1185.939805,True
50007,low,mean,11,MC_RL_01,0,0.0,0.0,0.0,-0.09471764695260276,0.025509517884891864,-250.0,True
50007,low,mean,23,CPU_REFERENCE,0,0.0,0.0,0.0,0.0,0.0,0.0,True
50007,low,mean,23,SPLIT_REFERENCE,0,0.0,0.0,-0.2855510426356318,-1.7265932574318548,-0.04426670559963597,-137.874704,True
50007,low,mean,23,EFT_REFERENCE,0,0.0,0.0,0.0,0.0,0.0,0.0,True
50007,low,mean,23,ENERGY_AP_REQUEST_V1,0,0.0,0.0,0.04324684987906835,-0.7691006591950504,-0.016051296476515375,-1185.939805,True
50007,low,mean,23,MC_RL_01,0,0.0,0.0,0.0,-0.09471764695260276,0.025509517884891864,-250.0,True
50007,low,mean,37,CPU_REFERENCE,0,0.0,0.0,0.0,0.0,0.0,0.0,True
50007,low,mean,37,SPLIT_REFERENCE,0,0.0,0.0,-0.2855510426356318,-1.7265932574318548,-0.04426670559963597,-137.874704,True
50007,low,mean,37,EFT_REFERENCE,0,0.0,0.0,0.0,0.0,0.0,0.0,True
50007,low,mean,37,ENERGY_AP_REQUEST_V1,0,0.0,0.0,0.04324684987906835,-0.7691006591950504,-0.016051296476515375,-1185.939805,True
50007,low,mean,37,MC_RL_01,0,0.0,0.0,0.0,-0.09471764695260276,0.025509517884891864,-250.0,True
50007,low,short_context,11,CPU_REFERENCE,0,0.0,0.0,0.0,0.0,0.0,0.0,True
50007,low,short_context,11,SPLIT_REFERENCE,0,0.0,0.0,-0.2636374739105918,-1.677805278078015,-0.0430341228554596,-130.42854999999997,True
50007,low,short_context,11,EFT_REFERENCE,0,0.0,0.0,0.0,0.0,0.0,0.0,True
50007,low,short_context,11,ENERGY_AP_REQUEST_V1,0,0.0,0.0,0.04459756141088178,-0.7505131566392578,-0.015624913885766034,-1185.939805,True
50007,low,short_context,11,MC_RL_01,0,0.0,0.0,0.0,-0.09473761944169823,0.025470668085436188,-250.0,True
50007,low,short_context,23,CPU_REFERENCE,0,0.0,0.0,0.0,0.0,0.0,0.0,True
50007,low,short_context,23,SPLIT_REFERENCE,0,0.0,0.0,-0.2636374739105918,-1.677805278078015,-0.0430341228554596,-130.42854999999997,True
50007,low,short_context,23,EFT_REFERENCE,0,0.0,0.0,0.0,0.0,0.0,0.0,True
50007,low,short_context,23,ENERGY_AP_REQUEST_V1,0,0.0,0.0,0.04459756141088178,-0.7505131566392578,-0.015624913885766034,-1185.939805,True
50007,low,short_context,23,MC_RL_01,0,0.0,0.0,0.0,-0.09473761944169823,0.025470668085436188,-250.0,True
50007,low,short_context,37,CPU_REFERENCE,0,0.0,0.0,0.0,0.0,0.0,0.0,True
50007,low,short_context,37,SPLIT_REFERENCE,0,0.0,0.0,-0.2636374739105918,-1.677805278078015,-0.0430341228554596,-130.42854999999997,True
50007,low,short_context,37,EFT_REFERENCE,0,0.0,0.0,0.0,0.0,0.0,0.0,True
50007,low,short_context,37,ENERGY_AP_REQUEST_V1,0,0.0,0.0,0.04459756141088178,-0.7505131566392578,-0.015624913885766034,-1185.939805,True
50007,low,short_context,37,MC_RL_01,0,0.0,0.0,0.0,-0.09473761944169823,0.025470668085436188,-250.0,True
50007,low,long_context,11,CPU_REFERENCE,0,0.0,0.0,0.0,0.0,0.0,0.0,True
50007,low,long_context,11,SPLIT_REFERENCE,0,0.0,0.0,-0.30746461136070025,-1.7753685471495402,-0.045499725684901904,-145.320858,True
50007,low,long_context,11,EFT_REFERENCE,0,0.0,0.0,0.0,0.0,0.0,0.0,True
50007,low,long_context,11,ENERGY_AP_REQUEST_V1,0,0.0,0.0,0.04189614262480745,-0.7877488411797735,-0.016478732095752235,-1185.939805,True
50007,low,long_context,11,MC_RL_01,0,0.0,0.0,0.0,-0.09469873673321061,0.02554630139356817,-250.0,True
50007,low,long_context,23,CPU_REFERENCE,0,0.0,0.0,0.0,0.0,0.0,0.0,True
50007,low,long_context,23,SPLIT_REFERENCE,0,0.0,0.0,-0.30746461136070025,-1.7753685471495402,-0.045499725684901904,-145.320858,True
50007,low,long_context,23,EFT_REFERENCE,0,0.0,0.0,0.0,0.0,0.0,0.0,True
50007,low,long_context,23,ENERGY_AP_REQUEST_V1,0,0.0,0.0,0.04189614262480745,-0.7877488411797735,-0.016478732095752235,-1185.939805,True
50007,low,long_context,23,MC_RL_01,0,0.0,0.0,0.0,-0.09469873673321061,0.02554630139356817,-250.0,True
50007,low,long_context,37,CPU_REFERENCE,0,0.0,0.0,0.0,0.0,0.0,0.0,True
50007,low,long_context,37,SPLIT_REFERENCE,0,0.0,0.0,-0.30746461136070025,-1.7753685471495402,-0.045499725684901904,-145.320858,True
50007,low,long_context,37,EFT_REFERENCE,0,0.0,0.0,0.0,0.0,0.0,0.0,True
50007,low,long_context,37,ENERGY_AP_REQUEST_V1,0,0.0,0.0,0.04189614262480745,-0.7877488411797735,-0.016478732095752235,-1185.939805,True
50007,low,long_context,37,MC_RL_01,0,0.0,0.0,0.0,-0.09469873673321061,0.02554630139356817,-250.0,True
50007,queue,mean,11,CPU_REFERENCE,3,0.0,-0.16666666666666666,-0.21623424893945753,3.139424967937096,0.10388337303496797,-475.68373,True
50007,queue,mean,11,SPLIT_REFERENCE,0,0.0,0.0,-0.015251311250352728,-0.3909580466291622,-0.012662591333526763,0.0,True
50007,queue,mean,11,EFT_REFERENCE,1,0.0,-0.05555555555555555,-0.08649369988665967,1.4239247281808112,0.03525066011133404,0.0,True
50007,queue,mean,11,ENERGY_AP_REQUEST_V1,3,0.0,-0.16666666666666666,-0.08649369988665967,1.3514191824970716,0.04472584051572426,0.0,True
50007,queue,mean,11,MC_RL_01,1,0.0,-0.05555555555555555,-0.04324684987906835,0.4836493600874583,0.0018124226267453025,0.0,True
50007,queue,mean,23,CPU_REFERENCE,3,0.0,-0.16666666666666666,-0.21623424893945753,3.1453273707979754,0.10407454371416947,-276.60462100000007,True
50007,queue,mean,23,SPLIT_REFERENCE,0,0.0,0.0,-0.015251311250352728,-0.3850556437682826,-0.012471420654325271,199.07910899999996,True
50007,queue,mean,23,EFT_REFERENCE,1,0.0,-0.05555555555555555,-0.08649369988665967,1.4298271310416908,0.03544183079053553,199.07910899999996,True
50007,queue,mean,23,ENERGY_AP_REQUEST_V1,3,0.0,-0.16666666666666666,-0.08649369988665967,1.3573215853579512,0.04491701119492575,199.07910899999996,True
50007,queue,mean,23,MC_RL_01,1,0.0,-0.05555555555555555,-0.04324684987906835,0.4895517629483379,0.0020035933059467936,199.07910899999996,True
50007,queue,mean,37,CPU_REFERENCE,3,0.0,-0.16666666666666666,-0.21623424893945753,3.139424967937096,0.10388337303496797,-475.68373,True
50007,queue,mean,37,SPLIT_REFERENCE,0,0.0,0.0,-0.015251311250352728,-0.3909580466291622,-0.012662591333526763,0.0,True
50007,queue,mean,37,EFT_REFERENCE,1,0.0,-0.05555555555555555,-0.08649369988665967,1.4239247281808112,0.03525066011133404,0.0,True
50007,queue,mean,37,ENERGY_AP_REQUEST_V1,3,0.0,-0.16666666666666666,-0.08649369988665967,1.3514191824970716,0.04472584051572426,0.0,True
50007,queue,mean,37,MC_RL_01,1,0.0,-0.05555555555555555,-0.04324684987906835,0.4836493600874583,0.0018124226267453025,0.0,True
50007,queue,short_context,11,CPU_REFERENCE,3,0.0,-0.16666666666666666,-0.2229877960331237,3.048570903799181,0.09935733043725037,-478.06797200000005,True
50007,queue,short_context,11,SPLIT_REFERENCE,0,0.0,0.0,-0.013900601857301353,-0.37476195978572946,-0.012141394123126759,0.0,True
50007,queue,short_context,11,EFT_REFERENCE,1,0.0,-0.05555555555555555,-0.08919511808829839,1.3838982174469656,0.03402231978138204,0.0,True
50007,queue,short_context,11,ENERGY_AP_REQUEST_V1,3,0.0,-0.16666666666666666,-0.08919511854421103,1.3106218875683489,0.04213467808152416,0.0,True
50007,queue,short_context,11,MC_RL_01,1,0.0,-0.05555555555555555,-0.044597559272119724,0.4651984681359487,0.0013085748515742068,0.0,True
50007,queue,short_context,23,CPU_REFERENCE,3,0.0,-0.16666666666666666,-0.2229877960331237,3.0543114293782523,0.09954362436021214,-278.98886300000004,True
50007,queue,short_context,23,SPLIT_REFERENCE,0,0.0,0.0,-0.013900601857301353,-0.3690214342066582,-0.011955100200164992,199.07910900000002,True
50007,queue,short_context,23,EFT_REFERENCE,1,0.0,-0.05555555555555555,-0.08919511808829839,1.3896387430260368,0.034208613704343804,199.07910900000002,True
50007,queue,short_context,23,ENERGY_AP_REQUEST_V1,3,0.0,-0.16666666666666666,-0.08919511854421103,1.31636241314742,0.042320972004485924,199.07910900000002,True
50007,queue,short_context,23,MC_RL_01,1,0.0,-0.05555555555555555,-0.044597559272119724,0.4709389937150199,0.0014948687745359734,199.07910900000002,True
50007,queue,short_context,37,CPU_REFERENCE,3,0.0,-0.16666666666666666,-0.2229877960331237,3.048570903799181,0.09935733043725037,-478.06797200000005,True
50007,queue,short_context,37,SPLIT_REFERENCE,0,0.0,0.0,-0.013900601857301353,-0.37476195978572946,-0.012141394123126759,0.0,True
50007,queue,short_context,37,EFT_REFERENCE,1,0.0,-0.05555555555555555,-0.08919511808829839,1.3838982174469656,0.03402231978138204,0.0,True
50007,queue,short_context,37,ENERGY_AP_REQUEST_V1,3,0.0,-0.16666666666666666,-0.08919511854421103,1.3106218875683489,0.04213467808152416,0.0,True
50007,queue,short_context,37,MC_RL_01,1,0.0,-0.05555555555555555,-0.044597559272119724,0.4651984681359487,0.0013085748515742068,0.0,True
50007,queue,long_context,11,CPU_REFERENCE,3,0.0,-0.16666666666666666,-0.2094807013898503,3.2303543244889106,0.10832686338340736,-473.030104,True
50007,queue,long_context,11,SPLIT_REFERENCE,0,0.0,0.0,-0.01660202064337568,-0.40720725634231414,-0.01318397347347755,0.0,True
50007,queue,long_context,11,EFT_REFERENCE,1,0.0,-0.05555555555555555,-0.08379228051614973,1.464025016212151,0.036480430129291364,0.0,True
50007,queue,long_context,11,ENERGY_AP_REQUEST_V1,3,0.0,-0.16666666666666666,-0.08379228097206237,1.3922997848067347,0.04724675974615522,0.0,True
50007,queue,long_context,11,MC_RL_01,1,0.0,-0.05555555555555555,-0.04189613977311524,0.5020574260426436,0.0023178826882954695,0.0,True
50007,queue,long_context,23,CPU_REFERENCE,3,0.0,-0.16666666666666666,-0.2094807013898503,3.2364073508313638,0.10852291254920843,-273.950995,True
50007,queue,long_context,23,SPLIT_REFERENCE,0,0.0,0.0,-0.01660202064337568,-0.40115422999986095,-0.01298792430767648,199.07910900000002,True
50007,queue,long_context,23,EFT_REFERENCE,1,0.0,-0.05555555555555555,-0.08379228051614973,1.4700780425546043,0.036676479295092435,199.07910900000002,True
50007,queue,long_context,23,ENERGY_AP_REQUEST_V1,3,0.0,-0.16666666666666666,-0.08379228097206237,1.3983528111491879,0.04744280891195629,199.07910900000002,True
50007,queue,long_context,23,MC_RL_01,1,0.0,-0.05555555555555555,-0.04189613977311524,0.5081104523850968,0.0025139318540965405,199.07910900000002,True
50007,queue,long_context,37,CPU_REFERENCE,3,0.0,-0.16666666666666666,-0.2094807013898503,3.2303543244889106,0.10832686338340736,-473.030104,True
50007,queue,long_context,37,SPLIT_REFERENCE,0,0.0,0.0,-0.01660202064337568,-0.40720725634231414,-0.01318397347347755,0.0,True
50007,queue,long_context,37,EFT_REFERENCE,1,0.0,-0.05555555555555555,-0.08379228051614973,1.464025016212151,0.036480430129291364,0.0,True
50007,queue,long_context,37,ENERGY_AP_REQUEST_V1,3,0.0,-0.16666666666666666,-0.08379228097206237,1.3922997848067347,0.04724675974615522,0.0,True
50007,queue,long_context,37,MC_RL_01,1,0.0,-0.05555555555555555,-0.04189613977311524,0.5020574260426436,0.0023178826882954695,0.0,True
50007,burst,mean,11,CPU_REFERENCE,2,0.0,-0.1111111111111111,-0.2594810979771296,3.741446582316282,0.13404859376415956,-173.76817800000003,True
50007,burst,mean,11,SPLIT_REFERENCE,0,0.0,0.0,0.0,0.0,0.0,0.0,True
50007,burst,mean,11,EFT_REFERENCE,1,0.0,-0.05555555555555555,-0.04324685000759132,0.6386310233629757,0.034933257677131735,0.0,True
50007,burst,mean,11,ENERGY_AP_REQUEST_V1,4,0.0,-0.22222222222222224,-0.17298739906038918,2.624043269357845,0.10032279776827124,228.25986399999994,True
50007,burst,mean,11,MC_RL_01,4,0.0,-0.22222222222222224,-0.15783741412235486,1.3200721845564978,0.05752738905720278,137.87470399999995,True
50007,burst,mean,23,CPU_REFERENCE,2,0.0,-0.1111111111111111,-0.2594810979771296,3.741446582316282,0.13404859376415956,-173.76817800000003,True
50007,burst,mean,23,SPLIT_REFERENCE,0,0.0,0.0,0.0,0.0,0.0,0.0,True
50007,burst,mean,23,EFT_REFERENCE,1,0.0,-0.05555555555555555,-0.04324685000759132,0.6386310233629757,0.034933257677131735,0.0,True
50007,burst,mean,23,ENERGY_AP_REQUEST_V1,4,0.0,-0.22222222222222224,-0.17298739906038918,2.624043269357845,0.10032279776827124,228.25986399999994,True
50007,burst,mean,23,MC_RL_01,4,0.0,-0.22222222222222224,-0.15783741412235486,1.3200721845564978,0.05752738905720278,137.87470399999995,True
50007,burst,mean,37,CPU_REFERENCE,2,0.0,-0.1111111111111111,-0.2594810979771296,3.741446582316282,0.13404859376415956,-173.76817800000003,True
50007,burst,mean,37,SPLIT_REFERENCE,0,0.0,0.0,0.0,0.0,0.0,0.0,True
50007,burst,mean,37,EFT_REFERENCE,1,0.0,-0.05555555555555555,-0.04324685000759132,0.6386310233629757,0.034933257677131735,0.0,True
50007,burst,mean,37,ENERGY_AP_REQUEST_V1,4,0.0,-0.22222222222222224,-0.17298739906038918,2.624043269357845,0.10032279776827124,228.25986399999994,True
50007,burst,mean,37,MC_RL_01,4,0.0,-0.22222222222222224,-0.15783741412235486,1.3200721845564978,0.05752738905720278,137.87470399999995,True
50007,burst,short_context,11,CPU_REFERENCE,2,0.0,-0.1111111111111111,-0.2675853544638187,3.63439917799926,0.1303779784289567,-188.21457300000003,True
50007,burst,short_context,11,SPLIT_REFERENCE,0,0.0,0.0,0.0,0.0,0.0,0.0,True
50007,burst,short_context,11,EFT_REFERENCE,1,0.0,-0.05555555555555555,-0.04459755940061427,0.6211478821213063,0.035250726617380934,0.0,True
50007,burst,short_context,11,ENERGY_AP_REQUEST_V1,4,0.0,-0.22222222222222224,-0.1783902366325094,2.5466823677095043,0.09912441977802189,217.233115,True
50007,burst,short_context,11,MC_RL_01,4,0.0,-0.22222222222222224,-0.1588837558550722,1.275653487642444,0.05765665532405251,130.42854999999997,True
50007,burst,short_context,23,CPU_REFERENCE,2,0.0,-0.1111111111111111,-0.2675853544638187,3.63439917799926,0.1303779784289567,-188.21457300000003,True
50007,burst,short_context,23,SPLIT_REFERENCE,0,0.0,0.0,0.0,0.0,0.0,0.0,True
50007,burst,short_context,23,EFT_REFERENCE,1,0.0,-0.05555555555555555,-0.04459755940061427,0.6211478821213063,0.035250726617380934,0.0,True
50007,burst,short_context,23,ENERGY_AP_REQUEST_V1,4,0.0,-0.22222222222222224,-0.1783902366325094,2.5466823677095043,0.09912441977802189,217.233115,True
50007,burst,short_context,23,MC_RL_01,4,0.0,-0.22222222222222224,-0.1588837558550722,1.275653487642444,0.05765665532405251,130.42854999999997,True
50007,burst,short_context,37,CPU_REFERENCE,2,0.0,-0.1111111111111111,-0.2675853544638187,3.63439917799926,0.1303779784289567,-188.21457300000003,True
50007,burst,short_context,37,SPLIT_REFERENCE,0,0.0,0.0,0.0,0.0,0.0,0.0,True
50007,burst,short_context,37,EFT_REFERENCE,1,0.0,-0.05555555555555555,-0.04459755940061427,0.6211478821213063,0.035250726617380934,0.0,True
50007,burst,short_context,37,ENERGY_AP_REQUEST_V1,4,0.0,-0.22222222222222224,-0.1783902366325094,2.5466823677095043,0.09912441977802189,217.233115,True
50007,burst,short_context,37,MC_RL_01,4,0.0,-0.22222222222222224,-0.1588837558550722,1.275653487642444,0.05765665532405251,130.42854999999997,True
50007,burst,long_context,11,CPU_REFERENCE,2,0.0,-0.1111111111111111,-0.2513768415725224,3.848564982053631,0.13772045323648996,-159.28330000000005,True
50007,burst,long_context,11,SPLIT_REFERENCE,0,0.0,0.0,0.0,0.0,0.0,0.0,True
50007,burst,long_context,11,EFT_REFERENCE,1,0.0,-0.05555555555555555,-0.04189613977311524,0.6559440216467074,0.03417024116902212,0.0,True
50007,burst,long_context,11,ENERGY_AP_REQUEST_V1,4,0.0,-0.22222222222222224,-0.16758456131336175,2.701483704277571,0.10159948967518773,235.98323499999998,True
50007,burst,long_context,11,MC_RL_01,4,0.0,-0.22222222222222224,-0.1568254757129921,1.3645977982983624,0.057479791623467946,145.320858,True
50007,burst,long_context,23,CPU_REFERENCE,2,0.0,-0.1111111111111111,-0.2513768415725224,3.848564982053631,0.13772045323648996,-159.28330000000005,True
50007,burst,long_context,23,SPLIT_REFERENCE,0,0.0,0.0,0.0,0.0,0.0,0.0,True
50007,burst,long_context,23,EFT_REFERENCE,1,0.0,-0.05555555555555555,-0.04189613977311524,0.6559440216467074,0.03417024116902212,0.0,True
50007,burst,long_context,23,ENERGY_AP_REQUEST_V1,4,0.0,-0.22222222222222224,-0.16758456131336175,2.701483704277571,0.10159948967518773,235.98323499999998,True
50007,burst,long_context,23,MC_RL_01,4,0.0,-0.22222222222222224,-0.1568254757129921,1.3645977982983624,0.057479791623467946,145.320858,True
50007,burst,long_context,37,CPU_REFERENCE,2,0.0,-0.1111111111111111,-0.2513768415725224,3.848564982053631,0.13772045323648996,-159.28330000000005,True
50007,burst,long_context,37,SPLIT_REFERENCE,0,0.0,0.0,0.0,0.0,0.0,0.0,True
50007,burst,long_context,37,EFT_REFERENCE,1,0.0,-0.05555555555555555,-0.04189613977311524,0.6559440216467074,0.03417024116902212,0.0,True
50007,burst,long_context,37,ENERGY_AP_REQUEST_V1,4,0.0,-0.22222222222222224,-0.16758456131336175,2.701483704277571,0.10159948967518773,235.98323499999998,True
50007,burst,long_context,37,MC_RL_01,4,0.0,-0.22222222222222224,-0.1568254757129921,1.3645977982983624,0.057479791623467946,145.320858,True
50007,sustained,mean,11,CPU_REFERENCE,0,0.0,0.0,-1.7434272278085245,46.495525045354555,0.6592250470058154,-468.230931,True
50007,sustained,mean,11,SPLIT_REFERENCE,0,0.0,0.0,-1.0946123301032742,-7.4247151381152605,-0.0925446794610778,0.0,True
50007,sustained,mean,11,EFT_REFERENCE,0,0.0,0.0,-0.022593109518140864,11.825379431352758,0.14987669215639698,0.0,True
50007,sustained,mean,11,ENERGY_AP_REQUEST_V1,7,-0.07291666666666667,0.0,1.3047157512654053,-4.589801122042303,-0.0320639678613901,-1979.7277560000002,True
50007,sustained,mean,11,MC_RL_01,0,0.0,0.0,-0.5933697127519224,4.722542043026124,0.12790333598106685,-523.510847,True
50007,sustained,mean,23,CPU_REFERENCE,0,0.0,0.0,-0.7871275407985081,23.00473274058507,0.39016190905237735,-59.327541999999994,True
50007,sustained,mean,23,SPLIT_REFERENCE,0,0.0,0.0,-0.13831264309325775,-30.915507442884746,-0.36160781741451586,408.903389,True
50007,sustained,mean,23,EFT_REFERENCE,0,0.0,0.0,0.9337065774918756,-11.665412873416727,-0.11918644579704107,408.903389,True
50007,sustained,mean,23,ENERGY_AP_REQUEST_V1,7,-0.07291666666666667,0.0,2.2610154382754217,-28.080593426811788,-0.30112710581482816,-1570.8243670000002,True
50007,sustained,mean,23,MC_RL_01,0,0.0,0.0,0.36292997425809403,-18.76825026174336,-0.1411598019723712,-114.60745799999995,True
50007,sustained,mean,37,CPU_REFERENCE,0,0.0,0.0,-1.0600223362895917,26.44401687474098,0.3550713994488284,-184.98591899999997,True
50007,sustained,mean,37,SPLIT_REFERENCE,0,0.0,0.0,-0.4112074385843414,-27.476223308728834,-0.39669832701806484,283.24501200000003,True
50007,sustained,mean,37,EFT_REFERENCE,0,0.0,0.0,0.6608117820007919,-8.226128739260815,-0.15427695540059005,283.24501200000003,True
50007,sustained,mean,37,ENERGY_AP_REQUEST_V1,7,-0.07291666666666667,0.0,1.988120642784338,-24.641309292655876,-0.33621761541837714,-1696.4827440000001,True
50007,sustained,mean,37,MC_RL_01,0,0.0,0.0,0.0900351787670104,-15.32896612758745,-0.1762503115759202,-240.26583499999992,True
50007,sustained,short_context,11,CPU_REFERENCE,0,0.0,0.0,-1.9484524566830714,45.02886148625882,0.6401190241463723,-474.50848900000005,True
50007,sustained,short_context,11,SPLIT_REFERENCE,0,0.0,0.0,-1.0545498956423671,-7.540033225477174,-0.09401242782161745,0.0,True
50007,sustained,short_context,11,EFT_REFERENCE,0,0.0,0.0,-0.12151087198859045,11.192389370359649,0.14106458187360715,0.0,True
50007,sustained,short_context,11,ENERGY_AP_REQUEST_V1,6,-0.0625,0.0,1.242274506288254,-5.413147503753748,-0.049163935567825945,-1965.2651509999998,True
50007,sustained,short_context,11,MC_RL_01,0,0.0,0.0,-0.6040180020175399,5.195644509203305,0.1270762593300674,-514.993732,True
50007,sustained,short_context,23,CPU_REFERENCE,0,0.0,0.0,-0.8425867095768353,22.29367189355608,0.38006721172181557,-65.6051,True
50007,sustained,short_context,23,SPLIT_REFERENCE,0,0.0,0.0,0.05131585146386897,-30.275222818179913,-0.3540642402461742,408.90338900000006,True
50007,sustained,short_context,23,EFT_REFERENCE,0,0.0,0.0,0.9843548751176456,-11.54280022234309,-0.11898723055094962,408.90338900000006,True
50007,sustained,short_context,23,ENERGY_AP_REQUEST_V1,6,-0.0625,0.0,2.34814025339449,-28.148337096456487,-0.3092157479923827,-1556.3617619999998,True
50007,sustained,short_context,23,MC_RL_01,0,0.0,0.0,0.5018477450886962,-17.539545083499434,-0.13297555309448938,-106.09034299999996,True
50007,sustained,short_context,37,CPU_REFERENCE,0,0.0,0.0,-1.1509704012026418,25.791243700777244,0.34576736257676544,-188.15610500000003,True
50007,sustained,short_context,37,SPLIT_REFERENCE,0,0.0,0.0,-0.2570678401619375,-26.77765101095875,-0.38836408939122435,286.35238400000003,True
50007,sustained,short_context,37,EFT_REFERENCE,0,0.0,0.0,0.6759711834918392,-8.045228415121926,-0.15328707969599975,286.35238400000003,True
50007,sustained,short_context,37,ENERGY_AP_REQUEST_V1,6,-0.0625,0.0,2.0397565617686837,-24.650765289235324,-0.34351559713743285,-1678.9127669999998,True
50007,sustained,short_context,37,MC_RL_01,0,0.0,0.0,0.19346405346288975,-14.04197327627827,-0.16727540223953952,-228.641348,True
50007,sustained,long_context,11,CPU_REFERENCE,0,0.0,0.0,-1.5822824930829427,47.632791709375454,0.6746724812054978,-467.631246,True
50007,sustained,long_context,11,SPLIT_REFERENCE,0,0.0,0.0,-1.1786143435492704,-7.62989080531753,-0.09512245088124871,0.0,True
50007,sustained,long_context,11,EFT_REFERENCE,0,0.0,0.0,0.03421636340488021,12.116997967899295,0.15385561118854696,0.0,True
50007,sustained,long_context,11,ENERGY_AP_REQUEST_V1,23,-0.17708333333333334,-0.0625,1.0303929764929478,0.5093252602327993,0.001216912260595393,-4047.8613549999995,True
50007,sustained,long_context,11,MC_RL_01,0,0.0,0.0,-0.43427230950462103,4.6920453696293976,0.1259698431850964,-532.0695780000001,True
50007,sustained,long_context,23,CPU_REFERENCE,0,0.0,0.0,-0.7309803011666531,23.703389334057704,0.40062031159513367,-58.72785699999997,True
50007,sustained,long_context,23,SPLIT_REFERENCE,0,0.0,0.0,-0.3273121516329809,-31.55929318063528,-0.36917462049161287,408.903389,True
50007,sustained,long_context,23,EFT_REFERENCE,0,0.0,0.0,0.8855185553211697,-11.812404407418455,-0.1201965584218172,408.903389,True
50007,sustained,long_context,23,ENERGY_AP_REQUEST_V1,23,-0.17708333333333334,-0.0625,1.8816951684092373,-23.42007711508495,-0.27283525734976877,-3638.957966,True
50007,sustained,long_context,23,MC_RL_01,0,0.0,0.0,0.4170298824116685,-19.237357005688352,-0.14808232642526775,-123.16618900000003,True
50007,sustained,long_context,37,CPU_REFERENCE,0,0.0,0.0,-0.9676465422073193,27.082110249336722,0.3647449631774933,-187.72450700000002,True
50007,sustained,long_context,37,SPLIT_REFERENCE,0,0.0,0.0,-0.563978392673647,-28.18057226535626,-0.40504996890925327,279.90673899999996,True
50007,sustained,long_context,37,EFT_REFERENCE,0,0.0,0.0,0.6488523142805036,-8.433683492139437,-0.1560719068394576,279.90673899999996,True
50007,sustained,long_context,37,ENERGY_AP_REQUEST_V1,23,-0.17708333333333334,-0.0625,1.6450289273685712,-20.041356199805932,-0.30871060576740916,-3767.954616,True
50007,sustained,long_context,37,MC_RL_01,0,0.0,0.0,0.18036364137100236,-15.858636090409334,-0.18395767484290815,-252.16283900000008,True
50008,low,mean,11,CPU_REFERENCE,0,0.0,0.0,0.0,0.0,0.0,0.0,True
50008,low,mean,11,SPLIT_REFERENCE,0,0.0,0.0,-0.2855510426356318,-1.6247740697326734,-0.04082503010941707,-137.874704,True
50008,low,mean,11,EFT_REFERENCE,0,0.0,0.0,0.0,0.0,0.0,0.0,True
50008,low,mean,11,ENERGY_AP_REQUEST_V1,0,0.0,0.0,0.04324684987909677,-0.8290592701146196,-0.022094374250677618,-250.0,True
50008,low,mean,11,MC_RL_01,0,0.0,0.0,0.0,-0.023365185725666038,-0.0038642605261571816,-250.0,True
50008,low,mean,23,CPU_REFERENCE,0,0.0,0.0,0.0,0.0,0.0,0.0,True
50008,low,mean,23,SPLIT_REFERENCE,0,0.0,0.0,-0.2855510426356318,-1.6247740697326734,-0.04082503010941707,-137.874704,True
50008,low,mean,23,EFT_REFERENCE,0,0.0,0.0,0.0,0.0,0.0,0.0,True
50008,low,mean,23,ENERGY_AP_REQUEST_V1,0,0.0,0.0,0.04324684987909677,-0.8290592701146196,-0.022094374250677618,-250.0,True
50008,low,mean,23,MC_RL_01,0,0.0,0.0,0.0,-0.023365185725666038,-0.0038642605261571816,-250.0,True
50008,low,mean,37,CPU_REFERENCE,0,0.0,0.0,0.0,0.0,0.0,0.0,True
50008,low,mean,37,SPLIT_REFERENCE,0,0.0,0.0,-0.2855510426356318,-1.6247740697326734,-0.04082503010941707,-137.874704,True
50008,low,mean,37,EFT_REFERENCE,0,0.0,0.0,0.0,0.0,0.0,0.0,True
50008,low,mean,37,ENERGY_AP_REQUEST_V1,0,0.0,0.0,0.04324684987909677,-0.8290592701146196,-0.022094374250677618,-250.0,True
50008,low,mean,37,MC_RL_01,0,0.0,0.0,0.0,-0.023365185725666038,-0.0038642605261571816,-250.0,True
50008,low,short_context,11,CPU_REFERENCE,0,0.0,0.0,0.0,0.0,0.0,0.0,True
50008,low,short_context,11,SPLIT_REFERENCE,0,0.0,0.0,-0.26363747391056336,-1.5780438398020387,-0.03968827897870142,-130.42854999999997,True
50008,low,short_context,11,EFT_REFERENCE,0,0.0,0.0,0.0,0.0,0.0,0.0,True
50008,low,short_context,11,ENERGY_AP_REQUEST_V1,0,0.0,0.0,0.04459756069795162,-0.810702238084474,-0.021485773416390685,-250.0,True
50008,low,short_context,11,MC_RL_01,0,0.0,0.0,0.0,-0.02328640858510056,-0.0038597160818554244,-250.0,True
50008,low,short_context,23,CPU_REFERENCE,0,0.0,0.0,0.0,0.0,0.0,0.0,True
50008,low,short_context,23,SPLIT_REFERENCE,0,0.0,0.0,-0.26363747391056336,-1.5780438398020387,-0.03968827897870142,-130.42854999999997,True
50008,low,short_context,23,EFT_REFERENCE,0,0.0,0.0,0.0,0.0,0.0,0.0,True
50008,low,short_context,23,ENERGY_AP_REQUEST_V1,0,0.0,0.0,0.04459756069795162,-0.810702238084474,-0.021485773416390685,-250.0,True
50008,low,short_context,23,MC_RL_01,0,0.0,0.0,0.0,-0.02328640858510056,-0.0038597160818554244,-250.0,True
50008,low,short_context,37,CPU_REFERENCE,0,0.0,0.0,0.0,0.0,0.0,0.0,True
50008,low,short_context,37,SPLIT_REFERENCE,0,0.0,0.0,-0.26363747391056336,-1.5780438398020387,-0.03968827897870142,-130.42854999999997,True
50008,low,short_context,37,EFT_REFERENCE,0,0.0,0.0,0.0,0.0,0.0,0.0,True
50008,low,short_context,37,ENERGY_AP_REQUEST_V1,0,0.0,0.0,0.04459756069795162,-0.810702238084474,-0.021485773416390685,-250.0,True
50008,low,short_context,37,MC_RL_01,0,0.0,0.0,0.0,-0.02328640858510056,-0.0038597160818554244,-250.0,True
50008,low,long_context,11,CPU_REFERENCE,0,0.0,0.0,0.0,0.0,0.0,0.0,True
50008,low,long_context,11,SPLIT_REFERENCE,0,0.0,0.0,-0.3074646113606718,-1.671464291512887,-0.041962184578562045,-145.320858,True
50008,low,long_context,11,EFT_REFERENCE,0,0.0,0.0,0.0,0.0,0.0,0.0,True
50008,low,long_context,11,ENERGY_AP_REQUEST_V1,0,0.0,0.0,0.041896141911877294,-0.847463479642915,-0.022704089908156533,-250.0,True
50008,low,long_context,11,MC_RL_01,0,0.0,0.0,0.0,-0.02343977297349298,-0.003868563266678393,-250.0,True
50008,low,long_context,23,CPU_REFERENCE,0,0.0,0.0,0.0,0.0,0.0,0.0,True
50008,low,long_context,23,SPLIT_REFERENCE,0,0.0,0.0,-0.3074646113606718,-1.671464291512887,-0.041962184578562045,-145.320858,True
50008,low,long_context,23,EFT_REFERENCE,0,0.0,0.0,0.0,0.0,0.0,0.0,True
50008,low,long_context,23,ENERGY_AP_REQUEST_V1,0,0.0,0.0,0.041896141911877294,-0.847463479642915,-0.022704089908156533,-250.0,True
50008,low,long_context,23,MC_RL_01,0,0.0,0.0,0.0,-0.02343977297349298,-0.003868563266678393,-250.0,True
50008,low,long_context,37,CPU_REFERENCE,0,0.0,0.0,0.0,0.0,0.0,0.0,True
50008,low,long_context,37,SPLIT_REFERENCE,0,0.0,0.0,-0.3074646113606718,-1.671464291512887,-0.041962184578562045,-145.320858,True
50008,low,long_context,37,EFT_REFERENCE,0,0.0,0.0,0.0,0.0,0.0,0.0,True
50008,low,long_context,37,ENERGY_AP_REQUEST_V1,0,0.0,0.0,0.041896141911877294,-0.847463479642915,-0.022704089908156533,-250.0,True
50008,low,long_context,37,MC_RL_01,0,0.0,0.0,0.0,-0.02343977297349298,-0.003868563266678393,-250.0,True
50008,queue,mean,11,CPU_REFERENCE,1,0.0,-0.05555555555555555,-0.18186163856930193,2.835170226514741,0.09325890817721572,-265.88623900000005,True
50008,queue,mean,11,SPLIT_REFERENCE,-1,0.0,0.05555555555555555,0.04324684970418957,-0.6805346387385498,-0.0215880334862959,-95.70586500000002,True
50008,queue,mean,11,EFT_REFERENCE,0,0.0,0.0,-0.05212108964499862,1.109201476571883,0.028192698298568075,3.9651339999999777,True
50008,queue,mean,11,ENERGY_AP_REQUEST_V1,2,0.0,-0.11111111111111113,-0.05212109022943423,1.0479913522882391,0.03797943936052661,-542.554661,True
50008,queue,mean,11,MC_RL_01,2,0.0,-0.11111111111111113,-0.14213164401905942,0.6971203519231288,0.022030447347745508,0.0,True
50008,queue,mean,23,CPU_REFERENCE,1,0.0,-0.05555555555555555,-0.18186163856930193,2.835170226514741,0.09325890817721572,-265.88623900000005,True
50008,queue,mean,23,SPLIT_REFERENCE,-1,0.0,0.05555555555555555,0.04324684970418957,-0.6805346387385498,-0.0215880334862959,-95.70586500000002,True
50008,queue,mean,23,EFT_REFERENCE,0,0.0,0.0,-0.05212108964499862,1.109201476571883,0.028192698298568075,3.9651339999999777,True
50008,queue,mean,23,ENERGY_AP_REQUEST_V1,2,0.0,-0.11111111111111113,-0.05212109022943423,1.0479913522882391,0.03797943936052661,-542.554661,True
50008,queue,mean,23,MC_RL_01,2,0.0,-0.11111111111111113,-0.14213164401905942,0.6971203519231288,0.022030447347745508,0.0,True
50008,queue,mean,37,CPU_REFERENCE,1,0.0,-0.05555555555555555,-0.18186163856930193,2.835170226514741,0.09325890817721572,-265.88623900000005,True
50008,queue,mean,37,SPLIT_REFERENCE,-1,0.0,0.05555555555555555,0.04324684970418957,-0.6805346387385498,-0.0215880334862959,-95.70586500000002,True
50008,queue,mean,37,EFT_REFERENCE,0,0.0,0.0,-0.05212108964499862,1.109201476571883,0.028192698298568075,3.9651339999999777,True
50008,queue,mean,37,ENERGY_AP_REQUEST_V1,2,0.0,-0.11111111111111113,-0.05212109022943423,1.0479913522882391,0.03797943936052661,-542.554661,True
50008,queue,mean,37,MC_RL_01,2,0.0,-0.11111111111111113,-0.14213164401905942,0.6971203519231288,0.022030447347745508,0.0,True
50008,queue,short_context,11,CPU_REFERENCE,1,0.0,-0.05555555555555555,-0.1923563232075196,2.7613406752572374,0.08881944405898068,-278.163243,True
50008,queue,short_context,11,SPLIT_REFERENCE,-1,0.0,0.05555555555555555,0.044597559097240946,-0.6610207385568749,-0.023968367205988272,-87.98249399999997,True
50008,queue,short_context,11,EFT_REFERENCE,0,0.0,0.0,0.0,0.0,0.0,0.0,True
50008,queue,short_context,11,ENERGY_AP_REQUEST_V1,2,0.0,-0.11111111111111113,-0.04459755868768411,0.5918081845455845,0.016095186363596525,-960.4055329999999,True
50008,queue,short_context,11,MC_RL_01,2,0.0,-0.11111111111111113,-0.14535292233335895,0.6862731104427837,0.021436934411731556,0.0,True
50008,queue,short_context,23,CPU_REFERENCE,1,0.0,-0.05555555555555555,-0.1923563232075196,2.7613406752572374,0.08881944405898068,-278.163243,True
50008,queue,short_context,23,SPLIT_REFERENCE,-1,0.0,0.05555555555555555,0.044597559097240946,-0.6610207385568749,-0.023968367205988272,-87.98249399999997,True
50008,queue,short_context,23,EFT_REFERENCE,0,0.0,0.0,0.0,0.0,0.0,0.0,True
50008,queue,short_context,23,ENERGY_AP_REQUEST_V1,2,0.0,-0.11111111111111113,-0.04459755868768411,0.5918081845455845,0.016095186363596525,-960.4055329999999,True
50008,queue,short_context,23,MC_RL_01,2,0.0,-0.11111111111111113,-0.14535292233335895,0.6862731104427837,0.021436934411731556,0.0,True
50008,queue,short_context,37,CPU_REFERENCE,1,0.0,-0.05555555555555555,-0.1923563232075196,2.7613406752572374,0.08881944405898068,-278.163243,True
50008,queue,short_context,37,SPLIT_REFERENCE,-1,0.0,0.05555555555555555,0.044597559097240946,-0.6610207385568749,-0.023968367205988272,-87.98249399999997,True
50008,queue,short_context,37,EFT_REFERENCE,0,0.0,0.0,0.0,0.0,0.0,0.0,True
50008,queue,short_context,37,ENERGY_AP_REQUEST_V1,2,0.0,-0.11111111111111113,-0.04459755868768411,0.5918081845455845,0.016095186363596525,-960.4055329999999,True
50008,queue,short_context,37,MC_RL_01,2,0.0,-0.11111111111111113,-0.14535292233335895,0.6862731104427837,0.021436934411731556,0.0,True
50008,queue,long_context,11,CPU_REFERENCE,1,0.0,-0.05555555555555555,-0.17132108195434625,2.908841869904993,0.09761800239401808,-253.45530099999996,True
50008,queue,long_context,11,SPLIT_REFERENCE,-1,0.0,0.05555555555555555,0.04109626795963095,-0.6966196879000925,-0.01892167588932736,-103.42923599999995,True
50008,queue,long_context,11,EFT_REFERENCE,0,0.0,0.0,-0.04563266133763477,1.105515529574479,0.028435074975597274,17.76536500000003,True
50008,queue,long_context,11,ENERGY_AP_REQUEST_V1,0,0.0,0.0,-0.04563266133763477,1.105515529574479,0.028435074975597274,17.76536500000003,True
50008,queue,long_context,11,MC_RL_01,2,0.0,-0.11111111111111113,-0.13888743007285598,0.7077559430851323,0.02262479125008099,0.0,True
50008,queue,long_context,23,CPU_REFERENCE,1,0.0,-0.05555555555555555,-0.17132108195434625,2.908841869904993,0.09761800239401808,-253.45530099999996,True
50008,queue,long_context,23,SPLIT_REFERENCE,-1,0.0,0.05555555555555555,0.04109626795963095,-0.6966196879000925,-0.01892167588932736,-103.42923599999995,True
50008,queue,long_context,23,EFT_REFERENCE,0,0.0,0.0,-0.04563266133763477,1.105515529574479,0.028435074975597274,17.76536500000003,True
50008,queue,long_context,23,ENERGY_AP_REQUEST_V1,0,0.0,0.0,-0.04563266133763477,1.105515529574479,0.028435074975597274,17.76536500000003,True
50008,queue,long_context,23,MC_RL_01,2,0.0,-0.11111111111111113,-0.13888743007285598,0.7077559430851323,0.02262479125008099,0.0,True
50008,queue,long_context,37,CPU_REFERENCE,1,0.0,-0.05555555555555555,-0.17132108195434625,2.908841869904993,0.09761800239401808,-253.45530099999996,True
50008,queue,long_context,37,SPLIT_REFERENCE,-1,0.0,0.05555555555555555,0.04109626795963095,-0.6966196879000925,-0.01892167588932736,-103.42923599999995,True
50008,queue,long_context,37,EFT_REFERENCE,0,0.0,0.0,-0.04563266133763477,1.105515529574479,0.028435074975597274,17.76536500000003,True
50008,queue,long_context,37,ENERGY_AP_REQUEST_V1,0,0.0,0.0,-0.04563266133763477,1.105515529574479,0.028435074975597274,17.76536500000003,True
50008,queue,long_context,37,MC_RL_01,2,0.0,-0.11111111111111113,-0.13888743007285598,0.7077559430851323,0.02262479125008099,0.0,True
50008,burst,mean,11,CPU_REFERENCE,2,0.0,-0.11111111111111113,-0.14599094086540276,2.8983968293029427,0.09963084737844241,-25.468120999999996,True
50008,burst,mean,11,SPLIT_REFERENCE,0,0.0,0.0,0.04324684970418957,-0.7012629074657042,-0.01992701111345241,-137.87470300000007,True
50008,burst,mean,11,EFT_REFERENCE,0,0.0,0.0,0.0059873330394850655,0.47038517845822625,0.013981581861692405,0.0,True
50008,burst,mean,11,ENERGY_AP_REQUEST_V1,2,0.0,-0.11111111111111113,-0.05949724169167325,1.784138642041139,0.04727257483282443,127.61238299999997,True
50008,burst,mean,11,MC_RL_01,0,0.0,0.0,0.09454100108854391,-1.0138113571020995,-0.03566802031744487,-137.87470300000007,True
50008,burst,mean,23,CPU_REFERENCE,2,0.0,-0.11111111111111113,-0.14599094086540276,2.8983968293029427,0.09963084737844241,-25.468120999999996,True
50008,burst,mean,23,SPLIT_REFERENCE,0,0.0,0.0,0.04324684970418957,-0.7012629074657042,-0.01992701111345241,-137.87470300000007,True
50008,burst,mean,23,EFT_REFERENCE,0,0.0,0.0,0.0059873330394850655,0.47038517845822625,0.013981581861692405,0.0,True
50008,burst,mean,23,ENERGY_AP_REQUEST_V1,2,0.0,-0.11111111111111113,-0.05949724169167325,1.784138642041139,0.04727257483282443,127.61238299999997,True
50008,burst,mean,23,MC_RL_01,0,0.0,0.0,0.09454100108854391,-1.0138113571020995,-0.03566802031744487,-137.87470300000007,True
50008,burst,mean,37,CPU_REFERENCE,2,0.0,-0.11111111111111113,-0.14599094086540276,2.8983968293029427,0.09963084737844241,-25.468120999999996,True
50008,burst,mean,37,SPLIT_REFERENCE,0,0.0,0.0,0.04324684970418957,-0.7012629074657042,-0.01992701111345241,-137.87470300000007,True
50008,burst,mean,37,EFT_REFERENCE,0,0.0,0.0,0.0059873330394850655,0.47038517845822625,0.013981581861692405,0.0,True
50008,burst,mean,37,ENERGY_AP_REQUEST_V1,2,0.0,-0.11111111111111113,-0.05949724169167325,1.784138642041139,0.04727257483282443,127.61238299999997,True
50008,burst,mean,37,MC_RL_01,0,0.0,0.0,0.09454100108854391,-1.0138113571020995,-0.03566802031744487,-137.87470300000007,True
50008,burst,short_context,11,CPU_REFERENCE,2,0.0,-0.11111111111111113,-0.15562365921232413,2.8194904968280383,0.09517145773417823,-37.29921200000001,True
50008,burst,short_context,11,SPLIT_REFERENCE,0,0.0,0.0,0.044597559097240946,-0.6820759698975571,-0.019257933524968962,-130.42854999999997,True
50008,burst,short_context,11,EFT_REFERENCE,0,0.0,0.0,0.004636623517939142,0.44916502525316204,0.013385903977489733,0.0,True
50008,burst,short_context,11,ENERGY_AP_REQUEST_V1,2,0.0,-0.11111111111111113,-0.06642854125252029,1.7376771508402555,0.04422304962196577,112.16564,True
50008,burst,short_context,11,MC_RL_01,0,0.0,0.0,0.09458500593572694,-0.9901386779981927,-0.03482558343142017,-130.42854999999997,True
50008,burst,short_context,23,CPU_REFERENCE,2,0.0,-0.11111111111111113,-0.15562365921232413,2.8194904968280383,0.09517145773417823,-37.29921200000001,True
50008,burst,short_context,23,SPLIT_REFERENCE,0,0.0,0.0,0.044597559097240946,-0.6820759698975571,-0.019257933524968962,-130.42854999999997,True
50008,burst,short_context,23,EFT_REFERENCE,0,0.0,0.0,0.004636623517939142,0.44916502525316204,0.013385903977489733,0.0,True
50008,burst,short_context,23,ENERGY_AP_REQUEST_V1,2,0.0,-0.11111111111111113,-0.06642854125252029,1.7376771508402555,0.04422304962196577,112.16564,True
50008,burst,short_context,23,MC_RL_01,0,0.0,0.0,0.09458500593572694,-0.9901386779981927,-0.03482558343142017,-130.42854999999997,True
50008,burst,short_context,37,CPU_REFERENCE,2,0.0,-0.11111111111111113,-0.15562365921232413,2.8194904968280383,0.09517145773417823,-37.29921200000001,True
50008,burst,short_context,37,SPLIT_REFERENCE,0,0.0,0.0,0.044597559097240946,-0.6820759698975571,-0.019257933524968962,-130.42854999999997,True
50008,burst,short_context,37,EFT_REFERENCE,0,0.0,0.0,0.004636623517939142,0.44916502525316204,0.013385903977489733,0.0,True
50008,burst,short_context,37,ENERGY_AP_REQUEST_V1,2,0.0,-0.11111111111111113,-0.06642854125252029,1.7376771508402555,0.04422304962196577,112.16564,True
50008,burst,short_context,37,MC_RL_01,0,0.0,0.0,0.09458500593572694,-0.9901386779981927,-0.03482558343142017,-130.42854999999997,True
50008,burst,long_context,11,CPU_REFERENCE,2,0.0,-0.11111111111111113,-0.13626648001854846,2.976940562862854,0.10400399209838085,-13.444613000000004,True
50008,burst,long_context,11,SPLIT_REFERENCE,0,0.0,0.0,0.041896139901609786,-0.7206424727430338,-0.020597618179788668,-145.32085700000005,True
50008,burst,long_context,11,EFT_REFERENCE,0,0.0,0.0,0.007338042718913584,0.49147165292379924,0.014577673887785636,0.0,True
50008,burst,long_context,11,ENERGY_AP_REQUEST_V1,2,0.0,-0.11111111111111113,-0.05247419950239873,1.8302492066864033,0.05025194401385136,143.05912499999994,True
50008,burst,long_context,11,MC_RL_01,0,0.0,0.0,0.094554335371555,-1.0378728920927571,-0.03651621006996919,-145.32085700000005,True
50008,burst,long_context,23,CPU_REFERENCE,2,0.0,-0.11111111111111113,-0.13626648001854846,2.976940562862854,0.10400399209838085,-13.444613000000004,True
50008,burst,long_context,23,SPLIT_REFERENCE,0,0.0,0.0,0.041896139901609786,-0.7206424727430338,-0.020597618179788668,-145.32085700000005,True
50008,burst,long_context,23,EFT_REFERENCE,0,0.0,0.0,0.007338042718913584,0.49147165292379924,0.014577673887785636,0.0,True
50008,burst,long_context,23,ENERGY_AP_REQUEST_V1,2,0.0,-0.11111111111111113,-0.05247419950239873,1.8302492066864033,0.05025194401385136,143.05912499999994,True
50008,burst,long_context,23,MC_RL_01,0,0.0,0.0,0.094554335371555,-1.0378728920927571,-0.03651621006996919,-145.32085700000005,True
50008,burst,long_context,37,CPU_REFERENCE,2,0.0,-0.11111111111111113,-0.13626648001854846,2.976940562862854,0.10400399209838085,-13.444613000000004,True
50008,burst,long_context,37,SPLIT_REFERENCE,0,0.0,0.0,0.041896139901609786,-0.7206424727430338,-0.020597618179788668,-145.32085700000005,True
50008,burst,long_context,37,EFT_REFERENCE,0,0.0,0.0,0.007338042718913584,0.49147165292379924,0.014577673887785636,0.0,True
50008,burst,long_context,37,ENERGY_AP_REQUEST_V1,2,0.0,-0.11111111111111113,-0.05247419950239873,1.8302492066864033,0.05025194401385136,143.05912499999994,True
50008,burst,long_context,37,MC_RL_01,0,0.0,0.0,0.094554335371555,-1.0378728920927571,-0.03651621006996919,-145.32085700000005,True
50008,sustained,mean,11,CPU_REFERENCE,0,0.0,0.0,-1.925078662086463,44.44583319443461,0.577380651679011,-396.18326099999996,True
50008,sustained,mean,11,SPLIT_REFERENCE,0,0.0,0.0,-1.380163372738906,-9.458497047435458,-0.13123411681109332,0.0,True
50008,sustained,mean,11,EFT_REFERENCE,0,0.0,0.0,-0.07151442526836149,6.743640599540811,0.05822350587202152,0.0,True
50008,sustained,mean,11,ENERGY_AP_REQUEST_V1,10,-0.10416666666666667,0.0,1.1454476659933164,-7.446604241048817,-0.12061233373553648,-1874.008503,True
50008,sustained,mean,11,MC_RL_01,0,0.0,0.0,-1.1769836481328468,3.811387712229191,0.1260690439245593,-645.1048779999999,True
50008,sustained,mean,23,CPU_REFERENCE,0,0.0,0.0,-1.1528281074545532,25.48402440890854,0.3450917481684037,-0.054488999999989574,True
50008,sustained,mean,23,SPLIT_REFERENCE,0,0.0,0.0,-0.6079128181069962,-28.42030583296153,-0.3635230203217006,396.12877199999997,True
50008,sustained,mean,23,EFT_REFERENCE,0,0.0,0.0,0.7007361293635483,-12.218168185985263,-0.17406539763858575,396.12877199999997,True
50008,sustained,mean,23,ENERGY_AP_REQUEST_V1,10,-0.10416666666666667,0.0,1.9176982206252262,-26.40841302657489,-0.35290123724614375,-1477.879731,True
50008,sustained,mean,23,MC_RL_01,0,0.0,0.0,-0.404733093500937,-15.150421073296883,-0.10621985958604796,-248.97610599999996,True
50008,sustained,mean,37,CPU_REFERENCE,0,0.0,0.0,-1.0028971190758398,22.779094793273913,0.1920876572493846,-49.16782599999999,True
50008,sustained,mean,37,SPLIT_REFERENCE,0,0.0,0.0,-0.4579818297282827,-31.125235448596158,-0.5165271112407197,347.01543499999997,True
50008,sustained,mean,37,EFT_REFERENCE,0,0.0,0.0,0.8506671177422618,-14.923097801619889,-0.32706948855760487,347.01543499999997,True
50008,sustained,mean,37,ENERGY_AP_REQUEST_V1,10,-0.10416666666666667,0.0,2.0676292090039396,-29.113342642209517,-0.5059053281651629,-1526.993068,True
50008,sustained,mean,37,MC_RL_01,0,0.0,0.0,-0.25480210512222357,-17.85535068893151,-0.2592239505050671,-298.08944299999996,True
50008,sustained,short_context,11,CPU_REFERENCE,0,0.0,0.0,-2.0627803155791185,43.36324431995973,0.563466461694972,-394.424126,True
50008,sustained,short_context,11,SPLIT_REFERENCE,0,0.0,0.0,-1.274247790567813,-9.196260856944292,-0.12757997301076074,0.0,True
50008,sustained,short_context,11,EFT_REFERENCE,0,0.0,0.0,-0.10434256557311983,6.568492711389439,0.05689447529130831,0.0,True
50008,sustained,short_context,11,ENERGY_AP_REQUEST_V1,10,-0.10416666666666667,0.0,1.103646378880427,-7.155275254214189,-0.11453712815669093,-1872.562243,True
50008,sustained,short_context,11,MC_RL_01,0,0.0,0.0,-1.2308835589017235,3.6029210798955376,0.12273004873888027,-652.551032,True
50008,sustained,short_context,23,CPU_REFERENCE,0,0.0,0.0,-1.1648937897705878,24.075173941786147,0.3332010219901669,1.7046460000000252,True
50008,sustained,short_context,23,SPLIT_REFERENCE,0,0.0,0.0,-0.3763612647592822,-28.484331235117878,-0.3578454127155659,396.128772,True
50008,sustained,short_context,23,EFT_REFERENCE,0,0.0,0.0,0.7935439602354109,-12.719577666784147,-0.17337096441349686,396.128772,True
50008,sustained,short_context,23,ENERGY_AP_REQUEST_V1,10,-0.10416666666666667,0.0,2.0015329046889576,-26.443345632387775,-0.3448025678614961,-1476.433471,True
50008,sustained,short_context,23,MC_RL_01,0,0.0,0.0,-0.33299703309319284,-15.685149298278048,-0.1075353909659249,-256.42225999999994,True
50008,sustained,short_context,37,CPU_REFERENCE,0,0.0,0.0,-1.072423299162864,22.218136106081317,0.18366171033618528,-42.855057999999985,True
50008,sustained,short_context,37,SPLIT_REFERENCE,0,0.0,0.0,-0.2838907741515584,-30.341369070822708,-0.5073847243695475,351.569068,True
50008,sustained,short_context,37,EFT_REFERENCE,0,0.0,0.0,0.8860144508431347,-14.576615502488977,-0.32291027606747846,351.569068,True
50008,sustained,short_context,37,ENERGY_AP_REQUEST_V1,10,-0.10416666666666667,0.0,2.0940033952966814,-28.300383468092605,-0.4943418795154777,-1520.993175,True
50008,sustained,short_context,37,MC_RL_01,0,0.0,0.0,-0.240526542485469,-17.54218713398288,-0.2570747026199065,-300.98196399999995,True
50008,sustained,long_context,11,CPU_REFERENCE,0,0.0,0.0,-1.7360332565274632,45.85181242678058,0.6055293900510357,-402.05625200000003,True
50008,sustained,long_context,11,SPLIT_REFERENCE,0,0.0,0.0,-1.4348348530165254,-9.39044919739186,-0.12082605024504289,0.0,True
50008,sustained,long_context,11,EFT_REFERENCE,0,0.0,0.0,0.01230966439723602,7.2300063734884645,0.07384171759055391,0.0,True
50008,sustained,long_context,11,ENERGY_AP_REQUEST_V1,10,-0.10416666666666667,0.0,1.2668910065047214,-8.133327341810599,-0.14062748846762219,-1875.3777969999999,True
50008,sustained,long_context,11,MC_RL_01,0,0.0,0.0,-0.9167933922126679,3.161263438420633,0.07999692699470984,-514.6607759999999,True
50008,sustained,long_context,23,CPU_REFERENCE,0,0.0,0.0,-1.0448134096312742,26.534487200591286,0.3637139706065078,-5.92748000000006,True
50008,sustained,long_context,23,SPLIT_REFERENCE,0,0.0,0.0,-0.7436150061203364,-28.707774423581156,-0.3626414696895708,396.12877199999997,True
50008,sustained,long_context,23,EFT_REFERENCE,0,0.0,0.0,0.703529511293425,-12.087318852700832,-0.16797370185397398,396.12877199999997,True
50008,sustained,long_context,23,ENERGY_AP_REQUEST_V1,10,-0.10416666666666667,0.0,1.9581108534009104,-27.450652567999896,-0.3824429079121501,-1479.2490249999998,True
50008,sustained,long_context,23,MC_RL_01,0,0.0,0.0,-0.22557354531647889,-16.156061787768664,-0.16181849244981805,-118.53200400000003,True
50008,sustained,long_context,37,CPU_REFERENCE,0,0.0,0.0,-0.9332639656278161,23.33352284336621,0.20062363508516157,-59.74838399999999,True
50008,sustained,long_context,37,SPLIT_REFERENCE,0,0.0,0.0,-0.6320655621168783,-31.90873878080623,-0.525731805210917,342.30786800000004,True
50008,sustained,long_context,37,EFT_REFERENCE,0,0.0,0.0,0.8150789552968831,-15.288283209925908,-0.3310640373753202,342.30786800000004,True
50008,sustained,long_context,37,ENERGY_AP_REQUEST_V1,10,-0.10416666666666667,0.0,2.0696602974043685,-30.65161692522497,-0.5455332434334963,-1533.0699289999998,True
50008,sustained,long_context,37,MC_RL_01,0,0.0,0.0,-0.11402410131302076,-19.35702614499374,-0.32490882797116427,-172.35290799999996,True
