pc_ms,phone_ms,call_state,audio_mode,focus,wakefulness,cmd_ms,ok,basic_normal,period_s,err
"1791345721065","1791345721650","0|0","MODE_NORMAL","com.android.settings/com.android.settings.SubSettings","Awake","177","1","1","10",""
"1791345731070","1791345731689","0|0","MODE_NORMAL","com.android.settings/com.android.settings.SubSettings","Awake","207","1","1","10",""
"1791345741072","1791345741703","0|0","MODE_NORMAL","com.android.settings/com.android.settings.SubSettings","Awake","205","1","1","10",""
"1791345751072","1791345751768","0|0","MODE_NORMAL","com.android.settings/com.android.settings.SubSettings","Awake","259","1","1","10",""
"1791345761068","1791345761681","0|0","MODE_NORMAL","com.android.settings/com.android.settings.SubSettings","Awake","187","1","1","10",""
"1791345771060","1791345771720","0|0","MODE_NORMAL","com.android.settings/com.android.settings.SubSettings","Awake","237","1","1","10",""
"1791345781060","1791345781656","0|0","MODE_NORMAL","com.android.settings/com.android.settings.SubSettings","Awake","172","1","1","10",""
"1791345791062","1791345791675","0|0","MODE_NORMAL","com.android.settings/com.android.settings.SubSettings","Awake","178","1","1","10",""
"1791345801055","1791345801759","0|0","MODE_NORMAL","com.android.settings/com.android.settings.SubSettings","Awake","277","1","1","10",""
"1791345811064","1791345811645","0|0","MODE_NORMAL","com.android.settings/com.android.settings.SubSettings","Awake","154","1","1","10",""
"1791345821066","1791345821717","0|0","MODE_NORMAL","com.android.settings/com.android.settings.SubSettings","Awake","237","1","1","10",""
"1791345831066","1791345831715","0|0","MODE_NORMAL","com.android.settings/com.android.settings.SubSettings","Awake","237","1","1","10",""
"1791345841065","1791345841703","0|0","MODE_NORMAL","com.android.settings/com.android.settings.SubSettings","Awake","222","1","1","10",""
"1791345851067","1791345851705","0|0","MODE_NORMAL","com.android.settings/com.android.settings.SubSettings","Awake","229","1","1","10",""
"1791345861069","1791345861768","0|0","MODE_NORMAL","NotificationShade","Awake","286","1","1","10",""
"1791345871070","1791345871799","0|0","MODE_NORMAL","NotificationShade","Awake","304","1","1","10",""
"1791345881069","1791345881702","0|0","MODE_NORMAL","NotificationShade","Awake","210","1","1","10",""
"1791345891072","1791345891715","0|0","MODE_NORMAL","NotificationShade","Awake","218","1","1","10",""
"1791345901058","1791345901672","0|0","MODE_NORMAL","NotificationShade","Awake","199","1","1","10",""
"1791345911060","1791345911714","0|0","MODE_NORMAL","NotificationShade","Awake","244","1","1","10",""
"1791345921075","1791345921764","0|0","MODE_NORMAL","NotificationShade","Awake","271","1","1","10",""
"1791345931060","1791345931708","0|0","MODE_NORMAL","NotificationShade","Awake","237","1","1","10",""
"1791345941059","1791345941740","0|0","MODE_NORMAL","NotificationShade","Awake","273","1","1","10",""
"1791345951060","1791345951744","0|0","MODE_NORMAL","NotificationShade","Awake","273","1","1","10",""
"1791345961062","1791345961711","0|0","MODE_NORMAL","NotificationShade","Awake","237","1","1","10",""
"1791345971061","1791345971733","0|0","MODE_NORMAL","NotificationShade","Awake","258","1","1","10",""
"1791345981065","1791345981743","0|0","MODE_NORMAL","NotificationShade","Awake","252","1","1","10",""
"1791345991066","1791345991684","0|0","MODE_NORMAL","com.android.settings/com.android.settings.SubSettings","Awake","204","1","1","10",""
"1791346001065","1791346001695","0|0","MODE_NORMAL","com.android.settings/com.android.settings.SubSettings","Awake","217","1","1","10",""
"1791346011068","1791346011729","0|0","MODE_NORMAL","com.android.settings/com.android.settings.SubSettings","Awake","222","1","1","10",""
"1791346021069","1791346021688","0|0","MODE_NORMAL","com.android.settings/com.android.settings.SubSettings","Awake","205","1","1","10",""
"1791346031070","1791346031709","0|0","MODE_NORMAL","com.android.settings/com.android.settings.SubSettings","Awake","214","1","1","10",""
"1791346041068","1791346041605","0|0","MODE_NORMAL","com.android.settings/com.android.settings.SubSettings","Awake","120","1","1","10",""
"1791346051071","1791346051689","0|0","MODE_NORMAL","com.android.settings/com.android.settings.SubSettings","Awake","205","1","1","10",""
"1791346061073","1791346061698","0|0","MODE_NORMAL","com.android.settings/com.android.settings.SubSettings","Awake","204","1","1","10",""
"1791346071063","1791346071759","0|0","MODE_NORMAL","com.android.settings/com.android.settings.homepage.SettingsHomepageActivity","Awake","283","1","1","10",""
"1791346081069","1791346081708","0|0","MODE_NORMAL","com.sec.android.app.launcher/com.sec.android.app.launcher.activities.LauncherActivity","Awake","224","1","1","10",""
"1791346091058","1791346091741","0|0","MODE_NORMAL","com.sec.android.app.launcher/com.sec.android.app.launcher.activities.LauncherActivity","Awake","269","1","1","10",""
"1791346101059","1791346101630","0|0","MODE_NORMAL","com.sec.android.app.launcher/com.sec.android.app.launcher.activities.LauncherActivity","Awake","130","1","1","10",""
"1791346111060","1791346111700","0|0","MODE_NORMAL","com.example.d1check/com.example.d1check.MainActivity","Awake","218","1","1","10",""
"1791346121061","1791346121725","0|0","MODE_NORMAL","com.example.d1check/com.example.d1check.MainActivity","Awake","238","1","1","10",""
"1791346131063","1791346131774","0|0","MODE_NORMAL","com.example.d1check/com.example.d1check.MainActivity","Awake","288","1","1","10",""
"1791346141064","1791346141713","0|0","MODE_NORMAL","com.example.d1check/com.example.d1check.MainActivity","Awake","220","1","1","10",""
"1791346151065","1791346151713","0|0","MODE_NORMAL","com.example.d1check/com.example.d1check.MainActivity","Awake","239","1","1","10",""
"1791346161066","1791346161676","0|0","MODE_NORMAL","com.example.d1check/com.example.d1check.MainActivity","Awake","185","1","1","10",""
"1791346171067","1791346171700","0|0","MODE_NORMAL","com.example.d1check/com.example.d1check.MainActivity","Awake","202","1","1","10",""
"1791346181068","1791346181736","0|0","MODE_NORMAL","com.example.d1check/com.example.d1check.MainActivity","Awake","234","1","1","10",""
"1791346191058","1791346191657","0|0","MODE_NORMAL","com.example.d1check/com.example.d1check.MainActivity","Awake","184","1","1","10",""
"1791346201071","1791346201695","0|0","MODE_NORMAL","com.example.d1check/com.example.d1check.MainActivity","Awake","205","1","1","10",""
"1791346211071","1791346211687","0|0","MODE_NORMAL","com.example.d1check/com.example.d1check.MainActivity","Awake","187","1","1","10",""
"1791346221061","1791346221661","0|0","MODE_NORMAL","com.example.d1check/com.example.d1check.MainActivity","Awake","183","1","1","10",""
"1791346231072","1791346231705","0|0","MODE_NORMAL","com.example.d1check/com.example.d1check.MainActivity","Awake","205","1","1","10",""
"1791346241075","1791346241749","0|0","MODE_NORMAL","com.example.d1check/com.example.d1check.MainActivity","Awake","254","1","1","10",""
"1791346251065","1791346251674","0|0","MODE_NORMAL","com.example.d1check/com.example.d1check.MainActivity","Awake","182","1","1","10",""
"1791346261059","1791346261712","0|0","MODE_NORMAL","com.example.d1check/com.example.d1check.MainActivity","Awake","234","1","1","10",""
"1791346271060","1791346271725","0|0","MODE_NORMAL","com.example.d1check/com.example.d1check.MainActivity","Awake","235","1","1","10",""
"1791346281070","1791346281709","0|0","MODE_NORMAL","com.example.d1check/com.example.d1check.MainActivity","Awake","211","1","1","10",""
"1791346291063","1791346291736","0|0","MODE_NORMAL","com.example.d1check/com.example.d1check.MainActivity","Awake","254","1","1","10",""
"1791346301064","1791346301742","0|0","MODE_NORMAL","com.example.d1check/com.example.d1check.MainActivity","Awake","255","1","1","10",""
"1791346311073","1791346311656","0|0","MODE_NORMAL","com.example.d1check/com.example.d1check.MainActivity","Awake","162","1","1","10",""
"1791346321065","1791346321713","0|0","MODE_NORMAL","com.example.d1check/com.example.d1check.MainActivity","Awake","221","1","1","10",""
"1791346331067","1791346331730","0|0","MODE_NORMAL","com.example.d1check/com.example.d1check.MainActivity","Awake","237","1","1","10",""
"1791346341062","1791346341679","0|0","MODE_NORMAL","com.example.d1check/com.example.d1check.MainActivity","Awake","178","1","1","10",""
"1791346351068","1791346351723","0|0","MODE_NORMAL","com.example.d1check/com.example.d1check.MainActivity","Awake","240","1","1","10",""
"1791346361070","1791346361740","0|0","MODE_NORMAL","com.example.d1check/com.example.d1check.MainActivity","Awake","252","1","1","10",""
"1791346371065","1791346371669","0|0","MODE_NORMAL","com.example.d1check/com.example.d1check.MainActivity","Awake","175","1","1","10",""
"1791346381072","1791346381724","0|0","MODE_NORMAL","com.example.d1check/com.example.d1check.MainActivity","Awake","220","1","1","10",""
"1791346391070","1791346391768","0|0","MODE_NORMAL","com.example.d1check/com.example.d1check.MainActivity","Awake","277","1","1","10",""
"1791346401071","1791346401684","0|0","MODE_NORMAL","com.example.d1check/com.example.d1check.MainActivity","Awake","197","1","1","10",""
"1791346411070","1791346411709","0|0","MODE_NORMAL","com.example.d1check/com.example.d1check.MainActivity","Awake","212","1","1","10",""
"1791346421072","1791346421659","0|0","MODE_NORMAL","com.example.d1check/com.example.d1check.MainActivity","Awake","167","1","1","10",""
"1791346431058","1791346431713","0|0","MODE_NORMAL","com.example.d1check/com.example.d1check.MainActivity","Awake","229","1","1","10",""
"1791346441072","1791346441724","0|0","MODE_NORMAL","com.example.d1check/com.example.d1check.MainActivity","Awake","228","1","1","10",""
"1791346451061","1791346451635","0|0","MODE_NORMAL","com.example.d1check/com.example.d1check.MainActivity","Awake","147","1","1","10",""
"1791346461070","1791346461670","0|0","MODE_NORMAL","com.example.d1check/com.example.d1check.MainActivity","Awake","180","1","1","10",""
"1791346471068","1791346471735","0|0","MODE_NORMAL","com.example.d1check/com.example.d1check.MainActivity","Awake","243","1","1","10",""
"1791346481064","1791346481778","0|0","MODE_NORMAL","com.example.d1check/com.example.d1check.MainActivity","Awake","292","1","1","10",""
"1791346491064","1791346491696","0|0","MODE_NORMAL","com.example.d1check/com.example.d1check.MainActivity","Awake","208","1","1","10",""
"1791346501073","1791346501736","0|0","MODE_NORMAL","com.example.d1check/com.example.d1check.MainActivity","Awake","245","1","1","10",""
"1791346511069","1791346511642","0|0","MODE_NORMAL","com.example.d1check/com.example.d1check.MainActivity","Awake","147","1","1","10",""
"1791346521069","1791346521703","0|0","MODE_NORMAL","com.example.d1check/com.example.d1check.MainActivity","Awake","212","1","1","10",""
"1791346531058","1791346531730","0|0","MODE_NORMAL","com.example.d1check/com.example.d1check.MainActivity","Awake","244","1","1","10",""
"1791346541058","1791346541654","0|0","MODE_NORMAL","com.example.d1check/com.example.d1check.MainActivity","Awake","165","1","1","10",""
"1791346551059","1791346551630","0|0","MODE_NORMAL","com.example.d1check/com.example.d1check.MainActivity","Awake","144","1","1","10",""
"1791346561058","1791346561738","0|0","MODE_NORMAL","com.example.d1check/com.example.d1check.MainActivity","Awake","261","1","1","10",""
"1791346571061","1791346571662","0|0","MODE_NORMAL","com.example.d1check/com.example.d1check.MainActivity","Awake","179","1","1","10",""
"1791346581067","1791346581700","0|0","MODE_NORMAL","com.example.d1check/com.example.d1check.MainActivity","Awake","215","1","1","10",""
"1791346591060","1791346591761","0|0","MODE_NORMAL","com.example.d1check/com.example.d1check.MainActivity","Awake","276","1","1","10",""
"1791346601070","1791346601691","0|0","MODE_NORMAL","com.example.d1check/com.example.d1check.MainActivity","Awake","197","1","1","10",""
"1791346611063","1791346611694","0|0","MODE_NORMAL","com.example.d1check/com.example.d1check.MainActivity","Awake","211","1","1","10",""
"1791346621067","1791346621646","0|0","MODE_NORMAL","com.example.d1check/com.example.d1check.MainActivity","Awake","148","1","1","10",""
"1791346631070","1791346631668","0|0","MODE_NORMAL","com.example.d1check/com.example.d1check.MainActivity","Awake","181","1","1","10",""
"1791346641065","1791346641721","0|0","MODE_NORMAL","com.example.d1check/com.example.d1check.MainActivity","Awake","228","1","1","10",""
"1791346651065","1791346651727","0|0","MODE_NORMAL","com.example.d1check/com.example.d1check.MainActivity","Awake","229","1","1","10",""
"1791346661066","1791346661677","0|0","MODE_NORMAL","com.example.d1check/com.example.d1check.MainActivity","Awake","180","1","1","10",""
"1791346671070","1791346671713","0|0","MODE_NORMAL","com.example.d1check/com.example.d1check.MainActivity","Awake","208","1","1","10",""
"1791346681057","1791346681781","0|0","MODE_NORMAL","com.example.d1check/com.example.d1check.MainActivity","Awake","291","1","1","10",""
"1791346691061","1791346691703","0|0","MODE_NORMAL","com.example.d1check/com.example.d1check.MainActivity","Awake","211","1","1","10",""
"1791346701070","1791346701713","0|0","MODE_NORMAL","com.example.d1check/com.example.d1check.MainActivity","Awake","210","1","1","10",""
"1791346711058","1791346711634","0|0","MODE_NORMAL","com.example.d1check/com.example.d1check.MainActivity","Awake","149","1","1","10",""
"1791346721059","1791346721703","0|0","MODE_NORMAL","com.example.d1check/com.example.d1check.MainActivity","Awake","228","1","1","10",""
"1791346731062","1791346731725","0|0","MODE_NORMAL","com.example.d1check/com.example.d1check.MainActivity","Awake","240","1","1","10",""
"1791346741072","1791346741760","0|0","MODE_NORMAL","com.example.d1check/com.example.d1check.MainActivity","Awake","261","1","1","10",""
"1791346751056","1791346751680","0|0","MODE_NORMAL","com.example.d1check/com.example.d1check.MainActivity","Awake","196","1","1","10",""
"1791346761064","1791346761753","0|0","MODE_NORMAL","com.example.d1check/com.example.d1check.MainActivity","Awake","258","1","1","10",""
"1791346771060","1791346771868","0|0","MODE_NORMAL","com.example.d1check/com.example.d1check.MainActivity","Awake","388","1","1","10",""
"1791346781059","1791346781698","0|0","MODE_NORMAL","com.example.d1check/com.example.d1check.MainActivity","Awake","209","1","1","10",""
"1791346791062","1791346791676","0|0","MODE_NORMAL","com.example.d1check.npurunner/com.example.d1check.npurunner.NpuRunnerActivity","Awake","196","1","1","10",""
"1791346801072","1791346801642","0|0","MODE_NORMAL","com.example.d1check.npurunner/com.example.d1check.npurunner.NpuRunnerActivity","Awake","147","1","1","10",""
"1791346811069","1791346811658","0|0","MODE_NORMAL","com.example.d1check.npurunner/com.example.d1check.npurunner.NpuRunnerActivity","Awake","164","1","1","10",""
"1791346821064","1791346821657","0|0","MODE_NORMAL","com.example.d1check.npurunner/com.example.d1check.npurunner.NpuRunnerActivity","Awake","164","1","1","10",""
"1791346831059","1791346831656","0|0","MODE_NORMAL","com.example.d1check.npurunner/com.example.d1check.npurunner.NpuRunnerActivity","Awake","165","1","1","10",""
"1791346841066","1791346841653","0|0","MODE_NORMAL","com.example.d1check.npurunner/com.example.d1check.npurunner.NpuRunnerActivity","Awake","164","1","1","10",""
"1791346851068","1791346851640","0|0","MODE_NORMAL","com.example.d1check.npurunner/com.example.d1check.npurunner.NpuRunnerActivity","Awake","149","1","1","10",""
"1791346861069","1791346861630","0|0","MODE_NORMAL","com.example.d1check.npurunner/com.example.d1check.npurunner.NpuRunnerActivity","Awake","132","1","1","10",""
"1791346871061","1791346871619","0|0","MODE_NORMAL","com.example.d1check.npurunner/com.example.d1check.npurunner.NpuRunnerActivity","Awake","133","1","1","10",""
"1791346881062","1791346881616","0|0","MODE_NORMAL","com.example.d1check.npurunner/com.example.d1check.npurunner.NpuRunnerActivity","Awake","128","1","1","10",""
"1791346891060","1791346891629","0|0","MODE_NORMAL","com.example.d1check.npurunner/com.example.d1check.npurunner.NpuRunnerActivity","Awake","129","1","1","10",""
"1791346901059","1791346901679","0|0","MODE_NORMAL","com.example.d1check.npurunner/com.example.d1check.npurunner.NpuRunnerActivity","Awake","195","1","1","10",""
"1791346911065","1791346911704","0|0","MODE_NORMAL","com.example.d1check.npurunner/com.example.d1check.npurunner.NpuRunnerActivity","Awake","210","1","1","10",""
"1791346921063","1791346921639","0|0","MODE_NORMAL","com.example.d1check.npurunner/com.example.d1check.npurunner.NpuRunnerActivity","Awake","145","1","1","10",""
"1791346931072","1791346931682","0|0","MODE_NORMAL","com.example.d1check.npurunner/com.example.d1check.npurunner.NpuRunnerActivity","Awake","176","1","1","10",""
"1791346941073","1791346941712","0|0","MODE_NORMAL","com.example.d1check.npurunner/com.example.d1check.npurunner.NpuRunnerActivity","Awake","213","1","1","10",""
"1791346951067","1791346951636","0|0","MODE_NORMAL","com.example.d1check.npurunner/com.example.d1check.npurunner.NpuRunnerActivity","Awake","146","1","1","10",""
"1791346961072","1791346961678","0|0","MODE_NORMAL","com.example.d1check.npurunner/com.example.d1check.npurunner.NpuRunnerActivity","Awake","179","1","1","10",""
"1791346971059","1791346971720","0|0","MODE_NORMAL","com.example.d1check.npurunner/com.example.d1check.npurunner.NpuRunnerActivity","Awake","227","1","1","10",""
"1791346981070","1791346981651","0|0","MODE_NORMAL","com.example.d1check.npurunner/com.example.d1check.npurunner.NpuRunnerActivity","Awake","149","1","1","10",""
"1791346991064","1791346991677","0|0","MODE_NORMAL","com.example.d1check.npurunner/com.example.d1check.npurunner.NpuRunnerActivity","Awake","179","1","1","10",""
"1791347001063","1791347001726","0|0","MODE_NORMAL","com.example.d1check.npurunner/com.example.d1check.npurunner.NpuRunnerActivity","Awake","224","1","1","10",""
"1791347011069","1791347011651","0|0","MODE_NORMAL","com.example.d1check.npurunner/com.example.d1check.npurunner.NpuRunnerActivity","Awake","148","1","1","10",""
"1791347021070","1791347021690","0|0","MODE_NORMAL","com.example.d1check.npurunner/com.example.d1check.npurunner.NpuRunnerActivity","Awake","197","1","1","10",""
"1791347031065","1791347031620","0|0","MODE_NORMAL","com.example.d1check.npurunner/com.example.d1check.npurunner.NpuRunnerActivity","Awake","132","1","1","10",""
"1791347041063","1791347041637","0|0","MODE_NORMAL","com.example.d1check.npurunner/com.example.d1check.npurunner.NpuRunnerActivity","Awake","148","1","1","10",""
"1791347051068","1791347051628","0|0","MODE_NORMAL","com.example.d1check.npurunner/com.example.d1check.npurunner.NpuRunnerActivity","Awake","132","1","1","10",""
"1791347061073","1791347061635","0|0","MODE_NORMAL","com.example.d1check.npurunner/com.example.d1check.npurunner.NpuRunnerActivity","Awake","130","1","1","10",""
"1791347071070","1791347071618","0|0","MODE_NORMAL","com.example.d1check.npurunner/com.example.d1check.npurunner.NpuRunnerActivity","Awake","114","1","1","10",""
"1791347081058","1791347081622","0|0","MODE_NORMAL","com.example.d1check.npurunner/com.example.d1check.npurunner.NpuRunnerActivity","Awake","145","1","1","10",""
"1791347091064","1791347091630","0|0","MODE_NORMAL","com.example.d1check.npurunner/com.example.d1check.npurunner.NpuRunnerActivity","Awake","128","1","1","10",""
"1791347101059","1791347101678","0|0","MODE_NORMAL","com.example.d1check.npurunner/com.example.d1check.npurunner.NpuRunnerActivity","Awake","192","1","1","10",""
"1791347111064","1791347111692","0|0","MODE_NORMAL","com.example.d1check.npurunner/com.example.d1check.npurunner.NpuRunnerActivity","Awake","195","1","1","10",""
"1791347121066","1791347121731","0|0","MODE_NORMAL","com.example.d1check.npurunner/com.example.d1check.npurunner.NpuRunnerActivity","Awake","225","1","1","10",""
"1791347131069","1791347131669","0|0","MODE_NORMAL","com.example.d1check.npurunner/com.example.d1check.npurunner.NpuRunnerActivity","Awake","160","1","1","10",""
"1791347141067","1791347141702","0|0","MODE_NORMAL","com.example.d1check.npurunner/com.example.d1check.npurunner.NpuRunnerActivity","Awake","192","1","1","10",""
"1791347151062","1791347151742","0|0","MODE_NORMAL","com.example.d1check.npurunner/com.example.d1check.npurunner.NpuRunnerActivity","Awake","241","1","1","10",""
"1791347161060","1791347161664","0|0","MODE_NORMAL","com.example.d1check.npurunner/com.example.d1check.npurunner.NpuRunnerActivity","Awake","164","1","1","10",""
"1791347171064","1791347171715","0|0","MODE_NORMAL","com.example.d1check.npurunner/com.example.d1check.npurunner.NpuRunnerActivity","Awake","212","1","1","10",""
"1791347181063","1791347181773","0|0","MODE_NORMAL","com.example.d1check.npurunner/com.example.d1check.npurunner.NpuRunnerActivity","Awake","275","1","1","10",""
"1791347191071","1791347191713","0|0","MODE_NORMAL","com.example.d1check.npurunner/com.example.d1check.npurunner.NpuRunnerActivity","Awake","211","1","1","10",""
"1791347201071","1791347201735","0|0","MODE_NORMAL","com.example.d1check.npurunner/com.example.d1check.npurunner.NpuRunnerActivity","Awake","227","1","1","10",""
"1791347211066","1791347211775","0|0","MODE_NORMAL","com.example.d1check.npurunner/com.example.d1check.npurunner.NpuRunnerActivity","Awake","277","1","1","10",""
"1791347221072","1791347221708","0|0","MODE_NORMAL","com.example.d1check.npurunner/com.example.d1check.npurunner.NpuRunnerActivity","Awake","196","1","1","10",""
"1791347231067","1791347231666","0|0","MODE_NORMAL","com.example.d1check.npurunner/com.example.d1check.npurunner.NpuRunnerActivity","Awake","163","1","1","10",""
"1791347241067","1791347241679","0|0","MODE_NORMAL","com.example.d1check.npurunner/com.example.d1check.npurunner.NpuRunnerActivity","Awake","180","1","1","10",""
"1791347251058","1791347251644","0|0","MODE_NORMAL","com.example.d1check.npurunner/com.example.d1check.npurunner.NpuRunnerActivity","Awake","163","1","1","10",""
"1791347261058","1791347261651","0|0","MODE_NORMAL","com.example.d1check.npurunner/com.example.d1check.npurunner.NpuRunnerActivity","Awake","164","1","1","10",""
"1791347271074","1791347271653","0|0","MODE_NORMAL","com.example.d1check.npurunner/com.example.d1check.npurunner.NpuRunnerActivity","Awake","148","1","1","10",""
"1791347281061","1791347281640","0|0","MODE_NORMAL","com.example.d1check.npurunner/com.example.d1check.npurunner.NpuRunnerActivity","Awake","147","1","1","10",""
"1791347291061","1791347291641","0|0","MODE_NORMAL","com.example.d1check.npurunner/com.example.d1check.npurunner.NpuRunnerActivity","Awake","146","1","1","10",""
"1791347301060","1791347301676","0|0","MODE_NORMAL","com.example.d1check.npurunner/com.example.d1check.npurunner.NpuRunnerActivity","Awake","178","1","1","10",""
"1791347311072","1791347311704","0|0","MODE_NORMAL","com.example.d1check.npurunner/com.example.d1check.npurunner.NpuRunnerActivity","Awake","194","1","1","10",""
"1791347321058","1791347321738","0|0","MODE_NORMAL","com.example.d1check.npurunner/com.example.d1check.npurunner.NpuRunnerActivity","Awake","241","1","1","10",""
"1791347331060","1791347331684","0|0","MODE_NORMAL","com.example.d1check.npurunner/com.example.d1check.npurunner.NpuRunnerActivity","Awake","193","1","1","10",""
"1791347341059","1791347341725","0|0","MODE_NORMAL","com.example.d1check.npurunner/com.example.d1check.npurunner.NpuRunnerActivity","Awake","211","1","1","10",""
"1791347351068","1791347351752","0|0","MODE_NORMAL","com.example.d1check.npurunner/com.example.d1check.npurunner.NpuRunnerActivity","Awake","245","1","1","10",""
"1791347361062","1791347361676","0|0","MODE_NORMAL","com.example.d1check.npurunner/com.example.d1check.npurunner.NpuRunnerActivity","Awake","181","1","1","10",""
"1791347371060","1791347371717","0|0","MODE_NORMAL","com.example.d1check.npurunner/com.example.d1check.npurunner.NpuRunnerActivity","Awake","228","1","1","10",""
"1791347381059","1791347381744","0|0","MODE_NORMAL","com.example.d1check.npurunner/com.example.d1check.npurunner.NpuRunnerActivity","Awake","241","1","1","10",""
"1791347391061","1791347391676","0|0","MODE_NORMAL","com.example.d1check.npurunner/com.example.d1check.npurunner.NpuRunnerActivity","Awake","181","1","1","10",""
"1791347401070","1791347401744","0|0","MODE_NORMAL","com.example.d1check.npurunner/com.example.d1check.npurunner.NpuRunnerActivity","Awake","245","1","1","10",""
"1791347411072","1791347411758","0|0","MODE_NORMAL","com.example.d1check.npurunner/com.example.d1check.npurunner.NpuRunnerActivity","Awake","263","1","1","10",""
"1791347421069","1791347421642","0|0","MODE_NORMAL","com.example.d1check.npurunner/com.example.d1check.npurunner.NpuRunnerActivity","Awake","131","1","1","10",""
"1791347431069","1791347431668","0|0","MODE_NORMAL","com.example.d1check.npurunner/com.example.d1check.npurunner.NpuRunnerActivity","Awake","163","1","1","10",""
"1791347441071","1791347441724","0|0","MODE_NORMAL","com.example.d1check.npurunner/com.example.d1check.npurunner.NpuRunnerActivity","Awake","212","1","1","10",""
"1791347451058","1791347451631","0|0","MODE_NORMAL","com.example.d1check.npurunner/com.example.d1check.npurunner.NpuRunnerActivity","Awake","147","1","1","10",""
"1791347461072","1791347461659","0|0","MODE_NORMAL","com.example.d1check.npurunner/com.example.d1check.npurunner.NpuRunnerActivity","Awake","146","1","1","10",""
"1791347471073","1791347471751","0|0","MODE_NORMAL","com.example.d1check.npurunner/com.example.d1check.npurunner.NpuRunnerActivity","Awake","243","1","1","10",""
"1791347481074","1791347481690","0|0","MODE_NORMAL","com.example.d1check.npurunner/com.example.d1check.npurunner.NpuRunnerActivity","Awake","177","1","1","10",""
"1791347491058","1791347491706","0|0","MODE_NORMAL","com.example.d1check.npurunner/com.example.d1check.npurunner.NpuRunnerActivity","Awake","209","1","1","10",""
"1791347501058","1791347501663","0|0","MODE_NORMAL","com.example.d1check.npurunner/com.example.d1check.npurunner.NpuRunnerActivity","Awake","161","1","1","10",""
"1791347511069","1791347511700","0|0","MODE_NORMAL","com.example.d1check.npurunner/com.example.d1check.npurunner.NpuRunnerActivity","Awake","197","1","1","10",""
"1791347521070","1791347521710","0|0","MODE_NORMAL","com.example.d1check.npurunner/com.example.d1check.npurunner.NpuRunnerActivity","Awake","196","1","1","10",""
"1791347531059","1791347531762","0|0","MODE_NORMAL","com.example.d1check.npurunner/com.example.d1check.npurunner.NpuRunnerActivity","Awake","276","1","1","10",""
"1791347541068","1791347541698","0|0","MODE_NORMAL","com.example.d1check.npurunner/com.example.d1check.npurunner.NpuRunnerActivity","Awake","196","1","1","10",""
"1791347551066","1791347551734","0|0","MODE_NORMAL","com.example.d1check.npurunner/com.example.d1check.npurunner.NpuRunnerActivity","Awake","228","1","1","10",""
"1791347561070","1791347561777","0|0","MODE_NORMAL","com.example.d1check.npurunner/com.example.d1check.npurunner.NpuRunnerActivity","Awake","272","1","1","10",""
"1791347571071","1791347571701","0|0","MODE_NORMAL","com.example.d1check.npurunner/com.example.d1check.npurunner.NpuRunnerActivity","Awake","196","1","1","10",""
"1791347581060","1791347581749","0|0","MODE_NORMAL","com.example.d1check.npurunner/com.example.d1check.npurunner.NpuRunnerActivity","Awake","255","1","1","10",""
"1791347591062","1791347591675","0|0","MODE_NORMAL","com.example.d1check.npurunner/com.example.d1check.npurunner.NpuRunnerActivity","Awake","181","1","1","10",""
"1791347601070","1791347601669","0|0","MODE_NORMAL","com.example.d1check.npurunner/com.example.d1check.npurunner.NpuRunnerActivity","Awake","164","1","1","10",""
"1791347611060","1791347611648","0|0","MODE_NORMAL","com.example.d1check.npurunner/com.example.d1check.npurunner.NpuRunnerActivity","Awake","145","1","1","10",""
"1791347621066","1791347621662","0|0","MODE_NORMAL","com.example.d1check.npurunner/com.example.d1check.npurunner.NpuRunnerActivity","Awake","162","1","1","10",""
"1791347631062","1791347631637","0|0","MODE_NORMAL","com.example.d1check.npurunner/com.example.d1check.npurunner.NpuRunnerActivity","Awake","132","1","1","10",""
"1791347641062","1791347641674","0|0","MODE_NORMAL","com.example.d1check.npurunner/com.example.d1check.npurunner.NpuRunnerActivity","Awake","178","1","1","10",""
"1791347651061","1791347651665","0|0","MODE_NORMAL","com.example.d1check.npurunner/com.example.d1check.npurunner.NpuRunnerActivity","Awake","162","1","1","10",""
"1791347661068","1791347661688","0|0","MODE_NORMAL","com.example.d1check.npurunner/com.example.d1check.npurunner.NpuRunnerActivity","Awake","176","1","1","10",""
"1791347671063","1791347671753","0|0","MODE_NORMAL","com.example.d1check.npurunner/com.example.d1check.npurunner.NpuRunnerActivity","Awake","255","1","1","10",""
"1791347681067","1791347681679","0|0","MODE_NORMAL","com.example.d1check.npurunner/com.example.d1check.npurunner.NpuRunnerActivity","Awake","176","1","1","10",""
"1791347691068","1791347691728","0|0","MODE_NORMAL","com.example.d1check.npurunner/com.example.d1check.npurunner.NpuRunnerActivity","Awake","225","1","1","10",""
"1791347701072","1791347701648","0|0","MODE_NORMAL","com.example.d1check.npurunner/com.example.d1check.npurunner.NpuRunnerActivity","Awake","148","1","1","10",""
"1791347711064","1791347711670","0|0","MODE_NORMAL","com.example.d1check.npurunner/com.example.d1check.npurunner.NpuRunnerActivity","Awake","161","1","1","10",""
"1791347721066","1791347721714","0|0","MODE_NORMAL","com.example.d1check.npurunner/com.example.d1check.npurunner.NpuRunnerActivity","Awake","208","1","1","10",""
"1791347731064","1791347731641","0|0","MODE_NORMAL","com.example.d1check.npurunner/com.example.d1check.npurunner.NpuRunnerActivity","Awake","149","1","1","10",""
"1791347741061","1791347741696","0|0","MODE_NORMAL","com.example.d1check.npurunner/com.example.d1check.npurunner.NpuRunnerActivity","Awake","213","1","1","10",""
"1791347751064","1791347751726","0|0","MODE_NORMAL","com.example.d1check.npurunner/com.example.d1check.npurunner.NpuRunnerActivity","Awake","224","1","1","10",""
"1791347761070","1791347761654","0|0","MODE_NORMAL","com.example.d1check.npurunner/com.example.d1check.npurunner.NpuRunnerActivity","Awake","130","1","1","10",""
"1791347771068","1791347771672","0|0","MODE_NORMAL","com.example.d1check.npurunner/com.example.d1check.npurunner.NpuRunnerActivity","Awake","147","1","1","10",""
"1791347781066","1791347781630","0|0","MODE_NORMAL","com.example.d1check.npurunner/com.example.d1check.npurunner.NpuRunnerActivity","Awake","129","1","1","10",""
"1791347791061","1791347791627","0|0","MODE_NORMAL","com.example.d1check.npurunner/com.example.d1check.npurunner.NpuRunnerActivity","Awake","130","1","1","10",""
"1791347801061","1791347801623","0|0","MODE_NORMAL","com.example.d1check.npurunner/com.example.d1check.npurunner.NpuRunnerActivity","Awake","113","1","1","10",""
"1791347811071","1791347811634","0|0","MODE_NORMAL","com.example.d1check.npurunner/com.example.d1check.npurunner.NpuRunnerActivity","Awake","104","1","1","10",""
"1791347821057","1791347821615","0|0","MODE_NORMAL","com.example.d1check.npurunner/com.example.d1check.npurunner.NpuRunnerActivity","Awake","113","1","1","10",""
"1791347831067","1791347831684","0|0","MODE_NORMAL","com.example.d1check.npurunner/com.example.d1check.npurunner.NpuRunnerActivity","Awake","158","1","1","10",""
"1791347841071","1791347841697","0|0","MODE_NORMAL","com.example.d1check.npurunner/com.example.d1check.npurunner.NpuRunnerActivity","Awake","193","1","1","10",""
"1791347851071","1791347851645","0|0","MODE_NORMAL","com.example.d1check.npurunner/com.example.d1check.npurunner.NpuRunnerActivity","Awake","129","1","1","10",""
"1791347861071","1791347861653","0|0","MODE_NORMAL","com.example.d1check.npurunner/com.example.d1check.npurunner.NpuRunnerActivity","Awake","151","1","1","10",""
"1791347871068","1791347871658","0|0","MODE_NORMAL","com.example.d1check.npurunner/com.example.d1check.npurunner.NpuRunnerActivity","Awake","131","1","1","10",""
"1791347881067","1791347881643","0|0","MODE_NORMAL","com.example.d1check.npurunner/com.example.d1check.npurunner.NpuRunnerActivity","Awake","130","1","1","10",""
"1791347891061","1791347891674","0|0","MODE_NORMAL","com.example.d1check.npurunner/com.example.d1check.npurunner.NpuRunnerActivity","Awake","176","1","1","10",""
"1791347901059","1791347901716","0|0","MODE_NORMAL","com.example.d1check.npurunner/com.example.d1check.npurunner.NpuRunnerActivity","Awake","208","1","1","10",""
"1791347911064","1791347911750","0|0","MODE_NORMAL","com.example.d1check.npurunner/com.example.d1check.npurunner.NpuRunnerActivity","Awake","225","1","1","10",""
"1791347921057","1791347921689","0|0","MODE_NORMAL","com.example.d1check.npurunner/com.example.d1check.npurunner.NpuRunnerActivity","Awake","192","1","1","10",""
"1791347931070","1791347931718","0|0","MODE_NORMAL","com.example.d1check.npurunner/com.example.d1check.npurunner.NpuRunnerActivity","Awake","191","1","1","10",""
"1791347941058","1791347941658","0|0","MODE_NORMAL","com.example.d1check.npurunner/com.example.d1check.npurunner.NpuRunnerActivity","Awake","164","1","1","10",""
"1791347951072","1791347951677","0|0","MODE_NORMAL","com.example.d1check.npurunner/com.example.d1check.npurunner.NpuRunnerActivity","Awake","179","1","1","10",""
"1791347961061","1791347961735","0|0","MODE_NORMAL","com.example.d1check.npurunner/com.example.d1check.npurunner.NpuRunnerActivity","Awake","227","1","1","10",""
"1791347971065","1791347971745","0|0","MODE_NORMAL","com.example.d1check.npurunner/com.example.d1check.npurunner.NpuRunnerActivity","Awake","243","1","1","10",""
"1791347981068","1791347981692","0|0","MODE_NORMAL","com.example.d1check.npurunner/com.example.d1check.npurunner.NpuRunnerActivity","Awake","179","1","1","10",""
"1791347991058","1791347991720","0|0","MODE_NORMAL","com.example.d1check.npurunner/com.example.d1check.npurunner.NpuRunnerActivity","Awake","226","1","1","10",""
"1791348001074","1791348001765","0|0","MODE_NORMAL","com.example.d1check.npurunner/com.example.d1check.npurunner.NpuRunnerActivity","Awake","259","1","1","10",""
"1791348011064","1791348011656","0|0","MODE_NORMAL","com.example.d1check.npurunner/com.example.d1check.npurunner.NpuRunnerActivity","Awake","134","1","1","10",""
"1791348021065","1791348021638","0|0","MODE_NORMAL","com.example.d1check.npurunner/com.example.d1check.npurunner.NpuRunnerActivity","Awake","132","1","1","10",""
"1791348031063","1791348031667","0|0","MODE_NORMAL","com.example.d1check.npurunner/com.example.d1check.npurunner.NpuRunnerActivity","Awake","166","1","1","10",""
"1791348041072","1791348041684","0|0","MODE_NORMAL","com.example.d1check.npurunner/com.example.d1check.npurunner.NpuRunnerActivity","Awake","181","1","1","10",""
"1791348051061","1791348051634","0|0","MODE_NORMAL","com.example.d1check.npurunner/com.example.d1check.npurunner.NpuRunnerActivity","Awake","132","1","1","10",""
"1791348061069","1791348061624","0|0","MODE_NORMAL","com.example.d1check.npurunner/com.example.d1check.npurunner.NpuRunnerActivity","Awake","116","1","1","10",""
"1791348071059","1791348071637","0|0","MODE_NORMAL","com.example.d1check.npurunner/com.example.d1check.npurunner.NpuRunnerActivity","Awake","149","1","1","10",""
"1791348081066","1791348081648","0|0","MODE_NORMAL","com.example.d1check.npurunner/com.example.d1check.npurunner.NpuRunnerActivity","Awake","144","1","1","10",""
"1791348091060","1791348091694","0|0","MODE_NORMAL","com.example.d1check.npurunner/com.example.d1check.npurunner.NpuRunnerActivity","Awake","193","1","1","10",""
"1791348101059","1791348101720","0|0","MODE_NORMAL","com.example.d1check.npurunner/com.example.d1check.npurunner.NpuRunnerActivity","Awake","201","1","1","10",""
"1791348111059","1791348111631","0|0","MODE_NORMAL","com.example.d1check.npurunner/com.example.d1check.npurunner.NpuRunnerActivity","Awake","130","1","1","10",""
"1791348121064","1791348121642","0|0","MODE_NORMAL","com.example.d1check.npurunner/com.example.d1check.npurunner.NpuRunnerActivity","Awake","116","1","1","10",""
"1791348131056","1791348131632","0|0","MODE_NORMAL","com.example.d1check.npurunner/com.example.d1check.npurunner.NpuRunnerActivity","Awake","128","1","1","10",""
"1791348141070","1791348141751","0|0","MODE_NORMAL","com.example.d1check.npurunner/com.example.d1check.npurunner.NpuRunnerActivity","Awake","241","1","1","10",""
"1791348151072","1791348151681","0|0","MODE_NORMAL","com.example.d1check.npurunner/com.example.d1check.npurunner.NpuRunnerActivity","Awake","177","1","1","10",""
"1791348161063","1791348161731","0|0","MODE_NORMAL","com.example.d1check.npurunner/com.example.d1check.npurunner.NpuRunnerActivity","Awake","212","1","1","10",""
"1791348171065","1791348171643","0|0","MODE_NORMAL","com.example.d1check.npurunner/com.example.d1check.npurunner.NpuRunnerActivity","Awake","148","1","1","10",""
"1791348181067","1791348181696","0|0","MODE_NORMAL","com.example.d1check.npurunner/com.example.d1check.npurunner.NpuRunnerActivity","Awake","181","1","1","10",""
"1791348191069","1791348191717","0|0","MODE_NORMAL","com.example.d1check.npurunner/com.example.d1check.npurunner.NpuRunnerActivity","Awake","213","1","1","10",""
"1791348201058","1791348201666","0|0","MODE_NORMAL","com.example.d1check.npurunner/com.example.d1check.npurunner.NpuRunnerActivity","Awake","180","1","1","10",""
"1791348211058","1791348211702","0|0","MODE_NORMAL","com.example.d1check.npurunner/com.example.d1check.npurunner.NpuRunnerActivity","Awake","195","1","1","10",""
"1791348221058","1791348221626","0|0","MODE_NORMAL","com.example.d1check.npurunner/com.example.d1check.npurunner.NpuRunnerActivity","Awake","133","1","1","10",""
"1791348231072","1791348231668","0|0","MODE_NORMAL","com.example.d1check.npurunner/com.example.d1check.npurunner.NpuRunnerActivity","Awake","147","1","1","10",""
"1791348241064","1791348241636","0|0","MODE_NORMAL","com.example.d1check.npurunner/com.example.d1check.npurunner.NpuRunnerActivity","Awake","132","1","1","10",""
"1791348251060","1791348251632","0|0","MODE_NORMAL","com.example.d1check.npurunner/com.example.d1check.npurunner.NpuRunnerActivity","Awake","134","1","1","10",""
"1791348261067","1791348261629","0|0","MODE_NORMAL","com.example.d1check.npurunner/com.example.d1check.npurunner.NpuRunnerActivity","Awake","133","1","1","10",""
"1791348271059","1791348271658","0|0","MODE_NORMAL","com.example.d1check.npurunner/com.example.d1check.npurunner.NpuRunnerActivity","Awake","163","1","1","10",""
"1791348281066","1791348281667","0|0","MODE_NORMAL","com.example.d1check.npurunner/com.example.d1check.npurunner.NpuRunnerActivity","Awake","164","1","1","10",""
"1791348291063","1791348291672","0|0","MODE_NORMAL","com.example.d1check.npurunner/com.example.d1check.npurunner.NpuRunnerActivity","Awake","162","1","1","10",""
"1791348301064","1791348301650","0|0","MODE_NORMAL","com.example.d1check.npurunner/com.example.d1check.npurunner.NpuRunnerActivity","Awake","145","1","1","10",""
"1791348311064","1791348311745","0|0","MODE_NORMAL","com.example.d1check.npurunner/com.example.d1check.npurunner.NpuRunnerActivity","Awake","244","1","1","10",""
"1791348321071","1791348321767","0|0","MODE_NORMAL","com.example.d1check.npurunner/com.example.d1check.npurunner.NpuRunnerActivity","Awake","243","1","1","10",""
"1791348331072","1791348331698","0|0","MODE_NORMAL","com.example.d1check.npurunner/com.example.d1check.npurunner.NpuRunnerActivity","Awake","180","1","1","10",""
"1791348341060","1791348341757","0|0","MODE_NORMAL","com.example.d1check.npurunner/com.example.d1check.npurunner.NpuRunnerActivity","Awake","257","1","1","10",""
"1791348351066","1791348351661","0|0","MODE_NORMAL","com.example.d1check.npurunner/com.example.d1check.npurunner.NpuRunnerActivity","Awake","148","1","1","10",""
"1791348361063","1791348361707","0|0","MODE_NORMAL","com.example.d1check.npurunner/com.example.d1check.npurunner.NpuRunnerActivity","Awake","212","1","1","10",""
"1791348371073","1791348371744","0|0","MODE_NORMAL","com.example.d1check.npurunner/com.example.d1check.npurunner.NpuRunnerActivity","Awake","227","1","1","10",""
"1791348381060","1791348381672","0|0","MODE_NORMAL","com.example.d1check.npurunner/com.example.d1check.npurunner.NpuRunnerActivity","Awake","164","1","1","10",""
"1791348391070","1791348391729","0|0","MODE_NORMAL","com.example.d1check.npurunner/com.example.d1check.npurunner.NpuRunnerActivity","Awake","229","1","1","10",""
"1791348401069","1791348401761","0|0","MODE_NORMAL","com.example.d1check.npurunner/com.example.d1check.npurunner.NpuRunnerActivity","Awake","245","1","1","10",""
"1791348411073","1791348411797","0|0","MODE_NORMAL","com.example.d1check.npurunner/com.example.d1check.npurunner.NpuRunnerActivity","Awake","274","1","1","10",""
"1791348421059","1791348421673","0|0","MODE_NORMAL","com.example.d1check.npurunner/com.example.d1check.npurunner.NpuRunnerActivity","Awake","165","1","1","10",""
"1791348431073","1791348431674","0|0","MODE_NORMAL","com.example.d1check.npurunner/com.example.d1check.npurunner.NpuRunnerActivity","Awake","165","1","1","10",""
"1791348441073","1791348441641","0|0","MODE_NORMAL","com.example.d1check.npurunner/com.example.d1check.npurunner.NpuRunnerActivity","Awake","131","1","1","10",""
"1791348451063","1791348451653","0|0","MODE_NORMAL","com.example.d1check.npurunner/com.example.d1check.npurunner.NpuRunnerActivity","Awake","146","1","1","10",""
"1791348461068","1791348461631","0|0","MODE_NORMAL","com.example.d1check.npurunner/com.example.d1check.npurunner.NpuRunnerActivity","Awake","114","1","1","10",""
"1791348471071","1791348471689","0|0","MODE_NORMAL","com.example.d1check.npurunner/com.example.d1check.npurunner.NpuRunnerActivity","Awake","181","1","1","10",""
"1791348481071","1791348481708","0|0","MODE_NORMAL","com.example.d1check.npurunner/com.example.d1check.npurunner.NpuRunnerActivity","Awake","195","1","1","10",""
"1791348491061","1791348491752","0|0","MODE_NORMAL","com.example.d1check.npurunner/com.example.d1check.npurunner.NpuRunnerActivity","Awake","241","1","1","10",""
"1791348501070","1791348501698","0|0","MODE_NORMAL","com.example.d1check.npurunner/com.example.d1check.npurunner.NpuRunnerActivity","Awake","182","1","1","10",""
"1791348511060","1791348511755","0|0","MODE_NORMAL","com.example.d1check.npurunner/com.example.d1check.npurunner.NpuRunnerActivity","Awake","256","1","1","10",""
"1791348521064","1791348521765","0|0","MODE_NORMAL","com.example.d1check.npurunner/com.example.d1check.npurunner.NpuRunnerActivity","Awake","260","1","1","10",""
"1791348531068","1791348531658","0|0","MODE_NORMAL","com.example.d1check.npurunner/com.example.d1check.npurunner.NpuRunnerActivity","Awake","145","1","1","10",""
"1791348541067","1791348541718","0|0","MODE_NORMAL","com.example.d1check.npurunner/com.example.d1check.npurunner.NpuRunnerActivity","Awake","209","1","1","10",""
"1791348551067","1791348551774","0|0","MODE_NORMAL","com.example.d1check.npurunner/com.example.d1check.npurunner.NpuRunnerActivity","Awake","261","1","1","10",""
"1791348561071","1791348561705","0|0","MODE_NORMAL","com.example.d1check.npurunner/com.example.d1check.npurunner.NpuRunnerActivity","Awake","196","1","1","10",""
"1791348571071","1791348571687","0|0","MODE_NORMAL","com.example.d1check.npurunner/com.example.d1check.npurunner.NpuRunnerActivity","Awake","149","1","1","10",""
"1791348581073","1791348581657","0|0","MODE_NORMAL","com.example.d1check.npurunner/com.example.d1check.npurunner.NpuRunnerActivity","Awake","132","1","1","10",""
"1791348591060","1791348591642","0|0","MODE_NORMAL","com.example.d1check.npurunner/com.example.d1check.npurunner.NpuRunnerActivity","Awake","132","1","1","10",""
"1791348601059","1791348601630","0|0","MODE_NORMAL","com.example.d1check.npurunner/com.example.d1check.npurunner.NpuRunnerActivity","Awake","132","1","1","10",""
"1791348611064","1791348611642","0|0","MODE_NORMAL","com.example.d1check.npurunner/com.example.d1check.npurunner.NpuRunnerActivity","Awake","131","1","1","10",""
"1791348621055","1791348621667","0|0","MODE_NORMAL","com.example.d1check.npurunner/com.example.d1check.npurunner.NpuRunnerActivity","Awake","165","1","1","10",""
"1791348631063","1791348631648","0|0","MODE_NORMAL","com.example.d1check.npurunner/com.example.d1check.npurunner.NpuRunnerActivity","Awake","149","1","1","10",""
"1791348641065","1791348641666","0|0","MODE_NORMAL","com.example.d1check.npurunner/com.example.d1check.npurunner.NpuRunnerActivity","Awake","148","1","1","10",""
"1791348651072","1791348651649","0|0","MODE_NORMAL","com.example.d1check.npurunner/com.example.d1check.npurunner.NpuRunnerActivity","Awake","129","1","1","10",""
"1791348661061","1791348661640","0|0","MODE_NORMAL","com.example.d1check.npurunner/com.example.d1check.npurunner.NpuRunnerActivity","Awake","133","1","1","10",""
"1791348671061","1791348671662","0|0","MODE_NORMAL","com.example.d1check.npurunner/com.example.d1check.npurunner.NpuRunnerActivity","Awake","145","1","1","10",""
"1791348681071","1791348681695","0|0","MODE_NORMAL","com.example.d1check.npurunner/com.example.d1check.npurunner.NpuRunnerActivity","Awake","180","1","1","10",""
"1791348691065","1791348691722","0|0","MODE_NORMAL","com.example.d1check.npurunner/com.example.d1check.npurunner.NpuRunnerActivity","Awake","208","1","1","10",""
"1791348701055","1791348701657","0|0","MODE_NORMAL","com.example.d1check.npurunner/com.example.d1check.npurunner.NpuRunnerActivity","Awake","165","1","1","10",""
"1791348711060","1791348711700","0|0","MODE_NORMAL","com.example.d1check.npurunner/com.example.d1check.npurunner.NpuRunnerActivity","Awake","195","1","1","10",""
"1791348721063","1791348721733","0|0","MODE_NORMAL","com.example.d1check.npurunner/com.example.d1check.npurunner.NpuRunnerActivity","Awake","231","1","1","10",""
"1791348731072","1791348731764","0|0","MODE_NORMAL","com.example.d1check.npurunner/com.example.d1check.npurunner.NpuRunnerActivity","Awake","245","1","1","10",""
"1791348741062","1791348741692","0|0","MODE_NORMAL","com.example.d1check.npurunner/com.example.d1check.npurunner.NpuRunnerActivity","Awake","179","1","1","10",""
"1791348751060","1791348751731","0|0","MODE_NORMAL","com.example.d1check.npurunner/com.example.d1check.npurunner.NpuRunnerActivity","Awake","228","1","1","10",""
"1791348761055","1791348761668","0|0","MODE_NORMAL","com.example.d1check.npurunner/com.example.d1check.npurunner.NpuRunnerActivity","Awake","179","1","1","10",""
"1791348771073","1791348771709","0|0","MODE_NORMAL","com.example.d1check.npurunner/com.example.d1check.npurunner.NpuRunnerActivity","Awake","196","1","1","10",""
"1791348781072","1791348781740","0|0","MODE_NORMAL","com.example.d1check.npurunner/com.example.d1check.npurunner.NpuRunnerActivity","Awake","228","1","1","10",""
"1791348791059","1791348791639","0|0","MODE_NORMAL","com.example.d1check.npurunner/com.example.d1check.npurunner.NpuRunnerActivity","Awake","133","1","1","10",""
"1791348801063","1791348801639","0|0","MODE_NORMAL","com.example.d1check.npurunner/com.example.d1check.npurunner.NpuRunnerActivity","Awake","134","1","1","10",""
"1791348811068","1791348811642","0|0","MODE_NORMAL","com.example.d1check.npurunner/com.example.d1check.npurunner.NpuRunnerActivity","Awake","134","1","1","10",""
"1791348821066","1791348821630","0|0","MODE_NORMAL","com.example.d1check.npurunner/com.example.d1check.npurunner.NpuRunnerActivity","Awake","117","1","1","10",""
"1791348831073","1791348831639","0|0","MODE_NORMAL","com.example.d1check.npurunner/com.example.d1check.npurunner.NpuRunnerActivity","Awake","116","1","1","10",""
"1791348841064","1791348841635","0|0","MODE_NORMAL","com.example.d1check.npurunner/com.example.d1check.npurunner.NpuRunnerActivity","Awake","116","1","1","10",""
"1791348851066","1791348851632","0|0","MODE_NORMAL","com.example.d1check.npurunner/com.example.d1check.npurunner.NpuRunnerActivity","Awake","113","1","1","10",""
"1791348861060","1791348861637","0|0","MODE_NORMAL","com.example.d1check.npurunner/com.example.d1check.npurunner.NpuRunnerActivity","Awake","132","1","1","10",""
"1791348871071","1791348871659","0|0","MODE_NORMAL","com.example.d1check.npurunner/com.example.d1check.npurunner.NpuRunnerActivity","Awake","149","1","1","10",""
"1791348881061","1791348881687","0|0","MODE_NORMAL","com.example.d1check.npurunner/com.example.d1check.npurunner.NpuRunnerActivity","Awake","181","1","1","10",""
"1791348891069","1791348891718","0|0","MODE_NORMAL","com.example.d1check.npurunner/com.example.d1check.npurunner.NpuRunnerActivity","Awake","193","1","1","10",""
"1791348901063","1791348901753","0|0","MODE_NORMAL","com.example.d1check.npurunner/com.example.d1check.npurunner.NpuRunnerActivity","Awake","244","1","1","10",""
"1791348911066","1791348911689","0|0","MODE_NORMAL","com.example.d1check.npurunner/com.example.d1check.npurunner.NpuRunnerActivity","Awake","156","1","1","10",""
"1791348921070","1791348921659","0|0","MODE_NORMAL","com.example.d1check.npurunner/com.example.d1check.npurunner.NpuRunnerActivity","Awake","145","1","1","10",""
"1791348931060","1791348931756","0|0","MODE_NORMAL","com.example.d1check.npurunner/com.example.d1check.npurunner.NpuRunnerActivity","Awake","242","1","1","10",""
"1791348941072","1791348941711","0|0","MODE_NORMAL","com.example.d1check.npurunner/com.example.d1check.npurunner.NpuRunnerActivity","Awake","196","1","1","10",""
"1791348951070","1791348951734","0|0","MODE_NORMAL","com.example.d1check.npurunner/com.example.d1check.npurunner.NpuRunnerActivity","Awake","198","1","1","10",""
"1791348961068","1791348961766","0|0","MODE_NORMAL","com.example.d1check.npurunner/com.example.d1check.npurunner.NpuRunnerActivity","Awake","244","1","1","10",""
"1791348971058","1791348971704","0|0","MODE_NORMAL","com.example.d1check.npurunner/com.example.d1check.npurunner.NpuRunnerActivity","Awake","197","1","1","10",""
"1791348981069","1791348981747","0|0","MODE_NORMAL","com.example.d1check.npurunner/com.example.d1check.npurunner.NpuRunnerActivity","Awake","228","1","1","10",""
"1791348991058","1791348991706","0|0","MODE_NORMAL","com.example.d1check.npurunner/com.example.d1check.npurunner.NpuRunnerActivity","Awake","196","1","1","10",""
"1791349001065","1791349001675","0|0","MODE_NORMAL","com.example.d1check.npurunner/com.example.d1check.npurunner.NpuRunnerActivity","Awake","165","1","1","10",""
"1791349011060","1791349011706","0|0","MODE_NORMAL","com.example.d1check.npurunner/com.example.d1check.npurunner.NpuRunnerActivity","Awake","197","1","1","10",""
"1791349021068","1791349021669","0|0","MODE_NORMAL","com.example.d1check.npurunner/com.example.d1check.npurunner.NpuRunnerActivity","Awake","147","1","1","10",""
"1791349031070","1791349031690","0|0","MODE_NORMAL","com.example.d1check.npurunner/com.example.d1check.npurunner.NpuRunnerActivity","Awake","164","1","1","10",""
"1791349041073","1791349041686","0|0","MODE_NORMAL","com.example.d1check.npurunner/com.example.d1check.npurunner.NpuRunnerActivity","Awake","164","1","1","10",""
"1791349051062","1791349051653","0|0","MODE_NORMAL","com.example.d1check.npurunner/com.example.d1check.npurunner.NpuRunnerActivity","Awake","147","1","1","10",""
"1791349061057","1791349061655","0|0","MODE_NORMAL","com.example.d1check.npurunner/com.example.d1check.npurunner.NpuRunnerActivity","Awake","161","1","1","10",""
"1791349071069","1791349071662","0|0","MODE_NORMAL","com.example.d1check.npurunner/com.example.d1check.npurunner.NpuRunnerActivity","Awake","143","1","1","10",""
"1791349081059","1791349081686","0|0","MODE_NORMAL","com.example.d1check.npurunner/com.example.d1check.npurunner.NpuRunnerActivity","Awake","180","1","1","10",""
"1791349091058","1791349091739","0|0","MODE_NORMAL","com.example.d1check.npurunner/com.example.d1check.npurunner.NpuRunnerActivity","Awake","228","1","1","10",""
"1791349101068","1791349101750","0|0","MODE_NORMAL","com.example.d1check.npurunner/com.example.d1check.npurunner.NpuRunnerActivity","Awake","227","1","1","10",""
"1791349111072","1791349111711","0|0","MODE_NORMAL","com.example.d1check.npurunner/com.example.d1check.npurunner.NpuRunnerActivity","Awake","192","1","1","10",""
"1791349121063","1791349121736","0|0","MODE_NORMAL","com.example.d1check.npurunner/com.example.d1check.npurunner.NpuRunnerActivity","Awake","227","1","1","10",""
"1791349131070","1791349131753","0|0","MODE_NORMAL","com.example.d1check.npurunner/com.example.d1check.npurunner.NpuRunnerActivity","Awake","228","1","1","10",""
"1791349141065","1791349141717","0|0","MODE_NORMAL","com.example.d1check.npurunner/com.example.d1check.npurunner.NpuRunnerActivity","Awake","213","1","1","10",""
"1791349151064","1791349151736","0|0","MODE_NORMAL","com.example.d1check.npurunner/com.example.d1check.npurunner.NpuRunnerActivity","Awake","229","1","1","10",""
"1791349161068","1791349161665","0|0","MODE_NORMAL","com.example.d1check.npurunner/com.example.d1check.npurunner.NpuRunnerActivity","Awake","148","1","1","10",""
"1791349171059","1791349171668","0|0","MODE_NORMAL","com.example.d1check.npurunner/com.example.d1check.npurunner.NpuRunnerActivity","Awake","162","1","1","10",""
"1791349181061","1791349181670","0|0","MODE_NORMAL","com.example.d1check.npurunner/com.example.d1check.npurunner.NpuRunnerActivity","Awake","162","1","1","10",""
"1791349191066","1791349191690","0|0","MODE_NORMAL","com.example.d1check.npurunner/com.example.d1check.npurunner.NpuRunnerActivity","Awake","164","1","1","10",""
"1791349201060","1791349201662","0|0","MODE_NORMAL","com.example.d1check.npurunner/com.example.d1check.npurunner.NpuRunnerActivity","Awake","144","1","1","10",""
"1791349211067","1791349211666","0|0","MODE_NORMAL","com.example.d1check.npurunner/com.example.d1check.npurunner.NpuRunnerActivity","Awake","152","1","1","10",""
"1791349221061","1791349221729","0|0","MODE_NORMAL","com.example.d1check.npurunner/com.example.d1check.npurunner.NpuRunnerActivity","Awake","208","1","1","10",""
"1791349231061","1791349231687","0|0","MODE_NORMAL","com.example.d1check.npurunner/com.example.d1check.npurunner.NpuRunnerActivity","Awake","177","1","1","10",""
"1791349241065","1791349241667","0|0","MODE_NORMAL","com.example.d1check.npurunner/com.example.d1check.npurunner.NpuRunnerActivity","Awake","144","1","1","10",""
"1791349251071","1791349251653","0|0","MODE_NORMAL","com.example.d1check.npurunner/com.example.d1check.npurunner.NpuRunnerActivity","Awake","130","1","1","10",""
"1791349261070","1791349261659","0|0","MODE_NORMAL","com.example.d1check.npurunner/com.example.d1check.npurunner.NpuRunnerActivity","Awake","124","1","1","10",""
"1791349271069","1791349271667","0|0","MODE_NORMAL","com.example.d1check.npurunner/com.example.d1check.npurunner.NpuRunnerActivity","Awake","139","1","1","10",""
"1791349281059","1791349281690","0|0","MODE_NORMAL","com.example.d1check.npurunner/com.example.d1check.npurunner.NpuRunnerActivity","Awake","176","1","1","10",""
"1791349291063","1791349291718","0|0","MODE_NORMAL","com.example.d1check.npurunner/com.example.d1check.npurunner.NpuRunnerActivity","Awake","207","1","1","10",""
"1791349301068","1791349301653","0|0","MODE_NORMAL","com.example.d1check.npurunner/com.example.d1check.npurunner.NpuRunnerActivity","Awake","129","1","1","10",""
"1791349311070","1791349311689","0|0","MODE_NORMAL","com.example.d1check.npurunner/com.example.d1check.npurunner.NpuRunnerActivity","Awake","159","1","1","10",""
"1791349321060","1791349321726","0|0","MODE_NORMAL","com.example.d1check.npurunner/com.example.d1check.npurunner.NpuRunnerActivity","Awake","208","1","1","10",""
"1791349331062","1791349331741","0|0","MODE_NORMAL","com.example.d1check.npurunner/com.example.d1check.npurunner.NpuRunnerActivity","Awake","230","1","1","10",""
"1791349341062","1791349341678","0|0","MODE_NORMAL","com.example.d1check.npurunner/com.example.d1check.npurunner.NpuRunnerActivity","Awake","169","1","1","10",""
"1791349351065","1791349351712","0|0","MODE_NORMAL","com.example.d1check.npurunner/com.example.d1check.npurunner.NpuRunnerActivity","Awake","199","1","1","10",""
"1791349361067","1791349361744","0|0","MODE_NORMAL","com.example.d1check.npurunner/com.example.d1check.npurunner.NpuRunnerActivity","Awake","234","1","1","10",""
"1791349371071","1791349371703","0|0","MODE_NORMAL","com.example.d1check.npurunner/com.example.d1check.npurunner.NpuRunnerActivity","Awake","176","1","1","10",""
"1791349381063","1791349381720","0|0","MODE_NORMAL","com.example.d1check.npurunner/com.example.d1check.npurunner.NpuRunnerActivity","Awake","209","1","1","10",""
"1791349391064","1791349391760","0|0","MODE_NORMAL","com.example.d1check.npurunner/com.example.d1check.npurunner.NpuRunnerActivity","Awake","242","1","1","10",""
"1791349401064","1791349401701","0|0","MODE_NORMAL","com.example.d1check.npurunner/com.example.d1check.npurunner.NpuRunnerActivity","Awake","177","1","1","10",""
"1791349411068","1791349411726","0|0","MODE_NORMAL","com.example.d1check.npurunner/com.example.d1check.npurunner.NpuRunnerActivity","Awake","190","1","1","10",""
"1791349421070","1791349421777","0|0","MODE_NORMAL","com.example.d1check.npurunner/com.example.d1check.npurunner.NpuRunnerActivity","Awake","250","1","1","10",""
"1791349431058","1791349431699","0|0","MODE_NORMAL","com.example.d1check.npurunner/com.example.d1check.npurunner.NpuRunnerActivity","Awake","179","1","1","10",""
"1791349441062","1791349441719","0|0","MODE_NORMAL","com.example.d1check.npurunner/com.example.d1check.npurunner.NpuRunnerActivity","Awake","197","1","1","10",""
"1791349451067","1791349451773","0|0","MODE_NORMAL","com.example.d1check.npurunner/com.example.d1check.npurunner.NpuRunnerActivity","Awake","242","1","1","10",""
"1791349461071","1791349461706","0|0","MODE_NORMAL","com.example.d1check.npurunner/com.example.d1check.npurunner.NpuRunnerActivity","Awake","180","1","1","10",""
"1791349471073","1791349471734","0|0","MODE_NORMAL","com.example.d1check.npurunner/com.example.d1check.npurunner.NpuRunnerActivity","Awake","212","1","1","10",""
"1791349481061","1791349481645","0|0","MODE_NORMAL","com.example.d1check.npurunner/com.example.d1check.npurunner.NpuRunnerActivity","Awake","134","1","1","10",""
"1791349491072","1791349491689","0|0","MODE_NORMAL","com.example.d1check.npurunner/com.example.d1check.npurunner.NpuRunnerActivity","Awake","146","1","1","10",""
"1791349501062","1791349501667","0|0","MODE_NORMAL","com.example.d1check.npurunner/com.example.d1check.npurunner.NpuRunnerActivity","Awake","154","1","1","10",""
"1791349511068","1791349511671","0|0","MODE_NORMAL","com.example.d1check.npurunner/com.example.d1check.npurunner.NpuRunnerActivity","Awake","145","1","1","10",""
"1791349521056","1791349521672","0|0","MODE_NORMAL","com.example.d1check.npurunner/com.example.d1check.npurunner.NpuRunnerActivity","Awake","144","1","1","10",""
"1791349531059","1791349531669","0|0","MODE_NORMAL","com.example.d1check.npurunner/com.example.d1check.npurunner.NpuRunnerActivity","Awake","147","1","1","10",""
"1791349541062","1791349541721","0|0","MODE_NORMAL","com.example.d1check.npurunner/com.example.d1check.npurunner.NpuRunnerActivity","Awake","193","1","1","10",""
"1791349551067","1791349551653","0|0","MODE_NORMAL","com.example.d1check.npurunner/com.example.d1check.npurunner.NpuRunnerActivity","Awake","132","1","1","10",""
"1791349561056","1791349561664","0|0","MODE_NORMAL","com.example.d1check.npurunner/com.example.d1check.npurunner.NpuRunnerActivity","Awake","146","1","1","10",""
"1791349571692","1791349572428","0|0","MODE_NORMAL","com.example.d1check.npurunner/com.example.d1check.npurunner.NpuRunnerActivity","Awake","277","1","1","10",""
"1791349581067","1791349581724","0|0","MODE_NORMAL","com.example.d1check.npurunner/com.example.d1check.npurunner.NpuRunnerActivity","Awake","194","1","1","10",""
"1791349591059","1791349591723","0|0","MODE_NORMAL","com.example.d1check.npurunner/com.example.d1check.npurunner.NpuRunnerActivity","Awake","212","1","1","10",""
"1791349601056","1791349601796","0|0","MODE_NORMAL","com.example.d1check.npurunner/com.example.d1check.npurunner.NpuRunnerActivity","Awake","292","1","1","10",""
"1791349611065","1791349611709","0|0","MODE_NORMAL","com.example.d1check.npurunner/com.example.d1check.npurunner.NpuRunnerActivity","Awake","192","1","1","10",""
"1791349621061","1791349621745","0|0","MODE_NORMAL","com.example.d1check.npurunner/com.example.d1check.npurunner.NpuRunnerActivity","Awake","225","1","1","10",""
"1791349631067","1791349631769","0|0","MODE_NORMAL","com.example.d1check.npurunner/com.example.d1check.npurunner.NpuRunnerActivity","Awake","244","1","1","10",""
"1791349641069","1791349641700","0|0","MODE_NORMAL","com.example.d1check.npurunner/com.example.d1check.npurunner.NpuRunnerActivity","Awake","180","1","1","10",""
"1791349651064","1791349651753","0|0","MODE_NORMAL","com.example.d1check.npurunner/com.example.d1check.npurunner.NpuRunnerActivity","Awake","244","1","1","10",""
"1791349661065","1791349661779","0|0","MODE_NORMAL","com.example.d1check.npurunner/com.example.d1check.npurunner.NpuRunnerActivity","Awake","262","1","1","10",""
"1791349671072","1791349671712","0|0","MODE_NORMAL","com.example.d1check.npurunner/com.example.d1check.npurunner.NpuRunnerActivity","Awake","180","1","1","10",""
"1791349681071","1791349681667","0|0","MODE_NORMAL","com.example.d1check.npurunner/com.example.d1check.npurunner.NpuRunnerActivity","Awake","145","1","1","10",""
"1791349691072","1791349691763","0|0","MODE_NORMAL","com.example.d1check.npurunner/com.example.d1check.npurunner.NpuRunnerActivity","Awake","242","1","1","10",""
"1791349701067","1791349701667","0|0","MODE_NORMAL","com.example.d1check.npurunner/com.example.d1check.npurunner.NpuRunnerActivity","Awake","148","1","1","10",""
"1791349711070","1791349711698","0|0","MODE_NORMAL","com.example.d1check.npurunner/com.example.d1check.npurunner.NpuRunnerActivity","Awake","163","1","1","10",""
"1791349721061","1791349721666","0|0","MODE_NORMAL","com.example.d1check.npurunner/com.example.d1check.npurunner.NpuRunnerActivity","Awake","148","1","1","10",""
"1791349731073","1791349731690","0|0","MODE_NORMAL","com.example.d1check.npurunner/com.example.d1check.npurunner.NpuRunnerActivity","Awake","163","1","1","10",""
"1791349741068","1791349741705","0|0","MODE_NORMAL","com.example.d1check.npurunner/com.example.d1check.npurunner.NpuRunnerActivity","Awake","180","1","1","10",""
"1791349751061","1791349751653","0|0","MODE_NORMAL","com.example.d1check.npurunner/com.example.d1check.npurunner.NpuRunnerActivity","Awake","130","1","1","10",""
"1791349761070","1791349761731","0|0","MODE_NORMAL","com.example.d1check.npurunner/com.example.d1check.npurunner.NpuRunnerActivity","Awake","209","1","1","10",""
"1791349771069","1791349771773","0|0","MODE_NORMAL","com.example.d1check.npurunner/com.example.d1check.npurunner.NpuRunnerActivity","Awake","226","1","1","10",""
"1791349781072","1791349781776","0|0","MODE_NORMAL","com.example.d1check.npurunner/com.example.d1check.npurunner.NpuRunnerActivity","Awake","274","1","1","10",""
"1791349791072","1791349791736","0|0","MODE_NORMAL","com.example.d1check.npurunner/com.example.d1check.npurunner.NpuRunnerActivity","Awake","210","1","1","10",""
"1791349801071","1791349801777","0|0","MODE_NORMAL","com.example.d1check.npurunner/com.example.d1check.npurunner.NpuRunnerActivity","Awake","242","1","1","10",""
"1791349811058","1791349811698","0|0","MODE_NORMAL","com.example.d1check.npurunner/com.example.d1check.npurunner.NpuRunnerActivity","Awake","178","1","1","10",""
"1791349821059","1791349821747","0|0","MODE_NORMAL","com.example.d1check.npurunner/com.example.d1check.npurunner.NpuRunnerActivity","Awake","230","1","1","10",""
"1791349831065","1791349831764","0|0","MODE_NORMAL","com.example.d1check.npurunner/com.example.d1check.npurunner.NpuRunnerActivity","Awake","245","1","1","10",""
"1791349841066","1791349841711","0|0","MODE_NORMAL","com.example.d1check.npurunner/com.example.d1check.npurunner.NpuRunnerActivity","Awake","194","1","1","10",""
"1791349851063","1791349851736","0|0","MODE_NORMAL","com.example.d1check.npurunner/com.example.d1check.npurunner.NpuRunnerActivity","Awake","212","1","1","10",""
"1791349861069","1791349861681","0|0","MODE_NORMAL","com.example.d1check.npurunner/com.example.d1check.npurunner.NpuRunnerActivity","Awake","165","1","1","10",""
"1791349871061","1791349871690","0|0","MODE_NORMAL","com.example.d1check.npurunner/com.example.d1check.npurunner.NpuRunnerActivity","Awake","163","1","1","10",""
"1791349881066","1791349881642","0|0","MODE_NORMAL","com.example.d1check/com.example.d1check.MainActivity","Awake","113","1","1","10",""
"1791349891063","1791349891653","0|0","MODE_NORMAL","com.example.d1check/com.example.d1check.MainActivity","Awake","147","1","1","10",""
"1791349901061","1791349901642","0|0","MODE_NORMAL","com.example.d1check/com.example.d1check.MainActivity","Awake","103","1","1","10",""
"1791349911066","1791349911680","0|0","MODE_NORMAL","com.example.d1check/com.example.d1check.MainActivity","Awake","162","1","1","10",""
"1791349921066","1791349921664","0|0","MODE_NORMAL","com.example.d1check/com.example.d1check.MainActivity","Awake","121","1","1","10",""
"1791349931071","1791349931699","0|0","MODE_NORMAL","com.example.d1check/com.example.d1check.MainActivity","Awake","162","1","1","10",""
"1791349941068","1791349941737","0|0","MODE_NORMAL","com.example.d1check/com.example.d1check.MainActivity","Awake","208","1","1","10",""
"1791349951058","1791349951799","0|0","MODE_NORMAL","com.example.d1check/com.example.d1check.MainActivity","Awake","286","1","1","10",""
"1791349961070","1791349961713","0|0","MODE_NORMAL","com.example.d1check/com.example.d1check.MainActivity","Awake","192","1","1","10",""
"1791349971068","1791349971751","0|0","MODE_NORMAL","com.example.d1check/com.example.d1check.MainActivity","Awake","224","1","1","10",""
"1791349981063","1791349981781","0|0","MODE_NORMAL","com.example.d1check/com.example.d1check.MainActivity","Awake","258","1","1","10",""
"1791349991061","1791349991714","0|0","MODE_NORMAL","com.example.d1check/com.example.d1check.MainActivity","Awake","196","1","1","10",""
"1791350001067","1791350001738","0|0","MODE_NORMAL","com.example.d1check/com.example.d1check.MainActivity","Awake","209","1","1","10",""
"1791350011059","1791350011798","0|0","MODE_NORMAL","com.example.d1check/com.example.d1check.MainActivity","Awake","278","1","1","10",""
"1791350021070","1791350021741","0|0","MODE_NORMAL","com.example.d1check/com.example.d1check.MainActivity","Awake","212","1","1","10",""
"1791350031058","1791350031667","0|0","MODE_NORMAL","com.example.d1check/com.example.d1check.MainActivity","Awake","145","1","1","10",""
"1791350041061","1791350041685","0|0","MODE_NORMAL","com.example.d1check/com.example.d1check.MainActivity","Awake","164","1","1","10",""
"1791350051068","1791350051681","0|0","MODE_NORMAL","com.example.d1check/com.example.d1check.MainActivity","Awake","147","1","1","10",""
"1791350061064","1791350061672","0|0","MODE_NORMAL","com.example.d1check/com.example.d1check.MainActivity","Awake","149","1","1","10",""
"1791350071063","1791350071676","0|0","MODE_NORMAL","com.example.d1check/com.example.d1check.MainActivity","Awake","148","1","1","10",""
"1791350081069","1791350081692","0|0","MODE_NORMAL","com.example.d1check/com.example.d1check.MainActivity","Awake","164","1","1","10",""
"1791350091060","1791350091666","0|0","MODE_NORMAL","com.example.d1check/com.example.d1check.MainActivity","Awake","148","1","1","10",""
"1791350101072","1791350101688","0|0","MODE_NORMAL","com.example.d1check/com.example.d1check.MainActivity","Awake","138","1","1","10",""
"1791350111071","1791350111678","0|0","MODE_NORMAL","com.example.d1check/com.example.d1check.MainActivity","Awake","146","1","1","10",""
"1791350121068","1791350121682","0|0","MODE_NORMAL","com.example.d1check/com.example.d1check.MainActivity","Awake","138","1","1","10",""
"1791350131068","1791350131701","0|0","MODE_NORMAL","com.example.d1check/com.example.d1check.MainActivity","Awake","176","1","1","10",""
"1791350141064","1791350141744","0|0","MODE_NORMAL","com.example.d1check/com.example.d1check.MainActivity","Awake","208","1","1","10",""
"1791350151064","1791350151761","0|0","MODE_NORMAL","com.example.d1check/com.example.d1check.MainActivity","Awake","242","1","1","10",""
"1791350161063","1791350161732","0|0","MODE_NORMAL","com.example.d1check/com.example.d1check.MainActivity","Awake","209","1","1","10",""
"1791350171068","1791350171680","0|0","MODE_NORMAL","com.example.d1check/com.example.d1check.MainActivity","Awake","145","1","1","10",""
"1791350181058","1791350181778","0|0","MODE_NORMAL","com.example.d1check/com.example.d1check.MainActivity","Awake","256","1","1","10",""
"1791350191071","1791350191710","0|0","MODE_NORMAL","com.example.d1check/com.example.d1check.MainActivity","Awake","179","1","1","10",""
"1791350201073","1791350201732","0|0","MODE_NORMAL","com.example.d1check/com.example.d1check.MainActivity","Awake","197","1","1","10",""
"1791350211059","1791350211701","0|0","MODE_NORMAL","com.example.d1check/com.example.d1check.MainActivity","Awake","180","1","1","10",""
"1791350221065","1791350221720","0|0","MODE_NORMAL","com.example.d1check/com.example.d1check.MainActivity","Awake","197","1","1","10",""
"1791350231065","1791350231708","0|0","MODE_NORMAL","com.example.d1check/com.example.d1check.MainActivity","Awake","182","1","1","10",""
"1791350241066","1791350241764","0|0","MODE_NORMAL","com.example.d1check/com.example.d1check.MainActivity","Awake","241","1","1","10",""
"1791350251063","1791350251685","0|0","MODE_NORMAL","com.example.d1check/com.example.d1check.MainActivity","Awake","164","1","1","10",""
"1791350261066","1791350261729","0|0","MODE_NORMAL","com.example.d1check/com.example.d1check.MainActivity","Awake","196","1","1","10",""
"1791350271059","1791350271677","0|0","MODE_NORMAL","com.example.d1check/com.example.d1check.MainActivity","Awake","163","1","1","10",""
"1791350281058","1791350281668","0|0","MODE_NORMAL","com.example.d1check/com.example.d1check.MainActivity","Awake","145","1","1","10",""
"1791350291060","1791350291697","0|0","MODE_NORMAL","com.example.d1check/com.example.d1check.MainActivity","Awake","182","1","1","10",""
"1791350301059","1791350301653","0|0","MODE_NORMAL","com.example.d1check/com.example.d1check.MainActivity","Awake","112","1","1","10",""
"1791350311069","1791350311716","0|0","MODE_NORMAL","com.example.d1check/com.example.d1check.MainActivity","Awake","180","1","1","10",""
"1791350321070","1791350321752","0|0","MODE_NORMAL","com.example.d1check/com.example.d1check.MainActivity","Awake","228","1","1","10",""
"1791350331068","1791350331773","0|0","MODE_NORMAL","com.example.d1check/com.example.d1check.MainActivity","Awake","244","1","1","10",""
"1791350341072","1791350341737","0|0","MODE_NORMAL","com.example.d1check/com.example.d1check.MainActivity","Awake","194","1","1","10",""
"1791350351061","1791350351768","0|0","MODE_NORMAL","com.example.d1check/com.example.d1check.MainActivity","Awake","240","1","1","10",""
"1791350361065","1791350361802","0|0","MODE_NORMAL","com.example.d1check/com.example.d1check.MainActivity","Awake","273","1","1","10",""
"1791350371061","1791350371721","0|0","MODE_NORMAL","com.example.d1check/com.example.d1check.MainActivity","Awake","196","1","1","10",""
"1791350381063","1791350381745","0|0","MODE_NORMAL","com.example.d1check/com.example.d1check.MainActivity","Awake","228","1","1","10",""
"1791350391060","1791350391704","0|0","MODE_NORMAL","com.example.d1check/com.example.d1check.MainActivity","Awake","184","1","1","10",""
"1791350401060","1791350401722","0|0","MODE_NORMAL","com.example.d1check/com.example.d1check.MainActivity","Awake","195","1","1","10",""
"1791350411065","1791350411762","0|0","MODE_NORMAL","com.example.d1check/com.example.d1check.MainActivity","Awake","229","1","1","10",""
"1791350421066","1791350421801","0|0","MODE_NORMAL","com.example.d1check/com.example.d1check.MainActivity","Awake","277","1","1","10",""
"1791350431069","1791350431730","0|0","MODE_NORMAL","com.example.d1check/com.example.d1check.MainActivity","Awake","198","1","1","10",""
"1791350441070","1791350441698","0|0","MODE_NORMAL","com.example.d1check/com.example.d1check.MainActivity","Awake","161","1","1","10",""
"1791350451071","1791350451685","0|0","MODE_NORMAL","com.example.d1check/com.example.d1check.MainActivity","Awake","150","1","1","10",""
"1791350461061","1791350461691","0|0","MODE_NORMAL","com.example.d1check/com.example.d1check.MainActivity","Awake","180","1","1","10",""
"1791350471070","1791350471692","0|0","MODE_NORMAL","com.example.d1check/com.example.d1check.MainActivity","Awake","165","1","1","10",""
"1791350481060","1791350481651","0|0","MODE_NORMAL","com.example.d1check/com.example.d1check.MainActivity","Awake","130","1","1","10",""
"1791350491061","1791350491750","0|0","MODE_NORMAL","com.example.d1check/com.example.d1check.MainActivity","Awake","225","1","1","10",""
"1791350501065","1791350501775","0|0","MODE_NORMAL","com.example.d1check/com.example.d1check.MainActivity","Awake","239","1","1","10",""
"1791350511066","1791350511701","0|0","MODE_NORMAL","com.example.d1check/com.example.d1check.MainActivity","Awake","177","1","1","10",""
"1791350521072","1791350521758","0|0","MODE_NORMAL","com.example.d1check/com.example.d1check.MainActivity","Awake","209","1","1","10",""
"1791350531064","1791350531773","0|0","MODE_NORMAL","com.example.d1check/com.example.d1check.MainActivity","Awake","239","1","1","10",""
"1791350541071","1791350541714","0|0","MODE_NORMAL","com.example.d1check/com.example.d1check.MainActivity","Awake","176","1","1","10",""
"1791350551062","1791350551754","0|0","MODE_NORMAL","com.example.d1check/com.example.d1check.MainActivity","Awake","211","1","1","10",""
"1791350561065","1791350561778","0|0","MODE_NORMAL","com.example.d1check/com.example.d1check.MainActivity","Awake","227","1","1","10",""
"1791350571066","1791350571698","0|0","MODE_NORMAL","com.example.d1check/com.example.d1check.MainActivity","Awake","175","1","1","10",""
"1791350581055","1791350581752","0|0","MODE_NORMAL","com.example.d1check/com.example.d1check.MainActivity","Awake","229","1","1","10",""
"1791350591070","1791350591797","0|0","MODE_NORMAL","com.example.d1check/com.example.d1check.MainActivity","Awake","257","1","1","10",""
"1791350601062","1791350601713","0|0","MODE_NORMAL","com.example.d1check/com.example.d1check.MainActivity","Awake","196","1","1","10",""
"1791350611066","1791350611769","0|0","MODE_NORMAL","com.example.d1check/com.example.d1check.MainActivity","Awake","230","1","1","10",""
"1791350621070","1791350621782","0|0","MODE_NORMAL","com.example.d1check/com.example.d1check.MainActivity","Awake","245","1","1","10",""
"1791350631067","1791350631703","0|0","MODE_NORMAL","com.example.d1check/com.example.d1check.MainActivity","Awake","164","1","1","10",""
"1791350641059","1791350641775","0|0","MODE_NORMAL","com.example.d1check/com.example.d1check.MainActivity","Awake","243","1","1","10",""
"1791350651058","1791350651807","0|0","MODE_NORMAL","com.example.d1check/com.example.d1check.MainActivity","Awake","293","1","1","10",""
"1791350661067","1791350661761","0|0","MODE_NORMAL","com.example.d1check.npurunner/com.example.d1check.npurunner.NpuRunnerActivity","Awake","224","1","1","10",""
"1791350671067","1791350671782","0|0","MODE_NORMAL","com.example.d1check.npurunner/com.example.d1check.npurunner.NpuRunnerActivity","Awake","246","1","1","10",""
"1791350681063","1791350681778","0|0","MODE_NORMAL","com.example.d1check.npurunner/com.example.d1check.npurunner.NpuRunnerActivity","Awake","244","1","1","10",""
"1791350691061","1791350691713","0|0","MODE_NORMAL","com.example.d1check.npurunner/com.example.d1check.npurunner.NpuRunnerActivity","Awake","178","1","1","10",""
"1791350701058","1791350701770","0|0","MODE_NORMAL","com.example.d1check.npurunner/com.example.d1check.npurunner.NpuRunnerActivity","Awake","244","1","1","10",""
"1791350711064","1791350711805","0|0","MODE_NORMAL","com.example.d1check.npurunner/com.example.d1check.npurunner.NpuRunnerActivity","Awake","277","1","1","10",""
"1791350721060","1791350721721","0|0","MODE_NORMAL","com.example.d1check.npurunner/com.example.d1check.npurunner.NpuRunnerActivity","Awake","197","1","1","10",""
"1791350731073","1791350731730","0|0","MODE_NORMAL","com.example.d1check.npurunner/com.example.d1check.npurunner.NpuRunnerActivity","Awake","196","1","1","10",""
"1791350741073","1791350741782","0|0","MODE_NORMAL","com.example.d1check.npurunner/com.example.d1check.npurunner.NpuRunnerActivity","Awake","245","1","1","10",""
"1791350751071","1791350751663","0|0","MODE_NORMAL","com.example.d1check.npurunner/com.example.d1check.npurunner.NpuRunnerActivity","Awake","131","1","1","10",""
"1791350761066","1791350761716","0|0","MODE_NORMAL","com.example.d1check.npurunner/com.example.d1check.npurunner.NpuRunnerActivity","Awake","180","1","1","10",""
"1791350771061","1791350771689","0|0","MODE_NORMAL","com.example.d1check.npurunner/com.example.d1check.npurunner.NpuRunnerActivity","Awake","166","1","1","10",""
"1791350781064","1791350781662","0|0","MODE_NORMAL","com.example.d1check.npurunner/com.example.d1check.npurunner.NpuRunnerActivity","Awake","132","1","1","10",""
"1791350791066","1791350791664","0|0","MODE_NORMAL","com.example.d1check.npurunner/com.example.d1check.npurunner.NpuRunnerActivity","Awake","132","1","1","10",""
"1791350801063","1791350801660","0|0","MODE_NORMAL","com.example.d1check.npurunner/com.example.d1check.npurunner.NpuRunnerActivity","Awake","133","1","1","10",""
"1791350811063","1791350811660","0|0","MODE_NORMAL","com.example.d1check.npurunner/com.example.d1check.npurunner.NpuRunnerActivity","Awake","113","1","1","10",""
"1791350821060","1791350821754","0|0","MODE_NORMAL","com.example.d1check.npurunner/com.example.d1check.npurunner.NpuRunnerActivity","Awake","226","1","1","10",""
"1791350831067","1791350831718","0|0","MODE_NORMAL","com.example.d1check.npurunner/com.example.d1check.npurunner.NpuRunnerActivity","Awake","177","1","1","10",""
"1791350841071","1791350841711","0|0","MODE_NORMAL","com.example.d1check.npurunner/com.example.d1check.npurunner.NpuRunnerActivity","Awake","162","1","1","10",""
"1791350851061","1791350851748","0|0","MODE_NORMAL","com.example.d1check.npurunner/com.example.d1check.npurunner.NpuRunnerActivity","Awake","207","1","1","10",""
"1791350861070","1791350861679","0|0","MODE_NORMAL","com.example.d1check.npurunner/com.example.d1check.npurunner.NpuRunnerActivity","Awake","150","1","1","10",""
"1791350871071","1791350871674","0|0","MODE_NORMAL","com.example.d1check.npurunner/com.example.d1check.npurunner.NpuRunnerActivity","Awake","129","1","1","10",""
"1791350881061","1791350881752","0|0","MODE_NORMAL","com.example.d1check.npurunner/com.example.d1check.npurunner.NpuRunnerActivity","Awake","226","1","1","10",""
"1791350891071","1791350891689","0|0","MODE_NORMAL","com.example.d1check.npurunner/com.example.d1check.npurunner.NpuRunnerActivity","Awake","148","1","1","10",""
"1791350901064","1791350901723","0|0","MODE_NORMAL","com.example.d1check.npurunner/com.example.d1check.npurunner.NpuRunnerActivity","Awake","181","1","1","10",""
"1791350911068","1791350911757","0|0","MODE_NORMAL","com.example.d1check.npurunner/com.example.d1check.npurunner.NpuRunnerActivity","Awake","213","1","1","10",""
"1791350921064","1791350921708","0|0","MODE_NORMAL","com.example.d1check.npurunner/com.example.d1check.npurunner.NpuRunnerActivity","Awake","181","1","1","10",""
"1791350931059","1791350931722","0|0","MODE_NORMAL","com.example.d1check.npurunner/com.example.d1check.npurunner.NpuRunnerActivity","Awake","193","1","1","10",""
"1791350941073","1791350941720","0|0","MODE_NORMAL","com.example.d1check.npurunner/com.example.d1check.npurunner.NpuRunnerActivity","Awake","184","1","1","10",""
"1791350951070","1791350951688","0|0","MODE_NORMAL","com.example.d1check.npurunner/com.example.d1check.npurunner.NpuRunnerActivity","Awake","144","1","1","10",""
"1791350961071","1791350961719","0|0","MODE_NORMAL","com.example.d1check.npurunner/com.example.d1check.npurunner.NpuRunnerActivity","Awake","163","1","1","10",""
"1791350971063","1791350971663","0|0","MODE_NORMAL","com.example.d1check.npurunner/com.example.d1check.npurunner.NpuRunnerActivity","Awake","130","1","1","10",""
"1791350981062","1791350981660","0|0","MODE_NORMAL","com.example.d1check.npurunner/com.example.d1check.npurunner.NpuRunnerActivity","Awake","134","1","1","10",""
"1791350991060","1791350991658","0|0","MODE_NORMAL","com.example.d1check.npurunner/com.example.d1check.npurunner.NpuRunnerActivity","Awake","130","1","1","10",""
"1791351001071","1791351001662","0|0","MODE_NORMAL","com.example.d1check.npurunner/com.example.d1check.npurunner.NpuRunnerActivity","Awake","112","1","1","10",""
"1791351011066","1791351011674","0|0","MODE_NORMAL","com.example.d1check.npurunner/com.example.d1check.npurunner.NpuRunnerActivity","Awake","129","1","1","10",""
"1791351021071","1791351021677","0|0","MODE_NORMAL","com.example.d1check.npurunner/com.example.d1check.npurunner.NpuRunnerActivity","Awake","143","1","1","10",""
"1791351031067","1791351031769","0|0","MODE_NORMAL","com.example.d1check.npurunner/com.example.d1check.npurunner.NpuRunnerActivity","Awake","223","1","1","10",""
"1791351041065","1791351041732","0|0","MODE_NORMAL","com.example.d1check.npurunner/com.example.d1check.npurunner.NpuRunnerActivity","Awake","204","1","1","10",""
"1791351051064","1791351051766","0|0","MODE_NORMAL","com.example.d1check.npurunner/com.example.d1check.npurunner.NpuRunnerActivity","Awake","220","1","1","10",""
"1791351061068","1791351061783","0|0","MODE_NORMAL","com.example.d1check.npurunner/com.example.d1check.npurunner.NpuRunnerActivity","Awake","235","1","1","10",""
"1791351071068","1791351071729","0|0","MODE_NORMAL","com.example.d1check.npurunner/com.example.d1check.npurunner.NpuRunnerActivity","Awake","185","1","1","10",""
"1791351081070","1791351081805","0|0","MODE_NORMAL","com.example.d1check.npurunner/com.example.d1check.npurunner.NpuRunnerActivity","Awake","250","1","1","10",""
"1791351091071","1791351091800","0|0","MODE_NORMAL","com.example.d1check.npurunner/com.example.d1check.npurunner.NpuRunnerActivity","Awake","252","1","1","10",""
"1791351101057","1791351101717","0|0","MODE_NORMAL","com.example.d1check.npurunner/com.example.d1check.npurunner.NpuRunnerActivity","Awake","187","1","1","10",""
"1791351111072","1791351111780","0|0","MODE_NORMAL","com.example.d1check.npurunner/com.example.d1check.npurunner.NpuRunnerActivity","Awake","235","1","1","10",""
"1791351121056","1791351121693","0|0","MODE_NORMAL","com.example.d1check.npurunner/com.example.d1check.npurunner.NpuRunnerActivity","Awake","160","1","1","10",""
"1791351131059","1791351131745","0|0","MODE_NORMAL","com.example.d1check.npurunner/com.example.d1check.npurunner.NpuRunnerActivity","Awake","219","1","1","10",""
"1791351141063","1791351141762","0|0","MODE_NORMAL","com.example.d1check.npurunner/com.example.d1check.npurunner.NpuRunnerActivity","Awake","227","1","1","10",""
"1791351151073","1791351151788","0|0","MODE_NORMAL","com.example.d1check.npurunner/com.example.d1check.npurunner.NpuRunnerActivity","Awake","242","1","1","10",""
"1791351161065","1791351161740","0|0","MODE_NORMAL","com.example.d1check.npurunner/com.example.d1check.npurunner.NpuRunnerActivity","Awake","212","1","1","10",""
"1791351171063","1791351171760","0|0","MODE_NORMAL","com.example.d1check.npurunner/com.example.d1check.npurunner.NpuRunnerActivity","Awake","224","1","1","10",""
"1791351181063","1791351181811","0|0","MODE_NORMAL","com.example.d1check.npurunner/com.example.d1check.npurunner.NpuRunnerActivity","Awake","275","1","1","10",""
"1791351191062","1791351191767","0|0","MODE_NORMAL","com.example.d1check.npurunner/com.example.d1check.npurunner.NpuRunnerActivity","Awake","228","1","1","10",""
"1791351201065","1791351201779","0|0","MODE_NORMAL","com.example.d1check.npurunner/com.example.d1check.npurunner.NpuRunnerActivity","Awake","245","1","1","10",""
"1791351211062","1791351211707","0|0","MODE_NORMAL","com.example.d1check.npurunner/com.example.d1check.npurunner.NpuRunnerActivity","Awake","181","1","1","10",""
"1791351221072","1791351221729","0|0","MODE_NORMAL","com.example.d1check.npurunner/com.example.d1check.npurunner.NpuRunnerActivity","Awake","179","1","1","10",""
"1791351231070","1791351231713","0|0","MODE_NORMAL","com.example.d1check.npurunner/com.example.d1check.npurunner.NpuRunnerActivity","Awake","163","1","1","10",""
"1791351241060","1791351241687","0|0","MODE_NORMAL","com.example.d1check.npurunner/com.example.d1check.npurunner.NpuRunnerActivity","Awake","145","1","1","10",""
"1791351251065","1791351251711","0|0","MODE_NORMAL","com.example.d1check.npurunner/com.example.d1check.npurunner.NpuRunnerActivity","Awake","180","1","1","10",""
"1791351261062","1791351261669","0|0","MODE_NORMAL","com.example.d1check.npurunner/com.example.d1check.npurunner.NpuRunnerActivity","Awake","130","1","1","10",""
"1791351271058","1791351271715","0|0","MODE_NORMAL","com.example.d1check.npurunner/com.example.d1check.npurunner.NpuRunnerActivity","Awake","176","1","1","10",""
"1791351281071","1791351281753","0|0","MODE_NORMAL","com.example.d1check.npurunner/com.example.d1check.npurunner.NpuRunnerActivity","Awake","211","1","1","10",""
"1791351291069","1791351291811","0|0","MODE_NORMAL","com.example.d1check.npurunner/com.example.d1check.npurunner.NpuRunnerActivity","Awake","275","1","1","10",""
"1791351301062","1791351301675","0|0","MODE_NORMAL","com.example.d1check.npurunner/com.example.d1check.npurunner.NpuRunnerActivity","Awake","121","1","1","10",""
"1791351311062","1791351311746","0|0","MODE_NORMAL","com.example.d1check.npurunner/com.example.d1check.npurunner.NpuRunnerActivity","Awake","194","1","1","10",""
"1791351321063","1791351321810","0|0","MODE_NORMAL","com.example.d1check.npurunner/com.example.d1check.npurunner.NpuRunnerActivity","Awake","272","1","1","10",""
"1791351331059","1791351331711","0|0","MODE_NORMAL","com.example.d1check.npurunner/com.example.d1check.npurunner.NpuRunnerActivity","Awake","180","1","1","10",""
"1791351341066","1791351341767","0|0","MODE_NORMAL","com.example.d1check.npurunner/com.example.d1check.npurunner.NpuRunnerActivity","Awake","228","1","1","10",""
"1791351351068","1791351351787","0|0","MODE_NORMAL","com.example.d1check.npurunner/com.example.d1check.npurunner.NpuRunnerActivity","Awake","224","1","1","10",""
"1791351361067","1791351361730","0|0","MODE_NORMAL","com.example.d1check.npurunner/com.example.d1check.npurunner.NpuRunnerActivity","Awake","192","1","1","10",""
"1791351371060","1791351371750","0|0","MODE_NORMAL","com.example.d1check.npurunner/com.example.d1check.npurunner.NpuRunnerActivity","Awake","223","1","1","10",""
"1791351381065","1791351381721","0|0","MODE_NORMAL","com.example.d1check.npurunner/com.example.d1check.npurunner.NpuRunnerActivity","Awake","176","1","1","10",""
"1791351391064","1791351391712","0|0","MODE_NORMAL","com.example.d1check.npurunner/com.example.d1check.npurunner.NpuRunnerActivity","Awake","175","1","1","10",""
"1791351401069","1791351401712","0|0","MODE_NORMAL","com.example.d1check.npurunner/com.example.d1check.npurunner.NpuRunnerActivity","Awake","160","1","1","10",""
"1791351411068","1791351411682","0|0","MODE_NORMAL","com.example.d1check.npurunner/com.example.d1check.npurunner.NpuRunnerActivity","Awake","143","1","1","10",""
"1791351421060","1791351421682","0|0","MODE_NORMAL","com.example.d1check.npurunner/com.example.d1check.npurunner.NpuRunnerActivity","Awake","144","1","1","10",""
"1791351431070","1791351431716","0|0","MODE_NORMAL","com.example.d1check.npurunner/com.example.d1check.npurunner.NpuRunnerActivity","Awake","160","1","1","10",""
"1791351441066","1791351441720","0|0","MODE_NORMAL","com.example.d1check.npurunner/com.example.d1check.npurunner.NpuRunnerActivity","Awake","176","1","1","10",""
"1791351451059","1791351451736","0|0","MODE_NORMAL","com.example.d1check.npurunner/com.example.d1check.npurunner.NpuRunnerActivity","Awake","209","1","1","10",""
"1791351461070","1791351461782","0|0","MODE_NORMAL","com.example.d1check.npurunner/com.example.d1check.npurunner.NpuRunnerActivity","Awake","241","1","1","10",""
"1791351471066","1791351471816","0|0","MODE_NORMAL","com.example.d1check.npurunner/com.example.d1check.npurunner.NpuRunnerActivity","Awake","274","1","1","10",""
"1791351481062","1791351481740","0|0","MODE_NORMAL","com.example.d1check.npurunner/com.example.d1check.npurunner.NpuRunnerActivity","Awake","208","1","1","10",""
"1791351491072","1791351491776","0|0","MODE_NORMAL","com.example.d1check.npurunner/com.example.d1check.npurunner.NpuRunnerActivity","Awake","224","1","1","10",""
"1791351501060","1791351501727","0|0","MODE_NORMAL","com.example.d1check.npurunner/com.example.d1check.npurunner.NpuRunnerActivity","Awake","197","1","1","10",""
"1791351511065","1791351511739","0|0","MODE_NORMAL","com.example.d1check.npurunner/com.example.d1check.npurunner.NpuRunnerActivity","Awake","197","1","1","10",""
"1791351521073","1791351521796","0|0","MODE_NORMAL","com.example.d1check.npurunner/com.example.d1check.npurunner.NpuRunnerActivity","Awake","256","1","1","10",""
"1791351531059","1791351531702","0|0","MODE_NORMAL","com.example.d1check.npurunner/com.example.d1check.npurunner.NpuRunnerActivity","Awake","165","1","1","10",""
"1791351541062","1791351541740","0|0","MODE_NORMAL","com.example.d1check.npurunner/com.example.d1check.npurunner.NpuRunnerActivity","Awake","212","1","1","10",""
"1791351551066","1791351551770","0|0","MODE_NORMAL","com.example.d1check.npurunner/com.example.d1check.npurunner.NpuRunnerActivity","Awake","242","1","1","10",""
"1791351561064","1791351561697","0|0","MODE_NORMAL","com.example.d1check.npurunner/com.example.d1check.npurunner.NpuRunnerActivity","Awake","161","1","1","10",""
"1791351571060","1791351571679","0|0","MODE_NORMAL","com.example.d1check.npurunner/com.example.d1check.npurunner.NpuRunnerActivity","Awake","147","1","1","10",""
"1791351581060","1791351581714","0|0","MODE_NORMAL","com.example.d1check.npurunner/com.example.d1check.npurunner.NpuRunnerActivity","Awake","179","1","1","10",""
"1791351591071","1791351591769","0|0","MODE_NORMAL","com.example.d1check.npurunner/com.example.d1check.npurunner.NpuRunnerActivity","Awake","233","1","1","10",""
"1791351601059","1791351601742","0|0","MODE_NORMAL","com.example.d1check.npurunner/com.example.d1check.npurunner.NpuRunnerActivity","Awake","211","1","1","10",""
"1791351611072","1791351611700","0|0","MODE_NORMAL","com.example.d1check.npurunner/com.example.d1check.npurunner.NpuRunnerActivity","Awake","149","1","1","10",""
"1791351621060","1791351621687","0|0","MODE_NORMAL","com.example.d1check.npurunner/com.example.d1check.npurunner.NpuRunnerActivity","Awake","146","1","1","10",""
"1791351631063","1791351631718","0|0","MODE_NORMAL","com.example.d1check.npurunner/com.example.d1check.npurunner.NpuRunnerActivity","Awake","179","1","1","10",""
"1791351641062","1791351641688","0|0","MODE_NORMAL","com.example.d1check.npurunner/com.example.d1check.npurunner.NpuRunnerActivity","Awake","149","1","1","10",""
"1791351651063","1791351651705","0|0","MODE_NORMAL","com.example.d1check.npurunner/com.example.d1check.npurunner.NpuRunnerActivity","Awake","160","1","1","10",""
"1791351661063","1791351661941","0|0","MODE_NORMAL","com.example.d1check.npurunner/com.example.d1check.npurunner.NpuRunnerActivity","Awake","383","1","1","10",""
"1791351671059","1791351671668","0|0","MODE_NORMAL","com.example.d1check.npurunner/com.example.d1check.npurunner.NpuRunnerActivity","Awake","129","1","1","10",""
"1791351681067","1791351681695","0|0","MODE_NORMAL","com.example.d1check.npurunner/com.example.d1check.npurunner.NpuRunnerActivity","Awake","145","1","1","10",""
"1791351691066","1791351691758","0|0","MODE_NORMAL","com.example.d1check.npurunner/com.example.d1check.npurunner.NpuRunnerActivity","Awake","196","1","1","10",""
"1791351701061","1791351701801","0|0","MODE_NORMAL","com.example.d1check.npurunner/com.example.d1check.npurunner.NpuRunnerActivity","Awake","271","1","1","10",""
"1791351711064","1791351711707","0|0","MODE_NORMAL","com.example.d1check.npurunner/com.example.d1check.npurunner.NpuRunnerActivity","Awake","171","1","1","10",""
"1791351721068","1791351721743","0|0","MODE_NORMAL","com.example.d1check.npurunner/com.example.d1check.npurunner.NpuRunnerActivity","Awake","200","1","1","10",""
"1791351731067","1791351731792","0|0","MODE_NORMAL","com.example.d1check.npurunner/com.example.d1check.npurunner.NpuRunnerActivity","Awake","252","1","1","10",""
"1791351741072","1791351741703","0|0","MODE_NORMAL","com.example.d1check.npurunner/com.example.d1check.npurunner.NpuRunnerActivity","Awake","152","1","1","10",""
"1791351751070","1791351751753","0|0","MODE_NORMAL","com.example.d1check.npurunner/com.example.d1check.npurunner.NpuRunnerActivity","Awake","203","1","1","10",""
"1791351761056","1791351761690","0|0","MODE_NORMAL","com.example.d1check.npurunner/com.example.d1check.npurunner.NpuRunnerActivity","Awake","170","1","1","10",""
"1791351771071","1791351771707","0|0","MODE_NORMAL","com.example.d1check.npurunner/com.example.d1check.npurunner.NpuRunnerActivity","Awake","141","1","1","10",""
"1791351781073","1791351781743","0|0","MODE_NORMAL","com.example.d1check.npurunner/com.example.d1check.npurunner.NpuRunnerActivity","Awake","187","1","1","10",""
"1791351791063","1791351791774","0|0","MODE_NORMAL","com.example.d1check.npurunner/com.example.d1check.npurunner.NpuRunnerActivity","Awake","227","1","1","10",""
"1791351801060","1791351801713","0|0","MODE_NORMAL","com.example.d1check.npurunner/com.example.d1check.npurunner.NpuRunnerActivity","Awake","165","1","1","10",""
"1791351811061","1791351811755","0|0","MODE_NORMAL","com.example.d1check.npurunner/com.example.d1check.npurunner.NpuRunnerActivity","Awake","220","1","1","10",""
"1791351821061","1791351821679","0|0","MODE_NORMAL","com.example.d1check.npurunner/com.example.d1check.npurunner.NpuRunnerActivity","Awake","138","1","1","10",""
"1791351831080","1791351831733","0|0","MODE_NORMAL","com.example.d1check.npurunner/com.example.d1check.npurunner.NpuRunnerActivity","Awake","172","1","1","10",""
"1791351841063","1791351841669","0|0","MODE_NORMAL","com.example.d1check.npurunner/com.example.d1check.npurunner.NpuRunnerActivity","Awake","118","1","1","10",""
"1791351851065","1791351851666","0|0","MODE_NORMAL","com.example.d1check.npurunner/com.example.d1check.npurunner.NpuRunnerActivity","Awake","120","1","1","10",""
"1791351861074","1791351861711","0|0","MODE_NORMAL","com.example.d1check.npurunner/com.example.d1check.npurunner.NpuRunnerActivity","Awake","160","1","1","10",""
"1791351871068","1791351871678","0|0","MODE_NORMAL","com.example.d1check.npurunner/com.example.d1check.npurunner.NpuRunnerActivity","Awake","125","1","1","10",""
"1791351881060","1791351881663","0|0","MODE_NORMAL","com.example.d1check.npurunner/com.example.d1check.npurunner.NpuRunnerActivity","Awake","133","1","1","10",""
"1791351891068","1791351891751","0|0","MODE_NORMAL","com.example.d1check.npurunner/com.example.d1check.npurunner.NpuRunnerActivity","Awake","236","1","1","10",""
"1791351901057","1791351901662","0|0","MODE_NORMAL","com.example.d1check.npurunner/com.example.d1check.npurunner.NpuRunnerActivity","Awake","129","1","1","10",""
"1791351911065","1791351911659","0|0","MODE_NORMAL","com.example.d1check.npurunner/com.example.d1check.npurunner.NpuRunnerActivity","Awake","116","1","1","10",""
"1791351921063","1791351921929","0|0","MODE_NORMAL","com.example.d1check.npurunner/com.example.d1check.npurunner.NpuRunnerActivity","Awake","388","1","1","10",""
"1791351931060","1791351931780","0|0","MODE_NORMAL","com.example.d1check.npurunner/com.example.d1check.npurunner.NpuRunnerActivity","Awake","242","1","1","10",""
"1791351941067","1791351941685","0|0","MODE_NORMAL","com.example.d1check.npurunner/com.example.d1check.npurunner.NpuRunnerActivity","Awake","141","1","1","10",""
"1791351951069","1791351951791","0|0","MODE_NORMAL","com.example.d1check.npurunner/com.example.d1check.npurunner.NpuRunnerActivity","Awake","241","1","1","10",""
"1791351961068","1791351961793","0|0","MODE_NORMAL","com.example.d1check.npurunner/com.example.d1check.npurunner.NpuRunnerActivity","Awake","255","1","1","10",""
"1791351971069","1791351971709","0|0","MODE_NORMAL","com.example.d1check.npurunner/com.example.d1check.npurunner.NpuRunnerActivity","Awake","160","1","1","10",""
"1791351981070","1791351981753","0|0","MODE_NORMAL","com.example.d1check.npurunner/com.example.d1check.npurunner.NpuRunnerActivity","Awake","192","1","1","10",""
"1791351991061","1791351991786","0|0","MODE_NORMAL","com.example.d1check.npurunner/com.example.d1check.npurunner.NpuRunnerActivity","Awake","240","1","1","10",""
"1791352001069","1791352001729","0|0","MODE_NORMAL","com.example.d1check.npurunner/com.example.d1check.npurunner.NpuRunnerActivity","Awake","178","1","1","10",""
"1791352011060","1791352011771","0|0","MODE_NORMAL","com.example.d1check.npurunner/com.example.d1check.npurunner.NpuRunnerActivity","Awake","226","1","1","10",""
"1791352021073","1791352021696","0|0","MODE_NORMAL","com.example.d1check.npurunner/com.example.d1check.npurunner.NpuRunnerActivity","Awake","147","1","1","10",""
"1791352031071","1791352031740","0|0","MODE_NORMAL","com.example.d1check.npurunner/com.example.d1check.npurunner.NpuRunnerActivity","Awake","195","1","1","10",""
"1791352041063","1791352041788","0|0","MODE_NORMAL","com.example.d1check.npurunner/com.example.d1check.npurunner.NpuRunnerActivity","Awake","241","1","1","10",""
"1791352051057","1791352051791","0|0","MODE_NORMAL","com.example.d1check.npurunner/com.example.d1check.npurunner.NpuRunnerActivity","Awake","256","1","1","10",""
"1791352061066","1791352061730","0|0","MODE_NORMAL","com.example.d1check.npurunner/com.example.d1check.npurunner.NpuRunnerActivity","Awake","178","1","1","10",""
"1791352071057","1791352071679","0|0","MODE_NORMAL","com.example.d1check.npurunner/com.example.d1check.npurunner.NpuRunnerActivity","Awake","153","1","1","10",""
"1791352081067","1791352081709","0|0","MODE_NORMAL","com.example.d1check.npurunner/com.example.d1check.npurunner.NpuRunnerActivity","Awake","161","1","1","10",""
"1791352091060","1791352091699","0|0","MODE_NORMAL","com.example.d1check.npurunner/com.example.d1check.npurunner.NpuRunnerActivity","Awake","160","1","1","10",""
"1791352101063","1791352101698","0|0","MODE_NORMAL","com.example.d1check.npurunner/com.example.d1check.npurunner.NpuRunnerActivity","Awake","148","1","1","10",""
"1791352111071","1791352111696","0|0","MODE_NORMAL","com.example.d1check.npurunner/com.example.d1check.npurunner.NpuRunnerActivity","Awake","149","1","1","10",""
"1791352121072","1791352121748","0|0","MODE_NORMAL","com.example.d1check.npurunner/com.example.d1check.npurunner.NpuRunnerActivity","Awake","196","1","1","10",""
"1791352131059","1791352131698","0|0","MODE_NORMAL","com.example.d1check.npurunner/com.example.d1check.npurunner.NpuRunnerActivity","Awake","165","1","1","10",""
"1791352141063","1791352141689","0|0","MODE_NORMAL","com.example.d1check.npurunner/com.example.d1check.npurunner.NpuRunnerActivity","Awake","149","1","1","10",""
"1791352151059","1791352151721","0|0","MODE_NORMAL","com.example.d1check.npurunner/com.example.d1check.npurunner.NpuRunnerActivity","Awake","164","1","1","10",""
"1791352161071","1791352161717","0|0","MODE_NORMAL","com.example.d1check.npurunner/com.example.d1check.npurunner.NpuRunnerActivity","Awake","163","1","1","10",""
"1791352171063","1791352171804","0|0","MODE_NORMAL","com.example.d1check.npurunner/com.example.d1check.npurunner.NpuRunnerActivity","Awake","253","1","1","10",""
"1791352181068","1791352181762","0|0","MODE_NORMAL","com.example.d1check.npurunner/com.example.d1check.npurunner.NpuRunnerActivity","Awake","193","1","1","10",""
"1791352191065","1791352191784","0|0","MODE_NORMAL","com.example.d1check.npurunner/com.example.d1check.npurunner.NpuRunnerActivity","Awake","242","1","1","10",""
"1791352201062","1791352201827","0|0","MODE_NORMAL","com.example.d1check.npurunner/com.example.d1check.npurunner.NpuRunnerActivity","Awake","289","1","1","10",""
"1791352211070","1791352211747","0|0","MODE_NORMAL","com.example.d1check.npurunner/com.example.d1check.npurunner.NpuRunnerActivity","Awake","193","1","1","10",""
"1791352221063","1791352221783","0|0","MODE_NORMAL","com.example.d1check.npurunner/com.example.d1check.npurunner.NpuRunnerActivity","Awake","242","1","1","10",""
"1791352231056","1791352231823","0|0","MODE_NORMAL","com.example.d1check.npurunner/com.example.d1check.npurunner.NpuRunnerActivity","Awake","269","1","1","10",""
"1791352241066","1791352241747","0|0","MODE_NORMAL","com.example.d1check.npurunner/com.example.d1check.npurunner.NpuRunnerActivity","Awake","196","1","1","10",""
"1791352251066","1791352251782","0|0","MODE_NORMAL","com.example.d1check.npurunner/com.example.d1check.npurunner.NpuRunnerActivity","Awake","245","1","1","10",""
"1791352261071","1791352261816","0|0","MODE_NORMAL","com.example.d1check.npurunner/com.example.d1check.npurunner.NpuRunnerActivity","Awake","251","1","1","10",""
"1791352271075","1791352271753","0|0","MODE_NORMAL","com.example.d1check.npurunner/com.example.d1check.npurunner.NpuRunnerActivity","Awake","192","1","1","10",""
"1791352281066","1791352281784","0|0","MODE_NORMAL","com.example.d1check.npurunner/com.example.d1check.npurunner.NpuRunnerActivity","Awake","229","1","1","10",""
"1791352291072","1791352291839","0|0","MODE_NORMAL","com.example.d1check.npurunner/com.example.d1check.npurunner.NpuRunnerActivity","Awake","292","1","1","10",""
"1791352301059","1791352301765","0|0","MODE_NORMAL","com.example.d1check.npurunner/com.example.d1check.npurunner.NpuRunnerActivity","Awake","229","1","1","10",""
"1791352311065","1791352311805","0|0","MODE_NORMAL","com.example.d1check.npurunner/com.example.d1check.npurunner.NpuRunnerActivity","Awake","261","1","1","10",""
"1791352321063","1791352321729","0|0","MODE_NORMAL","com.example.d1check.npurunner/com.example.d1check.npurunner.NpuRunnerActivity","Awake","180","1","1","10",""
"1791352331062","1791352331726","0|0","MODE_NORMAL","com.example.d1check.npurunner/com.example.d1check.npurunner.NpuRunnerActivity","Awake","179","1","1","10",""
"1791352341064","1791352341701","0|0","MODE_NORMAL","com.example.d1check.npurunner/com.example.d1check.npurunner.NpuRunnerActivity","Awake","136","1","1","10",""
"1791352351065","1791352351724","0|0","MODE_NORMAL","com.example.d1check.npurunner/com.example.d1check.npurunner.NpuRunnerActivity","Awake","178","1","1","10",""
"1791352361070","1791352361731","0|0","MODE_NORMAL","com.example.d1check.npurunner/com.example.d1check.npurunner.NpuRunnerActivity","Awake","180","1","1","10",""
"1791352371072","1791352371677","0|0","MODE_NORMAL","com.example.d1check.npurunner/com.example.d1check.npurunner.NpuRunnerActivity","Awake","129","1","1","10",""
"1791352381073","1791352381849","0|0","MODE_NORMAL","com.example.d1check.npurunner/com.example.d1check.npurunner.NpuRunnerActivity","Awake","288","1","1","10",""
"1791352391072","1791352391715","0|0","MODE_NORMAL","com.example.d1check.npurunner/com.example.d1check.npurunner.NpuRunnerActivity","Awake","163","1","1","10",""
"1791352401070","1791352401789","0|0","MODE_NORMAL","com.example.d1check.npurunner/com.example.d1check.npurunner.NpuRunnerActivity","Awake","232","1","1","10",""
"1791352411057","1791352411739","0|0","MODE_NORMAL","com.example.d1check.npurunner/com.example.d1check.npurunner.NpuRunnerActivity","Awake","211","1","1","10",""
"1791352421060","1791352421756","0|0","MODE_NORMAL","com.example.d1check.npurunner/com.example.d1check.npurunner.NpuRunnerActivity","Awake","212","1","1","10",""
"1791352431059","1791352431815","0|0","MODE_NORMAL","com.example.d1check.npurunner/com.example.d1check.npurunner.NpuRunnerActivity","Awake","278","1","1","10",""
"1791352441060","1791352441745","0|0","MODE_NORMAL","com.example.d1check.npurunner/com.example.d1check.npurunner.NpuRunnerActivity","Awake","195","1","1","10",""
"1791352451062","1791352451783","0|0","MODE_NORMAL","com.example.d1check.npurunner/com.example.d1check.npurunner.NpuRunnerActivity","Awake","244","1","1","10",""
"1791352461058","1791352461707","0|0","MODE_NORMAL","com.example.d1check.npurunner/com.example.d1check.npurunner.NpuRunnerActivity","Awake","164","1","1","10",""
"1791352471067","1791352471735","0|0","MODE_NORMAL","com.example.d1check.npurunner/com.example.d1check.npurunner.NpuRunnerActivity","Awake","180","1","1","10",""
"1791352481064","1791352481706","0|0","MODE_NORMAL","com.example.d1check.npurunner/com.example.d1check.npurunner.NpuRunnerActivity","Awake","163","1","1","10",""
"1791352491058","1791352491706","0|0","MODE_NORMAL","com.example.d1check.npurunner/com.example.d1check.npurunner.NpuRunnerActivity","Awake","164","1","1","10",""
"1791352501058","1791352501704","0|0","MODE_NORMAL","com.example.d1check.npurunner/com.example.d1check.npurunner.NpuRunnerActivity","Awake","164","1","1","10",""
"1791352511066","1791352511713","0|0","MODE_NORMAL","com.example.d1check.npurunner/com.example.d1check.npurunner.NpuRunnerActivity","Awake","160","1","1","10",""
"1791352521057","1791352521851","0|0","MODE_NORMAL","com.example.d1check.npurunner/com.example.d1check.npurunner.NpuRunnerActivity","Awake","311","1","1","10",""
"1791352531073","1791352531727","0|0","MODE_NORMAL","com.example.d1check.npurunner/com.example.d1check.npurunner.NpuRunnerActivity","Awake","163","1","1","10",""
"1791352541064","1791352541753","0|0","MODE_NORMAL","com.example.d1check.npurunner/com.example.d1check.npurunner.NpuRunnerActivity","Awake","206","1","1","10",""
"1791352551063","1791352551799","0|0","MODE_NORMAL","com.example.d1check.npurunner/com.example.d1check.npurunner.NpuRunnerActivity","Awake","257","1","1","10",""
"1791352561070","1791352561743","0|0","MODE_NORMAL","com.example.d1check.npurunner/com.example.d1check.npurunner.NpuRunnerActivity","Awake","195","1","1","10",""
"1791352571060","1791352571765","0|0","MODE_NORMAL","com.example.d1check.npurunner/com.example.d1check.npurunner.NpuRunnerActivity","Awake","227","1","1","10",""
"1791352581062","1791352581788","0|0","MODE_NORMAL","com.example.d1check.npurunner/com.example.d1check.npurunner.NpuRunnerActivity","Awake","245","1","1","10",""
"1791352591060","1791352591732","0|0","MODE_NORMAL","com.example.d1check.npurunner/com.example.d1check.npurunner.NpuRunnerActivity","Awake","180","1","1","10",""
"1791352601059","1791352601766","0|0","MODE_NORMAL","com.example.d1check.npurunner/com.example.d1check.npurunner.NpuRunnerActivity","Awake","226","1","1","10",""
"1791352611073","1791352611711","0|0","MODE_NORMAL","com.example.d1check.npurunner/com.example.d1check.npurunner.NpuRunnerActivity","Awake","165","1","1","10",""
"1791352621063","1791352621727","0|0","MODE_NORMAL","com.example.d1check.npurunner/com.example.d1check.npurunner.NpuRunnerActivity","Awake","180","1","1","10",""
"1791352631065","1791352631706","0|0","MODE_NORMAL","com.example.d1check.npurunner/com.example.d1check.npurunner.NpuRunnerActivity","Awake","163","1","1","10",""
"1791352641060","1791352641674","0|0","MODE_NORMAL","com.example.d1check.npurunner/com.example.d1check.npurunner.NpuRunnerActivity","Awake","119","1","1","10",""
"1791352651066","1791352651676","0|0","MODE_NORMAL","com.example.d1check.npurunner/com.example.d1check.npurunner.NpuRunnerActivity","Awake","128","1","1","10",""
"1791352661065","1791352661691","0|0","MODE_NORMAL","com.example.d1check.npurunner/com.example.d1check.npurunner.NpuRunnerActivity","Awake","132","1","1","10",""
"1791352671068","1791352671730","0|0","MODE_NORMAL","com.example.d1check.npurunner/com.example.d1check.npurunner.NpuRunnerActivity","Awake","179","1","1","10",""
"1791352681063","1791352681696","0|0","MODE_NORMAL","com.example.d1check.npurunner/com.example.d1check.npurunner.NpuRunnerActivity","Awake","148","1","1","10",""
"1791352691063","1791352691673","0|0","MODE_NORMAL","com.example.d1check.npurunner/com.example.d1check.npurunner.NpuRunnerActivity","Awake","132","1","1","10",""
"1791352701070","1791352701710","0|0","MODE_NORMAL","com.example.d1check.npurunner/com.example.d1check.npurunner.NpuRunnerActivity","Awake","135","1","1","10",""
"1791352711061","1791352711769","0|0","MODE_NORMAL","com.example.d1check.npurunner/com.example.d1check.npurunner.NpuRunnerActivity","Awake","226","1","1","10",""
"1791352721071","1791352721776","0|0","MODE_NORMAL","com.example.d1check.npurunner/com.example.d1check.npurunner.NpuRunnerActivity","Awake","226","1","1","10",""
"1791352731072","1791352731811","0|0","MODE_NORMAL","com.example.d1check.npurunner/com.example.d1check.npurunner.NpuRunnerActivity","Awake","267","1","1","10",""
"1791352741059","1791352741736","0|0","MODE_NORMAL","com.example.d1check.npurunner/com.example.d1check.npurunner.NpuRunnerActivity","Awake","197","1","1","10",""
"1791352751056","1791352751794","0|0","MODE_NORMAL","com.example.d1check.npurunner/com.example.d1check.npurunner.NpuRunnerActivity","Awake","260","1","1","10",""
"1791352761064","1791352761719","0|0","MODE_NORMAL","com.example.d1check.npurunner/com.example.d1check.npurunner.NpuRunnerActivity","Awake","181","1","1","10",""
"1791352771070","1791352771747","0|0","MODE_NORMAL","com.example.d1check.npurunner/com.example.d1check.npurunner.NpuRunnerActivity","Awake","196","1","1","10",""
"1791352781065","1791352781795","0|0","MODE_NORMAL","com.example.d1check.npurunner/com.example.d1check.npurunner.NpuRunnerActivity","Awake","229","1","1","10",""
"1791352791070","1791352791812","0|0","MODE_NORMAL","com.example.d1check.npurunner/com.example.d1check.npurunner.NpuRunnerActivity","Awake","260","1","1","10",""
"1791352801064","1791352801763","0|0","MODE_NORMAL","com.example.d1check.npurunner/com.example.d1check.npurunner.NpuRunnerActivity","Awake","211","1","1","10",""
"1791352811057","1791352811781","0|0","MODE_NORMAL","com.example.d1check.npurunner/com.example.d1check.npurunner.NpuRunnerActivity","Awake","247","1","1","10",""
"1791352821070","1791352821690","0|0","MODE_NORMAL","com.example.d1check.npurunner/com.example.d1check.npurunner.NpuRunnerActivity","Awake","118","1","1","10",""
"1791352831061","1791352831719","0|0","MODE_NORMAL","com.example.d1check.npurunner/com.example.d1check.npurunner.NpuRunnerActivity","Awake","179","1","1","10",""
"1791352841062","1791352841711","0|0","MODE_NORMAL","com.example.d1check.npurunner/com.example.d1check.npurunner.NpuRunnerActivity","Awake","160","1","1","10",""
"1791352851059","1791352851733","0|0","MODE_NORMAL","com.example.d1check.npurunner/com.example.d1check.npurunner.NpuRunnerActivity","Awake","175","1","1","10",""
"1791352861070","1791352861715","0|0","MODE_NORMAL","com.example.d1check.npurunner/com.example.d1check.npurunner.NpuRunnerActivity","Awake","162","1","1","10",""
"1791352871067","1791352871733","0|0","MODE_NORMAL","com.example.d1check.npurunner/com.example.d1check.npurunner.NpuRunnerActivity","Awake","178","1","1","10",""
"1791352881073","1791352881781","0|0","MODE_NORMAL","com.example.d1check.npurunner/com.example.d1check.npurunner.NpuRunnerActivity","Awake","228","1","1","10",""
"1791352891056","1791352891805","0|0","MODE_NORMAL","com.example.d1check.npurunner/com.example.d1check.npurunner.NpuRunnerActivity","Awake","242","1","1","10",""
"1791352901070","1791352901823","0|0","MODE_NORMAL","com.example.d1check.npurunner/com.example.d1check.npurunner.NpuRunnerActivity","Awake","277","1","1","10",""
"1791352911070","1791352911759","0|0","MODE_NORMAL","com.example.d1check.npurunner/com.example.d1check.npurunner.NpuRunnerActivity","Awake","185","1","1","10",""
"1791352921069","1791352921779","0|0","MODE_NORMAL","com.example.d1check.npurunner/com.example.d1check.npurunner.NpuRunnerActivity","Awake","225","1","1","10",""
"1791352931061","1791352931817","0|0","MODE_NORMAL","com.example.d1check.npurunner/com.example.d1check.npurunner.NpuRunnerActivity","Awake","274","1","1","10",""
"1791352941063","1791352941775","0|0","MODE_NORMAL","com.example.d1check.npurunner/com.example.d1check.npurunner.NpuRunnerActivity","Awake","228","1","1","10",""
"1791352951055","1791352951802","0|0","MODE_NORMAL","com.example.d1check.npurunner/com.example.d1check.npurunner.NpuRunnerActivity","Awake","261","1","1","10",""
"1791352961069","1791352961830","0|0","MODE_NORMAL","com.example.d1check.npurunner/com.example.d1check.npurunner.NpuRunnerActivity","Awake","274","1","1","10",""
"1791352971063","1791352971753","0|0","MODE_NORMAL","com.example.d1check.npurunner/com.example.d1check.npurunner.NpuRunnerActivity","Awake","193","1","1","10",""
"1791352981063","1791352981929","0|0","MODE_NORMAL","com.example.d1check.npurunner/com.example.d1check.npurunner.NpuRunnerActivity","Awake","387","1","1","10",""
"1791352991059","1791352991735","0|0","MODE_NORMAL","com.example.d1check.npurunner/com.example.d1check.npurunner.NpuRunnerActivity","Awake","198","1","1","10",""
"1791353001058","1791353001728","0|0","MODE_NORMAL","com.example.d1check.npurunner/com.example.d1check.npurunner.NpuRunnerActivity","Awake","166","1","1","10",""
"1791353011060","1791353011727","0|0","MODE_NORMAL","com.example.d1check.npurunner/com.example.d1check.npurunner.NpuRunnerActivity","Awake","181","1","1","10",""
"1791353021072","1791353021729","0|0","MODE_NORMAL","com.example.d1check.npurunner/com.example.d1check.npurunner.NpuRunnerActivity","Awake","182","1","1","10",""
"1791353031058","1791353031733","0|0","MODE_NORMAL","com.example.d1check.npurunner/com.example.d1check.npurunner.NpuRunnerActivity","Awake","195","1","1","10",""
"1791353041062","1791353041683","0|0","MODE_NORMAL","com.example.d1check.npurunner/com.example.d1check.npurunner.NpuRunnerActivity","Awake","131","1","1","10",""
"1791353051060","1791353051734","0|0","MODE_NORMAL","com.example.d1check.npurunner/com.example.d1check.npurunner.NpuRunnerActivity","Awake","197","1","1","10",""
"1791353061059","1791353061713","0|0","MODE_NORMAL","com.example.d1check.npurunner/com.example.d1check.npurunner.NpuRunnerActivity","Awake","163","1","1","10",""
"1791353071063","1791353071700","0|0","MODE_NORMAL","com.example.d1check.npurunner/com.example.d1check.npurunner.NpuRunnerActivity","Awake","146","1","1","10",""
"1791353081072","1791353081771","0|0","MODE_NORMAL","com.example.d1check.npurunner/com.example.d1check.npurunner.NpuRunnerActivity","Awake","212","1","1","10",""
"1791353091070","1791353091794","0|0","MODE_NORMAL","com.example.d1check.npurunner/com.example.d1check.npurunner.NpuRunnerActivity","Awake","242","1","1","10",""
"1791353101073","1791353101816","0|0","MODE_NORMAL","com.example.d1check.npurunner/com.example.d1check.npurunner.NpuRunnerActivity","Awake","258","1","1","10",""
"1791353111069","1791353111745","0|0","MODE_NORMAL","com.example.d1check.npurunner/com.example.d1check.npurunner.NpuRunnerActivity","Awake","170","1","1","10",""
"1791353121062","1791353121759","0|0","MODE_NORMAL","com.example.d1check.npurunner/com.example.d1check.npurunner.NpuRunnerActivity","Awake","210","1","1","10",""
"1791353131073","1791353131812","0|0","MODE_NORMAL","com.example.d1check.npurunner/com.example.d1check.npurunner.NpuRunnerActivity","Awake","242","1","1","10",""
"1791353141058","1791353141753","0|0","MODE_NORMAL","com.example.d1check.npurunner/com.example.d1check.npurunner.NpuRunnerActivity","Awake","208","1","1","10",""
"1791353151059","1791353151781","0|0","MODE_NORMAL","com.example.d1check.npurunner/com.example.d1check.npurunner.NpuRunnerActivity","Awake","229","1","1","10",""
"1791353161060","1791353161817","0|0","MODE_NORMAL","com.example.d1check.npurunner/com.example.d1check.npurunner.NpuRunnerActivity","Awake","255","1","1","10",""
"1791353171068","1791353171752","0|0","MODE_NORMAL","com.example.d1check.npurunner/com.example.d1check.npurunner.NpuRunnerActivity","Awake","199","1","1","10",""
"1791353181072","1791353181802","0|0","MODE_NORMAL","com.example.d1check.npurunner/com.example.d1check.npurunner.NpuRunnerActivity","Awake","244","1","1","10",""
"1791353191073","1791353191697","0|0","MODE_NORMAL","com.example.d1check.npurunner/com.example.d1check.npurunner.NpuRunnerActivity","Awake","132","1","1","10",""
"1791353201070","1791353201736","0|0","MODE_NORMAL","com.example.d1check.npurunner/com.example.d1check.npurunner.NpuRunnerActivity","Awake","184","1","1","10",""
"1791353211063","1791353211713","0|0","MODE_NORMAL","com.example.d1check.npurunner/com.example.d1check.npurunner.NpuRunnerActivity","Awake","168","1","1","10",""
"1791353221060","1791353221721","0|0","MODE_NORMAL","com.example.d1check.npurunner/com.example.d1check.npurunner.NpuRunnerActivity","Awake","151","1","1","10",""
"1791353231056","1791353231712","0|0","MODE_NORMAL","com.example.d1check.npurunner/com.example.d1check.npurunner.NpuRunnerActivity","Awake","162","1","1","10",""
"1791353241062","1791353241737","0|0","MODE_NORMAL","com.example.d1check.npurunner/com.example.d1check.npurunner.NpuRunnerActivity","Awake","175","1","1","10",""
"1791353251062","1791353251764","0|0","MODE_NORMAL","com.example.d1check.npurunner/com.example.d1check.npurunner.NpuRunnerActivity","Awake","213","1","1","10",""
"1791353261073","1791353261745","0|0","MODE_NORMAL","com.example.d1check.npurunner/com.example.d1check.npurunner.NpuRunnerActivity","Awake","180","1","1","10",""
"1791353271068","1791353271790","0|0","MODE_NORMAL","com.example.d1check.npurunner/com.example.d1check.npurunner.NpuRunnerActivity","Awake","228","1","1","10",""
"1791353281069","1791353281833","0|0","MODE_NORMAL","com.example.d1check.npurunner/com.example.d1check.npurunner.NpuRunnerActivity","Awake","289","1","1","10",""
"1791353291073","1791353291771","0|0","MODE_NORMAL","com.example.d1check.npurunner/com.example.d1check.npurunner.NpuRunnerActivity","Awake","209","1","1","10",""
"1791353301065","1791353301799","0|0","MODE_NORMAL","com.example.d1check.npurunner/com.example.d1check.npurunner.NpuRunnerActivity","Awake","246","1","1","10",""
"1791353311068","1791353311845","0|0","MODE_NORMAL","com.example.d1check.npurunner/com.example.d1check.npurunner.NpuRunnerActivity","Awake","296","1","1","10",""
"1791353321069","1791353321771","0|0","MODE_NORMAL","com.example.d1check.npurunner/com.example.d1check.npurunner.NpuRunnerActivity","Awake","213","1","1","10",""
"1791353331071","1791353331811","0|0","MODE_NORMAL","com.example.d1check.npurunner/com.example.d1check.npurunner.NpuRunnerActivity","Awake","244","1","1","10",""
"1791353341062","1791353341764","0|0","MODE_NORMAL","com.example.d1check.npurunner/com.example.d1check.npurunner.NpuRunnerActivity","Awake","212","1","1","10",""
"1791353351060","1791353351721","0|0","MODE_NORMAL","com.example.d1check.npurunner/com.example.d1check.npurunner.NpuRunnerActivity","Awake","165","1","1","10",""
"1791353361065","1791353361700","0|0","MODE_NORMAL","com.example.d1check.npurunner/com.example.d1check.npurunner.NpuRunnerActivity","Awake","147","1","1","10",""
"1791353371066","1791353371727","0|0","MODE_NORMAL","com.example.d1check.npurunner/com.example.d1check.npurunner.NpuRunnerActivity","Awake","180","1","1","10",""
"1791353381055","1791353381708","0|0","MODE_NORMAL","com.example.d1check.npurunner/com.example.d1check.npurunner.NpuRunnerActivity","Awake","163","1","1","10",""
"1791353391068","1791353391730","0|0","MODE_NORMAL","com.example.d1check.npurunner/com.example.d1check.npurunner.NpuRunnerActivity","Awake","180","1","1","10",""
"1791353401056","1791353401721","0|0","MODE_NORMAL","com.example.d1check.npurunner/com.example.d1check.npurunner.NpuRunnerActivity","Awake","178","1","1","10",""
"1791353411059","1791353411704","0|0","MODE_NORMAL","com.example.d1check.npurunner/com.example.d1check.npurunner.NpuRunnerActivity","Awake","145","1","1","10",""
"1791353421061","1791353421723","0|0","MODE_NORMAL","com.example.d1check.npurunner/com.example.d1check.npurunner.NpuRunnerActivity","Awake","180","1","1","10",""
"1791353431072","1791353431777","0|0","MODE_NORMAL","com.example.d1check.npurunner/com.example.d1check.npurunner.NpuRunnerActivity","Awake","210","1","1","10",""
"1791353441066","1791353441781","0|0","MODE_NORMAL","com.example.d1check.npurunner/com.example.d1check.npurunner.NpuRunnerActivity","Awake","227","1","1","10",""
"1791353451071","1791353451805","0|0","MODE_NORMAL","com.example.d1check.npurunner/com.example.d1check.npurunner.NpuRunnerActivity","Awake","242","1","1","10",""
"1791353461065","1791353461742","0|0","MODE_NORMAL","com.example.d1check.npurunner/com.example.d1check.npurunner.NpuRunnerActivity","Awake","177","1","1","10",""
"1791353471071","1791353471765","0|0","MODE_NORMAL","com.example.d1check.npurunner/com.example.d1check.npurunner.NpuRunnerActivity","Awake","195","1","1","10",""
"1791353481072","1791353481821","0|0","MODE_NORMAL","com.example.d1check.npurunner/com.example.d1check.npurunner.NpuRunnerActivity","Awake","257","1","1","10",""
"1791353491072","1791353491751","0|0","MODE_NORMAL","com.example.d1check.npurunner/com.example.d1check.npurunner.NpuRunnerActivity","Awake","197","1","1","10",""
"1791353501073","1791353501801","0|0","MODE_NORMAL","com.example.d1check.npurunner/com.example.d1check.npurunner.NpuRunnerActivity","Awake","226","1","1","10",""
"1791353511059","1791353511804","0|0","MODE_NORMAL","com.example.d1check.npurunner/com.example.d1check.npurunner.NpuRunnerActivity","Awake","248","1","1","10",""
"1791353521061","1791353521721","0|0","MODE_NORMAL","com.example.d1check.npurunner/com.example.d1check.npurunner.NpuRunnerActivity","Awake","166","1","1","10",""
"1791353531072","1791353531799","0|0","MODE_NORMAL","com.example.d1check.npurunner/com.example.d1check.npurunner.NpuRunnerActivity","Awake","226","1","1","10",""
"1791353541074","1791353541826","0|0","MODE_NORMAL","com.example.d1check.npurunner/com.example.d1check.npurunner.NpuRunnerActivity","Awake","263","1","1","10",""
"1791353551068","1791353551748","0|0","MODE_NORMAL","com.example.d1check.npurunner/com.example.d1check.npurunner.NpuRunnerActivity","Awake","195","1","1","10",""
"1791353561059","1791353561717","0|0","MODE_NORMAL","com.example.d1check.npurunner/com.example.d1check.npurunner.NpuRunnerActivity","Awake","183","1","1","10",""
"1791353571068","1791353571707","0|0","MODE_NORMAL","com.example.d1check.npurunner/com.example.d1check.npurunner.NpuRunnerActivity","Awake","149","1","1","10",""
"1791353581069","1791353581754","0|0","MODE_NORMAL","com.example.d1check.npurunner/com.example.d1check.npurunner.NpuRunnerActivity","Awake","192","1","1","10",""
"1791353591062","1791353591703","0|0","MODE_NORMAL","com.example.d1check.npurunner/com.example.d1check.npurunner.NpuRunnerActivity","Awake","149","1","1","10",""
"1791353601060","1791353601715","0|0","MODE_NORMAL","com.example.d1check.npurunner/com.example.d1check.npurunner.NpuRunnerActivity","Awake","141","1","1","10",""
"1791353611061","1791353611727","0|0","MODE_NORMAL","com.example.d1check.npurunner/com.example.d1check.npurunner.NpuRunnerActivity","Awake","159","1","1","10",""
"1791353621059","1791353621700","0|0","MODE_NORMAL","com.example.d1check.npurunner/com.example.d1check.npurunner.NpuRunnerActivity","Awake","147","1","1","10",""
"1791353631062","1791353631728","0|0","MODE_NORMAL","com.example.d1check.npurunner/com.example.d1check.npurunner.NpuRunnerActivity","Awake","179","1","1","10",""
"1791353641059","1791353641768","0|0","MODE_NORMAL","com.example.d1check.npurunner/com.example.d1check.npurunner.NpuRunnerActivity","Awake","226","1","1","10",""
"1791353651069","1791353651803","0|0","MODE_NORMAL","com.example.d1check.npurunner/com.example.d1check.npurunner.NpuRunnerActivity","Awake","243","1","1","10",""
"1791353661062","1791353661815","0|0","MODE_NORMAL","com.example.d1check.npurunner/com.example.d1check.npurunner.NpuRunnerActivity","Awake","303","1","1","10",""
"1791353671065","1791353671763","0|0","MODE_NORMAL","com.example.d1check.npurunner/com.example.d1check.npurunner.NpuRunnerActivity","Awake","211","1","1","10",""
"1791353681065","1791353681706","0|0","MODE_NORMAL","com.example.d1check.npurunner/com.example.d1check.npurunner.NpuRunnerActivity","Awake","146","1","1","10",""
"1791353691068","1791353691834","0|0","MODE_NORMAL","com.example.d1check.npurunner/com.example.d1check.npurunner.NpuRunnerActivity","Awake","255","1","1","10",""
"1791353701068","1791353701793","0|0","MODE_NORMAL","com.example.d1check.npurunner/com.example.d1check.npurunner.NpuRunnerActivity","Awake","224","1","1","10",""
"1791353711067","1791353711798","0|0","MODE_NORMAL","com.example.d1check.npurunner/com.example.d1check.npurunner.NpuRunnerActivity","Awake","222","1","1","10",""
"1791353721069","1791353721724","0|0","MODE_NORMAL","com.example.d1check.npurunner/com.example.d1check.npurunner.NpuRunnerActivity","Awake","163","1","1","10",""
"1791353731065","1791353731758","0|0","MODE_NORMAL","com.example.d1check.npurunner/com.example.d1check.npurunner.NpuRunnerActivity","Awake","198","1","1","10",""
"1791353741060","1791353741677","0|0","MODE_NORMAL","com.example.d1check.npurunner/com.example.d1check.npurunner.NpuRunnerActivity","Awake","129","1","1","10",""
"1791353751061","1791353751734","0|0","MODE_NORMAL","com.example.d1check.npurunner/com.example.d1check.npurunner.NpuRunnerActivity","Awake","178","1","1","10",""
"1791353761062","1791353761725","0|0","MODE_NORMAL","com.example.d1check/com.example.d1check.MainActivity","Awake","162","1","1","10",""
"1791353771067","1791353771752","0|0","MODE_NORMAL","com.example.d1check/com.example.d1check.MainActivity","Awake","193","1","1","10",""
"1791353781060","1791353781695","0|0","MODE_NORMAL","com.example.d1check/com.example.d1check.MainActivity","Awake","147","1","1","10",""
"1791353791064","1791353791771","0|0","MODE_NORMAL","com.example.d1check/com.example.d1check.MainActivity","Awake","209","1","1","10",""
"1791353801069","1791353801733","0|0","MODE_NORMAL","com.example.d1check/com.example.d1check.MainActivity","Awake","160","1","1","10",""
"1791353811064","1791353811733","0|0","MODE_NORMAL","com.example.d1check/com.example.d1check.MainActivity","Awake","181","1","1","10",""
"1791353821059","1791353821778","0|0","MODE_NORMAL","com.example.d1check/com.example.d1check.MainActivity","Awake","229","1","1","10",""
"1791353831058","1791353831747","0|0","MODE_NORMAL","com.example.d1check/com.example.d1check.MainActivity","Awake","193","1","1","10",""
"1791353841070","1791353841846","0|0","MODE_NORMAL","com.example.d1check/com.example.d1check.MainActivity","Awake","270","1","1","10",""
"1791353851068","1791353851757","0|0","MODE_NORMAL","com.example.d1check/com.example.d1check.MainActivity","Awake","196","1","1","10",""
"1791353861063","1791353861729","0|0","MODE_NORMAL","com.example.d1check/com.example.d1check.MainActivity","Awake","181","1","1","10",""
"1791353871065","1791353871743","0|0","MODE_NORMAL","com.example.d1check/com.example.d1check.MainActivity","Awake","179","1","1","10",""
"1791353881056","1791353881708","0|0","MODE_NORMAL","com.example.d1check/com.example.d1check.MainActivity","Awake","163","1","1","10",""
"1791353891058","1791353891716","0|0","MODE_NORMAL","com.example.d1check/com.example.d1check.MainActivity","Awake","164","1","1","10",""
"1791353901060","1791353901727","0|0","MODE_NORMAL","com.example.d1check/com.example.d1check.MainActivity","Awake","180","1","1","10",""
"1791353911061","1791353911730","0|0","MODE_NORMAL","com.example.d1check/com.example.d1check.MainActivity","Awake","179","1","1","10",""
"1791353921058","1791353921726","0|0","MODE_NORMAL","com.example.d1check/com.example.d1check.MainActivity","Awake","179","1","1","10",""
"1791353931076","1791353931772","0|0","MODE_NORMAL","com.example.d1check/com.example.d1check.MainActivity","Awake","195","1","1","10",""
"1791353941069","1791353941797","0|0","MODE_NORMAL","com.example.d1check/com.example.d1check.MainActivity","Awake","228","1","1","10",""
"1791353951072","1791353951851","0|0","MODE_NORMAL","com.example.d1check/com.example.d1check.MainActivity","Awake","276","1","1","10",""
"1791353961060","1791353961749","0|0","MODE_NORMAL","com.example.d1check/com.example.d1check.MainActivity","Awake","192","1","1","10",""
"1791353971067","1791353971816","0|0","MODE_NORMAL","com.example.d1check/com.example.d1check.MainActivity","Awake","259","1","1","10",""
"1791353981060","1791353981824","0|0","MODE_NORMAL","com.example.d1check/com.example.d1check.MainActivity","Awake","260","1","1","10",""
"1791353991066","1791353991764","0|0","MODE_NORMAL","com.example.d1check/com.example.d1check.MainActivity","Awake","194","1","1","10",""
"1791354001066","1791354001722","0|0","MODE_NORMAL","com.example.d1check/com.example.d1check.MainActivity","Awake","162","1","1","10",""
"1791354011064","1791354011731","0|0","MODE_NORMAL","com.example.d1check/com.example.d1check.MainActivity","Awake","161","1","1","10",""
"1791354021074","1791354021765","0|0","MODE_NORMAL","com.example.d1check/com.example.d1check.MainActivity","Awake","201","1","1","10",""
"1791354031058","1791354031709","0|0","MODE_NORMAL","com.example.d1check/com.example.d1check.MainActivity","Awake","145","1","1","10",""
"1791354041072","1791354041760","0|0","MODE_NORMAL","com.example.d1check/com.example.d1check.MainActivity","Awake","187","1","1","10",""
"1791354051070","1791354051745","0|0","MODE_NORMAL","com.example.d1check/com.example.d1check.MainActivity","Awake","169","1","1","10",""
"1791354061061","1791354061739","0|0","MODE_NORMAL","com.example.d1check/com.example.d1check.MainActivity","Awake","189","1","1","10",""
"1791354071059","1791354071754","0|0","MODE_NORMAL","com.example.d1check/com.example.d1check.MainActivity","Awake","203","1","1","10",""
"1791354081061","1791354081712","0|0","MODE_NORMAL","com.example.d1check/com.example.d1check.MainActivity","Awake","154","1","1","10",""
"1791354091063","1791354091723","0|0","MODE_NORMAL","com.example.d1check/com.example.d1check.MainActivity","Awake","170","1","1","10",""
"1791354101065","1791354101723","0|0","MODE_NORMAL","com.example.d1check/com.example.d1check.MainActivity","Awake","140","1","1","10",""
"1791354111073","1791354111732","0|0","MODE_NORMAL","com.example.d1check/com.example.d1check.MainActivity","Awake","162","1","1","10",""
"1791354121067","1791354121709","0|0","MODE_NORMAL","com.example.d1check/com.example.d1check.MainActivity","Awake","142","1","1","10",""
"1791354131074","1791354131870","0|0","MODE_NORMAL","com.example.d1check/com.example.d1check.MainActivity","Awake","293","1","1","10",""
"1791354141059","1791354141778","0|0","MODE_NORMAL","com.example.d1check/com.example.d1check.MainActivity","Awake","219","1","1","10",""
"1791354151063","1791354151808","0|0","MODE_NORMAL","com.example.d1check/com.example.d1check.MainActivity","Awake","230","1","1","10",""
"1791354161070","1791354161764","0|0","MODE_NORMAL","com.example.d1check/com.example.d1check.MainActivity","Awake","193","1","1","10",""
"1791354171067","1791354171790","0|0","MODE_NORMAL","com.example.d1check/com.example.d1check.MainActivity","Awake","225","1","1","10",""
"1791354181066","1791354181943","0|0","MODE_NORMAL","com.example.d1check/com.example.d1check.MainActivity","Awake","385","1","1","10",""
"1791354191066","1791354191748","0|0","MODE_NORMAL","com.example.d1check/com.example.d1check.MainActivity","Awake","183","1","1","10",""
"1791354201073","1791354201797","0|0","MODE_NORMAL","com.example.d1check/com.example.d1check.MainActivity","Awake","233","1","1","10",""
"1791354211064","1791354211843","0|0","MODE_NORMAL","com.example.d1check/com.example.d1check.MainActivity","Awake","277","1","1","10",""
"1791354221072","1791354221755","0|0","MODE_NORMAL","com.example.d1check/com.example.d1check.MainActivity","Awake","178","1","1","10",""
"1791354231069","1791354231800","0|0","MODE_NORMAL","com.example.d1check/com.example.d1check.MainActivity","Awake","231","1","1","10",""
"1791354241067","1791354241741","0|0","MODE_NORMAL","com.example.d1check/com.example.d1check.MainActivity","Awake","182","1","1","10",""
"1791354251068","1791354251721","0|0","MODE_NORMAL","com.example.d1check/com.example.d1check.MainActivity","Awake","160","1","1","10",""
"1791354261059","1791354261723","0|0","MODE_NORMAL","com.example.d1check/com.example.d1check.MainActivity","Awake","162","1","1","10",""
"1791354271070","1791354271755","0|0","MODE_NORMAL","com.example.d1check/com.example.d1check.MainActivity","Awake","181","1","1","10",""
"1791354281059","1791354281726","0|0","MODE_NORMAL","com.example.d1check/com.example.d1check.MainActivity","Awake","174","1","1","10",""
"1791354291063","1791354291720","0|0","MODE_NORMAL","com.example.d1check/com.example.d1check.MainActivity","Awake","162","1","1","10",""
"1791354301068","1791354301730","0|0","MODE_NORMAL","com.example.d1check/com.example.d1check.MainActivity","Awake","163","1","1","10",""
"1791354311070","1791354311732","0|0","MODE_NORMAL","com.example.d1check/com.example.d1check.MainActivity","Awake","165","1","1","10",""
"1791354321073","1791354321744","0|0","MODE_NORMAL","com.example.d1check/com.example.d1check.MainActivity","Awake","164","1","1","10",""
"1791354331070","1791354331767","0|0","MODE_NORMAL","com.example.d1check/com.example.d1check.MainActivity","Awake","197","1","1","10",""
"1791354341059","1791354341806","0|0","MODE_NORMAL","com.example.d1check/com.example.d1check.MainActivity","Awake","273","1","1","10",""
"1791354351069","1791354351729","0|0","MODE_NORMAL","com.example.d1check/com.example.d1check.MainActivity","Awake","162","1","1","10",""
"1791354361061","1791354361724","0|0","MODE_NORMAL","com.example.d1check/com.example.d1check.MainActivity","Awake","160","1","1","10",""
"1791354371068","1791354371736","0|0","MODE_NORMAL","com.example.d1check/com.example.d1check.MainActivity","Awake","176","1","1","10",""
"1791354381066","1791354381714","0|0","MODE_NORMAL","com.example.d1check/com.example.d1check.MainActivity","Awake","147","1","1","10",""
"1791354391072","1791354391759","0|0","MODE_NORMAL","com.example.d1check/com.example.d1check.MainActivity","Awake","180","1","1","10",""
"1791354401058","1791354401766","0|0","MODE_NORMAL","com.example.d1check/com.example.d1check.MainActivity","Awake","212","1","1","10",""
"1791354411067","1791354411827","0|0","MODE_NORMAL","com.example.d1check/com.example.d1check.MainActivity","Awake","261","1","1","10",""
"1791354421060","1791354421761","0|0","MODE_NORMAL","com.example.d1check/com.example.d1check.MainActivity","Awake","207","1","1","10",""
"1791354431058","1791354431790","0|0","MODE_NORMAL","com.example.d1check/com.example.d1check.MainActivity","Awake","231","1","1","10",""
"1791354441071","1791354441805","0|0","MODE_NORMAL","com.example.d1check/com.example.d1check.MainActivity","Awake","228","1","1","10",""
"1791354451063","1791354451768","0|0","MODE_NORMAL","com.example.d1check/com.example.d1check.MainActivity","Awake","186","1","1","10",""
"1791354461065","1791354461790","0|0","MODE_NORMAL","com.example.d1check/com.example.d1check.MainActivity","Awake","210","1","1","10",""
"1791354471060","1791354471828","0|0","MODE_NORMAL","com.example.d1check/com.example.d1check.MainActivity","Awake","271","1","1","10",""
"1791354481058","1791354481761","0|0","MODE_NORMAL","com.example.d1check/com.example.d1check.MainActivity","Awake","193","1","1","10",""
"1791354491071","1791354491791","0|0","MODE_NORMAL","com.example.d1check/com.example.d1check.MainActivity","Awake","215","1","1","10",""
"1791354501067","1791354501827","0|0","MODE_NORMAL","com.example.d1check/com.example.d1check.MainActivity","Awake","256","1","1","10",""
"1791354511065","1791354511780","0|0","MODE_NORMAL","com.example.d1check/com.example.d1check.MainActivity","Awake","224","1","1","10",""
"1791354521058","1791354521796","0|0","MODE_NORMAL","com.example.d1check/com.example.d1check.MainActivity","Awake","242","1","1","10",""
"1791354531066","1791354531827","0|0","MODE_NORMAL","com.example.d1check/com.example.d1check.MainActivity","Awake","256","1","1","10",""
"1791354541065","1791354541748","0|0","MODE_NORMAL","com.example.d1check/com.example.d1check.MainActivity","Awake","178","1","1","10",""
"1791354551059","1791354551793","0|0","MODE_NORMAL","com.example.d1check/com.example.d1check.MainActivity","Awake","240","1","1","10",""
"1791354561073","1791354561834","0|0","MODE_NORMAL","com.example.d1check/com.example.d1check.MainActivity","Awake","256","1","1","10",""
"1791354571061","1791354571752","0|0","MODE_NORMAL","com.example.d1check/com.example.d1check.MainActivity","Awake","193","1","1","10",""
"1791354581068","1791354581794","0|0","MODE_NORMAL","com.example.d1check/com.example.d1check.MainActivity","Awake","226","1","1","10",""
"1791354591062","1791354591827","0|0","MODE_NORMAL","com.example.d1check/com.example.d1check.MainActivity","Awake","258","1","1","10",""
"1791354601064","1791354601767","0|0","MODE_NORMAL","com.example.d1check/com.example.d1check.MainActivity","Awake","204","1","1","10",""
"1791354611065","1791354611814","0|0","MODE_NORMAL","com.example.d1check/com.example.d1check.MainActivity","Awake","241","1","1","10",""
"1791354621063","1791354621852","0|0","MODE_NORMAL","com.example.d1check/com.example.d1check.MainActivity","Awake","290","1","1","10",""
"1791354631058","1791354631754","0|0","MODE_NORMAL","com.example.d1check/com.example.d1check.MainActivity","Awake","201","1","1","10",""
"1791354641058","1791354641814","0|0","MODE_NORMAL","com.example.d1check/com.example.d1check.MainActivity","Awake","258","1","1","10",""
"1791354651058","1791354651717","0|0","MODE_NORMAL","com.example.d1check/com.example.d1check.MainActivity","Awake","150","1","1","10",""
"1791354661064","1791354661764","0|0","MODE_NORMAL","com.example.d1check/com.example.d1check.MainActivity","Awake","195","1","1","10",""
"1791354671065","1791354671819","0|0","MODE_NORMAL","com.example.d1check/com.example.d1check.MainActivity","Awake","252","1","1","10",""
"1791354681069","1791354681778","0|0","MODE_NORMAL","com.example.d1check/com.example.d1check.MainActivity","Awake","210","1","1","10",""
"1791354691072","1791354691751","0|0","MODE_NORMAL","com.example.d1check/com.example.d1check.MainActivity","Awake","178","1","1","10",""
"1791354701072","1791354701813","0|0","MODE_NORMAL","com.example.d1check/com.example.d1check.MainActivity","Awake","237","1","1","10",""
"1791354711060","1791354711830","0|0","MODE_NORMAL","com.example.d1check/com.example.d1check.MainActivity","Awake","289","1","1","10",""
"1791354721062","1791354721795","0|0","MODE_NORMAL","com.example.d1check/com.example.d1check.MainActivity","Awake","226","1","1","10",""
"1791354731070","1791354731837","0|0","MODE_NORMAL","com.example.d1check/com.example.d1check.MainActivity","Awake","262","1","1","10",""
"1791354741071","1791354741846","0|0","MODE_NORMAL","com.example.d1check/com.example.d1check.MainActivity","Awake","277","1","1","10",""
"1791354751063","1791354751760","0|0","MODE_NORMAL","com.example.d1check.npurunner/com.example.d1check.npurunner.NpuRunnerActivity","Awake","197","1","1","10",""
"1791354761059","1791354761712","0|0","MODE_NORMAL","com.example.d1check.npurunner/com.example.d1check.npurunner.NpuRunnerActivity","Awake","148","1","1","10",""
"1791354771063","1791354771719","0|0","MODE_NORMAL","com.example.d1check.npurunner/com.example.d1check.npurunner.NpuRunnerActivity","Awake","152","1","1","10",""
"1791354781060","1791354781728","0|0","MODE_NORMAL","com.example.d1check.npurunner/com.example.d1check.npurunner.NpuRunnerActivity","Awake","163","1","1","10",""
"1791354791068","1791354791777","0|0","MODE_NORMAL","com.example.d1check.npurunner/com.example.d1check.npurunner.NpuRunnerActivity","Awake","210","1","1","10",""
"1791354801063","1791354801741","0|0","MODE_NORMAL","com.example.d1check.npurunner/com.example.d1check.npurunner.NpuRunnerActivity","Awake","179","1","1","10",""
"1791354811060","1791354811727","0|0","MODE_NORMAL","com.example.d1check.npurunner/com.example.d1check.npurunner.NpuRunnerActivity","Awake","163","1","1","10",""
"1791354821061","1791354821705","0|0","MODE_NORMAL","com.example.d1check.npurunner/com.example.d1check.npurunner.NpuRunnerActivity","Awake","149","1","1","10",""
"1791354831063","1791354831688","0|0","MODE_NORMAL","com.example.d1check.npurunner/com.example.d1check.npurunner.NpuRunnerActivity","Awake","117","1","1","10",""
"1791354841068","1791354841699","0|0","MODE_NORMAL","com.example.d1check.npurunner/com.example.d1check.npurunner.NpuRunnerActivity","Awake","120","1","1","10",""
"1791354851067","1791354851708","0|0","MODE_NORMAL","com.example.d1check.npurunner/com.example.d1check.npurunner.NpuRunnerActivity","Awake","125","1","1","10",""
"1791354861066","1791354861723","0|0","MODE_NORMAL","com.example.d1check.npurunner/com.example.d1check.npurunner.NpuRunnerActivity","Awake","132","1","1","10",""
"1791354871068","1791354871770","0|0","MODE_NORMAL","com.example.d1check.npurunner/com.example.d1check.npurunner.NpuRunnerActivity","Awake","196","1","1","10",""
"1791354881065","1791354881701","0|0","MODE_NORMAL","com.example.d1check.npurunner/com.example.d1check.npurunner.NpuRunnerActivity","Awake","119","1","1","10",""
"1791354891071","1791354891725","0|0","MODE_NORMAL","com.example.d1check.npurunner/com.example.d1check.npurunner.NpuRunnerActivity","Awake","145","1","1","10",""
"1791354901072","1791354901777","0|0","MODE_NORMAL","com.example.d1check.npurunner/com.example.d1check.npurunner.NpuRunnerActivity","Awake","210","1","1","10",""
"1791354911059","1791354911798","0|0","MODE_NORMAL","com.example.d1check.npurunner/com.example.d1check.npurunner.NpuRunnerActivity","Awake","244","1","1","10",""
"1791354921073","1791354921741","0|0","MODE_NORMAL","com.example.d1check.npurunner/com.example.d1check.npurunner.NpuRunnerActivity","Awake","163","1","1","10",""
"1791354931071","1791354931781","0|0","MODE_NORMAL","com.example.d1check.npurunner/com.example.d1check.npurunner.NpuRunnerActivity","Awake","211","1","1","10",""
"1791354941065","1791354941908","0|0","MODE_NORMAL","com.example.d1check.npurunner/com.example.d1check.npurunner.NpuRunnerActivity","Awake","341","1","1","10",""
"1791354951067","1791354951701","0|0","MODE_NORMAL","com.example.d1check.npurunner/com.example.d1check.npurunner.NpuRunnerActivity","Awake","129","1","1","10",""
"1791354961065","1791354961784","0|0","MODE_NORMAL","com.example.d1check.npurunner/com.example.d1check.npurunner.NpuRunnerActivity","Awake","209","1","1","10",""
"1791354971060","1791354971807","0|0","MODE_NORMAL","com.example.d1check.npurunner/com.example.d1check.npurunner.NpuRunnerActivity","Awake","254","1","1","10",""
"1791354981078","1791354981750","0|0","MODE_NORMAL","com.example.d1check.npurunner/com.example.d1check.npurunner.NpuRunnerActivity","Awake","175","1","1","10",""
"1791354991072","1791354991720","0|0","MODE_NORMAL","com.example.d1check.npurunner/com.example.d1check.npurunner.NpuRunnerActivity","Awake","142","1","1","10",""
"1791355001058","1791355001805","0|0","MODE_NORMAL","com.example.d1check.npurunner/com.example.d1check.npurunner.NpuRunnerActivity","Awake","254","1","1","10",""
"1791355011062","1791355011723","0|0","MODE_NORMAL","com.example.d1check.npurunner/com.example.d1check.npurunner.NpuRunnerActivity","Awake","147","1","1","10",""
"1791355021064","1791355021778","0|0","MODE_NORMAL","com.example.d1check.npurunner/com.example.d1check.npurunner.NpuRunnerActivity","Awake","209","1","1","10",""
"1791355031065","1791355031734","0|0","MODE_NORMAL","com.example.d1check.npurunner/com.example.d1check.npurunner.NpuRunnerActivity","Awake","165","1","1","10",""
"1791355041075","1791355041756","0|0","MODE_NORMAL","com.example.d1check.npurunner/com.example.d1check.npurunner.NpuRunnerActivity","Awake","155","1","1","10",""
"1791355051058","1791355051704","0|0","MODE_NORMAL","com.example.d1check.npurunner/com.example.d1check.npurunner.NpuRunnerActivity","Awake","142","1","1","10",""
"1791355061062","1791355061704","0|0","MODE_NORMAL","com.example.d1check.npurunner/com.example.d1check.npurunner.NpuRunnerActivity","Awake","133","1","1","10",""
"1791355071067","1791355071725","0|0","MODE_NORMAL","com.example.d1check.npurunner/com.example.d1check.npurunner.NpuRunnerActivity","Awake","146","1","1","10",""
"1791355081059","1791355081685","0|0","MODE_NORMAL","com.example.d1check.npurunner/com.example.d1check.npurunner.NpuRunnerActivity","Awake","116","1","1","10",""
"1791355091059","1791355091688","0|0","MODE_NORMAL","com.example.d1check.npurunner/com.example.d1check.npurunner.NpuRunnerActivity","Awake","130","1","1","10",""
"1791355101065","1791355101714","0|0","MODE_NORMAL","com.example.d1check.npurunner/com.example.d1check.npurunner.NpuRunnerActivity","Awake","122","1","1","10",""
"1791355111064","1791355111702","0|0","MODE_NORMAL","com.example.d1check.npurunner/com.example.d1check.npurunner.NpuRunnerActivity","Awake","132","1","1","10",""
"1791355121061","1791355121820","0|0","MODE_NORMAL","com.example.d1check.npurunner/com.example.d1check.npurunner.NpuRunnerActivity","Awake","257","1","1","10",""
"1791355131072","1791355131828","0|0","MODE_NORMAL","com.example.d1check.npurunner/com.example.d1check.npurunner.NpuRunnerActivity","Awake","243","1","1","10",""
"1791355141069","1791355141832","0|0","MODE_NORMAL","com.example.d1check.npurunner/com.example.d1check.npurunner.NpuRunnerActivity","Awake","253","1","1","10",""
"1791355151068","1791355151753","0|0","MODE_NORMAL","com.example.d1check.npurunner/com.example.d1check.npurunner.NpuRunnerActivity","Awake","172","1","1","10",""
"1791355161067","1791355161807","0|0","MODE_NORMAL","com.example.d1check.npurunner/com.example.d1check.npurunner.NpuRunnerActivity","Awake","234","1","1","10",""
"1791355171070","1791355171834","0|0","MODE_NORMAL","com.example.d1check.npurunner/com.example.d1check.npurunner.NpuRunnerActivity","Awake","260","1","1","10",""
"1791355181069","1791355181771","0|0","MODE_NORMAL","com.example.d1check.npurunner/com.example.d1check.npurunner.NpuRunnerActivity","Awake","194","1","1","10",""
"1791355191061","1791355191767","0|0","MODE_NORMAL","com.example.d1check.npurunner/com.example.d1check.npurunner.NpuRunnerActivity","Awake","197","1","1","10",""
"1791355201063","1791355201742","0|0","MODE_NORMAL","com.example.d1check.npurunner/com.example.d1check.npurunner.NpuRunnerActivity","Awake","151","1","1","10",""
"1791355211061","1791355211765","0|0","MODE_NORMAL","com.example.d1check.npurunner/com.example.d1check.npurunner.NpuRunnerActivity","Awake","195","1","1","10",""
"1791355221062","1791355221824","0|0","MODE_NORMAL","com.example.d1check.npurunner/com.example.d1check.npurunner.NpuRunnerActivity","Awake","259","1","1","10",""
"1791355231063","1791355231731","0|0","MODE_NORMAL","com.example.d1check.npurunner/com.example.d1check.npurunner.NpuRunnerActivity","Awake","160","1","1","10",""
"1791355241062","1791355241706","0|0","MODE_NORMAL","com.example.d1check.npurunner/com.example.d1check.npurunner.NpuRunnerActivity","Awake","129","1","1","10",""
"1791355251067","1791355251761","0|0","MODE_NORMAL","com.example.d1check.npurunner/com.example.d1check.npurunner.NpuRunnerActivity","Awake","193","1","1","10",""
"1791355261059","1791355261744","0|0","MODE_NORMAL","com.example.d1check.npurunner/com.example.d1check.npurunner.NpuRunnerActivity","Awake","177","1","1","10",""
"1791355271062","1791355271731","0|0","MODE_NORMAL","com.example.d1check.npurunner/com.example.d1check.npurunner.NpuRunnerActivity","Awake","164","1","1","10",""
"1791355281061","1791355281727","0|0","MODE_NORMAL","com.example.d1check.npurunner/com.example.d1check.npurunner.NpuRunnerActivity","Awake","156","1","1","10",""
"1791355291066","1791355291710","0|0","MODE_NORMAL","com.example.d1check.npurunner/com.example.d1check.npurunner.NpuRunnerActivity","Awake","118","1","1","10",""
"1791355301068","1791355301731","0|0","MODE_NORMAL","com.example.d1check.npurunner/com.example.d1check.npurunner.NpuRunnerActivity","Awake","156","1","1","10",""
"1791355311069","1791355311740","0|0","MODE_NORMAL","com.example.d1check.npurunner/com.example.d1check.npurunner.NpuRunnerActivity","Awake","164","1","1","10",""
"1791355321065","1791355321732","0|0","MODE_NORMAL","com.example.d1check.npurunner/com.example.d1check.npurunner.NpuRunnerActivity","Awake","162","1","1","10",""
"1791355331069","1791355331747","0|0","MODE_NORMAL","com.example.d1check.npurunner/com.example.d1check.npurunner.NpuRunnerActivity","Awake","175","1","1","10",""
"1791355341066","1791355341732","0|0","MODE_NORMAL","com.example.d1check.npurunner/com.example.d1check.npurunner.NpuRunnerActivity","Awake","163","1","1","10",""
"1791355351067","1791355351718","0|0","MODE_NORMAL","com.example.d1check.npurunner/com.example.d1check.npurunner.NpuRunnerActivity","Awake","143","1","1","10",""
"1791355361066","1791355361773","0|0","MODE_NORMAL","com.example.d1check.npurunner/com.example.d1check.npurunner.NpuRunnerActivity","Awake","209","1","1","10",""
"1791355371062","1791355371803","0|0","MODE_NORMAL","com.example.d1check.npurunner/com.example.d1check.npurunner.NpuRunnerActivity","Awake","230","1","1","10",""
"1791355381059","1791355381730","0|0","MODE_NORMAL","com.example.d1check.npurunner/com.example.d1check.npurunner.NpuRunnerActivity","Awake","162","1","1","10",""
"1791355391066","1791355391777","0|0","MODE_NORMAL","com.example.d1check.npurunner/com.example.d1check.npurunner.NpuRunnerActivity","Awake","193","1","1","10",""
"1791355401083","1791355401818","0|0","MODE_NORMAL","com.example.d1check.npurunner/com.example.d1check.npurunner.NpuRunnerActivity","Awake","217","1","1","10",""
"1791355411066","1791355411840","0|0","MODE_NORMAL","com.example.d1check.npurunner/com.example.d1check.npurunner.NpuRunnerActivity","Awake","257","1","1","10",""
"1791355421062","1791355421786","0|0","MODE_NORMAL","com.example.d1check.npurunner/com.example.d1check.npurunner.NpuRunnerActivity","Awake","210","1","1","10",""
"1791355431065","1791355431817","0|0","MODE_NORMAL","com.example.d1check.npurunner/com.example.d1check.npurunner.NpuRunnerActivity","Awake","242","1","1","10",""
"1791355441070","1791355441858","0|0","MODE_NORMAL","com.example.d1check.npurunner/com.example.d1check.npurunner.NpuRunnerActivity","Awake","275","1","1","10",""
"1791355451066","1791355451789","0|0","MODE_NORMAL","com.example.d1check.npurunner/com.example.d1check.npurunner.NpuRunnerActivity","Awake","213","1","1","10",""
"1791355461063","1791355461823","0|0","MODE_NORMAL","com.example.d1check.npurunner/com.example.d1check.npurunner.NpuRunnerActivity","Awake","260","1","1","10",""
"1791355471073","1791355471845","0|0","MODE_NORMAL","com.example.d1check.npurunner/com.example.d1check.npurunner.NpuRunnerActivity","Awake","253","1","1","10",""
"1791355481058","1791355481727","0|0","MODE_NORMAL","com.example.d1check.npurunner/com.example.d1check.npurunner.NpuRunnerActivity","Awake","164","1","1","10",""
"1791355491067","1791355491747","0|0","MODE_NORMAL","com.example.d1check.npurunner/com.example.d1check.npurunner.NpuRunnerActivity","Awake","164","1","1","10",""
"1791355501086","1791355501779","0|0","MODE_NORMAL","com.example.d1check.npurunner/com.example.d1check.npurunner.NpuRunnerActivity","Awake","172","1","1","10",""
"1791355511069","1791355511759","0|0","MODE_NORMAL","com.example.d1check.npurunner/com.example.d1check.npurunner.NpuRunnerActivity","Awake","180","1","1","10",""
"1791355521072","1791355521751","0|0","MODE_NORMAL","com.example.d1check.npurunner/com.example.d1check.npurunner.NpuRunnerActivity","Awake","180","1","1","10",""
"1791355531073","1791355531748","0|0","MODE_NORMAL","com.example.d1check.npurunner/com.example.d1check.npurunner.NpuRunnerActivity","Awake","164","1","1","10",""
"1791355541065","1791355541728","0|0","MODE_NORMAL","com.example.d1check.npurunner/com.example.d1check.npurunner.NpuRunnerActivity","Awake","164","1","1","10",""
"1791355551071","1791355551719","0|0","MODE_NORMAL","com.example.d1check.npurunner/com.example.d1check.npurunner.NpuRunnerActivity","Awake","140","1","1","10",""
"1791355561058","1791355561723","0|0","MODE_NORMAL","com.example.d1check.npurunner/com.example.d1check.npurunner.NpuRunnerActivity","Awake","164","1","1","10",""
"1791355571062","1791355571734","0|0","MODE_NORMAL","com.example.d1check.npurunner/com.example.d1check.npurunner.NpuRunnerActivity","Awake","161","1","1","10",""
"1791355581060","1791355581724","0|0","MODE_NORMAL","com.example.d1check.npurunner/com.example.d1check.npurunner.NpuRunnerActivity","Awake","145","1","1","10",""
"1791355591068","1791355591776","0|0","MODE_NORMAL","com.example.d1check.npurunner/com.example.d1check.npurunner.NpuRunnerActivity","Awake","195","1","1","10",""
"1791355601059","1791355601713","0|0","MODE_NORMAL","com.example.d1check.npurunner/com.example.d1check.npurunner.NpuRunnerActivity","Awake","146","1","1","10",""
"1791355611072","1791355611753","0|0","MODE_NORMAL","com.example.d1check.npurunner/com.example.d1check.npurunner.NpuRunnerActivity","Awake","178","1","1","10",""
"1791355621063","1791355621776","0|0","MODE_NORMAL","com.example.d1check.npurunner/com.example.d1check.npurunner.NpuRunnerActivity","Awake","209","1","1","10",""
"1791355631065","1791355631792","0|0","MODE_NORMAL","com.example.d1check.npurunner/com.example.d1check.npurunner.NpuRunnerActivity","Awake","226","1","1","10",""
"1791355641062","1791355641844","0|0","MODE_NORMAL","com.example.d1check.npurunner/com.example.d1check.npurunner.NpuRunnerActivity","Awake","274","1","1","10",""
"1791355651073","1791355651757","0|0","MODE_NORMAL","com.example.d1check.npurunner/com.example.d1check.npurunner.NpuRunnerActivity","Awake","177","1","1","10",""
"1791355661065","1791355661742","0|0","MODE_NORMAL","com.example.d1check.npurunner/com.example.d1check.npurunner.NpuRunnerActivity","Awake","171","1","1","10",""
"1791355671063","1791355671854","0|0","MODE_NORMAL","com.example.d1check.npurunner/com.example.d1check.npurunner.NpuRunnerActivity","Awake","273","1","1","10",""
"1791355681068","1791355681788","0|0","MODE_NORMAL","com.example.d1check.npurunner/com.example.d1check.npurunner.NpuRunnerActivity","Awake","210","1","1","10",""
"1791355691073","1791355691822","0|0","MODE_NORMAL","com.example.d1check.npurunner/com.example.d1check.npurunner.NpuRunnerActivity","Awake","242","1","1","10",""
"1791355701062","1791355701855","0|0","MODE_NORMAL","com.example.d1check.npurunner/com.example.d1check.npurunner.NpuRunnerActivity","Awake","261","1","1","10",""
"1791355711065","1791355711775","0|0","MODE_NORMAL","com.example.d1check.npurunner/com.example.d1check.npurunner.NpuRunnerActivity","Awake","195","1","1","10",""
"1791355721066","1791355721828","0|0","MODE_NORMAL","com.example.d1check.npurunner/com.example.d1check.npurunner.NpuRunnerActivity","Awake","244","1","1","10",""
"1791355731070","1791355731839","0|0","MODE_NORMAL","com.example.d1check.npurunner/com.example.d1check.npurunner.NpuRunnerActivity","Awake","248","1","1","10",""
"1791355741058","1791355741771","0|0","MODE_NORMAL","com.example.d1check.npurunner/com.example.d1check.npurunner.NpuRunnerActivity","Awake","211","1","1","10",""
"1791355751064","1791355751791","0|0","MODE_NORMAL","com.example.d1check.npurunner/com.example.d1check.npurunner.NpuRunnerActivity","Awake","213","1","1","10",""
"1791355761061","1791355761826","0|0","MODE_NORMAL","com.example.d1check.npurunner/com.example.d1check.npurunner.NpuRunnerActivity","Awake","261","1","1","10",""
"1791355771063","1791355771755","0|0","MODE_NORMAL","com.example.d1check.npurunner/com.example.d1check.npurunner.NpuRunnerActivity","Awake","180","1","1","10",""
"1791355781063","1791355781790","0|0","MODE_NORMAL","com.example.d1check.npurunner/com.example.d1check.npurunner.NpuRunnerActivity","Awake","218","1","1","10",""
"1791355791066","1791355791719","0|0","MODE_NORMAL","com.example.d1check.npurunner/com.example.d1check.npurunner.NpuRunnerActivity","Awake","149","1","1","10",""
"1791355801057","1791355801713","0|0","MODE_NORMAL","com.example.d1check.npurunner/com.example.d1check.npurunner.NpuRunnerActivity","Awake","149","1","1","10",""
"1791355811066","1791355811803","0|0","MODE_NORMAL","com.example.d1check.npurunner/com.example.d1check.npurunner.NpuRunnerActivity","Awake","229","1","1","10",""
"1791355821068","1791355821738","0|0","MODE_NORMAL","com.example.d1check.npurunner/com.example.d1check.npurunner.NpuRunnerActivity","Awake","164","1","1","10",""
"1791355831065","1791355831713","0|0","MODE_NORMAL","com.example.d1check.npurunner/com.example.d1check.npurunner.NpuRunnerActivity","Awake","130","1","1","10",""
"1791355841069","1791355841715","0|0","MODE_NORMAL","com.example.d1check.npurunner/com.example.d1check.npurunner.NpuRunnerActivity","Awake","128","1","1","10",""
"1791355851072","1791355851717","0|0","MODE_NORMAL","com.example.d1check.npurunner/com.example.d1check.npurunner.NpuRunnerActivity","Awake","128","1","1","10",""
"1791355861073","1791355861724","0|0","MODE_NORMAL","com.example.d1check.npurunner/com.example.d1check.npurunner.NpuRunnerActivity","Awake","123","1","1","10",""
"1791355871073","1791355871741","0|0","MODE_NORMAL","com.example.d1check.npurunner/com.example.d1check.npurunner.NpuRunnerActivity","Awake","137","1","1","10",""
"1791355881067","1791355881732","0|0","MODE_NORMAL","com.example.d1check.npurunner/com.example.d1check.npurunner.NpuRunnerActivity","Awake","162","1","1","10",""
"1791355891067","1791355891780","0|0","MODE_NORMAL","com.example.d1check.npurunner/com.example.d1check.npurunner.NpuRunnerActivity","Awake","208","1","1","10",""
"1791355901068","1791355901710","0|0","MODE_NORMAL","com.example.d1check.npurunner/com.example.d1check.npurunner.NpuRunnerActivity","Awake","129","1","1","10",""
"1791355911066","","","","","","9883","0","0","10","adb_rc_1"
"1791355921060","","","","","","52","0","0","10","adb_rc_1"
"1791355931059","","","","","","42","0","0","10","adb_rc_1"
"1791355941062","","","","","","53","0","0","10","adb_rc_1"
"1791355951060","","","","","","51","0","0","10","adb_rc_1"
"1791355961061","","","","","","33","0","0","10","adb_rc_1"
"1791355971070","","","","","","47","0","0","10","adb_rc_1"
"1791355981066","1791355981810","0|0","MODE_NORMAL","com.example.d1check.npurunner/com.example.d1check.npurunner.NpuRunnerActivity","Awake","224","1","1","10",""
"1791355991064","1791355991824","0|0","MODE_NORMAL","com.example.d1check.npurunner/com.example.d1check.npurunner.NpuRunnerActivity","Awake","242","1","1","10",""
"1791356001058","1791356001748","0|0","MODE_NORMAL","com.example.d1check.npurunner/com.example.d1check.npurunner.NpuRunnerActivity","Awake","176","1","1","10",""
"1791356011062","1791356011828","0|0","MODE_NORMAL","com.example.d1check.npurunner/com.example.d1check.npurunner.NpuRunnerActivity","Awake","258","1","1","10",""
"1791356021059","1791356021717","0|0","MODE_NORMAL","com.example.d1check.npurunner/com.example.d1check.npurunner.NpuRunnerActivity","Awake","147","1","1","10",""
"1791356031068","1791356031757","0|0","MODE_NORMAL","com.example.d1check.npurunner/com.example.d1check.npurunner.NpuRunnerActivity","Awake","181","1","1","10",""
"1791356041068","1791356041992","0|0","MODE_NORMAL","com.example.d1check.npurunner/com.example.d1check.npurunner.NpuRunnerActivity","Awake","419","1","1","10",""
"1791356051060","1791356051855","0|0","MODE_NORMAL","com.example.d1check.npurunner/com.example.d1check.npurunner.NpuRunnerActivity","Awake","293","1","1","10",""
"1791356061063","1791356061802","0|0","MODE_NORMAL","com.example.d1check/com.example.d1check.MainActivity","Awake","229","1","1","10",""
"1791356071064","1791356071853","0|0","MODE_NORMAL","com.example.d1check/com.example.d1check.MainActivity","Awake","275","1","1","10",""
"1791356081063","1791356081869","0|0","MODE_NORMAL","com.example.d1check/com.example.d1check.MainActivity","Awake","293","1","1","10",""
"1791356091073","1791356091794","0|0","MODE_NORMAL","com.example.d1check/com.example.d1check.MainActivity","Awake","213","1","1","10",""
"1791356101068","1791356101820","0|0","MODE_NORMAL","com.example.d1check/com.example.d1check.MainActivity","Awake","242","1","1","10",""
"1791356111070","1791356111860","0|0","MODE_NORMAL","com.example.d1check/com.example.d1check.MainActivity","Awake","276","1","1","10",""
"1791356121067","1791356121737","0|0","MODE_NORMAL","com.example.d1check/com.example.d1check.MainActivity","Awake","161","1","1","10",""
"1791356131069","1791356131818","0|0","MODE_NORMAL","com.example.d1check/com.example.d1check.MainActivity","Awake","245","1","1","10",""
"1791356141065","1791356141773","0|0","MODE_NORMAL","com.example.d1check/com.example.d1check.MainActivity","Awake","196","1","1","10",""
"1791356151059","1791356151783","0|0","MODE_NORMAL","com.example.d1check/com.example.d1check.MainActivity","Awake","213","1","1","10",""
"1791356161062","1791356161822","0|0","MODE_NORMAL","com.example.d1check/com.example.d1check.MainActivity","Awake","244","1","1","10",""
"1791356171073","1791356171866","0|0","MODE_NORMAL","com.example.d1check/com.example.d1check.MainActivity","Awake","278","1","1","10",""
"1791356181068","1791356181811","0|0","MODE_NORMAL","com.example.d1check/com.example.d1check.MainActivity","Awake","228","1","1","10",""
"1791356191066","1791356191816","0|0","MODE_NORMAL","com.example.d1check/com.example.d1check.MainActivity","Awake","227","1","1","10",""
"1791356201064","1791356201801","0|0","MODE_NORMAL","com.example.d1check/com.example.d1check.MainActivity","Awake","229","1","1","10",""
"1791356211060","1791356211754","0|0","MODE_NORMAL","com.example.d1check/com.example.d1check.MainActivity","Awake","179","1","1","10",""
"1791356221061","1791356221847","0|0","MODE_NORMAL","com.example.d1check/com.example.d1check.MainActivity","Awake","274","1","1","10",""
"1791356231059","1791356231777","0|0","MODE_NORMAL","com.example.d1check/com.example.d1check.MainActivity","Awake","209","1","1","10",""
"1791356241072","1791356241906","0|0","MODE_NORMAL","com.example.d1check/com.example.d1check.MainActivity","Awake","325","1","1","10",""
"1791356251065","1791356251836","0|0","MODE_NORMAL","com.example.d1check/com.example.d1check.MainActivity","Awake","258","1","1","10",""
"1791356261070","1791356261788","0|0","MODE_NORMAL","com.example.d1check/com.example.d1check.MainActivity","Awake","210","1","1","10",""
"1791356271069","1791356271838","0|0","MODE_NORMAL","com.example.d1check/com.example.d1check.MainActivity","Awake","260","1","1","10",""
"1791356281063","1791356281867","0|0","MODE_NORMAL","com.example.d1check/com.example.d1check.MainActivity","Awake","295","1","1","10",""
"1791356291059","1791356291788","0|0","MODE_NORMAL","com.example.d1check/com.example.d1check.MainActivity","Awake","211","1","1","10",""
"1791356301061","1791356301845","0|0","MODE_NORMAL","com.example.d1check/com.example.d1check.MainActivity","Awake","274","1","1","10",""
"1791356311075","1791356311853","0|0","MODE_NORMAL","com.example.d1check/com.example.d1check.MainActivity","Awake","257","1","1","10",""
"1791356321063","1791356321775","0|0","MODE_NORMAL","com.example.d1check/com.example.d1check.MainActivity","Awake","196","1","1","10",""
"1791356331064","1791356331803","0|0","MODE_NORMAL","com.example.d1check/com.example.d1check.MainActivity","Awake","230","1","1","10",""
"1791356341067","1791356341853","0|0","MODE_NORMAL","com.example.d1check/com.example.d1check.MainActivity","Awake","277","1","1","10",""
"1791356351058","1791356351783","0|0","MODE_NORMAL","com.example.d1check/com.example.d1check.MainActivity","Awake","215","1","1","10",""
"1791356361061","1791356361909","0|0","MODE_NORMAL","com.example.d1check/com.example.d1check.MainActivity","Awake","326","1","1","10",""
"1791356371072","1791356371866","0|0","MODE_NORMAL","com.example.d1check/com.example.d1check.MainActivity","Awake","274","1","1","10",""
"1791356381069","1791356381801","0|0","MODE_NORMAL","com.example.d1check/com.example.d1check.MainActivity","Awake","231","1","1","10",""
"1791356391074","1791356391844","0|0","MODE_NORMAL","com.example.d1check/com.example.d1check.MainActivity","Awake","262","1","1","10",""
"1791356401073","1791356401838","0|0","MODE_NORMAL","com.example.d1check/com.example.d1check.MainActivity","Awake","245","1","1","10",""
"1791356411071","1791356411788","0|0","MODE_NORMAL","com.example.d1check/com.example.d1check.MainActivity","Awake","196","1","1","10",""
"1791356421072","1791356421851","0|0","MODE_NORMAL","com.example.d1check/com.example.d1check.MainActivity","Awake","260","1","1","10",""
"1791356431059","1791356431941","0|0","MODE_NORMAL","com.example.d1check/com.example.d1check.MainActivity","Awake","355","1","1","10",""
"1791356441059","1791356441782","0|0","MODE_NORMAL","com.example.d1check/com.example.d1check.MainActivity","Awake","213","1","1","10",""
"1791356451059","1791356451828","0|0","MODE_NORMAL","com.example.d1check/com.example.d1check.MainActivity","Awake","256","1","1","10",""
"1791356461067","1791356461855","0|0","MODE_NORMAL","com.example.d1check/com.example.d1check.MainActivity","Awake","278","1","1","10",""
"1791356471073","1791356471758","0|0","MODE_NORMAL","com.example.d1check/com.example.d1check.MainActivity","Awake","164","1","1","10",""
"1791356481064","1791356481837","0|0","MODE_NORMAL","com.example.d1check/com.example.d1check.MainActivity","Awake","260","1","1","10",""
"1791356491061","1791356491769","0|0","MODE_NORMAL","com.example.d1check/com.example.d1check.MainActivity","Awake","198","1","1","10",""
"1791356501062","1791356501824","0|0","MODE_NORMAL","com.example.d1check/com.example.d1check.MainActivity","Awake","246","1","1","10",""
"1791356511068","1791356511835","0|0","MODE_NORMAL","com.example.d1check/com.example.d1check.MainActivity","Awake","260","1","1","10",""
"1791356521061","1791356521739","0|0","MODE_NORMAL","com.example.d1check/com.example.d1check.MainActivity","Awake","164","1","1","10",""
"1791356531069","1791356531798","0|0","MODE_NORMAL","com.example.d1check/com.example.d1check.MainActivity","Awake","210","1","1","10",""
"1791356541069","1791356541853","0|0","MODE_NORMAL","com.example.d1check/com.example.d1check.MainActivity","Awake","277","1","1","10",""
"1791356551063","1791356551784","0|0","MODE_NORMAL","com.example.d1check/com.example.d1check.MainActivity","Awake","214","1","1","10",""
"1791356561071","1791356561807","0|0","MODE_NORMAL","com.example.d1check/com.example.d1check.MainActivity","Awake","210","1","1","10",""
"1791356571066","1791356571859","0|0","MODE_NORMAL","com.example.d1check/com.example.d1check.MainActivity","Awake","276","1","1","10",""
"1791356581067","1791356581769","0|0","MODE_NORMAL","com.example.d1check/com.example.d1check.MainActivity","Awake","181","1","1","10",""
"1791356591070","1791356591816","0|0","MODE_NORMAL","com.example.d1check/com.example.d1check.MainActivity","Awake","225","1","1","10",""
"1791356601060","1791356601745","0|0","MODE_NORMAL","com.example.d1check/com.example.d1check.MainActivity","Awake","164","1","1","10",""
"1791356611064","1791356611774","0|0","MODE_NORMAL","com.example.d1check/com.example.d1check.MainActivity","Awake","195","1","1","10",""
"1791356621068","1791356621790","0|0","MODE_NORMAL","com.example.d1check/com.example.d1check.MainActivity","Awake","212","1","1","10",""
"1791356631068","1791356631846","0|0","MODE_NORMAL","com.example.d1check/com.example.d1check.MainActivity","Awake","261","1","1","10",""
"1791356641072","1791356641779","0|0","MODE_NORMAL","com.example.d1check/com.example.d1check.MainActivity","Awake","196","1","1","10",""
"1791356651062","1791356651816","0|0","MODE_NORMAL","com.example.d1check/com.example.d1check.MainActivity","Awake","243","1","1","10",""
"1791356661064","1791356661865","0|0","MODE_NORMAL","com.example.d1check/com.example.d1check.MainActivity","Awake","275","1","1","10",""
"1791356671068","1791356671772","0|0","MODE_NORMAL","com.example.d1check/com.example.d1check.MainActivity","Awake","180","1","1","10",""
"1791356681073","1791356681811","0|0","MODE_NORMAL","com.example.d1check/com.example.d1check.MainActivity","Awake","230","1","1","10",""
"1791356691070","1791356691846","0|0","MODE_NORMAL","com.example.d1check/com.example.d1check.MainActivity","Awake","259","1","1","10",""
"1791356701064","1791356701776","0|0","MODE_NORMAL","com.example.d1check/com.example.d1check.MainActivity","Awake","196","1","1","10",""
"1791356711067","1791356711812","0|0","MODE_NORMAL","com.example.d1check/com.example.d1check.MainActivity","Awake","229","1","1","10",""
"1791356721066","1791356721741","0|0","MODE_NORMAL","com.example.d1check/com.example.d1check.MainActivity","Awake","150","1","1","10",""
"1791356731070","1791356731755","0|0","MODE_NORMAL","com.example.d1check/com.example.d1check.MainActivity","Awake","162","1","1","10",""
"1791356741071","1791356741832","0|0","MODE_NORMAL","com.example.d1check/com.example.d1check.MainActivity","Awake","244","1","1","10",""
"1791356751059","1791356751871","0|0","MODE_NORMAL","com.example.d1check/com.example.d1check.MainActivity","Awake","293","1","1","10",""
"1791356761070","1791356761791","0|0","MODE_NORMAL","com.example.d1check/com.example.d1check.MainActivity","Awake","198","1","1","10",""
"1791356771064","1791356771832","0|0","MODE_NORMAL","com.example.d1check/com.example.d1check.MainActivity","Awake","233","1","1","10",""
"1791356781073","1791356781887","0|0","MODE_NORMAL","com.example.d1check/com.example.d1check.MainActivity","Awake","294","1","1","10",""
"1791356791071","1791356791826","0|0","MODE_NORMAL","com.example.d1check/com.example.d1check.MainActivity","Awake","245","1","1","10",""
"1791356801068","1791356801867","0|0","MODE_NORMAL","com.example.d1check/com.example.d1check.MainActivity","Awake","277","1","1","10",""
"1791356811070","1791356811857","0|0","MODE_NORMAL","com.example.d1check/com.example.d1check.MainActivity","Awake","258","1","1","10",""
"1791356821062","1791356821830","0|0","MODE_NORMAL","com.example.d1check/com.example.d1check.MainActivity","Awake","245","1","1","10",""
"1791356831072","1791356831779","0|0","MODE_NORMAL","com.example.d1check/com.example.d1check.MainActivity","Awake","198","1","1","10",""
"1791356841060","1791356841879","0|0","MODE_NORMAL","com.example.d1check/com.example.d1check.MainActivity","Awake","308","1","1","10",""
"1791356851065","1791356851791","0|0","MODE_NORMAL","com.example.d1check/com.example.d1check.MainActivity","Awake","213","1","1","10",""
"1791356861058","1791356861839","0|0","MODE_NORMAL","com.example.d1check/com.example.d1check.MainActivity","Awake","259","1","1","10",""
"1791356871058","1791356871776","0|0","MODE_NORMAL","com.example.d1check/com.example.d1check.MainActivity","Awake","199","1","1","10",""
"1791356881060","1791356881817","0|0","MODE_NORMAL","com.example.d1check/com.example.d1check.MainActivity","Awake","224","1","1","10",""
"1791356891065","1791356891885","0|0","MODE_NORMAL","com.example.d1check/com.example.d1check.MainActivity","Awake","310","1","1","10",""
"1791356901069","1791356901904","0|0","MODE_NORMAL","com.example.d1check/com.example.d1check.MainActivity","Awake","306","1","1","10",""
"1791356911058","1791356911736","0|0","MODE_NORMAL","com.example.d1check/com.example.d1check.MainActivity","Awake","166","1","1","10",""
"1791356921060","1791356921869","0|0","MODE_NORMAL","com.example.d1check/com.example.d1check.MainActivity","Awake","278","1","1","10",""
"1791356931069","1791356931778","0|0","MODE_NORMAL","com.example.d1check/com.example.d1check.MainActivity","Awake","194","1","1","10",""
"1791356941065","1791356941816","0|0","MODE_NORMAL","com.example.d1check/com.example.d1check.MainActivity","Awake","230","1","1","10",""
"1791356951063","1791356951830","0|0","MODE_NORMAL","com.example.d1check/com.example.d1check.MainActivity","Awake","240","1","1","10",""
"1791356961060","1791356961778","0|0","MODE_NORMAL","com.example.d1check/com.example.d1check.MainActivity","Awake","195","1","1","10",""
"1791356971071","1791356971796","0|0","MODE_NORMAL","com.example.d1check/com.example.d1check.MainActivity","Awake","195","1","1","10",""
"1791356981065","1791356981844","0|0","MODE_NORMAL","com.example.d1check/com.example.d1check.MainActivity","Awake","261","1","1","10",""
"1791356991067","1791356991773","0|0","MODE_NORMAL","com.example.d1check/com.example.d1check.MainActivity","Awake","198","1","1","10",""
"1791357001062","1791357001821","0|0","MODE_NORMAL","com.example.d1check/com.example.d1check.MainActivity","Awake","244","1","1","10",""
"1791357011068","1791357011850","0|0","MODE_NORMAL","com.example.d1check/com.example.d1check.MainActivity","Awake","259","1","1","10",""
"1791357021066","1791357021799","0|0","MODE_NORMAL","com.example.d1check/com.example.d1check.MainActivity","Awake","213","1","1","10",""
"1791357031071","1791357031765","0|0","MODE_NORMAL","com.example.d1check/com.example.d1check.MainActivity","Awake","180","1","1","10",""
"1791357041066","1791357041859","0|0","MODE_NORMAL","com.example.d1check/com.example.d1check.MainActivity","Awake","277","1","1","10",""
"1791357051070","1791357051791","0|0","MODE_NORMAL","com.example.d1check/com.example.d1check.MainActivity","Awake","197","1","1","10",""
"1791357061070","1791357061823","0|0","MODE_NORMAL","com.example.d1check/com.example.d1check.MainActivity","Awake","246","1","1","10",""
"1791357071058","1791357071869","0|0","MODE_NORMAL","com.example.d1check/com.example.d1check.MainActivity","Awake","293","1","1","10",""
"1791357081060","1791357081793","0|0","MODE_NORMAL","com.example.d1check/com.example.d1check.MainActivity","Awake","214","1","1","10",""
"1791357091062","1791357091815","0|0","MODE_NORMAL","com.example.d1check/com.example.d1check.MainActivity","Awake","228","1","1","10",""
"1791357101058","1791357101875","0|0","MODE_NORMAL","com.example.d1check/com.example.d1check.MainActivity","Awake","307","1","1","10",""
"1791357111067","1791357111788","0|0","MODE_NORMAL","com.example.d1check/com.example.d1check.MainActivity","Awake","195","1","1","10",""
"1791357121069","1791357121840","0|0","MODE_NORMAL","com.example.d1check/com.example.d1check.MainActivity","Awake","245","1","1","10",""
"1791357131073","1791357131846","0|0","MODE_NORMAL","com.example.d1check/com.example.d1check.MainActivity","Awake","247","1","1","10",""
"1791357141062","1791357141804","0|0","MODE_NORMAL","com.example.d1check/com.example.d1check.MainActivity","Awake","228","1","1","10",""
"1791357151066","1791357151820","0|0","MODE_NORMAL","com.example.d1check/com.example.d1check.MainActivity","Awake","229","1","1","10",""
"1791357161071","1791357161875","0|0","MODE_NORMAL","com.example.d1check/com.example.d1check.MainActivity","Awake","294","1","1","10",""
"1791357171067","1791357171781","0|0","MODE_NORMAL","com.example.d1check/com.example.d1check.MainActivity","Awake","197","1","1","10",""
"1791357181059","1791357181837","0|0","MODE_NORMAL","com.example.d1check/com.example.d1check.MainActivity","Awake","260","1","1","10",""
"1791357191070","1791357191861","0|0","MODE_NORMAL","com.example.d1check/com.example.d1check.MainActivity","Awake","261","1","1","10",""
"1791357201071","1791357201743","0|0","MODE_NORMAL","com.example.d1check.npurunner/com.example.d1check.npurunner.NpuRunnerActivity","Awake","149","1","1","10",""
"1791357211073","1791357211763","0|0","MODE_NORMAL","com.example.d1check.npurunner/com.example.d1check.npurunner.NpuRunnerActivity","Awake","164","1","1","10",""
"1791357221062","1791357221751","0|0","MODE_NORMAL","com.example.d1check.npurunner/com.example.d1check.npurunner.NpuRunnerActivity","Awake","163","1","1","10",""
"1791357231063","1791357231739","0|0","MODE_NORMAL","com.example.d1check.npurunner/com.example.d1check.npurunner.NpuRunnerActivity","Awake","147","1","1","10",""
"1791357241069","1791357241746","0|0","MODE_NORMAL","com.example.d1check.npurunner/com.example.d1check.npurunner.NpuRunnerActivity","Awake","166","1","1","10",""
"1791357251066","1791357251739","0|0","MODE_NORMAL","com.example.d1check.npurunner/com.example.d1check.npurunner.NpuRunnerActivity","Awake","148","1","1","10",""
"1791357261063","1791357261762","0|0","MODE_NORMAL","com.example.d1check.npurunner/com.example.d1check.npurunner.NpuRunnerActivity","Awake","180","1","1","10",""
"1791357271059","1791357271701","0|0","MODE_NORMAL","com.example.d1check.npurunner/com.example.d1check.npurunner.NpuRunnerActivity","Awake","131","1","1","10",""
"1791357281071","1791357281747","0|0","MODE_NORMAL","com.example.d1check.npurunner/com.example.d1check.npurunner.NpuRunnerActivity","Awake","144","1","1","10",""
"1791357291064","1791357291782","0|0","MODE_NORMAL","com.example.d1check.npurunner/com.example.d1check.npurunner.NpuRunnerActivity","Awake","193","1","1","10",""
"1791357301069","1791357301818","0|0","MODE_NORMAL","com.example.d1check.npurunner/com.example.d1check.npurunner.NpuRunnerActivity","Awake","227","1","1","10",""
"1791357311065","1791357311750","0|0","MODE_NORMAL","com.example.d1check.npurunner/com.example.d1check.npurunner.NpuRunnerActivity","Awake","162","1","1","10",""
"1791357321065","1791357321791","0|0","MODE_NORMAL","com.example.d1check.npurunner/com.example.d1check.npurunner.NpuRunnerActivity","Awake","214","1","1","10",""
"1791357331070","1791357331843","0|0","MODE_NORMAL","com.example.d1check.npurunner/com.example.d1check.npurunner.NpuRunnerActivity","Awake","235","1","1","10",""
"1791357341067","1791357341769","0|0","MODE_NORMAL","com.example.d1check.npurunner/com.example.d1check.npurunner.NpuRunnerActivity","Awake","182","1","1","10",""
"1791357351070","1791357351790","0|0","MODE_NORMAL","com.example.d1check.npurunner/com.example.d1check.npurunner.NpuRunnerActivity","Awake","198","1","1","10",""
"1791357361071","1791357361827","0|0","MODE_NORMAL","com.example.d1check.npurunner/com.example.d1check.npurunner.NpuRunnerActivity","Awake","240","1","1","10",""
"1791357371070","1791357371756","0|0","MODE_NORMAL","com.example.d1check.npurunner/com.example.d1check.npurunner.NpuRunnerActivity","Awake","164","1","1","10",""
"1791357381059","1791357381796","0|0","MODE_NORMAL","com.example.d1check.npurunner/com.example.d1check.npurunner.NpuRunnerActivity","Awake","211","1","1","10",""
"1791357391062","1791357391716","0|0","MODE_NORMAL","com.example.d1check.npurunner/com.example.d1check.npurunner.NpuRunnerActivity","Awake","130","1","1","10",""
"1791357401061","1791357401756","0|0","MODE_NORMAL","com.example.d1check.npurunner/com.example.d1check.npurunner.NpuRunnerActivity","Awake","166","1","1","10",""
"1791357411073","1791357411796","0|0","MODE_NORMAL","com.example.d1check.npurunner/com.example.d1check.npurunner.NpuRunnerActivity","Awake","212","1","1","10",""
"1791357421061","1791357421774","0|0","MODE_NORMAL","com.example.d1check.npurunner/com.example.d1check.npurunner.NpuRunnerActivity","Awake","196","1","1","10",""
"1791357431066","1791357431726","0|0","MODE_NORMAL","com.example.d1check.npurunner/com.example.d1check.npurunner.NpuRunnerActivity","Awake","146","1","1","10",""
"1791357441064","1791357441731","0|0","MODE_NORMAL","com.example.d1check.npurunner/com.example.d1check.npurunner.NpuRunnerActivity","Awake","149","1","1","10",""
"1791357451071","1791357451737","0|0","MODE_NORMAL","com.example.d1check.npurunner/com.example.d1check.npurunner.NpuRunnerActivity","Awake","146","1","1","10",""
"1791357461069","1791357461732","0|0","MODE_NORMAL","com.example.d1check.npurunner/com.example.d1check.npurunner.NpuRunnerActivity","Awake","132","1","1","10",""
"1791357471071","1791357471721","0|0","MODE_NORMAL","com.example.d1check.npurunner/com.example.d1check.npurunner.NpuRunnerActivity","Awake","131","1","1","10",""
"1791357481073","1791357481740","0|0","MODE_NORMAL","com.example.d1check.npurunner/com.example.d1check.npurunner.NpuRunnerActivity","Awake","146","1","1","10",""
"1791357491072","1791357491773","0|0","MODE_NORMAL","com.example.d1check.npurunner/com.example.d1check.npurunner.NpuRunnerActivity","Awake","178","1","1","10",""
"1791357501059","1791357501811","0|0","MODE_NORMAL","com.example.d1check.npurunner/com.example.d1check.npurunner.NpuRunnerActivity","Awake","244","1","1","10",""
"1791357511063","1791357511741","0|0","MODE_NORMAL","com.example.d1check.npurunner/com.example.d1check.npurunner.NpuRunnerActivity","Awake","160","1","1","10",""
"1791357521070","1791357521772","0|0","MODE_NORMAL","com.example.d1check.npurunner/com.example.d1check.npurunner.NpuRunnerActivity","Awake","160","1","1","10",""
"1791357531058","1791357531912","0|0","MODE_NORMAL","com.example.d1check.npurunner/com.example.d1check.npurunner.NpuRunnerActivity","Awake","321","1","1","10",""
"1791357541068","1791357541759","0|0","MODE_NORMAL","com.example.d1check.npurunner/com.example.d1check.npurunner.NpuRunnerActivity","Awake","162","1","1","10",""
"1791357551065","1791357551785","0|0","MODE_NORMAL","com.example.d1check.npurunner/com.example.d1check.npurunner.NpuRunnerActivity","Awake","182","1","1","10",""
"1791357561069","1791357561818","0|0","MODE_NORMAL","com.example.d1check.npurunner/com.example.d1check.npurunner.NpuRunnerActivity","Awake","231","1","1","10",""
"1791357571065","1791357571722","0|0","MODE_NORMAL","com.example.d1check.npurunner/com.example.d1check.npurunner.NpuRunnerActivity","Awake","132","1","1","10",""
"1791357581066","1791357581770","0|0","MODE_NORMAL","com.example.d1check.npurunner/com.example.d1check.npurunner.NpuRunnerActivity","Awake","181","1","1","10",""
"1791357591056","1791357591759","0|0","MODE_NORMAL","com.example.d1check.npurunner/com.example.d1check.npurunner.NpuRunnerActivity","Awake","164","1","1","10",""
"1791357601060","1791357601770","0|0","MODE_NORMAL","com.example.d1check.npurunner/com.example.d1check.npurunner.NpuRunnerActivity","Awake","179","1","1","10",""
"1791357611067","1791357611767","0|0","MODE_NORMAL","com.example.d1check.npurunner/com.example.d1check.npurunner.NpuRunnerActivity","Awake","181","1","1","10",""
"1791357621060","1791357621747","0|0","MODE_NORMAL","com.example.d1check.npurunner/com.example.d1check.npurunner.NpuRunnerActivity","Awake","165","1","1","10",""
"1791357631066","1791357631732","0|0","MODE_NORMAL","com.example.d1check.npurunner/com.example.d1check.npurunner.NpuRunnerActivity","Awake","148","1","1","10",""
"1791357641060","1791357641767","0|0","MODE_NORMAL","com.example.d1check.npurunner/com.example.d1check.npurunner.NpuRunnerActivity","Awake","180","1","1","10",""
"1791357651067","1791357651744","0|0","MODE_NORMAL","com.example.d1check.npurunner/com.example.d1check.npurunner.NpuRunnerActivity","Awake","147","1","1","10",""
"1791357661058","1791357661758","0|0","MODE_NORMAL","com.example.d1check.npurunner/com.example.d1check.npurunner.NpuRunnerActivity","Awake","176","1","1","10",""
"1791357671071","1791357671736","0|0","MODE_NORMAL","com.example.d1check.npurunner/com.example.d1check.npurunner.NpuRunnerActivity","Awake","147","1","1","10",""
"1791357681068","1791357681754","0|0","MODE_NORMAL","com.example.d1check.npurunner/com.example.d1check.npurunner.NpuRunnerActivity","Awake","162","1","1","10",""
"1791357691059","1791357691738","0|0","MODE_NORMAL","com.example.d1check.npurunner/com.example.d1check.npurunner.NpuRunnerActivity","Awake","146","1","1","10",""
"1791357701070","1791357701817","0|0","MODE_NORMAL","com.example.d1check.npurunner/com.example.d1check.npurunner.NpuRunnerActivity","Awake","226","1","1","10",""
"1791357711064","1791357711852","0|0","MODE_NORMAL","com.example.d1check.npurunner/com.example.d1check.npurunner.NpuRunnerActivity","Awake","257","1","1","10",""
"1791357721059","1791357721800","0|0","MODE_NORMAL","com.example.d1check.npurunner/com.example.d1check.npurunner.NpuRunnerActivity","Awake","209","1","1","10",""
"1791357731058","1791357731820","0|0","MODE_NORMAL","com.example.d1check.npurunner/com.example.d1check.npurunner.NpuRunnerActivity","Awake","241","1","1","10",""
"1791357741063","1791357741865","0|0","MODE_NORMAL","com.example.d1check.npurunner/com.example.d1check.npurunner.NpuRunnerActivity","Awake","273","1","1","10",""
"1791357751069","1791357751756","0|0","MODE_NORMAL","com.example.d1check.npurunner/com.example.d1check.npurunner.NpuRunnerActivity","Awake","163","1","1","10",""
"1791357761062","1791357761815","0|0","MODE_NORMAL","com.example.d1check.npurunner/com.example.d1check.npurunner.NpuRunnerActivity","Awake","225","1","1","10",""
"1791357771069","1791357771860","0|0","MODE_NORMAL","com.example.d1check.npurunner/com.example.d1check.npurunner.NpuRunnerActivity","Awake","259","1","1","10",""
"1791357781067","1791357781799","0|0","MODE_NORMAL","com.example.d1check.npurunner/com.example.d1check.npurunner.NpuRunnerActivity","Awake","210","1","1","10",""
"1791357791064","1791357791818","0|0","MODE_NORMAL","com.example.d1check.npurunner/com.example.d1check.npurunner.NpuRunnerActivity","Awake","231","1","1","10",""
"1791357801071","1791357801897","0|0","MODE_NORMAL","com.example.d1check.npurunner/com.example.d1check.npurunner.NpuRunnerActivity","Awake","293","1","1","10",""
"1791357811060","1791357811782","0|0","MODE_NORMAL","com.example.d1check.npurunner/com.example.d1check.npurunner.NpuRunnerActivity","Awake","196","1","1","10",""
"1791357821066","1791357821761","0|0","MODE_NORMAL","com.example.d1check.npurunner/com.example.d1check.npurunner.NpuRunnerActivity","Awake","164","1","1","10",""
"1791357831060","1791357831761","0|0","MODE_NORMAL","com.example.d1check.npurunner/com.example.d1check.npurunner.NpuRunnerActivity","Awake","182","1","1","10",""
"1791357841060","1791357841729","0|0","MODE_NORMAL","com.example.d1check.npurunner/com.example.d1check.npurunner.NpuRunnerActivity","Awake","146","1","1","10",""
"1791357851069","1791357851738","0|0","MODE_NORMAL","com.example.d1check.npurunner/com.example.d1check.npurunner.NpuRunnerActivity","Awake","148","1","1","10",""
"1791357861073","1791357861743","0|0","MODE_NORMAL","com.example.d1check.npurunner/com.example.d1check.npurunner.NpuRunnerActivity","Awake","149","1","1","10",""
"1791357871062","1791357871731","0|0","MODE_NORMAL","com.example.d1check.npurunner/com.example.d1check.npurunner.NpuRunnerActivity","Awake","148","1","1","10",""
"1791357881064","1791357881740","0|0","MODE_NORMAL","com.example.d1check.npurunner/com.example.d1check.npurunner.NpuRunnerActivity","Awake","150","1","1","10",""
"1791357891060","1791357891729","0|0","MODE_NORMAL","com.example.d1check.npurunner/com.example.d1check.npurunner.NpuRunnerActivity","Awake","142","1","1","10",""
"1791357901064","1791357901740","0|0","MODE_NORMAL","com.example.d1check.npurunner/com.example.d1check.npurunner.NpuRunnerActivity","Awake","151","1","1","10",""
"1791357911065","1791357911834","0|0","MODE_NORMAL","com.example.d1check.npurunner/com.example.d1check.npurunner.NpuRunnerActivity","Awake","235","1","1","10",""
"1791357921072","1791357921891","0|0","MODE_NORMAL","com.example.d1check.npurunner/com.example.d1check.npurunner.NpuRunnerActivity","Awake","301","1","1","10",""
"1791357931058","1791357931775","0|0","MODE_NORMAL","com.example.d1check.npurunner/com.example.d1check.npurunner.NpuRunnerActivity","Awake","193","1","1","10",""
"1791357941067","1791357941833","0|0","MODE_NORMAL","com.example.d1check.npurunner/com.example.d1check.npurunner.NpuRunnerActivity","Awake","234","1","1","10",""
"1791357951072","1791357951864","0|0","MODE_NORMAL","com.example.d1check.npurunner/com.example.d1check.npurunner.NpuRunnerActivity","Awake","262","1","1","10",""
"1791357961061","1791357961822","0|0","MODE_NORMAL","com.example.d1check.npurunner/com.example.d1check.npurunner.NpuRunnerActivity","Awake","236","1","1","10",""
"1791357971071","1791357971840","0|0","MODE_NORMAL","com.example.d1check.npurunner/com.example.d1check.npurunner.NpuRunnerActivity","Awake","248","1","1","10",""
"1791357981070","1791357981989","0|0","MODE_NORMAL","com.example.d1check.npurunner/com.example.d1check.npurunner.NpuRunnerActivity","Awake","385","1","1","10",""
"1791357991062","1791357991815","0|0","MODE_NORMAL","com.example.d1check.npurunner/com.example.d1check.npurunner.NpuRunnerActivity","Awake","231","1","1","10",""
"1791358001061","1791358001861","0|0","MODE_NORMAL","com.example.d1check.npurunner/com.example.d1check.npurunner.NpuRunnerActivity","Awake","269","1","1","10",""
"1791358011060","1791358011805","0|0","MODE_NORMAL","com.example.d1check.npurunner/com.example.d1check.npurunner.NpuRunnerActivity","Awake","212","1","1","10",""
"1791358021058","1791358021915","0|0","MODE_NORMAL","com.example.d1check.npurunner/com.example.d1check.npurunner.NpuRunnerActivity","Awake","322","1","1","10",""
"1791358031072","1791358031790","0|0","MODE_NORMAL","com.example.d1check.npurunner/com.example.d1check.npurunner.NpuRunnerActivity","Awake","175","1","1","10",""
"1791358041071","1791358041808","0|0","MODE_NORMAL","com.example.d1check.npurunner/com.example.d1check.npurunner.NpuRunnerActivity","Awake","213","1","1","10",""
"1791358051067","1791358051744","0|0","MODE_NORMAL","com.example.d1check.npurunner/com.example.d1check.npurunner.NpuRunnerActivity","Awake","160","1","1","10",""
"1791358061068","1791358061772","0|0","MODE_NORMAL","com.example.d1check.npurunner/com.example.d1check.npurunner.NpuRunnerActivity","Awake","180","1","1","10",""
"1791358071063","1791358071762","0|0","MODE_NORMAL","com.example.d1check.npurunner/com.example.d1check.npurunner.NpuRunnerActivity","Awake","181","1","1","10",""
"1791358081066","1791358081740","0|0","MODE_NORMAL","com.example.d1check.npurunner/com.example.d1check.npurunner.NpuRunnerActivity","Awake","147","1","1","10",""
"1791358091060","1791358091724","0|0","MODE_NORMAL","com.example.d1check.npurunner/com.example.d1check.npurunner.NpuRunnerActivity","Awake","133","1","1","10",""
"1791358101066","1791358101749","0|0","MODE_NORMAL","com.example.d1check.npurunner/com.example.d1check.npurunner.NpuRunnerActivity","Awake","162","1","1","10",""
"1791358111068","1791358111739","0|0","MODE_NORMAL","com.example.d1check.npurunner/com.example.d1check.npurunner.NpuRunnerActivity","Awake","144","1","1","10",""
"1791358121070","1791358121859","0|0","MODE_NORMAL","com.example.d1check.npurunner/com.example.d1check.npurunner.NpuRunnerActivity","Awake","243","1","1","10",""
"1791358131064","1791358131791","0|0","MODE_NORMAL","com.example.d1check.npurunner/com.example.d1check.npurunner.NpuRunnerActivity","Awake","193","1","1","10",""
"1791358141060","1791358141820","0|0","MODE_NORMAL","com.example.d1check.npurunner/com.example.d1check.npurunner.NpuRunnerActivity","Awake","228","1","1","10",""
"1791358151073","1791358151857","0|0","MODE_NORMAL","com.example.d1check.npurunner/com.example.d1check.npurunner.NpuRunnerActivity","Awake","258","1","1","10",""
"1791358161069","1791358161789","0|0","MODE_NORMAL","com.example.d1check.npurunner/com.example.d1check.npurunner.NpuRunnerActivity","Awake","177","1","1","10",""
"1791358171069","1791358171845","0|0","MODE_NORMAL","com.example.d1check.npurunner/com.example.d1check.npurunner.NpuRunnerActivity","Awake","241","1","1","10",""
"1791358181073","1791358181770","0|0","MODE_NORMAL","com.example.d1check.npurunner/com.example.d1check.npurunner.NpuRunnerActivity","Awake","162","1","1","10",""
"1791358191058","1791358191780","0|0","MODE_NORMAL","com.example.d1check.npurunner/com.example.d1check.npurunner.NpuRunnerActivity","Awake","196","1","1","10",""
"1791358201070","1791358201807","0|0","MODE_NORMAL","com.example.d1check.npurunner/com.example.d1check.npurunner.NpuRunnerActivity","Awake","211","1","1","10",""
"1791358211069","1791358211749","0|0","MODE_NORMAL","com.example.d1check.npurunner/com.example.d1check.npurunner.NpuRunnerActivity","Awake","149","1","1","10",""
"1791358221069","1791358221757","0|0","MODE_NORMAL","com.example.d1check.npurunner/com.example.d1check.npurunner.NpuRunnerActivity","Awake","164","1","1","10",""
"1791358231066","1791358231822","0|0","MODE_NORMAL","com.example.d1check.npurunner/com.example.d1check.npurunner.NpuRunnerActivity","Awake","227","1","1","10",""
"1791358241067","1791358241743","0|0","MODE_NORMAL","com.example.d1check.npurunner/com.example.d1check.npurunner.NpuRunnerActivity","Awake","145","1","1","10",""
"1791358251061","1791358251776","0|0","MODE_NORMAL","com.example.d1check.npurunner/com.example.d1check.npurunner.NpuRunnerActivity","Awake","197","1","1","10",""
"1791358261069","1791358261751","0|0","MODE_NORMAL","com.example.d1check.npurunner/com.example.d1check.npurunner.NpuRunnerActivity","Awake","149","1","1","10",""
"1791358271061","1791358271744","0|0","MODE_NORMAL","com.example.d1check.npurunner/com.example.d1check.npurunner.NpuRunnerActivity","Awake","148","1","1","10",""
"1791358281066","1791358281784","0|0","MODE_NORMAL","com.example.d1check.npurunner/com.example.d1check.npurunner.NpuRunnerActivity","Awake","196","1","1","10",""
"1791358291067","1791358291742","0|0","MODE_NORMAL","com.example.d1check.npurunner/com.example.d1check.npurunner.NpuRunnerActivity","Awake","148","1","1","10",""
"1791358301071","1791358301732","0|0","MODE_NORMAL","com.example.d1check.npurunner/com.example.d1check.npurunner.NpuRunnerActivity","Awake","131","1","1","10",""
"1791358311060","1791358311729","0|0","MODE_NORMAL","com.example.d1check.npurunner/com.example.d1check.npurunner.NpuRunnerActivity","Awake","149","1","1","10",""
"1791358321067","1791358321730","0|0","MODE_NORMAL","com.example.d1check.npurunner/com.example.d1check.npurunner.NpuRunnerActivity","Awake","130","1","1","10",""
"1791358331065","1791358331709","0|0","MODE_NORMAL","com.example.d1check.npurunner/com.example.d1check.npurunner.NpuRunnerActivity","Awake","115","1","1","10",""
"1791358341069","1791358341732","0|0","MODE_NORMAL","com.example.d1check.npurunner/com.example.d1check.npurunner.NpuRunnerActivity","Awake","131","1","1","10",""
"1791358351060","1791358351712","0|0","MODE_NORMAL","com.example.d1check.npurunner/com.example.d1check.npurunner.NpuRunnerActivity","Awake","128","1","1","10",""
"1791358361069","1791358361726","0|0","MODE_NORMAL","com.example.d1check.npurunner/com.example.d1check.npurunner.NpuRunnerActivity","Awake","130","1","1","10",""
"1791358371071","1791358371743","0|0","MODE_NORMAL","com.example.d1check.npurunner/com.example.d1check.npurunner.NpuRunnerActivity","Awake","127","1","1","10",""
"1791358381068","1791358381825","0|0","MODE_NORMAL","com.example.d1check.npurunner/com.example.d1check.npurunner.NpuRunnerActivity","Awake","227","1","1","10",""
"1791358391065","1791358391780","0|0","MODE_NORMAL","com.example.d1check.npurunner/com.example.d1check.npurunner.NpuRunnerActivity","Awake","197","1","1","10",""
"1791358401061","1791358401805","0|0","MODE_NORMAL","com.example.d1check.npurunner/com.example.d1check.npurunner.NpuRunnerActivity","Awake","210","1","1","10",""
"1791358411064","1791358411831","0|0","MODE_NORMAL","com.example.d1check.npurunner/com.example.d1check.npurunner.NpuRunnerActivity","Awake","242","1","1","10",""
"1791358421060","1791358421775","0|0","MODE_NORMAL","com.example.d1check.npurunner/com.example.d1check.npurunner.NpuRunnerActivity","Awake","196","1","1","10",""
"1791358431070","1791358431767","0|0","MODE_NORMAL","com.example.d1check.npurunner/com.example.d1check.npurunner.NpuRunnerActivity","Awake","167","1","1","10",""
"1791358441065","1791358441853","0|0","MODE_NORMAL","com.example.d1check.npurunner/com.example.d1check.npurunner.NpuRunnerActivity","Awake","256","1","1","10",""
"1791358451064","1791358451796","0|0","MODE_NORMAL","com.example.d1check.npurunner/com.example.d1check.npurunner.NpuRunnerActivity","Awake","212","1","1","10",""
"1791358461073","1791358461823","0|0","MODE_NORMAL","com.example.d1check.npurunner/com.example.d1check.npurunner.NpuRunnerActivity","Awake","230","1","1","10",""
"1791358471061","1791358471853","0|0","MODE_NORMAL","com.example.d1check.npurunner/com.example.d1check.npurunner.NpuRunnerActivity","Awake","261","1","1","10",""
"1791358481058","1791358481786","0|0","MODE_NORMAL","com.example.d1check.npurunner/com.example.d1check.npurunner.NpuRunnerActivity","Awake","196","1","1","10",""
"1791358491072","1791358491754","0|0","MODE_NORMAL","com.example.d1check.npurunner/com.example.d1check.npurunner.NpuRunnerActivity","Awake","145","1","1","10",""
"1791358501067","1791358501786","0|0","MODE_NORMAL","com.example.d1check.npurunner/com.example.d1check.npurunner.NpuRunnerActivity","Awake","195","1","1","10",""
"1791358511071","1791358511774","0|0","MODE_NORMAL","com.example.d1check.npurunner/com.example.d1check.npurunner.NpuRunnerActivity","Awake","182","1","1","10",""
"1791358521069","1791358521769","0|0","MODE_NORMAL","com.example.d1check.npurunner/com.example.d1check.npurunner.NpuRunnerActivity","Awake","177","1","1","10",""
"1791358531058","1791358531750","0|0","MODE_NORMAL","com.example.d1check.npurunner/com.example.d1check.npurunner.NpuRunnerActivity","Awake","166","1","1","10",""
"1791358541064","1791358541772","0|0","MODE_NORMAL","com.example.d1check.npurunner/com.example.d1check.npurunner.NpuRunnerActivity","Awake","167","1","1","10",""
"1791358551063","1791358551759","0|0","MODE_NORMAL","com.example.d1check.npurunner/com.example.d1check.npurunner.NpuRunnerActivity","Awake","167","1","1","10",""
"1791358561071","1791358561818","0|0","MODE_NORMAL","com.example.d1check.npurunner/com.example.d1check.npurunner.NpuRunnerActivity","Awake","212","1","1","10",""
"1791358571065","1791358571761","0|0","MODE_NORMAL","com.example.d1check.npurunner/com.example.d1check.npurunner.NpuRunnerActivity","Awake","165","1","1","10",""
"1791358581063","1791358581769","0|0","MODE_NORMAL","com.example.d1check.npurunner/com.example.d1check.npurunner.NpuRunnerActivity","Awake","180","1","1","10",""
"1791358591072","1791358591741","0|0","MODE_NORMAL","com.example.d1check.npurunner/com.example.d1check.npurunner.NpuRunnerActivity","Awake","129","1","1","10",""
"1791358601065","1791358601754","0|0","MODE_NORMAL","com.example.d1check.npurunner/com.example.d1check.npurunner.NpuRunnerActivity","Awake","161","1","1","10",""
"1791358611062","1791358611742","0|0","MODE_NORMAL","com.example.d1check.npurunner/com.example.d1check.npurunner.NpuRunnerActivity","Awake","146","1","1","10",""
"1791358621068","1791358621797","0|0","MODE_NORMAL","com.example.d1check.npurunner/com.example.d1check.npurunner.NpuRunnerActivity","Awake","178","1","1","10",""
"1791358631059","1791358631813","0|0","MODE_NORMAL","com.example.d1check.npurunner/com.example.d1check.npurunner.NpuRunnerActivity","Awake","206","1","1","10",""
"1791358641067","1791358641852","0|0","MODE_NORMAL","com.example.d1check.npurunner/com.example.d1check.npurunner.NpuRunnerActivity","Awake","259","1","1","10",""
"1791358651060","1791358651771","0|0","MODE_NORMAL","com.example.d1check.npurunner/com.example.d1check.npurunner.NpuRunnerActivity","Awake","161","1","1","10",""
"1791358661058","1791358661828","0|0","MODE_NORMAL","com.example.d1check.npurunner/com.example.d1check.npurunner.NpuRunnerActivity","Awake","240","1","1","10",""
"1791358671067","1791358671864","0|0","MODE_NORMAL","com.example.d1check.npurunner/com.example.d1check.npurunner.NpuRunnerActivity","Awake","256","1","1","10",""
"1791358681061","1791358681789","0|0","MODE_NORMAL","com.example.d1check.npurunner/com.example.d1check.npurunner.NpuRunnerActivity","Awake","191","1","1","10",""
"1791358691071","1791358691833","0|0","MODE_NORMAL","com.example.d1check.npurunner/com.example.d1check.npurunner.NpuRunnerActivity","Awake","211","1","1","10",""
"1791358701066","1791358701865","0|0","MODE_NORMAL","com.example.d1check.npurunner/com.example.d1check.npurunner.NpuRunnerActivity","Awake","270","1","1","10",""
"1791358711066","1791358711792","0|0","MODE_NORMAL","com.example.d1check.npurunner/com.example.d1check.npurunner.NpuRunnerActivity","Awake","190","1","1","10",""
"1791358721060","1791358721833","0|0","MODE_NORMAL","com.example.d1check.npurunner/com.example.d1check.npurunner.NpuRunnerActivity","Awake","239","1","1","10",""
"1791358731062","1791358731864","0|0","MODE_NORMAL","com.example.d1check.npurunner/com.example.d1check.npurunner.NpuRunnerActivity","Awake","271","1","1","10",""
"1791358741059","1791358741727","0|0","MODE_NORMAL","com.example.d1check.npurunner/com.example.d1check.npurunner.NpuRunnerActivity","Awake","144","1","1","10",""
"1791358751062","1791358751775","0|0","MODE_NORMAL","com.example.d1check.npurunner/com.example.d1check.npurunner.NpuRunnerActivity","Awake","177","1","1","10",""
"1791358761061","1791358761738","0|0","MODE_NORMAL","com.example.d1check.npurunner/com.example.d1check.npurunner.NpuRunnerActivity","Awake","147","1","1","10",""
"1791358771058","1791358771793","0|0","MODE_NORMAL","com.example.d1check.npurunner/com.example.d1check.npurunner.NpuRunnerActivity","Awake","212","1","1","10",""
"1791358781058","1791358781734","0|0","MODE_NORMAL","com.example.d1check.npurunner/com.example.d1check.npurunner.NpuRunnerActivity","Awake","148","1","1","10",""
"1791358791073","1791358791746","0|0","MODE_NORMAL","com.example.d1check.npurunner/com.example.d1check.npurunner.NpuRunnerActivity","Awake","144","1","1","10",""
"1791358801068","1791358801742","0|0","MODE_NORMAL","com.example.d1check.npurunner/com.example.d1check.npurunner.NpuRunnerActivity","Awake","146","1","1","10",""
"1791358811067","1791358811844","0|0","MODE_NORMAL","com.example.d1check.npurunner/com.example.d1check.npurunner.NpuRunnerActivity","Awake","242","1","1","10",""
"1791358821062","1791358821878","0|0","MODE_NORMAL","com.example.d1check.npurunner/com.example.d1check.npurunner.NpuRunnerActivity","Awake","287","1","1","10",""
"1791358831069","1791358831797","0|0","MODE_NORMAL","com.example.d1check.npurunner/com.example.d1check.npurunner.NpuRunnerActivity","Awake","194","1","1","10",""
"1791358841056","1791358841845","0|0","MODE_NORMAL","com.example.d1check.npurunner/com.example.d1check.npurunner.NpuRunnerActivity","Awake","258","1","1","10",""
"1791358851059","1791358851766","0|0","MODE_NORMAL","com.example.d1check.npurunner/com.example.d1check.npurunner.NpuRunnerActivity","Awake","177","1","1","10",""
"1791358861071","1791358861817","0|0","MODE_NORMAL","com.example.d1check.npurunner/com.example.d1check.npurunner.NpuRunnerActivity","Awake","209","1","1","10",""
"1791358871069","1791358871836","0|0","MODE_NORMAL","com.example.d1check.npurunner/com.example.d1check.npurunner.NpuRunnerActivity","Awake","242","1","1","10",""
"1791358881069","1791358881871","0|0","MODE_NORMAL","com.example.d1check.npurunner/com.example.d1check.npurunner.NpuRunnerActivity","Awake","275","1","1","10",""
"1791358891063","1791358891788","0|0","MODE_NORMAL","com.example.d1check.npurunner/com.example.d1check.npurunner.NpuRunnerActivity","Awake","195","1","1","10",""
"1791358901072","1791358901849","0|0","MODE_NORMAL","com.example.d1check.npurunner/com.example.d1check.npurunner.NpuRunnerActivity","Awake","246","1","1","10",""
"1791358911073","1791358911776","0|0","MODE_NORMAL","com.example.d1check.npurunner/com.example.d1check.npurunner.NpuRunnerActivity","Awake","180","1","1","10",""
"1791358921067","1791358921817","0|0","MODE_NORMAL","com.example.d1check.npurunner/com.example.d1check.npurunner.NpuRunnerActivity","Awake","211","1","1","10",""
"1791358931060","1791358931849","0|0","MODE_NORMAL","com.example.d1check.npurunner/com.example.d1check.npurunner.NpuRunnerActivity","Awake","259","1","1","10",""
"1791358941061","1791358941762","0|0","MODE_NORMAL","com.example.d1check.npurunner/com.example.d1check.npurunner.NpuRunnerActivity","Awake","176","1","1","10",""
"1791358951059","1791358951764","0|0","MODE_NORMAL","com.example.d1check.npurunner/com.example.d1check.npurunner.NpuRunnerActivity","Awake","169","1","1","10",""
"1791358961070","1791358961755","0|0","MODE_NORMAL","com.example.d1check.npurunner/com.example.d1check.npurunner.NpuRunnerActivity","Awake","148","1","1","10",""
"1791358971059","1791358971779","0|0","MODE_NORMAL","com.example.d1check.npurunner/com.example.d1check.npurunner.NpuRunnerActivity","Awake","165","1","1","10",""
"1791358981067","1791358981754","0|0","MODE_NORMAL","com.example.d1check.npurunner/com.example.d1check.npurunner.NpuRunnerActivity","Awake","134","1","1","10",""
"1791358991059","1791358991768","0|0","MODE_NORMAL","com.example.d1check.npurunner/com.example.d1check.npurunner.NpuRunnerActivity","Awake","165","1","1","10",""
"1791359001060","1791359001748","0|0","MODE_NORMAL","com.example.d1check.npurunner/com.example.d1check.npurunner.NpuRunnerActivity","Awake","152","1","1","10",""
"1791359011058","1791359011752","0|0","MODE_NORMAL","com.example.d1check.npurunner/com.example.d1check.npurunner.NpuRunnerActivity","Awake","160","1","1","10",""
"1791359021073","1791359021768","0|0","MODE_NORMAL","com.example.d1check.npurunner/com.example.d1check.npurunner.NpuRunnerActivity","Awake","161","1","1","10",""
"1791359031060","1791359031841","0|0","MODE_NORMAL","com.example.d1check.npurunner/com.example.d1check.npurunner.NpuRunnerActivity","Awake","257","1","1","10",""
"1791359041073","1791359041818","0|0","MODE_NORMAL","com.example.d1check.npurunner/com.example.d1check.npurunner.NpuRunnerActivity","Awake","212","1","1","10",""
"1791359051067","1791359051795","0|0","MODE_NORMAL","com.example.d1check.npurunner/com.example.d1check.npurunner.NpuRunnerActivity","Awake","196","1","1","10",""
"1791359061056","1791359061790","0|0","MODE_NORMAL","com.example.d1check.npurunner/com.example.d1check.npurunner.NpuRunnerActivity","Awake","183","1","1","10",""
"1791359071067","1791359071812","0|0","MODE_NORMAL","com.example.d1check.npurunner/com.example.d1check.npurunner.NpuRunnerActivity","Awake","210","1","1","10",""
"1791359081057","1791359081830","0|0","MODE_NORMAL","com.example.d1check.npurunner/com.example.d1check.npurunner.NpuRunnerActivity","Awake","241","1","1","10",""
"1791359091060","1791359091766","0|0","MODE_NORMAL","com.example.d1check.npurunner/com.example.d1check.npurunner.NpuRunnerActivity","Awake","161","1","1","10",""
"1791359101073","1791359101808","0|0","MODE_NORMAL","com.example.d1check.npurunner/com.example.d1check.npurunner.NpuRunnerActivity","Awake","195","1","1","10",""
"1791359111068","1791359111846","0|0","MODE_NORMAL","com.example.d1check.npurunner/com.example.d1check.npurunner.NpuRunnerActivity","Awake","223","1","1","10",""
"1791359121062","1791359121794","0|0","MODE_NORMAL","com.example.d1check.npurunner/com.example.d1check.npurunner.NpuRunnerActivity","Awake","195","1","1","10",""
"1791359131070","1791359131814","0|0","MODE_NORMAL","com.example.d1check.npurunner/com.example.d1check.npurunner.NpuRunnerActivity","Awake","212","1","1","10",""
"1791359141064","1791359141841","0|0","MODE_NORMAL","com.example.d1check.npurunner/com.example.d1check.npurunner.NpuRunnerActivity","Awake","244","1","1","10",""
"1791359151066","1791359151776","0|0","MODE_NORMAL","com.example.d1check.npurunner/com.example.d1check.npurunner.NpuRunnerActivity","Awake","180","1","1","10",""
"1791359161063","1791359161806","0|0","MODE_NORMAL","com.example.d1check.npurunner/com.example.d1check.npurunner.NpuRunnerActivity","Awake","211","1","1","10",""
"1791359171056","1791359171754","0|0","MODE_NORMAL","com.example.d1check.npurunner/com.example.d1check.npurunner.NpuRunnerActivity","Awake","164","1","1","10",""
"1791359181064","1791359181783","0|0","MODE_NORMAL","com.example.d1check.npurunner/com.example.d1check.npurunner.NpuRunnerActivity","Awake","192","1","1","10",""
"1791359191068","1791359191814","0|0","MODE_NORMAL","com.example.d1check.npurunner/com.example.d1check.npurunner.NpuRunnerActivity","Awake","213","1","1","10",""
"1791359201060","1791359201726","0|0","MODE_NORMAL","com.example.d1check.npurunner/com.example.d1check.npurunner.NpuRunnerActivity","Awake","132","1","1","10",""
"1791359211063","1791359211724","0|0","MODE_NORMAL","com.example.d1check.npurunner/com.example.d1check.npurunner.NpuRunnerActivity","Awake","131","1","1","10",""
"1791359221072","1791359221748","0|0","MODE_NORMAL","com.example.d1check.npurunner/com.example.d1check.npurunner.NpuRunnerActivity","Awake","131","1","1","10",""
"1791359231060","1791359231733","0|0","MODE_NORMAL","com.example.d1check.npurunner/com.example.d1check.npurunner.NpuRunnerActivity","Awake","131","1","1","10",""
"1791359241058","1791359241740","0|0","MODE_NORMAL","com.example.d1check.npurunner/com.example.d1check.npurunner.NpuRunnerActivity","Awake","147","1","1","10",""
"1791359251062","1791359251717","0|0","MODE_NORMAL","com.example.d1check.npurunner/com.example.d1check.npurunner.NpuRunnerActivity","Awake","116","1","1","10",""
"1791359261062","1791359261761","0|0","MODE_NORMAL","com.example.d1check.npurunner/com.example.d1check.npurunner.NpuRunnerActivity","Awake","164","1","1","10",""
"1791359271071","1791359271809","0|0","MODE_NORMAL","com.example.d1check.npurunner/com.example.d1check.npurunner.NpuRunnerActivity","Awake","194","1","1","10",""
"1791359281062","1791359281830","0|0","MODE_NORMAL","com.example.d1check.npurunner/com.example.d1check.npurunner.NpuRunnerActivity","Awake","225","1","1","10",""
"1791359291073","1791359291758","0|0","MODE_NORMAL","com.example.d1check.npurunner/com.example.d1check.npurunner.NpuRunnerActivity","Awake","147","1","1","10",""
"1791359301068","1791359301818","0|0","MODE_NORMAL","com.example.d1check.npurunner/com.example.d1check.npurunner.NpuRunnerActivity","Awake","208","1","1","10",""
"1791359311073","1791359311837","0|0","MODE_NORMAL","com.example.d1check.npurunner/com.example.d1check.npurunner.NpuRunnerActivity","Awake","227","1","1","10",""
"1791359321068","1791359321776","0|0","MODE_NORMAL","com.example.d1check.npurunner/com.example.d1check.npurunner.NpuRunnerActivity","Awake","176","1","1","10",""
"1791359331058","1791359331814","0|0","MODE_NORMAL","com.example.d1check.npurunner/com.example.d1check.npurunner.NpuRunnerActivity","Awake","209","1","1","10",""
"1791359341063","1791359341851","0|0","MODE_NORMAL","com.example.d1check.npurunner/com.example.d1check.npurunner.NpuRunnerActivity","Awake","244","1","1","10",""
"1791359351066","1791359351778","0|0","MODE_NORMAL","com.example.d1check.npurunner/com.example.d1check.npurunner.NpuRunnerActivity","Awake","179","1","1","10",""
"1791359361065","1791359361829","0|0","MODE_NORMAL","com.example.d1check.npurunner/com.example.d1check.npurunner.NpuRunnerActivity","Awake","227","1","1","10",""
"1791359371061","1791359371858","0|0","MODE_NORMAL","com.example.d1check.npurunner/com.example.d1check.npurunner.NpuRunnerActivity","Awake","242","1","1","10",""
"1791359381072","1791359381763","0|0","MODE_NORMAL","com.example.d1check.npurunner/com.example.d1check.npurunner.NpuRunnerActivity","Awake","147","1","1","10",""
"1791359391059","1791359391745","0|0","MODE_NORMAL","com.example.d1check.npurunner/com.example.d1check.npurunner.NpuRunnerActivity","Awake","150","1","1","10",""
"1791359401070","1791359401865","0|0","MODE_NORMAL","com.example.d1check.npurunner/com.example.d1check.npurunner.NpuRunnerActivity","Awake","256","1","1","10",""
"1791359411060","1791359411763","0|0","MODE_NORMAL","com.example.d1check.npurunner/com.example.d1check.npurunner.NpuRunnerActivity","Awake","164","1","1","10",""
"1791359421060","1791359421746","0|0","MODE_NORMAL","com.example.d1check.npurunner/com.example.d1check.npurunner.NpuRunnerActivity","Awake","146","1","1","10",""
"1791359431060","1791359431862","0|0","MODE_NORMAL","com.example.d1check.npurunner/com.example.d1check.npurunner.NpuRunnerActivity","Awake","259","1","1","10",""
"1791359441060","1791359441771","0|0","MODE_NORMAL","com.example.d1check.npurunner/com.example.d1check.npurunner.NpuRunnerActivity","Awake","164","1","1","10",""
"1791359451066","1791359451758","0|0","MODE_NORMAL","com.example.d1check.npurunner/com.example.d1check.npurunner.NpuRunnerActivity","Awake","163","1","1","10",""
"1791359461060","1791359461761","0|0","MODE_NORMAL","com.example.d1check.npurunner/com.example.d1check.npurunner.NpuRunnerActivity","Awake","163","1","1","10",""
"1791359471071","1791359471757","0|0","MODE_NORMAL","com.example.d1check.npurunner/com.example.d1check.npurunner.NpuRunnerActivity","Awake","147","1","1","10",""
"1791359481069","1791359481747","0|0","MODE_NORMAL","com.example.d1check.npurunner/com.example.d1check.npurunner.NpuRunnerActivity","Awake","134","1","1","10",""
"1791359491071","1791359491760","0|0","MODE_NORMAL","com.example.d1check.npurunner/com.example.d1check.npurunner.NpuRunnerActivity","Awake","131","1","1","10",""
"1791359501073","1791359501770","0|0","MODE_NORMAL","com.example.d1check.npurunner/com.example.d1check.npurunner.NpuRunnerActivity","Awake","163","1","1","10",""
"1791359511072","1791359511757","0|0","MODE_NORMAL","com.example.d1check.npurunner/com.example.d1check.npurunner.NpuRunnerActivity","Awake","148","1","1","10",""
"1791359521068","1791359521779","0|0","MODE_NORMAL","com.example.d1check.npurunner/com.example.d1check.npurunner.NpuRunnerActivity","Awake","162","1","1","10",""
"1791359531071","1791359531821","0|0","MODE_NORMAL","com.example.d1check.npurunner/com.example.d1check.npurunner.NpuRunnerActivity","Awake","211","1","1","10",""
"1791359541061","1791359541821","0|0","MODE_NORMAL","com.example.d1check.npurunner/com.example.d1check.npurunner.NpuRunnerActivity","Awake","225","1","1","10",""
"1791359551063","1791359551782","0|0","MODE_NORMAL","com.example.d1check.npurunner/com.example.d1check.npurunner.NpuRunnerActivity","Awake","178","1","1","10",""
"1791359561068","1791359561815","0|0","MODE_NORMAL","com.example.d1check.npurunner/com.example.d1check.npurunner.NpuRunnerActivity","Awake","208","1","1","10",""
"1791359571060","1791359571857","0|0","MODE_NORMAL","com.example.d1check.npurunner/com.example.d1check.npurunner.NpuRunnerActivity","Awake","258","1","1","10",""
"1791359581059","1791359581791","0|0","MODE_NORMAL","com.example.d1check.npurunner/com.example.d1check.npurunner.NpuRunnerActivity","Awake","174","1","1","10",""
"1791359591058","1791359591806","0|0","MODE_NORMAL","com.example.d1check.npurunner/com.example.d1check.npurunner.NpuRunnerActivity","Awake","213","1","1","10",""
"1791359601059","1791359601863","0|0","MODE_NORMAL","com.example.d1check.npurunner/com.example.d1check.npurunner.NpuRunnerActivity","Awake","259","1","1","10",""
"1791359611062","1791359611782","0|0","MODE_NORMAL","com.example.d1check.npurunner/com.example.d1check.npurunner.NpuRunnerActivity","Awake","178","1","1","10",""
"1791359621065","1791359621820","0|0","MODE_NORMAL","com.example.d1check.npurunner/com.example.d1check.npurunner.NpuRunnerActivity","Awake","213","1","1","10",""
"1791359631073","1791359631860","0|0","MODE_NORMAL","com.example.d1check.npurunner/com.example.d1check.npurunner.NpuRunnerActivity","Awake","244","1","1","10",""
"1791359641065","1791359641810","0|0","MODE_NORMAL","com.example.d1check.npurunner/com.example.d1check.npurunner.NpuRunnerActivity","Awake","212","1","1","10",""
"1791359651065","1791359651838","0|0","MODE_NORMAL","com.example.d1check.npurunner/com.example.d1check.npurunner.NpuRunnerActivity","Awake","225","1","1","10",""
"1791359661072","1791359661776","0|0","MODE_NORMAL","com.example.d1check.npurunner/com.example.d1check.npurunner.NpuRunnerActivity","Awake","164","1","1","10",""
"1791359671069","1791359671765","0|0","MODE_NORMAL","com.example.d1check.npurunner/com.example.d1check.npurunner.NpuRunnerActivity","Awake","147","1","1","10",""
"1791359681074","1791359681777","0|0","MODE_NORMAL","com.example.d1check.npurunner/com.example.d1check.npurunner.NpuRunnerActivity","Awake","165","1","1","10",""
"1791359691063","1791359691757","0|0","MODE_NORMAL","com.example.d1check.npurunner/com.example.d1check.npurunner.NpuRunnerActivity","Awake","147","1","1","10",""
"1791359701068","1791359701792","0|0","MODE_NORMAL","com.example.d1check.npurunner/com.example.d1check.npurunner.NpuRunnerActivity","Awake","179","1","1","10",""
"1791359711063","1791359711759","0|0","MODE_NORMAL","com.example.d1check.npurunner/com.example.d1check.npurunner.NpuRunnerActivity","Awake","148","1","1","10",""
"1791359721070","1791359721788","0|0","MODE_NORMAL","com.example.d1check.npurunner/com.example.d1check.npurunner.NpuRunnerActivity","Awake","178","1","1","10",""
"1791359731059","1791359731743","0|0","MODE_NORMAL","com.example.d1check.npurunner/com.example.d1check.npurunner.NpuRunnerActivity","Awake","148","1","1","10",""
"1791359741062","1791359741744","0|0","MODE_NORMAL","com.example.d1check.npurunner/com.example.d1check.npurunner.NpuRunnerActivity","Awake","146","1","1","10",""
"1791359751064","1791359751763","0|0","MODE_NORMAL","com.example.d1check.npurunner/com.example.d1check.npurunner.NpuRunnerActivity","Awake","161","1","1","10",""
"1791359761070","1791359761793","0|0","MODE_NORMAL","com.example.d1check.npurunner/com.example.d1check.npurunner.NpuRunnerActivity","Awake","176","1","1","10",""
"1791359771068","1791359771824","0|0","MODE_NORMAL","com.example.d1check.npurunner/com.example.d1check.npurunner.NpuRunnerActivity","Awake","210","1","1","10",""
"1791359781070","1791359781849","0|0","MODE_NORMAL","com.example.d1check.npurunner/com.example.d1check.npurunner.NpuRunnerActivity","Awake","225","1","1","10",""
"1791359791070","1791359791821","0|0","MODE_NORMAL","com.example.d1check.npurunner/com.example.d1check.npurunner.NpuRunnerActivity","Awake","209","1","1","10",""
"1791359801064","1791359801828","0|0","MODE_NORMAL","com.example.d1check.npurunner/com.example.d1check.npurunner.NpuRunnerActivity","Awake","210","1","1","10",""
"1791359811057","1791359811795","0|0","MODE_NORMAL","com.example.d1check.npurunner/com.example.d1check.npurunner.NpuRunnerActivity","Awake","195","1","1","10",""
"1791359821059","1791359821796","0|0","MODE_NORMAL","com.example.d1check.npurunner/com.example.d1check.npurunner.NpuRunnerActivity","Awake","195","1","1","10",""
"1791359831060","1791359831841","0|0","MODE_NORMAL","com.example.d1check.npurunner/com.example.d1check.npurunner.NpuRunnerActivity","Awake","242","1","1","10",""
"1791359841066","1791359841865","0|0","MODE_NORMAL","com.example.d1check.npurunner/com.example.d1check.npurunner.NpuRunnerActivity","Awake","258","1","1","10",""
"1791359851060","1791359851817","0|0","MODE_NORMAL","com.example.d1check.npurunner/com.example.d1check.npurunner.NpuRunnerActivity","Awake","212","1","1","10",""
"1791359861071","1791359861845","0|0","MODE_NORMAL","com.example.d1check.npurunner/com.example.d1check.npurunner.NpuRunnerActivity","Awake","229","1","1","10",""
"1791359871073","1791359871878","0|0","MODE_NORMAL","com.example.d1check.npurunner/com.example.d1check.npurunner.NpuRunnerActivity","Awake","258","1","1","10",""
"1791359881067","1791359881818","0|0","MODE_NORMAL","com.example.d1check.npurunner/com.example.d1check.npurunner.NpuRunnerActivity","Awake","211","1","1","10",""
"1791359891062","1791359891797","0|0","MODE_NORMAL","com.example.d1check.npurunner/com.example.d1check.npurunner.NpuRunnerActivity","Awake","198","1","1","10",""
"1791359901061","1791359901770","0|0","MODE_NORMAL","com.example.d1check.npurunner/com.example.d1check.npurunner.NpuRunnerActivity","Awake","162","1","1","10",""
"1791359911065","1791359911764","0|0","MODE_NORMAL","com.example.d1check.npurunner/com.example.d1check.npurunner.NpuRunnerActivity","Awake","147","1","1","10",""
"1791359921066","1791359921764","0|0","MODE_NORMAL","com.example.d1check.npurunner/com.example.d1check.npurunner.NpuRunnerActivity","Awake","160","1","1","10",""
"1791359931063","1791359931778","0|0","MODE_NORMAL","com.example.d1check.npurunner/com.example.d1check.npurunner.NpuRunnerActivity","Awake","182","1","1","10",""
"1791359941064","1791359941764","0|0","MODE_NORMAL","com.example.d1check.npurunner/com.example.d1check.npurunner.NpuRunnerActivity","Awake","147","1","1","10",""
"1791359951056","1791359951748","0|0","MODE_NORMAL","com.example.d1check.npurunner/com.example.d1check.npurunner.NpuRunnerActivity","Awake","149","1","1","10",""
"1791359961065","1791359961790","0|0","MODE_NORMAL","com.example.d1check.npurunner/com.example.d1check.npurunner.NpuRunnerActivity","Awake","179","1","1","10",""
"1791359971066","1791359971778","0|0","MODE_NORMAL","com.example.d1check.npurunner/com.example.d1check.npurunner.NpuRunnerActivity","Awake","162","1","1","10",""
"1791359981061","1791359981756","0|0","MODE_NORMAL","com.example.d1check.npurunner/com.example.d1check.npurunner.NpuRunnerActivity","Awake","148","1","1","10",""
"1791359991060","1791359991799","0|0","MODE_NORMAL","com.example.d1check.npurunner/com.example.d1check.npurunner.NpuRunnerActivity","Awake","194","1","1","10",""
"1791360001059","1791360001821","0|0","MODE_NORMAL","com.example.d1check.npurunner/com.example.d1check.npurunner.NpuRunnerActivity","Awake","225","1","1","10",""
"1791360011071","1791360011862","0|0","MODE_NORMAL","com.example.d1check.npurunner/com.example.d1check.npurunner.NpuRunnerActivity","Awake","240","1","1","10",""
"1791360021059","1791360021761","0|0","MODE_NORMAL","com.example.d1check.npurunner/com.example.d1check.npurunner.NpuRunnerActivity","Awake","145","1","1","10",""
"1791360031060","1791360031831","0|0","MODE_NORMAL","com.example.d1check.npurunner/com.example.d1check.npurunner.NpuRunnerActivity","Awake","224","1","1","10",""
"1791360041072","1791360041866","0|0","MODE_NORMAL","com.example.d1check.npurunner/com.example.d1check.npurunner.NpuRunnerActivity","Awake","240","1","1","10",""
"1791360051075","1791360051803","0|0","MODE_NORMAL","com.example.d1check.npurunner/com.example.d1check.npurunner.NpuRunnerActivity","Awake","177","1","1","10",""
"1791360061059","1791360061832","0|0","MODE_NORMAL","com.example.d1check.npurunner/com.example.d1check.npurunner.NpuRunnerActivity","Awake","226","1","1","10",""
"1791360071071","1791360071866","0|0","MODE_NORMAL","com.example.d1check.npurunner/com.example.d1check.npurunner.NpuRunnerActivity","Awake","243","1","1","10",""
"1791360081067","1791360081796","0|0","MODE_NORMAL","com.example.d1check.npurunner/com.example.d1check.npurunner.NpuRunnerActivity","Awake","178","1","1","10",""
"1791360091065","1791360091822","0|0","MODE_NORMAL","com.example.d1check.npurunner/com.example.d1check.npurunner.NpuRunnerActivity","Awake","212","1","1","10",""
"1791360101058","1791360101885","0|0","MODE_NORMAL","com.example.d1check.npurunner/com.example.d1check.npurunner.NpuRunnerActivity","Awake","267","1","1","10",""
"1791360111071","1791360111745","0|0","MODE_NORMAL","com.example.d1check.npurunner/com.example.d1check.npurunner.NpuRunnerActivity","Awake","132","1","1","10",""
"1791360121072","1791360121784","0|0","MODE_NORMAL","com.example.d1check.npurunner/com.example.d1check.npurunner.NpuRunnerActivity","Awake","164","1","1","10",""
"1791360131061","1791360131764","0|0","MODE_NORMAL","com.example.d1check.npurunner/com.example.d1check.npurunner.NpuRunnerActivity","Awake","160","1","1","10",""
"1791360141066","1791360141806","0|0","MODE_NORMAL","com.example.d1check.npurunner/com.example.d1check.npurunner.NpuRunnerActivity","Awake","194","1","1","10",""
"1791360151062","1791360151761","0|0","MODE_NORMAL","com.example.d1check.npurunner/com.example.d1check.npurunner.NpuRunnerActivity","Awake","147","1","1","10",""
"1791360161062","1791360161760","0|0","MODE_NORMAL","com.example.d1check.npurunner/com.example.d1check.npurunner.NpuRunnerActivity","Awake","145","1","1","10",""
"1791360171061","1791360171758","0|0","MODE_NORMAL","com.example.d1check.npurunner/com.example.d1check.npurunner.NpuRunnerActivity","Awake","146","1","1","10",""
"1791360181068","1791360181754","0|0","MODE_NORMAL","com.example.d1check.npurunner/com.example.d1check.npurunner.NpuRunnerActivity","Awake","145","1","1","10",""
"1791360191063","1791360191799","0|0","MODE_NORMAL","com.example.d1check.npurunner/com.example.d1check.npurunner.NpuRunnerActivity","Awake","168","1","1","10",""
"1791360201071","1791360201813","0|0","MODE_NORMAL","com.example.d1check.npurunner/com.example.d1check.npurunner.NpuRunnerActivity","Awake","196","1","1","10",""
"1791360211076","1791360211834","0|0","MODE_NORMAL","com.example.d1check.npurunner/com.example.d1check.npurunner.NpuRunnerActivity","Awake","211","1","1","10",""
"1791360221058","1791360221778","0|0","MODE_NORMAL","com.example.d1check.npurunner/com.example.d1check.npurunner.NpuRunnerActivity","Awake","161","1","1","10",""
"1791360231072","1791360231810","0|0","MODE_NORMAL","com.example.d1check.npurunner/com.example.d1check.npurunner.NpuRunnerActivity","Awake","194","1","1","10",""
"1791360241071","1791360241861","0|0","MODE_NORMAL","com.example.d1check.npurunner/com.example.d1check.npurunner.NpuRunnerActivity","Awake","241","1","1","10",""
"1791360251069","1791360251901","0|0","MODE_NORMAL","com.example.d1check.npurunner/com.example.d1check.npurunner.NpuRunnerActivity","Awake","288","1","1","10",""
"1791360261065","1791360261809","0|0","MODE_NORMAL","com.example.d1check.npurunner/com.example.d1check.npurunner.NpuRunnerActivity","Awake","197","1","1","10",""
"1791360271068","1791360271832","0|0","MODE_NORMAL","com.example.d1check.npurunner/com.example.d1check.npurunner.NpuRunnerActivity","Awake","211","1","1","10",""
"1791360281062","1791360281729","0|0","MODE_NORMAL","com.example.d1check.npurunner/com.example.d1check.npurunner.NpuRunnerActivity","Awake","115","1","1","10",""
"1791360291070","1791360291764","0|0","MODE_NORMAL","com.example.d1check/com.example.d1check.MainActivity","Awake","145","1","1","10",""
"1791360301065","1791360301757","0|0","MODE_NORMAL","com.example.d1check/com.example.d1check.MainActivity","Awake","146","1","1","10",""
"1791360311070","1791360311750","0|0","MODE_NORMAL","com.example.d1check/com.example.d1check.MainActivity","Awake","147","1","1","10",""
"1791360321069","1791360321778","0|0","MODE_NORMAL","com.example.d1check/com.example.d1check.MainActivity","Awake","161","1","1","10",""
"1791360331068","1791360331848","0|0","MODE_NORMAL","com.example.d1check/com.example.d1check.MainActivity","Awake","223","1","1","10",""
"1791360341070","1791360341794","0|0","MODE_NORMAL","com.example.d1check/com.example.d1check.MainActivity","Awake","179","1","1","10",""
"1791360351061","1791360351835","0|0","MODE_NORMAL","com.example.d1check/com.example.d1check.MainActivity","Awake","224","1","1","10",""
"1791360361057","1791360361860","0|0","MODE_NORMAL","com.example.d1check/com.example.d1check.MainActivity","Awake","259","1","1","10",""
"1791360371067","1791360371824","0|0","MODE_NORMAL","com.example.d1check/com.example.d1check.MainActivity","Awake","186","1","1","10",""
"1791360381061","1791360381828","0|0","MODE_NORMAL","com.example.d1check/com.example.d1check.MainActivity","Awake","208","1","1","10",""
"1791360391062","1791360391866","0|0","MODE_NORMAL","com.example.d1check/com.example.d1check.MainActivity","Awake","257","1","1","10",""
"1791360401062","1791360401812","0|0","MODE_NORMAL","com.example.d1check/com.example.d1check.MainActivity","Awake","195","1","1","10",""
"1791360411065","1791360411864","0|0","MODE_NORMAL","com.example.d1check/com.example.d1check.MainActivity","Awake","243","1","1","10",""
"1791360421068","1791360421780","0|0","MODE_NORMAL","com.example.d1check/com.example.d1check.MainActivity","Awake","163","1","1","10",""
"1791360431071","1791360431815","0|0","MODE_NORMAL","com.example.d1check/com.example.d1check.MainActivity","Awake","191","1","1","10",""
"1791360441059","1791360441841","0|0","MODE_NORMAL","com.example.d1check/com.example.d1check.MainActivity","Awake","226","1","1","10",""
"1791360451072","1791360451772","0|0","MODE_NORMAL","com.example.d1check/com.example.d1check.MainActivity","Awake","146","1","1","10",""
"1791360461061","1791360461743","0|0","MODE_NORMAL","com.example.d1check/com.example.d1check.MainActivity","Awake","133","1","1","10",""
"1791360471073","1791360471784","0|0","MODE_NORMAL","com.example.d1check/com.example.d1check.MainActivity","Awake","163","1","1","10",""
"1791360481068","1791360481778","0|0","MODE_NORMAL","com.example.d1check/com.example.d1check.MainActivity","Awake","164","1","1","10",""
"1791360491070","1791360491779","0|0","MODE_NORMAL","com.example.d1check/com.example.d1check.MainActivity","Awake","163","1","1","10",""
"1791360501063","1791360501776","0|0","MODE_NORMAL","com.example.d1check/com.example.d1check.MainActivity","Awake","162","1","1","10",""
"1791360511064","1791360511775","0|0","MODE_NORMAL","com.example.d1check/com.example.d1check.MainActivity","Awake","162","1","1","10",""
"1791360521059","1791360521754","0|0","MODE_NORMAL","com.example.d1check/com.example.d1check.MainActivity","Awake","144","1","1","10",""
"1791360531064","1791360531755","0|0","MODE_NORMAL","com.example.d1check/com.example.d1check.MainActivity","Awake","146","1","1","10",""
"1791360541067","1791360541774","0|0","MODE_NORMAL","com.example.d1check/com.example.d1check.MainActivity","Awake","162","1","1","10",""
"1791360551070","1791360551762","0|0","MODE_NORMAL","com.example.d1check/com.example.d1check.MainActivity","Awake","146","1","1","10",""
"1791360561069","1791360561784","0|0","MODE_NORMAL","com.example.d1check/com.example.d1check.MainActivity","Awake","161","1","1","10",""
"1791360571065","1791360571783","0|0","MODE_NORMAL","com.example.d1check/com.example.d1check.MainActivity","Awake","148","1","1","10",""
"1791360581067","1791360581819","0|0","MODE_NORMAL","com.example.d1check/com.example.d1check.MainActivity","Awake","194","1","1","10",""
"1791360591057","1791360591769","0|0","MODE_NORMAL","com.example.d1check/com.example.d1check.MainActivity","Awake","163","1","1","10",""
"1791360601061","1791360601783","0|0","MODE_NORMAL","com.example.d1check/com.example.d1check.MainActivity","Awake","177","1","1","10",""
"1791360611074","1791360611823","0|0","MODE_NORMAL","com.example.d1check/com.example.d1check.MainActivity","Awake","197","1","1","10",""
"1791360621073","1791360621854","0|0","MODE_NORMAL","com.example.d1check/com.example.d1check.MainActivity","Awake","223","1","1","10",""
"1791360631065","1791360631809","0|0","MODE_NORMAL","com.example.d1check/com.example.d1check.MainActivity","Awake","194","1","1","10",""
"1791360641064","1791360641839","0|0","MODE_NORMAL","com.example.d1check/com.example.d1check.MainActivity","Awake","226","1","1","10",""
"1791360651063","1791360651865","0|0","MODE_NORMAL","com.example.d1check/com.example.d1check.MainActivity","Awake","260","1","1","10",""
"1791360661067","1791360661796","0|0","MODE_NORMAL","com.example.d1check/com.example.d1check.MainActivity","Awake","180","1","1","10",""
"1791360671063","1791360671840","0|0","MODE_NORMAL","com.example.d1check/com.example.d1check.MainActivity","Awake","206","1","1","10",""
"1791360681060","1791360681876","0|0","MODE_NORMAL","com.example.d1check/com.example.d1check.MainActivity","Awake","260","1","1","10",""
"1791360691068","1791360691800","0|0","MODE_NORMAL","com.example.d1check/com.example.d1check.MainActivity","Awake","179","1","1","10",""
"1791360701066","1791360701798","0|0","MODE_NORMAL","com.example.d1check/com.example.d1check.MainActivity","Awake","177","1","1","10",""
"1791360711055","1791360711774","0|0","MODE_NORMAL","com.example.d1check/com.example.d1check.MainActivity","Awake","164","1","1","10",""
"1791360721066","1791360721783","0|0","MODE_NORMAL","com.example.d1check/com.example.d1check.MainActivity","Awake","176","1","1","10",""
"1791360731069","1791360731796","0|0","MODE_NORMAL","com.example.d1check/com.example.d1check.MainActivity","Awake","176","1","1","10",""
"1791360741062","1791360741826","0|0","MODE_NORMAL","com.example.d1check/com.example.d1check.MainActivity","Awake","211","1","1","10",""
"1791360751063","1791360751844","0|0","MODE_NORMAL","com.example.d1check/com.example.d1check.MainActivity","Awake","226","1","1","10",""
"1791360761071","1791360761777","0|0","MODE_NORMAL","com.example.d1check/com.example.d1check.MainActivity","Awake","149","1","1","10",""
"1791360771058","1791360771748","0|0","MODE_NORMAL","com.example.d1check/com.example.d1check.MainActivity","Awake","130","1","1","10",""
"1791360781068","1791360781759","0|0","MODE_NORMAL","com.example.d1check/com.example.d1check.MainActivity","Awake","130","1","1","10",""
"1791360791066","1791360791772","0|0","MODE_NORMAL","com.example.d1check/com.example.d1check.MainActivity","Awake","161","1","1","10",""
"1791360801058","1791360801791","0|0","MODE_NORMAL","com.example.d1check/com.example.d1check.MainActivity","Awake","179","1","1","10",""
"1791360811059","1791360811841","0|0","MODE_NORMAL","com.example.d1check/com.example.d1check.MainActivity","Awake","225","1","1","10",""
"1791360821065","1791360821853","0|0","MODE_NORMAL","com.example.d1check/com.example.d1check.MainActivity","Awake","225","1","1","10",""
"1791360831073","1791360831878","0|0","MODE_NORMAL","com.example.d1check/com.example.d1check.MainActivity","Awake","255","1","1","10",""
"1791360841060","1791360841810","0|0","MODE_NORMAL","com.example.d1check/com.example.d1check.MainActivity","Awake","193","1","1","10",""
"1791360851072","1791360851853","0|0","MODE_NORMAL","com.example.d1check/com.example.d1check.MainActivity","Awake","224","1","1","10",""
"1791360861069","1791360861903","0|0","MODE_NORMAL","com.example.d1check/com.example.d1check.MainActivity","Awake","291","1","1","10",""
"1791360871058","1791360871819","0|0","MODE_NORMAL","com.example.d1check/com.example.d1check.MainActivity","Awake","211","1","1","10",""
"1791360881059","1791360881840","0|0","MODE_NORMAL","com.example.d1check/com.example.d1check.MainActivity","Awake","228","1","1","10",""
"1791360891066","1791360891895","0|0","MODE_NORMAL","com.example.d1check/com.example.d1check.MainActivity","Awake","276","1","1","10",""
"1791360901064","1791360901660","0|0","MODE_NORMAL","com.example.d1check/com.example.d1check.MainActivity","Awake","209","1","1","10",""
"1791360911058","1791360911698","0|0","MODE_NORMAL","com.example.d1check/com.example.d1check.MainActivity","Awake","241","1","1","10",""
"1791360921063","1791360921736","0|0","MODE_NORMAL","com.example.d1check/com.example.d1check.MainActivity","Awake","271","1","1","10",""
"1791360931073","1791360931657","0|0","MODE_NORMAL","com.example.d1check/com.example.d1check.MainActivity","Awake","191","1","1","10",""
"1791360941066","1791360941706","0|0","MODE_NORMAL","com.example.d1check/com.example.d1check.MainActivity","Awake","226","1","1","10",""
"1791360951071","1791360951782","0|0","MODE_NORMAL","com.example.d1check/com.example.d1check.MainActivity","Awake","318","1","1","10",""
"1791360961072","1791360961665","0|0","MODE_NORMAL","com.example.d1check/com.example.d1check.MainActivity","Awake","192","1","1","10",""
"1791360971073","1791360971704","0|0","MODE_NORMAL","com.example.d1check/com.example.d1check.MainActivity","Awake","241","1","1","10",""
"1791360981073","1791360981741","0|0","MODE_NORMAL","com.example.d1check/com.example.d1check.MainActivity","Awake","271","1","1","10",""
"1791360991058","1791360991715","0|0","MODE_NORMAL","com.example.d1check/com.example.d1check.MainActivity","Awake","269","1","1","10",""
"1791361001062","1791361001708","0|0","MODE_NORMAL","com.example.d1check/com.example.d1check.MainActivity","Awake","257","1","1","10",""
"1791361011061","1791361011639","0|0","MODE_NORMAL","com.example.d1check/com.example.d1check.MainActivity","Awake","177","1","1","10",""
"1791361021059","1791361021665","0|0","MODE_NORMAL","com.example.d1check/com.example.d1check.MainActivity","Awake","199","1","1","10",""
"1791361031065","1791361031713","0|0","MODE_NORMAL","com.example.d1check/com.example.d1check.MainActivity","Awake","253","1","1","10",""
"1791361041059","1791361041665","0|0","MODE_NORMAL","com.example.d1check/com.example.d1check.MainActivity","Awake","207","1","1","10",""
"1791361051064","1791361051678","0|0","MODE_NORMAL","com.example.d1check/com.example.d1check.MainActivity","Awake","223","1","1","10",""
"1791361061058","1791361061740","0|0","MODE_NORMAL","com.example.d1check/com.example.d1check.MainActivity","Awake","288","1","1","10",""
"1791361071065","1791361071643","0|0","MODE_NORMAL","com.example.d1check/com.example.d1check.MainActivity","Awake","177","1","1","10",""
"1791361081057","1791361081685","0|0","MODE_NORMAL","com.example.d1check/com.example.d1check.MainActivity","Awake","227","1","1","10",""
"1791361091066","1791361091728","0|0","MODE_NORMAL","com.example.d1check/com.example.d1check.MainActivity","Awake","276","1","1","10",""
"1791361101070","1791361101622","0|0","MODE_NORMAL","com.example.d1check/com.example.d1check.MainActivity","Awake","164","1","1","10",""
"1791361111066","1791361111702","0|0","MODE_NORMAL","com.example.d1check/com.example.d1check.MainActivity","Awake","243","1","1","10",""
"1791361121070","1791361121741","0|0","MODE_NORMAL","com.example.d1check/com.example.d1check.MainActivity","Awake","273","1","1","10",""
"1791361131073","1791361131650","0|0","MODE_NORMAL","com.example.d1check/com.example.d1check.MainActivity","Awake","182","1","1","10",""
"1791361141070","1791361141722","0|0","MODE_NORMAL","com.example.d1check/com.example.d1check.MainActivity","Awake","260","1","1","10",""
"1791361151062","1791361151732","0|0","MODE_NORMAL","com.example.d1check/com.example.d1check.MainActivity","Awake","275","1","1","10",""
"1791361161070","1791361161655","0|0","MODE_NORMAL","com.example.d1check/com.example.d1check.MainActivity","Awake","195","1","1","10",""
"1791361171063","1791361171690","0|0","MODE_NORMAL","com.example.d1check/com.example.d1check.MainActivity","Awake","225","1","1","10",""
"1791361181055","1791361181677","0|0","MODE_NORMAL","com.example.d1check/com.example.d1check.MainActivity","Awake","355","1","1","10",""
"1791361191066","1791361191656","0|0","MODE_NORMAL","com.example.d1check/com.example.d1check.MainActivity","Awake","193","1","1","10",""
"1791361201065","1791361201712","0|0","MODE_NORMAL","com.example.d1check/com.example.d1check.MainActivity","Awake","259","1","1","10",""
"1791361211071","1791361211641","0|0","MODE_NORMAL","com.example.d1check/com.example.d1check.MainActivity","Awake","178","1","1","10",""
"1791361221062","1791361221664","0|0","MODE_NORMAL","com.example.d1check/com.example.d1check.MainActivity","Awake","215","1","1","10",""
"1791361231069","1791361231704","0|0","MODE_NORMAL","com.example.d1check/com.example.d1check.MainActivity","Awake","240","1","1","10",""
"1791361241067","1791361241782","0|0","MODE_NORMAL","com.example.d1check/com.example.d1check.MainActivity","Awake","323","1","1","10",""
"1791361251069","1791361251675","0|0","MODE_NORMAL","com.example.d1check/com.example.d1check.MainActivity","Awake","211","1","1","10",""
"1791361261061","1791361261699","0|0","MODE_NORMAL","com.example.d1check/com.example.d1check.MainActivity","Awake","243","1","1","10",""
"1791361271068","1791361271646","0|0","MODE_NORMAL","com.example.d1check/com.example.d1check.MainActivity","Awake","178","1","1","10",""
"1791361281073","1791361281690","0|0","MODE_NORMAL","com.example.d1check/com.example.d1check.MainActivity","Awake","229","1","1","10",""
"1791361291059","1791361291710","0|0","MODE_NORMAL","com.example.d1check/com.example.d1check.MainActivity","Awake","260","1","1","10",""
"1791361301060","1791361301639","0|0","MODE_NORMAL","com.example.d1check/com.example.d1check.MainActivity","Awake","178","1","1","10",""
"1791361311067","1791361311660","0|0","MODE_NORMAL","com.example.d1check/com.example.d1check.MainActivity","Awake","193","1","1","10",""
"1791361321058","1791361321728","0|0","MODE_NORMAL","com.example.d1check/com.example.d1check.MainActivity","Awake","276","1","1","10",""
"1791361331063","1791361331633","0|0","MODE_NORMAL","com.example.d1check/com.example.d1check.MainActivity","Awake","178","1","1","10",""
"1791361341064","1791361341712","0|0","MODE_NORMAL","com.example.d1check/com.example.d1check.MainActivity","Awake","259","1","1","10",""
"1791361351072","1791361351721","0|0","MODE_NORMAL","com.example.d1check/com.example.d1check.MainActivity","Awake","243","1","1","10",""
"1791361361063","1791361361647","0|0","MODE_NORMAL","com.example.d1check/com.example.d1check.MainActivity","Awake","177","1","1","10",""
"1791361371068","1791361371679","0|0","MODE_NORMAL","com.example.d1check/com.example.d1check.MainActivity","Awake","195","1","1","10",""
"1791361381069","1791361381732","0|0","MODE_NORMAL","com.example.d1check/com.example.d1check.MainActivity","Awake","259","1","1","10",""
"1791361391058","1791361391634","0|0","MODE_NORMAL","com.example.d1check/com.example.d1check.MainActivity","Awake","180","1","1","10",""
"1791361401072","1791361401716","0|0","MODE_NORMAL","com.example.d1check/com.example.d1check.MainActivity","Awake","243","1","1","10",""
"1791361411062","1791361411699","0|0","MODE_NORMAL","com.example.d1check/com.example.d1check.MainActivity","Awake","230","1","1","10",""
"1791361421067","1791361421642","0|0","MODE_NORMAL","com.example.d1check/com.example.d1check.MainActivity","Awake","176","1","1","10",""
"1791361431065","1791361431686","0|0","MODE_NORMAL","com.example.d1check/com.example.d1check.MainActivity","Awake","226","1","1","10",""
"1791361441063","1791361441716","0|0","MODE_NORMAL","com.example.d1check/com.example.d1check.MainActivity","Awake","260","1","1","10",""
"1791361451069","1791361451771","0|0","MODE_NORMAL","com.example.d1check/com.example.d1check.MainActivity","Awake","309","1","1","10",""
"1791361461061","1791361461706","0|0","MODE_NORMAL","com.example.d1check/com.example.d1check.MainActivity","Awake","246","1","1","10",""
"1791361471059","1791361471726","0|0","MODE_NORMAL","com.example.d1check/com.example.d1check.MainActivity","Awake","260","1","1","10",""
"1791361481073","1791361481654","0|0","MODE_NORMAL","com.example.d1check/com.example.d1check.MainActivity","Awake","177","1","1","10",""
"1791361491068","1791361491720","0|0","MODE_NORMAL","com.example.d1check/com.example.d1check.MainActivity","Awake","260","1","1","10",""
"1791361501064","1791361501836","0|0","MODE_NORMAL","com.example.d1check/com.example.d1check.MainActivity","Awake","373","1","1","10",""
"1791361511058","1791361511678","0|0","MODE_NORMAL","com.example.d1check/com.example.d1check.MainActivity","Awake","226","1","1","10",""
"1791361521066","1791361521683","0|0","MODE_NORMAL","com.example.d1check/com.example.d1check.MainActivity","Awake","211","1","1","10",""
"1791361531062","1791361531755","0|0","MODE_NORMAL","com.example.d1check/com.example.d1check.MainActivity","Awake","292","1","1","10",""
"1791361541061","1791361541661","0|0","MODE_NORMAL","com.example.d1check/com.example.d1check.MainActivity","Awake","192","1","1","10",""
"1791361551071","1791361551703","0|0","MODE_NORMAL","com.example.d1check/com.example.d1check.MainActivity","Awake","227","1","1","10",""
"1791361561068","1791361561741","0|0","MODE_NORMAL","com.example.d1check/com.example.d1check.MainActivity","Awake","277","1","1","10",""
"1791361571062","1791361571670","0|0","MODE_NORMAL","com.example.d1check/com.example.d1check.MainActivity","Awake","212","1","1","10",""
"1791361581065","1791361581714","0|0","MODE_NORMAL","com.example.d1check/com.example.d1check.MainActivity","Awake","244","1","1","10",""
"1791361591068","1791361591720","0|0","MODE_NORMAL","com.example.d1check/com.example.d1check.MainActivity","Awake","244","1","1","10",""
"1791361601061","1791361601658","0|0","MODE_NORMAL","com.example.d1check/com.example.d1check.MainActivity","Awake","193","1","1","10",""
"1791361611059","1791361611725","0|0","MODE_NORMAL","com.example.d1check/com.example.d1check.MainActivity","Awake","275","1","1","10",""
"1791361621058","1791361621592","0|0","MODE_NORMAL","com.example.d1check/com.example.d1check.MainActivity","Awake","131","1","1","10",""
"1791361631060","1791361631688","0|0","MODE_NORMAL","com.example.d1check/com.example.d1check.MainActivity","Awake","224","1","1","10",""
"1791361641060","1791361641705","0|0","MODE_NORMAL","com.example.d1check/com.example.d1check.MainActivity","Awake","242","1","1","10",""
"1791361651065","1791361651656","0|0","MODE_NORMAL","com.example.d1check/com.example.d1check.MainActivity","Awake","190","1","1","10",""
"1791361661069","1791361661685","0|0","MODE_NORMAL","com.example.d1check/com.example.d1check.MainActivity","Awake","209","1","1","10",""
"1791361671062","1791361671721","0|0","MODE_NORMAL","com.example.d1check/com.example.d1check.MainActivity","Awake","259","1","1","10",""
"1791361681069","1791361681645","0|0","MODE_NORMAL","com.example.d1check/com.example.d1check.MainActivity","Awake","181","1","1","10",""
"1791361691061","1791361691685","0|0","MODE_NORMAL","com.example.d1check/com.example.d1check.MainActivity","Awake","224","1","1","10",""
"1791361701059","1791361701694","0|0","MODE_NORMAL","com.example.d1check/com.example.d1check.MainActivity","Awake","245","1","1","10",""
"1791361711059","1791361711627","0|0","MODE_NORMAL","com.example.d1check/com.example.d1check.MainActivity","Awake","177","1","1","10",""
"1791361721067","1791361721688","0|0","MODE_NORMAL","com.example.d1check/com.example.d1check.MainActivity","Awake","226","1","1","10",""
"1791361731061","1791361731739","0|0","MODE_NORMAL","com.example.d1check/com.example.d1check.MainActivity","Awake","274","1","1","10",""
"1791361741073","1791361742151","0|0","MODE_NORMAL","com.example.d1check/com.example.d1check.MainActivity","Awake","671","1","1","10",""
"1791361751063","1791361751690","0|0","MODE_NORMAL","com.example.d1check/com.example.d1check.MainActivity","Awake","226","1","1","10",""
"1791361761069","1791361761707","0|0","MODE_NORMAL","com.example.d1check/com.example.d1check.MainActivity","Awake","216","1","1","10",""
"1791361771071","1791361771680","0|0","MODE_NORMAL","com.example.d1check/com.example.d1check.MainActivity","Awake","209","1","1","10",""
"1791361781068","1791361781718","0|0","MODE_NORMAL","com.example.d1check/com.example.d1check.MainActivity","Awake","241","1","1","10",""
"1791361791066","1791361791732","0|0","MODE_NORMAL","com.example.d1check/com.example.d1check.MainActivity","Awake","277","1","1","10",""
"1791361801063","1791361801658","0|0","MODE_NORMAL","com.example.d1check/com.example.d1check.MainActivity","Awake","192","1","1","10",""
"1791361811070","1791361811691","0|0","MODE_NORMAL","com.example.d1check/com.example.d1check.MainActivity","Awake","224","1","1","10",""
"1791361821061","1791361821739","0|0","MODE_NORMAL","com.example.d1check/com.example.d1check.MainActivity","Awake","276","1","1","10",""
"1791361831059","1791361831677","0|0","MODE_NORMAL","com.example.d1check/com.example.d1check.MainActivity","Awake","209","1","1","10",""
"1791361841073","1791361841707","0|0","MODE_NORMAL","com.example.d1check/com.example.d1check.MainActivity","Awake","241","1","1","10",""
"1791361851059","1791361851715","0|0","MODE_NORMAL","com.example.d1check/com.example.d1check.MainActivity","Awake","259","1","1","10",""
"1791361861065","1791361861648","0|0","MODE_NORMAL","com.example.d1check/com.example.d1check.MainActivity","Awake","194","1","1","10",""
"1791361871054","1791361871704","0|0","MODE_NORMAL","com.example.d1check/com.example.d1check.MainActivity","Awake","241","1","1","10",""
"1791361881066","1791361881761","0|0","MODE_NORMAL","com.example.d1check/com.example.d1check.MainActivity","Awake","293","1","1","10",""
"1791361891061","1791361891660","0|0","MODE_NORMAL","com.example.d1check/com.example.d1check.MainActivity","Awake","195","1","1","10",""
"1791361901062","1791361901679","0|0","MODE_NORMAL","com.example.d1check/com.example.d1check.MainActivity","Awake","213","1","1","10",""
"1791361911062","1791361911628","0|0","MODE_NORMAL","com.example.d1check/com.example.d1check.MainActivity","Awake","161","1","1","10",""
"1791361921064","1791361921654","0|0","MODE_NORMAL","com.example.d1check/com.example.d1check.MainActivity","Awake","180","1","1","10",""
"1791361931061","1791361931711","0|0","MODE_NORMAL","com.example.d1check/com.example.d1check.MainActivity","Awake","242","1","1","10",""
"1791361941073","1791361941797","0|0","MODE_NORMAL","com.example.d1check/com.example.d1check.MainActivity","Awake","325","1","1","10",""
"1791361951072","1791361951669","0|0","MODE_NORMAL","com.example.d1check/com.example.d1check.MainActivity","Awake","195","1","1","10",""
"1791361961075","1791361961711","0|0","MODE_NORMAL","com.example.d1check/com.example.d1check.MainActivity","Awake","236","1","1","10",""
"1791361971060","1791361971743","0|0","MODE_NORMAL","com.example.d1check/com.example.d1check.MainActivity","Awake","292","1","1","10",""
"1791361981071","1791361981674","0|0","MODE_NORMAL","com.example.d1check/com.example.d1check.MainActivity","Awake","195","1","1","10",""
"1791361991063","1791361991764","0|0","MODE_NORMAL","com.example.d1check/com.example.d1check.MainActivity","Awake","289","1","1","10",""
"1791362001069","1791362001696","0|0","MODE_NORMAL","com.example.d1check/com.example.d1check.MainActivity","Awake","227","1","1","10",""
"1791362011070","1791362011689","0|0","MODE_NORMAL","com.example.d1check/com.example.d1check.MainActivity","Awake","209","1","1","10",""
"1791362021069","1791362021626","0|0","MODE_NORMAL","com.example.d1check/com.example.d1check.MainActivity","Awake","146","1","1","10",""
"1791362031069","1791362031760","0|0","MODE_NORMAL","com.example.d1check/com.example.d1check.MainActivity","Awake","288","1","1","10",""
"1791362041073","1791362041712","0|0","MODE_NORMAL","com.example.d1check/com.example.d1check.MainActivity","Awake","225","1","1","10",""
"1791362051062","1791362051730","0|0","MODE_NORMAL","com.example.d1check/com.example.d1check.MainActivity","Awake","243","1","1","10",""
"1791362061071","1791362061742","0|0","MODE_NORMAL","com.example.d1check/com.example.d1check.MainActivity","Awake","272","1","1","10",""
"1791362071060","1791362071711","0|0","MODE_NORMAL","com.example.d1check/com.example.d1check.MainActivity","Awake","243","1","1","10",""
"1791362081059","1791362081728","0|0","MODE_NORMAL","com.example.d1check/com.example.d1check.MainActivity","Awake","273","1","1","10",""
"1791362091061","1791362091655","0|0","MODE_NORMAL","com.example.d1check/com.example.d1check.MainActivity","Awake","184","1","1","10",""
"1791362101073","1791362101686","0|0","MODE_NORMAL","com.example.d1check/com.example.d1check.MainActivity","Awake","230","1","1","10",""
"1791362111063","1791362111744","0|0","MODE_NORMAL","com.example.d1check/com.example.d1check.MainActivity","Awake","271","1","1","10",""
"1791362121064","1791362121658","0|0","MODE_NORMAL","com.example.d1check/com.example.d1check.MainActivity","Awake","184","1","1","10",""
"1791362131063","1791362131688","0|0","MODE_NORMAL","com.example.d1check/com.example.d1check.MainActivity","Awake","224","1","1","10",""
"1791362141066","1791362141758","0|0","MODE_NORMAL","com.example.d1check/com.example.d1check.MainActivity","Awake","287","1","1","10",""
"1791362151065","1791362151681","0|0","MODE_NORMAL","com.example.d1check/com.example.d1check.MainActivity","Awake","212","1","1","10",""
"1791362161067","1791362161706","0|0","MODE_NORMAL","com.example.d1check/com.example.d1check.MainActivity","Awake","238","1","1","10",""
"1791362171068","1791362171722","0|0","MODE_NORMAL","NotificationShade","Dozing","254","1","0","10",""
"1791362181070","1791362181696","0|0","MODE_NORMAL","NotificationShade","Awake","227","1","1","10",""
"1791362191071","","","","","","10144","0","0","10","adb_rc_1"
"1791362211073","","","","","","37","0","0","10","adb_rc_1"
"1791362221062","","","","","","29","0","0","10","adb_rc_1"
"1791362231062","","","","","","29","0","0","10","adb_rc_1"
"1791362241058","","","","","","29","0","0","10","adb_rc_1"
"1791362251061","","","","","","28","0","0","10","adb_rc_1"
"1791362261062","","","","","","29","0","0","10","adb_rc_1"
"1791362271062","","","","","","27","0","0","10","adb_rc_1"
"1791362281063","","","","","","30","0","0","10","adb_rc_1"
"1791362291072","","","","","","30","0","0","10","adb_rc_1"
"1791362301058","","","","","","36","0","0","10","adb_rc_1"
"1791362311060","","","","","","31","0","0","10","adb_rc_1"
"1791362321068","","","","","","27","0","0","10","adb_rc_1"
"1791362331069","","","","","","30","0","0","10","adb_rc_1"
"1791362341070","","","","","","28","0","0","10","adb_rc_1"
"1791362351070","","","","","","31","0","0","10","adb_rc_1"
"1791362361055","","","","","","33","0","0","10","adb_rc_1"
"1791362371074","","","","","","36","0","0","10","adb_rc_1"
"1791362381075","","","","","","29","0","0","10","adb_rc_1"
"1791362391068","","","","","","28","0","0","10","adb_rc_1"
"1791362401060","","","","","","30","0","0","10","adb_rc_1"
"1791362411058","","","","","","32","0","0","10","adb_rc_1"
"1791362421061","","","","","","31","0","0","10","adb_rc_1"
"1791362431062","","","","","","32","0","0","10","adb_rc_1"
"1791362441061","","","","","","31","0","0","10","adb_rc_1"
"1791362451063","","","","","","26","0","0","10","adb_rc_1"
"1791362461064","","","","","","32","0","0","10","adb_rc_1"
"1791362471064","","","","","","30","0","0","10","adb_rc_1"
"1791362481067","","","","","","35","0","0","10","adb_rc_1"
"1791362491068","","","","","","29","0","0","10","adb_rc_1"
"1791362501066","","","","","","32","0","0","10","adb_rc_1"
"1791362511070","","","","","","28","0","0","10","adb_rc_1"
"1791362521071","","","","","","30","0","0","10","adb_rc_1"
"1791362531070","","","","","","27","0","0","10","adb_rc_1"
"1791362541074","","","","","","29","0","0","10","adb_rc_1"
"1791362551075","","","","","","34","0","0","10","adb_rc_1"
"1791362561072","","","","","","30","0","0","10","adb_rc_1"
"1791362571059","","","","","","34","0","0","10","adb_rc_1"
"1791362581061","","","","","","27","0","0","10","adb_rc_1"
"1791362591061","","","","","","30","0","0","10","adb_rc_1"
"1791362601064","","","","","","29","0","0","10","adb_rc_1"
"1791362611062","","","","","","29","0","0","10","adb_rc_1"
"1791362621063","","","","","","28","0","0","10","adb_rc_1"
"1791362631064","","","","","","30","0","0","10","adb_rc_1"
"1791362641084","","","","","","32","0","0","10","adb_rc_1"
"1791362651064","","","","","","30","0","0","10","adb_rc_1"
"1791362661069","","","","","","34","0","0","10","adb_rc_1"
"1791362671068","","","","","","30","0","0","10","adb_rc_1"
"1791362681069","","","","","","30","0","0","10","adb_rc_1"
"1791362691072","","","","","","33","0","0","10","adb_rc_1"
"1791362701072","","","","","","31","0","0","10","adb_rc_1"
"1791362711071","","","","","","30","0","0","10","adb_rc_1"
"1791362721058","","","","","","31","0","0","10","adb_rc_1"
"1791362731060","","","","","","31","0","0","10","adb_rc_1"
"1791362741060","","","","","","28","0","0","10","adb_rc_1"
"1791362751061","","","","","","26","0","0","10","adb_rc_1"
"1791362761062","","","","","","31","0","0","10","adb_rc_1"
"1791362771060","","","","","","34","0","0","10","adb_rc_1"
"1791362781064","","","","","","30","0","0","10","adb_rc_1"
"1791362791065","","","","","","34","0","0","10","adb_rc_1"
"1791362801066","","","","","","26","0","0","10","adb_rc_1"
"1791362811067","","","","","","30","0","0","10","adb_rc_1"
"1791362821067","","","","","","32","0","0","10","adb_rc_1"
"1791362831065","","","","","","33","0","0","10","adb_rc_1"
"1791362841070","","","","","","31","0","0","10","adb_rc_1"
"1791362851072","","","","","","28","0","0","10","adb_rc_1"
"1791362861069","","","","","","30","0","0","10","adb_rc_1"
"1791362871074","","","","","","32","0","0","10","adb_rc_1"
"1791362881059","","","","","","30","0","0","10","adb_rc_1"
"1791362891073","","","","","","29","0","0","10","adb_rc_1"
"1791362901059","","","","","","30","0","0","10","adb_rc_1"
"1791362911061","","","","","","33","0","0","10","adb_rc_1"
"1791362921059","","","","","","28","0","0","10","adb_rc_1"
"1791362931062","","","","","","39","0","0","10","adb_rc_1"
"1791362941064","","","","","","31","0","0","10","adb_rc_1"
"1791362951062","","","","","","34","0","0","10","adb_rc_1"
"1791362961065","","","","","","28","0","0","10","adb_rc_1"
"1791362971067","","","","","","30","0","0","10","adb_rc_1"
"1791362981065","","","","","","30","0","0","10","adb_rc_1"
"1791362991068","","","","","","33","0","0","10","adb_rc_1"
"1791363001070","","","","","","29","0","0","10","adb_rc_1"
"1791363011067","","","","","","30","0","0","10","adb_rc_1"
"1791363021071","","","","","","34","0","0","10","adb_rc_1"
"1791363031073","","","","","","30","0","0","10","adb_rc_1"
"1791363041072","","","","","","33","0","0","10","adb_rc_1"
"1791363051074","","","","","","30","0","0","10","adb_rc_1"
"1791363061060","","","","","","32","0","0","10","adb_rc_1"
"1791363071059","","","","","","34","0","0","10","adb_rc_1"
"1791363081060","","","","","","29","0","0","10","adb_rc_1"
"1791363091062","","","","","","30","0","0","10","adb_rc_1"
"1791363101063","","","","","","31","0","0","10","adb_rc_1"
"1791363111063","","","","","","28","0","0","10","adb_rc_1"
"1791363121064","","","","","","32","0","0","10","adb_rc_1"
"1791363131067","","","","","","32","0","0","10","adb_rc_1"
"1791363141066","","","","","","30","0","0","10","adb_rc_1"
"1791363151069","","","","","","29","0","0","10","adb_rc_1"
"1791363161068","","","","","","34","0","0","10","adb_rc_1"
"1791363171055","","","","","","29","0","0","10","adb_rc_1"
"1791363181056","","","","","","31","0","0","10","adb_rc_1"
"1791363191057","","","","","","31","0","0","10","adb_rc_1"
"1791363201056","","","","","","35","0","0","10","adb_rc_1"
"1791363211058","","","","","","34","0","0","10","adb_rc_1"
"1791363221071","","","","","","27","0","0","10","adb_rc_1"
"1791363231060","","","","","","30","0","0","10","adb_rc_1"
"1791363241060","","","","","","31","0","0","10","adb_rc_1"
"1791363251060","","","","","","31","0","0","10","adb_rc_1"
"1791363261063","","","","","","29","0","0","10","adb_rc_1"
"1791363271064","","","","","","31","0","0","10","adb_rc_1"
"1791363281060","","","","","","27","0","0","10","adb_rc_1"
"1791363291065","","","","","","28","0","0","10","adb_rc_1"
"1791363301068","","","","","","28","0","0","10","adb_rc_1"
"1791363311067","","","","","","29","0","0","10","adb_rc_1"
"1791363321069","","","","","","33","0","0","10","adb_rc_1"
"1791363331070","","","","","","33","0","0","10","adb_rc_1"
"1791363341068","","","","","","31","0","0","10","adb_rc_1"
"1791363351072","","","","","","31","0","0","10","adb_rc_1"
"1791363361072","","","","","","30","0","0","10","adb_rc_1"
"1791363371059","","","","","","30","0","0","10","adb_rc_1"
"1791363381058","","","","","","29","0","0","10","adb_rc_1"
"1791363391058","","","","","","27","0","0","10","adb_rc_1"
"1791363401058","","","","","","27","0","0","10","adb_rc_1"
"1791363411060","","","","","","32","0","0","10","adb_rc_1"
"1791363421063","","","","","","32","0","0","10","adb_rc_1"
"1791363431060","","","","","","31","0","0","10","adb_rc_1"
"1791363441065","","","","","","34","0","0","10","adb_rc_1"
"1791363451064","","","","","","32","0","0","10","adb_rc_1"
"1791363461064","","","","","","34","0","0","10","adb_rc_1"
"1791363471066","","","","","","28","0","0","10","adb_rc_1"
"1791363481069","","","","","","31","0","0","10","adb_rc_1"
"1791363491069","","","","","","30","0","0","10","adb_rc_1"
"1791363501070","","","","","","30","0","0","10","adb_rc_1"
"1791363511072","","","","","","35","0","0","10","adb_rc_1"
"1791363521070","","","","","","28","0","0","10","adb_rc_1"
"1791363531075","","","","","","32","0","0","10","adb_rc_1"
"1791363541075","","","","","","32","0","0","10","adb_rc_1"
"1791363551073","","","","","","30","0","0","10","adb_rc_1"
"1791363561060","","","","","","30","0","0","10","adb_rc_1"
"1791363571062","","","","","","31","0","0","10","adb_rc_1"
"1791363581059","","","","","","29","0","0","10","adb_rc_1"
"1791363591063","","","","","","35","0","0","10","adb_rc_1"
"1791363601064","","","","","","34","0","0","10","adb_rc_1"
"1791363611062","","","","","","31","0","0","10","adb_rc_1"
"1791363621066","","","","","","31","0","0","10","adb_rc_1"
"1791363631067","","","","","","34","0","0","10","adb_rc_1"
"1791363641064","","","","","","29","0","0","10","adb_rc_1"
"1791363651069","","","","","","31","0","0","10","adb_rc_1"
"1791363661070","","","","","","33","0","0","10","adb_rc_1"
"1791363671067","","","","","","29","0","0","10","adb_rc_1"
"1791363681071","","","","","","32","0","0","10","adb_rc_1"
"1791363691074","","","","","","32","0","0","10","adb_rc_1"
"1791363701074","","","","","","33","0","0","10","adb_rc_1"
"1791363711059","","","","","","29","0","0","10","adb_rc_1"
"1791363721060","","","","","","30","0","0","10","adb_rc_1"
"1791363731059","","","","","","32","0","0","10","adb_rc_1"
"1791363741062","","","","","","29","0","0","10","adb_rc_1"
"1791363751063","","","","","","35","0","0","10","adb_rc_1"
"1791363761063","","","","","","35","0","0","10","adb_rc_1"
"1791363771065","","","","","","37","0","0","10","adb_rc_1"
"1791363781065","","","","","","32","0","0","10","adb_rc_1"
"1791363791066","","","","","","31","0","0","10","adb_rc_1"
"1791363801066","","","","","","30","0","0","10","adb_rc_1"
"1791363811069","","","","","","33","0","0","10","adb_rc_1"
"1791363821067","","","","","","32","0","0","10","adb_rc_1"
"1791363831072","","","","","","28","0","0","10","adb_rc_1"
"1791363841071","","","","","","33","0","0","10","adb_rc_1"
"1791363851073","","","","","","27","0","0","10","adb_rc_1"
"1791363861059","","","","","","33","0","0","10","adb_rc_1"
"1791363871058","","","","","","30","0","0","10","adb_rc_1"
"1791363881075","","","","","","29","0","0","10","adb_rc_1"
"1791363891061","","","","","","33","0","0","10","adb_rc_1"
"1791363901061","","","","","","32","0","0","10","adb_rc_1"
"1791363911073","","","","","","32","0","0","10","adb_rc_1"
"1791363921063","","","","","","29","0","0","10","adb_rc_1"
"1791363931063","","","","","","31","0","0","10","adb_rc_1"
"1791363941058","","","","","","27","0","0","10","adb_rc_1"
"1791363951065","","","","","","29","0","0","10","adb_rc_1"
"1791363961067","","","","","","31","0","0","10","adb_rc_1"
"1791363971068","","","","","","31","0","0","10","adb_rc_1"
"1791363981066","","","","","","30","0","0","10","adb_rc_1"
"1791363991071","","","","","","28","0","0","10","adb_rc_1"
"1791364001074","","","","","","25","0","0","10","adb_rc_1"
"1791364011072","","","","","","31","0","0","10","adb_rc_1"
"1791364021057","","","","","","32","0","0","10","adb_rc_1"
"1791364031059","","","","","","32","0","0","10","adb_rc_1"
"1791364041067","","","","","","30","0","0","10","adb_rc_1"
"1791364051058","","","","","","31","0","0","10","adb_rc_1"
"1791364061060","","","","","","28","0","0","10","adb_rc_1"
"1791364071070","","","","","","29","0","0","10","adb_rc_1"
"1791364081063","","","","","","28","0","0","10","adb_rc_1"
"1791364091067","","","","","","28","0","0","10","adb_rc_1"
"1791364101059","","","","","","28","0","0","10","adb_rc_1"
"1791364111066","","","","","","33","0","0","10","adb_rc_1"
"1791364121070","","","","","","30","0","0","10","adb_rc_1"
"1791364131060","","","","","","30","0","0","10","adb_rc_1"
"1791364141067","","","","","","31","0","0","10","adb_rc_1"
"1791364151059","","","","","","26","0","0","10","adb_rc_1"
"1791364161064","","","","","","30","0","0","10","adb_rc_1"
"1791364171068","","","","","","32","0","0","10","adb_rc_1"
"1791364181063","","","","","","30","0","0","10","adb_rc_1"
"1791364191067","","","","","","32","0","0","10","adb_rc_1"
"1791364201062","","","","","","32","0","0","10","adb_rc_1"
"1791364211063","","","","","","32","0","0","10","adb_rc_1"
"1791364221069","","","","","","29","0","0","10","adb_rc_1"
"1791364231068","","","","","","24","0","0","10","adb_rc_1"
"1791364241059","","","","","","28","0","0","10","adb_rc_1"
"1791364251070","","","","","","29","0","0","10","adb_rc_1"
"1791364261073","","","","","","28","0","0","10","adb_rc_1"
"1791364271070","","","","","","30","0","0","10","adb_rc_1"
"1791364281060","","","","","","28","0","0","10","adb_rc_1"
"1791364291065","","","","","","29","0","0","10","adb_rc_1"
"1791364301063","","","","","","28","0","0","10","adb_rc_1"
"1791364311066","","","","","","33","0","0","10","adb_rc_1"
"1791364321064","","","","","","26","0","0","10","adb_rc_1"
"1791364331070","","","","","","30","0","0","10","adb_rc_1"
"1791364341063","","","","","","29","0","0","10","adb_rc_1"
"1791364351069","","","","","","31","0","0","10","adb_rc_1"
"1791364361064","","","","","","32","0","0","10","adb_rc_1"
"1791364371069","","","","","","33","0","0","10","adb_rc_1"
"1791364381070","","","","","","28","0","0","10","adb_rc_1"
"1791364391071","","","","","","28","0","0","10","adb_rc_1"
"1791364401070","","","","","","29","0","0","10","adb_rc_1"
"1791364411064","","","","","","24","0","0","10","adb_rc_1"
"1791364421059","","","","","","32","0","0","10","adb_rc_1"
"1791364431059","","","","","","34","0","0","10","adb_rc_1"
"1791364441063","","","","","","32","0","0","10","adb_rc_1"
"1791364451060","","","","","","30","0","0","10","adb_rc_1"
"1791364461060","","","","","","28","0","0","10","adb_rc_1"
"1791364471071","","","","","","29","0","0","10","adb_rc_1"
"1791364481062","","","","","","27","0","0","10","adb_rc_1"
"1791364491059","","","","","","27","0","0","10","adb_rc_1"
"1791364501073","","","","","","27","0","0","10","adb_rc_1"
"1791364511062","","","","","","28","0","0","10","adb_rc_1"
"1791364521065","","","","","","33","0","0","10","adb_rc_1"
"1791364531073","","","","","","33","0","0","10","adb_rc_1"
"1791364541061","","","","","","28","0","0","10","adb_rc_1"
"1791364551070","","","","","","30","0","0","10","adb_rc_1"
"1791364561061","","","","","","46","0","0","10","adb_rc_1"
"1791364571069","","","","","","46","0","0","10","adb_rc_1"
"1791364581071","","","","","","49","0","0","10","adb_rc_1"
"1791364591062","","","","","","44","0","0","10","adb_rc_1"
"1791364601065","","","","","","35","0","0","10","adb_rc_1"
"1791364611071","","","","","","39","0","0","10","adb_rc_1"
"1791364621065","","","","","","49","0","0","10","adb_rc_1"
"1791364631064","","","","","","41","0","0","10","adb_rc_1"
"1791364641071","","","","","","39","0","0","10","adb_rc_1"
"1791364651065","","","","","","48","0","0","10","adb_rc_1"
"1791364661065","","","","","","47","0","0","10","adb_rc_1"
"1791364671066","","","","","","47","0","0","10","adb_rc_1"
"1791364681063","","","","","","48","0","0","10","adb_rc_1"
"1791364691067","","","","","","49","0","0","10","adb_rc_1"
"1791364701063","","","","","","46","0","0","10","adb_rc_1"
"1791364711058","","","","","","44","0","0","10","adb_rc_1"
"1791364721069","","","","","","43","0","0","10","adb_rc_1"
"1791364731063","","","","","","41","0","0","10","adb_rc_1"
"1791364741060","","","","","","44","0","0","10","adb_rc_1"
"1791364751070","","","","","","43","0","0","10","adb_rc_1"
"1791364761068","","","","","","47","0","0","10","adb_rc_1"
"1791364771068","","","","","","44","0","0","10","adb_rc_1"
"1791364781071","","","","","","46","0","0","10","adb_rc_1"
"1791364791056","","","","","","47","0","0","10","adb_rc_1"
"1791364801057","","","","","","49","0","0","10","adb_rc_1"
"1791364811064","","","","","","50","0","0","10","adb_rc_1"
"1791364821072","","","","","","49","0","0","10","adb_rc_1"
"1791364831057","","","","","","48","0","0","10","adb_rc_1"
"1791364841059","","","","","","47","0","0","10","adb_rc_1"
"1791364851070","","","","","","49","0","0","10","adb_rc_1"
"1791364861060","","","","","","39","0","0","10","adb_rc_1"
"1791364871065","","","","","","47","0","0","10","adb_rc_1"
"1791364881065","","","","","","40","0","0","10","adb_rc_1"
"1791364891067","","","","","","41","0","0","10","adb_rc_1"
"1791364901066","","","","","","34","0","0","10","adb_rc_1"
"1791364911065","","","","","","40","0","0","10","adb_rc_1"
"1791364921056","","","","","","39","0","0","10","adb_rc_1"
"1791364931066","","","","","","46","0","0","10","adb_rc_1"
"1791364941073","","","","","","51","0","0","10","adb_rc_1"
"1791364951062","","","","","","47","0","0","10","adb_rc_1"
"1791364961071","","","","","","45","0","0","10","adb_rc_1"
"1791364971068","","","","","","48","0","0","10","adb_rc_1"
"1791364981068","","","","","","48","0","0","10","adb_rc_1"
"1791364991057","","","","","","42","0","0","10","adb_rc_1"
"1791365001067","","","","","","48","0","0","10","adb_rc_1"
"1791365011072","","","","","","43","0","0","10","adb_rc_1"
"1791365021058","","","","","","44","0","0","10","adb_rc_1"
"1791365031069","","","","","","42","0","0","10","adb_rc_1"
"1791365041063","","","","","","47","0","0","10","adb_rc_1"
"1791365051072","","","","","","44","0","0","10","adb_rc_1"
"1791365061067","","","","","","47","0","0","10","adb_rc_1"
"1791365071057","","","","","","35","0","0","10","adb_rc_1"
"1791365081063","","","","","","50","0","0","10","adb_rc_1"
"1791365091063","","","","","","46","0","0","10","adb_rc_1"
"1791365101073","","","","","","43","0","0","10","adb_rc_1"
"1791365111068","","","","","","48","0","0","10","adb_rc_1"
"1791365121073","","","","","","47","0","0","10","adb_rc_1"
"1791365131058","","","","","","46","0","0","10","adb_rc_1"
"1791365141059","","","","","","46","0","0","10","adb_rc_1"
"1791365151070","","","","","","44","0","0","10","adb_rc_1"
"1791365161070","","","","","","39","0","0","10","adb_rc_1"
"1791365171065","","","","","","46","0","0","10","adb_rc_1"
"1791365181061","","","","","","43","0","0","10","adb_rc_1"
"1791365191061","","","","","","42","0","0","10","adb_rc_1"
"1791365201071","","","","","","48","0","0","10","adb_rc_1"
"1791365211059","","","","","","50","0","0","10","adb_rc_1"
"1791365221074","","","","","","46","0","0","10","adb_rc_1"
"1791365231068","","","","","","46","0","0","10","adb_rc_1"
"1791365241068","","","","","","46","0","0","10","adb_rc_1"
"1791365251061","","","","","","47","0","0","10","adb_rc_1"
"1791365261061","","","","","","46","0","0","10","adb_rc_1"
"1791365271067","","","","","","50","0","0","10","adb_rc_1"
"1791365281060","","","","","","49","0","0","10","adb_rc_1"
"1791365291058","","","","","","41","0","0","10","adb_rc_1"
"1791365301058","","","","","","41","0","0","10","adb_rc_1"
"1791365311062","","","","","","50","0","0","10","adb_rc_1"
"1791365321068","","","","","","44","0","0","10","adb_rc_1"
"1791365331060","","","","","","42","0","0","10","adb_rc_1"
"1791365341073","","","","","","48","0","0","10","adb_rc_1"
"1791365351059","","","","","","47","0","0","10","adb_rc_1"
"1791365361063","","","","","","49","0","0","10","adb_rc_1"
"1791365371066","","","","","","45","0","0","10","adb_rc_1"
"1791365906010","","","","","","54","0","0","10","adb_rc_1"
"1791365911059","","","","","","42","0","0","10","adb_rc_1"
"1791365921062","","","","","","59","0","0","10","adb_rc_1"
"1791365931060","","","","","","44","0","0","10","adb_rc_1"
"1791365941063","","","","","","48","0","0","10","adb_rc_1"
"1791365951065","","","","","","57","0","0","10","adb_rc_1"
"1791365961073","","","","","","43","0","0","10","adb_rc_1"
"1791365971071","","","","","","44","0","0","10","adb_rc_1"
"1791365981072","","","","","","50","0","0","10","adb_rc_1"
"1791365991061","","","","","","41","0","0","10","adb_rc_1"
"1791366001071","","","","","","44","0","0","10","adb_rc_1"
"1791366011058","","","","","","53","0","0","10","adb_rc_1"
"1791366021067","","","","","","34","0","0","10","adb_rc_1"
"1791366031067","","","","","","48","0","0","10","adb_rc_1"
"1791366041058","","","","","","46","0","0","10","adb_rc_1"
"1791366051058","","","","","","46","0","0","10","adb_rc_1"
"1791366061059","","","","","","40","0","0","10","adb_rc_1"
"1791366071073","","","","","","52","0","0","10","adb_rc_1"
"1791366081072","","","","","","50","0","0","10","adb_rc_1"
"1791366091062","","","","","","50","0","0","10","adb_rc_1"
"1791366101067","","","","","","51","0","0","10","adb_rc_1"
"1791366111062","","","","","","48","0","0","10","adb_rc_1"
"1791366121063","","","","","","49","0","0","10","adb_rc_1"
"1791366131064","","","","","","46","0","0","10","adb_rc_1"
"1791366141063","","","","","","52","0","0","10","adb_rc_1"
"1791366151072","","","","","","50","0","0","10","adb_rc_1"
"1791366161073","","","","","","47","0","0","10","adb_rc_1"
"1791366171068","","","","","","46","0","0","10","adb_rc_1"
"1791366181060","","","","","","48","0","0","10","adb_rc_1"
"1791366191061","","","","","","52","0","0","10","adb_rc_1"
"1791366201061","","","","","","45","0","0","10","adb_rc_1"
"1791366211070","","","","","","47","0","0","10","adb_rc_1"
"1791366221061","","","","","","47","0","0","10","adb_rc_1"
"1791366231061","","","","","","53","0","0","10","adb_rc_1"
"1791366241059","","","","","","42","0","0","10","adb_rc_1"
"1791366251073","","","","","","44","0","0","10","adb_rc_1"
"1791366261068","","","","","","48","0","0","10","adb_rc_1"
"1791366271073","","","","","","53","0","0","10","adb_rc_1"
"1791366281068","","","","","","48","0","0","10","adb_rc_1"
"1791366291060","","","","","","45","0","0","10","adb_rc_1"
"1791366301068","","","","","","47","0","0","10","adb_rc_1"
"1791366311069","","","","","","47","0","0","10","adb_rc_1"
"1791366321059","","","","","","46","0","0","10","adb_rc_1"
"1791366331058","","","","","","48","0","0","10","adb_rc_1"
"1791366341069","","","","","","44","0","0","10","adb_rc_1"
"1791366351069","","","","","","34","0","0","10","adb_rc_1"
"1791366361073","","","","","","39","0","0","10","adb_rc_1"
"1791366371061","","","","","","41","0","0","10","adb_rc_1"
"1791366381064","","","","","","50","0","0","10","adb_rc_1"
"1791366391063","","","","","","43","0","0","10","adb_rc_1"
"1791366401061","","","","","","45","0","0","10","adb_rc_1"
"1791366411061","","","","","","49","0","0","10","adb_rc_1"
"1791366421059","","","","","","48","0","0","10","adb_rc_1"
"1791366431074","","","","","","47","0","0","10","adb_rc_1"
"1791366441073","","","","","","44","0","0","10","adb_rc_1"
"1791366451064","","","","","","47","0","0","10","adb_rc_1"
"1791366461061","","","","","","44","0","0","10","adb_rc_1"
"1791366471071","","","","","","42","0","0","10","adb_rc_1"
"1791366481067","","","","","","47","0","0","10","adb_rc_1"
"1791366491058","","","","","","43","0","0","10","adb_rc_1"
"1791366501089","","","","","","49","0","0","10","adb_rc_1"
"1791366511072","","","","","","35","0","0","10","adb_rc_1"
"1791366521064","","","","","","48","0","0","10","adb_rc_1"
"1791366531064","","","","","","48","0","0","10","adb_rc_1"
"1791366541074","","","","","","46","0","0","10","adb_rc_1"
"1791366551069","","","","","","47","0","0","10","adb_rc_1"
"1791366561063","","","","","","49","0","0","10","adb_rc_1"
"1791366571072","","","","","","47","0","0","10","adb_rc_1"
"1791366581069","","","","","","50","0","0","10","adb_rc_1"
"1791366591067","","","","","","40","0","0","10","adb_rc_1"
"1791366601073","","","","","","46","0","0","10","adb_rc_1"
"1791366611061","","","","","","45","0","0","10","adb_rc_1"
"1791366621071","","","","","","47","0","0","10","adb_rc_1"
"1791366631064","","","","","","48","0","0","10","adb_rc_1"
"1791366641073","","","","","","47","0","0","10","adb_rc_1"
"1791366651063","","","","","","44","0","0","10","adb_rc_1"
"1791366661062","","","","","","42","0","0","10","adb_rc_1"
"1791366671070","","","","","","47","0","0","10","adb_rc_1"
"1791366681060","","","","","","49","0","0","10","adb_rc_1"
"1791366691060","","","","","","50","0","0","10","adb_rc_1"
"1791366701060","","","","","","46","0","0","10","adb_rc_1"
"1791366711060","","","","","","48","0","0","10","adb_rc_1"
"1791366721067","","","","","","46","0","0","10","adb_rc_1"
"1791366731068","","","","","","45","0","0","10","adb_rc_1"
"1791366741069","","","","","","42","0","0","10","adb_rc_1"
"1791366751058","","","","","","46","0","0","10","adb_rc_1"
"1791366761073","","","","","","49","0","0","10","adb_rc_1"
"1791366771072","","","","","","49","0","0","10","adb_rc_1"
"1791366781070","","","","","","47","0","0","10","adb_rc_1"
"1791366791072","","","","","","41","0","0","10","adb_rc_1"
"1791366801058","","","","","","45","0","0","10","adb_rc_1"
"1791366811068","","","","","","39","0","0","10","adb_rc_1"
"1791366821071","","","","","","61","0","0","10","adb_rc_1"
"1791366831062","","","","","","38","0","0","10","adb_rc_1"
"1791366841073","","","","","","43","0","0","10","adb_rc_1"
"1791366851060","","","","","","51","0","0","10","adb_rc_1"
"1791366861059","","","","","","46","0","0","10","adb_rc_1"
"1791366871068","","","","","","56","0","0","10","adb_rc_1"
"1791366881063","","","","","","47","0","0","10","adb_rc_1"
"1791366891067","","","","","","42","0","0","10","adb_rc_1"
"1791366901061","","","","","","49","0","0","10","adb_rc_1"
"1791366911067","","","","","","45","0","0","10","adb_rc_1"
"1791366921069","","","","","","38","0","0","10","adb_rc_1"
"1791366931057","","","","","","47","0","0","10","adb_rc_1"
"1791366941060","","","","","","46","0","0","10","adb_rc_1"
"1791366951069","","","","","","50","0","0","10","adb_rc_1"
"1791366961063","","","","","","52","0","0","10","adb_rc_1"
"1791366971065","","","","","","48","0","0","10","adb_rc_1"
"1791366981070","","","","","","51","0","0","10","adb_rc_1"
"1791366991062","","","","","","47","0","0","10","adb_rc_1"
"1791367001072","","","","","","52","0","0","10","adb_rc_1"
"1791367011066","","","","","","53","0","0","10","adb_rc_1"
"1791367021058","","","","","","49","0","0","10","adb_rc_1"
"1791367031064","","","","","","46","0","0","10","adb_rc_1"
"1791367041069","","","","","","51","0","0","10","adb_rc_1"
"1791367051062","","","","","","50","0","0","10","adb_rc_1"
"1791367061069","","","","","","40","0","0","10","adb_rc_1"
"1791367071071","","","","","","49","0","0","10","adb_rc_1"
"1791367081070","","","","","","46","0","0","10","adb_rc_1"
"1791367091071","","","","","","47","0","0","10","adb_rc_1"
"1791367101056","","","","","","42","0","0","10","adb_rc_1"
"1791367111062","","","","","","48","0","0","10","adb_rc_1"
"1791367121068","","","","","","48","0","0","10","adb_rc_1"
"1791367131057","","","","","","46","0","0","10","adb_rc_1"
"1791367141073","","","","","","47","0","0","10","adb_rc_1"
"1791367151065","","","","","","34","0","0","10","adb_rc_1"
"1791367161072","","","","","","43","0","0","10","adb_rc_1"
"1791367171065","","","","","","46","0","0","10","adb_rc_1"
"1791367181073","","","","","","47","0","0","10","adb_rc_1"
"1791367191070","","","","","","40","0","0","10","adb_rc_1"
"1791367201058","","","","","","41","0","0","10","adb_rc_1"
"1791367211060","","","","","","48","0","0","10","adb_rc_1"
"1791367221061","","","","","","47","0","0","10","adb_rc_1"
"1791367231073","","","","","","46","0","0","10","adb_rc_1"
"1791367241064","","","","","","48","0","0","10","adb_rc_1"
"1791367251058","","","","","","49","0","0","10","adb_rc_1"
"1791367261066","","","","","","45","0","0","10","adb_rc_1"
"1791367271064","","","","","","46","0","0","10","adb_rc_1"
"1791367281065","","","","","","52","0","0","10","adb_rc_1"
"1791367291064","","","","","","49","0","0","10","adb_rc_1"
"1791367301066","","","","","","52","0","0","10","adb_rc_1"
"1791367311067","","","","","","48","0","0","10","adb_rc_1"
"1791367321074","","","","","","49","0","0","10","adb_rc_1"
"1791367331061","","","","","","45","0","0","10","adb_rc_1"
"1791367341064","","","","","","44","0","0","10","adb_rc_1"
"1791367351069","","","","","","37","0","0","10","adb_rc_1"
"1791367361063","","","","","","48","0","0","10","adb_rc_1"
"1791367371064","","","","","","46","0","0","10","adb_rc_1"
"1791367381059","","","","","","49","0","0","10","adb_rc_1"
"1791367391059","","","","","","47","0","0","10","adb_rc_1"
"1791367401070","","","","","","42","0","0","10","adb_rc_1"
"1791367411066","","","","","","35","0","0","10","adb_rc_1"
"1791367421063","","","","","","48","0","0","10","adb_rc_1"
"1791367431073","","","","","","46","0","0","10","adb_rc_1"
"1791367441062","","","","","","42","0","0","10","adb_rc_1"
"1791367451074","","","","","","48","0","0","10","adb_rc_1"
"1791367461065","","","","","","43","0","0","10","adb_rc_1"
"1791367471058","","","","","","47","0","0","10","adb_rc_1"
"1791367481065","","","","","","40","0","0","10","adb_rc_1"
"1791367491060","","","","","","46","0","0","10","adb_rc_1"
"1791367501071","","","","","","48","0","0","10","adb_rc_1"
"1791367511059","","","","","","48","0","0","10","adb_rc_1"
"1791367521063","","","","","","47","0","0","10","adb_rc_1"
"1791367531069","","","","","","47","0","0","10","adb_rc_1"
"1791367541057","","","","","","49","0","0","10","adb_rc_1"
"1791367551064","","","","","","56","0","0","10","adb_rc_1"
"1791367561070","","","","","","39","0","0","10","adb_rc_1"
"1791367571067","","","","","","45","0","0","10","adb_rc_1"
"1791367581062","","","","","","39","0","0","10","adb_rc_1"
"1791367591066","","","","","","46","0","0","10","adb_rc_1"
"1791367601059","","","","","","40","0","0","10","adb_rc_1"
"1791367611065","","","","","","38","0","0","10","adb_rc_1"
"1791367621067","","","","","","47","0","0","10","adb_rc_1"
"1791367631072","","","","","","50","0","0","10","adb_rc_1"
"1791367641069","","","","","","43","0","0","10","adb_rc_1"
"1791367651062","","","","","","48","0","0","10","adb_rc_1"
"1791367661066","","","","","","49","0","0","10","adb_rc_1"
"1791367671069","","","","","","42","0","0","10","adb_rc_1"
"1791367681065","","","","","","53","0","0","10","adb_rc_1"
"1791367691058","","","","","","36","0","0","10","adb_rc_1"
"1791367701060","","","","","","43","0","0","10","adb_rc_1"
"1791367711060","","","","","","49","0","0","10","adb_rc_1"
"1791367721069","","","","","","48","0","0","10","adb_rc_1"
"1791367731069","","","","","","45","0","0","10","adb_rc_1"
"1791367741063","","","","","","45","0","0","10","adb_rc_1"
"1791367751062","","","","","","36","0","0","10","adb_rc_1"
"1791367761065","","","","","","48","0","0","10","adb_rc_1"
"1791367771059","","","","","","50","0","0","10","adb_rc_1"
"1791367781065","","","","","","50","0","0","10","adb_rc_1"
"1791367791073","","","","","","49","0","0","10","adb_rc_1"
"1791367801058","","","","","","48","0","0","10","adb_rc_1"
"1791367811069","","","","","","48","0","0","10","adb_rc_1"
"1791367821063","","","","","","47","0","0","10","adb_rc_1"
"1791367831068","","","","","","46","0","0","10","adb_rc_1"
"1791367841073","","","","","","46","0","0","10","adb_rc_1"
"1791367851070","","","","","","36","0","0","10","adb_rc_1"
"1791367861065","","","","","","49","0","0","10","adb_rc_1"
"1791367871064","","","","","","46","0","0","10","adb_rc_1"
"1791367881073","","","","","","44","0","0","10","adb_rc_1"
"1791367891069","","","","","","39","0","0","10","adb_rc_1"
"1791367901055","","","","","","45","0","0","10","adb_rc_1"
"1791367911068","","","","","","47","0","0","10","adb_rc_1"
"1791367921067","","","","","","49","0","0","10","adb_rc_1"
"1791367931066","","","","","","44","0","0","10","adb_rc_1"
"1791367941070","","","","","","49","0","0","10","adb_rc_1"
"1791367951062","","","","","","45","0","0","10","adb_rc_1"
"1791367961068","","","","","","50","0","0","10","adb_rc_1"
"1791367971061","","","","","","45","0","0","10","adb_rc_1"
"1791367981071","","","","","","54","0","0","10","adb_rc_1"
"1791367991067","","","","","","41","0","0","10","adb_rc_1"
"1791368001072","","","","","","46","0","0","10","adb_rc_1"
"1791368011066","","","","","","48","0","0","10","adb_rc_1"
"1791368021066","","","","","","37","0","0","10","adb_rc_1"
"1791368031070","","","","","","41","0","0","10","adb_rc_1"
"1791368041061","","","","","","49","0","0","10","adb_rc_1"
"1791368051067","","","","","","39","0","0","10","adb_rc_1"
"1791368061061","","","","","","47","0","0","10","adb_rc_1"
"1791368071060","","","","","","40","0","0","10","adb_rc_1"
"1791368081058","","","","","","43","0","0","10","adb_rc_1"
"1791368091061","","","","","","40","0","0","10","adb_rc_1"
"1791368101057","","","","","","46","0","0","10","adb_rc_1"
"1791368111064","","","","","","49","0","0","10","adb_rc_1"
"1791368121058","","","","","","43","0","0","10","adb_rc_1"
"1791368131057","","","","","","49","0","0","10","adb_rc_1"
"1791368141061","","","","","","44","0","0","10","adb_rc_1"
"1791368151068","","","","","","43","0","0","10","adb_rc_1"
"1791368161073","","","","","","48","0","0","10","adb_rc_1"
"1791368171074","","","","","","48","0","0","10","adb_rc_1"
"1791368181070","","","","","","49","0","0","10","adb_rc_1"
"1791368191062","","","","","","48","0","0","10","adb_rc_1"
"1791368201063","","","","","","42","0","0","10","adb_rc_1"
"1791368211062","","","","","","41","0","0","10","adb_rc_1"
"1791368221062","","","","","","39","0","0","10","adb_rc_1"
"1791368231067","","","","","","41","0","0","10","adb_rc_1"
"1791368241068","","","","","","42","0","0","10","adb_rc_1"
"1791368251057","","","","","","46","0","0","10","adb_rc_1"
"1791368261065","","","","","","49","0","0","10","adb_rc_1"
"1791368271068","","","","","","47","0","0","10","adb_rc_1"
"1791368281070","","","","","","48","0","0","10","adb_rc_1"
"1791368291066","","","","","","45","0","0","10","adb_rc_1"
"1791368301071","","","","","","47","0","0","10","adb_rc_1"
"1791368311055","","","","","","41","0","0","10","adb_rc_1"
"1791368321068","","","","","","38","0","0","10","adb_rc_1"
"1791368331060","","","","","","44","0","0","10","adb_rc_1"
"1791368341063","","","","","","47","0","0","10","adb_rc_1"
"1791368351058","","","","","","43","0","0","10","adb_rc_1"
"1791368361058","","","","","","42","0","0","10","adb_rc_1"
"1791368371059","","","","","","42","0","0","10","adb_rc_1"
"1791368381060","","","","","","43","0","0","10","adb_rc_1"
"1791368391065","","","","","","46","0","0","10","adb_rc_1"
"1791368401070","","","","","","42","0","0","10","adb_rc_1"
"1791368411061","","","","","","50","0","0","10","adb_rc_1"
"1791368421070","","","","","","43","0","0","10","adb_rc_1"
"1791368431062","","","","","","45","0","0","10","adb_rc_1"
"1791368441058","","","","","","47","0","0","10","adb_rc_1"
"1791368451072","","","","","","47","0","0","10","adb_rc_1"
"1791368461056","","","","","","48","0","0","10","adb_rc_1"
"1791368471073","","","","","","41","0","0","10","adb_rc_1"
"1791368481061","","","","","","46","0","0","10","adb_rc_1"
"1791368491073","","","","","","49","0","0","10","adb_rc_1"
"1791368501065","","","","","","47","0","0","10","adb_rc_1"
"1791368511071","","","","","","49","0","0","10","adb_rc_1"
"1791368521069","","","","","","44","0","0","10","adb_rc_1"
"1791368531066","","","","","","48","0","0","10","adb_rc_1"
"1791368541068","","","","","","48","0","0","10","adb_rc_1"
"1791368551057","","","","","","44","0","0","10","adb_rc_1"
"1791368561072","","","","","","46","0","0","10","adb_rc_1"
"1791368571064","","","","","","47","0","0","10","adb_rc_1"
"1791368581058","","","","","","47","0","0","10","adb_rc_1"
"1791368591072","","","","","","46","0","0","10","adb_rc_1"
"1791368601067","","","","","","39","0","0","10","adb_rc_1"
"1791368611066","","","","","","52","0","0","10","adb_rc_1"
"1791368621065","","","","","","41","0","0","10","adb_rc_1"
"1791368631058","","","","","","49","0","0","10","adb_rc_1"
"1791368641069","","","","","","44","0","0","10","adb_rc_1"
"1791368651070","","","","","","46","0","0","10","adb_rc_1"
"1791368661058","","","","","","50","0","0","10","adb_rc_1"
"1791368671072","","","","","","34","0","0","10","adb_rc_1"
"1791368681063","","","","","","52","0","0","10","adb_rc_1"
"1791368691068","","","","","","48","0","0","10","adb_rc_1"
"1791368701070","","","","","","45","0","0","10","adb_rc_1"
"1791368711063","","","","","","49","0","0","10","adb_rc_1"
"1791368721067","","","","","","41","0","0","10","adb_rc_1"
"1791368731068","","","","","","47","0","0","10","adb_rc_1"
"1791368741066","","","","","","50","0","0","10","adb_rc_1"
"1791368751071","","","","","","45","0","0","10","adb_rc_1"
"1791368761061","","","","","","50","0","0","10","adb_rc_1"
"1791368771058","","","","","","41","0","0","10","adb_rc_1"
"1791368781063","","","","","","48","0","0","10","adb_rc_1"
"1791368791067","","","","","","43","0","0","10","adb_rc_1"
"1791368801060","","","","","","39","0","0","10","adb_rc_1"
"1791368811072","","","","","","47","0","0","10","adb_rc_1"
"1791368821066","","","","","","43","0","0","10","adb_rc_1"
"1791368831064","","","","","","48","0","0","10","adb_rc_1"
"1791368841071","","","","","","29","0","0","10","adb_rc_1"
"1791368851064","","","","","","50","0","0","10","adb_rc_1"
"1791368861071","","","","","","44","0","0","10","adb_rc_1"
"1791368871063","","","","","","39","0","0","10","adb_rc_1"
"1791368881066","","","","","","53","0","0","10","adb_rc_1"
"1791368891060","","","","","","49","0","0","10","adb_rc_1"
"1791368901066","","","","","","51","0","0","10","adb_rc_1"
"1791368906119","1791368906795","0|0","MODE_NORMAL","NotificationShade","Awake","196","1","1","10",""
"1791368916148","1791368916830","0|0","MODE_NORMAL","NotificationShade","Awake","227","1","1","10",""
"1791368926131","1791368926879","0|0","MODE_NORMAL","NotificationShade","Awake","277","1","1","10",""
"1791368936123","1791368936893","0|0","MODE_NORMAL","NotificationShade","Dozing","301","1","0","10",""
"1791368946121","1791368946834","0|0","MODE_NORMAL","NotificationShade","Dozing","237","1","0","10",""
"1791368956134","1791368956837","0|0","MODE_NORMAL","NotificationShade","Dozing","237","1","0","10",""
"1791368966125","1791368966907","0|0","MODE_NORMAL","NotificationShade","Dozing","312","1","0","10",""
"1791368976126","1791368976841","0|0","MODE_NORMAL","NotificationShade","Dozing","244","1","0","10",""
"1791368986124","1791368987099","0|0","MODE_NORMAL","NotificationShade","Dozing","500","1","0","10",""
"1791368996126","1791368997022","0|0","MODE_NORMAL","NotificationShade","Dozing","419","1","0","10",""
"1791369006126","1791369006928","0|0","MODE_NORMAL","NotificationShade","Dozing","344","1","0","10",""
"1791369016127","1791369016974","0|0","MODE_NORMAL","NotificationShade","Dozing","376","1","0","10",""
"1791369026133","1791369026792","0|0","MODE_NORMAL","NotificationShade","Dozing","196","1","0","10",""
"1791369036131","1791369036839","0|0","MODE_NORMAL","NotificationShade","Dozing","228","1","0","10",""
"1791369046134","1791369046885","0|0","MODE_NORMAL","NotificationShade","Dozing","276","1","0","10",""
"1791369056122","1791369056825","0|0","MODE_NORMAL","NotificationShade","Dozing","221","1","0","10",""
"1791369066130","1791369067123","0|0","MODE_NORMAL","NotificationShade","Dozing","514","1","0","10",""
"1791369076127","1791369076864","0|0","MODE_NORMAL","NotificationShade","Dozing","251","1","0","10",""
"1791369086129","1791369086821","0|0","MODE_NORMAL","NotificationShade","Dozing","212","1","0","10",""
"1791369096129","1791369096855","0|0","MODE_NORMAL","NotificationShade","Dozing","260","1","0","10",""
"1791369106129","1791369106888","0|0","MODE_NORMAL","NotificationShade","Dozing","308","1","0","10",""
"1791369116134","1791369116814","0|0","MODE_NORMAL","NotificationShade","Dozing","211","1","0","10",""
"1791369126129","1791369126969","0|0","MODE_NORMAL","NotificationShade","Dozing","372","1","0","10",""
"1791369136124","1791369136983","0|0","MODE_NORMAL","NotificationShade","Dozing","387","1","0","10",""
"1791369146119","1791369146822","0|0","MODE_NORMAL","NotificationShade","Dozing","226","1","0","10",""
"1791369156131","1791369156860","0|0","MODE_NORMAL","NotificationShade","Dozing","269","1","0","10",""
"1791369166125","1791369166885","0|0","MODE_NORMAL","NotificationShade","Dozing","343","1","0","10",""
"1791369176120","1791369176869","0|0","MODE_NORMAL","NotificationShade","Dozing","269","1","0","10",""
"1791369186126","1791369186880","0|0","MODE_NORMAL","NotificationShade","Dozing","294","1","0","10",""
"1791369196127","1791369196909","0|0","MODE_NORMAL","NotificationShade","Dozing","311","1","0","10",""
"1791369206132","1791369206815","0|0","MODE_NORMAL","NotificationShade","Dozing","213","1","0","10",""
"1791369216117","1791369217001","0|0","MODE_NORMAL","NotificationShade","Dozing","405","1","0","10",""
"1791369226117","1791369226888","0|0","MODE_NORMAL","NotificationShade","Dozing","294","1","0","10",""
"1791369236120","1791369236866","0|0","MODE_NORMAL","NotificationShade","Dozing","277","1","0","10",""
"1791369246133","1791369246853","0|0","MODE_NORMAL","NotificationShade","Dozing","244","1","0","10",""
"1791369256127","1791369256933","0|0","MODE_NORMAL","NotificationShade","Dozing","324","1","0","10",""
"1791369266127","1791369266826","0|0","MODE_NORMAL","NotificationShade","Dozing","225","1","0","10",""
"1791369276141","1791369276895","0|0","MODE_NORMAL","NotificationShade","Dozing","270","1","0","10",""
"1791369286132","1791369286931","0|0","MODE_NORMAL","NotificationShade","Dozing","326","1","0","10",""
"1791369296125","1791369296928","0|0","MODE_NORMAL","NotificationShade","Dozing","324","1","0","10",""
"1791369306120","1791369306883","0|0","MODE_NORMAL","NotificationShade","Dozing","294","1","0","10",""
"1791369316136","1791369317020","0|0","MODE_NORMAL","NotificationShade","Dozing","405","1","0","10",""
"1791369326121","1791369326839","0|0","MODE_NORMAL","NotificationShade","Dozing","245","1","0","10",""
"1791369336135","1791369336877","0|0","MODE_NORMAL","NotificationShade","Dozing","278","1","0","10",""
"1791369346122","1791369346796","0|0","MODE_NORMAL","NotificationShade","Dozing","213","1","0","10",""
"1791369356134","1791369356867","0|0","MODE_NORMAL","NotificationShade","Dozing","261","1","0","10",""
"1791369366124","1791369366848","0|0","MODE_NORMAL","NotificationShade","Dozing","238","1","0","10",""
"1791369376132","1791369376909","0|0","MODE_NORMAL","NotificationShade","Dozing","310","1","0","10",""
"1791369386119","1791369386843","0|0","MODE_NORMAL","NotificationShade","Dozing","246","1","0","10",""
"1791369396125","1791369396858","0|0","MODE_NORMAL","NotificationShade","Dozing","246","1","0","10",""
"1791369406135","1791369406929","0|0","MODE_NORMAL","NotificationShade","Dozing","325","1","0","10",""
"1791369416134","1791369416868","0|0","MODE_NORMAL","NotificationShade","Dozing","261","1","0","10",""
"1791369426131","1791369426891","0|0","MODE_NORMAL","NotificationShade","Dozing","278","1","0","10",""
"1791369436131","1791369436813","0|0","MODE_NORMAL","NotificationShade","Dozing","190","1","0","10",""
"1791369446134","1791369446879","0|0","MODE_NORMAL","NotificationShade","Dozing","277","1","0","10",""
"1791369456132","1791369456884","0|0","MODE_NORMAL","NotificationShade","Dozing","265","1","0","10",""
"1791369466126","1791369466837","0|0","MODE_NORMAL","NotificationShade","Awake","226","1","1","10",""
"1791369476137","1791369476864","0|0","MODE_NORMAL","NotificationShade","Dozing","252","1","0","10",""
"1791369486121","1791369486893","0|0","MODE_NORMAL","NotificationShade","Dozing","293","1","0","10",""
"1791369496126","1791369496810","0|0","MODE_NORMAL","NotificationShade","Dozing","200","1","0","10",""
"1791369506124","1791369506898","0|0","MODE_NORMAL","NotificationShade","Dozing","289","1","0","10",""
"1791369516124","1791369516992","0|0","MODE_NORMAL","NotificationShade","Dozing","392","1","0","10",""
"1791369526126","1791369526828","0|0","MODE_NORMAL","NotificationShade","Dozing","224","1","0","10",""
"1791369536119","1791369536763","0|0","MODE_NORMAL","NotificationShade","Dozing","170","1","0","10",""
"1791369546124","1791369546813","0|0","MODE_NORMAL","NotificationShade","Dozing","208","1","0","10",""
"1791369556133","1791369556879","0|0","MODE_NORMAL","NotificationShade","Dozing","268","1","0","10",""
"1791369566130","1791369566831","0|0","MODE_NORMAL","Bouncer","Awake","203","1","1","10",""
"1791369576130","1791369576876","0|0","MODE_NORMAL","com.android.settings/com.android.settings.SubSettings","Awake","264","1","1","10",""
"1791369586133","1791369586844","0|0","MODE_NORMAL","com.android.settings/com.android.settings.SubSettings","Awake","235","1","1","10",""
"1791369596122","1791369596836","0|0","MODE_NORMAL","com.android.settings/com.android.settings.SubSettings","Awake","221","1","1","10",""
"1791369606123","1791369606802","0|0","MODE_NORMAL","com.android.settings/com.android.settings.SubSettings","Awake","208","1","1","10",""
"1791369616125","1791369616970","0|0","MODE_NORMAL","com.android.settings/com.android.settings.SubSettings","Awake","343","1","1","10",""
"1791369626128","1791369626989","0|0","MODE_NORMAL","com.android.settings/com.android.settings.SubSettings","Awake","376","1","1","10",""
"1791369636135","1791369636778","0|0","MODE_NORMAL","com.android.settings/com.android.settings.SubSettings","Awake","158","1","1","10",""
"1791369646126","1791369646848","0|0","MODE_NORMAL","com.android.settings/com.android.settings.SubSettings","Awake","239","1","1","10",""
"1791369656123","1791369656881","0|0","MODE_NORMAL","com.android.settings/com.android.settings.SubSettings","Awake","277","1","1","10",""
"1791369666127","1791369666805","0|0","MODE_NORMAL","com.android.settings/com.android.settings.SubSettings","Awake","204","1","1","10",""
"1791369676129","1791369676860","0|0","MODE_NORMAL","com.android.settings/com.android.settings.SubSettings","Awake","255","1","1","10",""
"1791369686132","1791369686903","0|0","MODE_NORMAL","com.android.settings/com.android.settings.SubSettings","Awake","279","1","1","10",""
"1791369696129","1791369696767","0|0","MODE_NORMAL","com.android.settings/com.android.settings.SubSettings","Awake","156","1","1","10",""
"1791369706131","1791369706829","0|0","MODE_NORMAL","com.android.settings/com.android.settings.SubSettings","Awake","215","1","1","10",""
"1791369716128","1791369716865","0|0","MODE_NORMAL","com.android.settings/com.android.settings.SubSettings","Awake","261","1","1","10",""
"1791369726132","1791369726886","0|0","MODE_NORMAL","com.android.settings/com.android.settings.SubSettings","Awake","277","1","1","10",""
"1791369736129","1791369736830","0|0","MODE_NORMAL","com.android.settings/com.android.settings.SubSettings","Awake","230","1","1","10",""
"1791369746132","1791369746889","0|0","MODE_NORMAL","com.android.settings/com.android.settings.SubSettings","Awake","260","1","1","10",""
"1791369756120","1791369756846","0|0","MODE_NORMAL","com.android.settings/com.android.settings.SubSettings","Awake","244","1","1","10",""
"1791369766126","1791369766839","0|0","MODE_NORMAL","com.android.settings/com.android.settings.SubSettings","Awake","229","1","1","10",""
"1791369776128","1791369776864","0|0","MODE_NORMAL","com.android.settings/com.android.settings.SubSettings","Awake","246","1","1","10",""
"1791369786123","1791369786840","0|0","MODE_NORMAL","com.android.settings/com.android.settings.SubSettings","Awake","223","1","1","10",""
"1791369796125","1791369796854","0|0","MODE_NORMAL","com.android.settings/com.android.settings.SubSettings","Awake","244","1","1","10",""
"1791369806121","1791369806873","0|0","MODE_NORMAL","com.android.settings/com.android.settings.SubSettings","Awake","278","1","1","10",""
"1791369816131","1791369816801","0|0","MODE_NORMAL","com.android.settings/com.android.settings.SubSettings","Awake","196","1","1","10",""
"1791369826134","1791369826853","0|0","MODE_NORMAL","com.android.settings/com.android.settings.SubSettings","Awake","242","1","1","10",""
"1791369836135","1791369836886","0|0","MODE_NORMAL","com.android.settings/com.android.settings.SubSettings","Awake","262","1","1","10",""
"1791369846121","1791369846823","0|0","MODE_NORMAL","com.android.settings/com.android.settings.SubSettings","Awake","229","1","1","10",""
"1791369856128","1791369856756","0|0","MODE_NORMAL","com.android.settings/com.android.settings.SubSettings","Awake","160","1","1","10",""
"1791369866121","1791369866915","0|0","MODE_NORMAL","com.android.settings/com.android.settings.SubSettings","Awake","324","1","1","10",""
"1791369876126","1791369876814","0|0","MODE_NORMAL","com.android.settings/com.android.settings.SubSettings","Awake","202","1","1","10",""
"1791369886128","1791369886875","0|0","MODE_NORMAL","com.android.settings/com.android.settings.SubSettings","Awake","283","1","1","10",""
"1791369896129","1791369896894","0|0","MODE_NORMAL","com.android.settings/com.android.settings.SubSettings","Awake","286","1","1","10",""
"1791369906125","1791369906824","0|0","MODE_NORMAL","com.android.settings/com.android.settings.SubSettings","Awake","226","1","1","10",""
"1791369916117","1791369916909","0|0","MODE_NORMAL","com.android.settings/com.android.settings.SubSettings","Awake","313","1","1","10",""
"1791369926124","1791369926773","0|0","MODE_NORMAL","com.android.settings/com.android.settings.SubSettings","Awake","170","1","1","10",""
"1791369936134","1791369936838","0|0","MODE_NORMAL","com.android.settings/com.android.settings.SubSettings","Awake","226","1","1","10",""
"1791369946121","1791369946857","0|0","MODE_NORMAL","com.android.settings/com.android.settings.SubSettings","Awake","247","1","1","10",""
"1791369956127","1791369956798","0|0","MODE_NORMAL","com.android.settings/com.android.settings.SubSettings","Awake","181","1","1","10",""
"1791369966133","1791369966839","0|0","MODE_NORMAL","com.android.settings/com.android.settings.SubSettings","Awake","220","1","1","10",""
"1791369976126","1791369976871","0|0","MODE_NORMAL","com.android.settings/com.android.settings.SubSettings","Awake","259","1","1","10",""
"1791369986127","1791369986926","0|0","MODE_NORMAL","com.android.settings/com.android.settings.SubSettings","Awake","323","1","1","10",""
"1791369996127","1791369996844","0|0","MODE_NORMAL","com.android.settings/com.android.settings.SubSettings","Awake","236","1","1","10",""
"1791370006130","1791370006866","0|0","MODE_NORMAL","com.android.settings/com.android.settings.SubSettings","Awake","243","1","1","10",""
"1791370016129","1791370017036","0|0","MODE_NORMAL","com.android.settings/com.android.settings.SubSettings","Awake","423","1","1","10",""
"1791370026121","1791370026830","0|0","MODE_NORMAL","com.android.settings/com.android.settings.SubSettings","Awake","228","1","1","10",""
"1791370036126","1791370036867","0|0","MODE_NORMAL","com.android.settings/com.android.settings.SubSettings","Awake","259","1","1","10",""
"1791370046127","1791370046812","0|0","MODE_NORMAL","com.android.settings/com.android.settings.SubSettings","Awake","211","1","1","10",""
"1791370056135","1791370056837","0|0","MODE_NORMAL","com.android.settings/com.android.settings.SubSettings","Awake","228","1","1","10",""
"1791370066131","1791370066992","0|0","MODE_NORMAL","com.android.settings/com.android.settings.SubSettings","Awake","387","1","1","10",""
"1791370076133","1791370076802","0|0","MODE_NORMAL","com.example.d1check/com.example.d1check.MainActivity","Awake","180","1","1","10",""
"1791370086136","1791370086844","0|0","MODE_NORMAL","com.example.d1check/com.example.d1check.MainActivity","Awake","237","1","1","10",""
"1791370096128","1791370096896","0|0","MODE_NORMAL","com.example.d1check/com.example.d1check.MainActivity","Awake","269","1","1","10",""
"1791370106131","1791370107011","0|0","MODE_NORMAL","com.example.d1check/com.example.d1check.MainActivity","Awake","394","1","1","10",""
"1791370116122","1791370117013","0|0","MODE_NORMAL","com.example.d1check/com.example.d1check.MainActivity","Awake","417","1","1","10",""
"1791370126122","1791370126870","0|0","MODE_NORMAL","com.example.d1check/com.example.d1check.MainActivity","Awake","278","1","1","10",""
"1791370136133","1791370136791","0|0","MODE_NORMAL","com.example.d1check/com.example.d1check.MainActivity","Awake","177","1","1","10",""
"1791370146127","1791370147086","0|0","MODE_NORMAL","com.example.d1check/com.example.d1check.MainActivity","Awake","489","1","1","10",""
"1791370156131","1791370156761","0|0","MODE_NORMAL","com.example.d1check.npurunner/com.example.d1check.npurunner.NpuRunnerActivity","Awake","144","1","1","10",""
"1791370166118","1791370166805","0|0","MODE_NORMAL","com.example.d1check.npurunner/com.example.d1check.npurunner.NpuRunnerActivity","Awake","193","1","1","10",""
"1791370176132","1791370176864","0|0","MODE_NORMAL","com.example.d1check.npurunner/com.example.d1check.npurunner.NpuRunnerActivity","Awake","229","1","1","10",""
"1791370186131","1791370186892","0|0","MODE_NORMAL","com.example.d1check.npurunner/com.example.d1check.npurunner.NpuRunnerActivity","Awake","289","1","1","10",""
"1791370196132","1791370196817","0|0","MODE_NORMAL","com.example.d1check.npurunner/com.example.d1check.npurunner.NpuRunnerActivity","Awake","186","1","1","10",""
"1791370206120","1791370206854","0|0","MODE_NORMAL","com.example.d1check.npurunner/com.example.d1check.npurunner.NpuRunnerActivity","Awake","258","1","1","10",""
"1791370216131","1791370216875","0|0","MODE_NORMAL","com.example.d1check.npurunner/com.example.d1check.npurunner.NpuRunnerActivity","Awake","247","1","1","10",""
"1791370226131","1791370226793","0|0","MODE_NORMAL","com.example.d1check.npurunner/com.example.d1check.npurunner.NpuRunnerActivity","Awake","162","1","1","10",""
"1791370236116","1791370236831","0|0","MODE_NORMAL","com.example.d1check.npurunner/com.example.d1check.npurunner.NpuRunnerActivity","Awake","242","1","1","10",""
"1791370246135","1791370246761","0|0","MODE_NORMAL","com.example.d1check.npurunner/com.example.d1check.npurunner.NpuRunnerActivity","Awake","126","1","1","10",""
"1791370256131","1791370256744","0|0","MODE_NORMAL","com.example.d1check.npurunner/com.example.d1check.npurunner.NpuRunnerActivity","Awake","120","1","1","10",""
"1791370266123","1791370266743","0|0","MODE_NORMAL","com.example.d1check.npurunner/com.example.d1check.npurunner.NpuRunnerActivity","Awake","144","1","1","10",""
"1791370276122","1791370276763","0|0","MODE_NORMAL","com.example.d1check.npurunner/com.example.d1check.npurunner.NpuRunnerActivity","Awake","159","1","1","10",""
"1791370286122","1791370286730","0|0","MODE_NORMAL","com.example.d1check.npurunner/com.example.d1check.npurunner.NpuRunnerActivity","Awake","125","1","1","10",""
"1791370296121","1791370296821","0|0","MODE_NORMAL","com.example.d1check.npurunner/com.example.d1check.npurunner.NpuRunnerActivity","Awake","209","1","1","10",""
"1791370306127","1791370306797","0|0","MODE_NORMAL","com.example.d1check.npurunner/com.example.d1check.npurunner.NpuRunnerActivity","Awake","167","1","1","10",""
"1791370316131","1791370316756","0|0","MODE_NORMAL","com.example.d1check.npurunner/com.example.d1check.npurunner.NpuRunnerActivity","Awake","147","1","1","10",""
"1791370326133","1791370326758","0|0","MODE_NORMAL","com.example.d1check.npurunner/com.example.d1check.npurunner.NpuRunnerActivity","Awake","131","1","1","10",""
"1791370336120","1791370336811","0|0","MODE_NORMAL","com.example.d1check.npurunner/com.example.d1check.npurunner.NpuRunnerActivity","Awake","209","1","1","10",""
"1791370346133","1791370346750","0|0","MODE_NORMAL","com.example.d1check.npurunner/com.example.d1check.npurunner.NpuRunnerActivity","Awake","130","1","1","10",""
"1791370356128","1791370356843","0|0","MODE_NORMAL","com.example.d1check.npurunner/com.example.d1check.npurunner.NpuRunnerActivity","Awake","242","1","1","10",""
"1791370366131","1791370366879","0|0","MODE_NORMAL","com.example.d1check.npurunner/com.example.d1check.npurunner.NpuRunnerActivity","Awake","256","1","1","10",""
"1791370376125","1791370376803","0|0","MODE_NORMAL","com.example.d1check.npurunner/com.example.d1check.npurunner.NpuRunnerActivity","Awake","193","1","1","10",""
"1791370386131","1791370386849","0|0","MODE_NORMAL","com.example.d1check.npurunner/com.example.d1check.npurunner.NpuRunnerActivity","Awake","257","1","1","10",""
"1791370396128","1791370396782","0|0","MODE_NORMAL","com.example.d1check.npurunner/com.example.d1check.npurunner.NpuRunnerActivity","Awake","158","1","1","10",""
"1791370406129","1791370406762","0|0","MODE_NORMAL","com.example.d1check.npurunner/com.example.d1check.npurunner.NpuRunnerActivity","Awake","146","1","1","10",""
"1791370416125","1791370416865","0|0","MODE_NORMAL","com.example.d1check.npurunner/com.example.d1check.npurunner.NpuRunnerActivity","Awake","235","1","1","10",""
"1791370426135","1791370426776","0|0","MODE_NORMAL","com.example.d1check.npurunner/com.example.d1check.npurunner.NpuRunnerActivity","Awake","142","1","1","10",""
"1791370436135","1791370436821","0|0","MODE_NORMAL","com.example.d1check.npurunner/com.example.d1check.npurunner.NpuRunnerActivity","Awake","194","1","1","10",""
"1791370446121","1791370446863","0|0","MODE_NORMAL","com.example.d1check.npurunner/com.example.d1check.npurunner.NpuRunnerActivity","Awake","258","1","1","10",""
"1791370456129","1791370456776","0|0","MODE_NORMAL","com.example.d1check.npurunner/com.example.d1check.npurunner.NpuRunnerActivity","Awake","164","1","1","10",""
"1791370466129","1791370466824","0|0","MODE_NORMAL","com.example.d1check.npurunner/com.example.d1check.npurunner.NpuRunnerActivity","Awake","214","1","1","10",""
"1791370476121","1791370476850","0|0","MODE_NORMAL","com.example.d1check.npurunner/com.example.d1check.npurunner.NpuRunnerActivity","Awake","250","1","1","10",""
"1791370486121","1791370486860","0|0","MODE_NORMAL","com.example.d1check.npurunner/com.example.d1check.npurunner.NpuRunnerActivity","Awake","259","1","1","10",""
"1791370496125","1791370496826","0|0","MODE_NORMAL","com.example.d1check.npurunner/com.example.d1check.npurunner.NpuRunnerActivity","Awake","226","1","1","10",""
"1791370506123","1791370506742","0|0","MODE_NORMAL","com.example.d1check.npurunner/com.example.d1check.npurunner.NpuRunnerActivity","Awake","131","1","1","10",""
"1791370516132","1791370516799","0|0","MODE_NORMAL","com.example.d1check.npurunner/com.example.d1check.npurunner.NpuRunnerActivity","Awake","178","1","1","10",""
"1791370526126","1791370526764","0|0","MODE_NORMAL","com.example.d1check.npurunner/com.example.d1check.npurunner.NpuRunnerActivity","Awake","149","1","1","10",""
"1791370536119","1791370536820","0|0","MODE_NORMAL","com.example.d1check.npurunner/com.example.d1check.npurunner.NpuRunnerActivity","Awake","212","1","1","10",""
"1791370546130","1791370546802","0|0","MODE_NORMAL","com.example.d1check.npurunner/com.example.d1check.npurunner.NpuRunnerActivity","Awake","180","1","1","10",""
"1791370556123","1791370556740","0|0","MODE_NORMAL","com.example.d1check.npurunner/com.example.d1check.npurunner.NpuRunnerActivity","Awake","111","1","1","10",""
"1791370566131","1791370566800","0|0","MODE_NORMAL","com.example.d1check.npurunner/com.example.d1check.npurunner.NpuRunnerActivity","Awake","179","1","1","10",""
"1791370576131","1791370576760","0|0","MODE_NORMAL","com.example.d1check.npurunner/com.example.d1check.npurunner.NpuRunnerActivity","Awake","138","1","1","10",""
"1791370586130","1791370586756","0|0","MODE_NORMAL","com.example.d1check.npurunner/com.example.d1check.npurunner.NpuRunnerActivity","Awake","162","1","1","10",""
"1791370596124","1791370596865","0|0","MODE_NORMAL","com.example.d1check.npurunner/com.example.d1check.npurunner.NpuRunnerActivity","Awake","288","1","1","10",""
"1791370606133","1791370606805","0|0","MODE_NORMAL","com.example.d1check.npurunner/com.example.d1check.npurunner.NpuRunnerActivity","Awake","178","1","1","10",""
"1791370616130","1791370616753","0|0","MODE_NORMAL","com.example.d1check.npurunner/com.example.d1check.npurunner.NpuRunnerActivity","Awake","113","1","1","10",""
"1791370626129","1791370626864","0|0","MODE_NORMAL","com.example.d1check.npurunner/com.example.d1check.npurunner.NpuRunnerActivity","Awake","242","1","1","10",""
"1791370636126","1791370636887","0|0","MODE_NORMAL","com.example.d1check.npurunner/com.example.d1check.npurunner.NpuRunnerActivity","Awake","273","1","1","10",""
"1791370646126","1791370646863","0|0","MODE_NORMAL","com.example.d1check.npurunner/com.example.d1check.npurunner.NpuRunnerActivity","Awake","243","1","1","10",""
"1791370656127","1791370656880","0|0","MODE_NORMAL","com.example.d1check.npurunner/com.example.d1check.npurunner.NpuRunnerActivity","Awake","246","1","1","10",""
"1791370666127","1791370666858","0|0","MODE_NORMAL","com.example.d1check.npurunner/com.example.d1check.npurunner.NpuRunnerActivity","Awake","250","1","1","10",""
"1791370676128","1791370676943","0|0","MODE_NORMAL","com.example.d1check.npurunner/com.example.d1check.npurunner.NpuRunnerActivity","Awake","314","1","1","10",""
"1791370686128","1791370686778","0|0","MODE_NORMAL","com.example.d1check.npurunner/com.example.d1check.npurunner.NpuRunnerActivity","Awake","155","1","1","10",""
"1791370696133","1791370696806","0|0","MODE_NORMAL","com.example.d1check.npurunner/com.example.d1check.npurunner.NpuRunnerActivity","Awake","188","1","1","10",""
"1791370706129","1791370706840","0|0","MODE_NORMAL","com.example.d1check.npurunner/com.example.d1check.npurunner.NpuRunnerActivity","Awake","228","1","1","10",""
"1791370716137","1791370716888","0|0","MODE_NORMAL","com.example.d1check.npurunner/com.example.d1check.npurunner.NpuRunnerActivity","Awake","283","1","1","10",""
"1791370726134","1791370726768","0|0","MODE_NORMAL","com.example.d1check.npurunner/com.example.d1check.npurunner.NpuRunnerActivity","Awake","149","1","1","10",""
"1791370736122","1791370736768","0|0","MODE_NORMAL","com.example.d1check.npurunner/com.example.d1check.npurunner.NpuRunnerActivity","Awake","163","1","1","10",""
"1791370746121","1791370746771","0|0","MODE_NORMAL","com.example.d1check.npurunner/com.example.d1check.npurunner.NpuRunnerActivity","Awake","164","1","1","10",""
"1791370756123","1791370756752","0|0","MODE_NORMAL","com.example.d1check.npurunner/com.example.d1check.npurunner.NpuRunnerActivity","Awake","151","1","1","10",""
"1791370766121","1791370766763","0|0","MODE_NORMAL","com.example.d1check.npurunner/com.example.d1check.npurunner.NpuRunnerActivity","Awake","149","1","1","10",""
"1791370776123","1791370776738","0|0","MODE_NORMAL","com.example.d1check.npurunner/com.example.d1check.npurunner.NpuRunnerActivity","Awake","131","1","1","10",""
"1791370786126","1791370786753","0|0","MODE_NORMAL","com.example.d1check.npurunner/com.example.d1check.npurunner.NpuRunnerActivity","Awake","147","1","1","10",""
"1791370796134","1791370796778","0|0","MODE_NORMAL","com.example.d1check.npurunner/com.example.d1check.npurunner.NpuRunnerActivity","Awake","145","1","1","10",""
"1791370806128","1791370806756","0|0","MODE_NORMAL","com.example.d1check.npurunner/com.example.d1check.npurunner.NpuRunnerActivity","Awake","144","1","1","10",""
"1791370816123","1791370816753","0|0","MODE_NORMAL","com.example.d1check.npurunner/com.example.d1check.npurunner.NpuRunnerActivity","Awake","144","1","1","10",""
"1791370826123","1791370826757","0|0","MODE_NORMAL","com.example.d1check.npurunner/com.example.d1check.npurunner.NpuRunnerActivity","Awake","148","1","1","10",""
"1791370836128","1791370836785","0|0","MODE_NORMAL","com.example.d1check.npurunner/com.example.d1check.npurunner.NpuRunnerActivity","Awake","180","1","1","10",""
"1791370846123","1791370846844","0|0","MODE_NORMAL","com.example.d1check.npurunner/com.example.d1check.npurunner.NpuRunnerActivity","Awake","226","1","1","10",""
"1791370856123","1791370856849","0|0","MODE_NORMAL","com.example.d1check.npurunner/com.example.d1check.npurunner.NpuRunnerActivity","Awake","218","1","1","10",""
"1791370866131","1791370866808","0|0","MODE_NORMAL","com.example.d1check.npurunner/com.example.d1check.npurunner.NpuRunnerActivity","Awake","179","1","1","10",""
"1791370876130","1791370876839","0|0","MODE_NORMAL","com.example.d1check.npurunner/com.example.d1check.npurunner.NpuRunnerActivity","Awake","228","1","1","10",""
"1791370886118","1791370886866","0|0","MODE_NORMAL","com.example.d1check.npurunner/com.example.d1check.npurunner.NpuRunnerActivity","Awake","264","1","1","10",""
"1791370896132","1791370896892","0|0","MODE_NORMAL","com.example.d1check.npurunner/com.example.d1check.npurunner.NpuRunnerActivity","Awake","265","1","1","10",""
"1791370906125","1791370906779","0|0","MODE_NORMAL","com.example.d1check.npurunner/com.example.d1check.npurunner.NpuRunnerActivity","Awake","181","1","1","10",""
"1791370916118","1791370916862","0|0","MODE_NORMAL","com.example.d1check.npurunner/com.example.d1check.npurunner.NpuRunnerActivity","Awake","262","1","1","10",""
"1791370926131","1791370926809","0|0","MODE_NORMAL","com.example.d1check.npurunner/com.example.d1check.npurunner.NpuRunnerActivity","Awake","215","1","1","10",""
"1791370936134","1791370936808","0|0","MODE_NORMAL","com.example.d1check.npurunner/com.example.d1check.npurunner.NpuRunnerActivity","Awake","180","1","1","10",""
"1791370946120","1791370946867","0|0","MODE_NORMAL","com.example.d1check.npurunner/com.example.d1check.npurunner.NpuRunnerActivity","Awake","267","1","1","10",""
"1791370956118","1791370956796","0|0","MODE_NORMAL","com.example.d1check.npurunner/com.example.d1check.npurunner.NpuRunnerActivity","Awake","196","1","1","10",""
"1791370966133","1791370966763","0|0","MODE_NORMAL","com.example.d1check.npurunner/com.example.d1check.npurunner.NpuRunnerActivity","Awake","148","1","1","10",""
"1791370976123","1791370976750","0|0","MODE_NORMAL","com.example.d1check.npurunner/com.example.d1check.npurunner.NpuRunnerActivity","Awake","128","1","1","10",""
"1791370986122","1791370986753","0|0","MODE_NORMAL","com.example.d1check.npurunner/com.example.d1check.npurunner.NpuRunnerActivity","Awake","148","1","1","10",""
"1791370996132","1791370996787","0|0","MODE_NORMAL","com.example.d1check.npurunner/com.example.d1check.npurunner.NpuRunnerActivity","Awake","160","1","1","10",""
"1791371006128","1791371006740","0|0","MODE_NORMAL","com.example.d1check.npurunner/com.example.d1check.npurunner.NpuRunnerActivity","Awake","116","1","1","10",""
"1791371016128","1791371016747","0|0","MODE_NORMAL","com.example.d1check.npurunner/com.example.d1check.npurunner.NpuRunnerActivity","Awake","132","1","1","10",""
"1791371026131","1791371026748","0|0","MODE_NORMAL","com.example.d1check.npurunner/com.example.d1check.npurunner.NpuRunnerActivity","Awake","112","1","1","10",""
"1791371036129","1791371036745","0|0","MODE_NORMAL","com.example.d1check.npurunner/com.example.d1check.npurunner.NpuRunnerActivity","Awake","102","1","1","10",""
"1791371046131","1791371046805","0|0","MODE_NORMAL","com.example.d1check.npurunner/com.example.d1check.npurunner.NpuRunnerActivity","Awake","184","1","1","10",""
"1791371056130","1791371056744","0|0","MODE_NORMAL","com.example.d1check.npurunner/com.example.d1check.npurunner.NpuRunnerActivity","Awake","122","1","1","10",""
"1791371066134","1791371066884","0|0","MODE_NORMAL","com.example.d1check.npurunner/com.example.d1check.npurunner.NpuRunnerActivity","Awake","256","1","1","10",""
"1791371076132","1791371076807","0|0","MODE_NORMAL","com.example.d1check.npurunner/com.example.d1check.npurunner.NpuRunnerActivity","Awake","201","1","1","10",""
"1791371086121","1791371086867","0|0","MODE_NORMAL","com.example.d1check.npurunner/com.example.d1check.npurunner.NpuRunnerActivity","Awake","250","1","1","10",""
"1791371096134","1791371096906","0|0","MODE_NORMAL","com.example.d1check.npurunner/com.example.d1check.npurunner.NpuRunnerActivity","Awake","278","1","1","10",""
"1791371106121","1791371106865","0|0","MODE_NORMAL","com.example.d1check.npurunner/com.example.d1check.npurunner.NpuRunnerActivity","Awake","243","1","1","10",""
"1791371116121","1791371116876","0|0","MODE_NORMAL","com.example.d1check.npurunner/com.example.d1check.npurunner.NpuRunnerActivity","Awake","245","1","1","10",""
"1791371126118","1791371126819","0|0","MODE_NORMAL","com.example.d1check.npurunner/com.example.d1check.npurunner.NpuRunnerActivity","Awake","210","1","1","10",""
"1791371136134","1791371136836","0|0","MODE_NORMAL","com.example.d1check.npurunner/com.example.d1check.npurunner.NpuRunnerActivity","Awake","229","1","1","10",""
"1791371146130","1791371146882","0|0","MODE_NORMAL","com.example.d1check.npurunner/com.example.d1check.npurunner.NpuRunnerActivity","Awake","260","1","1","10",""
"1791371156130","1791371156798","0|0","MODE_NORMAL","com.example.d1check.npurunner/com.example.d1check.npurunner.NpuRunnerActivity","Awake","181","1","1","10",""
"1791371166135","1791371166769","0|0","MODE_NORMAL","com.example.d1check.npurunner/com.example.d1check.npurunner.NpuRunnerActivity","Awake","147","1","1","10",""
"1791371176132","1791371176812","0|0","MODE_NORMAL","com.example.d1check.npurunner/com.example.d1check.npurunner.NpuRunnerActivity","Awake","179","1","1","10",""
"1791371186135","1791371186780","0|0","MODE_NORMAL","com.example.d1check.npurunner/com.example.d1check.npurunner.NpuRunnerActivity","Awake","147","1","1","10",""
"1791371196122","1791371196759","0|0","MODE_NORMAL","com.example.d1check.npurunner/com.example.d1check.npurunner.NpuRunnerActivity","Awake","164","1","1","10",""
"1791371206132","1791371206795","0|0","MODE_NORMAL","com.example.d1check.npurunner/com.example.d1check.npurunner.NpuRunnerActivity","Awake","180","1","1","10",""
"1791371216132","1791371216768","0|0","MODE_NORMAL","com.example.d1check.npurunner/com.example.d1check.npurunner.NpuRunnerActivity","Awake","148","1","1","10",""
"1791371226122","1791371226769","0|0","MODE_NORMAL","com.example.d1check.npurunner/com.example.d1check.npurunner.NpuRunnerActivity","Awake","146","1","1","10",""
"1791371236136","1791371236766","0|0","MODE_NORMAL","com.example.d1check.npurunner/com.example.d1check.npurunner.NpuRunnerActivity","Awake","132","1","1","10",""
"1791371246122","1791371246764","0|0","MODE_NORMAL","com.example.d1check.npurunner/com.example.d1check.npurunner.NpuRunnerActivity","Awake","146","1","1","10",""
"1791371256126","1791371256780","0|0","MODE_NORMAL","com.example.d1check.npurunner/com.example.d1check.npurunner.NpuRunnerActivity","Awake","180","1","1","10",""
"1791371266133","1791371266761","0|0","MODE_NORMAL","com.example.d1check.npurunner/com.example.d1check.npurunner.NpuRunnerActivity","Awake","131","1","1","10",""
"1791371276126","1791371276753","0|0","MODE_NORMAL","com.example.d1check.npurunner/com.example.d1check.npurunner.NpuRunnerActivity","Awake","124","1","1","10",""
"1791371286122","1791371286920","0|0","MODE_NORMAL","com.example.d1check.npurunner/com.example.d1check.npurunner.NpuRunnerActivity","Awake","306","1","1","10",""
"1791371296127","1791371296892","0|0","MODE_NORMAL","com.example.d1check.npurunner/com.example.d1check.npurunner.NpuRunnerActivity","Awake","273","1","1","10",""
"1791371306126","1791371306809","0|0","MODE_NORMAL","com.example.d1check.npurunner/com.example.d1check.npurunner.NpuRunnerActivity","Awake","194","1","1","10",""
"1791371316118","1791371316847","0|0","MODE_NORMAL","com.example.d1check.npurunner/com.example.d1check.npurunner.NpuRunnerActivity","Awake","243","1","1","10",""
"1791371326116","1791371326771","0|0","MODE_NORMAL","com.example.d1check.npurunner/com.example.d1check.npurunner.NpuRunnerActivity","Awake","165","1","1","10",""
"1791371336130","1791371336875","0|0","MODE_NORMAL","com.example.d1check.npurunner/com.example.d1check.npurunner.NpuRunnerActivity","Awake","244","1","1","10",""
"1791371346122","1791371346843","0|0","MODE_NORMAL","com.example.d1check.npurunner/com.example.d1check.npurunner.NpuRunnerActivity","Awake","229","1","1","10",""
"1791371356121","1791371356879","0|0","MODE_NORMAL","com.example.d1check.npurunner/com.example.d1check.npurunner.NpuRunnerActivity","Awake","260","1","1","10",""
"1791371366134","1791371366816","0|0","MODE_NORMAL","com.example.d1check.npurunner/com.example.d1check.npurunner.NpuRunnerActivity","Awake","192","1","1","10",""
"1791371376126","1791371376769","0|0","MODE_NORMAL","com.example.d1check.npurunner/com.example.d1check.npurunner.NpuRunnerActivity","Awake","145","1","1","10",""
"1791371386117","1791371386760","0|0","MODE_NORMAL","com.example.d1check.npurunner/com.example.d1check.npurunner.NpuRunnerActivity","Awake","146","1","1","10",""
"1791371396125","1791371396768","0|0","MODE_NORMAL","com.example.d1check.npurunner/com.example.d1check.npurunner.NpuRunnerActivity","Awake","149","1","1","10",""
"1791371406124","1791371406750","0|0","MODE_NORMAL","com.example.d1check.npurunner/com.example.d1check.npurunner.NpuRunnerActivity","Awake","129","1","1","10",""
"1791371416122","1791371416770","0|0","MODE_NORMAL","com.example.d1check.npurunner/com.example.d1check.npurunner.NpuRunnerActivity","Awake","145","1","1","10",""
"1791371426124","1791371426842","0|0","MODE_NORMAL","com.example.d1check.npurunner/com.example.d1check.npurunner.NpuRunnerActivity","Awake","226","1","1","10",""
"1791371436136","1791371436784","0|0","MODE_NORMAL","com.example.d1check.npurunner/com.example.d1check.npurunner.NpuRunnerActivity","Awake","163","1","1","10",""
"1791371446125","1791371446757","0|0","MODE_NORMAL","com.example.d1check.npurunner/com.example.d1check.npurunner.NpuRunnerActivity","Awake","144","1","1","10",""
"1791371456130","1791371456773","0|0","MODE_NORMAL","com.example.d1check.npurunner/com.example.d1check.npurunner.NpuRunnerActivity","Awake","148","1","1","10",""
"1791371466120","1791371466767","0|0","MODE_NORMAL","com.example.d1check.npurunner/com.example.d1check.npurunner.NpuRunnerActivity","Awake","144","1","1","10",""
"1791371476121","1791371476875","0|0","MODE_NORMAL","com.example.d1check.npurunner/com.example.d1check.npurunner.NpuRunnerActivity","Awake","257","1","1","10",""
"1791371486123","1791371486756","0|0","MODE_NORMAL","com.example.d1check.npurunner/com.example.d1check.npurunner.NpuRunnerActivity","Awake","148","1","1","10",""
"1791371496119","1791371496757","0|0","MODE_NORMAL","com.example.d1check.npurunner/com.example.d1check.npurunner.NpuRunnerActivity","Awake","147","1","1","10",""
"1791371506131","1791371506805","0|0","MODE_NORMAL","com.example.d1check.npurunner/com.example.d1check.npurunner.NpuRunnerActivity","Awake","178","1","1","10",""
"1791371516127","1791371516848","0|0","MODE_NORMAL","com.example.d1check.npurunner/com.example.d1check.npurunner.NpuRunnerActivity","Awake","241","1","1","10",""
"1791371526131","1791371526861","0|0","MODE_NORMAL","com.example.d1check.npurunner/com.example.d1check.npurunner.NpuRunnerActivity","Awake","228","1","1","10",""
"1791371536126","1791371536800","0|0","MODE_NORMAL","com.example.d1check.npurunner/com.example.d1check.npurunner.NpuRunnerActivity","Awake","186","1","1","10",""
"1791371546127","1791371546868","0|0","MODE_NORMAL","com.example.d1check.npurunner/com.example.d1check.npurunner.NpuRunnerActivity","Awake","241","1","1","10",""
"1791371556129","1791371556882","0|0","MODE_NORMAL","com.example.d1check.npurunner/com.example.d1check.npurunner.NpuRunnerActivity","Awake","258","1","1","10",""
"1791371566124","1791371566792","0|0","MODE_NORMAL","com.example.d1check.npurunner/com.example.d1check.npurunner.NpuRunnerActivity","Awake","179","1","1","10",""
"1791371576124","1791371576837","0|0","MODE_NORMAL","com.example.d1check.npurunner/com.example.d1check.npurunner.NpuRunnerActivity","Awake","225","1","1","10",""
"1791371586130","1791371586873","0|0","MODE_NORMAL","com.example.d1check.npurunner/com.example.d1check.npurunner.NpuRunnerActivity","Awake","244","1","1","10",""
"1791371596135","1791371596801","0|0","MODE_NORMAL","com.example.d1check.npurunner/com.example.d1check.npurunner.NpuRunnerActivity","Awake","165","1","1","10",""
"1791371606128","1791371606875","0|0","MODE_NORMAL","com.example.d1check.npurunner/com.example.d1check.npurunner.NpuRunnerActivity","Awake","259","1","1","10",""
"1791371616134","1791371616878","0|0","MODE_NORMAL","com.example.d1check.npurunner/com.example.d1check.npurunner.NpuRunnerActivity","Awake","262","1","1","10",""
"1791371626116","1791371626766","0|0","MODE_NORMAL","com.example.d1check.npurunner/com.example.d1check.npurunner.NpuRunnerActivity","Awake","164","1","1","10",""
"1791371636133","1791371636769","0|0","MODE_NORMAL","com.example.d1check.npurunner/com.example.d1check.npurunner.NpuRunnerActivity","Awake","132","1","1","10",""
"1791371646122","1791371646763","0|0","MODE_NORMAL","com.example.d1check.npurunner/com.example.d1check.npurunner.NpuRunnerActivity","Awake","165","1","1","10",""
"1791371656128","1791371656746","0|0","MODE_NORMAL","com.example.d1check.npurunner/com.example.d1check.npurunner.NpuRunnerActivity","Awake","100","1","1","10",""
"1791371666127","1791371666774","0|0","MODE_NORMAL","com.example.d1check.npurunner/com.example.d1check.npurunner.NpuRunnerActivity","Awake","148","1","1","10",""
"1791371676118","1791371676752","0|0","MODE_NORMAL","com.example.d1check.npurunner/com.example.d1check.npurunner.NpuRunnerActivity","Awake","149","1","1","10",""
"1791371686127","1791371686811","0|0","MODE_NORMAL","com.example.d1check.npurunner/com.example.d1check.npurunner.NpuRunnerActivity","Awake","198","1","1","10",""
"1791371696133","1791371696848","0|0","MODE_NORMAL","com.example.d1check.npurunner/com.example.d1check.npurunner.NpuRunnerActivity","Awake","227","1","1","10",""
"1791371706133","1791371706801","0|0","MODE_NORMAL","com.example.d1check.npurunner/com.example.d1check.npurunner.NpuRunnerActivity","Awake","178","1","1","10",""
"1791371716129","1791371716756","0|0","MODE_NORMAL","com.example.d1check.npurunner/com.example.d1check.npurunner.NpuRunnerActivity","Awake","131","1","1","10",""
"1791371726129","1791371726903","0|0","MODE_NORMAL","com.example.d1check.npurunner/com.example.d1check.npurunner.NpuRunnerActivity","Awake","291","1","1","10",""
"1791371736130","1791371736750","0|0","MODE_NORMAL","com.example.d1check.npurunner/com.example.d1check.npurunner.NpuRunnerActivity","Awake","114","1","1","10",""
"1791371746124","1791371746844","0|0","MODE_NORMAL","com.example.d1check.npurunner/com.example.d1check.npurunner.NpuRunnerActivity","Awake","227","1","1","10",""
"1791371756121","1791371756859","0|0","MODE_NORMAL","com.example.d1check.npurunner/com.example.d1check.npurunner.NpuRunnerActivity","Awake","242","1","1","10",""
"1791371766121","1791371766892","0|0","MODE_NORMAL","com.example.d1check.npurunner/com.example.d1check.npurunner.NpuRunnerActivity","Awake","339","1","1","10",""
"1791371776120","1791371776836","0|0","MODE_NORMAL","com.example.d1check.npurunner/com.example.d1check.npurunner.NpuRunnerActivity","Awake","226","1","1","10",""
"1791371786127","1791371786848","0|0","MODE_NORMAL","com.example.d1check.npurunner/com.example.d1check.npurunner.NpuRunnerActivity","Awake","224","1","1","10",""
"1791371796135","1791371796879","0|0","MODE_NORMAL","com.example.d1check.npurunner/com.example.d1check.npurunner.NpuRunnerActivity","Awake","237","1","1","10",""
"1791371806134","1791371806831","0|0","MODE_NORMAL","com.example.d1check.npurunner/com.example.d1check.npurunner.NpuRunnerActivity","Awake","214","1","1","10",""
"1791371816124","1791371816749","0|0","MODE_NORMAL","com.example.d1check.npurunner/com.example.d1check.npurunner.NpuRunnerActivity","Awake","132","1","1","10",""
"1791371826121","1791371826793","0|0","MODE_NORMAL","com.example.d1check.npurunner/com.example.d1check.npurunner.NpuRunnerActivity","Awake","179","1","1","10",""
"1791371836117","1791371836867","0|0","MODE_NORMAL","com.example.d1check.npurunner/com.example.d1check.npurunner.NpuRunnerActivity","Awake","261","1","1","10",""
"1791371846122","1791371846760","0|0","MODE_NORMAL","com.example.d1check.npurunner/com.example.d1check.npurunner.NpuRunnerActivity","Awake","123","1","1","10",""
"1791371856131","1791371856784","0|0","MODE_NORMAL","com.example.d1check.npurunner/com.example.d1check.npurunner.NpuRunnerActivity","Awake","163","1","1","10",""
"1791371866124","1791371866905","0|0","MODE_NORMAL","com.example.d1check.npurunner/com.example.d1check.npurunner.NpuRunnerActivity","Awake","291","1","1","10",""
"1791371876119","1791371876775","0|0","MODE_NORMAL","com.example.d1check.npurunner/com.example.d1check.npurunner.NpuRunnerActivity","Awake","163","1","1","10",""
"1791371886125","1791371886811","0|0","MODE_NORMAL","com.example.d1check.npurunner/com.example.d1check.npurunner.NpuRunnerActivity","Awake","194","1","1","10",""
"1791371896132","1791371896786","0|0","MODE_NORMAL","com.example.d1check.npurunner/com.example.d1check.npurunner.NpuRunnerActivity","Awake","144","1","1","10",""
"1791371906127","1791371906754","0|0","MODE_NORMAL","com.example.d1check.npurunner/com.example.d1check.npurunner.NpuRunnerActivity","Awake","132","1","1","10",""
"1791371916125","1791371916761","0|0","MODE_NORMAL","com.example.d1check.npurunner/com.example.d1check.npurunner.NpuRunnerActivity","Awake","128","1","1","10",""
"1791371926127","1791371926766","0|0","MODE_NORMAL","com.example.d1check.npurunner/com.example.d1check.npurunner.NpuRunnerActivity","Awake","149","1","1","10",""
"1791371936129","1791371936771","0|0","MODE_NORMAL","com.example.d1check.npurunner/com.example.d1check.npurunner.NpuRunnerActivity","Awake","147","1","1","10",""
"1791371946124","1791371946767","0|0","MODE_NORMAL","com.example.d1check.npurunner/com.example.d1check.npurunner.NpuRunnerActivity","Awake","132","1","1","10",""
"1791371956123","1791371956863","0|0","MODE_NORMAL","com.example.d1check.npurunner/com.example.d1check.npurunner.NpuRunnerActivity","Awake","227","1","1","10",""
"1791371966144","1791371966887","0|0","MODE_NORMAL","com.example.d1check.npurunner/com.example.d1check.npurunner.NpuRunnerActivity","Awake","230","1","1","10",""
"1791371976121","1791371976810","0|0","MODE_NORMAL","com.example.d1check.npurunner/com.example.d1check.npurunner.NpuRunnerActivity","Awake","193","1","1","10",""
"1791371986123","1791371986949","0|0","MODE_NORMAL","com.example.d1check.npurunner/com.example.d1check.npurunner.NpuRunnerActivity","Awake","321","1","1","10",""
"1791371996131","1791371996907","0|0","MODE_NORMAL","com.example.d1check.npurunner/com.example.d1check.npurunner.NpuRunnerActivity","Awake","273","1","1","10",""
"1791372006121","1791372006890","0|0","MODE_NORMAL","com.example.d1check.npurunner/com.example.d1check.npurunner.NpuRunnerActivity","Awake","275","1","1","10",""
"1791372016134","1791372016888","0|0","MODE_NORMAL","com.example.d1check.npurunner/com.example.d1check.npurunner.NpuRunnerActivity","Awake","236","1","1","10",""
"1791372026121","1791372026773","0|0","MODE_NORMAL","com.example.d1check.npurunner/com.example.d1check.npurunner.NpuRunnerActivity","Awake","164","1","1","10",""
"1791372036123","1791372036821","0|0","MODE_NORMAL","com.example.d1check.npurunner/com.example.d1check.npurunner.NpuRunnerActivity","Awake","195","1","1","10",""
"1791372046122","1791372046789","0|0","MODE_NORMAL","com.example.d1check.npurunner/com.example.d1check.npurunner.NpuRunnerActivity","Awake","181","1","1","10",""
"1791372056123","1791372056775","0|0","MODE_NORMAL","com.example.d1check.npurunner/com.example.d1check.npurunner.NpuRunnerActivity","Awake","148","1","1","10",""
"1791372066138","1791372066813","0|0","MODE_NORMAL","com.example.d1check.npurunner/com.example.d1check.npurunner.NpuRunnerActivity","Awake","181","1","1","10",""
"1791372076123","1791372076839","0|0","MODE_NORMAL","com.example.d1check.npurunner/com.example.d1check.npurunner.NpuRunnerActivity","Awake","200","1","1","10",""
"1791372086121","1791372086780","0|0","MODE_NORMAL","com.example.d1check.npurunner/com.example.d1check.npurunner.NpuRunnerActivity","Awake","147","1","1","10",""
"1791372096126","1791372096783","0|0","MODE_NORMAL","com.example.d1check.npurunner/com.example.d1check.npurunner.NpuRunnerActivity","Awake","157","1","1","10",""
"1791372106124","1791372106788","0|0","MODE_NORMAL","com.example.d1check.npurunner/com.example.d1check.npurunner.NpuRunnerActivity","Awake","146","1","1","10",""
"1791372116119","1791372116760","0|0","MODE_NORMAL","com.example.d1check.npurunner/com.example.d1check.npurunner.NpuRunnerActivity","Awake","140","1","1","10",""
"1791372126123","1791372126777","0|0","MODE_NORMAL","com.example.d1check.npurunner/com.example.d1check.npurunner.NpuRunnerActivity","Awake","146","1","1","10",""
"1791372136116","1791372136756","0|0","MODE_NORMAL","com.example.d1check.npurunner/com.example.d1check.npurunner.NpuRunnerActivity","Awake","148","1","1","10",""
"1791372146123","1791372146765","0|0","MODE_NORMAL","com.example.d1check.npurunner/com.example.d1check.npurunner.NpuRunnerActivity","Awake","125","1","1","10",""
"1791372156127","1791372156763","0|0","MODE_NORMAL","com.example.d1check.npurunner/com.example.d1check.npurunner.NpuRunnerActivity","Awake","141","1","1","10",""
"1791372166123","1791372166770","0|0","MODE_NORMAL","com.example.d1check.npurunner/com.example.d1check.npurunner.NpuRunnerActivity","Awake","139","1","1","10",""
"1791372176124","1791372176813","0|0","MODE_NORMAL","com.example.d1check.npurunner/com.example.d1check.npurunner.NpuRunnerActivity","Awake","196","1","1","10",""
"1791372186123","1791372186760","0|0","MODE_NORMAL","com.example.d1check.npurunner/com.example.d1check.npurunner.NpuRunnerActivity","Awake","144","1","1","10",""
"1791372196125","1791372196861","0|0","MODE_NORMAL","com.example.d1check.npurunner/com.example.d1check.npurunner.NpuRunnerActivity","Awake","234","1","1","10",""
"1791372206120","1791372206806","0|0","MODE_NORMAL","com.example.d1check.npurunner/com.example.d1check.npurunner.NpuRunnerActivity","Awake","171","1","1","10",""
"1791372216130","1791372216842","0|0","MODE_NORMAL","com.example.d1check.npurunner/com.example.d1check.npurunner.NpuRunnerActivity","Awake","227","1","1","10",""
"1791372226127","1791372226890","0|0","MODE_NORMAL","com.example.d1check.npurunner/com.example.d1check.npurunner.NpuRunnerActivity","Awake","320","1","1","10",""
"1791372236132","1791372236774","0|0","MODE_NORMAL","com.example.d1check.npurunner/com.example.d1check.npurunner.NpuRunnerActivity","Awake","146","1","1","10",""
"1791372246123","1791372246772","0|0","MODE_NORMAL","com.example.d1check.npurunner/com.example.d1check.npurunner.NpuRunnerActivity","Awake","149","1","1","10",""
"1791372256135","1791372256893","0|0","MODE_NORMAL","com.example.d1check.npurunner/com.example.d1check.npurunner.NpuRunnerActivity","Awake","273","1","1","10",""
"1791372266123","1791372266874","0|0","MODE_NORMAL","com.example.d1check.npurunner/com.example.d1check.npurunner.NpuRunnerActivity","Awake","256","1","1","10",""
"1791372276120","1791372276856","0|0","MODE_NORMAL","com.example.d1check.npurunner/com.example.d1check.npurunner.NpuRunnerActivity","Awake","229","1","1","10",""
"1791372286123","1791372286872","0|0","MODE_NORMAL","com.example.d1check.npurunner/com.example.d1check.npurunner.NpuRunnerActivity","Awake","256","1","1","10",""
"1791372296130","1791372296807","0|0","MODE_NORMAL","com.example.d1check.npurunner/com.example.d1check.npurunner.NpuRunnerActivity","Awake","180","1","1","10",""
"1791372306121","1791372306867","0|0","MODE_NORMAL","com.example.d1check.npurunner/com.example.d1check.npurunner.NpuRunnerActivity","Awake","231","1","1","10",""
"1791372316116","1791372316769","0|0","MODE_NORMAL","com.example.d1check.npurunner/com.example.d1check.npurunner.NpuRunnerActivity","Awake","147","1","1","10",""
"1791372326125","1791372326795","0|0","MODE_NORMAL","com.example.d1check.npurunner/com.example.d1check.npurunner.NpuRunnerActivity","Awake","173","1","1","10",""
"1791372336125","1791372336887","0|0","MODE_NORMAL","com.example.d1check.npurunner/com.example.d1check.npurunner.NpuRunnerActivity","Awake","278","1","1","10",""
"1791372346136","1791372346772","0|0","MODE_NORMAL","com.example.d1check.npurunner/com.example.d1check.npurunner.NpuRunnerActivity","Awake","132","1","1","10",""
"1791372356128","1791372356767","0|0","MODE_NORMAL","com.example.d1check.npurunner/com.example.d1check.npurunner.NpuRunnerActivity","Awake","134","1","1","10",""
"1791372366121","1791372366767","0|0","MODE_NORMAL","com.example.d1check.npurunner/com.example.d1check.npurunner.NpuRunnerActivity","Awake","144","1","1","10",""
"1791372376129","1791372376765","0|0","MODE_NORMAL","com.example.d1check.npurunner/com.example.d1check.npurunner.NpuRunnerActivity","Awake","132","1","1","10",""
"1791372386135","1791372386756","0|0","MODE_NORMAL","com.example.d1check.npurunner/com.example.d1check.npurunner.NpuRunnerActivity","Awake","131","1","1","10",""
"1791372396133","1791372396786","0|0","MODE_NORMAL","com.example.d1check.npurunner/com.example.d1check.npurunner.NpuRunnerActivity","Awake","145","1","1","10",""
"1791372406121","1791372406750","0|0","MODE_NORMAL","com.example.d1check.npurunner/com.example.d1check.npurunner.NpuRunnerActivity","Awake","130","1","1","10",""
"1791372416123","1791372416813","0|0","MODE_NORMAL","com.example.d1check.npurunner/com.example.d1check.npurunner.NpuRunnerActivity","Awake","167","1","1","10",""
"1791372426133","1791372426847","0|0","MODE_NORMAL","com.example.d1check.npurunner/com.example.d1check.npurunner.NpuRunnerActivity","Awake","209","1","1","10",""
"1791372436121","1791372436883","0|0","MODE_NORMAL","com.example.d1check.npurunner/com.example.d1check.npurunner.NpuRunnerActivity","Awake","306","1","1","10",""
"1791372446135","1791372446850","0|0","MODE_NORMAL","com.example.d1check.npurunner/com.example.d1check.npurunner.NpuRunnerActivity","Awake","216","1","1","10",""
"1791372456124","1791372456881","0|0","MODE_NORMAL","com.example.d1check.npurunner/com.example.d1check.npurunner.NpuRunnerActivity","Awake","265","1","1","10",""
"1791372466121","1791372466822","0|0","MODE_NORMAL","com.example.d1check.npurunner/com.example.d1check.npurunner.NpuRunnerActivity","Awake","206","1","1","10",""
"1791372476131","1791372476827","0|0","MODE_NORMAL","com.example.d1check.npurunner/com.example.d1check.npurunner.NpuRunnerActivity","Awake","185","1","1","10",""
"1791372486136","1791372486861","0|0","MODE_NORMAL","com.example.d1check.npurunner/com.example.d1check.npurunner.NpuRunnerActivity","Awake","236","1","1","10",""
"1791372496131","1791372496804","0|0","MODE_NORMAL","com.example.d1check.npurunner/com.example.d1check.npurunner.NpuRunnerActivity","Awake","167","1","1","10",""
"1791372506129","1791372506820","0|0","MODE_NORMAL","com.example.d1check.npurunner/com.example.d1check.npurunner.NpuRunnerActivity","Awake","181","1","1","10",""
"1791372516128","1791372516866","0|0","MODE_NORMAL","com.example.d1check.npurunner/com.example.d1check.npurunner.NpuRunnerActivity","Awake","234","1","1","10",""
"1791372526129","1791372526773","0|0","MODE_NORMAL","com.example.d1check.npurunner/com.example.d1check.npurunner.NpuRunnerActivity","Awake","147","1","1","10",""
"1791372536120","1791372536804","0|0","MODE_NORMAL","com.example.d1check.npurunner/com.example.d1check.npurunner.NpuRunnerActivity","Awake","188","1","1","10",""
"1791372546120","1791372546878","0|0","MODE_NORMAL","com.example.d1check.npurunner/com.example.d1check.npurunner.NpuRunnerActivity","Awake","250","1","1","10",""
"1791372556125","1791372556760","0|0","MODE_NORMAL","com.example.d1check.npurunner/com.example.d1check.npurunner.NpuRunnerActivity","Awake","132","1","1","10",""
"1791372566127","1791372566762","0|0","MODE_NORMAL","com.example.d1check.npurunner/com.example.d1check.npurunner.NpuRunnerActivity","Awake","135","1","1","10",""
"1791372576129","1791372576765","0|0","MODE_NORMAL","com.example.d1check.npurunner/com.example.d1check.npurunner.NpuRunnerActivity","Awake","132","1","1","10",""
"1791372586127","1791372586792","0|0","MODE_NORMAL","com.example.d1check.npurunner/com.example.d1check.npurunner.NpuRunnerActivity","Awake","168","1","1","10",""
"1791372596121","1791372596756","0|0","MODE_NORMAL","com.example.d1check.npurunner/com.example.d1check.npurunner.NpuRunnerActivity","Awake","133","1","1","10",""
"1791372606121","1791372606763","0|0","MODE_NORMAL","com.example.d1check.npurunner/com.example.d1check.npurunner.NpuRunnerActivity","Awake","148","1","1","10",""
"1791372616125","1791372616807","0|0","MODE_NORMAL","com.example.d1check.npurunner/com.example.d1check.npurunner.NpuRunnerActivity","Awake","180","1","1","10",""
"1791372626122","1791372626758","0|0","MODE_NORMAL","com.example.d1check.npurunner/com.example.d1check.npurunner.NpuRunnerActivity","Awake","129","1","1","10",""
"1791372636123","1791372636756","0|0","MODE_NORMAL","com.example.d1check.npurunner/com.example.d1check.npurunner.NpuRunnerActivity","Awake","132","1","1","10",""
"1791372646127","1791372646891","0|0","MODE_NORMAL","com.example.d1check.npurunner/com.example.d1check.npurunner.NpuRunnerActivity","Awake","258","1","1","10",""
"1791372656134","1791372656780","0|0","MODE_NORMAL","com.example.d1check.npurunner/com.example.d1check.npurunner.NpuRunnerActivity","Awake","149","1","1","10",""
"1791372666133","1791372666797","0|0","MODE_NORMAL","com.example.d1check.npurunner/com.example.d1check.npurunner.NpuRunnerActivity","Awake","163","1","1","10",""
"1791372676130","1791372676911","0|0","MODE_NORMAL","com.example.d1check.npurunner/com.example.d1check.npurunner.NpuRunnerActivity","Awake","277","1","1","10",""
"1791372686130","1791372686877","0|0","MODE_NORMAL","com.example.d1check.npurunner/com.example.d1check.npurunner.NpuRunnerActivity","Awake","242","1","1","10",""
"1791372696132","1791372696883","0|0","MODE_NORMAL","com.example.d1check.npurunner/com.example.d1check.npurunner.NpuRunnerActivity","Awake","241","1","1","10",""
"1791372706135","1791372706817","0|0","MODE_NORMAL","com.example.d1check.npurunner/com.example.d1check.npurunner.NpuRunnerActivity","Awake","176","1","1","10",""
"1791372716134","1791372716790","0|0","MODE_NORMAL","com.example.d1check.npurunner/com.example.d1check.npurunner.NpuRunnerActivity","Awake","146","1","1","10",""
"1791372726125","1791372726884","0|0","MODE_NORMAL","com.example.d1check.npurunner/com.example.d1check.npurunner.NpuRunnerActivity","Awake","258","1","1","10",""
"1791372736123","1791372736838","0|0","MODE_NORMAL","com.example.d1check.npurunner/com.example.d1check.npurunner.NpuRunnerActivity","Awake","213","1","1","10",""
"1791372746130","1791372746859","0|0","MODE_NORMAL","com.example.d1check.npurunner/com.example.d1check.npurunner.NpuRunnerActivity","Awake","229","1","1","10",""
"1791372756132","1791372756799","0|0","MODE_NORMAL","com.example.d1check.npurunner/com.example.d1check.npurunner.NpuRunnerActivity","Awake","162","1","1","10",""
"1791372766122","1791372766824","0|0","MODE_NORMAL","com.example.d1check.npurunner/com.example.d1check.npurunner.NpuRunnerActivity","Awake","208","1","1","10",""
"1791372776129","1791372776867","0|0","MODE_NORMAL","com.example.d1check.npurunner/com.example.d1check.npurunner.NpuRunnerActivity","Awake","227","1","1","10",""
"1791372786121","1791372786892","0|0","MODE_NORMAL","com.example.d1check.npurunner/com.example.d1check.npurunner.NpuRunnerActivity","Awake","273","1","1","10",""
"1791372796131","1791372796802","0|0","MODE_NORMAL","com.example.d1check.npurunner/com.example.d1check.npurunner.NpuRunnerActivity","Awake","168","1","1","10",""
"1791372806128","1791372806789","0|0","MODE_NORMAL","com.example.d1check.npurunner/com.example.d1check.npurunner.NpuRunnerActivity","Awake","148","1","1","10",""
"1791372816121","1791372816792","0|0","MODE_NORMAL","com.example.d1check.npurunner/com.example.d1check.npurunner.NpuRunnerActivity","Awake","164","1","1","10",""
"1791372826128","1791372826755","0|0","MODE_NORMAL","com.example.d1check.npurunner/com.example.d1check.npurunner.NpuRunnerActivity","Awake","115","1","1","10",""
"1791372836125","1791372836781","0|0","MODE_NORMAL","com.example.d1check.npurunner/com.example.d1check.npurunner.NpuRunnerActivity","Awake","147","1","1","10",""
"1791372846131","1791372846771","0|0","MODE_NORMAL","com.example.d1check.npurunner/com.example.d1check.npurunner.NpuRunnerActivity","Awake","144","1","1","10",""
"1791372856120","1791372856780","0|0","MODE_NORMAL","com.example.d1check.npurunner/com.example.d1check.npurunner.NpuRunnerActivity","Awake","165","1","1","10",""
"1791372866120","1791372866808","0|0","MODE_NORMAL","com.example.d1check.npurunner/com.example.d1check.npurunner.NpuRunnerActivity","Awake","261","1","1","10",""
"1791372876128","1791372876796","0|0","MODE_NORMAL","com.example.d1check.npurunner/com.example.d1check.npurunner.NpuRunnerActivity","Awake","243","1","1","10",""
"1791372886130","1791372886843","0|0","MODE_NORMAL","com.example.d1check.npurunner/com.example.d1check.npurunner.NpuRunnerActivity","Awake","190","1","1","10",""
"1791372896124","1791372896893","0|0","MODE_NORMAL","com.example.d1check.npurunner/com.example.d1check.npurunner.NpuRunnerActivity","Awake","274","1","1","10",""
"1791372906130","1791372906806","0|0","MODE_NORMAL","com.example.d1check.npurunner/com.example.d1check.npurunner.NpuRunnerActivity","Awake","176","1","1","10",""
"1791372916123","1791372916863","0|0","MODE_NORMAL","com.example.d1check.npurunner/com.example.d1check.npurunner.NpuRunnerActivity","Awake","242","1","1","10",""
"1791372926119","1791372926884","0|0","MODE_NORMAL","com.example.d1check.npurunner/com.example.d1check.npurunner.NpuRunnerActivity","Awake","258","1","1","10",""
"1791372936135","1791372936833","0|0","MODE_NORMAL","com.example.d1check.npurunner/com.example.d1check.npurunner.NpuRunnerActivity","Awake","199","1","1","10",""
"1791372946120","1791372946850","0|0","MODE_NORMAL","com.example.d1check.npurunner/com.example.d1check.npurunner.NpuRunnerActivity","Awake","223","1","1","10",""
"1791372956131","1791372956902","0|0","MODE_NORMAL","com.example.d1check.npurunner/com.example.d1check.npurunner.NpuRunnerActivity","Awake","273","1","1","10",""
"1791372966123","1791372966841","0|0","MODE_NORMAL","com.example.d1check.npurunner/com.example.d1check.npurunner.NpuRunnerActivity","Awake","210","1","1","10",""
"1791372976125","1791372976827","0|0","MODE_NORMAL","com.example.d1check.npurunner/com.example.d1check.npurunner.NpuRunnerActivity","Awake","211","1","1","10",""
"1791372986133","1791372986789","0|0","MODE_NORMAL","com.example.d1check.npurunner/com.example.d1check.npurunner.NpuRunnerActivity","Awake","148","1","1","10",""
"1791372996133","1791372996783","0|0","MODE_NORMAL","com.example.d1check.npurunner/com.example.d1check.npurunner.NpuRunnerActivity","Awake","125","1","1","10",""
"1791373006128","1791373006816","0|0","MODE_NORMAL","com.example.d1check.npurunner/com.example.d1check.npurunner.NpuRunnerActivity","Awake","177","1","1","10",""
"1791373016128","1791373016821","0|0","MODE_NORMAL","com.example.d1check.npurunner/com.example.d1check.npurunner.NpuRunnerActivity","Awake","180","1","1","10",""
"1791373026119","1791373026799","0|0","MODE_NORMAL","com.example.d1check.npurunner/com.example.d1check.npurunner.NpuRunnerActivity","Awake","159","1","1","10",""
"1791373036130","1791373036810","0|0","MODE_NORMAL","com.example.d1check.npurunner/com.example.d1check.npurunner.NpuRunnerActivity","Awake","180","1","1","10",""
"1791373046127","1791373046820","0|0","MODE_NORMAL","com.example.d1check.npurunner/com.example.d1check.npurunner.NpuRunnerActivity","Awake","165","1","1","10",""
"1791373056133","1791373056780","0|0","MODE_NORMAL","com.example.d1check.npurunner/com.example.d1check.npurunner.NpuRunnerActivity","Awake","133","1","1","10",""
"1791373066126","1791373066803","0|0","MODE_NORMAL","com.example.d1check.npurunner/com.example.d1check.npurunner.NpuRunnerActivity","Awake","162","1","1","10",""
"1791373076121","1791373076784","0|0","MODE_NORMAL","com.example.d1check.npurunner/com.example.d1check.npurunner.NpuRunnerActivity","Awake","163","1","1","10",""
"1791373086117","1791373086937","0|0","MODE_NORMAL","com.example.d1check.npurunner/com.example.d1check.npurunner.NpuRunnerActivity","Awake","322","1","1","10",""
"1791373096128","1791373096804","0|0","MODE_NORMAL","com.example.d1check.npurunner/com.example.d1check.npurunner.NpuRunnerActivity","Awake","163","1","1","10",""
"1791373106130","1791373106788","0|0","MODE_NORMAL","com.example.d1check.npurunner/com.example.d1check.npurunner.NpuRunnerActivity","Awake","145","1","1","10",""
"1791373116124","1791373116840","0|0","MODE_NORMAL","com.example.d1check.npurunner/com.example.d1check.npurunner.NpuRunnerActivity","Awake","212","1","1","10",""
"1791373126119","1791373126920","0|0","MODE_NORMAL","com.example.d1check.npurunner/com.example.d1check.npurunner.NpuRunnerActivity","Awake","289","1","1","10",""
"1791373136133","1791373136984","0|0","MODE_NORMAL","com.example.d1check.npurunner/com.example.d1check.npurunner.NpuRunnerActivity","Awake","356","1","1","10",""
"1791373146123","1791373146894","0|0","MODE_NORMAL","com.example.d1check.npurunner/com.example.d1check.npurunner.NpuRunnerActivity","Awake","244","1","1","10",""
"1791373156128","1791373156882","0|0","MODE_NORMAL","com.example.d1check.npurunner/com.example.d1check.npurunner.NpuRunnerActivity","Awake","242","1","1","10",""
"1791373166118","1791373166902","0|0","MODE_NORMAL","com.example.d1check.npurunner/com.example.d1check.npurunner.NpuRunnerActivity","Awake","277","1","1","10",""
"1791373176116","1791373176849","0|0","MODE_NORMAL","com.example.d1check.npurunner/com.example.d1check.npurunner.NpuRunnerActivity","Awake","229","1","1","10",""
"1791373186124","1791373186877","0|0","MODE_NORMAL","com.example.d1check.npurunner/com.example.d1check.npurunner.NpuRunnerActivity","Awake","241","1","1","10",""
"1791373196127","1791373196799","0|0","MODE_NORMAL","com.example.d1check.npurunner/com.example.d1check.npurunner.NpuRunnerActivity","Awake","164","1","1","10",""
"1791373206120","1791373206883","0|0","MODE_NORMAL","com.example.d1check.npurunner/com.example.d1check.npurunner.NpuRunnerActivity","Awake","259","1","1","10",""
"1791373216121","1791373216877","0|0","MODE_NORMAL","com.example.d1check.npurunner/com.example.d1check.npurunner.NpuRunnerActivity","Awake","246","1","1","10",""
"1791373226131","1791373226790","0|0","MODE_NORMAL","com.example.d1check.npurunner/com.example.d1check.npurunner.NpuRunnerActivity","Awake","147","1","1","10",""
"1791373236124","1791373236867","0|0","MODE_NORMAL","com.example.d1check.npurunner/com.example.d1check.npurunner.NpuRunnerActivity","Awake","241","1","1","10",""
"1791373246125","1791373246789","0|0","MODE_NORMAL","com.example.d1check.npurunner/com.example.d1check.npurunner.NpuRunnerActivity","Awake","148","1","1","10",""
"1791373256133","1791373256827","0|0","MODE_NORMAL","com.example.d1check/com.example.d1check.MainActivity","Awake","179","1","1","10",""
"1791373266133","1791373266851","0|0","MODE_NORMAL","com.example.d1check/com.example.d1check.MainActivity","Awake","241","1","1","10",""
"1791373276134","1791373276792","0|0","MODE_NORMAL","com.example.d1check/com.example.d1check.MainActivity","Awake","146","1","1","10",""
"1791373286123","1791373286797","0|0","MODE_NORMAL","com.example.d1check/com.example.d1check.MainActivity","Awake","211","1","1","10",""
"1791373296129","1791373296787","0|0","MODE_NORMAL","com.example.d1check/com.example.d1check.MainActivity","Awake","159","1","1","10",""
"1791373306125","1791373306804","0|0","MODE_NORMAL","com.example.d1check/com.example.d1check.MainActivity","Awake","245","1","1","10",""
"1791373316127","1791373316800","0|0","MODE_NORMAL","com.example.d1check/com.example.d1check.MainActivity","Awake","151","1","1","10",""
"1791373326120","1791373326975","0|0","MODE_NORMAL","com.example.d1check/com.example.d1check.MainActivity","Awake","338","1","1","10",""
"1791373336117","1791373336903","0|0","MODE_NORMAL","com.example.d1check/com.example.d1check.MainActivity","Awake","272","1","1","10",""
"1791373346131","1791373346791","0|0","MODE_NORMAL","com.example.d1check/com.example.d1check.MainActivity","Awake","153","1","1","10",""
"1791373356142","1791373356893","0|0","MODE_NORMAL","com.example.d1check/com.example.d1check.MainActivity","Awake","240","1","1","10",""
"1791373366122","1791373366815","0|0","MODE_NORMAL","com.example.d1check/com.example.d1check.MainActivity","Awake","173","1","1","10",""
"1791373376127","1791373376856","0|0","MODE_NORMAL","com.example.d1check/com.example.d1check.MainActivity","Awake","213","1","1","10",""
"1791373386131","1791373386884","0|0","MODE_NORMAL","com.example.d1check/com.example.d1check.MainActivity","Awake","245","1","1","10",""
"1791373396125","1791373396914","0|0","MODE_NORMAL","com.example.d1check/com.example.d1check.MainActivity","Awake","283","1","1","10",""
"1791373406124","1791373406845","0|0","MODE_NORMAL","com.example.d1check/com.example.d1check.MainActivity","Awake","209","1","1","10",""
"1791373416118","1791373416884","0|0","MODE_NORMAL","com.example.d1check/com.example.d1check.MainActivity","Awake","248","1","1","10",""
"1791373426135","1791373426881","0|0","MODE_NORMAL","com.example.d1check/com.example.d1check.MainActivity","Awake","228","1","1","10",""
"1791373436127","1791373436853","0|0","MODE_NORMAL","com.example.d1check/com.example.d1check.MainActivity","Awake","225","1","1","10",""
"1791373446125","1791373446807","0|0","MODE_NORMAL","com.example.d1check/com.example.d1check.MainActivity","Awake","176","1","1","10",""
"1791373456129","1791373456788","0|0","MODE_NORMAL","com.example.d1check/com.example.d1check.MainActivity","Awake","148","1","1","10",""
"1791373466133","1791373466813","0|0","MODE_NORMAL","com.example.d1check/com.example.d1check.MainActivity","Awake","164","1","1","10",""
"1791373476121","1791373476825","0|0","MODE_NORMAL","com.example.d1check/com.example.d1check.MainActivity","Awake","202","1","1","10",""
"1791373486122","1791373486826","0|0","MODE_NORMAL","com.example.d1check/com.example.d1check.MainActivity","Awake","195","1","1","10",""
"1791373496131","1791373496803","0|0","MODE_NORMAL","com.example.d1check/com.example.d1check.MainActivity","Awake","152","1","1","10",""
"1791373506130","1791373506784","0|0","MODE_NORMAL","com.example.d1check/com.example.d1check.MainActivity","Awake","147","1","1","10",""
"1791373516125","1791373516799","0|0","MODE_NORMAL","com.example.d1check/com.example.d1check.MainActivity","Awake","163","1","1","10",""
"1791373526119","1791373526783","0|0","MODE_NORMAL","com.example.d1check/com.example.d1check.MainActivity","Awake","161","1","1","10",""
"1791373536120","1791373536820","0|0","MODE_NORMAL","com.example.d1check/com.example.d1check.MainActivity","Awake","210","1","1","10",""
"1791373546125","1791373546866","0|0","MODE_NORMAL","com.example.d1check/com.example.d1check.MainActivity","Awake","229","1","1","10",""
"1791373556124","1791373556852","0|0","MODE_NORMAL","com.example.d1check/com.example.d1check.MainActivity","Awake","218","1","1","10",""
"1791373566133","1791373566925","0|0","MODE_NORMAL","com.example.d1check/com.example.d1check.MainActivity","Awake","281","1","1","10",""
"1791373576134","1791373576818","0|0","MODE_NORMAL","com.example.d1check/com.example.d1check.MainActivity","Awake","179","1","1","10",""
"1791373586126","1791373586900","0|0","MODE_NORMAL","com.example.d1check/com.example.d1check.MainActivity","Awake","255","1","1","10",""
"1791373596130","1791373596913","0|0","MODE_NORMAL","com.example.d1check/com.example.d1check.MainActivity","Awake","271","1","1","10",""
"1791373606133","1791373606848","0|0","MODE_NORMAL","com.example.d1check/com.example.d1check.MainActivity","Awake","210","1","1","10",""
"1791373616130","1791373616897","0|0","MODE_NORMAL","com.example.d1check/com.example.d1check.MainActivity","Awake","259","1","1","10",""
"1791373626121","1791373626884","0|0","MODE_NORMAL","com.example.d1check/com.example.d1check.MainActivity","Awake","253","1","1","10",""
"1791373636121","1791373636777","0|0","MODE_NORMAL","com.example.d1check/com.example.d1check.MainActivity","Awake","149","1","1","10",""
"1791373646132","1791373646855","0|0","MODE_NORMAL","com.example.d1check/com.example.d1check.MainActivity","Awake","203","1","1","10",""
"1791373656130","1791373656904","0|0","MODE_NORMAL","com.example.d1check/com.example.d1check.MainActivity","Awake","249","1","1","10",""
"1791373666130","1791373666861","0|0","MODE_NORMAL","com.example.d1check/com.example.d1check.MainActivity","Awake","225","1","1","10",""
"1791373676127","1791373676789","0|0","MODE_NORMAL","com.example.d1check/com.example.d1check.MainActivity","Awake","148","1","1","10",""
"1791373686119","1791373686810","0|0","MODE_NORMAL","com.example.d1check/com.example.d1check.MainActivity","Awake","179","1","1","10",""
"1791373696124","1791373696795","0|0","MODE_NORMAL","com.example.d1check/com.example.d1check.MainActivity","Awake","146","1","1","10",""
"1791373706127","1791373706797","0|0","MODE_NORMAL","com.example.d1check/com.example.d1check.MainActivity","Awake","147","1","1","10",""
"1791373716128","1791373716802","0|0","MODE_NORMAL","com.example.d1check/com.example.d1check.MainActivity","Awake","171","1","1","10",""
"1791373726133","1791373726801","0|0","MODE_NORMAL","com.example.d1check/com.example.d1check.MainActivity","Awake","140","1","1","10",""
"1791373736123","1791373736897","0|0","MODE_NORMAL","com.example.d1check/com.example.d1check.MainActivity","Awake","255","1","1","10",""
"1791373746128","1791373746785","0|0","MODE_NORMAL","com.example.d1check/com.example.d1check.MainActivity","Awake","144","1","1","10",""
"1791373756131","1791373756873","0|0","MODE_NORMAL","com.example.d1check/com.example.d1check.MainActivity","Awake","226","1","1","10",""
"1791373766135","1791373766903","0|0","MODE_NORMAL","com.example.d1check/com.example.d1check.MainActivity","Awake","258","1","1","10",""
"1791373776126","1791373776831","0|0","MODE_NORMAL","com.example.d1check/com.example.d1check.MainActivity","Awake","176","1","1","10",""
"1791373786127","1791373786865","0|0","MODE_NORMAL","com.example.d1check/com.example.d1check.MainActivity","Awake","225","1","1","10",""
"1791373796123","1791373796876","0|0","MODE_NORMAL","com.example.d1check/com.example.d1check.MainActivity","Awake","231","1","1","10",""
"1791373806120","1791373806922","0|0","MODE_NORMAL","com.example.d1check/com.example.d1check.MainActivity","Awake","287","1","1","10",""
"1791373816126","1791373816869","0|0","MODE_NORMAL","com.example.d1check/com.example.d1check.MainActivity","Awake","227","1","1","10",""
"1791373826130","1791373826907","0|0","MODE_NORMAL","com.example.d1check/com.example.d1check.MainActivity","Awake","277","1","1","10",""
"1791373836125","1791373836838","0|0","MODE_NORMAL","com.example.d1check/com.example.d1check.MainActivity","Awake","210","1","1","10",""
"1791373846118","1791373846907","0|0","MODE_NORMAL","com.example.d1check/com.example.d1check.MainActivity","Awake","284","1","1","10",""
"1791373856133","1791373856812","0|0","MODE_NORMAL","com.example.d1check/com.example.d1check.MainActivity","Awake","173","1","1","10",""
"1791373866125","1791373867058","0|0","MODE_NORMAL","com.example.d1check/com.example.d1check.MainActivity","Awake","414","1","1","10",""
"1791373876133","1791373876920","0|0","MODE_NORMAL","com.example.d1check/com.example.d1check.MainActivity","Awake","280","1","1","10",""
"1791373886121","1791373886904","0|0","MODE_NORMAL","com.example.d1check/com.example.d1check.MainActivity","Awake","264","1","1","10",""
"1791373896135","1791373896934","0|0","MODE_NORMAL","com.example.d1check/com.example.d1check.MainActivity","Awake","290","1","1","10",""
"1791373906130","1791373906879","0|0","MODE_NORMAL","com.example.d1check/com.example.d1check.MainActivity","Awake","241","1","1","10",""
"1791373916129","1791373916924","0|0","MODE_NORMAL","com.example.d1check/com.example.d1check.MainActivity","Awake","270","1","1","10",""
"1791373926122","1791373926827","0|0","MODE_NORMAL","com.example.d1check/com.example.d1check.MainActivity","Awake","185","1","1","10",""
"1791373936122","1791373936895","0|0","MODE_NORMAL","com.example.d1check/com.example.d1check.MainActivity","Awake","253","1","1","10",""
"1791373946129","1791373946912","0|0","MODE_NORMAL","com.example.d1check/com.example.d1check.MainActivity","Awake","267","1","1","10",""
"1791373956134","1791373956852","0|0","MODE_NORMAL","com.example.d1check/com.example.d1check.MainActivity","Awake","201","1","1","10",""
"1791373966127","1791373967098","0|0","MODE_NORMAL","com.example.d1check/com.example.d1check.MainActivity","Awake","455","1","1","10",""
"1791373976131","1791373976913","0|0","MODE_NORMAL","com.example.d1check/com.example.d1check.MainActivity","Awake","272","1","1","10",""
"1791373986133","1791373986861","0|0","MODE_NORMAL","com.example.d1check/com.example.d1check.MainActivity","Awake","208","1","1","10",""
"1791373996126","1791373996897","0|0","MODE_NORMAL","com.example.d1check/com.example.d1check.MainActivity","Awake","255","1","1","10",""
"1791374006135","1791374006891","0|0","MODE_NORMAL","com.example.d1check/com.example.d1check.MainActivity","Awake","234","1","1","10",""
"1791374016123","1791374016849","0|0","MODE_NORMAL","com.example.d1check/com.example.d1check.MainActivity","Awake","204","1","1","10",""
"1791374026127","1791374026895","0|0","MODE_NORMAL","com.example.d1check/com.example.d1check.MainActivity","Awake","247","1","1","10",""
"1791374036136","1791374036919","0|0","MODE_NORMAL","com.example.d1check/com.example.d1check.MainActivity","Awake","274","1","1","10",""
"1791374046123","1791374046868","0|0","MODE_NORMAL","com.example.d1check/com.example.d1check.MainActivity","Awake","227","1","1","10",""
"1791374056124","1791374057107","0|0","MODE_NORMAL","com.example.d1check/com.example.d1check.MainActivity","Awake","472","1","1","10",""
"1791374066130","1791374066908","0|0","MODE_NORMAL","com.example.d1check/com.example.d1check.MainActivity","Awake","248","1","1","10",""
"1791374076121","1791374076855","0|0","MODE_NORMAL","com.example.d1check/com.example.d1check.MainActivity","Awake","218","1","1","10",""
"1791374086127","1791374086884","0|0","MODE_NORMAL","com.example.d1check/com.example.d1check.MainActivity","Awake","248","1","1","10",""
"1791374096127","1791374096967","0|0","MODE_NORMAL","com.example.d1check/com.example.d1check.MainActivity","Awake","331","1","1","10",""
"1791374106123","1791374106854","0|0","MODE_NORMAL","com.example.d1check/com.example.d1check.MainActivity","Awake","208","1","1","10",""
"1791374116132","1791374116911","0|0","MODE_NORMAL","com.example.d1check/com.example.d1check.MainActivity","Awake","258","1","1","10",""
"1791374126133","1791374126931","0|0","MODE_NORMAL","com.example.d1check/com.example.d1check.MainActivity","Awake","292","1","1","10",""
"1791374136132","1791374136873","0|0","MODE_NORMAL","com.example.d1check/com.example.d1check.MainActivity","Awake","228","1","1","10",""
"1791374146137","1791374146899","0|0","MODE_NORMAL","com.example.d1check/com.example.d1check.MainActivity","Awake","245","1","1","10",""
"1791374156125","1791374156950","0|0","MODE_NORMAL","com.example.d1check/com.example.d1check.MainActivity","Awake","308","1","1","10",""
"1791374166120","1791374166869","0|0","MODE_NORMAL","com.example.d1check/com.example.d1check.MainActivity","Awake","226","1","1","10",""
"1791374176128","1791374176985","0|0","MODE_NORMAL","com.example.d1check/com.example.d1check.MainActivity","Awake","344","1","1","10",""
"1791374186135","1791374186948","0|0","MODE_NORMAL","com.example.d1check/com.example.d1check.MainActivity","Awake","303","1","1","10",""
"1791374196124","1791374196820","0|0","MODE_NORMAL","com.example.d1check/com.example.d1check.MainActivity","Awake","181","1","1","10",""
"1791374206128","1791374206898","0|0","MODE_NORMAL","com.example.d1check/com.example.d1check.MainActivity","Awake","261","1","1","10",""
"1791374216129","1791374216840","0|0","MODE_NORMAL","com.example.d1check/com.example.d1check.MainActivity","Awake","208","1","1","10",""
"1791374226121","1791374226855","0|0","MODE_NORMAL","com.example.d1check/com.example.d1check.MainActivity","Awake","219","1","1","10",""
"1791374236123","1791374236902","0|0","MODE_NORMAL","com.example.d1check/com.example.d1check.MainActivity","Awake","268","1","1","10",""
"1791374246127","1791374246822","0|0","MODE_NORMAL","com.example.d1check/com.example.d1check.MainActivity","Awake","178","1","1","10",""
"1791374256118","1791374256959","0|0","MODE_NORMAL","com.example.d1check/com.example.d1check.MainActivity","Awake","320","1","1","10",""
"1791374266131","1791374266833","0|0","MODE_NORMAL","com.example.d1check/com.example.d1check.MainActivity","Awake","179","1","1","10",""
"1791374276130","1791374276839","0|0","MODE_NORMAL","com.example.d1check/com.example.d1check.MainActivity","Awake","197","1","1","10",""
"1791374286135","1791374286882","0|0","MODE_NORMAL","com.example.d1check/com.example.d1check.MainActivity","Awake","227","1","1","10",""
"1791374296123","1791374296903","0|0","MODE_NORMAL","com.example.d1check/com.example.d1check.MainActivity","Awake","259","1","1","10",""
"1791374306134","1791374307078","0|0","MODE_NORMAL","com.example.d1check/com.example.d1check.MainActivity","Awake","436","1","1","10",""
"1791374316125","1791374317020","0|0","MODE_NORMAL","com.example.d1check/com.example.d1check.MainActivity","Awake","378","1","1","10",""
"1791374326124","1791374326922","0|0","MODE_NORMAL","com.example.d1check.npurunner/com.example.d1check.npurunner.NpuRunnerActivity","Awake","303","1","1","10",""
"1791374336127","1791374336932","0|0","MODE_NORMAL","com.example.d1check.npurunner/com.example.d1check.npurunner.NpuRunnerActivity","Awake","293","1","1","10",""
"1791374346132","1791374346864","0|0","MODE_NORMAL","com.example.d1check.npurunner/com.example.d1check.npurunner.NpuRunnerActivity","Awake","205","1","1","10",""
"1791374356134","1791374356911","0|0","MODE_NORMAL","com.example.d1check.npurunner/com.example.d1check.npurunner.NpuRunnerActivity","Awake","258","1","1","10",""
"1791374366123","1791374366933","0|0","MODE_NORMAL","com.example.d1check.npurunner/com.example.d1check.npurunner.NpuRunnerActivity","Awake","290","1","1","10",""
"1791374376129","1791374376971","0|0","MODE_NORMAL","com.example.d1check.npurunner/com.example.d1check.npurunner.NpuRunnerActivity","Awake","324","1","1","10",""
"1791374386121","1791374386918","0|0","MODE_NORMAL","com.example.d1check.npurunner/com.example.d1check.npurunner.NpuRunnerActivity","Awake","291","1","1","10",""
"1791374396130","1791374396812","0|0","MODE_NORMAL","com.example.d1check.npurunner/com.example.d1check.npurunner.NpuRunnerActivity","Awake","157","1","1","10",""
"1791374406122","1791374406869","0|0","MODE_NORMAL","com.example.d1check.npurunner/com.example.d1check.npurunner.NpuRunnerActivity","Awake","222","1","1","10",""
"1791374416133","1791374416820","0|0","MODE_NORMAL","com.example.d1check.npurunner/com.example.d1check.npurunner.NpuRunnerActivity","Awake","163","1","1","10",""
"1791374426125","1791374426836","0|0","MODE_NORMAL","com.example.d1check.npurunner/com.example.d1check.npurunner.NpuRunnerActivity","Awake","197","1","1","10",""
"1791374436125","1791374436778","0|0","MODE_NORMAL","com.example.d1check.npurunner/com.example.d1check.npurunner.NpuRunnerActivity","Awake","133","1","1","10",""
"1791374446131","1791374446789","0|0","MODE_NORMAL","com.example.d1check.npurunner/com.example.d1check.npurunner.NpuRunnerActivity","Awake","128","1","1","10",""
"1791374456126","1791374456777","0|0","MODE_NORMAL","com.example.d1check.npurunner/com.example.d1check.npurunner.NpuRunnerActivity","Awake","132","1","1","10",""
"1791374466128","1791374466800","0|0","MODE_NORMAL","com.example.d1check.npurunner/com.example.d1check.npurunner.NpuRunnerActivity","Awake","150","1","1","10",""
"1791374476127","1791374476771","0|0","MODE_NORMAL","com.example.d1check.npurunner/com.example.d1check.npurunner.NpuRunnerActivity","Awake","139","1","1","10",""
"1791374486134","1791374486810","0|0","MODE_NORMAL","com.example.d1check.npurunner/com.example.d1check.npurunner.NpuRunnerActivity","Awake","161","1","1","10",""
"1791374496129","1791374496882","0|0","MODE_NORMAL","com.example.d1check.npurunner/com.example.d1check.npurunner.NpuRunnerActivity","Awake","243","1","1","10",""
"1791374506122","1791374506787","0|0","MODE_NORMAL","com.example.d1check.npurunner/com.example.d1check.npurunner.NpuRunnerActivity","Awake","144","1","1","10",""
"1791374516126","1791374516858","0|0","MODE_NORMAL","com.example.d1check.npurunner/com.example.d1check.npurunner.NpuRunnerActivity","Awake","209","1","1","10",""
"1791374526127","1791374527073","0|0","MODE_NORMAL","com.example.d1check.npurunner/com.example.d1check.npurunner.NpuRunnerActivity","Awake","416","1","1","10",""
"1791374536120","1791374536812","0|0","MODE_NORMAL","com.example.d1check.npurunner/com.example.d1check.npurunner.NpuRunnerActivity","Awake","176","1","1","10",""
"1791374546132","1791374546842","0|0","MODE_NORMAL","com.example.d1check.npurunner/com.example.d1check.npurunner.NpuRunnerActivity","Awake","201","1","1","10",""
"1791374556119","1791374556776","0|0","MODE_NORMAL","com.example.d1check.npurunner/com.example.d1check.npurunner.NpuRunnerActivity","Awake","147","1","1","10",""
"1791374566126","1791374566803","0|0","MODE_NORMAL","com.example.d1check.npurunner/com.example.d1check.npurunner.NpuRunnerActivity","Awake","163","1","1","10",""
"1791374576119","1791374576848","0|0","MODE_NORMAL","com.example.d1check.npurunner/com.example.d1check.npurunner.NpuRunnerActivity","Awake","209","1","1","10",""
"1791374586130","1791374586888","0|0","MODE_NORMAL","com.example.d1check.npurunner/com.example.d1check.npurunner.NpuRunnerActivity","Awake","242","1","1","10",""
"1791374596135","1791374596923","0|0","MODE_NORMAL","com.example.d1check.npurunner/com.example.d1check.npurunner.NpuRunnerActivity","Awake","267","1","1","10",""
"1791374606123","1791374606797","0|0","MODE_NORMAL","com.example.d1check.npurunner/com.example.d1check.npurunner.NpuRunnerActivity","Awake","157","1","1","10",""
"1791374616133","1791374616830","0|0","MODE_NORMAL","com.example.d1check.npurunner/com.example.d1check.npurunner.NpuRunnerActivity","Awake","183","1","1","10",""
"1791374626136","1791374626837","0|0","MODE_NORMAL","com.example.d1check.npurunner/com.example.d1check.npurunner.NpuRunnerActivity","Awake","182","1","1","10",""
"1791374636130","1791374636795","0|0","MODE_NORMAL","com.example.d1check.npurunner/com.example.d1check.npurunner.NpuRunnerActivity","Awake","145","1","1","10",""
"1791374646126","1791374646779","0|0","MODE_NORMAL","com.example.d1check.npurunner/com.example.d1check.npurunner.NpuRunnerActivity","Awake","129","1","1","10",""
"1791374656133","1791374656792","0|0","MODE_NORMAL","com.example.d1check.npurunner/com.example.d1check.npurunner.NpuRunnerActivity","Awake","146","1","1","10",""
"1791374666124","1791374666795","0|0","MODE_NORMAL","com.example.d1check.npurunner/com.example.d1check.npurunner.NpuRunnerActivity","Awake","148","1","1","10",""
"1791374676122","1791374676809","0|0","MODE_NORMAL","com.example.d1check.npurunner/com.example.d1check.npurunner.NpuRunnerActivity","Awake","162","1","1","10",""
"1791374686123","1791374686797","0|0","MODE_NORMAL","com.example.d1check.npurunner/com.example.d1check.npurunner.NpuRunnerActivity","Awake","134","1","1","10",""
"1791374696130","1791374696812","0|0","MODE_NORMAL","com.example.d1check.npurunner/com.example.d1check.npurunner.NpuRunnerActivity","Awake","200","1","1","10",""
"1791374706131","1791374706804","0|0","MODE_NORMAL","com.example.d1check.npurunner/com.example.d1check.npurunner.NpuRunnerActivity","Awake","138","1","1","10",""
"1791374716123","1791374716830","0|0","MODE_NORMAL","com.example.d1check.npurunner/com.example.d1check.npurunner.NpuRunnerActivity","Awake","194","1","1","10",""
"1791374726127","1791374726986","0|0","MODE_NORMAL","com.example.d1check.npurunner/com.example.d1check.npurunner.NpuRunnerActivity","Awake","336","1","1","10",""
"1791374736121","1791374736907","0|0","MODE_NORMAL","com.example.d1check.npurunner/com.example.d1check.npurunner.NpuRunnerActivity","Awake","256","1","1","10",""
"1791374746136","1791374746959","0|0","MODE_NORMAL","com.example.d1check.npurunner/com.example.d1check.npurunner.NpuRunnerActivity","Awake","309","1","1","10",""
"1791374756121","1791374756881","0|0","MODE_NORMAL","com.example.d1check.npurunner/com.example.d1check.npurunner.NpuRunnerActivity","Awake","242","1","1","10",""
"1791374766125","1791374766827","0|0","MODE_NORMAL","com.example.d1check.npurunner/com.example.d1check.npurunner.NpuRunnerActivity","Awake","189","1","1","10",""
"1791374776136","1791374776844","0|0","MODE_NORMAL","com.example.d1check.npurunner/com.example.d1check.npurunner.NpuRunnerActivity","Awake","187","1","1","10",""
"1791374786127","1791374786812","0|0","MODE_NORMAL","com.example.d1check.npurunner/com.example.d1check.npurunner.NpuRunnerActivity","Awake","164","1","1","10",""
"1791374796127","1791374796836","0|0","MODE_NORMAL","com.example.d1check.npurunner/com.example.d1check.npurunner.NpuRunnerActivity","Awake","197","1","1","10",""
"1791374806135","1791374806871","0|0","MODE_NORMAL","com.example.d1check.npurunner/com.example.d1check.npurunner.NpuRunnerActivity","Awake","226","1","1","10",""
"1791374816122","1791374816901","0|0","MODE_NORMAL","com.example.d1check.npurunner/com.example.d1check.npurunner.NpuRunnerActivity","Awake","259","1","1","10",""
"1791374826122","1791374826805","0|0","MODE_NORMAL","com.example.d1check.npurunner/com.example.d1check.npurunner.NpuRunnerActivity","Awake","165","1","1","10",""
"1791374836123","1791374836814","0|0","MODE_NORMAL","com.example.d1check.npurunner/com.example.d1check.npurunner.NpuRunnerActivity","Awake","164","1","1","10",""
"1791374846120","1791374846853","0|0","MODE_NORMAL","com.example.d1check.npurunner/com.example.d1check.npurunner.NpuRunnerActivity","Awake","203","1","1","10",""
"1791374856125","1791374856805","0|0","MODE_NORMAL","com.example.d1check.npurunner/com.example.d1check.npurunner.NpuRunnerActivity","Awake","152","1","1","10",""
"1791374866127","1791374866818","0|0","MODE_NORMAL","com.example.d1check.npurunner/com.example.d1check.npurunner.NpuRunnerActivity","Awake","179","1","1","10",""
"1791374876136","1791374876797","0|0","MODE_NORMAL","com.example.d1check.npurunner/com.example.d1check.npurunner.NpuRunnerActivity","Awake","146","1","1","10",""
"1791374886120","1791374886799","0|0","MODE_NORMAL","com.example.d1check.npurunner/com.example.d1check.npurunner.NpuRunnerActivity","Awake","163","1","1","10",""
"1791374896124","1791374896825","0|0","MODE_NORMAL","com.example.d1check.npurunner/com.example.d1check.npurunner.NpuRunnerActivity","Awake","177","1","1","10",""
"1791374906136","1791374906803","0|0","MODE_NORMAL","com.example.d1check.npurunner/com.example.d1check.npurunner.NpuRunnerActivity","Awake","147","1","1","10",""
"1791374916136","1791374916975","0|0","MODE_NORMAL","com.example.d1check.npurunner/com.example.d1check.npurunner.NpuRunnerActivity","Awake","319","1","1","10",""
"1791374926124","1791374926890","0|0","MODE_NORMAL","com.example.d1check.npurunner/com.example.d1check.npurunner.NpuRunnerActivity","Awake","249","1","1","10",""
"1791374936135","1791374936884","0|0","MODE_NORMAL","com.example.d1check.npurunner/com.example.d1check.npurunner.NpuRunnerActivity","Awake","220","1","1","10",""
"1791374946128","1791374946837","0|0","MODE_NORMAL","com.example.d1check.npurunner/com.example.d1check.npurunner.NpuRunnerActivity","Awake","192","1","1","10",""
"1791374956127","1791374956868","0|0","MODE_NORMAL","com.example.d1check.npurunner/com.example.d1check.npurunner.NpuRunnerActivity","Awake","223","1","1","10",""
"1791374966122","1791374966922","0|0","MODE_NORMAL","com.example.d1check.npurunner/com.example.d1check.npurunner.NpuRunnerActivity","Awake","274","1","1","10",""
"1791374976126","1791374976853","0|0","MODE_NORMAL","com.example.d1check.npurunner/com.example.d1check.npurunner.NpuRunnerActivity","Awake","212","1","1","10",""
"1791374986123","1791374986895","0|0","MODE_NORMAL","com.example.d1check.npurunner/com.example.d1check.npurunner.NpuRunnerActivity","Awake","251","1","1","10",""
"1791374996120","1791374996903","0|0","MODE_NORMAL","com.example.d1check.npurunner/com.example.d1check.npurunner.NpuRunnerActivity","Awake","256","1","1","10",""
"1791375006128","1791375006850","0|0","MODE_NORMAL","com.example.d1check.npurunner/com.example.d1check.npurunner.NpuRunnerActivity","Awake","199","1","1","10",""
"1791375016135","1791375016893","0|0","MODE_NORMAL","com.example.d1check.npurunner/com.example.d1check.npurunner.NpuRunnerActivity","Awake","242","1","1","10",""
"1791375026130","1791375027028","0|0","MODE_NORMAL","com.example.d1check.npurunner/com.example.d1check.npurunner.NpuRunnerActivity","Awake","370","1","1","10",""
"1791375036125","1791375036834","0|0","MODE_NORMAL","com.example.d1check.npurunner/com.example.d1check.npurunner.NpuRunnerActivity","Awake","181","1","1","10",""
"1791375046124","1791375046884","0|0","MODE_NORMAL","com.example.d1check.npurunner/com.example.d1check.npurunner.NpuRunnerActivity","Awake","248","1","1","10",""
"1791375056135","1791375056924","0|0","MODE_NORMAL","com.example.d1check.npurunner/com.example.d1check.npurunner.NpuRunnerActivity","Awake","276","1","1","10",""
"1791375066131","1791375066828","0|0","MODE_NORMAL","com.example.d1check.npurunner/com.example.d1check.npurunner.NpuRunnerActivity","Awake","174","1","1","10",""
"1791375076130","1791375076832","0|0","MODE_NORMAL","com.example.d1check.npurunner/com.example.d1check.npurunner.NpuRunnerActivity","Awake","193","1","1","10",""
"1791375086132","1791375086809","0|0","MODE_NORMAL","com.example.d1check.npurunner/com.example.d1check.npurunner.NpuRunnerActivity","Awake","159","1","1","10",""
"1791375096123","1791375096786","0|0","MODE_NORMAL","com.example.d1check.npurunner/com.example.d1check.npurunner.NpuRunnerActivity","Awake","147","1","1","10",""
"1791375106123","1791375106814","0|0","MODE_NORMAL","com.example.d1check.npurunner/com.example.d1check.npurunner.NpuRunnerActivity","Awake","179","1","1","10",""
"1791375116119","1791375116802","0|0","MODE_NORMAL","com.example.d1check.npurunner/com.example.d1check.npurunner.NpuRunnerActivity","Awake","160","1","1","10",""
"1791375126131","1791375126871","0|0","MODE_NORMAL","com.example.d1check.npurunner/com.example.d1check.npurunner.NpuRunnerActivity","Awake","227","1","1","10",""
"1791375136128","1791375137052","0|0","MODE_NORMAL","com.example.d1check.npurunner/com.example.d1check.npurunner.NpuRunnerActivity","Awake","399","1","1","10",""
"1791375146126","1791375147020","0|0","MODE_NORMAL","com.example.d1check.npurunner/com.example.d1check.npurunner.NpuRunnerActivity","Awake","367","1","1","10",""
"1791375156133","1791375156851","0|0","MODE_NORMAL","com.example.d1check.npurunner/com.example.d1check.npurunner.NpuRunnerActivity","Awake","196","1","1","10",""
"1791375166134","1791375167115","0|0","MODE_NORMAL","com.example.d1check.npurunner/com.example.d1check.npurunner.NpuRunnerActivity","Awake","449","1","1","10",""
"1791375176127","1791375176837","0|0","MODE_NORMAL","com.example.d1check.npurunner/com.example.d1check.npurunner.NpuRunnerActivity","Awake","210","1","1","10",""
"1791375186125","1791375186974","0|0","MODE_NORMAL","com.example.d1check.npurunner/com.example.d1check.npurunner.NpuRunnerActivity","Awake","325","1","1","10",""
"1791375196127","1791375196835","0|0","MODE_NORMAL","com.example.d1check.npurunner/com.example.d1check.npurunner.NpuRunnerActivity","Awake","179","1","1","10",""
"1791375206124","1791375206939","0|0","MODE_NORMAL","com.example.d1check.npurunner/com.example.d1check.npurunner.NpuRunnerActivity","Awake","289","1","1","10",""
"1791375216128","1791375216873","0|0","MODE_NORMAL","com.example.d1check.npurunner/com.example.d1check.npurunner.NpuRunnerActivity","Awake","227","1","1","10",""
"1791375226118","1791375226915","0|0","MODE_NORMAL","com.example.d1check.npurunner/com.example.d1check.npurunner.NpuRunnerActivity","Awake","264","1","1","10",""
"1791375236131","1791375236928","0|0","MODE_NORMAL","com.example.d1check.npurunner/com.example.d1check.npurunner.NpuRunnerActivity","Awake","266","1","1","10",""
"1791375246126","1791375246886","0|0","MODE_NORMAL","com.example.d1check.npurunner/com.example.d1check.npurunner.NpuRunnerActivity","Awake","237","1","1","10",""
"1791375256124","1791375256922","0|0","MODE_NORMAL","com.example.d1check.npurunner/com.example.d1check.npurunner.NpuRunnerActivity","Awake","278","1","1","10",""
"1791375266125","1791375266838","0|0","MODE_NORMAL","com.example.d1check.npurunner/com.example.d1check.npurunner.NpuRunnerActivity","Awake","182","1","1","10",""
"1791375276131","1791375276883","0|0","MODE_NORMAL","com.example.d1check.npurunner/com.example.d1check.npurunner.NpuRunnerActivity","Awake","227","1","1","10",""
"1791375286134","1791375286935","0|0","MODE_NORMAL","com.example.d1check.npurunner/com.example.d1check.npurunner.NpuRunnerActivity","Awake","276","1","1","10",""
"1791375296123","1791375296805","0|0","MODE_NORMAL","com.example.d1check.npurunner/com.example.d1check.npurunner.NpuRunnerActivity","Awake","166","1","1","10",""
"1791375306128","1791375306795","0|0","MODE_NORMAL","com.example.d1check.npurunner/com.example.d1check.npurunner.NpuRunnerActivity","Awake","140","1","1","10",""
"1791375316124","1791375316807","0|0","MODE_NORMAL","com.example.d1check.npurunner/com.example.d1check.npurunner.NpuRunnerActivity","Awake","165","1","1","10",""
"1791375326129","1791375326790","0|0","MODE_NORMAL","com.example.d1check.npurunner/com.example.d1check.npurunner.NpuRunnerActivity","Awake","129","1","1","10",""
"1791375336133","1791375336802","0|0","MODE_NORMAL","com.example.d1check.npurunner/com.example.d1check.npurunner.NpuRunnerActivity","Awake","146","1","1","10",""
"1791375346136","1791375346841","0|0","MODE_NORMAL","com.example.d1check.npurunner/com.example.d1check.npurunner.NpuRunnerActivity","Awake","176","1","1","10",""
"1791375356124","1791375356855","0|0","MODE_NORMAL","com.example.d1check.npurunner/com.example.d1check.npurunner.NpuRunnerActivity","Awake","212","1","1","10",""
"1791375366123","1791375366872","0|0","MODE_NORMAL","com.example.d1check.npurunner/com.example.d1check.npurunner.NpuRunnerActivity","Awake","220","1","1","10",""
"1791375376129","1791375377036","0|0","MODE_NORMAL","com.example.d1check.npurunner/com.example.d1check.npurunner.NpuRunnerActivity","Awake","394","1","1","10",""
"1791375386123","1791375386846","0|0","MODE_NORMAL","com.example.d1check.npurunner/com.example.d1check.npurunner.NpuRunnerActivity","Awake","190","1","1","10",""
"1791375396135","1791375396869","0|0","MODE_NORMAL","com.example.d1check.npurunner/com.example.d1check.npurunner.NpuRunnerActivity","Awake","207","1","1","10",""
"1791375406128","1791375406915","0|0","MODE_NORMAL","com.example.d1check.npurunner/com.example.d1check.npurunner.NpuRunnerActivity","Awake","252","1","1","10",""
"1791375416124","1791375416836","0|0","MODE_NORMAL","com.example.d1check.npurunner/com.example.d1check.npurunner.NpuRunnerActivity","Awake","196","1","1","10",""
"1791375426135","1791375426985","0|0","MODE_NORMAL","com.example.d1check.npurunner/com.example.d1check.npurunner.NpuRunnerActivity","Awake","324","1","1","10",""
"1791375436125","1791375436798","0|0","MODE_NORMAL","com.example.d1check.npurunner/com.example.d1check.npurunner.NpuRunnerActivity","Awake","156","1","1","10",""
"1791375446127","1791375446857","0|0","MODE_NORMAL","com.example.d1check.npurunner/com.example.d1check.npurunner.NpuRunnerActivity","Awake","213","1","1","10",""
"1791375456118","1791375456791","0|0","MODE_NORMAL","com.example.d1check.npurunner/com.example.d1check.npurunner.NpuRunnerActivity","Awake","146","1","1","10",""
"1791375466126","1791375466814","0|0","MODE_NORMAL","com.example.d1check.npurunner/com.example.d1check.npurunner.NpuRunnerActivity","Awake","162","1","1","10",""
"1791375476124","1791375476828","0|0","MODE_NORMAL","com.example.d1check.npurunner/com.example.d1check.npurunner.NpuRunnerActivity","Awake","177","1","1","10",""
"1791375486126","1791375486811","0|0","MODE_NORMAL","com.example.d1check.npurunner/com.example.d1check.npurunner.NpuRunnerActivity","Awake","163","1","1","10",""
"1791375496125","1791375496798","0|0","MODE_NORMAL","com.example.d1check.npurunner/com.example.d1check.npurunner.NpuRunnerActivity","Awake","127","1","1","10",""
"1791375506134","1791375506805","0|0","MODE_NORMAL","com.example.d1check.npurunner/com.example.d1check.npurunner.NpuRunnerActivity","Awake","148","1","1","10",""
"1791375516120","1791375516782","0|0","MODE_NORMAL","com.example.d1check.npurunner/com.example.d1check.npurunner.NpuRunnerActivity","Awake","142","1","1","10",""
"1791375526129","1791375526826","0|0","MODE_NORMAL","com.example.d1check.npurunner/com.example.d1check.npurunner.NpuRunnerActivity","Awake","182","1","1","10",""
"1791375536127","1791375536800","0|0","MODE_NORMAL","com.example.d1check.npurunner/com.example.d1check.npurunner.NpuRunnerActivity","Awake","147","1","1","10",""
"1791375546121","1791375546800","0|0","MODE_NORMAL","com.example.d1check.npurunner/com.example.d1check.npurunner.NpuRunnerActivity","Awake","138","1","1","10",""
"1791375556127","1791375556841","0|0","MODE_NORMAL","com.example.d1check.npurunner/com.example.d1check.npurunner.NpuRunnerActivity","Awake","196","1","1","10",""
"1791375566132","1791375566885","0|0","MODE_NORMAL","com.example.d1check.npurunner/com.example.d1check.npurunner.NpuRunnerActivity","Awake","245","1","1","10",""
"1791375576129","1791375576908","0|0","MODE_NORMAL","com.example.d1check.npurunner/com.example.d1check.npurunner.NpuRunnerActivity","Awake","263","1","1","10",""
"1791375586133","1791375586935","0|0","MODE_NORMAL","com.example.d1check.npurunner/com.example.d1check.npurunner.NpuRunnerActivity","Awake","309","1","1","10",""
"1791375596121","1791375596866","0|0","MODE_NORMAL","com.example.d1check.npurunner/com.example.d1check.npurunner.NpuRunnerActivity","Awake","222","1","1","10",""
"1791375606133","1791375606900","0|0","MODE_NORMAL","com.example.d1check.npurunner/com.example.d1check.npurunner.NpuRunnerActivity","Awake","247","1","1","10",""
"1791375616127","1791375616829","0|0","MODE_NORMAL","com.example.d1check.npurunner/com.example.d1check.npurunner.NpuRunnerActivity","Awake","177","1","1","10",""
"1791375626128","1791375626870","0|0","MODE_NORMAL","com.example.d1check.npurunner/com.example.d1check.npurunner.NpuRunnerActivity","Awake","229","1","1","10",""
"1791375636130","1791375636898","0|0","MODE_NORMAL","com.example.d1check.npurunner/com.example.d1check.npurunner.NpuRunnerActivity","Awake","247","1","1","10",""
"1791375646122","1791375646867","0|0","MODE_NORMAL","com.example.d1check.npurunner/com.example.d1check.npurunner.NpuRunnerActivity","Awake","229","1","1","10",""
"1791375656124","1791375656882","0|0","MODE_NORMAL","com.example.d1check.npurunner/com.example.d1check.npurunner.NpuRunnerActivity","Awake","228","1","1","10",""
"1791375666133","1791375666912","0|0","MODE_NORMAL","com.example.d1check.npurunner/com.example.d1check.npurunner.NpuRunnerActivity","Awake","252","1","1","10",""
"1791375676128","1791375676858","0|0","MODE_NORMAL","com.example.d1check.npurunner/com.example.d1check.npurunner.NpuRunnerActivity","Awake","211","1","1","10",""
"1791375686134","1791375686846","0|0","MODE_NORMAL","com.example.d1check.npurunner/com.example.d1check.npurunner.NpuRunnerActivity","Awake","194","1","1","10",""
"1791375696131","1791375696814","0|0","MODE_NORMAL","com.example.d1check.npurunner/com.example.d1check.npurunner.NpuRunnerActivity","Awake","166","1","1","10",""
"1791375706124","1791375706809","0|0","MODE_NORMAL","com.example.d1check.npurunner/com.example.d1check.npurunner.NpuRunnerActivity","Awake","163","1","1","10",""
"1791375716129","1791375716828","0|0","MODE_NORMAL","com.example.d1check.npurunner/com.example.d1check.npurunner.NpuRunnerActivity","Awake","180","1","1","10",""
"1791375726132","1791375726833","0|0","MODE_NORMAL","com.example.d1check.npurunner/com.example.d1check.npurunner.NpuRunnerActivity","Awake","179","1","1","10",""
"1791375736133","1791375736857","0|0","MODE_NORMAL","com.example.d1check.npurunner/com.example.d1check.npurunner.NpuRunnerActivity","Awake","193","1","1","10",""
"1791375746126","1791375746811","0|0","MODE_NORMAL","com.example.d1check.npurunner/com.example.d1check.npurunner.NpuRunnerActivity","Awake","157","1","1","10",""
"1791375756122","1791375756796","0|0","MODE_NORMAL","com.example.d1check.npurunner/com.example.d1check.npurunner.NpuRunnerActivity","Awake","151","1","1","10",""
"1791375766119","1791375766817","0|0","MODE_NORMAL","com.example.d1check.npurunner/com.example.d1check.npurunner.NpuRunnerActivity","Awake","268","1","1","10",""
"1791375776123","1791375776795","0|0","MODE_NORMAL","com.example.d1check.npurunner/com.example.d1check.npurunner.NpuRunnerActivity","Awake","146","1","1","10",""
"1791375786129","1791375786832","0|0","MODE_NORMAL","com.example.d1check.npurunner/com.example.d1check.npurunner.NpuRunnerActivity","Awake","180","1","1","10",""
"1791375796132","1791375796884","0|0","MODE_NORMAL","com.example.d1check.npurunner/com.example.d1check.npurunner.NpuRunnerActivity","Awake","229","1","1","10",""
"1791375806125","1791375806905","0|0","MODE_NORMAL","com.example.d1check.npurunner/com.example.d1check.npurunner.NpuRunnerActivity","Awake","259","1","1","10",""
"1791375816121","1791375816945","0|0","MODE_NORMAL","com.example.d1check.npurunner/com.example.d1check.npurunner.NpuRunnerActivity","Awake","283","1","1","10",""
"1791375826128","1791375826878","0|0","MODE_NORMAL","com.example.d1check.npurunner/com.example.d1check.npurunner.NpuRunnerActivity","Awake","224","1","1","10",""
"1791375836126","1791375836905","0|0","MODE_NORMAL","com.example.d1check.npurunner/com.example.d1check.npurunner.NpuRunnerActivity","Awake","259","1","1","10",""
"1791375846132","1791375846919","0|0","MODE_NORMAL","com.example.d1check.npurunner/com.example.d1check.npurunner.NpuRunnerActivity","Awake","254","1","1","10",""
"1791375856123","1791375856861","0|0","MODE_NORMAL","com.example.d1check.npurunner/com.example.d1check.npurunner.NpuRunnerActivity","Awake","213","1","1","10",""
"1791375866137","1791375866834","0|0","MODE_NORMAL","com.example.d1check.npurunner/com.example.d1check.npurunner.NpuRunnerActivity","Awake","161","1","1","10",""
"1791375876123","1791375876848","0|0","MODE_NORMAL","com.example.d1check.npurunner/com.example.d1check.npurunner.NpuRunnerActivity","Awake","194","1","1","10",""
"1791375886119","1791375886876","0|0","MODE_NORMAL","com.example.d1check.npurunner/com.example.d1check.npurunner.NpuRunnerActivity","Awake","226","1","1","10",""
"1791375896121","1791375896913","0|0","MODE_NORMAL","com.example.d1check.npurunner/com.example.d1check.npurunner.NpuRunnerActivity","Awake","261","1","1","10",""
"1791375906133","1791375906935","0|0","MODE_NORMAL","com.example.d1check.npurunner/com.example.d1check.npurunner.NpuRunnerActivity","Awake","262","1","1","10",""
"1791375916122","1791375916822","0|0","MODE_NORMAL","com.example.d1check.npurunner/com.example.d1check.npurunner.NpuRunnerActivity","Awake","176","1","1","10",""
"1791375926121","1791375926834","0|0","MODE_NORMAL","com.example.d1check.npurunner/com.example.d1check.npurunner.NpuRunnerActivity","Awake","197","1","1","10",""
"1791375936119","1791375936818","0|0","MODE_NORMAL","com.example.d1check.npurunner/com.example.d1check.npurunner.NpuRunnerActivity","Awake","179","1","1","10",""
"1791375946131","1791375946811","0|0","MODE_NORMAL","com.example.d1check.npurunner/com.example.d1check.npurunner.NpuRunnerActivity","Awake","148","1","1","10",""
"1791375956128","1791375956811","0|0","MODE_NORMAL","com.example.d1check.npurunner/com.example.d1check.npurunner.NpuRunnerActivity","Awake","164","1","1","10",""
"1791375966144","1791375966811","0|0","MODE_NORMAL","com.example.d1check.npurunner/com.example.d1check.npurunner.NpuRunnerActivity","Awake","130","1","1","10",""
"1791375976119","1791375976816","0|0","MODE_NORMAL","com.example.d1check.npurunner/com.example.d1check.npurunner.NpuRunnerActivity","Awake","180","1","1","10",""
"1791375986129","1791375986821","0|0","MODE_NORMAL","com.example.d1check.npurunner/com.example.d1check.npurunner.NpuRunnerActivity","Awake","169","1","1","10",""
"1791375996133","1791375996815","0|0","MODE_NORMAL","com.example.d1check.npurunner/com.example.d1check.npurunner.NpuRunnerActivity","Awake","158","1","1","10",""
"1791376006120","1791376006802","0|0","MODE_NORMAL","com.example.d1check.npurunner/com.example.d1check.npurunner.NpuRunnerActivity","Awake","147","1","1","10",""
"1791376016123","1791376016901","0|0","MODE_NORMAL","com.example.d1check.npurunner/com.example.d1check.npurunner.NpuRunnerActivity","Awake","285","1","1","10",""
"1791376026122","1791376026850","0|0","MODE_NORMAL","com.example.d1check.npurunner/com.example.d1check.npurunner.NpuRunnerActivity","Awake","194","1","1","10",""
"1791376036124","1791376036897","0|0","MODE_NORMAL","com.example.d1check.npurunner/com.example.d1check.npurunner.NpuRunnerActivity","Awake","232","1","1","10",""
"1791376046122","1791376046940","0|0","MODE_NORMAL","com.example.d1check.npurunner/com.example.d1check.npurunner.NpuRunnerActivity","Awake","283","1","1","10",""
"1791376056124","1791376056828","0|0","MODE_NORMAL","com.example.d1check.npurunner/com.example.d1check.npurunner.NpuRunnerActivity","Awake","177","1","1","10",""
"1791376066122","1791376066999","0|0","MODE_NORMAL","com.example.d1check.npurunner/com.example.d1check.npurunner.NpuRunnerActivity","Awake","343","1","1","10",""
"1791376076136","1791376076934","0|0","MODE_NORMAL","com.example.d1check.npurunner/com.example.d1check.npurunner.NpuRunnerActivity","Awake","270","1","1","10",""
"1791376086131","1791376086841","0|0","MODE_NORMAL","com.example.d1check.npurunner/com.example.d1check.npurunner.NpuRunnerActivity","Awake","182","1","1","10",""
"1791376096120","1791376096887","0|0","MODE_NORMAL","com.example.d1check.npurunner/com.example.d1check.npurunner.NpuRunnerActivity","Awake","248","1","1","10",""
"1791376106131","1791376107154","0|0","MODE_NORMAL","com.example.d1check.npurunner/com.example.d1check.npurunner.NpuRunnerActivity","Awake","503","1","1","10",""
"1791376116126","1791376116863","0|0","MODE_NORMAL","com.example.d1check.npurunner/com.example.d1check.npurunner.NpuRunnerActivity","Awake","214","1","1","10",""
"1791376126124","1791376126899","0|0","MODE_NORMAL","com.example.d1check.npurunner/com.example.d1check.npurunner.NpuRunnerActivity","Awake","241","1","1","10",""
"1791376136125","1791376136924","0|0","MODE_NORMAL","com.example.d1check.npurunner/com.example.d1check.npurunner.NpuRunnerActivity","Awake","260","1","1","10",""
"1791376146125","1791376146865","0|0","MODE_NORMAL","com.example.d1check.npurunner/com.example.d1check.npurunner.NpuRunnerActivity","Awake","219","1","1","10",""
"1791376156136","1791376156914","0|0","MODE_NORMAL","com.example.d1check.npurunner/com.example.d1check.npurunner.NpuRunnerActivity","Awake","256","1","1","10",""
"1791376166123","1791376166832","0|0","MODE_NORMAL","com.example.d1check.npurunner/com.example.d1check.npurunner.NpuRunnerActivity","Awake","177","1","1","10",""
"1791376176120","1791376176812","0|0","MODE_NORMAL","com.example.d1check.npurunner/com.example.d1check.npurunner.NpuRunnerActivity","Awake","156","1","1","10",""
"1791376186124","1791376186836","0|0","MODE_NORMAL","com.example.d1check.npurunner/com.example.d1check.npurunner.NpuRunnerActivity","Awake","181","1","1","10",""
"1791376196133","1791376196851","0|0","MODE_NORMAL","com.example.d1check.npurunner/com.example.d1check.npurunner.NpuRunnerActivity","Awake","199","1","1","10",""
"1791376206129","1791376206821","0|0","MODE_NORMAL","com.example.d1check.npurunner/com.example.d1check.npurunner.NpuRunnerActivity","Awake","164","1","1","10",""
"1791376216117","1791376216809","0|0","MODE_NORMAL","com.example.d1check.npurunner/com.example.d1check.npurunner.NpuRunnerActivity","Awake","163","1","1","10",""
"1791376226133","1791376226807","0|0","MODE_NORMAL","com.example.d1check.npurunner/com.example.d1check.npurunner.NpuRunnerActivity","Awake","145","1","1","10",""
"1791376236133","1791376236817","0|0","MODE_NORMAL","com.example.d1check.npurunner/com.example.d1check.npurunner.NpuRunnerActivity","Awake","165","1","1","10",""
"1791376246123","1791376246903","0|0","MODE_NORMAL","com.example.d1check.npurunner/com.example.d1check.npurunner.NpuRunnerActivity","Awake","255","1","1","10",""
"1791376256120","1791376256798","0|0","MODE_NORMAL","com.example.d1check.npurunner/com.example.d1check.npurunner.NpuRunnerActivity","Awake","148","1","1","10",""
"1791376266123","1791376266972","0|0","MODE_NORMAL","com.example.d1check.npurunner/com.example.d1check.npurunner.NpuRunnerActivity","Awake","323","1","1","10",""
"1791376276129","1791376276911","0|0","MODE_NORMAL","com.example.d1check.npurunner/com.example.d1check.npurunner.NpuRunnerActivity","Awake","256","1","1","10",""
"1791376286122","1791376286937","0|0","MODE_NORMAL","com.example.d1check.npurunner/com.example.d1check.npurunner.NpuRunnerActivity","Awake","289","1","1","10",""
"1791376296136","1791376296883","0|0","MODE_NORMAL","com.example.d1check.npurunner/com.example.d1check.npurunner.NpuRunnerActivity","Awake","225","1","1","10",""
"1791376306130","1791376307125","0|0","MODE_NORMAL","com.example.d1check.npurunner/com.example.d1check.npurunner.NpuRunnerActivity","Awake","455","1","1","10",""
"1791376316126","1791376316832","0|0","MODE_NORMAL","com.example.d1check.npurunner/com.example.d1check.npurunner.NpuRunnerActivity","Awake","176","1","1","10",""
"1791376326118","1791376327074","0|0","MODE_NORMAL","com.example.d1check.npurunner/com.example.d1check.npurunner.NpuRunnerActivity","Awake","419","1","1","10",""
"1791376336134","1791376336820","0|0","MODE_NORMAL","com.example.d1check.npurunner/com.example.d1check.npurunner.NpuRunnerActivity","Awake","146","1","1","10",""
"1791376346121","1791376346935","0|0","MODE_NORMAL","com.example.d1check.npurunner/com.example.d1check.npurunner.NpuRunnerActivity","Awake","281","1","1","10",""
"1791376356131","1791376356863","0|0","MODE_NORMAL","com.example.d1check.npurunner/com.example.d1check.npurunner.NpuRunnerActivity","Awake","212","1","1","10",""
"1791376366128","1791376366903","0|0","MODE_NORMAL","com.example.d1check.npurunner/com.example.d1check.npurunner.NpuRunnerActivity","Awake","242","1","1","10",""
"1791376376131","1791376376849","0|0","MODE_NORMAL","com.example.d1check.npurunner/com.example.d1check.npurunner.NpuRunnerActivity","Awake","180","1","1","10",""
"1791376386118","1791376386897","0|0","MODE_NORMAL","com.example.d1check.npurunner/com.example.d1check.npurunner.NpuRunnerActivity","Awake","242","1","1","10",""
"1791376396132","1791376396917","0|0","MODE_NORMAL","com.example.d1check.npurunner/com.example.d1check.npurunner.NpuRunnerActivity","Awake","260","1","1","10",""
"1791376406127","1791376406861","0|0","MODE_NORMAL","com.example.d1check.npurunner/com.example.d1check.npurunner.NpuRunnerActivity","Awake","210","1","1","10",""
"1791376416131","1791376416886","0|0","MODE_NORMAL","com.example.d1check.npurunner/com.example.d1check.npurunner.NpuRunnerActivity","Awake","229","1","1","10",""
"1791376426125","1791376427049","0|0","MODE_NORMAL","com.example.d1check.npurunner/com.example.d1check.npurunner.NpuRunnerActivity","Awake","392","1","1","10",""
"1791376436126","1791376436811","0|0","MODE_NORMAL","com.example.d1check.npurunner/com.example.d1check.npurunner.NpuRunnerActivity","Awake","158","1","1","10",""
"1791376446129","1791376446826","0|0","MODE_NORMAL","com.example.d1check.npurunner/com.example.d1check.npurunner.NpuRunnerActivity","Awake","159","1","1","10",""
"1791376456135","1791376456872","0|0","MODE_NORMAL","com.example.d1check.npurunner/com.example.d1check.npurunner.NpuRunnerActivity","Awake","205","1","1","10",""
"1791376466116","1791376466805","0|0","MODE_NORMAL","com.example.d1check.npurunner/com.example.d1check.npurunner.NpuRunnerActivity","Awake","159","1","1","10",""
"1791376476133","1791376476868","0|0","MODE_NORMAL","com.example.d1check.npurunner/com.example.d1check.npurunner.NpuRunnerActivity","Awake","205","1","1","10",""
"1791376486121","1791376486802","0|0","MODE_NORMAL","com.example.d1check.npurunner/com.example.d1check.npurunner.NpuRunnerActivity","Awake","157","1","1","10",""
"1791376496124","1791376496839","0|0","MODE_NORMAL","com.example.d1check.npurunner/com.example.d1check.npurunner.NpuRunnerActivity","Awake","179","1","1","10",""
"1791376506117","1791376506796","0|0","MODE_NORMAL","com.example.d1check.npurunner/com.example.d1check.npurunner.NpuRunnerActivity","Awake","139","1","1","10",""
"1791376516119","1791376516802","0|0","MODE_NORMAL","com.example.d1check.npurunner/com.example.d1check.npurunner.NpuRunnerActivity","Awake","156","1","1","10",""
"1791376526126","1791376527249","0|0","MODE_NORMAL","com.example.d1check.npurunner/com.example.d1check.npurunner.NpuRunnerActivity","Awake","601","1","1","10",""
"1791376536124","1791376536928","0|0","MODE_NORMAL","com.example.d1check.npurunner/com.example.d1check.npurunner.NpuRunnerActivity","Awake","291","1","1","10",""
"1791376546132","1791376546948","0|0","MODE_NORMAL","com.example.d1check.npurunner/com.example.d1check.npurunner.NpuRunnerActivity","Awake","299","1","1","10",""
"1791376556126","1791376556903","0|0","MODE_NORMAL","com.example.d1check.npurunner/com.example.d1check.npurunner.NpuRunnerActivity","Awake","249","1","1","10",""
"1791376566127","1791376566897","0|0","MODE_NORMAL","com.example.d1check.npurunner/com.example.d1check.npurunner.NpuRunnerActivity","Awake","233","1","1","10",""
"1791376576133","1791376576941","0|0","MODE_NORMAL","com.example.d1check.npurunner/com.example.d1check.npurunner.NpuRunnerActivity","Awake","277","1","1","10",""
"1791376586123","1791376586812","0|0","MODE_NORMAL","com.example.d1check.npurunner/com.example.d1check.npurunner.NpuRunnerActivity","Awake","164","1","1","10",""
"1791376596130","1791376596902","0|0","MODE_NORMAL","com.example.d1check.npurunner/com.example.d1check.npurunner.NpuRunnerActivity","Awake","234","1","1","10",""
"1791376606130","1791376606955","0|0","MODE_NORMAL","com.example.d1check.npurunner/com.example.d1check.npurunner.NpuRunnerActivity","Awake","299","1","1","10",""
"1791376616130","1791376616888","0|0","MODE_NORMAL","com.example.d1check.npurunner/com.example.d1check.npurunner.NpuRunnerActivity","Awake","222","1","1","10",""
"1791376626116","1791376626926","0|0","MODE_NORMAL","com.example.d1check.npurunner/com.example.d1check.npurunner.NpuRunnerActivity","Awake","284","1","1","10",""
"1791376636134","1791376636960","0|0","MODE_NORMAL","com.example.d1check.npurunner/com.example.d1check.npurunner.NpuRunnerActivity","Awake","298","1","1","10",""
"1791376646123","1791376646895","0|0","MODE_NORMAL","com.example.d1check.npurunner/com.example.d1check.npurunner.NpuRunnerActivity","Awake","243","1","1","10",""
"1791376656131","1791376656816","0|0","MODE_NORMAL","com.example.d1check.npurunner/com.example.d1check.npurunner.NpuRunnerActivity","Awake","156","1","1","10",""
"1791376666122","1791376666874","0|0","MODE_NORMAL","com.example.d1check.npurunner/com.example.d1check.npurunner.NpuRunnerActivity","Awake","223","1","1","10",""
"1791376676133","1791376676818","0|0","MODE_NORMAL","com.example.d1check.npurunner/com.example.d1check.npurunner.NpuRunnerActivity","Awake","160","1","1","10",""
"1791376686135","1791376686825","0|0","MODE_NORMAL","com.example.d1check.npurunner/com.example.d1check.npurunner.NpuRunnerActivity","Awake","149","1","1","10",""
"1791376696125","1791376696840","0|0","MODE_NORMAL","com.example.d1check.npurunner/com.example.d1check.npurunner.NpuRunnerActivity","Awake","189","1","1","10",""
"1791376706126","1791376706839","0|0","MODE_NORMAL","com.example.d1check.npurunner/com.example.d1check.npurunner.NpuRunnerActivity","Awake","180","1","1","10",""
"1791376716123","1791376716819","0|0","MODE_NORMAL","com.example.d1check.npurunner/com.example.d1check.npurunner.NpuRunnerActivity","Awake","157","1","1","10",""
"1791376726123","1791376726843","0|0","MODE_NORMAL","com.example.d1check.npurunner/com.example.d1check.npurunner.NpuRunnerActivity","Awake","185","1","1","10",""
"1791376736128","1791376736815","0|0","MODE_NORMAL","com.example.d1check.npurunner/com.example.d1check.npurunner.NpuRunnerActivity","Awake","156","1","1","10",""
"1791376746132","1791376746831","0|0","MODE_NORMAL","com.example.d1check.npurunner/com.example.d1check.npurunner.NpuRunnerActivity","Awake","165","1","1","10",""
"1791376756129","1791376756880","0|0","MODE_NORMAL","com.example.d1check.npurunner/com.example.d1check.npurunner.NpuRunnerActivity","Awake","217","1","1","10",""
"1791376766128","1791376766892","0|0","MODE_NORMAL","com.example.d1check.npurunner/com.example.d1check.npurunner.NpuRunnerActivity","Awake","237","1","1","10",""
"1791376776131","1791376776930","0|0","MODE_NORMAL","com.example.d1check.npurunner/com.example.d1check.npurunner.NpuRunnerActivity","Awake","289","1","1","10",""
"1791376786129","1791376786861","0|0","MODE_NORMAL","com.example.d1check.npurunner/com.example.d1check.npurunner.NpuRunnerActivity","Awake","201","1","1","10",""
"1791376796133","1791376796881","0|0","MODE_NORMAL","com.example.d1check.npurunner/com.example.d1check.npurunner.NpuRunnerActivity","Awake","217","1","1","10",""
"1791376806122","1791376806952","0|0","MODE_NORMAL","com.example.d1check.npurunner/com.example.d1check.npurunner.NpuRunnerActivity","Awake","301","1","1","10",""
"1791376816135","1791376816873","0|0","MODE_NORMAL","com.example.d1check.npurunner/com.example.d1check.npurunner.NpuRunnerActivity","Awake","201","1","1","10",""
"1791376826121","1791376826897","0|0","MODE_NORMAL","com.example.d1check.npurunner/com.example.d1check.npurunner.NpuRunnerActivity","Awake","231","1","1","10",""
"1791376836122","1791376836840","0|0","MODE_NORMAL","com.example.d1check.npurunner/com.example.d1check.npurunner.NpuRunnerActivity","Awake","185","1","1","10",""
"1791376846124","1791376846877","0|0","MODE_NORMAL","com.example.d1check.npurunner/com.example.d1check.npurunner.NpuRunnerActivity","Awake","221","1","1","10",""
"1791376856122","1791376856900","0|0","MODE_NORMAL","com.example.d1check.npurunner/com.example.d1check.npurunner.NpuRunnerActivity","Awake","226","1","1","10",""
"1791376866123","1791376866859","0|0","MODE_NORMAL","com.example.d1check.npurunner/com.example.d1check.npurunner.NpuRunnerActivity","Awake","201","1","1","10",""
"1791376876122","1791376876864","0|0","MODE_NORMAL","com.example.d1check.npurunner/com.example.d1check.npurunner.NpuRunnerActivity","Awake","187","1","1","10",""
"1791376886126","1791376886922","0|0","MODE_NORMAL","com.example.d1check.npurunner/com.example.d1check.npurunner.NpuRunnerActivity","Awake","265","1","1","10",""
"1791376896126","1791376896844","0|0","MODE_NORMAL","com.example.d1check.npurunner/com.example.d1check.npurunner.NpuRunnerActivity","Awake","184","1","1","10",""
"1791376906128","1791376906861","0|0","MODE_NORMAL","com.example.d1check.npurunner/com.example.d1check.npurunner.NpuRunnerActivity","Awake","202","1","1","10",""
"1791376916127","1791376916906","0|0","MODE_NORMAL","com.example.d1check.npurunner/com.example.d1check.npurunner.NpuRunnerActivity","Awake","234","1","1","10",""
"1791376926128","1791376926957","0|0","MODE_NORMAL","com.example.d1check.npurunner/com.example.d1check.npurunner.NpuRunnerActivity","Awake","289","1","1","10",""
"1791376936127","1791376936822","0|0","MODE_NORMAL","com.example.d1check.npurunner/com.example.d1check.npurunner.NpuRunnerActivity","Awake","153","1","1","10",""
"1791376946129","1791376946855","0|0","MODE_NORMAL","com.example.d1check.npurunner/com.example.d1check.npurunner.NpuRunnerActivity","Awake","188","1","1","10",""
"1791376956130","1791376956847","0|0","MODE_NORMAL","com.example.d1check.npurunner/com.example.d1check.npurunner.NpuRunnerActivity","Awake","185","1","1","10",""
"1791376966131","1791376966841","0|0","MODE_NORMAL","com.example.d1check.npurunner/com.example.d1check.npurunner.NpuRunnerActivity","Awake","174","1","1","10",""
"1791376976134","1791376976815","0|0","MODE_NORMAL","com.example.d1check.npurunner/com.example.d1check.npurunner.NpuRunnerActivity","Awake","145","1","1","10",""
"1791376986121","1791376986829","0|0","MODE_NORMAL","com.example.d1check.npurunner/com.example.d1check.npurunner.NpuRunnerActivity","Awake","170","1","1","10",""
"1791376996125","1791376996810","0|0","MODE_NORMAL","com.example.d1check.npurunner/com.example.d1check.npurunner.NpuRunnerActivity","Awake","152","1","1","10",""
"1791377006136","1791377006934","0|0","MODE_NORMAL","com.example.d1check.npurunner/com.example.d1check.npurunner.NpuRunnerActivity","Awake","259","1","1","10",""
"1791377016121","1791377016865","0|0","MODE_NORMAL","com.example.d1check.npurunner/com.example.d1check.npurunner.NpuRunnerActivity","Awake","213","1","1","10",""
"1791377026125","1791377026883","0|0","MODE_NORMAL","com.example.d1check.npurunner/com.example.d1check.npurunner.NpuRunnerActivity","Awake","220","1","1","10",""
"1791377036128","1791377036968","0|0","MODE_NORMAL","com.example.d1check.npurunner/com.example.d1check.npurunner.NpuRunnerActivity","Awake","292","1","1","10",""
"1791377046132","1791377046864","0|0","MODE_NORMAL","com.example.d1check.npurunner/com.example.d1check.npurunner.NpuRunnerActivity","Awake","194","1","1","10",""
"1791377056121","1791377056919","0|0","MODE_NORMAL","com.example.d1check.npurunner/com.example.d1check.npurunner.NpuRunnerActivity","Awake","281","1","1","10",""
"1791377066126","1791377066935","0|0","MODE_NORMAL","com.example.d1check.npurunner/com.example.d1check.npurunner.NpuRunnerActivity","Awake","271","1","1","10",""
"1791377076120","1791377076853","0|0","MODE_NORMAL","com.example.d1check.npurunner/com.example.d1check.npurunner.NpuRunnerActivity","Awake","188","1","1","10",""
"1791377086133","1791377087003","0|0","MODE_NORMAL","com.example.d1check.npurunner/com.example.d1check.npurunner.NpuRunnerActivity","Awake","321","1","1","10",""
"1791377096135","1791377096923","0|0","MODE_NORMAL","com.example.d1check.npurunner/com.example.d1check.npurunner.NpuRunnerActivity","Awake","254","1","1","10",""
"1791377106128","1791377106878","0|0","MODE_NORMAL","com.example.d1check.npurunner/com.example.d1check.npurunner.NpuRunnerActivity","Awake","209","1","1","10",""
"1791377116127","1791377116813","0|0","MODE_NORMAL","com.example.d1check.npurunner/com.example.d1check.npurunner.NpuRunnerActivity","Awake","148","1","1","10",""
"1791377126129","1791377126917","0|0","MODE_NORMAL","com.example.d1check.npurunner/com.example.d1check.npurunner.NpuRunnerActivity","Awake","253","1","1","10",""
"1791377136130","1791377136926","0|0","MODE_NORMAL","com.example.d1check.npurunner/com.example.d1check.npurunner.NpuRunnerActivity","Awake","8098","1","1","10",""
"1791377146131","1791377146848","0|0","MODE_NORMAL","com.example.d1check.npurunner/com.example.d1check.npurunner.NpuRunnerActivity","Awake","1231","1","1","10",""
"1791377156121","1791377156851","0|0","MODE_NORMAL","com.example.d1check/com.example.d1check.MainActivity","Awake","268","1","1","10",""
"1791377166125","1791377166828","0|0","MODE_NORMAL","com.example.d1check/com.example.d1check.MainActivity","Awake","179","1","1","10",""
"1791377176141","1791377176827","0|0","MODE_NORMAL","com.example.d1check/com.example.d1check.MainActivity","Awake","163","1","1","10",""
"1791377186123","1791377186870","0|0","MODE_NORMAL","com.example.d1check/com.example.d1check.MainActivity","Awake","191","1","1","10",""
"1791377196130","1791377196863","0|0","MODE_NORMAL","com.example.d1check/com.example.d1check.MainActivity","Awake","202","1","1","10",""
"1791377206117","1791377206906","0|0","MODE_NORMAL","com.example.d1check/com.example.d1check.MainActivity","Awake","231","1","1","10",""
"1791377216122","1791377216828","0|0","MODE_NORMAL","com.example.d1check/com.example.d1check.MainActivity","Awake","178","1","1","10",""
"1791377226127","1791377226874","0|0","MODE_NORMAL","com.example.d1check/com.example.d1check.MainActivity","Awake","210","1","1","10",""
"1791377236129","1791377236900","0|0","MODE_NORMAL","com.example.d1check/com.example.d1check.MainActivity","Awake","228","1","1","10",""
"1791377246133","1791377246849","0|0","MODE_NORMAL","com.example.d1check/com.example.d1check.MainActivity","Awake","180","1","1","10",""
"1791377256131","1791377256873","0|0","MODE_NORMAL","com.example.d1check/com.example.d1check.MainActivity","Awake","202","1","1","10",""
"1791377266120","1791377266939","0|0","MODE_NORMAL","com.example.d1check/com.example.d1check.MainActivity","Awake","280","1","1","10",""
"1791377276122","1791377276815","0|0","MODE_NORMAL","com.example.d1check/com.example.d1check.MainActivity","Awake","165","1","1","10",""
"1791377286128","1791377286804","0|0","MODE_NORMAL","com.example.d1check/com.example.d1check.MainActivity","Awake","129","1","1","10",""
"1791377296128","1791377296812","0|0","MODE_NORMAL","com.example.d1check/com.example.d1check.MainActivity","Awake","147","1","1","10",""
"1791377306135","1791377306868","0|0","MODE_NORMAL","com.example.d1check/com.example.d1check.MainActivity","Awake","189","1","1","10",""
"1791377316122","1791377316817","0|0","MODE_NORMAL","com.example.d1check/com.example.d1check.MainActivity","Awake","140","1","1","10",""
"1791377326123","1791377326813","0|0","MODE_NORMAL","com.example.d1check/com.example.d1check.MainActivity","Awake","151","1","1","10",""
"1791377336125","1791377336814","0|0","MODE_NORMAL","com.example.d1check/com.example.d1check.MainActivity","Awake","150","1","1","10",""
"1791377346125","1791377346809","0|0","MODE_NORMAL","com.example.d1check/com.example.d1check.MainActivity","Awake","125","1","1","10",""
"1791377356129","1791377356821","0|0","MODE_NORMAL","com.example.d1check/com.example.d1check.MainActivity","Awake","147","1","1","10",""
"1791377366135","1791377366857","0|0","MODE_NORMAL","com.example.d1check/com.example.d1check.MainActivity","Awake","162","1","1","10",""
"1791377376122","1791377376900","0|0","MODE_NORMAL","com.example.d1check/com.example.d1check.MainActivity","Awake","242","1","1","10",""
"1791377386129","1791377386923","0|0","MODE_NORMAL","com.example.d1check/com.example.d1check.MainActivity","Awake","256","1","1","10",""
"1791377396130","1791377396869","0|0","MODE_NORMAL","com.example.d1check/com.example.d1check.MainActivity","Awake","189","1","1","10",""
"1791377406129","1791377406917","0|0","MODE_NORMAL","com.example.d1check/com.example.d1check.MainActivity","Awake","226","1","1","10",""
"1791377416118","1791377416827","0|0","MODE_NORMAL","com.example.d1check/com.example.d1check.MainActivity","Awake","165","1","1","10",""
"1791377426121","1791377426884","0|0","MODE_NORMAL","com.example.d1check/com.example.d1check.MainActivity","Awake","215","1","1","10",""
"1791377436125","1791377436899","0|0","MODE_NORMAL","com.example.d1check/com.example.d1check.MainActivity","Awake","215","1","1","10",""
"1791377446129","1791377447025","0|0","MODE_NORMAL","com.example.d1check/com.example.d1check.MainActivity","Awake","358","1","1","10",""
"1791377456134","1791377456869","0|0","MODE_NORMAL","com.example.d1check/com.example.d1check.MainActivity","Awake","196","1","1","10",""
"1791377466123","1791377466923","0|0","MODE_NORMAL","com.example.d1check/com.example.d1check.MainActivity","Awake","257","1","1","10",""
"1791377476121","1791377476814","0|0","MODE_NORMAL","com.example.d1check/com.example.d1check.MainActivity","Awake","148","1","1","10",""
"1791377486136","1791377486866","0|0","MODE_NORMAL","com.example.d1check/com.example.d1check.MainActivity","Awake","186","1","1","10",""
"1791377496128","1791377496902","0|0","MODE_NORMAL","com.example.d1check/com.example.d1check.MainActivity","Awake","227","1","1","10",""
"1791377506128","1791377506845","0|0","MODE_NORMAL","com.example.d1check/com.example.d1check.MainActivity","Awake","162","1","1","10",""
"1791377516133","1791377516871","0|0","MODE_NORMAL","com.example.d1check/com.example.d1check.MainActivity","Awake","195","1","1","10",""
"1791377526123","1791377526918","0|0","MODE_NORMAL","com.example.d1check/com.example.d1check.MainActivity","Awake","246","1","1","10",""
"1791377536127","1791377536853","0|0","MODE_NORMAL","com.example.d1check/com.example.d1check.MainActivity","Awake","196","1","1","10",""
"1791377546128","1791377546816","0|0","MODE_NORMAL","com.example.d1check/com.example.d1check.MainActivity","Awake","149","1","1","10",""
"1791377556125","1791377556917","0|0","MODE_NORMAL","com.example.d1check/com.example.d1check.MainActivity","Awake","251","1","1","10",""
"1791377566132","1791377566815","0|0","MODE_NORMAL","com.example.d1check/com.example.d1check.MainActivity","Awake","137","1","1","10",""
"1791377576133","1791377576829","0|0","MODE_NORMAL","com.example.d1check/com.example.d1check.MainActivity","Awake","162","1","1","10",""
"1791377586122","1791377586811","0|0","MODE_NORMAL","com.example.d1check/com.example.d1check.MainActivity","Awake","148","1","1","10",""
"1791377596126","1791377596833","0|0","MODE_NORMAL","com.example.d1check/com.example.d1check.MainActivity","Awake","148","1","1","10",""
"1791377606131","1791377606840","0|0","MODE_NORMAL","com.example.d1check/com.example.d1check.MainActivity","Awake","161","1","1","10",""
"1791377616118","1791377616817","0|0","MODE_NORMAL","com.example.d1check/com.example.d1check.MainActivity","Awake","167","1","1","10",""
"1791377626117","1791377626828","0|0","MODE_NORMAL","com.example.d1check/com.example.d1check.MainActivity","Awake","151","1","1","10",""
"1791377636121","1791377636803","0|0","MODE_NORMAL","com.example.d1check/com.example.d1check.MainActivity","Awake","138","1","1","10",""
"1791377646125","1791377646800","0|0","MODE_NORMAL","com.example.d1check/com.example.d1check.MainActivity","Awake","130","1","1","10",""
"1791377656128","1791377656829","0|0","MODE_NORMAL","com.example.d1check/com.example.d1check.MainActivity","Awake","161","1","1","10",""
"1791377666132","1791377666816","0|0","MODE_NORMAL","com.example.d1check/com.example.d1check.MainActivity","Awake","123","1","1","10",""
"1791377676119","1791377676823","0|0","MODE_NORMAL","com.example.d1check/com.example.d1check.MainActivity","Awake","162","1","1","10",""
"1791377686126","1791377686854","0|0","MODE_NORMAL","com.example.d1check/com.example.d1check.MainActivity","Awake","166","1","1","10",""
"1791377696128","1791377696900","0|0","MODE_NORMAL","com.example.d1check/com.example.d1check.MainActivity","Awake","223","1","1","10",""
"1791377706127","1791377706968","0|0","MODE_NORMAL","com.example.d1check/com.example.d1check.MainActivity","Awake","294","1","1","10",""
"1791377716128","1791377716852","0|0","MODE_NORMAL","com.example.d1check/com.example.d1check.MainActivity","Awake","186","1","1","10",""
"1791377726132","1791377726902","0|0","MODE_NORMAL","com.example.d1check/com.example.d1check.MainActivity","Awake","217","1","1","10",""
"1791377736121","1791377736826","0|0","MODE_NORMAL","com.example.d1check/com.example.d1check.MainActivity","Awake","164","1","1","10",""
"1791377746131","1791377746891","0|0","MODE_NORMAL","com.example.d1check/com.example.d1check.MainActivity","Awake","227","1","1","10",""
"1791377756134","1791377756845","0|0","MODE_NORMAL","com.example.d1check/com.example.d1check.MainActivity","Awake","172","1","1","10",""
"1791377766133","1791377766932","0|0","MODE_NORMAL","com.example.d1check/com.example.d1check.MainActivity","Awake","256","1","1","10",""
"1791377776137","1791377776858","0|0","MODE_NORMAL","com.example.d1check/com.example.d1check.MainActivity","Awake","195","1","1","10",""
"1791377786135","1791377786918","0|0","MODE_NORMAL","com.example.d1check/com.example.d1check.MainActivity","Awake","233","1","1","10",""
"1791377796123","1791377796826","0|0","MODE_NORMAL","com.example.d1check/com.example.d1check.MainActivity","Awake","171","1","1","10",""
"1791377806125","1791377806860","0|0","MODE_NORMAL","com.example.d1check/com.example.d1check.MainActivity","Awake","191","1","1","10",""
"1791377816130","1791377816908","0|0","MODE_NORMAL","com.example.d1check/com.example.d1check.MainActivity","Awake","228","1","1","10",""
"1791377826133","1791377826947","0|0","MODE_NORMAL","com.example.d1check/com.example.d1check.MainActivity","Awake","276","1","1","10",""
"1791377836123","1791377836866","0|0","MODE_NORMAL","com.example.d1check/com.example.d1check.MainActivity","Awake","193","1","1","10",""
"1791377846125","1791377846902","0|0","MODE_NORMAL","com.example.d1check/com.example.d1check.MainActivity","Awake","228","1","1","10",""
"1791377856123","1791377856839","0|0","MODE_NORMAL","com.example.d1check/com.example.d1check.MainActivity","Awake","169","1","1","10",""
"1791377866129","1791377866831","0|0","MODE_NORMAL","com.example.d1check/com.example.d1check.MainActivity","Awake","152","1","1","10",""
"1791377876132","1791377876876","0|0","MODE_NORMAL","com.example.d1check/com.example.d1check.MainActivity","Awake","201","1","1","10",""
"1791377886118","1791377886821","0|0","MODE_NORMAL","com.example.d1check/com.example.d1check.MainActivity","Awake","163","1","1","10",""
"1791377896123","1791377896830","0|0","MODE_NORMAL","com.example.d1check/com.example.d1check.MainActivity","Awake","163","1","1","10",""
"1791377906127","1791377906805","0|0","MODE_NORMAL","com.example.d1check/com.example.d1check.MainActivity","Awake","128","1","1","10",""
"1791377916129","1791377916850","0|0","MODE_NORMAL","com.example.d1check/com.example.d1check.MainActivity","Awake","176","1","1","10",""
"1791377926118","1791377926890","0|0","MODE_NORMAL","com.example.d1check/com.example.d1check.MainActivity","Awake","215","1","1","10",""
"1791377936130","1791377936837","0|0","MODE_NORMAL","com.example.d1check/com.example.d1check.MainActivity","Awake","154","1","1","10",""
"1791377946134","1791377946857","0|0","MODE_NORMAL","com.example.d1check/com.example.d1check.MainActivity","Awake","157","1","1","10",""
"1791377956118","1791377956934","0|0","MODE_NORMAL","com.example.d1check/com.example.d1check.MainActivity","Awake","270","1","1","10",""
"1791377966129","1791377966926","0|0","MODE_NORMAL","com.example.d1check/com.example.d1check.MainActivity","Awake","257","1","1","10",""
"1791377976131","1791377976856","0|0","MODE_NORMAL","com.example.d1check/com.example.d1check.MainActivity","Awake","178","1","1","10",""
"1791377986134","1791377986898","0|0","MODE_NORMAL","com.example.d1check/com.example.d1check.MainActivity","Awake","207","1","1","10",""
"1791377996124","1791377996957","0|0","MODE_NORMAL","com.example.d1check/com.example.d1check.MainActivity","Awake","288","1","1","10",""
"1791378006119","1791378006989","0|0","MODE_NORMAL","com.example.d1check/com.example.d1check.MainActivity","Awake","329","1","1","10",""
"1791378016124","1791378016880","0|0","MODE_NORMAL","com.example.d1check/com.example.d1check.MainActivity","Awake","203","1","1","10",""
"1791378026129","1791378026928","0|0","MODE_NORMAL","com.example.d1check/com.example.d1check.MainActivity","Awake","251","1","1","10",""
"1791378036118","1791378036893","0|0","MODE_NORMAL","com.example.d1check/com.example.d1check.MainActivity","Awake","239","1","1","10",""
"1791378046129","1791378046904","0|0","MODE_NORMAL","com.example.d1check/com.example.d1check.MainActivity","Awake","230","1","1","10",""
"1791378056126","1791378056945","0|0","MODE_NORMAL","com.example.d1check/com.example.d1check.MainActivity","Awake","276","1","1","10",""
"1791378066129","1791378066845","0|0","MODE_NORMAL","com.example.d1check/com.example.d1check.MainActivity","Awake","165","1","1","10",""
"1791378076132","1791378076835","0|0","MODE_NORMAL","com.example.d1check/com.example.d1check.MainActivity","Awake","144","1","1","10",""
"1791378086135","1791378086949","0|0","MODE_NORMAL","com.example.d1check/com.example.d1check.MainActivity","Awake","270","1","1","10",""
"1791378096136","1791378096828","0|0","MODE_NORMAL","com.example.d1check/com.example.d1check.MainActivity","Awake","137","1","1","10",""
"1791378106123","1791378106918","0|0","MODE_NORMAL","com.example.d1check/com.example.d1check.MainActivity","Awake","249","1","1","10",""
"1791378116125","1791378116948","0|0","MODE_NORMAL","com.example.d1check.npurunner/com.example.d1check.npurunner.NpuRunnerActivity","Awake","259","1","1","10",""
"1791378126130","1791378126988","0|0","MODE_NORMAL","com.example.d1check.npurunner/com.example.d1check.npurunner.NpuRunnerActivity","Awake","306","1","1","10",""
"1791378136134","1791378136904","0|0","MODE_NORMAL","com.example.d1check.npurunner/com.example.d1check.npurunner.NpuRunnerActivity","Awake","227","1","1","10",""
"1791378146121","1791378146855","0|0","MODE_NORMAL","com.example.d1check.npurunner/com.example.d1check.npurunner.NpuRunnerActivity","Awake","176","1","1","10",""
"1791378156120","1791378156876","0|0","MODE_NORMAL","com.example.d1check.npurunner/com.example.d1check.npurunner.NpuRunnerActivity","Awake","201","1","1","10",""
"1791378166121","1791378166930","0|0","MODE_NORMAL","com.example.d1check.npurunner/com.example.d1check.npurunner.NpuRunnerActivity","Awake","252","1","1","10",""
"1791378176126","1791378176831","0|0","MODE_NORMAL","com.example.d1check.npurunner/com.example.d1check.npurunner.NpuRunnerActivity","Awake","155","1","1","10",""
"1791378186132","1791378186877","0|0","MODE_NORMAL","com.example.d1check.npurunner/com.example.d1check.npurunner.NpuRunnerActivity","Awake","196","1","1","10",""
"1791378196120","1791378196808","0|0","MODE_NORMAL","com.example.d1check.npurunner/com.example.d1check.npurunner.NpuRunnerActivity","Awake","130","1","1","10",""
"1791378206123","1791378206853","0|0","MODE_NORMAL","com.example.d1check.npurunner/com.example.d1check.npurunner.NpuRunnerActivity","Awake","179","1","1","10",""
"1791378216128","1791378216865","0|0","MODE_NORMAL","com.example.d1check.npurunner/com.example.d1check.npurunner.NpuRunnerActivity","Awake","196","1","1","10",""
"1791378226129","1791378226842","0|0","MODE_NORMAL","com.example.d1check.npurunner/com.example.d1check.npurunner.NpuRunnerActivity","Awake","165","1","1","10",""
"1791378236117","1791378236823","0|0","MODE_NORMAL","com.example.d1check.npurunner/com.example.d1check.npurunner.NpuRunnerActivity","Awake","163","1","1","10",""
"1791378246128","1791378246814","0|0","MODE_NORMAL","com.example.d1check.npurunner/com.example.d1check.npurunner.NpuRunnerActivity","Awake","125","1","1","10",""
"1791378256120","1791378256806","0|0","MODE_NORMAL","com.example.d1check.npurunner/com.example.d1check.npurunner.NpuRunnerActivity","Awake","148","1","1","10",""
"1791378266125","1791378266811","0|0","MODE_NORMAL","com.example.d1check.npurunner/com.example.d1check.npurunner.NpuRunnerActivity","Awake","130","1","1","10",""
"1791378276128","1791378276807","0|0","MODE_NORMAL","com.example.d1check.npurunner/com.example.d1check.npurunner.NpuRunnerActivity","Awake","131","1","1","10",""
"1791378286131","1791378286810","0|0","MODE_NORMAL","com.example.d1check.npurunner/com.example.d1check.npurunner.NpuRunnerActivity","Awake","111","1","1","10",""
"1791378296119","1791378296789","0|0","MODE_NORMAL","com.example.d1check.npurunner/com.example.d1check.npurunner.NpuRunnerActivity","Awake","132","1","1","10",""
"1791378306121","1791378306805","0|0","MODE_NORMAL","com.example.d1check.npurunner/com.example.d1check.npurunner.NpuRunnerActivity","Awake","134","1","1","10",""
"1791378316121","1791378316786","0|0","MODE_NORMAL","com.example.d1check.npurunner/com.example.d1check.npurunner.NpuRunnerActivity","Awake","139","1","1","10",""
"1791378326127","1791378326827","0|0","MODE_NORMAL","com.example.d1check.npurunner/com.example.d1check.npurunner.NpuRunnerActivity","Awake","130","1","1","10",""
"1791378336132","1791378336803","0|0","MODE_NORMAL","com.example.d1check.npurunner/com.example.d1check.npurunner.NpuRunnerActivity","Awake","128","1","1","10",""
"1791378346117","1791378346796","0|0","MODE_NORMAL","com.example.d1check.npurunner/com.example.d1check.npurunner.NpuRunnerActivity","Awake","132","1","1","10",""
"1791378356135","1791378356852","0|0","MODE_NORMAL","com.example.d1check.npurunner/com.example.d1check.npurunner.NpuRunnerActivity","Awake","164","1","1","10",""
"1791378366124","1791378366868","0|0","MODE_NORMAL","com.example.d1check.npurunner/com.example.d1check.npurunner.NpuRunnerActivity","Awake","196","1","1","10",""
"1791378376130","1791378376904","0|0","MODE_NORMAL","com.example.d1check.npurunner/com.example.d1check.npurunner.NpuRunnerActivity","Awake","203","1","1","10",""
"1791378386125","1791378386843","0|0","MODE_NORMAL","com.example.d1check.npurunner/com.example.d1check.npurunner.NpuRunnerActivity","Awake","170","1","1","10",""
"1791378396131","1791378396909","0|0","MODE_NORMAL","com.example.d1check.npurunner/com.example.d1check.npurunner.NpuRunnerActivity","Awake","233","1","1","10",""
"1791378406120","1791378406919","0|0","MODE_NORMAL","com.example.d1check.npurunner/com.example.d1check.npurunner.NpuRunnerActivity","Awake","262","1","1","10",""
"1791378416124","1791378416844","0|0","MODE_NORMAL","com.example.d1check.npurunner/com.example.d1check.npurunner.NpuRunnerActivity","Awake","160","1","1","10",""
"1791378426127","1791378426882","0|0","MODE_NORMAL","com.example.d1check.npurunner/com.example.d1check.npurunner.NpuRunnerActivity","Awake","186","1","1","10",""
"1791378436131","1791378436913","0|0","MODE_NORMAL","com.example.d1check.npurunner/com.example.d1check.npurunner.NpuRunnerActivity","Awake","212","1","1","10",""
"1791378446135","1791378446837","0|0","MODE_NORMAL","com.example.d1check.npurunner/com.example.d1check.npurunner.NpuRunnerActivity","Awake","148","1","1","10",""
"1791378456123","1791378456801","0|0","MODE_NORMAL","com.example.d1check.npurunner/com.example.d1check.npurunner.NpuRunnerActivity","Awake","132","1","1","10",""
"1791378466121","1791378466820","0|0","MODE_NORMAL","com.example.d1check.npurunner/com.example.d1check.npurunner.NpuRunnerActivity","Awake","153","1","1","10",""
"1791378476124","1791378476851","0|0","MODE_NORMAL","com.example.d1check.npurunner/com.example.d1check.npurunner.NpuRunnerActivity","Awake","170","1","1","10",""
"1791378486129","1791378486896","0|0","MODE_NORMAL","com.example.d1check.npurunner/com.example.d1check.npurunner.NpuRunnerActivity","Awake","216","1","1","10",""
"1791378496134","1791378496913","0|0","MODE_NORMAL","com.example.d1check.npurunner/com.example.d1check.npurunner.NpuRunnerActivity","Awake","229","1","1","10",""
"1791378506136","1791378506843","0|0","MODE_NORMAL","com.example.d1check.npurunner/com.example.d1check.npurunner.NpuRunnerActivity","Awake","164","1","1","10",""
"1791378516124","1791378516884","0|0","MODE_NORMAL","com.example.d1check.npurunner/com.example.d1check.npurunner.NpuRunnerActivity","Awake","212","1","1","10",""
"1791378526128","1791378526823","0|0","MODE_NORMAL","com.example.d1check.npurunner/com.example.d1check.npurunner.NpuRunnerActivity","Awake","123","1","1","10",""
"1791378536124","1791378536809","0|0","MODE_NORMAL","com.example.d1check.npurunner/com.example.d1check.npurunner.NpuRunnerActivity","Awake","138","1","1","10",""
"1791378546131","1791378546806","0|0","MODE_NORMAL","com.example.d1check.npurunner/com.example.d1check.npurunner.NpuRunnerActivity","Awake","121","1","1","10",""
"1791378556133","1791378556814","0|0","MODE_NORMAL","com.example.d1check.npurunner/com.example.d1check.npurunner.NpuRunnerActivity","Awake","120","1","1","10",""
"1791378566120","1791378566796","0|0","MODE_NORMAL","com.example.d1check.npurunner/com.example.d1check.npurunner.NpuRunnerActivity","Awake","132","1","1","10",""
"1791378576125","1791378576880","0|0","MODE_NORMAL","com.example.d1check.npurunner/com.example.d1check.npurunner.NpuRunnerActivity","Awake","196","1","1","10",""
"1791378586129","1791378586811","0|0","MODE_NORMAL","com.example.d1check.npurunner/com.example.d1check.npurunner.NpuRunnerActivity","Awake","133","1","1","10",""
"1791378596131","1791378596803","0|0","MODE_NORMAL","com.example.d1check.npurunner/com.example.d1check.npurunner.NpuRunnerActivity","Awake","116","1","1","10",""
"1791378606121","1791378606789","0|0","MODE_NORMAL","com.example.d1check.npurunner/com.example.d1check.npurunner.NpuRunnerActivity","Awake","116","1","1","10",""
"1791378616137","1791378616815","0|0","MODE_NORMAL","com.example.d1check.npurunner/com.example.d1check.npurunner.NpuRunnerActivity","Awake","118","1","1","10",""
"1791378626123","1791378626813","0|0","MODE_NORMAL","com.example.d1check.npurunner/com.example.d1check.npurunner.NpuRunnerActivity","Awake","135","1","1","10",""
"1791378636127","1791378636805","0|0","MODE_NORMAL","com.example.d1check.npurunner/com.example.d1check.npurunner.NpuRunnerActivity","Awake","128","1","1","10",""
"1791378646131","1791378646947","0|0","MODE_NORMAL","com.example.d1check.npurunner/com.example.d1check.npurunner.NpuRunnerActivity","Awake","265","1","1","10",""
"1791378656117","1791378656796","0|0","MODE_NORMAL","com.example.d1check.npurunner/com.example.d1check.npurunner.NpuRunnerActivity","Awake","128","1","1","10",""
"1791378666121","1791378666906","0|0","MODE_NORMAL","com.example.d1check.npurunner/com.example.d1check.npurunner.NpuRunnerActivity","Awake","242","1","1","10",""
"1791378676126","1791378676846","0|0","MODE_NORMAL","com.example.d1check.npurunner/com.example.d1check.npurunner.NpuRunnerActivity","Awake","161","1","1","10",""
"1791378686130","1791378686870","0|0","MODE_NORMAL","com.example.d1check.npurunner/com.example.d1check.npurunner.NpuRunnerActivity","Awake","179","1","1","10",""
"1791378696130","1791378696911","0|0","MODE_NORMAL","com.example.d1check.npurunner/com.example.d1check.npurunner.NpuRunnerActivity","Awake","229","1","1","10",""
"1791378706132","1791378706839","0|0","MODE_NORMAL","com.example.d1check.npurunner/com.example.d1check.npurunner.NpuRunnerActivity","Awake","150","1","1","10",""
"1791378716133","1791378716879","0|0","MODE_NORMAL","com.example.d1check.npurunner/com.example.d1check.npurunner.NpuRunnerActivity","Awake","198","1","1","10",""
"1791378726122","1791378726903","0|0","MODE_NORMAL","com.example.d1check.npurunner/com.example.d1check.npurunner.NpuRunnerActivity","Awake","223","1","1","10",""
"1791378736127","1791378736852","0|0","MODE_NORMAL","com.example.d1check.npurunner/com.example.d1check.npurunner.NpuRunnerActivity","Awake","163","1","1","10",""
"1791378746133","1791378746831","0|0","MODE_NORMAL","com.example.d1check.npurunner/com.example.d1check.npurunner.NpuRunnerActivity","Awake","144","1","1","10",""
"1791378756133","1791378756902","0|0","MODE_NORMAL","com.example.d1check.npurunner/com.example.d1check.npurunner.NpuRunnerActivity","Awake","193","1","1","10",""
"1791378766134","1791378766866","0|0","MODE_NORMAL","com.example.d1check.npurunner/com.example.d1check.npurunner.NpuRunnerActivity","Awake","184","1","1","10",""
"1791378776122","1791378776878","0|0","MODE_NORMAL","com.example.d1check.npurunner/com.example.d1check.npurunner.NpuRunnerActivity","Awake","200","1","1","10",""
"1791378786126","1791378786920","0|0","MODE_NORMAL","com.example.d1check.npurunner/com.example.d1check.npurunner.NpuRunnerActivity","Awake","232","1","1","10",""
"1791378796130","1791378796854","0|0","MODE_NORMAL","com.example.d1check.npurunner/com.example.d1check.npurunner.NpuRunnerActivity","Awake","163","1","1","10",""
"1791378806133","1791378806889","0|0","MODE_NORMAL","com.example.d1check.npurunner/com.example.d1check.npurunner.NpuRunnerActivity","Awake","195","1","1","10",""
"1791378816136","1791378816929","0|0","MODE_NORMAL","com.example.d1check.npurunner/com.example.d1check.npurunner.NpuRunnerActivity","Awake","241","1","1","10",""
"1791378826125","1791378826868","0|0","MODE_NORMAL","com.example.d1check.npurunner/com.example.d1check.npurunner.NpuRunnerActivity","Awake","194","1","1","10",""
"1791378836128","1791378836851","0|0","MODE_NORMAL","com.example.d1check.npurunner/com.example.d1check.npurunner.NpuRunnerActivity","Awake","163","1","1","10",""
"1791378846124","1791378846838","0|0","MODE_NORMAL","com.example.d1check.npurunner/com.example.d1check.npurunner.NpuRunnerActivity","Awake","155","1","1","10",""
"1791378856130","1791378856831","0|0","MODE_NORMAL","com.example.d1check.npurunner/com.example.d1check.npurunner.NpuRunnerActivity","Awake","137","1","1","10",""
"1791378866132","1791378866847","0|0","MODE_NORMAL","com.example.d1check.npurunner/com.example.d1check.npurunner.NpuRunnerActivity","Awake","138","1","1","10",""
"1791378876121","1791378876844","0|0","MODE_NORMAL","com.example.d1check.npurunner/com.example.d1check.npurunner.NpuRunnerActivity","Awake","164","1","1","10",""
"1791378886126","1791378886853","0|0","MODE_NORMAL","com.example.d1check.npurunner/com.example.d1check.npurunner.NpuRunnerActivity","Awake","179","1","1","10",""
"1791378896127","1791378896838","0|0","MODE_NORMAL","com.example.d1check.npurunner/com.example.d1check.npurunner.NpuRunnerActivity","Awake","162","1","1","10",""
"1791378906118","1791378906812","0|0","MODE_NORMAL","com.example.d1check.npurunner/com.example.d1check.npurunner.NpuRunnerActivity","Awake","130","1","1","10",""
"1791378916134","1791378916832","0|0","MODE_NORMAL","com.example.d1check.npurunner/com.example.d1check.npurunner.NpuRunnerActivity","Awake","150","1","1","10",""
"1791378926120","1791378926845","0|0","MODE_NORMAL","com.example.d1check.npurunner/com.example.d1check.npurunner.NpuRunnerActivity","Awake","168","1","1","10",""
"1791378936123","1791378936900","0|0","MODE_NORMAL","com.example.d1check.npurunner/com.example.d1check.npurunner.NpuRunnerActivity","Awake","215","1","1","10",""
"1791378946127","1791378946891","0|0","MODE_NORMAL","com.example.d1check.npurunner/com.example.d1check.npurunner.NpuRunnerActivity","Awake","212","1","1","10",""
"1791378956129","1791378957065","0|0","MODE_NORMAL","com.example.d1check.npurunner/com.example.d1check.npurunner.NpuRunnerActivity","Awake","380","1","1","10",""
"1791378966118","1791378966859","0|0","MODE_NORMAL","com.example.d1check.npurunner/com.example.d1check.npurunner.NpuRunnerActivity","Awake","177","1","1","10",""
"1791378976123","1791378976874","0|0","MODE_NORMAL","com.example.d1check.npurunner/com.example.d1check.npurunner.NpuRunnerActivity","Awake","195","1","1","10",""
"1791378986127","1791378986975","0|0","MODE_NORMAL","com.example.d1check.npurunner/com.example.d1check.npurunner.NpuRunnerActivity","Awake","289","1","1","10",""
"1791378996125","1791378996869","0|0","MODE_NORMAL","com.example.d1check.npurunner/com.example.d1check.npurunner.NpuRunnerActivity","Awake","170","1","1","10",""
"1791379006128","1791379006918","0|0","MODE_NORMAL","com.example.d1check.npurunner/com.example.d1check.npurunner.NpuRunnerActivity","Awake","246","1","1","10",""
"1791379016129","1791379016925","0|0","MODE_NORMAL","com.example.d1check.npurunner/com.example.d1check.npurunner.NpuRunnerActivity","Awake","217","1","1","10",""
"1791379026121","1791379026874","0|0","MODE_NORMAL","com.example.d1check.npurunner/com.example.d1check.npurunner.NpuRunnerActivity","Awake","180","1","1","10",""
"1791379036123","1791379036920","0|0","MODE_NORMAL","com.example.d1check.npurunner/com.example.d1check.npurunner.NpuRunnerActivity","Awake","245","1","1","10",""
"1791379046127","1791379046953","0|0","MODE_NORMAL","com.example.d1check.npurunner/com.example.d1check.npurunner.NpuRunnerActivity","Awake","277","1","1","10",""
"1791379056132","1791379056883","0|0","MODE_NORMAL","com.example.d1check.npurunner/com.example.d1check.npurunner.NpuRunnerActivity","Awake","197","1","1","10",""
"1791379066133","1791379066902","0|0","MODE_NORMAL","com.example.d1check.npurunner/com.example.d1check.npurunner.NpuRunnerActivity","Awake","214","1","1","10",""
"1791379076131","1791379076949","0|0","MODE_NORMAL","com.example.d1check.npurunner/com.example.d1check.npurunner.NpuRunnerActivity","Awake","265","1","1","10",""
"1791379086118","1791379086892","0|0","MODE_NORMAL","com.example.d1check.npurunner/com.example.d1check.npurunner.NpuRunnerActivity","Awake","206","1","1","10",""
"1791379096123","1791379096911","0|0","MODE_NORMAL","com.example.d1check.npurunner/com.example.d1check.npurunner.NpuRunnerActivity","Awake","235","1","1","10",""
"1791379106129","1791379106925","0|0","MODE_NORMAL","com.example.d1check.npurunner/com.example.d1check.npurunner.NpuRunnerActivity","Awake","244","1","1","10",""
"1791379116134","1791379116856","0|0","MODE_NORMAL","com.example.d1check.npurunner/com.example.d1check.npurunner.NpuRunnerActivity","Awake","163","1","1","10",""
"1791379126122","1791379126872","0|0","MODE_NORMAL","com.example.d1check.npurunner/com.example.d1check.npurunner.NpuRunnerActivity","Awake","197","1","1","10",""
"1791379136124","1791379136812","0|0","MODE_NORMAL","com.example.d1check.npurunner/com.example.d1check.npurunner.NpuRunnerActivity","Awake","132","1","1","10",""
"1791379146122","1791379146819","0|0","MODE_NORMAL","com.example.d1check.npurunner/com.example.d1check.npurunner.NpuRunnerActivity","Awake","137","1","1","10",""
"1791379156127","1791379156814","0|0","MODE_NORMAL","com.example.d1check.npurunner/com.example.d1check.npurunner.NpuRunnerActivity","Awake","120","1","1","10",""
"1791379166129","1791379166834","0|0","MODE_NORMAL","com.example.d1check.npurunner/com.example.d1check.npurunner.NpuRunnerActivity","Awake","149","1","1","10",""
"1791379176135","1791379176816","0|0","MODE_NORMAL","com.example.d1check.npurunner/com.example.d1check.npurunner.NpuRunnerActivity","Awake","115","1","1","10",""
"1791379186121","1791379186820","0|0","MODE_NORMAL","com.example.d1check.npurunner/com.example.d1check.npurunner.NpuRunnerActivity","Awake","149","1","1","10",""
"1791379196125","1791379196811","0|0","MODE_NORMAL","com.example.d1check.npurunner/com.example.d1check.npurunner.NpuRunnerActivity","Awake","131","1","1","10",""
"1791379206131","1791379206800","0|0","MODE_NORMAL","com.example.d1check.npurunner/com.example.d1check.npurunner.NpuRunnerActivity","Awake","115","1","1","10",""
"1791379216132","1791379216818","0|0","MODE_NORMAL","com.example.d1check.npurunner/com.example.d1check.npurunner.NpuRunnerActivity","Awake","135","1","1","10",""
"1791379226130","1791379226805","0|0","MODE_NORMAL","com.example.d1check.npurunner/com.example.d1check.npurunner.NpuRunnerActivity","Awake","106","1","1","10",""
"1791379236136","1791379236842","0|0","MODE_NORMAL","com.example.d1check.npurunner/com.example.d1check.npurunner.NpuRunnerActivity","Awake","151","1","1","10",""
"1791379246123","1791379246842","0|0","MODE_NORMAL","com.example.d1check.npurunner/com.example.d1check.npurunner.NpuRunnerActivity","Awake","164","1","1","10",""
"1791379256127","1791379256863","0|0","MODE_NORMAL","com.example.d1check.npurunner/com.example.d1check.npurunner.NpuRunnerActivity","Awake","177","1","1","10",""
"1791379266130","1791379266869","0|0","MODE_NORMAL","com.example.d1check.npurunner/com.example.d1check.npurunner.NpuRunnerActivity","Awake","176","1","1","10",""
"1791379276119","1791379276925","0|0","MODE_NORMAL","com.example.d1check.npurunner/com.example.d1check.npurunner.NpuRunnerActivity","Awake","241","1","1","10",""
"1791379286124","1791379286834","0|0","MODE_NORMAL","com.example.d1check.npurunner/com.example.d1check.npurunner.NpuRunnerActivity","Awake","147","1","1","10",""
"1791379296122","1791379296876","0|0","MODE_NORMAL","com.example.d1check.npurunner/com.example.d1check.npurunner.NpuRunnerActivity","Awake","174","1","1","10",""
"1791379306124","1791379306910","0|0","MODE_NORMAL","com.example.d1check.npurunner/com.example.d1check.npurunner.NpuRunnerActivity","Awake","204","1","1","10",""
"1791379316128","1791379316837","0|0","MODE_NORMAL","com.example.d1check.npurunner/com.example.d1check.npurunner.NpuRunnerActivity","Awake","151","1","1","10",""
"1791379326133","1791379326876","0|0","MODE_NORMAL","com.example.d1check.npurunner/com.example.d1check.npurunner.NpuRunnerActivity","Awake","181","1","1","10",""
"1791379336120","1791379336902","0|0","MODE_NORMAL","com.example.d1check.npurunner/com.example.d1check.npurunner.NpuRunnerActivity","Awake","228","1","1","10",""
"1791379346124","1791379346836","0|0","MODE_NORMAL","com.example.d1check.npurunner/com.example.d1check.npurunner.NpuRunnerActivity","Awake","147","1","1","10",""
"1791379356127","1791379356876","0|0","MODE_NORMAL","com.example.d1check.npurunner/com.example.d1check.npurunner.NpuRunnerActivity","Awake","172","1","1","10",""
"1791379366132","1791379366922","0|0","MODE_NORMAL","com.example.d1check.npurunner/com.example.d1check.npurunner.NpuRunnerActivity","Awake","228","1","1","10",""
"1791379376128","1791379376850","0|0","MODE_NORMAL","com.example.d1check.npurunner/com.example.d1check.npurunner.NpuRunnerActivity","Awake","155","1","1","10",""
"1791379386136","1791379386883","0|0","MODE_NORMAL","com.example.d1check.npurunner/com.example.d1check.npurunner.NpuRunnerActivity","Awake","184","1","1","10",""
"1791379396121","1791379396907","0|0","MODE_NORMAL","com.example.d1check.npurunner/com.example.d1check.npurunner.NpuRunnerActivity","Awake","235","1","1","10",""
"1791379406125","1791379406811","0|0","MODE_NORMAL","com.example.d1check.npurunner/com.example.d1check.npurunner.NpuRunnerActivity","Awake","132","1","1","10",""
"1791379416130","1791379416884","0|0","MODE_NORMAL","com.example.d1check.npurunner/com.example.d1check.npurunner.NpuRunnerActivity","Awake","196","1","1","10",""
"1791379426134","1791379426828","0|0","MODE_NORMAL","com.example.d1check.npurunner/com.example.d1check.npurunner.NpuRunnerActivity","Awake","131","1","1","10",""
"1791379436121","1791379436814","0|0","MODE_NORMAL","com.example.d1check.npurunner/com.example.d1check.npurunner.NpuRunnerActivity","Awake","131","1","1","10",""
"1791379446135","1791379446824","0|0","MODE_NORMAL","com.example.d1check.npurunner/com.example.d1check.npurunner.NpuRunnerActivity","Awake","135","1","1","10",""
"1791379456123","1791379456813","0|0","MODE_NORMAL","com.example.d1check.npurunner/com.example.d1check.npurunner.NpuRunnerActivity","Awake","119","1","1","10",""
"1791379466127","1791379466818","0|0","MODE_NORMAL","com.example.d1check.npurunner/com.example.d1check.npurunner.NpuRunnerActivity","Awake","133","1","1","10",""
"1791379476130","1791379476821","0|0","MODE_NORMAL","com.example.d1check.npurunner/com.example.d1check.npurunner.NpuRunnerActivity","Awake","132","1","1","10",""
"1791379486134","1791379486821","0|0","MODE_NORMAL","com.example.d1check.npurunner/com.example.d1check.npurunner.NpuRunnerActivity","Awake","116","1","1","10",""
"1791379496122","1791379496807","0|0","MODE_NORMAL","com.example.d1check.npurunner/com.example.d1check.npurunner.NpuRunnerActivity","Awake","130","1","1","10",""
"1791379506127","1791379506831","0|0","MODE_NORMAL","com.example.d1check.npurunner/com.example.d1check.npurunner.NpuRunnerActivity","Awake","147","1","1","10",""
"1791379516129","1791379516825","0|0","MODE_NORMAL","com.example.d1check.npurunner/com.example.d1check.npurunner.NpuRunnerActivity","Awake","116","1","1","10",""
"1791379526127","1791379526826","0|0","MODE_NORMAL","com.example.d1check.npurunner/com.example.d1check.npurunner.NpuRunnerActivity","Awake","138","1","1","10",""
"1791379536132","1791379536930","0|0","MODE_NORMAL","com.example.d1check.npurunner/com.example.d1check.npurunner.NpuRunnerActivity","Awake","233","1","1","10",""
"1791379546120","1791379546839","0|0","MODE_NORMAL","com.example.d1check.npurunner/com.example.d1check.npurunner.NpuRunnerActivity","Awake","163","1","1","10",""
"1791379556124","1791379556869","0|0","MODE_NORMAL","com.example.d1check.npurunner/com.example.d1check.npurunner.NpuRunnerActivity","Awake","166","1","1","10",""
"1791379566127","1791379566909","0|0","MODE_NORMAL","com.example.d1check.npurunner/com.example.d1check.npurunner.NpuRunnerActivity","Awake","226","1","1","10",""
"1791379576131","1791379576949","0|0","MODE_NORMAL","com.example.d1check.npurunner/com.example.d1check.npurunner.NpuRunnerActivity","Awake","259","1","1","10",""
"1791379586134","1791379586869","0|0","MODE_NORMAL","com.example.d1check.npurunner/com.example.d1check.npurunner.NpuRunnerActivity","Awake","178","1","1","10",""
"1791379596132","1791379596920","0|0","MODE_NORMAL","com.example.d1check.npurunner/com.example.d1check.npurunner.NpuRunnerActivity","Awake","216","1","1","10",""
"1791379606122","1791379606841","0|0","MODE_NORMAL","com.example.d1check.npurunner/com.example.d1check.npurunner.NpuRunnerActivity","Awake","151","1","1","10",""
"1791379616124","1791379616820","0|0","MODE_NORMAL","com.example.d1check.npurunner/com.example.d1check.npurunner.NpuRunnerActivity","Awake","133","1","1","10",""
"1791379626127","1791379626830","0|0","MODE_NORMAL","com.example.d1check.npurunner/com.example.d1check.npurunner.NpuRunnerActivity","Awake","120","1","1","10",""
"1791379636134","1791379636940","0|0","MODE_NORMAL","com.example.d1check.npurunner/com.example.d1check.npurunner.NpuRunnerActivity","Awake","228","1","1","10",""
"1791379646134","1791379646881","0|0","MODE_NORMAL","com.example.d1check.npurunner/com.example.d1check.npurunner.NpuRunnerActivity","Awake","178","1","1","10",""
"1791379656124","1791379656927","0|0","MODE_NORMAL","com.example.d1check.npurunner/com.example.d1check.npurunner.NpuRunnerActivity","Awake","275","1","1","10",""
"1791379666129","1791379666851","0|0","MODE_NORMAL","com.example.d1check.npurunner/com.example.d1check.npurunner.NpuRunnerActivity","Awake","163","1","1","10",""
"1791379676127","1791379676874","0|0","MODE_NORMAL","com.example.d1check.npurunner/com.example.d1check.npurunner.NpuRunnerActivity","Awake","167","1","1","10",""
"1791379686130","1791379686925","0|0","MODE_NORMAL","com.example.d1check.npurunner/com.example.d1check.npurunner.NpuRunnerActivity","Awake","233","1","1","10",""
"1791379696132","1791379696837","0|0","MODE_NORMAL","com.example.d1check.npurunner/com.example.d1check.npurunner.NpuRunnerActivity","Awake","138","1","1","10",""
"1791379706121","1791379706877","0|0","MODE_NORMAL","com.example.d1check.npurunner/com.example.d1check.npurunner.NpuRunnerActivity","Awake","178","1","1","10",""
"1791379716126","1791379716842","0|0","MODE_NORMAL","com.example.d1check.npurunner/com.example.d1check.npurunner.NpuRunnerActivity","Awake","180","1","1","10",""
"1791379726130","1791379726864","0|0","MODE_NORMAL","com.example.d1check.npurunner/com.example.d1check.npurunner.NpuRunnerActivity","Awake","180","1","1","10",""
"1791379736135","1791379736857","0|0","MODE_NORMAL","com.example.d1check.npurunner/com.example.d1check.npurunner.NpuRunnerActivity","Awake","164","1","1","10",""
"1791379746120","1791379746833","0|0","MODE_NORMAL","com.example.d1check.npurunner/com.example.d1check.npurunner.NpuRunnerActivity","Awake","146","1","1","10",""
"1791379756136","1791379756845","0|0","MODE_NORMAL","com.example.d1check.npurunner/com.example.d1check.npurunner.NpuRunnerActivity","Awake","152","1","1","10",""
"1791379766123","1791379766858","0|0","MODE_NORMAL","com.example.d1check.npurunner/com.example.d1check.npurunner.NpuRunnerActivity","Awake","170","1","1","10",""
"1791379776126","1791379776846","0|0","MODE_NORMAL","com.example.d1check.npurunner/com.example.d1check.npurunner.NpuRunnerActivity","Awake","165","1","1","10",""
"1791379786131","1791379786843","0|0","MODE_NORMAL","com.example.d1check.npurunner/com.example.d1check.npurunner.NpuRunnerActivity","Awake","149","1","1","10",""
"1791379796136","1791379796867","0|0","MODE_NORMAL","com.example.d1check.npurunner/com.example.d1check.npurunner.NpuRunnerActivity","Awake","182","1","1","10",""
"1791379806123","1791379806835","0|0","MODE_NORMAL","com.example.d1check.npurunner/com.example.d1check.npurunner.NpuRunnerActivity","Awake","145","1","1","10",""
"1791379816126","1791379816850","0|0","MODE_NORMAL","com.example.d1check.npurunner/com.example.d1check.npurunner.NpuRunnerActivity","Awake","166","1","1","10",""
"1791379826126","1791379826825","0|0","MODE_NORMAL","com.example.d1check.npurunner/com.example.d1check.npurunner.NpuRunnerActivity","Awake","121","1","1","10",""
"1791379836127","1791379836821","0|0","MODE_NORMAL","com.example.d1check.npurunner/com.example.d1check.npurunner.NpuRunnerActivity","Awake","121","1","1","10",""
"1791379846130","1791379846851","0|0","MODE_NORMAL","com.example.d1check.npurunner/com.example.d1check.npurunner.NpuRunnerActivity","Awake","153","1","1","10",""
"1791379856134","1791379856916","0|0","MODE_NORMAL","com.example.d1check.npurunner/com.example.d1check.npurunner.NpuRunnerActivity","Awake","214","1","1","10",""
"1791379866125","1791379866878","0|0","MODE_NORMAL","com.example.d1check.npurunner/com.example.d1check.npurunner.NpuRunnerActivity","Awake","196","1","1","10",""
"1791379876127","1791379876877","0|0","MODE_NORMAL","com.example.d1check.npurunner/com.example.d1check.npurunner.NpuRunnerActivity","Awake","193","1","1","10",""
"1791379886116","1791379886916","0|0","MODE_NORMAL","com.example.d1check.npurunner/com.example.d1check.npurunner.NpuRunnerActivity","Awake","218","1","1","10",""
"1791379896119","1791379896892","0|0","MODE_NORMAL","com.example.d1check.npurunner/com.example.d1check.npurunner.NpuRunnerActivity","Awake","190","1","1","10",""
"1791379906133","1791379906888","0|0","MODE_NORMAL","com.example.d1check.npurunner/com.example.d1check.npurunner.NpuRunnerActivity","Awake","172","1","1","10",""
"1791379916123","1791379916949","0|0","MODE_NORMAL","com.example.d1check.npurunner/com.example.d1check.npurunner.NpuRunnerActivity","Awake","238","1","1","10",""
"1791379926130","1791379926994","0|0","MODE_NORMAL","com.example.d1check.npurunner/com.example.d1check.npurunner.NpuRunnerActivity","Awake","281","1","1","10",""
"1791379936130","1791379936900","0|0","MODE_NORMAL","com.example.d1check.npurunner/com.example.d1check.npurunner.NpuRunnerActivity","Awake","211","1","1","10",""
"1791379946132","1791379947047","0|0","MODE_NORMAL","com.example.d1check.npurunner/com.example.d1check.npurunner.NpuRunnerActivity","Awake","328","1","1","10",""
"1791379956121","1791379956872","0|0","MODE_NORMAL","com.example.d1check.npurunner/com.example.d1check.npurunner.NpuRunnerActivity","Awake","178","1","1","10",""
"1791379966123","1791379966895","0|0","MODE_NORMAL","com.example.d1check.npurunner/com.example.d1check.npurunner.NpuRunnerActivity","Awake","207","1","1","10",""
"1791379976122","1791379976911","0|0","MODE_NORMAL","com.example.d1check.npurunner/com.example.d1check.npurunner.NpuRunnerActivity","Awake","215","1","1","10",""
"1791379986126","1791379986852","0|0","MODE_NORMAL","com.example.d1check.npurunner/com.example.d1check.npurunner.NpuRunnerActivity","Awake","155","1","1","10",""
"1791379996130","1791379996869","0|0","MODE_NORMAL","com.example.d1check.npurunner/com.example.d1check.npurunner.NpuRunnerActivity","Awake","168","1","1","10",""
"1791380006134","1791380006897","0|0","MODE_NORMAL","com.example.d1check.npurunner/com.example.d1check.npurunner.NpuRunnerActivity","Awake","196","1","1","10",""
"1791380016123","1791380016937","0|0","MODE_NORMAL","com.example.d1check.npurunner/com.example.d1check.npurunner.NpuRunnerActivity","Awake","243","1","1","10",""
"1791380026127","1791380026881","0|0","MODE_NORMAL","com.example.d1check.npurunner/com.example.d1check.npurunner.NpuRunnerActivity","Awake","180","1","1","10",""
"1791380036128","1791380036930","0|0","MODE_NORMAL","com.example.d1check.npurunner/com.example.d1check.npurunner.NpuRunnerActivity","Awake","244","1","1","10",""
"1791380046133","1791380046839","0|0","MODE_NORMAL","com.example.d1check.npurunner/com.example.d1check.npurunner.NpuRunnerActivity","Awake","148","1","1","10",""
"1791380056131","1791380056833","0|0","MODE_NORMAL","com.example.d1check.npurunner/com.example.d1check.npurunner.NpuRunnerActivity","Awake","134","1","1","10",""
"1791380066135","1791380066832","0|0","MODE_NORMAL","com.example.d1check.npurunner/com.example.d1check.npurunner.NpuRunnerActivity","Awake","121","1","1","10",""
"1791380076124","1791380076826","0|0","MODE_NORMAL","com.example.d1check.npurunner/com.example.d1check.npurunner.NpuRunnerActivity","Awake","120","1","1","10",""
"1791380086127","1791380086824","0|0","MODE_NORMAL","com.example.d1check.npurunner/com.example.d1check.npurunner.NpuRunnerActivity","Awake","133","1","1","10",""
"1791380096130","1791380096830","0|0","MODE_NORMAL","com.example.d1check.npurunner/com.example.d1check.npurunner.NpuRunnerActivity","Awake","133","1","1","10",""
"1791380106118","1791380106811","0|0","MODE_NORMAL","com.example.d1check.npurunner/com.example.d1check.npurunner.NpuRunnerActivity","Awake","130","1","1","10",""
"1791380116124","1791380116834","0|0","MODE_NORMAL","com.example.d1check.npurunner/com.example.d1check.npurunner.NpuRunnerActivity","Awake","147","1","1","10",""
"1791380126118","1791380126817","0|0","MODE_NORMAL","com.example.d1check.npurunner/com.example.d1check.npurunner.NpuRunnerActivity","Awake","124","1","1","10",""
"1791380136124","1791380136810","0|0","MODE_NORMAL","com.example.d1check.npurunner/com.example.d1check.npurunner.NpuRunnerActivity","Awake","123","1","1","10",""
"1791380146130","1791380146853","0|0","MODE_NORMAL","com.example.d1check.npurunner/com.example.d1check.npurunner.NpuRunnerActivity","Awake","151","1","1","10",""
"1791380156135","1791380156827","0|0","MODE_NORMAL","com.example.d1check.npurunner/com.example.d1check.npurunner.NpuRunnerActivity","Awake","116","1","1","10",""
"1791380166122","1791380166833","0|0","MODE_NORMAL","com.example.d1check.npurunner/com.example.d1check.npurunner.NpuRunnerActivity","Awake","145","1","1","10",""
"1791380176124","1791380176834","0|0","MODE_NORMAL","com.example.d1check.npurunner/com.example.d1check.npurunner.NpuRunnerActivity","Awake","180","1","1","10",""
"1791380186129","1791380186922","0|0","MODE_NORMAL","com.example.d1check.npurunner/com.example.d1check.npurunner.NpuRunnerActivity","Awake","225","1","1","10",""
"1791380196131","1791380196854","0|0","MODE_NORMAL","com.example.d1check.npurunner/com.example.d1check.npurunner.NpuRunnerActivity","Awake","146","1","1","10",""
"1791380206131","1791380206928","0|0","MODE_NORMAL","com.example.d1check.npurunner/com.example.d1check.npurunner.NpuRunnerActivity","Awake","209","1","1","10",""
"1791380216133","1791380216834","0|0","MODE_NORMAL","com.example.d1check.npurunner/com.example.d1check.npurunner.NpuRunnerActivity","Awake","135","1","1","10",""
"1791380226122","1791380226890","0|0","MODE_NORMAL","com.example.d1check.npurunner/com.example.d1check.npurunner.NpuRunnerActivity","Awake","198","1","1","10",""
"1791380236127","1791380236901","0|0","MODE_NORMAL","com.example.d1check.npurunner/com.example.d1check.npurunner.NpuRunnerActivity","Awake","210","1","1","10",""
"1791380246130","1791380246941","0|0","MODE_NORMAL","com.example.d1check.npurunner/com.example.d1check.npurunner.NpuRunnerActivity","Awake","239","1","1","10",""
"1791380256133","1791380256866","0|0","MODE_NORMAL","com.example.d1check.npurunner/com.example.d1check.npurunner.NpuRunnerActivity","Awake","163","1","1","10",""
"1791380266121","1791380266912","0|0","MODE_NORMAL","com.example.d1check.npurunner/com.example.d1check.npurunner.NpuRunnerActivity","Awake","210","1","1","10",""
"1791380276123","1791380276938","0|0","MODE_NORMAL","com.example.d1check.npurunner/com.example.d1check.npurunner.NpuRunnerActivity","Awake","247","1","1","10",""
"1791380286124","1791380286873","0|0","MODE_NORMAL","com.example.d1check.npurunner/com.example.d1check.npurunner.NpuRunnerActivity","Awake","185","1","1","10",""
"1791380296127","1791380297130","0|0","MODE_NORMAL","com.example.d1check.npurunner/com.example.d1check.npurunner.NpuRunnerActivity","Awake","439","1","1","10",""
"1791380306129","1791380306940","0|0","MODE_NORMAL","com.example.d1check.npurunner/com.example.d1check.npurunner.NpuRunnerActivity","Awake","235","1","1","10",""
"1791380316132","1791380316879","0|0","MODE_NORMAL","com.example.d1check.npurunner/com.example.d1check.npurunner.NpuRunnerActivity","Awake","180","1","1","10",""
"1791380326120","1791380326815","0|0","MODE_NORMAL","com.example.d1check.npurunner/com.example.d1check.npurunner.NpuRunnerActivity","Awake","133","1","1","10",""
"1791380336125","1791380336943","0|0","MODE_NORMAL","com.example.d1check.npurunner/com.example.d1check.npurunner.NpuRunnerActivity","Awake","235","1","1","10",""
"1791380346131","1791380346907","0|0","MODE_NORMAL","com.example.d1check.npurunner/com.example.d1check.npurunner.NpuRunnerActivity","Awake","198","1","1","10",""
"1791380356131","1791380356915","0|0","MODE_NORMAL","com.example.d1check.npurunner/com.example.d1check.npurunner.NpuRunnerActivity","Awake","191","1","1","10",""
"1791380366131","1791380366830","0|0","MODE_NORMAL","com.example.d1check.npurunner/com.example.d1check.npurunner.NpuRunnerActivity","Awake","111","1","1","10",""
"1791380376133","1791380376886","0|0","MODE_NORMAL","com.example.d1check.npurunner/com.example.d1check.npurunner.NpuRunnerActivity","Awake","205","1","1","10",""
"1791380386119","1791380386821","0|0","MODE_NORMAL","com.example.d1check.npurunner/com.example.d1check.npurunner.NpuRunnerActivity","Awake","137","1","1","10",""
"1791380396120","1791380396827","0|0","MODE_NORMAL","com.example.d1check.npurunner/com.example.d1check.npurunner.NpuRunnerActivity","Awake","134","1","1","10",""
"1791380406120","1791380406842","0|0","MODE_NORMAL","com.example.d1check.npurunner/com.example.d1check.npurunner.NpuRunnerActivity","Awake","155","1","1","10",""
"1791380416122","1791380416831","0|0","MODE_NORMAL","com.example.d1check.npurunner/com.example.d1check.npurunner.NpuRunnerActivity","Awake","148","1","1","10",""
"1791380426131","1791380426838","0|0","MODE_NORMAL","com.example.d1check.npurunner/com.example.d1check.npurunner.NpuRunnerActivity","Awake","127","1","1","10",""
"1791380436123","1791380436889","0|0","MODE_NORMAL","com.example.d1check.npurunner/com.example.d1check.npurunner.NpuRunnerActivity","Awake","185","1","1","10",""
"1791380446124","1791380446831","0|0","MODE_NORMAL","com.example.d1check.npurunner/com.example.d1check.npurunner.NpuRunnerActivity","Awake","136","1","1","10",""
"1791380456119","1791380456819","0|0","MODE_NORMAL","com.example.d1check.npurunner/com.example.d1check.npurunner.NpuRunnerActivity","Awake","123","1","1","10",""
"1791380466126","1791380466828","0|0","MODE_NORMAL","com.example.d1check.npurunner/com.example.d1check.npurunner.NpuRunnerActivity","Awake","136","1","1","10",""
"1791380476127","1791380476831","0|0","MODE_NORMAL","com.example.d1check.npurunner/com.example.d1check.npurunner.NpuRunnerActivity","Awake","136","1","1","10",""
"1791380486134","1791380486829","0|0","MODE_NORMAL","com.example.d1check.npurunner/com.example.d1check.npurunner.NpuRunnerActivity","Awake","113","1","1","10",""
"1791380496129","1791380496836","0|0","MODE_NORMAL","com.example.d1check.npurunner/com.example.d1check.npurunner.NpuRunnerActivity","Awake","135","1","1","10",""
"1791380506129","1791380506837","0|0","MODE_NORMAL","com.example.d1check.npurunner/com.example.d1check.npurunner.NpuRunnerActivity","Awake","128","1","1","10",""
"1791380516125","1791380516827","0|0","MODE_NORMAL","com.example.d1check.npurunner/com.example.d1check.npurunner.NpuRunnerActivity","Awake","125","1","1","10",""
"1791380526132","1791380526840","0|0","MODE_NORMAL","com.example.d1check.npurunner/com.example.d1check.npurunner.NpuRunnerActivity","Awake","136","1","1","10",""
"1791380536133","1791380536823","0|0","MODE_NORMAL","com.example.d1check.npurunner/com.example.d1check.npurunner.NpuRunnerActivity","Awake","114","1","1","10",""
"1791380546125","1791380546833","0|0","MODE_NORMAL","com.example.d1check.npurunner/com.example.d1check.npurunner.NpuRunnerActivity","Awake","144","1","1","10",""
"1791380556136","1791380556838","0|0","MODE_NORMAL","com.example.d1check.npurunner/com.example.d1check.npurunner.NpuRunnerActivity","Awake","134","1","1","10",""
"1791380566120","1791380566840","0|0","MODE_NORMAL","com.example.d1check.npurunner/com.example.d1check.npurunner.NpuRunnerActivity","Awake","157","1","1","10",""
"1791380576129","1791380577010","0|0","MODE_NORMAL","com.example.d1check.npurunner/com.example.d1check.npurunner.NpuRunnerActivity","Awake","311","1","1","10",""
"1791380586120","1791380586909","0|0","MODE_NORMAL","com.example.d1check.npurunner/com.example.d1check.npurunner.NpuRunnerActivity","Awake","221","1","1","10",""
"1791380596123","1791380597007","0|0","MODE_NORMAL","com.example.d1check.npurunner/com.example.d1check.npurunner.NpuRunnerActivity","Awake","318","1","1","10",""
"1791380606131","1791380606996","0|0","MODE_NORMAL","com.example.d1check.npurunner/com.example.d1check.npurunner.NpuRunnerActivity","Awake","295","1","1","10",""
"1791380616124","1791380616942","0|0","MODE_NORMAL","com.example.d1check.npurunner/com.example.d1check.npurunner.NpuRunnerActivity","Awake","226","1","1","10",""
"1791380626126","1791380627004","0|0","MODE_NORMAL","com.example.d1check.npurunner/com.example.d1check.npurunner.NpuRunnerActivity","Awake","303","1","1","10",""
"1791380636121","1791380636888","0|0","MODE_NORMAL","com.example.d1check.npurunner/com.example.d1check.npurunner.NpuRunnerActivity","Awake","191","1","1","10",""
"1791380646128","1791380646929","0|0","MODE_NORMAL","com.example.d1check.npurunner/com.example.d1check.npurunner.NpuRunnerActivity","Awake","219","1","1","10",""
"1791380656128","1791380656961","0|0","MODE_NORMAL","com.example.d1check.npurunner/com.example.d1check.npurunner.NpuRunnerActivity","Awake","239","1","1","10",""
"1791380666123","1791380666898","0|0","MODE_NORMAL","com.example.d1check.npurunner/com.example.d1check.npurunner.NpuRunnerActivity","Awake","191","1","1","10",""
"1791380676132","1791380676940","0|0","MODE_NORMAL","com.example.d1check.npurunner/com.example.d1check.npurunner.NpuRunnerActivity","Awake","237","1","1","10",""
"1791380686131","1791380686981","0|0","MODE_NORMAL","com.example.d1check.npurunner/com.example.d1check.npurunner.NpuRunnerActivity","Awake","269","1","1","10",""
"1791380696124","1791380696920","0|0","MODE_NORMAL","com.example.d1check.npurunner/com.example.d1check.npurunner.NpuRunnerActivity","Awake","231","1","1","10",""
"1791380706117","1791380706830","0|0","MODE_NORMAL","com.example.d1check.npurunner/com.example.d1check.npurunner.NpuRunnerActivity","Awake","136","1","1","10",""
"1791380716135","1791380717003","0|0","MODE_NORMAL","com.example.d1check.npurunner/com.example.d1check.npurunner.NpuRunnerActivity","Awake","286","1","1","10",""
"1791380726128","1791380727011","0|0","MODE_NORMAL","com.example.d1check.npurunner/com.example.d1check.npurunner.NpuRunnerActivity","Awake","309","1","1","10",""
"1791380736137","1791380736962","0|0","MODE_NORMAL","com.example.d1check.npurunner/com.example.d1check.npurunner.NpuRunnerActivity","Awake","254","1","1","10",""
"1791380746121","1791380746871","0|0","MODE_NORMAL","com.example.d1check.npurunner/com.example.d1check.npurunner.NpuRunnerActivity","Awake","172","1","1","10",""
"1791380756117","1791380757101","0|0","MODE_NORMAL","com.example.d1check.npurunner/com.example.d1check.npurunner.NpuRunnerActivity","Awake","410","1","1","10",""
"1791380766123","1791380766939","0|0","MODE_NORMAL","com.example.d1check.npurunner/com.example.d1check.npurunner.NpuRunnerActivity","Awake","235","1","1","10",""
"1791380776126","1791380776888","0|0","MODE_NORMAL","com.example.d1check.npurunner/com.example.d1check.npurunner.NpuRunnerActivity","Awake","172","1","1","10",""
"1791380786134","1791380786992","0|0","MODE_NORMAL","com.example.d1check.npurunner/com.example.d1check.npurunner.NpuRunnerActivity","Awake","266","1","1","10",""
"1791380796127","1791380796856","0|0","MODE_NORMAL","com.example.d1check.npurunner/com.example.d1check.npurunner.NpuRunnerActivity","Awake","139","1","1","10",""
"1791380806128","1791380806848","0|0","MODE_NORMAL","com.example.d1check.npurunner/com.example.d1check.npurunner.NpuRunnerActivity","Awake","154","1","1","10",""
"1791380816123","1791380816864","0|0","MODE_NORMAL","com.example.d1check.npurunner/com.example.d1check.npurunner.NpuRunnerActivity","Awake","157","1","1","10",""
"1791380826130","1791380826839","0|0","MODE_NORMAL","com.example.d1check.npurunner/com.example.d1check.npurunner.NpuRunnerActivity","Awake","137","1","1","10",""
"1791380836130","1791380836864","0|0","MODE_NORMAL","com.example.d1check.npurunner/com.example.d1check.npurunner.NpuRunnerActivity","Awake","154","1","1","10",""
"1791380846124","1791380846853","0|0","MODE_NORMAL","com.example.d1check.npurunner/com.example.d1check.npurunner.NpuRunnerActivity","Awake","162","1","1","10",""
"1791380856132","1791380856863","0|0","MODE_NORMAL","com.example.d1check.npurunner/com.example.d1check.npurunner.NpuRunnerActivity","Awake","155","1","1","10",""
"1791380866133","1791380866854","0|0","MODE_NORMAL","com.example.d1check.npurunner/com.example.d1check.npurunner.NpuRunnerActivity","Awake","138","1","1","10",""
"1791380876125","1791380876854","0|0","MODE_NORMAL","com.example.d1check.npurunner/com.example.d1check.npurunner.NpuRunnerActivity","Awake","165","1","1","10",""
"1791380886137","1791380886848","0|0","MODE_NORMAL","com.example.d1check.npurunner/com.example.d1check.npurunner.NpuRunnerActivity","Awake","133","1","1","10",""
"1791380896137","1791380896849","0|0","MODE_NORMAL","com.example.d1check.npurunner/com.example.d1check.npurunner.NpuRunnerActivity","Awake","135","1","1","10",""
"1791380906124","1791380906821","0|0","MODE_NORMAL","com.example.d1check.npurunner/com.example.d1check.npurunner.NpuRunnerActivity","Awake","117","1","1","10",""
"1791380916122","1791380916873","0|0","MODE_NORMAL","com.example.d1check.npurunner/com.example.d1check.npurunner.NpuRunnerActivity","Awake","186","1","1","10",""
"1791380926122","1791380926823","0|0","MODE_NORMAL","com.example.d1check.npurunner/com.example.d1check.npurunner.NpuRunnerActivity","Awake","110","1","1","10",""
"1791380936127","1791380936892","0|0","MODE_NORMAL","com.example.d1check/com.example.d1check.MainActivity","Awake","173","1","1","10",""
"1791380946126","1791380946875","0|0","MODE_NORMAL","com.example.d1check/com.example.d1check.MainActivity","Awake","168","1","1","10",""
"1791380956126","1791380957006","0|0","MODE_NORMAL","com.example.d1check/com.example.d1check.MainActivity","Awake","299","1","1","10",""
"1791380966123","1791380966926","0|0","MODE_NORMAL","com.example.d1check/com.example.d1check.MainActivity","Awake","224","1","1","10",""
"1791380976130","1791380976871","0|0","MODE_NORMAL","com.example.d1check/com.example.d1check.MainActivity","Awake","170","1","1","10",""
"1791380986131","1791380986874","0|0","MODE_NORMAL","com.example.d1check/com.example.d1check.MainActivity","Awake","155","1","1","10",""
"1791380996124","1791380996848","0|0","MODE_NORMAL","com.example.d1check/com.example.d1check.MainActivity","Awake","129","1","1","10",""
"1791381006132","1791381006856","0|0","MODE_NORMAL","com.example.d1check/com.example.d1check.MainActivity","Awake","154","1","1","10",""
"1791381016117","1791381016859","0|0","MODE_NORMAL","com.example.d1check/com.example.d1check.MainActivity","Awake","170","1","1","10",""
"1791381026123","1791381026851","0|0","MODE_NORMAL","com.example.d1check/com.example.d1check.MainActivity","Awake","147","1","1","10",""
"1791381036134","1791381036855","0|0","MODE_NORMAL","com.example.d1check/com.example.d1check.MainActivity","Awake","137","1","1","10",""
"1791381046135","1791381046851","0|0","MODE_NORMAL","com.example.d1check/com.example.d1check.MainActivity","Awake","138","1","1","10",""
"1791381056123","1791381056848","0|0","MODE_NORMAL","com.example.d1check/com.example.d1check.MainActivity","Awake","151","1","1","10",""
"1791381066120","1791381066828","0|0","MODE_NORMAL","com.example.d1check/com.example.d1check.MainActivity","Awake","112","1","1","10",""
"1791381076122","1791381076850","0|0","MODE_NORMAL","com.example.d1check/com.example.d1check.MainActivity","Awake","151","1","1","10",""
"1791381086126","1791381086853","0|0","MODE_NORMAL","com.example.d1check/com.example.d1check.MainActivity","Awake","148","1","1","10",""
"1791381096123","1791381096890","0|0","MODE_NORMAL","com.example.d1check/com.example.d1check.MainActivity","Awake","218","1","1","10",""
"1791381106126","1791381106907","0|0","MODE_NORMAL","com.example.d1check/com.example.d1check.MainActivity","Awake","201","1","1","10",""
"1791381116134","1791381116937","0|0","MODE_NORMAL","com.example.d1check/com.example.d1check.MainActivity","Awake","229","1","1","10",""
"1791381126126","1791381126886","0|0","MODE_NORMAL","com.example.d1check/com.example.d1check.MainActivity","Awake","185","1","1","10",""
"1791381136127","1791381136932","0|0","MODE_NORMAL","com.example.d1check/com.example.d1check.MainActivity","Awake","232","1","1","10",""
"1791381146124","1791381146986","0|0","MODE_NORMAL","com.example.d1check/com.example.d1check.MainActivity","Awake","290","1","1","10",""
"1791381156130","1791381156867","0|0","MODE_NORMAL","com.example.d1check/com.example.d1check.MainActivity","Awake","154","1","1","10",""
"1791381166130","1791381167019","0|0","MODE_NORMAL","com.example.d1check/com.example.d1check.MainActivity","Awake","305","1","1","10",""
"1791381176122","1791381176956","0|0","MODE_NORMAL","com.example.d1check/com.example.d1check.MainActivity","Awake","261","1","1","10",""
"1791381186132","1791381186887","0|0","MODE_NORMAL","com.example.d1check/com.example.d1check.MainActivity","Awake","169","1","1","10",""
"1791381196134","1791381196916","0|0","MODE_NORMAL","com.example.d1check/com.example.d1check.MainActivity","Awake","204","1","1","10",""
"1791381206127","1791381206985","0|0","MODE_NORMAL","com.example.d1check/com.example.d1check.MainActivity","Awake","258","1","1","10",""
"1791381216137","1791381216882","0|0","MODE_NORMAL","com.example.d1check/com.example.d1check.MainActivity","Awake","183","1","1","10",""
"1791381226120","1791381226929","0|0","MODE_NORMAL","com.example.d1check/com.example.d1check.MainActivity","Awake","238","1","1","10",""
"1791381236132","1791381236962","0|0","MODE_NORMAL","com.example.d1check/com.example.d1check.MainActivity","Awake","260","1","1","10",""
"1791381246122","1791381246888","0|0","MODE_NORMAL","com.example.d1check/com.example.d1check.MainActivity","Awake","187","1","1","10",""
"1791381256124","1791381256952","0|0","MODE_NORMAL","com.example.d1check/com.example.d1check.MainActivity","Awake","253","1","1","10",""
"1791381266135","1791381266961","0|0","MODE_NORMAL","com.example.d1check/com.example.d1check.MainActivity","Awake","243","1","1","10",""
"1791381276126","1791381276892","0|0","MODE_NORMAL","com.example.d1check/com.example.d1check.MainActivity","Awake","187","1","1","10",""
"1791381286127","1791381286933","0|0","MODE_NORMAL","com.example.d1check/com.example.d1check.MainActivity","Awake","233","1","1","10",""
"1791381296122","1791381296857","0|0","MODE_NORMAL","com.example.d1check/com.example.d1check.MainActivity","Awake","160","1","1","10",""
"1791381306127","1791381306900","0|0","MODE_NORMAL","com.example.d1check/com.example.d1check.MainActivity","Awake","188","1","1","10",""
"1791381316129","1791381316881","0|0","MODE_NORMAL","com.example.d1check/com.example.d1check.MainActivity","Awake","172","1","1","10",""
"1791381326135","1791381326866","0|0","MODE_NORMAL","com.example.d1check/com.example.d1check.MainActivity","Awake","149","1","1","10",""
"1791381336130","1791381336853","0|0","MODE_NORMAL","com.example.d1check/com.example.d1check.MainActivity","Awake","139","1","1","10",""
"1791381346133","1791381346871","0|0","MODE_NORMAL","com.example.d1check/com.example.d1check.MainActivity","Awake","172","1","1","10",""
"1791381356127","1791381356874","0|0","MODE_NORMAL","com.example.d1check/com.example.d1check.MainActivity","Awake","161","1","1","10",""
"1791381366134","1791381366854","0|0","MODE_NORMAL","com.example.d1check/com.example.d1check.MainActivity","Awake","138","1","1","10",""
"1791381376135","1791381376862","0|0","MODE_NORMAL","com.example.d1check/com.example.d1check.MainActivity","Awake","153","1","1","10",""
"1791381386126","1791381386852","0|0","MODE_NORMAL","com.example.d1check/com.example.d1check.MainActivity","Awake","148","1","1","10",""
"1791381396120","1791381396866","0|0","MODE_NORMAL","com.example.d1check/com.example.d1check.MainActivity","Awake","173","1","1","10",""
"1791381406121","1791381406858","0|0","MODE_NORMAL","com.example.d1check/com.example.d1check.MainActivity","Awake","153","1","1","10",""
"1791381416126","1791381416854","0|0","MODE_NORMAL","com.example.d1check/com.example.d1check.MainActivity","Awake","152","1","1","10",""
"1791381426123","1791381426850","0|0","MODE_NORMAL","com.example.d1check/com.example.d1check.MainActivity","Awake","155","1","1","10",""
"1791381436124","1791381436841","0|0","MODE_NORMAL","com.example.d1check/com.example.d1check.MainActivity","Awake","138","1","1","10",""
"1791381446120","1791381446884","0|0","MODE_NORMAL","com.example.d1check/com.example.d1check.MainActivity","Awake","191","1","1","10",""
"1791381456126","1791381456849","0|0","MODE_NORMAL","com.example.d1check/com.example.d1check.MainActivity","Awake","137","1","1","10",""
"1791381466128","1791381466948","0|0","MODE_NORMAL","com.example.d1check/com.example.d1check.MainActivity","Awake","233","1","1","10",""
"1791381476123","1791381476884","0|0","MODE_NORMAL","com.example.d1check/com.example.d1check.MainActivity","Awake","174","1","1","10",""
"1791381486130","1791381486953","0|0","MODE_NORMAL","com.example.d1check/com.example.d1check.MainActivity","Awake","251","1","1","10",""
"1791381496131","1791381496959","0|0","MODE_NORMAL","com.example.d1check/com.example.d1check.MainActivity","Awake","249","1","1","10",""
"1791381506123","1791381506889","0|0","MODE_NORMAL","com.example.d1check/com.example.d1check.MainActivity","Awake","168","1","1","10",""
"1791381516133","1791381516944","0|0","MODE_NORMAL","com.example.d1check/com.example.d1check.MainActivity","Awake","233","1","1","10",""
"1791381526118","1791381526959","0|0","MODE_NORMAL","com.example.d1check/com.example.d1check.MainActivity","Awake","336","1","1","10",""
"1791381536123","1791381536890","0|0","MODE_NORMAL","com.example.d1check/com.example.d1check.MainActivity","Awake","182","1","1","10",""
"1791381546120","1791381547021","0|0","MODE_NORMAL","com.example.d1check/com.example.d1check.MainActivity","Awake","334","1","1","10",""
"1791381556121","1791381556947","0|0","MODE_NORMAL","com.example.d1check/com.example.d1check.MainActivity","Awake","236","1","1","10",""
"1791381566127","1791381566891","0|0","MODE_NORMAL","com.example.d1check/com.example.d1check.MainActivity","Awake","179","1","1","10",""
"1791381576122","1791381576845","0|0","MODE_NORMAL","com.example.d1check/com.example.d1check.MainActivity","Awake","137","1","1","10",""
"1791381586119","1791381586974","0|0","MODE_NORMAL","com.example.d1check/com.example.d1check.MainActivity","Awake","274","1","1","10",""
"1791381596130","1791381596882","0|0","MODE_NORMAL","com.example.d1check/com.example.d1check.MainActivity","Awake","154","1","1","10",""
"1791381606126","1791381606934","0|0","MODE_NORMAL","com.example.d1check/com.example.d1check.MainActivity","Awake","212","1","1","10",""
"1791381616126","1791381617010","0|0","MODE_NORMAL","com.example.d1check/com.example.d1check.MainActivity","Awake","286","1","1","10",""
"1791381626127","1791381627129","0|0","MODE_NORMAL","com.example.d1check/com.example.d1check.MainActivity","Awake","418","1","1","10",""
"1791381636127","1791381636949","0|0","MODE_NORMAL","com.example.d1check/com.example.d1check.MainActivity","Awake","235","1","1","10",""
"1791381646125","1791381646967","0|0","MODE_NORMAL","com.example.d1check/com.example.d1check.MainActivity","Awake","266","1","1","10",""
"1791381656129","1791381656873","0|0","MODE_NORMAL","com.example.d1check/com.example.d1check.MainActivity","Awake","153","1","1","10",""
"1791381666131","1791381666942","0|0","MODE_NORMAL","com.example.d1check/com.example.d1check.MainActivity","Awake","218","1","1","10",""
"1791381676134","1791381676878","0|0","MODE_NORMAL","com.example.d1check/com.example.d1check.MainActivity","Awake","151","1","1","10",""
"1791381686124","1791381686919","0|0","MODE_NORMAL","com.example.d1check/com.example.d1check.MainActivity","Awake","213","1","1","10",""
"1791381696117","1791381697055","0|0","MODE_NORMAL","com.example.d1check/com.example.d1check.MainActivity","Awake","355","1","1","10",""
"1791381706136","1791381706997","0|0","MODE_NORMAL","com.example.d1check/com.example.d1check.MainActivity","Awake","287","1","1","10",""
"1791381716136","1791381716922","0|0","MODE_NORMAL","com.example.d1check/com.example.d1check.MainActivity","Awake","204","1","1","10",""
"1791381726121","1791381726944","0|0","MODE_NORMAL","com.example.d1check/com.example.d1check.MainActivity","Awake","237","1","1","10",""
"1791381736131","1791381736980","0|0","MODE_NORMAL","com.example.d1check/com.example.d1check.MainActivity","Awake","260","1","1","10",""
"1791381746132","1791381746998","0|0","MODE_NORMAL","com.example.d1check/com.example.d1check.MainActivity","Awake","278","1","1","10",""
"1791381756131","1791381756893","0|0","MODE_NORMAL","com.example.d1check/com.example.d1check.MainActivity","Awake","176","1","1","10",""
"1791381766121","1791381766905","0|0","MODE_NORMAL","com.example.d1check/com.example.d1check.MainActivity","Awake","194","1","1","10",""
"1791381776124","1791381776937","0|0","MODE_NORMAL","com.example.d1check/com.example.d1check.MainActivity","Awake","240","1","1","10",""
"1791381786125","1791381786966","0|0","MODE_NORMAL","com.example.d1check/com.example.d1check.MainActivity","Awake","259","1","1","10",""
"1791381796124","1791381797001","0|0","MODE_NORMAL","com.example.d1check/com.example.d1check.MainActivity","Awake","300","1","1","10",""
"1791381806132","1791381806927","0|0","MODE_NORMAL","com.example.d1check/com.example.d1check.MainActivity","Awake","219","1","1","10",""
"1791381816118","1791381816966","0|0","MODE_NORMAL","com.example.d1check/com.example.d1check.MainActivity","Awake","265","1","1","10",""
"1791381826122","1791381826983","0|0","MODE_NORMAL","com.example.d1check/com.example.d1check.MainActivity","Awake","277","1","1","10",""
"1791381836129","1791381836918","0|0","MODE_NORMAL","com.example.d1check/com.example.d1check.MainActivity","Awake","206","1","1","10",""
"1791381846130","1791381846964","0|0","MODE_NORMAL","com.example.d1check/com.example.d1check.MainActivity","Awake","239","1","1","10",""
"1791381856133","1791381856850","0|0","MODE_NORMAL","com.example.d1check/com.example.d1check.MainActivity","Awake","132","1","1","10",""
"1791381866130","1791381866940","0|0","MODE_NORMAL","com.example.d1check/com.example.d1check.MainActivity","Awake","233","1","1","10",""
"1791381876133","1791381876968","0|0","MODE_NORMAL","com.example.d1check/com.example.d1check.MainActivity","Awake","251","1","1","10",""
"1791381886124","1791381886884","0|0","MODE_NORMAL","com.example.d1check/com.example.d1check.MainActivity","Awake","183","1","1","10",""
"1791381896129","1791381896933","0|0","MODE_NORMAL","com.example.d1check/com.example.d1check.MainActivity","Awake","213","1","1","10",""
"1791381906130","1791381906969","0|0","MODE_NORMAL","com.example.d1check/com.example.d1check.MainActivity","Awake","260","1","1","10",""
"1791381916124","1791381916899","0|0","MODE_NORMAL","com.example.d1check/com.example.d1check.MainActivity","Awake","173","1","1","10",""
"1791381926122","1791381927150","0|0","MODE_NORMAL","com.example.d1check/com.example.d1check.MainActivity","Awake","441","1","1","10",""
"1791381936126","1791381937023","0|0","MODE_NORMAL","com.example.d1check/com.example.d1check.MainActivity","Awake","307","1","1","10",""
"1791381946123","1791381946941","0|0","MODE_NORMAL","com.example.d1check/com.example.d1check.MainActivity","Awake","233","1","1","10",""
"1791381956127","1791381956940","0|0","MODE_NORMAL","com.example.d1check/com.example.d1check.MainActivity","Awake","232","1","1","10",""
"1791381966132","1791381966999","0|0","MODE_NORMAL","com.example.d1check/com.example.d1check.MainActivity","Awake","264","1","1","10",""
"1791381976120","1791381976937","0|0","MODE_NORMAL","com.example.d1check/com.example.d1check.MainActivity","Awake","230","1","1","10",""
"1791381986123","1791381986856","0|0","MODE_NORMAL","com.example.d1check/com.example.d1check.MainActivity","Awake","145","1","1","10",""
"1791381996127","1791381996987","0|0","MODE_NORMAL","com.example.d1check/com.example.d1check.MainActivity","Awake","274","1","1","10",""
"1791382006116","1791382006860","0|0","MODE_NORMAL","com.example.d1check/com.example.d1check.MainActivity","Awake","162","1","1","10",""
"1791382016134","1791382016969","0|0","MODE_NORMAL","com.example.d1check/com.example.d1check.MainActivity","Awake","244","1","1","10",""
"1791382026133","1791382026972","0|0","MODE_NORMAL","com.example.d1check/com.example.d1check.MainActivity","Awake","262","1","1","10",""
"1791382036118","1791382036940","0|0","MODE_NORMAL","com.example.d1check/com.example.d1check.MainActivity","Awake","233","1","1","10",""
"1791382046124","1791382046865","0|0","MODE_NORMAL","com.example.d1check/com.example.d1check.MainActivity","Awake","147","1","1","10",""
"1791382056121","1791382056885","0|0","MODE_NORMAL","com.example.d1check/com.example.d1check.MainActivity","Awake","189","1","1","10",""
"1791382066122","1791382066950","0|0","MODE_NORMAL","com.example.d1check/com.example.d1check.MainActivity","Awake","237","1","1","10",""
"1791382076134","1791382076945","0|0","MODE_NORMAL","com.example.d1check/com.example.d1check.MainActivity","Awake","206","1","1","10",""
"1791382086134","1791382087004","0|0","MODE_NORMAL","com.example.d1check/com.example.d1check.MainActivity","Awake","291","1","1","10",""
"1791382096122","1791382096930","0|0","MODE_NORMAL","com.example.d1check/com.example.d1check.MainActivity","Awake","228","1","1","10",""
"1791382106130","1791382106987","0|0","MODE_NORMAL","com.example.d1check/com.example.d1check.MainActivity","Awake","275","1","1","10",""
"1791382116128","1791382116883","0|0","MODE_NORMAL","com.example.d1check/com.example.d1check.MainActivity","Awake","179","1","1","10",""
"1791382126128","1791382126917","0|0","MODE_NORMAL","com.example.d1check/com.example.d1check.MainActivity","Awake","198","1","1","10",""
"1791382136135","1791382136871","0|0","MODE_NORMAL","com.example.d1check/com.example.d1check.MainActivity","Awake","148","1","1","10",""
"1791382146135","1791382146986","0|0","MODE_NORMAL","com.example.d1check.npurunner/com.example.d1check.npurunner.NpuRunnerActivity","Awake","275","1","1","10",""
"1791382156132","1791382156921","0|0","MODE_NORMAL","com.example.d1check.npurunner/com.example.d1check.npurunner.NpuRunnerActivity","Awake","182","1","1","10",""
"1791382166125","1791382166877","0|0","MODE_NORMAL","com.example.d1check.npurunner/com.example.d1check.npurunner.NpuRunnerActivity","Awake","162","1","1","10",""
"1791382176129","1791382176931","0|0","MODE_NORMAL","com.example.d1check.npurunner/com.example.d1check.npurunner.NpuRunnerActivity","Awake","218","1","1","10",""
"1791382186135","1791382186929","0|0","MODE_NORMAL","com.example.d1check.npurunner/com.example.d1check.npurunner.NpuRunnerActivity","Awake","202","1","1","10",""
"1791382196124","1791382196986","0|0","MODE_NORMAL","com.example.d1check.npurunner/com.example.d1check.npurunner.NpuRunnerActivity","Awake","277","1","1","10",""
"1791382206126","1791382206893","0|0","MODE_NORMAL","com.example.d1check.npurunner/com.example.d1check.npurunner.NpuRunnerActivity","Awake","178","1","1","10",""
"1791382216130","1791382216980","0|0","MODE_NORMAL","com.example.d1check.npurunner/com.example.d1check.npurunner.NpuRunnerActivity","Awake","259","1","1","10",""
"1791382226134","1791382227014","0|0","MODE_NORMAL","com.example.d1check.npurunner/com.example.d1check.npurunner.NpuRunnerActivity","Awake","291","1","1","10",""
"1791382236121","1791382236916","0|0","MODE_NORMAL","com.example.d1check.npurunner/com.example.d1check.npurunner.NpuRunnerActivity","Awake","186","1","1","10",""
"1791382246122","1791382246937","0|0","MODE_NORMAL","com.example.d1check.npurunner/com.example.d1check.npurunner.NpuRunnerActivity","Awake","231","1","1","10",""
"1791382256124","1791382256857","0|0","MODE_NORMAL","com.example.d1check.npurunner/com.example.d1check.npurunner.NpuRunnerActivity","Awake","138","1","1","10",""
"1791382266127","1791382266971","0|0","MODE_NORMAL","com.example.d1check.npurunner/com.example.d1check.npurunner.NpuRunnerActivity","Awake","238","1","1","10",""
"1791382276130","1791382276847","0|0","MODE_NORMAL","com.example.d1check.npurunner/com.example.d1check.npurunner.NpuRunnerActivity","Awake","129","1","1","10",""
"1791382286120","1791382286851","0|0","MODE_NORMAL","com.example.d1check.npurunner/com.example.d1check.npurunner.NpuRunnerActivity","Awake","147","1","1","10",""
"1791382296123","1791382296849","0|0","MODE_NORMAL","com.example.d1check.npurunner/com.example.d1check.npurunner.NpuRunnerActivity","Awake","129","1","1","10",""
"1791382306127","1791382306838","0|0","MODE_NORMAL","com.example.d1check.npurunner/com.example.d1check.npurunner.NpuRunnerActivity","Awake","130","1","1","10",""
"1791382316131","1791382316845","0|0","MODE_NORMAL","com.example.d1check.npurunner/com.example.d1check.npurunner.NpuRunnerActivity","Awake","105","1","1","10",""
"1791382326130","1791382326858","0|0","MODE_NORMAL","com.example.d1check.npurunner/com.example.d1check.npurunner.NpuRunnerActivity","Awake","136","1","1","10",""
"1791382336133","1791382336848","0|0","MODE_NORMAL","com.example.d1check.npurunner/com.example.d1check.npurunner.NpuRunnerActivity","Awake","120","1","1","10",""
"1791382346122","1791382346847","0|0","MODE_NORMAL","com.example.d1check.npurunner/com.example.d1check.npurunner.NpuRunnerActivity","Awake","131","1","1","10",""
"1791382356124","1791382356842","0|0","MODE_NORMAL","com.example.d1check.npurunner/com.example.d1check.npurunner.NpuRunnerActivity","Awake","131","1","1","10",""
"1791382366129","1791382366849","0|0","MODE_NORMAL","com.example.d1check.npurunner/com.example.d1check.npurunner.NpuRunnerActivity","Awake","133","1","1","10",""
"1791382376117","1791382376828","0|0","MODE_NORMAL","com.example.d1check.npurunner/com.example.d1check.npurunner.NpuRunnerActivity","Awake","114","1","1","10",""
"1791382386120","1791382386839","0|0","MODE_NORMAL","com.example.d1check.npurunner/com.example.d1check.npurunner.NpuRunnerActivity","Awake","132","1","1","10",""
"1791382396135","1791382396868","0|0","MODE_NORMAL","com.example.d1check.npurunner/com.example.d1check.npurunner.NpuRunnerActivity","Awake","152","1","1","10",""
"1791382406124","1791382406877","0|0","MODE_NORMAL","com.example.d1check.npurunner/com.example.d1check.npurunner.NpuRunnerActivity","Awake","143","1","1","10",""
"1791382416126","1791382416847","0|0","MODE_NORMAL","com.example.d1check.npurunner/com.example.d1check.npurunner.NpuRunnerActivity","Awake","129","1","1","10",""
"1791382426131","1791382426844","0|0","MODE_NORMAL","com.example.d1check.npurunner/com.example.d1check.npurunner.NpuRunnerActivity","Awake","129","1","1","10",""
"1791382436118","1791382436861","0|0","MODE_NORMAL","com.example.d1check.npurunner/com.example.d1check.npurunner.NpuRunnerActivity","Awake","145","1","1","10",""
"1791382446130","1791382446929","0|0","MODE_NORMAL","com.example.d1check.npurunner/com.example.d1check.npurunner.NpuRunnerActivity","Awake","218","1","1","10",""
"1791382456125","1791382456924","0|0","MODE_NORMAL","com.example.d1check.npurunner/com.example.d1check.npurunner.NpuRunnerActivity","Awake","210","1","1","10",""
"1791382466117","1791382466876","0|0","MODE_NORMAL","com.example.d1check.npurunner/com.example.d1check.npurunner.NpuRunnerActivity","Awake","150","1","1","10",""
"1791382476136","1791382476860","0|0","MODE_NORMAL","com.example.d1check.npurunner/com.example.d1check.npurunner.NpuRunnerActivity","Awake","128","1","1","10",""
"1791382486121","1791382486939","0|0","MODE_NORMAL","com.example.d1check.npurunner/com.example.d1check.npurunner.NpuRunnerActivity","Awake","224","1","1","10",""
"1791382496124","1791382496869","0|0","MODE_NORMAL","com.example.d1check.npurunner/com.example.d1check.npurunner.NpuRunnerActivity","Awake","149","1","1","10",""
"1791382506130","1791382506916","0|0","MODE_NORMAL","com.example.d1check.npurunner/com.example.d1check.npurunner.NpuRunnerActivity","Awake","196","1","1","10",""
"1791382516135","1791382516953","0|0","MODE_NORMAL","com.example.d1check.npurunner/com.example.d1check.npurunner.NpuRunnerActivity","Awake","226","1","1","10",""
"1791382526131","1791382526867","0|0","MODE_NORMAL","com.example.d1check.npurunner/com.example.d1check.npurunner.NpuRunnerActivity","Awake","147","1","1","10",""
"1791382536134","1791382536910","0|0","MODE_NORMAL","com.example.d1check.npurunner/com.example.d1check.npurunner.NpuRunnerActivity","Awake","179","1","1","10",""
"1791382546129","1791382546937","0|0","MODE_NORMAL","com.example.d1check.npurunner/com.example.d1check.npurunner.NpuRunnerActivity","Awake","227","1","1","10",""
"1791382556117","1791382556971","0|0","MODE_NORMAL","com.example.d1check.npurunner/com.example.d1check.npurunner.NpuRunnerActivity","Awake","255","1","1","10",""
"1791382566136","1791382566901","0|0","MODE_NORMAL","com.example.d1check.npurunner/com.example.d1check.npurunner.NpuRunnerActivity","Awake","178","1","1","10",""
"1791382576123","1791382576841","0|0","MODE_NORMAL","com.example.d1check.npurunner/com.example.d1check.npurunner.NpuRunnerActivity","Awake","131","1","1","10",""
"1791382586128","1791382586850","0|0","MODE_NORMAL","com.example.d1check.npurunner/com.example.d1check.npurunner.NpuRunnerActivity","Awake","133","1","1","10",""
"1791382596123","1791382596847","0|0","MODE_NORMAL","com.example.d1check.npurunner/com.example.d1check.npurunner.NpuRunnerActivity","Awake","131","1","1","10",""
"1791382606133","1791382606863","0|0","MODE_NORMAL","com.example.d1check.npurunner/com.example.d1check.npurunner.NpuRunnerActivity","Awake","131","1","1","10",""
"1791382616124","1791382616849","0|0","MODE_NORMAL","com.example.d1check.npurunner/com.example.d1check.npurunner.NpuRunnerActivity","Awake","129","1","1","10",""
"1791382626120","1791382626841","0|0","MODE_NORMAL","com.example.d1check.npurunner/com.example.d1check.npurunner.NpuRunnerActivity","Awake","130","1","1","10",""
"1791382636132","1791382636860","0|0","MODE_NORMAL","com.example.d1check.npurunner/com.example.d1check.npurunner.NpuRunnerActivity","Awake","132","1","1","10",""
"1791382646128","1791382646847","0|0","MODE_NORMAL","com.example.d1check.npurunner/com.example.d1check.npurunner.NpuRunnerActivity","Awake","128","1","1","10",""
"1791382656134","1791382656953","0|0","MODE_NORMAL","com.example.d1check.npurunner/com.example.d1check.npurunner.NpuRunnerActivity","Awake","224","1","1","10",""
"1791382666133","1791382666884","0|0","MODE_NORMAL","com.example.d1check.npurunner/com.example.d1check.npurunner.NpuRunnerActivity","Awake","162","1","1","10",""
"1791382676130","1791382676991","0|0","MODE_NORMAL","com.example.d1check.npurunner/com.example.d1check.npurunner.NpuRunnerActivity","Awake","274","1","1","10",""
"1791382686133","1791382686930","0|0","MODE_NORMAL","com.example.d1check.npurunner/com.example.d1check.npurunner.NpuRunnerActivity","Awake","186","1","1","10",""
"1791382696117","1791382696847","0|0","MODE_NORMAL","com.example.d1check.npurunner/com.example.d1check.npurunner.NpuRunnerActivity","Awake","130","1","1","10",""
"1791382706126","1791382706881","0|0","MODE_NORMAL","com.example.d1check.npurunner/com.example.d1check.npurunner.NpuRunnerActivity","Awake","161","1","1","10",""
"1791382716125","1791382716853","0|0","MODE_NORMAL","com.example.d1check.npurunner/com.example.d1check.npurunner.NpuRunnerActivity","Awake","116","1","1","10",""
"1791382726122","1791382726856","0|0","MODE_NORMAL","com.example.d1check.npurunner/com.example.d1check.npurunner.NpuRunnerActivity","Awake","143","1","1","10",""
"1791382736135","1791382736905","0|0","MODE_NORMAL","com.example.d1check.npurunner/com.example.d1check.npurunner.NpuRunnerActivity","Awake","176","1","1","10",""
"1791382746121","1791382746931","0|0","MODE_NORMAL","com.example.d1check.npurunner/com.example.d1check.npurunner.NpuRunnerActivity","Awake","209","1","1","10",""
"1791382756123","1791382756854","0|0","MODE_NORMAL","com.example.d1check.npurunner/com.example.d1check.npurunner.NpuRunnerActivity","Awake","147","1","1","10",""
"1791382766125","1791382766911","0|0","MODE_NORMAL","com.example.d1check.npurunner/com.example.d1check.npurunner.NpuRunnerActivity","Awake","188","1","1","10",""
"1791382776127","1791382776943","0|0","MODE_NORMAL","com.example.d1check.npurunner/com.example.d1check.npurunner.NpuRunnerActivity","Awake","227","1","1","10",""
"1791382786135","1791382786970","0|0","MODE_NORMAL","com.example.d1check.npurunner/com.example.d1check.npurunner.NpuRunnerActivity","Awake","245","1","1","10",""
"1791382796125","1791382796893","0|0","MODE_NORMAL","com.example.d1check.npurunner/com.example.d1check.npurunner.NpuRunnerActivity","Awake","179","1","1","10",""
"1791382806122","1791382806955","0|0","MODE_NORMAL","com.example.d1check.npurunner/com.example.d1check.npurunner.NpuRunnerActivity","Awake","244","1","1","10",""
"1791382816121","1791382816871","0|0","MODE_NORMAL","com.example.d1check.npurunner/com.example.d1check.npurunner.NpuRunnerActivity","Awake","162","1","1","10",""
"1791382826125","1791382826905","0|0","MODE_NORMAL","com.example.d1check.npurunner/com.example.d1check.npurunner.NpuRunnerActivity","Awake","178","1","1","10",""
"1791382836119","1791382836946","0|0","MODE_NORMAL","com.example.d1check.npurunner/com.example.d1check.npurunner.NpuRunnerActivity","Awake","227","1","1","10",""
"1791382846133","1791382846866","0|0","MODE_NORMAL","com.example.d1check.npurunner/com.example.d1check.npurunner.NpuRunnerActivity","Awake","129","1","1","10",""
"1791382856121","1791382856920","0|0","MODE_NORMAL","com.example.d1check.npurunner/com.example.d1check.npurunner.NpuRunnerActivity","Awake","208","1","1","10",""
"1791382866134","1791382866873","0|0","MODE_NORMAL","com.example.d1check.npurunner/com.example.d1check.npurunner.NpuRunnerActivity","Awake","148","1","1","10",""
"1791382876136","1791382876873","0|0","MODE_NORMAL","com.example.d1check.npurunner/com.example.d1check.npurunner.NpuRunnerActivity","Awake","147","1","1","10",""
"1791382886128","1791382886880","0|0","MODE_NORMAL","com.example.d1check.npurunner/com.example.d1check.npurunner.NpuRunnerActivity","Awake","163","1","1","10",""
"1791382896120","1791382896853","0|0","MODE_NORMAL","com.example.d1check.npurunner/com.example.d1check.npurunner.NpuRunnerActivity","Awake","146","1","1","10",""
"1791382906131","1791382906872","0|0","MODE_NORMAL","com.example.d1check.npurunner/com.example.d1check.npurunner.NpuRunnerActivity","Awake","147","1","1","10",""
"1791382916128","1791382916882","0|0","MODE_NORMAL","com.example.d1check.npurunner/com.example.d1check.npurunner.NpuRunnerActivity","Awake","159","1","1","10",""
"1791382926125","1791382926881","0|0","MODE_NORMAL","com.example.d1check.npurunner/com.example.d1check.npurunner.NpuRunnerActivity","Awake","163","1","1","10",""
"1791382936127","1791382936893","0|0","MODE_NORMAL","com.example.d1check.npurunner/com.example.d1check.npurunner.NpuRunnerActivity","Awake","167","1","1","10",""
"1791382946133","1791382946875","0|0","MODE_NORMAL","com.example.d1check.npurunner/com.example.d1check.npurunner.NpuRunnerActivity","Awake","144","1","1","10",""
"1791382956117","1791382956971","0|0","MODE_NORMAL","com.example.d1check.npurunner/com.example.d1check.npurunner.NpuRunnerActivity","Awake","258","1","1","10",""
"1791382966135","1791382966909","0|0","MODE_NORMAL","com.example.d1check.npurunner/com.example.d1check.npurunner.NpuRunnerActivity","Awake","161","1","1","10",""
"1791382976122","1791382976936","0|0","MODE_NORMAL","com.example.d1check.npurunner/com.example.d1check.npurunner.NpuRunnerActivity","Awake","224","1","1","10",""
"1791382986123","1791382986959","0|0","MODE_NORMAL","com.example.d1check.npurunner/com.example.d1check.npurunner.NpuRunnerActivity","Awake","240","1","1","10",""
"1791382996123","1791382996913","0|0","MODE_NORMAL","com.example.d1check.npurunner/com.example.d1check.npurunner.NpuRunnerActivity","Awake","194","1","1","10",""
"1791383006123","1791383006955","0|0","MODE_NORMAL","com.example.d1check.npurunner/com.example.d1check.npurunner.NpuRunnerActivity","Awake","242","1","1","10",""
"1791383016127","1791383016972","0|0","MODE_NORMAL","com.example.d1check.npurunner/com.example.d1check.npurunner.NpuRunnerActivity","Awake","242","1","1","10",""
"1791383026123","1791383026916","0|0","MODE_NORMAL","com.example.d1check.npurunner/com.example.d1check.npurunner.NpuRunnerActivity","Awake","196","1","1","10",""
"1791383036119","1791383036949","0|0","MODE_NORMAL","com.example.d1check.npurunner/com.example.d1check.npurunner.NpuRunnerActivity","Awake","244","1","1","10",""
"1791383046127","1791383046970","0|0","MODE_NORMAL","com.example.d1check.npurunner/com.example.d1check.npurunner.NpuRunnerActivity","Awake","242","1","1","10",""
"1791383056129","1791383056884","0|0","MODE_NORMAL","com.example.d1check.npurunner/com.example.d1check.npurunner.NpuRunnerActivity","Awake","164","1","1","10",""
"1791383066131","1791383066884","0|0","MODE_NORMAL","com.example.d1check.npurunner/com.example.d1check.npurunner.NpuRunnerActivity","Awake","161","1","1","10",""
"1791383076124","1791383076973","0|0","MODE_NORMAL","com.example.d1check.npurunner/com.example.d1check.npurunner.NpuRunnerActivity","Awake","258","1","1","10",""
"1791383086125","1791383086920","0|0","MODE_NORMAL","com.example.d1check.npurunner/com.example.d1check.npurunner.NpuRunnerActivity","Awake","195","1","1","10",""
"1791383096131","1791383096899","0|0","MODE_NORMAL","com.example.d1check.npurunner/com.example.d1check.npurunner.NpuRunnerActivity","Awake","179","1","1","10",""
"1791383106129","1791383106887","0|0","MODE_NORMAL","com.example.d1check.npurunner/com.example.d1check.npurunner.NpuRunnerActivity","Awake","162","1","1","10",""
"1791383116125","1791383116918","0|0","MODE_NORMAL","com.example.d1check.npurunner/com.example.d1check.npurunner.NpuRunnerActivity","Awake","195","1","1","10",""
"1791383126116","1791383126877","0|0","MODE_NORMAL","com.example.d1check.npurunner/com.example.d1check.npurunner.NpuRunnerActivity","Awake","165","1","1","10",""
"1791383136134","1791383136872","0|0","MODE_NORMAL","com.example.d1check.npurunner/com.example.d1check.npurunner.NpuRunnerActivity","Awake","147","1","1","10",""
"1791383146129","1791383146868","0|0","MODE_NORMAL","com.example.d1check.npurunner/com.example.d1check.npurunner.NpuRunnerActivity","Awake","145","1","1","10",""
"1791383156125","1791383156855","0|0","MODE_NORMAL","com.example.d1check.npurunner/com.example.d1check.npurunner.NpuRunnerActivity","Awake","132","1","1","10",""
"1791383166132","1791383166889","0|0","MODE_NORMAL","com.example.d1check.npurunner/com.example.d1check.npurunner.NpuRunnerActivity","Awake","162","1","1","10",""
"1791383176121","1791383176881","0|0","MODE_NORMAL","com.example.d1check.npurunner/com.example.d1check.npurunner.NpuRunnerActivity","Awake","165","1","1","10",""
"1791383186119","1791383186871","0|0","MODE_NORMAL","com.example.d1check.npurunner/com.example.d1check.npurunner.NpuRunnerActivity","Awake","137","1","1","10",""
"1791383196118","1791383196898","0|0","MODE_NORMAL","com.example.d1check.npurunner/com.example.d1check.npurunner.NpuRunnerActivity","Awake","184","1","1","10",""
"1791383206125","1791383206931","0|0","MODE_NORMAL","com.example.d1check.npurunner/com.example.d1check.npurunner.NpuRunnerActivity","Awake","193","1","1","10",""
"1791383216120","1791383217033","0|0","MODE_NORMAL","com.example.d1check.npurunner/com.example.d1check.npurunner.NpuRunnerActivity","Awake","320","1","1","10",""
"1791383226136","1791383226917","0|0","MODE_NORMAL","com.example.d1check.npurunner/com.example.d1check.npurunner.NpuRunnerActivity","Awake","175","1","1","10",""
"1791383236124","1791383237037","0|0","MODE_NORMAL","com.example.d1check.npurunner/com.example.d1check.npurunner.NpuRunnerActivity","Awake","299","1","1","10",""
"1791383246119","1791383247028","0|0","MODE_NORMAL","com.example.d1check.npurunner/com.example.d1check.npurunner.NpuRunnerActivity","Awake","292","1","1","10",""
"1791383256127","1791383256925","0|0","MODE_NORMAL","com.example.d1check.npurunner/com.example.d1check.npurunner.NpuRunnerActivity","Awake","186","1","1","10",""
"1791383266130","1791383266952","0|0","MODE_NORMAL","com.example.d1check.npurunner/com.example.d1check.npurunner.NpuRunnerActivity","Awake","236","1","1","10",""
"1791383276122","1791383276964","0|0","MODE_NORMAL","com.example.d1check.npurunner/com.example.d1check.npurunner.NpuRunnerActivity","Awake","249","1","1","10",""
"1791383286129","1791383286916","0|0","MODE_NORMAL","com.example.d1check.npurunner/com.example.d1check.npurunner.NpuRunnerActivity","Awake","181","1","1","10",""
"1791383296133","1791383296937","0|0","MODE_NORMAL","com.example.d1check.npurunner/com.example.d1check.npurunner.NpuRunnerActivity","Awake","217","1","1","10",""
"1791383306131","1791383306981","0|0","MODE_NORMAL","com.example.d1check.npurunner/com.example.d1check.npurunner.NpuRunnerActivity","Awake","254","1","1","10",""
"1791383316123","1791383316903","0|0","MODE_NORMAL","com.example.d1check.npurunner/com.example.d1check.npurunner.NpuRunnerActivity","Awake","167","1","1","10",""
"1791383326117","1791383326933","0|0","MODE_NORMAL","com.example.d1check.npurunner/com.example.d1check.npurunner.NpuRunnerActivity","Awake","221","1","1","10",""
"1791383336127","1791383336905","0|0","MODE_NORMAL","com.example.d1check.npurunner/com.example.d1check.npurunner.NpuRunnerActivity","Awake","178","1","1","10",""
"1791383346134","1791383346885","0|0","MODE_NORMAL","com.example.d1check.npurunner/com.example.d1check.npurunner.NpuRunnerActivity","Awake","163","1","1","10",""
"1791383356123","1791383356880","0|0","MODE_NORMAL","com.example.d1check.npurunner/com.example.d1check.npurunner.NpuRunnerActivity","Awake","164","1","1","10",""
"1791383366124","1791383366889","0|0","MODE_NORMAL","com.example.d1check.npurunner/com.example.d1check.npurunner.NpuRunnerActivity","Awake","180","1","1","10",""
"1791383376117","1791383376891","0|0","MODE_NORMAL","com.example.d1check.npurunner/com.example.d1check.npurunner.NpuRunnerActivity","Awake","174","1","1","10",""
"1791383386135","1791383386902","0|0","MODE_NORMAL","com.example.d1check.npurunner/com.example.d1check.npurunner.NpuRunnerActivity","Awake","163","1","1","10",""
"1791383396124","1791383396868","0|0","MODE_NORMAL","com.example.d1check.npurunner/com.example.d1check.npurunner.NpuRunnerActivity","Awake","146","1","1","10",""
"1791383406116","1791383406854","0|0","MODE_NORMAL","com.example.d1check.npurunner/com.example.d1check.npurunner.NpuRunnerActivity","Awake","126","1","1","10",""
"1791383416124","1791383416867","0|0","MODE_NORMAL","com.example.d1check.npurunner/com.example.d1check.npurunner.NpuRunnerActivity","Awake","147","1","1","10",""
"1791383426126","1791383426881","0|0","MODE_NORMAL","com.example.d1check.npurunner/com.example.d1check.npurunner.NpuRunnerActivity","Awake","141","1","1","10",""
"1791383436126","1791383436887","0|0","MODE_NORMAL","com.example.d1check.npurunner/com.example.d1check.npurunner.NpuRunnerActivity","Awake","161","1","1","10",""
"1791383446127","1791383446882","0|0","MODE_NORMAL","com.example.d1check.npurunner/com.example.d1check.npurunner.NpuRunnerActivity","Awake","164","1","1","10",""
"1791383456117","1791383456918","0|0","MODE_NORMAL","com.example.d1check.npurunner/com.example.d1check.npurunner.NpuRunnerActivity","Awake","185","1","1","10",""
"1791383466125","1791383466930","0|0","MODE_NORMAL","com.example.d1check.npurunner/com.example.d1check.npurunner.NpuRunnerActivity","Awake","208","1","1","10",""
"1791383476130","1791383477032","0|0","MODE_NORMAL","com.example.d1check.npurunner/com.example.d1check.npurunner.NpuRunnerActivity","Awake","306","1","1","10",""
"1791383486126","1791383486895","0|0","MODE_NORMAL","com.example.d1check.npurunner/com.example.d1check.npurunner.NpuRunnerActivity","Awake","175","1","1","10",""
"1791383496125","1791383496934","0|0","MODE_NORMAL","com.example.d1check.npurunner/com.example.d1check.npurunner.NpuRunnerActivity","Awake","207","1","1","10",""
"1791383506119","1791383506871","0|0","MODE_NORMAL","com.example.d1check.npurunner/com.example.d1check.npurunner.NpuRunnerActivity","Awake","133","1","1","10",""
"1791383516123","1791383516902","0|0","MODE_NORMAL","com.example.d1check.npurunner/com.example.d1check.npurunner.NpuRunnerActivity","Awake","178","1","1","10",""
"1791383526130","1791383526945","0|0","MODE_NORMAL","com.example.d1check.npurunner/com.example.d1check.npurunner.NpuRunnerActivity","Awake","199","1","1","10",""
"1791383536127","1791383536970","0|0","MODE_NORMAL","com.example.d1check.npurunner/com.example.d1check.npurunner.NpuRunnerActivity","Awake","239","1","1","10",""
"1791383546119","1791383546908","0|0","MODE_NORMAL","com.example.d1check.npurunner/com.example.d1check.npurunner.NpuRunnerActivity","Awake","195","1","1","10",""
"1791383556133","1791383556957","0|0","MODE_NORMAL","com.example.d1check.npurunner/com.example.d1check.npurunner.NpuRunnerActivity","Awake","206","1","1","10",""
"1791383566125","1791383566967","0|0","MODE_NORMAL","com.example.d1check.npurunner/com.example.d1check.npurunner.NpuRunnerActivity","Awake","250","1","1","10",""
"1791383576132","1791383576907","0|0","MODE_NORMAL","com.example.d1check.npurunner/com.example.d1check.npurunner.NpuRunnerActivity","Awake","177","1","1","10",""
"1791383586127","1791383586960","0|0","MODE_NORMAL","com.example.d1check.npurunner/com.example.d1check.npurunner.NpuRunnerActivity","Awake","234","1","1","10",""
"1791383596129","1791383596879","0|0","MODE_NORMAL","com.example.d1check.npurunner/com.example.d1check.npurunner.NpuRunnerActivity","Awake","153","1","1","10",""
"1791383606129","1791383606900","0|0","MODE_NORMAL","com.example.d1check.npurunner/com.example.d1check.npurunner.NpuRunnerActivity","Awake","171","1","1","10",""
"1791383616130","1791383616947","0|0","MODE_NORMAL","com.example.d1check.npurunner/com.example.d1check.npurunner.NpuRunnerActivity","Awake","208","1","1","10",""
"1791383626128","1791383626985","0|0","MODE_NORMAL","com.example.d1check.npurunner/com.example.d1check.npurunner.NpuRunnerActivity","Awake","265","1","1","10",""
"1791383636131","1791383636917","0|0","MODE_NORMAL","com.example.d1check.npurunner/com.example.d1check.npurunner.NpuRunnerActivity","Awake","186","1","1","10",""
"1791383646135","1791383646917","0|0","MODE_NORMAL","com.example.d1check.npurunner/com.example.d1check.npurunner.NpuRunnerActivity","Awake","185","1","1","10",""
"1791383656123","1791383656902","0|0","MODE_NORMAL","com.example.d1check.npurunner/com.example.d1check.npurunner.NpuRunnerActivity","Awake","180","1","1","10",""
"1791383666125","1791383666927","0|0","MODE_NORMAL","com.example.d1check.npurunner/com.example.d1check.npurunner.NpuRunnerActivity","Awake","196","1","1","10",""
"1791383676129","1791383676878","0|0","MODE_NORMAL","com.example.d1check.npurunner/com.example.d1check.npurunner.NpuRunnerActivity","Awake","147","1","1","10",""
"1791383686135","1791383686875","0|0","MODE_NORMAL","com.example.d1check.npurunner/com.example.d1check.npurunner.NpuRunnerActivity","Awake","147","1","1","10",""
"1791383696138","1791383696881","0|0","MODE_NORMAL","com.example.d1check.npurunner/com.example.d1check.npurunner.NpuRunnerActivity","Awake","148","1","1","10",""
"1791383706122","1791383706872","0|0","MODE_NORMAL","com.example.d1check.npurunner/com.example.d1check.npurunner.NpuRunnerActivity","Awake","152","1","1","10",""
"1791383716125","1791383716879","0|0","MODE_NORMAL","com.example.d1check.npurunner/com.example.d1check.npurunner.NpuRunnerActivity","Awake","154","1","1","10",""
"1791383726128","1791383726871","0|0","MODE_NORMAL","com.example.d1check.npurunner/com.example.d1check.npurunner.NpuRunnerActivity","Awake","145","1","1","10",""
"1791383736130","1791383736860","0|0","MODE_NORMAL","com.example.d1check.npurunner/com.example.d1check.npurunner.NpuRunnerActivity","Awake","107","1","1","10",""
"1791383746121","1791383746912","0|0","MODE_NORMAL","com.example.d1check.npurunner/com.example.d1check.npurunner.NpuRunnerActivity","Awake","192","1","1","10",""
"1791383756125","1791383756924","0|0","MODE_NORMAL","com.example.d1check.npurunner/com.example.d1check.npurunner.NpuRunnerActivity","Awake","195","1","1","10",""
"1791383766126","1791383766985","0|0","MODE_NORMAL","com.example.d1check.npurunner/com.example.d1check.npurunner.NpuRunnerActivity","Awake","259","1","1","10",""
"1791383776123","1791383776896","0|0","MODE_NORMAL","com.example.d1check.npurunner/com.example.d1check.npurunner.NpuRunnerActivity","Awake","167","1","1","10",""
"1791383786129","1791383786924","0|0","MODE_NORMAL","com.example.d1check.npurunner/com.example.d1check.npurunner.NpuRunnerActivity","Awake","184","1","1","10",""
"1791383796126","1791383796967","0|0","MODE_NORMAL","com.example.d1check.npurunner/com.example.d1check.npurunner.NpuRunnerActivity","Awake","241","1","1","10",""
"1791383806123","1791383806892","0|0","MODE_NORMAL","com.example.d1check.npurunner/com.example.d1check.npurunner.NpuRunnerActivity","Awake","163","1","1","10",""
"1791383816125","1791383816937","0|0","MODE_NORMAL","com.example.d1check.npurunner/com.example.d1check.npurunner.NpuRunnerActivity","Awake","210","1","1","10",""
"1791383826117","1791383826945","0|0","MODE_NORMAL","com.example.d1check.npurunner/com.example.d1check.npurunner.NpuRunnerActivity","Awake","206","1","1","10",""
"1791383836120","1791383836912","0|0","MODE_NORMAL","com.example.d1check.npurunner/com.example.d1check.npurunner.NpuRunnerActivity","Awake","198","1","1","10",""
"1791383846119","1791383846945","0|0","MODE_NORMAL","com.example.d1check.npurunner/com.example.d1check.npurunner.NpuRunnerActivity","Awake","230","1","1","10",""
"1791383856134","1791383856949","0|0","MODE_NORMAL","com.example.d1check.npurunner/com.example.d1check.npurunner.NpuRunnerActivity","Awake","232","1","1","10",""
"1791383866121","1791383866918","0|0","MODE_NORMAL","com.example.d1check.npurunner/com.example.d1check.npurunner.NpuRunnerActivity","Awake","204","1","1","10",""
"1791383876125","1791383876941","0|0","MODE_NORMAL","com.example.d1check.npurunner/com.example.d1check.npurunner.NpuRunnerActivity","Awake","219","1","1","10",""
"1791383886130","1791383886973","0|0","MODE_NORMAL","com.example.d1check.npurunner/com.example.d1check.npurunner.NpuRunnerActivity","Awake","249","1","1","10",""
"1791383896118","1791383896930","0|0","MODE_NORMAL","com.example.d1check.npurunner/com.example.d1check.npurunner.NpuRunnerActivity","Awake","213","1","1","10",""
"1791383906123","1791383906939","0|0","MODE_NORMAL","com.example.d1check.npurunner/com.example.d1check.npurunner.NpuRunnerActivity","Awake","196","1","1","10",""
"1791383916122","1791383916875","0|0","MODE_NORMAL","com.example.d1check.npurunner/com.example.d1check.npurunner.NpuRunnerActivity","Awake","146","1","1","10",""
"1791383926128","1791383926871","0|0","MODE_NORMAL","com.example.d1check.npurunner/com.example.d1check.npurunner.NpuRunnerActivity","Awake","144","1","1","10",""
"1791383936117","1791383936896","0|0","MODE_NORMAL","com.example.d1check.npurunner/com.example.d1check.npurunner.NpuRunnerActivity","Awake","173","1","1","10",""
"1791383946130","1791383946886","0|0","MODE_NORMAL","com.example.d1check.npurunner/com.example.d1check.npurunner.NpuRunnerActivity","Awake","147","1","1","10",""
"1791383956126","1791383956880","0|0","MODE_NORMAL","com.example.d1check.npurunner/com.example.d1check.npurunner.NpuRunnerActivity","Awake","147","1","1","10",""
"1791383966124","1791383966893","0|0","MODE_NORMAL","com.example.d1check.npurunner/com.example.d1check.npurunner.NpuRunnerActivity","Awake","178","1","1","10",""
"1791383976125","1791383976879","0|0","MODE_NORMAL","com.example.d1check.npurunner/com.example.d1check.npurunner.NpuRunnerActivity","Awake","146","1","1","10",""
"1791383986133","1791383986883","0|0","MODE_NORMAL","com.example.d1check.npurunner/com.example.d1check.npurunner.NpuRunnerActivity","Awake","138","1","1","10",""
"1791383996119","1791383996861","0|0","MODE_NORMAL","com.example.d1check.npurunner/com.example.d1check.npurunner.NpuRunnerActivity","Awake","135","1","1","10",""
"1791384006120","1791384006933","0|0","MODE_NORMAL","com.example.d1check.npurunner/com.example.d1check.npurunner.NpuRunnerActivity","Awake","193","1","1","10",""
"1791384016122","1791384016929","0|0","MODE_NORMAL","com.example.d1check.npurunner/com.example.d1check.npurunner.NpuRunnerActivity","Awake","191","1","1","10",""
"1791384026121","1791384026946","0|0","MODE_NORMAL","com.example.d1check.npurunner/com.example.d1check.npurunner.NpuRunnerActivity","Awake","206","1","1","10",""
"1791384036123","1791384036994","0|0","MODE_NORMAL","com.example.d1check.npurunner/com.example.d1check.npurunner.NpuRunnerActivity","Awake","268","1","1","10",""
"1791384046120","1791384046917","0|0","MODE_NORMAL","com.example.d1check.npurunner/com.example.d1check.npurunner.NpuRunnerActivity","Awake","190","1","1","10",""
"1791384056124","1791384056969","0|0","MODE_NORMAL","com.example.d1check.npurunner/com.example.d1check.npurunner.NpuRunnerActivity","Awake","225","1","1","10",""
"1791384066128","1791384066992","0|0","MODE_NORMAL","com.example.d1check.npurunner/com.example.d1check.npurunner.NpuRunnerActivity","Awake","267","1","1","10",""
"1791384076127","1791384076940","0|0","MODE_NORMAL","com.example.d1check.npurunner/com.example.d1check.npurunner.NpuRunnerActivity","Awake","201","1","1","10",""
"1791384086128","1791384086983","0|0","MODE_NORMAL","com.example.d1check.npurunner/com.example.d1check.npurunner.NpuRunnerActivity","Awake","252","1","1","10",""
"1791384096129","1791384097018","0|0","MODE_NORMAL","com.example.d1check.npurunner/com.example.d1check.npurunner.NpuRunnerActivity","Awake","285","1","1","10",""
"1791384106129","1791384106924","0|0","MODE_NORMAL","com.example.d1check.npurunner/com.example.d1check.npurunner.NpuRunnerActivity","Awake","185","1","1","10",""
"1791384116132","1791384117007","0|0","MODE_NORMAL","com.example.d1check.npurunner/com.example.d1check.npurunner.NpuRunnerActivity","Awake","268","1","1","10",""
"1791384126116","1791384126910","0|0","MODE_NORMAL","com.example.d1check.npurunner/com.example.d1check.npurunner.NpuRunnerActivity","Awake","185","1","1","10",""
"1791384136134","1791384136938","0|0","MODE_NORMAL","com.example.d1check.npurunner/com.example.d1check.npurunner.NpuRunnerActivity","Awake","201","1","1","10",""
"1791384146134","1791384146984","0|0","MODE_NORMAL","com.example.d1check.npurunner/com.example.d1check.npurunner.NpuRunnerActivity","Awake","253","1","1","10",""
"1791384156136","1791384157017","0|0","MODE_NORMAL","com.example.d1check.npurunner/com.example.d1check.npurunner.NpuRunnerActivity","Awake","258","1","1","10",""
"1791384166136","1791384166945","0|0","MODE_NORMAL","com.example.d1check.npurunner/com.example.d1check.npurunner.NpuRunnerActivity","Awake","189","1","1","10",""
"1791384176120","1791384176954","0|0","MODE_NORMAL","com.example.d1check.npurunner/com.example.d1check.npurunner.NpuRunnerActivity","Awake","239","1","1","10",""
"1791384186122","1791384186908","0|0","MODE_NORMAL","com.example.d1check.npurunner/com.example.d1check.npurunner.NpuRunnerActivity","Awake","185","1","1","10",""
"1791384196121","1791384196944","0|0","MODE_NORMAL","com.example.d1check.npurunner/com.example.d1check.npurunner.NpuRunnerActivity","Awake","214","1","1","10",""
"1791384206122","1791384206872","0|0","MODE_NORMAL","com.example.d1check.npurunner/com.example.d1check.npurunner.NpuRunnerActivity","Awake","147","1","1","10",""
"1791384216124","1791384216918","0|0","MODE_NORMAL","com.example.d1check.npurunner/com.example.d1check.npurunner.NpuRunnerActivity","Awake","180","1","1","10",""
"1791384226125","1791384226949","0|0","MODE_NORMAL","com.example.d1check.npurunner/com.example.d1check.npurunner.NpuRunnerActivity","Awake","215","1","1","10",""
"1791384236127","1791384236900","0|0","MODE_NORMAL","com.example.d1check.npurunner/com.example.d1check.npurunner.NpuRunnerActivity","Awake","187","1","1","10",""
"1791384246125","1791384246929","0|0","MODE_NORMAL","com.example.d1check.npurunner/com.example.d1check.npurunner.NpuRunnerActivity","Awake","191","1","1","10",""
"1791384256129","1791384256907","0|0","MODE_NORMAL","com.example.d1check.npurunner/com.example.d1check.npurunner.NpuRunnerActivity","Awake","180","1","1","10",""
"1791384266136","1791384266923","0|0","MODE_NORMAL","com.example.d1check.npurunner/com.example.d1check.npurunner.NpuRunnerActivity","Awake","180","1","1","10",""
"1791384276126","1791384276895","0|0","MODE_NORMAL","com.example.d1check.npurunner/com.example.d1check.npurunner.NpuRunnerActivity","Awake","156","1","1","10",""
"1791384286127","1791384286923","0|0","MODE_NORMAL","com.example.d1check.npurunner/com.example.d1check.npurunner.NpuRunnerActivity","Awake","190","1","1","10",""
"1791384296133","1791384296893","0|0","MODE_NORMAL","com.example.d1check.npurunner/com.example.d1check.npurunner.NpuRunnerActivity","Awake","154","1","1","10",""
"1791384306131","1791384306899","0|0","MODE_NORMAL","com.example.d1check.npurunner/com.example.d1check.npurunner.NpuRunnerActivity","Awake","172","1","1","10",""
"1791384316117","1791384316894","0|0","MODE_NORMAL","com.example.d1check.npurunner/com.example.d1check.npurunner.NpuRunnerActivity","Awake","169","1","1","10",""
"1791384326119","1791384326869","0|0","MODE_NORMAL","com.example.d1check.npurunner/com.example.d1check.npurunner.NpuRunnerActivity","Awake","138","1","1","10",""
"1791384336120","1791384336886","0|0","MODE_NORMAL","com.example.d1check.npurunner/com.example.d1check.npurunner.NpuRunnerActivity","Awake","151","1","1","10",""
"1791384346120","1791384346863","0|0","MODE_NORMAL","com.example.d1check.npurunner/com.example.d1check.npurunner.NpuRunnerActivity","Awake","136","1","1","10",""
"1791384356121","1791384356882","0|0","MODE_NORMAL","com.example.d1check.npurunner/com.example.d1check.npurunner.NpuRunnerActivity","Awake","154","1","1","10",""
"1791384366122","1791384366875","0|0","MODE_NORMAL","com.example.d1check.npurunner/com.example.d1check.npurunner.NpuRunnerActivity","Awake","154","1","1","10",""
"1791384376122","1791384376884","0|0","MODE_NORMAL","com.example.d1check.npurunner/com.example.d1check.npurunner.NpuRunnerActivity","Awake","153","1","1","10",""
"1791384386124","1791384386885","0|0","MODE_NORMAL","com.example.d1check.npurunner/com.example.d1check.npurunner.NpuRunnerActivity","Awake","155","1","1","10",""
"1791384396127","1791384396895","0|0","MODE_NORMAL","com.example.d1check.npurunner/com.example.d1check.npurunner.NpuRunnerActivity","Awake","168","1","1","10",""
"1791384406127","1791384406910","0|0","MODE_NORMAL","com.example.d1check.npurunner/com.example.d1check.npurunner.NpuRunnerActivity","Awake","168","1","1","10",""
"1791384416127","1791384416938","0|0","MODE_NORMAL","com.example.d1check.npurunner/com.example.d1check.npurunner.NpuRunnerActivity","Awake","205","1","1","10",""
"1791384426128","1791384427057","0|0","MODE_NORMAL","com.example.d1check.npurunner/com.example.d1check.npurunner.NpuRunnerActivity","Awake","319","1","1","10",""
"1791384436129","1791384436994","0|0","MODE_NORMAL","com.example.d1check.npurunner/com.example.d1check.npurunner.NpuRunnerActivity","Awake","251","1","1","10",""
"1791384446122","1791384447040","0|0","MODE_NORMAL","com.example.d1check.npurunner/com.example.d1check.npurunner.NpuRunnerActivity","Awake","302","1","1","10",""
"1791384456117","1791384456966","0|0","MODE_NORMAL","com.example.d1check.npurunner/com.example.d1check.npurunner.NpuRunnerActivity","Awake","236","1","1","10",""
"1791384466117","1791384466973","0|0","MODE_NORMAL","com.example.d1check.npurunner/com.example.d1check.npurunner.NpuRunnerActivity","Awake","233","1","1","10",""
"1791384476124","1791384477026","0|0","MODE_NORMAL","com.example.d1check.npurunner/com.example.d1check.npurunner.NpuRunnerActivity","Awake","296","1","1","10",""
"1791384486133","1791384486952","0|0","MODE_NORMAL","com.example.d1check.npurunner/com.example.d1check.npurunner.NpuRunnerActivity","Awake","204","1","1","10",""
"1791384496121","1791384497001","0|0","MODE_NORMAL","com.example.d1check.npurunner/com.example.d1check.npurunner.NpuRunnerActivity","Awake","267","1","1","10",""
"1791384506137","1791384507043","0|0","MODE_NORMAL","com.example.d1check.npurunner/com.example.d1check.npurunner.NpuRunnerActivity","Awake","283","1","1","10",""
"1791384516122","1791384516947","0|0","MODE_NORMAL","com.example.d1check.npurunner/com.example.d1check.npurunner.NpuRunnerActivity","Awake","197","1","1","10",""
"1791384526124","1791384527015","0|0","MODE_NORMAL","com.example.d1check.npurunner/com.example.d1check.npurunner.NpuRunnerActivity","Awake","284","1","1","10",""
"1791384536123","1791384536914","0|0","MODE_NORMAL","com.example.d1check.npurunner/com.example.d1check.npurunner.NpuRunnerActivity","Awake","189","1","1","10",""
"1791384546122","1791384546947","0|0","MODE_NORMAL","com.example.d1check.npurunner/com.example.d1check.npurunner.NpuRunnerActivity","Awake","211","1","1","10",""
"1791384556123","1791384556972","0|0","MODE_NORMAL","com.example.d1check.npurunner/com.example.d1check.npurunner.NpuRunnerActivity","Awake","241","1","1","10",""
"1791384566123","1791384566917","0|0","MODE_NORMAL","com.example.d1check.npurunner/com.example.d1check.npurunner.NpuRunnerActivity","Awake","197","1","1","10",""
"1791384576133","1791384576976","0|0","MODE_NORMAL","com.example.d1check.npurunner/com.example.d1check.npurunner.NpuRunnerActivity","Awake","226","1","1","10",""
"1791384586126","1791384586978","0|0","MODE_NORMAL","com.example.d1check.npurunner/com.example.d1check.npurunner.NpuRunnerActivity","Awake","238","1","1","10",""
"1791384596129","1791384596934","0|0","MODE_NORMAL","com.example.d1check.npurunner/com.example.d1check.npurunner.NpuRunnerActivity","Awake","187","1","1","10",""
"1791384606128","1791384606949","0|0","MODE_NORMAL","com.example.d1check.npurunner/com.example.d1check.npurunner.NpuRunnerActivity","Awake","211","1","1","10",""
"1791384616129","1791384616994","0|0","MODE_NORMAL","com.example.d1check.npurunner/com.example.d1check.npurunner.NpuRunnerActivity","Awake","260","1","1","10",""
"1791384626129","1791384626916","0|0","MODE_NORMAL","com.example.d1check.npurunner/com.example.d1check.npurunner.NpuRunnerActivity","Awake","177","1","1","10",""
"1791384636117","1791384636894","0|0","MODE_NORMAL","com.example.d1check.npurunner/com.example.d1check.npurunner.NpuRunnerActivity","Awake","170","1","1","10",""
"1791384646131","1791384646920","0|0","MODE_NORMAL","com.example.d1check.npurunner/com.example.d1check.npurunner.NpuRunnerActivity","Awake","162","1","1","10",""
"1791384656129","1791384656913","0|0","MODE_NORMAL","com.example.d1check.npurunner/com.example.d1check.npurunner.NpuRunnerActivity","Awake","177","1","1","10",""
"1791384666129","1791384666894","0|0","MODE_NORMAL","com.example.d1check.npurunner/com.example.d1check.npurunner.NpuRunnerActivity","Awake","162","1","1","10",""
"1791384676134","1791384676904","0|0","MODE_NORMAL","com.example.d1check.npurunner/com.example.d1check.npurunner.NpuRunnerActivity","Awake","153","1","1","10",""
"1791384686128","1791384686878","0|0","MODE_NORMAL","com.example.d1check.npurunner/com.example.d1check.npurunner.NpuRunnerActivity","Awake","144","1","1","10",""
"1791384696128","1791384696864","0|0","MODE_NORMAL","com.example.d1check.npurunner/com.example.d1check.npurunner.NpuRunnerActivity","Awake","129","1","1","10",""
"1791384706117","1791384706867","0|0","MODE_NORMAL","com.example.d1check.npurunner/com.example.d1check.npurunner.NpuRunnerActivity","Awake","143","1","1","10",""
"1791384716123","1791384716904","0|0","MODE_NORMAL","com.example.d1check.npurunner/com.example.d1check.npurunner.NpuRunnerActivity","Awake","170","1","1","10",""
"1791384726126","1791384727060","0|0","MODE_NORMAL","com.example.d1check.npurunner/com.example.d1check.npurunner.NpuRunnerActivity","Awake","337","1","1","10",""
"1791384736127","1791384736969","0|0","MODE_NORMAL","com.example.d1check.npurunner/com.example.d1check.npurunner.NpuRunnerActivity","Awake","255","1","1","10",""
"1791384746127","1791384746962","0|0","MODE_NORMAL","com.example.d1check.npurunner/com.example.d1check.npurunner.NpuRunnerActivity","Awake","221","1","1","10",""
"1791384756130","1791384756965","0|0","MODE_NORMAL","com.example.d1check.npurunner/com.example.d1check.npurunner.NpuRunnerActivity","Awake","233","1","1","10",""
"1791384766131","1791384766998","0|0","MODE_NORMAL","com.example.d1check.npurunner/com.example.d1check.npurunner.NpuRunnerActivity","Awake","251","1","1","10",""
"1791384776131","1791384776926","0|0","MODE_NORMAL","com.example.d1check.npurunner/com.example.d1check.npurunner.NpuRunnerActivity","Awake","184","1","1","10",""
"1791384786130","1791384786986","0|0","MODE_NORMAL","com.example.d1check.npurunner/com.example.d1check.npurunner.NpuRunnerActivity","Awake","242","1","1","10",""
"1791384796127","1791384796994","0|0","MODE_NORMAL","com.example.d1check.npurunner/com.example.d1check.npurunner.NpuRunnerActivity","Awake","291","1","1","10",""
"1791384806118","1791384806949","0|0","MODE_NORMAL","com.example.d1check.npurunner/com.example.d1check.npurunner.NpuRunnerActivity","Awake","279","1","1","10",""
"1791384816137","1791384816984","0|0","MODE_NORMAL","com.example.d1check.npurunner/com.example.d1check.npurunner.NpuRunnerActivity","Awake","252","1","1","10",""
"1791384826121","1791384826910","0|0","MODE_NORMAL","com.example.d1check.npurunner/com.example.d1check.npurunner.NpuRunnerActivity","Awake","187","1","1","10",""
"1791384836121","1791384836955","0|0","MODE_NORMAL","com.example.d1check.npurunner/com.example.d1check.npurunner.NpuRunnerActivity","Awake","205","1","1","10",""
"1791384846121","1791384846983","0|0","MODE_NORMAL","com.example.d1check.npurunner/com.example.d1check.npurunner.NpuRunnerActivity","Awake","256","1","1","10",""
"1791384856123","1791384856897","0|0","MODE_NORMAL","com.example.d1check.npurunner/com.example.d1check.npurunner.NpuRunnerActivity","Awake","171","1","1","10",""
"1791384866125","1791384866945","0|0","MODE_NORMAL","com.example.d1check.npurunner/com.example.d1check.npurunner.NpuRunnerActivity","Awake","202","1","1","10",""
"1791384876125","1791384876893","0|0","MODE_NORMAL","com.example.d1check.npurunner/com.example.d1check.npurunner.NpuRunnerActivity","Awake","171","1","1","10",""
"1791384886126","1791384886916","0|0","MODE_NORMAL","com.example.d1check.npurunner/com.example.d1check.npurunner.NpuRunnerActivity","Awake","187","1","1","10",""
"1791384896127","1791384896891","0|0","MODE_NORMAL","com.example.d1check.npurunner/com.example.d1check.npurunner.NpuRunnerActivity","Awake","140","1","1","10",""
"1791384906127","1791384906917","0|0","MODE_NORMAL","com.example.d1check.npurunner/com.example.d1check.npurunner.NpuRunnerActivity","Awake","171","1","1","10",""
"1791384916128","1791384916898","0|0","MODE_NORMAL","com.example.d1check.npurunner/com.example.d1check.npurunner.NpuRunnerActivity","Awake","139","1","1","10",""
"1791384926135","1791384926890","0|0","MODE_NORMAL","com.example.d1check.npurunner/com.example.d1check.npurunner.NpuRunnerActivity","Awake","149","1","1","10",""
"1791384936129","1791384937074","0|0","MODE_NORMAL","com.example.d1check.npurunner/com.example.d1check.npurunner.NpuRunnerActivity","Awake","354","1","1","10",""
"1791384946131","1791384946936","0|0","MODE_NORMAL","com.example.d1check.npurunner/com.example.d1check.npurunner.NpuRunnerActivity","Awake","193","1","1","10",""
"1791384956117","1791384956898","0|0","MODE_NORMAL","com.example.d1check.npurunner/com.example.d1check.npurunner.NpuRunnerActivity","Awake","168","1","1","10",""
"1791384966130","1791384966917","0|0","MODE_NORMAL","com.example.d1check/com.example.d1check.MainActivity","Awake","179","1","1","10",""
"1791384976132","1791384976983","0|0","MODE_NORMAL","com.example.d1check/com.example.d1check.MainActivity","Awake","303","1","1","10",""
"1791384986127","1791384986887","0|0","MODE_NORMAL","com.example.d1check/com.example.d1check.MainActivity","Awake","144","1","1","10",""
"1791384996119","1791384996982","0|0","MODE_NORMAL","com.example.d1check/com.example.d1check.MainActivity","Awake","249","1","1","10",""
"1791385006120","1791385006934","0|0","MODE_NORMAL","com.example.d1check/com.example.d1check.MainActivity","Awake","223","1","1","10",""
"1791385016124","1791385016959","0|0","MODE_NORMAL","com.example.d1check/com.example.d1check.MainActivity","Awake","233","1","1","10",""
"1791385026130","1791385027020","0|0","MODE_NORMAL","com.example.d1check/com.example.d1check.MainActivity","Awake","275","1","1","10",""
"1791385036133","1791385036920","0|0","MODE_NORMAL","com.example.d1check/com.example.d1check.MainActivity","Awake","177","1","1","10",""
"1791385046133","1791385046956","0|0","MODE_NORMAL","com.example.d1check/com.example.d1check.MainActivity","Awake","208","1","1","10",""
"1791385056127","1791385056987","0|0","MODE_NORMAL","com.example.d1check/com.example.d1check.MainActivity","Awake","242","1","1","10",""
"1791385066121","1791385066893","0|0","MODE_NORMAL","com.example.d1check/com.example.d1check.MainActivity","Awake","161","1","1","10",""
"1791385076128","1791385076973","0|0","MODE_NORMAL","com.example.d1check/com.example.d1check.MainActivity","Awake","237","1","1","10",""
"1791385086130","1791385086990","0|0","MODE_NORMAL","com.example.d1check/com.example.d1check.MainActivity","Awake","251","1","1","10",""
"1791385096131","1791385096925","0|0","MODE_NORMAL","com.example.d1check/com.example.d1check.MainActivity","Awake","188","1","1","10",""
"1791385106123","1791385106974","0|0","MODE_NORMAL","com.example.d1check/com.example.d1check.MainActivity","Awake","246","1","1","10",""
"1791385116133","1791385116983","0|0","MODE_NORMAL","com.example.d1check/com.example.d1check.MainActivity","Awake","236","1","1","10",""
"1791385126122","1791385126955","0|0","MODE_NORMAL","com.example.d1check/com.example.d1check.MainActivity","Awake","214","1","1","10",""
"1791385136117","1791385136989","0|0","MODE_NORMAL","com.example.d1check/com.example.d1check.MainActivity","Awake","254","1","1","10",""
"1791385146125","1791385147009","0|0","MODE_NORMAL","com.example.d1check/com.example.d1check.MainActivity","Awake","261","1","1","10",""
"1791385156137","1791385156925","0|0","MODE_NORMAL","com.example.d1check/com.example.d1check.MainActivity","Awake","169","1","1","10",""
"1791385166121","1791385166885","0|0","MODE_NORMAL","com.example.d1check/com.example.d1check.MainActivity","Awake","154","1","1","10",""
"1791385176122","1791385176897","0|0","MODE_NORMAL","com.example.d1check/com.example.d1check.MainActivity","Awake","172","1","1","10",""
"1791385186133","1791385186936","0|0","MODE_NORMAL","com.example.d1check/com.example.d1check.MainActivity","Awake","191","1","1","10",""
"1791385196133","1791385196891","0|0","MODE_NORMAL","com.example.d1check/com.example.d1check.MainActivity","Awake","147","1","1","10",""
"1791385206129","1791385206875","0|0","MODE_NORMAL","com.example.d1check/com.example.d1check.MainActivity","Awake","130","1","1","10",""
"1791385216117","1791385216886","0|0","MODE_NORMAL","com.example.d1check/com.example.d1check.MainActivity","Awake","148","1","1","10",""
"1791385226133","1791385226915","0|0","MODE_NORMAL","com.example.d1check/com.example.d1check.MainActivity","Awake","163","1","1","10",""
"1791385236127","1791385236904","0|0","MODE_NORMAL","com.example.d1check/com.example.d1check.MainActivity","Awake","165","1","1","10",""
"1791385246130","1791385246884","0|0","MODE_NORMAL","com.example.d1check/com.example.d1check.MainActivity","Awake","118","1","1","10",""
"1791385256130","1791385256876","0|0","MODE_NORMAL","com.example.d1check/com.example.d1check.MainActivity","Awake","130","1","1","10",""
"1791385266130","1791385266902","0|0","MODE_NORMAL","com.example.d1check/com.example.d1check.MainActivity","Awake","151","1","1","10",""
"1791385276131","1791385276873","0|0","MODE_NORMAL","com.example.d1check/com.example.d1check.MainActivity","Awake","119","1","1","10",""
"1791385286131","1791385286911","0|0","MODE_NORMAL","com.example.d1check/com.example.d1check.MainActivity","Awake","168","1","1","10",""
"1791385296134","1791385297019","0|0","MODE_NORMAL","com.example.d1check/com.example.d1check.MainActivity","Awake","269","1","1","10",""
"1791385306129","1791385306961","0|0","MODE_NORMAL","com.example.d1check/com.example.d1check.MainActivity","Awake","206","1","1","10",""
"1791385316117","1791385317002","0|0","MODE_NORMAL","com.example.d1check/com.example.d1check.MainActivity","Awake","271","1","1","10",""
"1791385326139","1791385327013","0|0","MODE_NORMAL","com.example.d1check/com.example.d1check.MainActivity","Awake","250","1","1","10",""
"1791385336122","1791385336952","0|0","MODE_NORMAL","com.example.d1check/com.example.d1check.MainActivity","Awake","223","1","1","10",""
"1791385346121","1791385346988","0|0","MODE_NORMAL","com.example.d1check/com.example.d1check.MainActivity","Awake","245","1","1","10",""
"1791385356124","1791385356920","0|0","MODE_NORMAL","com.example.d1check/com.example.d1check.MainActivity","Awake","188","1","1","10",""
"1791385366124","1791385366958","0|0","MODE_NORMAL","com.example.d1check/com.example.d1check.MainActivity","Awake","222","1","1","10",""
"1791385376126","1791385377000","0|0","MODE_NORMAL","com.example.d1check/com.example.d1check.MainActivity","Awake","253","1","1","10",""
"1791385386127","1791385386916","0|0","MODE_NORMAL","com.example.d1check/com.example.d1check.MainActivity","Awake","170","1","1","10",""
"1791385396127","1791385396901","0|0","MODE_NORMAL","com.example.d1check/com.example.d1check.MainActivity","Awake","153","1","1","10",""
"1791385406133","1791385406914","0|0","MODE_NORMAL","com.example.d1check/com.example.d1check.MainActivity","Awake","162","1","1","10",""
"1791385416130","1791385416902","0|0","MODE_NORMAL","com.example.d1check/com.example.d1check.MainActivity","Awake","153","1","1","10",""
"1791385426129","1791385426893","0|0","MODE_NORMAL","com.example.d1check/com.example.d1check.MainActivity","Awake","154","1","1","10",""
"1791385436129","1791385436891","0|0","MODE_NORMAL","com.example.d1check/com.example.d1check.MainActivity","Awake","148","1","1","10",""
"1791385446130","1791385446941","0|0","MODE_NORMAL","com.example.d1check/com.example.d1check.MainActivity","Awake","196","1","1","10",""
"1791385456122","1791385456878","0|0","MODE_NORMAL","com.example.d1check/com.example.d1check.MainActivity","Awake","144","1","1","10",""
"1791385466128","1791385466918","0|0","MODE_NORMAL","com.example.d1check/com.example.d1check.MainActivity","Awake","175","1","1","10",""
"1791385476130","1791385476963","0|0","MODE_NORMAL","com.example.d1check/com.example.d1check.MainActivity","Awake","208","1","1","10",""
"1791385486130","1791385486981","0|0","MODE_NORMAL","com.example.d1check/com.example.d1check.MainActivity","Awake","220","1","1","10",""
"1791385496134","1791385496991","0|0","MODE_NORMAL","com.example.d1check/com.example.d1check.MainActivity","Awake","236","1","1","10",""
"1791385506130","1791385507019","0|0","MODE_NORMAL","com.example.d1check/com.example.d1check.MainActivity","Awake","275","1","1","10",""
"1791385516135","1791385516985","0|0","MODE_NORMAL","com.example.d1check/com.example.d1check.MainActivity","Awake","212","1","1","10",""
"1791385526123","1791385526905","0|0","MODE_NORMAL","com.example.d1check/com.example.d1check.MainActivity","Awake","165","1","1","10",""
"1791385536125","1791385536940","0|0","MODE_NORMAL","com.example.d1check/com.example.d1check.MainActivity","Awake","200","1","1","10",""
"1791385546124","1791385546974","0|0","MODE_NORMAL","com.example.d1check/com.example.d1check.MainActivity","Awake","225","1","1","10",""
"1791385556119","1791385556913","0|0","MODE_NORMAL","com.example.d1check/com.example.d1check.MainActivity","Awake","173","1","1","10",""
"1791385566136","1791385566919","0|0","MODE_NORMAL","com.example.d1check/com.example.d1check.MainActivity","Awake","161","1","1","10",""
"1791385576125","1791385576880","0|0","MODE_NORMAL","com.example.d1check/com.example.d1check.MainActivity","Awake","146","1","1","10",""
"1791385586130","1791385587037","0|0","MODE_NORMAL","com.example.d1check/com.example.d1check.MainActivity","Awake","284","1","1","10",""
"1791385596126","1791385597066","0|0","MODE_NORMAL","com.example.d1check/com.example.d1check.MainActivity","Awake","317","1","1","10",""
"1791385606129","1791385606926","0|0","MODE_NORMAL","com.example.d1check/com.example.d1check.MainActivity","Awake","177","1","1","10",""
"1791385616121","1791385616924","0|0","MODE_NORMAL","com.example.d1check/com.example.d1check.MainActivity","Awake","336","1","1","10",""
"1791385626130","1791385626960","0|0","MODE_NORMAL","com.example.d1check/com.example.d1check.MainActivity","Awake","192","1","1","10",""
"1791385636126","1791385637019","0|0","MODE_NORMAL","com.example.d1check/com.example.d1check.MainActivity","Awake","266","1","1","10",""
"1791385646135","1791385646941","0|0","MODE_NORMAL","com.example.d1check/com.example.d1check.MainActivity","Awake","170","1","1","10",""
"1791385656121","1791385656970","0|0","MODE_NORMAL","com.example.d1check/com.example.d1check.MainActivity","Awake","224","1","1","10",""
"1791385666129","1791385666982","0|0","MODE_NORMAL","com.example.d1check/com.example.d1check.MainActivity","Awake","240","1","1","10",""
"1791385676119","1791385676933","0|0","MODE_NORMAL","com.example.d1check/com.example.d1check.MainActivity","Awake","193","1","1","10",""
"1791385686129","1791385686962","0|0","MODE_NORMAL","com.example.d1check/com.example.d1check.MainActivity","Awake","207","1","1","10",""
"1791385696130","1791385697034","0|0","MODE_NORMAL","com.example.d1check/com.example.d1check.MainActivity","Awake","285","1","1","10",""
"1791385706121","1791385706918","0|0","MODE_NORMAL","com.example.d1check/com.example.d1check.MainActivity","Awake","185","1","1","10",""
"1791385716132","1791385716904","0|0","MODE_NORMAL","com.example.d1check/com.example.d1check.MainActivity","Awake","146","1","1","10",""
"1791385726126","1791385727025","0|0","MODE_NORMAL","com.example.d1check/com.example.d1check.MainActivity","Awake","273","1","1","10",""
