planned,completed,incomplete,urgent_n,normal_n,urgent_service_failure,normal_service_failure,deadline_met,urgent_p95_ms,normal_mean_ms,normal_p95_ms,energy_j,energy_full_work_eligible,peak_ap_c,partial_peak_ap_35_120_c,thermal_degree_seconds,ap_safety_limit_c,ap_safety_limit_exceed_s,last_lane_s,overlap_s,cpu_occupied_s,gpu_occupied_s,classification_gpu,mean_completed_queue_wait_ms,unfinished_wait_to_horizon_s,decision_calls,gate_blocked_calls,band_yield_calls,ema_updates,decision_host_total_s,decision_host_max_ms,scope,environment,seed,family,context,policy,origin,rate_resource_waits,completed_execution_count,reuse_source,reuse_file_sha256,reuse_original_origin,urgent_failure,normal_failure,final_budget_j,final_common_window_j,final_budget_margin_j,final_budget_satisfied,final_cost_available,final_full_work,final_energy_partial_work,pending_reservations,observed_cap_violation_requests,reservation_predicted_violation_events,reservation_observed_violation_events,observed_overrun_events,search_exhausted_no_admitted_events,terminal_energy_budget_exceeded_events,reservation_predicted_violation_candidates,energy_budget_rejection_candidates,completion_window_unavailable_candidates,fallback_callbacks,maximum_depth_reached,expansion_limit_callbacks,admitted_candidates,diagnostic_events,arrival_transactions,projections,projection_host_s
24,24,0,6,18,0,0,24,294.054635,619.471443,619.471443,142.40900755178922,True,30.24907924694666,30.24907924694666,14.99718706770594,,,63.199185348,0,11.191264110000013,1.8289768499999965,6,0.0,0,24,0,0,0,0.000613899901509285,0.0521000474691391,resource,immediate_allow,610810001,low,mean,TRITON_RATE_OFF_FIXED_REQUEST_ADAPT_V1,new_triton,0,24,docs/results/external_rules_02/results.csv,02455a3902b4696e6594624e1eb97be654c56d7934649b5ed0aacac3b71121d0,new_triton,,,,,,,,,,,,,,,,,,,,,,,,,,,
24,24,0,6,18,0,0,24,294.054635,619.471443,619.471443,142.40900755178922,True,30.24907924694666,30.24907924694666,14.99718706770594,,,63.199185348,0,11.191264110000013,1.8289768499999965,6,0.0,0,24,0,0,0,0.000797499786131084,0.039199949242174625,resource,immediate_allow,610810001,low,mean,TRITON_RATE_CAP1_EQUAL_REQUEST_ADAPT_V1,new_triton,0,24,docs/results/external_rules_02/results.csv,02455a3902b4696e6594624e1eb97be654c56d7934649b5ed0aacac3b71121d0,new_triton,,,,,,,,,,,,,,,,,,,,,,,,,,,
24,24,0,6,18,0,0,24,294.054635,619.471443,619.471443,142.40900755178922,True,30.24907924694666,30.24907924694666,14.99718706770594,,,63.199185348,0,11.191264110000013,1.8289768499999965,6,0.0,0,24,0,0,0,0.0006551999831572175,0.06220000796020031,resource,immediate_allow,610810001,low,mean,TRITON_RATE_CAP2_EQUAL_REQUEST_ADAPT_V1,new_triton,0,24,docs/results/external_rules_02/results.csv,02455a3902b4696e6594624e1eb97be654c56d7934649b5ed0aacac3b71121d0,new_triton,,,,,,,,,,,,,,,,,,,,,,,,,,,
24,24,0,6,18,0,0,24,294.054635,619.471443,619.471443,142.40900755178922,True,30.24907924694666,30.24907924694666,14.99718706770594,,,63.199185348,0,11.191264110000013,1.8289768499999965,6,0.0,0,24,0,0,0,0.0006266001146286726,0.03829994238913059,resource,immediate_allow,610810001,low,mean,TRITON_RATE_CAP1_CLASS_WEIGHT_REQUEST_ADAPT_V1,new_triton,0,24,docs/results/external_rules_02/results.csv,02455a3902b4696e6594624e1eb97be654c56d7934649b5ed0aacac3b71121d0,new_triton,,,,,,,,,,,,,,,,,,,,,,,,,,,
24,24,0,6,18,0,0,24,294.054635,619.471443,619.471443,142.40900755178922,True,30.24907924694666,30.24907924694666,14.99718706770594,,,63.199185348,0,11.191264110000013,1.8289768499999965,6,0.0,0,24,0,0,0,0.00045859976671636105,0.03060000017285347,resource,immediate_allow,610810001,low,mean,TRITON_RATE_CAP2_CLASS_WEIGHT_REQUEST_ADAPT_V1,new_triton,0,24,docs/results/external_rules_02/results.csv,02455a3902b4696e6594624e1eb97be654c56d7934649b5ed0aacac3b71121d0,new_triton,,,,,,,,,,,,,,,,,,,,,,,,,,,
24,24,0,6,18,0,0,24,286.608481,618.790912,618.790912,142.37781429713024,True,30.246857522574064,30.246857522574064,14.9169586536044,,,63.198462218,0,11.178247770000013,1.7826366240000056,6,0.0,0,24,0,0,0,0.0004017001483589411,0.029199989512562752,resource,immediate_allow,610810001,low,short_context,TRITON_RATE_OFF_FIXED_REQUEST_ADAPT_V1,new_triton,0,24,docs/results/external_rules_02/results.csv,02455a3902b4696e6594624e1eb97be654c56d7934649b5ed0aacac3b71121d0,new_triton,,,,,,,,,,,,,,,,,,,,,,,,,,,
24,24,0,6,18,0,0,24,286.608481,618.790912,618.790912,142.37781429713024,True,30.246857522574064,30.246857522574064,14.9169586536044,,,63.198462218,0,11.178247770000013,1.7826366240000056,6,0.0,0,24,0,0,0,0.0007428001845255494,0.06759993266314268,resource,immediate_allow,610810001,low,short_context,TRITON_RATE_CAP1_EQUAL_REQUEST_ADAPT_V1,new_triton,0,24,docs/results/external_rules_02/results.csv,02455a3902b4696e6594624e1eb97be654c56d7934649b5ed0aacac3b71121d0,new_triton,,,,,,,,,,,,,,,,,,,,,,,,,,,
24,24,0,6,18,0,0,24,286.608481,618.790912,618.790912,142.37781429713024,True,30.246857522574064,30.246857522574064,14.9169586536044,,,63.198462218,0,11.178247770000013,1.7826366240000056,6,0.0,0,24,0,0,0,0.0004601996624842286,0.03130000550299883,resource,immediate_allow,610810001,low,short_context,TRITON_RATE_CAP2_EQUAL_REQUEST_ADAPT_V1,new_triton,0,24,docs/results/external_rules_02/results.csv,02455a3902b4696e6594624e1eb97be654c56d7934649b5ed0aacac3b71121d0,new_triton,,,,,,,,,,,,,,,,,,,,,,,,,,,
24,24,0,6,18,0,0,24,286.608481,618.790912,618.790912,142.37781429713024,True,30.246857522574064,30.246857522574064,14.9169586536044,,,63.198462218,0,11.178247770000013,1.7826366240000056,6,0.0,0,24,0,0,0,0.00044719979632645845,0.029699993319809437,resource,immediate_allow,610810001,low,short_context,TRITON_RATE_CAP1_CLASS_WEIGHT_REQUEST_ADAPT_V1,new_triton,0,24,docs/results/external_rules_02/results.csv,02455a3902b4696e6594624e1eb97be654c56d7934649b5ed0aacac3b71121d0,new_triton,,,,,,,,,,,,,,,,,,,,,,,,,,,
24,24,0,6,18,0,0,24,286.608481,618.790912,618.790912,142.37781429713024,True,30.246857522574064,30.246857522574064,14.9169586536044,,,63.198462218,0,11.178247770000013,1.7826366240000056,6,0.0,0,24,0,0,0,0.00046200002543628216,0.029999995604157448,resource,immediate_allow,610810001,low,short_context,TRITON_RATE_CAP2_CLASS_WEIGHT_REQUEST_ADAPT_V1,new_triton,0,24,docs/results/external_rules_02/results.csv,02455a3902b4696e6594624e1eb97be654c56d7934649b5ed0aacac3b71121d0,new_triton,,,,,,,,,,,,,,,,,,,,,,,,,,,
24,24,0,6,18,0,0,24,301.500789,620.151684,620.151684,142.4397069669535,True,30.251255745751575,30.251255745751575,15.075795394498595,,,63.199869995,0,11.203587756000012,1.8753170760000089,6,0.0,0,24,0,0,0,0.0004630002658814192,0.028499984182417393,resource,immediate_allow,610810001,low,long_context,TRITON_RATE_OFF_FIXED_REQUEST_ADAPT_V1,new_triton,0,24,docs/results/external_rules_02/results.csv,02455a3902b4696e6594624e1eb97be654c56d7934649b5ed0aacac3b71121d0,new_triton,,,,,,,,,,,,,,,,,,,,,,,,,,,
24,24,0,6,18,0,0,24,301.500789,620.151684,620.151684,142.4397069669535,True,30.251255745751575,30.251255745751575,15.075795394498595,,,63.199869995,0,11.203587756000012,1.8753170760000089,6,0.0,0,24,0,0,0,0.0008456996874883771,0.05219993181526661,resource,immediate_allow,610810001,low,long_context,TRITON_RATE_CAP1_EQUAL_REQUEST_ADAPT_V1,new_triton,0,24,docs/results/external_rules_02/results.csv,02455a3902b4696e6594624e1eb97be654c56d7934649b5ed0aacac3b71121d0,new_triton,,,,,,,,,,,,,,,,,,,,,,,,,,,
24,24,0,6,18,0,0,24,301.500789,620.151684,620.151684,142.4397069669535,True,30.251255745751575,30.251255745751575,15.075795394498595,,,63.199869995,0,11.203587756000012,1.8753170760000089,6,0.0,0,24,0,0,0,0.00045490008778870106,0.030800001695752144,resource,immediate_allow,610810001,low,long_context,TRITON_RATE_CAP2_EQUAL_REQUEST_ADAPT_V1,new_triton,0,24,docs/results/external_rules_02/results.csv,02455a3902b4696e6594624e1eb97be654c56d7934649b5ed0aacac3b71121d0,new_triton,,,,,,,,,,,,,,,,,,,,,,,,,,,
24,24,0,6,18,0,0,24,301.500789,620.151684,620.151684,142.4397069669535,True,30.251255745751575,30.251255745751575,15.075795394498595,,,63.199869995,0,11.203587756000012,1.8753170760000089,6,0.0,0,24,0,0,0,0.0005758999614045024,0.03550003748387098,resource,immediate_allow,610810001,low,long_context,TRITON_RATE_CAP1_CLASS_WEIGHT_REQUEST_ADAPT_V1,new_triton,0,24,docs/results/external_rules_02/results.csv,02455a3902b4696e6594624e1eb97be654c56d7934649b5ed0aacac3b71121d0,new_triton,,,,,,,,,,,,,,,,,,,,,,,,,,,
24,24,0,6,18,0,0,24,301.500789,620.151684,620.151684,142.4397069669535,True,30.251255745751575,30.251255745751575,15.075795394498595,,,63.199869995,0,11.203587756000012,1.8753170760000089,6,0.0,0,24,0,0,0,0.0005728000542148948,0.03470003139227629,resource,immediate_allow,610810001,low,long_context,TRITON_RATE_CAP2_CLASS_WEIGHT_REQUEST_ADAPT_V1,new_triton,0,24,docs/results/external_rules_02/results.csv,02455a3902b4696e6594624e1eb97be654c56d7934649b5ed0aacac3b71121d0,new_triton,,,,,,,,,,,,,,,,,,,,,,,,,,,
24,24,0,6,18,0,2,22,390.858113,3699.682407055556,6567.584551,141.86397540774033,True,30.476843210054817,30.476843210054817,16.245619493796084,,,46.191264107,1.8289768500000037,11.191264107000002,1.8289768500000037,6,2314.1917010833336,0,160,0,0,0,0.0015149993123486638,0.05000003147870302,resource,immediate_allow,610810001,queue,mean,TRITON_RATE_OFF_FIXED_REQUEST_ADAPT_V1,new_triton,0,24,docs/results/external_rules_02/results.csv,02455a3902b4696e6594624e1eb97be654c56d7934649b5ed0aacac3b71121d0,new_triton,,,,,,,,,,,,,,,,,,,,,,,,,,,
24,24,0,6,18,0,8,16,1197.882503,5156.089899833333,8396.561402,142.4090075510763,True,30.41521786407496,30.41521786407496,14.26560871622905,,,48.020240959,0,11.191264108999988,1.8289768500000108,6,3499.8299952083335,0,160,0,0,0,0.0013142991811037064,0.04780001472681761,resource,immediate_allow,610810001,queue,mean,TRITON_RATE_CAP1_EQUAL_REQUEST_ADAPT_V1,new_triton,11,24,docs/results/external_rules_02/results.csv,02455a3902b4696e6594624e1eb97be654c56d7934649b5ed0aacac3b71121d0,new_triton,,,,,,,,,,,,,,,,,,,,,,,,,,,
24,24,0,6,18,0,2,22,390.858113,3699.682407055556,6567.584551,141.86397540774033,True,30.476843210054817,30.476843210054817,16.245619493796084,,,46.191264107,1.8289768500000037,11.191264107000002,1.8289768500000037,6,2314.1917010833336,0,160,0,0,0,0.0016790998633950949,0.21590001415461302,resource,immediate_allow,610810001,queue,mean,TRITON_RATE_CAP2_EQUAL_REQUEST_ADAPT_V1,new_triton,0,24,docs/results/external_rules_02/results.csv,02455a3902b4696e6594624e1eb97be654c56d7934649b5ed0aacac3b71121d0,new_triton,,,,,,,,,,,,,,,,,,,,,,,,,,,
24,24,0,6,18,0,8,16,656.000804,5189.9598415,8396.561402,142.40900755059621,True,30.416054432074876,30.416054432074876,14.290229732565212,,,48.020240959,0,11.191264106999995,1.8289768520000038,6,3473.421043625,0,160,0,0,0,0.0016260001575574279,0.03969995304942131,resource,immediate_allow,610810001,queue,mean,TRITON_RATE_CAP1_CLASS_WEIGHT_REQUEST_ADAPT_V1,new_triton,10,24,docs/results/external_rules_02/results.csv,02455a3902b4696e6594624e1eb97be654c56d7934649b5ed0aacac3b71121d0,new_triton,,,,,,,,,,,,,,,,,,,,,,,,,,,
24,24,0,6,18,0,2,22,390.858113,3699.682407055556,6567.584551,141.86397540774033,True,30.476843210054817,30.476843210054817,16.245619493796084,,,46.191264107,1.8289768500000037,11.191264107000002,1.8289768500000037,6,2314.1917010833336,0,160,0,0,0,0.001520300516858697,0.04269997589290142,resource,immediate_allow,610810001,queue,mean,TRITON_RATE_CAP2_CLASS_WEIGHT_REQUEST_ADAPT_V1,new_triton,0,24,docs/results/external_rules_02/results.csv,02455a3902b4696e6594624e1eb97be654c56d7934649b5ed0aacac3b71121d0,new_triton,,,,,,,,,,,,,,,,,,,,,,,,,,,
24,24,0,6,18,0,2,22,375.688588,3692.855268055556,6554.610804,141.84659146188358,True,30.473127473240762,30.473127473240762,16.10414691528519,,,46.178247762,1.7826366239999984,11.178247761999998,1.7826366239999984,6,2309.2599382916665,0,160,0,0,0,0.0012347992742434144,0.04339998122304678,resource,immediate_allow,610810001,queue,short_context,TRITON_RATE_OFF_FIXED_REQUEST_ADAPT_V1,new_triton,0,24,docs/results/external_rules_02/results.csv,02455a3902b4696e6594624e1eb97be654c56d7934649b5ed0aacac3b71121d0,new_triton,,,,,,,,,,,,,,,,,,,,,,,,,,,
24,24,0,6,18,0,7,17,1155.927213,5112.362210166667,8337.247429,142.3778142918997,True,30.412529928483906,30.412529928483906,14.177371534177595,,,47.960884387,0,11.178247761999998,1.782636625000002,6,3462.054650375,0,160,0,0,0,0.0012599021429196,0.03699993249028921,resource,immediate_allow,610810001,queue,short_context,TRITON_RATE_CAP1_EQUAL_REQUEST_ADAPT_V1,new_triton,11,24,docs/results/external_rules_02/results.csv,02455a3902b4696e6594624e1eb97be654c56d7934649b5ed0aacac3b71121d0,new_triton,,,,,,,,,,,,,,,,,,,,,,,,,,,
24,24,0,6,18,0,2,22,375.688588,3692.855268055556,6554.610804,141.84659146188358,True,30.473127473240762,30.473127473240762,16.10414691528519,,,46.178247762,1.7826366239999984,11.178247761999998,1.7826366239999984,6,2309.2599382916665,0,160,0,0,0,0.001174998702481389,0.03899994771927595,resource,immediate_allow,610810001,queue,short_context,TRITON_RATE_CAP2_EQUAL_REQUEST_ADAPT_V1,new_triton,0,24,docs/results/external_rules_02/results.csv,02455a3902b4696e6594624e1eb97be654c56d7934649b5ed0aacac3b71121d0,new_triton,,,,,,,,,,,,,,,,,,,,,,,,,,,
24,24,0,6,18,0,7,17,638.661889,5145.373999555555,8337.247429,142.37781429213976,True,30.413342770351804,30.413342770351804,14.201244931248088,,,47.960884387,0,11.178247763000002,1.7826366239999984,6,3435.062345375,0,160,0,0,0,0.0013991011073812842,0.04740001168102026,resource,immediate_allow,610810001,queue,short_context,TRITON_RATE_CAP1_CLASS_WEIGHT_REQUEST_ADAPT_V1,new_triton,10,24,docs/results/external_rules_02/results.csv,02455a3902b4696e6594624e1eb97be654c56d7934649b5ed0aacac3b71121d0,new_triton,,,,,,,,,,,,,,,,,,,,,,,,,,,
24,24,0,6,18,0,2,22,375.688588,3692.855268055556,6554.610804,141.84659146188358,True,30.473127473240762,30.473127473240762,16.10414691528519,,,46.178247762,1.7826366239999984,11.178247761999998,1.7826366239999984,6,2309.2599382916665,0,160,0,0,0,0.0012616999447345734,0.039199949242174625,resource,immediate_allow,610810001,queue,short_context,TRITON_RATE_CAP2_CLASS_WEIGHT_REQUEST_ADAPT_V1,new_triton,0,24,docs/results/external_rules_02/results.csv,02455a3902b4696e6594624e1eb97be654c56d7934649b5ed0aacac3b71121d0,new_triton,,,,,,,,,,,,,,,,,,,,,,,,,,,
24,24,0,6,18,0,2,22,406.027638,3706.1821462222224,6579.903788,141.88086550928682,True,30.480560720659234,30.480560720659234,16.385605873624428,,,46.203587751,1.8753170769999983,11.203587751,1.8753170769999983,6,2318.8781318333336,0,160,0,0,0,0.0011522005079314113,0.036800047382712364,resource,immediate_allow,610810001,queue,long_context,TRITON_RATE_OFF_FIXED_REQUEST_ADAPT_V1,new_triton,0,24,docs/results/external_rules_02/results.csv,02455a3902b4696e6594624e1eb97be654c56d7934649b5ed0aacac3b71121d0,new_triton,,,,,,,,,,,,,,,,,,,,,,,,,,,
24,24,0,6,18,0,8,16,1239.645375,5199.490189555556,8455.220866,142.43970696386177,True,30.41302557604879,30.41302557604879,14.347673049772961,,,48.078904828,0,11.203587750999986,1.8753170770000125,6,3537.3247319166667,0,160,0,0,0,0.0012718000216409564,0.036499928683042526,resource,immediate_allow,610810001,queue,long_context,TRITON_RATE_CAP1_EQUAL_REQUEST_ADAPT_V1,new_triton,11,24,docs/results/external_rules_02/results.csv,02455a3902b4696e6594624e1eb97be654c56d7934649b5ed0aacac3b71121d0,new_triton,,,,,,,,,,,,,,,,,,,,,,,,,,,
24,24,0,6,18,0,2,22,406.027638,3706.1821462222224,6579.903788,141.88086550928682,True,30.480560720659234,30.480560720659234,16.385605873624428,,,46.203587751,1.8753170769999983,11.203587751,1.8753170769999983,6,2318.8781318333336,0,160,0,0,0,0.0015163000207394361,0.03830005880445242,resource,immediate_allow,610810001,queue,long_context,TRITON_RATE_CAP2_EQUAL_REQUEST_ADAPT_V1,new_triton,0,24,docs/results/external_rules_02/results.csv,02455a3902b4696e6594624e1eb97be654c56d7934649b5ed0aacac3b71121d0,new_triton,,,,,,,,,,,,,,,,,,,,,,,,,,,
24,24,0,6,18,0,8,16,673.22427,5234.218283666667,8455.220866,142.43970696386177,True,30.41388594832029,30.41388594832029,14.372994649157445,,,48.078904828,0,11.203587751,1.8753170769999983,6,3511.5023405833335,0,160,0,0,0,0.0016613999614492059,0.03929995000362396,resource,immediate_allow,610810001,queue,long_context,TRITON_RATE_CAP1_CLASS_WEIGHT_REQUEST_ADAPT_V1,new_triton,10,24,docs/results/external_rules_02/results.csv,02455a3902b4696e6594624e1eb97be654c56d7934649b5ed0aacac3b71121d0,new_triton,,,,,,,,,,,,,,,,,,,,,,,,,,,
24,24,0,6,18,0,2,22,406.027638,3706.1821462222224,6579.903788,141.88086550928682,True,30.480560720659234,30.480560720659234,16.385605873624428,,,46.203587751,1.8753170769999983,11.203587751,1.8753170769999983,6,2318.8781318333336,0,160,0,0,0,0.0012012998340651393,0.0510999234393239,resource,immediate_allow,610810001,queue,long_context,TRITON_RATE_CAP2_CLASS_WEIGHT_REQUEST_ADAPT_V1,new_triton,0,24,docs/results/external_rules_02/results.csv,02455a3902b4696e6594624e1eb97be654c56d7934649b5ed0aacac3b71121d0,new_triton,,,,,,,,,,,,,,,,,,,,,,,,,,,
24,24,0,6,18,0,1,23,581.530782,3397.9579664444445,6342.166674,141.86397540791523,True,30.47421306823079,30.47421306823079,16.204222615899656,,,46.191264107,1.828976850999993,11.191264107000002,1.828976850999993,6,2107.71176125,0,158,0,0,0,0.0015266999835148454,0.046200002543628216,resource,immediate_allow,610810001,burst,mean,TRITON_RATE_OFF_FIXED_REQUEST_ADAPT_V1,new_triton,0,24,docs/results/external_rules_02/results.csv,02455a3902b4696e6594624e1eb97be654c56d7934649b5ed0aacac3b71121d0,new_triton,,,,,,,,,,,,,,,,,,,,,,,,,,,
24,24,0,6,18,1,5,18,2260.42055,4854.365459222222,8171.143525,142.4090075510763,True,30.41521786407496,30.41521786407496,14.26560871622905,,,48.020240959,0,11.191264108999988,1.8289768500000108,6,3391.933517541667,0,160,0,0,0,0.0012427996844053268,0.03830005880445242,resource,immediate_allow,610810001,burst,mean,TRITON_RATE_CAP1_EQUAL_REQUEST_ADAPT_V1,new_triton,11,24,docs/results/external_rules_02/results.csv,02455a3902b4696e6594624e1eb97be654c56d7934649b5ed0aacac3b71121d0,new_triton,,,,,,,,,,,,,,,,,,,,,,,,,,,
24,24,0,6,18,0,1,23,581.530782,3397.9579664444445,6342.166674,141.86397540791523,True,30.47421306823079,30.47421306823079,16.204222615899656,,,46.191264107,1.828976850999993,11.191264107000002,1.828976850999993,6,2107.71176125,0,158,0,0,0,0.002138799405656755,0.06919994484633207,resource,immediate_allow,610810001,burst,mean,TRITON_RATE_CAP2_EQUAL_REQUEST_ADAPT_V1,new_triton,0,24,docs/results/external_rules_02/results.csv,02455a3902b4696e6594624e1eb97be654c56d7934649b5ed0aacac3b71121d0,new_triton,,,,,,,,,,,,,,,,,,,,,,,,,,,
24,24,0,6,18,0,5,19,1016.94676,4905.170371722223,8171.143525,142.40900755083624,True,30.416469588875625,30.416469588875625,14.302448204194874,,,48.020240959,0,11.191264107999991,1.8289768510000073,6,3352.3200901666664,0,160,0,0,0,0.0015906001208350062,0.04249997437000275,resource,immediate_allow,610810001,burst,mean,TRITON_RATE_CAP1_CLASS_WEIGHT_REQUEST_ADAPT_V1,new_triton,9,24,docs/results/external_rules_02/results.csv,02455a3902b4696e6594624e1eb97be654c56d7934649b5ed0aacac3b71121d0,new_triton,,,,,,,,,,,,,,,,,,,,,,,,,,,
24,24,0,6,18,0,1,23,581.530782,3397.9579664444445,6342.166674,141.86397540791523,True,30.47421306823079,30.47421306823079,16.204222615899656,,,46.191264107,1.828976850999993,11.191264107000002,1.828976850999993,6,2107.71176125,0,158,0,0,0,0.0015518998261541128,0.042899977415800095,resource,immediate_allow,610810001,burst,mean,TRITON_RATE_CAP2_CLASS_WEIGHT_REQUEST_ADAPT_V1,new_triton,0,24,docs/results/external_rules_02/results.csv,02455a3902b4696e6594624e1eb97be654c56d7934649b5ed0aacac3b71121d0,new_triton,,,,,,,,,,,,,,,,,,,,,,,,,,,
24,24,0,6,18,0,1,23,558.637886,3391.1308274444445,6329.192927,141.84659146205846,True,30.470538985049792,30.470538985049792,16.06305583641058,,,46.178247762,1.782636624999995,11.178247761999998,1.782636624999995,6,2101.8145770833335,0,158,0,0,0,0.0010722005972638726,0.03559992182999849,resource,immediate_allow,610810001,burst,short_context,TRITON_RATE_OFF_FIXED_REQUEST_ADAPT_V1,new_triton,0,24,docs/results/external_rules_02/results.csv,02455a3902b4696e6594624e1eb97be654c56d7934649b5ed0aacac3b71121d0,new_triton,,,,,,,,,,,,,,,,,,,,,,,,,,,
24,24,0,6,18,1,4,19,2210.018759,4810.637769555556,8111.829552,142.3778142918997,True,30.412529928483906,30.412529928483906,14.177371534177595,,,47.960884387,0,11.178247761999998,1.782636625000002,6,3354.1581727083335,0,160,0,0,0,0.0012573004933074117,0.0366999302059412,resource,immediate_allow,610810001,burst,short_context,TRITON_RATE_CAP1_EQUAL_REQUEST_ADAPT_V1,new_triton,11,24,docs/results/external_rules_02/results.csv,02455a3902b4696e6594624e1eb97be654c56d7934649b5ed0aacac3b71121d0,new_triton,,,,,,,,,,,,,,,,,,,,,,,,,,,
24,24,0,6,18,0,1,23,558.637886,3391.1308274444445,6329.192927,141.84659146205846,True,30.470538985049792,30.470538985049792,16.06305583641058,,,46.178247762,1.782636624999995,11.178247761999998,1.782636624999995,6,2101.8145770833335,0,158,0,0,0,0.001085801050066948,0.034100026823580265,resource,immediate_allow,610810001,burst,short_context,TRITON_RATE_CAP2_EQUAL_REQUEST_ADAPT_V1,new_triton,0,24,docs/results/external_rules_02/results.csv,02455a3902b4696e6594624e1eb97be654c56d7934649b5ed0aacac3b71121d0,new_triton,,,,,,,,,,,,,,,,,,,,,,,,,,,
24,24,0,6,18,0,4,20,967.99123,4860.155453611111,8111.829552,142.37781429213976,True,30.41374608947279,30.41374608947279,14.213090528653556,,,47.960884387,0,11.178247763000002,1.7826366239999984,6,3313.6697151666667,0,160,0,0,0,0.001239399891346693,0.034800032153725624,resource,immediate_allow,610810001,burst,short_context,TRITON_RATE_CAP1_CLASS_WEIGHT_REQUEST_ADAPT_V1,new_triton,9,24,docs/results/external_rules_02/results.csv,02455a3902b4696e6594624e1eb97be654c56d7934649b5ed0aacac3b71121d0,new_triton,,,,,,,,,,,,,,,,,,,,,,,,,,,
24,24,0,6,18,0,1,23,558.637886,3391.1308274444445,6329.192927,141.84659146205846,True,30.470538985049792,30.470538985049792,16.06305583641058,,,46.178247762,1.782636624999995,11.178247761999998,1.782636624999995,6,2101.8145770833335,0,158,0,0,0,0.0014230002416297793,0.03930006641894579,resource,immediate_allow,610810001,burst,short_context,TRITON_RATE_CAP2_CLASS_WEIGHT_REQUEST_ADAPT_V1,new_triton,0,24,docs/results/external_rules_02/results.csv,02455a3902b4696e6594624e1eb97be654c56d7934649b5ed0aacac3b71121d0,new_triton,,,,,,,,,,,,,,,,,,,,,,,,,,,
24,24,0,6,18,0,1,23,604.423678,3404.457705611111,6354.485911,141.8808655094617,True,30.47789024962048,30.47789024962048,16.343794720406436,,,46.203587751,1.8753170779999948,11.203587751,1.8753170779999948,6,2113.363613416667,0,158,0,0,0,0.001173399854451418,0.04320009611546993,resource,immediate_allow,610810001,burst,long_context,TRITON_RATE_OFF_FIXED_REQUEST_ADAPT_V1,new_triton,0,24,docs/results/external_rules_02/results.csv,02455a3902b4696e6594624e1eb97be654c56d7934649b5ed0aacac3b71121d0,new_triton,,,,,,,,,,,,,,,,,,,,,,,,,,,
24,24,0,6,18,2,5,17,2310.59144,4897.765748944445,8229.802989,142.43970696386177,True,30.41302557604879,30.41302557604879,14.347673049772961,,,48.078904828,0,11.203587750999986,1.8753170770000125,6,3429.42825425,0,160,0,0,0,0.0016439000610262156,0.06590003613382578,resource,immediate_allow,610810001,burst,long_context,TRITON_RATE_CAP1_EQUAL_REQUEST_ADAPT_V1,new_triton,11,24,docs/results/external_rules_02/results.csv,02455a3902b4696e6594624e1eb97be654c56d7934649b5ed0aacac3b71121d0,new_triton,,,,,,,,,,,,,,,,,,,,,,,,,,,
24,24,0,6,18,0,1,23,604.423678,3404.457705611111,6354.485911,141.8808655094617,True,30.47789024962048,30.47789024962048,16.343794720406436,,,46.203587751,1.8753170779999948,11.203587751,1.8753170779999948,6,2113.363613416667,0,158,0,0,0,0.0013939995551481843,0.03890006337314844,resource,immediate_allow,610810001,burst,long_context,TRITON_RATE_CAP2_EQUAL_REQUEST_ADAPT_V1,new_triton,0,24,docs/results/external_rules_02/results.csv,02455a3902b4696e6594624e1eb97be654c56d7934649b5ed0aacac3b71121d0,new_triton,,,,,,,,,,,,,,,,,,,,,,,,,,,
24,24,0,6,18,0,5,19,1065.748357,4949.857890055556,8229.802989,142.43970696362172,True,30.41431298539197,30.41431298539197,14.385562768807269,,,48.078904828,0,11.203587749999997,1.875317078000002,6,3390.6946672916665,0,160,0,0,0,0.0012300002854317427,0.033400021493434906,resource,immediate_allow,610810001,burst,long_context,TRITON_RATE_CAP1_CLASS_WEIGHT_REQUEST_ADAPT_V1,new_triton,9,24,docs/results/external_rules_02/results.csv,02455a3902b4696e6594624e1eb97be654c56d7934649b5ed0aacac3b71121d0,new_triton,,,,,,,,,,,,,,,,,,,,,,,,,,,
24,24,0,6,18,0,1,23,604.423678,3404.457705611111,6354.485911,141.8808655094617,True,30.47789024962048,30.47789024962048,16.343794720406436,,,46.203587751,1.8753170779999948,11.203587751,1.8753170779999948,6,2113.363613416667,0,158,0,0,0,0.0015702997334301472,0.04870002157986164,resource,immediate_allow,610810001,burst,long_context,TRITON_RATE_CAP2_CLASS_WEIGHT_REQUEST_ADAPT_V1,new_triton,0,24,docs/results/external_rules_02/results.csv,02455a3902b4696e6594624e1eb97be654c56d7934649b5ed0aacac3b71121d0,new_triton,,,,,,,,,,,,,,,,,,,,,,,,,,,
192,192,0,96,96,0,0,192,294.054635,893.79542125,1519.132327,184.9064519001025,True,32.36723345420048,32.36723345420048,197.7767537885427,,,112.840072788,16.945247947999917,59.68674191100004,29.263629599999923,96,137.16198903125,0,524,0,0,0,0.004570398246869445,0.04139996599406004,resource,immediate_allow,610810001,sustained,mean,TRITON_RATE_OFF_FIXED_REQUEST_ADAPT_V1,new_triton,0,192,docs/results/external_rules_02/results.csv,02455a3902b4696e6594624e1eb97be654c56d7934649b5ed0aacac3b71121d0,new_triton,,,,,,,,,,,,,,,,,,,,,,,,,,,
192,183,9,96,96,87,62,43,12538.471828,6263.109174516484,10483.942033,187.31974861061383,False,,31.80143945973898,,,,,0,56.79757294799997,28.044311721000028,92,5926.7016519945655,85.627449984,1264,0,0,0,0.02010569942649454,0.2832000609487295,resource,immediate_allow,610810001,sustained,mean,TRITON_RATE_CAP1_EQUAL_REQUEST_ADAPT_V1,new_triton,181,183,docs/results/external_rules_02/results.csv,02455a3902b4696e6594624e1eb97be654c56d7934649b5ed0aacac3b71121d0,new_triton,,,,,,,,,,,,,,,,,,,,,,,,,,,
192,192,0,96,96,0,0,192,294.054635,893.79542125,1519.132327,184.9064519001025,True,32.36723345420048,32.36723345420048,197.7767537885427,,,112.840072788,16.945247947999917,59.68674191100004,29.263629599999923,96,137.16198903125,0,524,0,0,0,0.006230798549950123,0.3667999990284443,resource,immediate_allow,610810001,sustained,mean,TRITON_RATE_CAP2_EQUAL_REQUEST_ADAPT_V1,new_triton,0,192,docs/results/external_rules_02/results.csv,02455a3902b4696e6594624e1eb97be654c56d7934649b5ed0aacac3b71121d0,new_triton,,,,,,,,,,,,,,,,,,,,,,,,,,,
192,185,7,96,96,0,71,121,871.379046,9347.481877550561,15558.496532,187.02706167814338,False,,31.923476780385244,,,,,0,55.578255049,29.263629619999996,96,4398.872477983871,60.532755992000006,1274,0,0,0,0.013385301106609404,0.23129989858716726,resource,immediate_allow,610810001,sustained,mean,TRITON_RATE_CAP1_CLASS_WEIGHT_REQUEST_ADAPT_V1,new_triton,145,185,docs/results/external_rules_02/results.csv,02455a3902b4696e6594624e1eb97be654c56d7934649b5ed0aacac3b71121d0,new_triton,,,,,,,,,,,,,,,,,,,,,,,,,,,
192,192,0,96,96,0,0,192,294.054635,893.79542125,1519.132327,184.9064519001025,True,32.36723345420048,32.36723345420048,197.7767537885427,,,112.840072788,16.945247947999917,59.68674191100004,29.263629599999923,96,137.16198903125,0,524,0,0,0,0.007531500305049121,0.08519995026290417,resource,immediate_allow,610810001,sustained,mean,TRITON_RATE_CAP2_CLASS_WEIGHT_REQUEST_ADAPT_V1,new_triton,0,192,docs/results/external_rules_02/results.csv,02455a3902b4696e6594624e1eb97be654c56d7934649b5ed0aacac3b71121d0,new_triton,,,,,,,,,,,,,,,,,,,,,,,,,,,
192,192,0,96,96,0,0,192,286.608481,891.6686293125,1515.559274,184.59975809031286,True,32.347356743339745,32.347356743339745,196.32067150470863,,,112.833564615,16.631773212999924,59.61732140900003,28.52218598399989,96,136.43885873958334,0,524,0,0,0,0.006605998147279024,0.2525999443605542,resource,immediate_allow,610810001,sustained,short_context,TRITON_RATE_OFF_FIXED_REQUEST_ADAPT_V1,new_triton,0,192,docs/results/external_rules_02/results.csv,02455a3902b4696e6594624e1eb97be654c56d7934649b5ed0aacac3b71121d0,new_triton,,,,,,,,,,,,,,,,,,,,,,,,,,,
192,185,7,96,96,87,58,47,12184.950817,5942.828945402174,10076.505769,187.40797996610323,False,,31.805935439540015,,,,,0,57.19557024000003,27.63086768699997,93,5622.247712715054,61.319134520000006,1276,0,0,0,0.023301798501051962,0.40630006697028875,resource,immediate_allow,610810001,sustained,short_context,TRITON_RATE_CAP1_EQUAL_REQUEST_ADAPT_V1,new_triton,183,185,docs/results/external_rules_02/results.csv,02455a3902b4696e6594624e1eb97be654c56d7934649b5ed0aacac3b71121d0,new_triton,,,,,,,,,,,,,,,,,,,,,,,,,,,
192,192,0,96,96,0,0,192,286.608481,891.6686293125,1515.559274,184.59975809031286,True,32.347356743339745,32.347356743339745,196.32067150470863,,,112.833564615,16.631773212999924,59.61732140900003,28.52218598399989,96,136.43885873958334,0,524,0,0,0,0.007102100411430001,0.12839992996305227,resource,immediate_allow,610810001,sustained,short_context,TRITON_RATE_CAP2_EQUAL_REQUEST_ADAPT_V1,new_triton,0,192,docs/results/external_rules_02/results.csv,02455a3902b4696e6594624e1eb97be654c56d7934649b5ed0aacac3b71121d0,new_triton,,,,,,,,,,,,,,,,,,,,,,,,,,,
192,186,6,96,96,0,71,121,870.355568,8752.331463455555,14795.200482,187.19402655447522,False,,31.933105119597798,,,,,0,56.304251922000006,28.522186004999995,96,4117.821206893048,48.98162784,1280,0,0,0,0.018859400297515094,0.18780003301799297,resource,immediate_allow,610810001,sustained,short_context,TRITON_RATE_CAP1_CLASS_WEIGHT_REQUEST_ADAPT_V1,new_triton,144,186,docs/results/external_rules_02/results.csv,02455a3902b4696e6594624e1eb97be654c56d7934649b5ed0aacac3b71121d0,new_triton,,,,,,,,,,,,,,,,,,,,,,,,,,,
192,192,0,96,96,0,0,192,286.608481,891.6686293125,1515.559274,184.59975809031286,True,32.347356743339745,32.347356743339745,196.32067150470863,,,112.833564615,16.631773212999924,59.61732140900003,28.52218598399989,96,136.43885873958334,0,524,0,0,0,0.006668901769444346,0.28929999098181725,resource,immediate_allow,610810001,sustained,short_context,TRITON_RATE_CAP2_CLASS_WEIGHT_REQUEST_ADAPT_V1,new_triton,0,192,docs/results/external_rules_02/results.csv,02455a3902b4696e6594624e1eb97be654c56d7934649b5ed0aacac3b71121d0,new_triton,,,,,,,,,,,,,,,,,,,,,,,,,,,
192,192,0,96,96,0,0,192,301.500789,895.8449559166667,1522.551155,185.21107380478423,True,32.3869447923245,32.3869447923245,199.21938832848338,,,112.846234609,17.256836999999983,59.75246801000005,30.005073215999957,96,137.84663586458333,0,522,0,0,0,0.010820899973623455,0.1105000264942646,resource,immediate_allow,610810001,sustained,long_context,TRITON_RATE_OFF_FIXED_REQUEST_ADAPT_V1,new_triton,0,192,docs/results/external_rules_02/results.csv,02455a3902b4696e6594624e1eb97be654c56d7934649b5ed0aacac3b71121d0,new_triton,,,,,,,,,,,,,,,,,,,,,,,,,,,
192,181,11,96,96,88,66,38,13111.953433,6578.0048242777775,11083.094575,187.23522510076546,False,,31.797640777197714,,,,,0,56.415022339999965,28.44230907100004,91,6222.824546868132,111.163013264,1252,0,0,0,0.02272709913086146,0.2554000820964575,resource,immediate_allow,610810001,sustained,long_context,TRITON_RATE_CAP1_EQUAL_REQUEST_ADAPT_V1,new_triton,179,181,docs/results/external_rules_02/results.csv,02455a3902b4696e6594624e1eb97be654c56d7934649b5ed0aacac3b71121d0,new_triton,,,,,,,,,,,,,,,,,,,,,,,,,,,
192,192,0,96,96,0,0,192,301.500789,895.8449559166667,1522.551155,185.21107380478423,True,32.3869447923245,32.3869447923245,199.21938832848338,,,112.846234609,17.256836999999983,59.75246801000005,30.005073215999957,96,137.84663586458333,0,522,0,0,0,0.008714101160876453,0.3285000566393137,resource,immediate_allow,610810001,sustained,long_context,TRITON_RATE_CAP2_EQUAL_REQUEST_ADAPT_V1,new_triton,0,192,docs/results/external_rules_02/results.csv,02455a3902b4696e6594624e1eb97be654c56d7934649b5ed0aacac3b71121d0,new_triton,,,,,,,,,,,,,,,,,,,,,,,,,,,
192,184,8,96,96,0,72,120,911.361947,9944.747559477273,16612.120562,186.86009680109146,False,,31.913299051376878,,,,,0,54.852258173000074,30.00507323799993,96,4679.897302902703,72.469874838,1270,0,0,0,0.026446599862538278,0.582600012421608,resource,immediate_allow,610810001,sustained,long_context,TRITON_RATE_CAP1_CLASS_WEIGHT_REQUEST_ADAPT_V1,new_triton,144,184,docs/results/external_rules_02/results.csv,02455a3902b4696e6594624e1eb97be654c56d7934649b5ed0aacac3b71121d0,new_triton,,,,,,,,,,,,,,,,,,,,,,,,,,,
192,192,0,96,96,0,0,192,301.500789,895.8449559166667,1522.551155,185.21107380478423,True,32.3869447923245,32.3869447923245,199.21938832848338,,,112.846234609,17.256836999999983,59.75246801000005,30.005073215999957,96,137.84663586458333,0,522,0,0,0,0.005590498331002891,0.05039991810917854,resource,immediate_allow,610810001,sustained,long_context,TRITON_RATE_CAP2_CLASS_WEIGHT_REQUEST_ADAPT_V1,new_triton,0,192,docs/results/external_rules_02/results.csv,02455a3902b4696e6594624e1eb97be654c56d7934649b5ed0aacac3b71121d0,new_triton,,,,,,,,,,,,,,,,,,,,,,,,,,,
24,24,0,6,18,0,0,24,294.054635,619.471443,619.471443,142.40900755178922,True,30.255854908113353,30.255854908113353,15.04618783033796,,,62.934476693,0,11.191264110000013,1.8289768499999965,6,0.0,0,24,0,0,0,0.0005863001570105553,0.0366999302059412,resource,immediate_allow,610810002,low,mean,TRITON_RATE_OFF_FIXED_REQUEST_ADAPT_V1,new_triton,0,24,docs/results/external_rules_02/results.csv,02455a3902b4696e6594624e1eb97be654c56d7934649b5ed0aacac3b71121d0,new_triton,,,,,,,,,,,,,,,,,,,,,,,,,,,
24,24,0,6,18,0,0,24,294.054635,619.471443,619.471443,142.40900755178922,True,30.255854908113353,30.255854908113353,15.04618783033796,,,62.934476693,0,11.191264110000013,1.8289768499999965,6,0.0,0,24,0,0,0,0.001031499938108027,0.10259996633976698,resource,immediate_allow,610810002,low,mean,TRITON_RATE_CAP1_EQUAL_REQUEST_ADAPT_V1,new_triton,0,24,docs/results/external_rules_02/results.csv,02455a3902b4696e6594624e1eb97be654c56d7934649b5ed0aacac3b71121d0,new_triton,,,,,,,,,,,,,,,,,,,,,,,,,,,
24,24,0,6,18,0,0,24,294.054635,619.471443,619.471443,142.40900755178922,True,30.255854908113353,30.255854908113353,15.04618783033796,,,62.934476693,0,11.191264110000013,1.8289768499999965,6,0.0,0,24,0,0,0,0.0013266997411847115,0.08549995254725218,resource,immediate_allow,610810002,low,mean,TRITON_RATE_CAP2_EQUAL_REQUEST_ADAPT_V1,new_triton,0,24,docs/results/external_rules_02/results.csv,02455a3902b4696e6594624e1eb97be654c56d7934649b5ed0aacac3b71121d0,new_triton,,,,,,,,,,,,,,,,,,,,,,,,,,,
24,24,0,6,18,0,0,24,294.054635,619.471443,619.471443,142.40900755178922,True,30.255854908113353,30.255854908113353,15.04618783033796,,,62.934476693,0,11.191264110000013,1.8289768499999965,6,0.0,0,24,0,0,0,0.0007333001121878624,0.04650000482797623,resource,immediate_allow,610810002,low,mean,TRITON_RATE_CAP1_CLASS_WEIGHT_REQUEST_ADAPT_V1,new_triton,0,24,docs/results/external_rules_02/results.csv,02455a3902b4696e6594624e1eb97be654c56d7934649b5ed0aacac3b71121d0,new_triton,,,,,,,,,,,,,,,,,,,,,,,,,,,
24,24,0,6,18,0,0,24,294.054635,619.471443,619.471443,142.40900755178922,True,30.255854908113353,30.255854908113353,15.04618783033796,,,62.934476693,0,11.191264110000013,1.8289768499999965,6,0.0,0,24,0,0,0,0.0010919001651927829,0.04980002995580435,resource,immediate_allow,610810002,low,mean,TRITON_RATE_CAP2_CLASS_WEIGHT_REQUEST_ADAPT_V1,new_triton,0,24,docs/results/external_rules_02/results.csv,02455a3902b4696e6594624e1eb97be654c56d7934649b5ed0aacac3b71121d0,new_triton,,,,,,,,,,,,,,,,,,,,,,,,,,,
24,24,0,6,18,0,0,24,286.608481,618.790912,618.790912,142.37781429713024,True,30.25380477084205,30.25380477084205,14.964354155159555,,,62.926753322,0,11.178247770000006,1.7826366239999984,6,0.0,0,24,0,0,0,0.0008305994560942054,0.05789997521787882,resource,immediate_allow,610810002,low,short_context,TRITON_RATE_OFF_FIXED_REQUEST_ADAPT_V1,new_triton,0,24,docs/results/external_rules_02/results.csv,02455a3902b4696e6594624e1eb97be654c56d7934649b5ed0aacac3b71121d0,new_triton,,,,,,,,,,,,,,,,,,,,,,,,,,,
24,24,0,6,18,0,0,24,286.608481,618.790912,618.790912,142.37781429713024,True,30.25380477084205,30.25380477084205,14.964354155159555,,,62.926753322,0,11.178247770000006,1.7826366239999984,6,0.0,0,24,0,0,0,0.0011413999600335956,0.08020002860575914,resource,immediate_allow,610810002,low,short_context,TRITON_RATE_CAP1_EQUAL_REQUEST_ADAPT_V1,new_triton,0,24,docs/results/external_rules_02/results.csv,02455a3902b4696e6594624e1eb97be654c56d7934649b5ed0aacac3b71121d0,new_triton,,,,,,,,,,,,,,,,,,,,,,,,,,,
24,24,0,6,18,0,0,24,286.608481,618.790912,618.790912,142.37781429713024,True,30.25380477084205,30.25380477084205,14.964354155159555,,,62.926753322,0,11.178247770000006,1.7826366239999984,6,0.0,0,24,0,0,0,0.0009979000315070152,0.07770000956952572,resource,immediate_allow,610810002,low,short_context,TRITON_RATE_CAP2_EQUAL_REQUEST_ADAPT_V1,new_triton,0,24,docs/results/external_rules_02/results.csv,02455a3902b4696e6594624e1eb97be654c56d7934649b5ed0aacac3b71121d0,new_triton,,,,,,,,,,,,,,,,,,,,,,,,,,,
24,24,0,6,18,0,0,24,286.608481,618.790912,618.790912,142.37781429713024,True,30.25380477084205,30.25380477084205,14.964354155159555,,,62.926753322,0,11.178247770000006,1.7826366239999984,6,0.0,0,24,0,0,0,0.0008388992864638567,0.04980002995580435,resource,immediate_allow,610810002,low,short_context,TRITON_RATE_CAP1_CLASS_WEIGHT_REQUEST_ADAPT_V1,new_triton,0,24,docs/results/external_rules_02/results.csv,02455a3902b4696e6594624e1eb97be654c56d7934649b5ed0aacac3b71121d0,new_triton,,,,,,,,,,,,,,,,,,,,,,,,,,,
24,24,0,6,18,0,0,24,286.608481,618.790912,618.790912,142.37781429713024,True,30.25380477084205,30.25380477084205,14.964354155159555,,,62.926753322,0,11.178247770000006,1.7826366239999984,6,0.0,0,24,0,0,0,0.0006779003888368607,0.03390002530068159,resource,immediate_allow,610810002,low,short_context,TRITON_RATE_CAP2_CLASS_WEIGHT_REQUEST_ADAPT_V1,new_triton,0,24,docs/results/external_rules_02/results.csv,02455a3902b4696e6594624e1eb97be654c56d7934649b5ed0aacac3b71121d0,new_triton,,,,,,,,,,,,,,,,,,,,,,,,,,,
24,24,0,6,18,0,0,24,301.500789,620.151684,620.151684,142.4397069669535,True,30.257859867233154,30.257859867233154,15.125979973924803,,,62.942200064,0,11.203587756000019,1.8753170759999946,6,0.0,0,24,0,0,0,0.001707800547592342,0.11380005162209272,resource,immediate_allow,610810002,low,long_context,TRITON_RATE_OFF_FIXED_REQUEST_ADAPT_V1,new_triton,0,24,docs/results/external_rules_02/results.csv,02455a3902b4696e6594624e1eb97be654c56d7934649b5ed0aacac3b71121d0,new_triton,,,,,,,,,,,,,,,,,,,,,,,,,,,
24,24,0,6,18,0,0,24,301.500789,620.151684,620.151684,142.4397069669535,True,30.257859867233154,30.257859867233154,15.125979973924803,,,62.942200064,0,11.203587756000019,1.8753170759999946,6,0.0,0,24,0,0,0,0.001389500219374895,0.07039995398372412,resource,immediate_allow,610810002,low,long_context,TRITON_RATE_CAP1_EQUAL_REQUEST_ADAPT_V1,new_triton,0,24,docs/results/external_rules_02/results.csv,02455a3902b4696e6594624e1eb97be654c56d7934649b5ed0aacac3b71121d0,new_triton,,,,,,,,,,,,,,,,,,,,,,,,,,,
24,24,0,6,18,0,0,24,301.500789,620.151684,620.151684,142.4397069669535,True,30.257859867233154,30.257859867233154,15.125979973924803,,,62.942200064,0,11.203587756000019,1.8753170759999946,6,0.0,0,24,0,0,0,0.0011605002218857408,0.07619999814778566,resource,immediate_allow,610810002,low,long_context,TRITON_RATE_CAP2_EQUAL_REQUEST_ADAPT_V1,new_triton,0,24,docs/results/external_rules_02/results.csv,02455a3902b4696e6594624e1eb97be654c56d7934649b5ed0aacac3b71121d0,new_triton,,,,,,,,,,,,,,,,,,,,,,,,,,,
24,24,0,6,18,0,0,24,301.500789,620.151684,620.151684,142.4397069669535,True,30.257859867233154,30.257859867233154,15.125979973924803,,,62.942200064,0,11.203587756000019,1.8753170759999946,6,0.0,0,24,0,0,0,0.0009293999755755067,0.057999975979328156,resource,immediate_allow,610810002,low,long_context,TRITON_RATE_CAP1_CLASS_WEIGHT_REQUEST_ADAPT_V1,new_triton,0,24,docs/results/external_rules_02/results.csv,02455a3902b4696e6594624e1eb97be654c56d7934649b5ed0aacac3b71121d0,new_triton,,,,,,,,,,,,,,,,,,,,,,,,,,,
24,24,0,6,18,0,0,24,301.500789,620.151684,620.151684,142.4397069669535,True,30.257859867233154,30.257859867233154,15.125979973924803,,,62.942200064,0,11.203587756000019,1.8753170759999946,6,0.0,0,24,0,0,0,0.0007518996717408299,0.03759993705898523,resource,immediate_allow,610810002,low,long_context,TRITON_RATE_CAP2_CLASS_WEIGHT_REQUEST_ADAPT_V1,new_triton,0,24,docs/results/external_rules_02/results.csv,02455a3902b4696e6594624e1eb97be654c56d7934649b5ed0aacac3b71121d0,new_triton,,,,,,,,,,,,,,,,,,,,,,,,,,,
24,24,0,6,18,0,2,22,394.190655,3732.4159400555554,6562.296215,141.86397540791523,True,30.477513368449802,30.477513368449802,16.261774161630598,,,46.191264107,1.8289768510000002,11.191264107000002,1.8289768510000002,6,2339.570908875,0,160,0,0,0,0.005128899938426912,0.24040008429437876,resource,immediate_allow,610810002,queue,mean,TRITON_RATE_OFF_FIXED_REQUEST_ADAPT_V1,new_triton,0,24,docs/results/external_rules_02/results.csv,02455a3902b4696e6594624e1eb97be654c56d7934649b5ed0aacac3b71121d0,new_triton,,,,,,,,,,,,,,,,,,,,,,,,,,,
24,24,0,6,18,1,8,15,1528.366924,5138.018520222222,8391.273066,142.4090075510763,True,30.414071995692648,30.414071995692648,14.23188468642768,,,48.020240959,0,11.191264109000002,1.8289768499999965,6,3538.072695375,0,160,0,0,0,0.005771300871856511,0.10480009950697422,resource,immediate_allow,610810002,queue,mean,TRITON_RATE_CAP1_EQUAL_REQUEST_ADAPT_V1,new_triton,11,24,docs/results/external_rules_02/results.csv,02455a3902b4696e6594624e1eb97be654c56d7934649b5ed0aacac3b71121d0,new_triton,,,,,,,,,,,,,,,,,,,,,,,,,,,
24,24,0,6,18,0,2,22,394.190655,3732.4159400555554,6562.296215,141.86397540791523,True,30.477513368449802,30.477513368449802,16.261774161630598,,,46.191264107,1.8289768510000002,11.191264107000002,1.8289768510000002,6,2339.570908875,0,160,0,0,0,0.0016865001525729895,0.05310005508363247,resource,immediate_allow,610810002,queue,mean,TRITON_RATE_CAP2_EQUAL_REQUEST_ADAPT_V1,new_triton,0,24,docs/results/external_rules_02/results.csv,02455a3902b4696e6594624e1eb97be654c56d7934649b5ed0aacac3b71121d0,new_triton,,,,,,,,,,,,,,,,,,,,,,,,,,,
24,24,0,6,18,0,8,16,990.201198,5154.953491055556,8391.273066,142.40900755083624,True,30.414499179334243,30.414499179334243,14.24445711977366,,,48.020240959,0,11.191264108000006,1.828976850999993,6,3524.8682195833335,0,160,0,0,0,0.0016651001060381532,0.06799993570894003,resource,immediate_allow,610810002,queue,mean,TRITON_RATE_CAP1_CLASS_WEIGHT_REQUEST_ADAPT_V1,new_triton,10,24,docs/results/external_rules_02/results.csv,02455a3902b4696e6594624e1eb97be654c56d7934649b5ed0aacac3b71121d0,new_triton,,,,,,,,,,,,,,,,,,,,,,,,,,,
24,24,0,6,18,0,2,22,394.190655,3732.4159400555554,6562.296215,141.86397540791523,True,30.477513368449802,30.477513368449802,16.261774161630598,,,46.191264107,1.8289768510000002,11.191264107000002,1.8289768510000002,6,2339.570908875,0,160,0,0,0,0.004302799003198743,0.1078000059351325,resource,immediate_allow,610810002,queue,mean,TRITON_RATE_CAP2_CLASS_WEIGHT_REQUEST_ADAPT_V1,new_triton,0,24,docs/results/external_rules_02/results.csv,02455a3902b4696e6594624e1eb97be654c56d7934649b5ed0aacac3b71121d0,new_triton,,,,,,,,,,,,,,,,,,,,,,,,,,,
24,24,0,6,18,0,2,22,379.02113,3725.5888010555555,6549.322468,141.84659146205846,True,30.47376265419951,30.47376265419951,16.12106456881407,,,46.178247762,1.782636625000002,11.178247761999998,1.782636625000002,6,2333.995531833333,0,160,0,0,0,0.0018201000057160854,0.05879998207092285,resource,immediate_allow,610810002,queue,short_context,TRITON_RATE_OFF_FIXED_REQUEST_ADAPT_V1,new_triton,0,24,docs/results/external_rules_02/results.csv,02455a3902b4696e6594624e1eb97be654c56d7934649b5ed0aacac3b71121d0,new_triton,,,,,,,,,,,,,,,,,,,,,,,,,,,
24,24,0,6,18,0,8,16,1477.965133,5095.5780591111115,8331.959093,142.3778142918997,True,30.41141539466917,30.41141539466917,14.144637358738876,,,47.960884387,0,11.178247761999998,1.782636625000002,6,3501.1723805833335,0,160,0,0,0,0.0025059995241463184,0.08449994493275881,resource,immediate_allow,610810002,queue,short_context,TRITON_RATE_CAP1_EQUAL_REQUEST_ADAPT_V1,new_triton,11,24,docs/results/external_rules_02/results.csv,02455a3902b4696e6594624e1eb97be654c56d7934649b5ed0aacac3b71121d0,new_triton,,,,,,,,,,,,,,,,,,,,,,,,,,,
24,24,0,6,18,0,2,22,379.02113,3725.5888010555555,6549.322468,141.84659146205846,True,30.47376265419951,30.47376265419951,16.12106456881407,,,46.178247762,1.782636625000002,11.178247761999998,1.782636625000002,6,2333.995531833333,0,160,0,0,0,0.0031511998968198895,0.08560006972402334,resource,immediate_allow,610810002,queue,short_context,TRITON_RATE_CAP2_EQUAL_REQUEST_ADAPT_V1,new_triton,0,24,docs/results/external_rules_02/results.csv,02455a3902b4696e6594624e1eb97be654c56d7934649b5ed0aacac3b71121d0,new_triton,,,,,,,,,,,,,,,,,,,,,,,,,,,
24,24,0,6,18,0,8,16,948.245908,5112.083953833333,8331.959093,142.3778142918997,True,30.411830384011107,30.411830384011107,14.156825713856069,,,47.960884387,0,11.178247761999998,1.782636625000002,6,3487.676228083333,0,160,0,0,0,0.0031230992171913385,0.08519995026290417,resource,immediate_allow,610810002,queue,short_context,TRITON_RATE_CAP1_CLASS_WEIGHT_REQUEST_ADAPT_V1,new_triton,10,24,docs/results/external_rules_02/results.csv,02455a3902b4696e6594624e1eb97be654c56d7934649b5ed0aacac3b71121d0,new_triton,,,,,,,,,,,,,,,,,,,,,,,,,,,
24,24,0,6,18,0,2,22,379.02113,3725.5888010555555,6549.322468,141.84659146205846,True,30.47376265419951,30.47376265419951,16.12106456881407,,,46.178247762,1.782636625000002,11.178247761999998,1.782636625000002,6,2333.995531833333,0,160,0,0,0,0.0016493002185598016,0.08089991752058268,resource,immediate_allow,610810002,queue,short_context,TRITON_RATE_CAP2_CLASS_WEIGHT_REQUEST_ADAPT_V1,new_triton,0,24,docs/results/external_rules_02/results.csv,02455a3902b4696e6594624e1eb97be654c56d7934649b5ed0aacac3b71121d0,new_triton,,,,,,,,,,,,,,,,,,,,,,,,,,,
24,24,0,6,18,0,2,22,409.36018,3738.915679222222,6574.615452,141.88086550928682,True,30.4812668121707,30.4812668121707,16.401062267065612,,,46.203587751,1.8753170770000054,11.203587751,1.8753170770000054,6,2344.900953916667,0,160,0,0,0,0.003893300541676581,0.15750003512948751,resource,immediate_allow,610810002,queue,long_context,TRITON_RATE_OFF_FIXED_REQUEST_ADAPT_V1,new_triton,0,24,docs/results/external_rules_02/results.csv,02455a3902b4696e6594624e1eb97be654c56d7934649b5ed0aacac3b71121d0,new_triton,,,,,,,,,,,,,,,,,,,,,,,,,,,
24,24,0,6,18,1,8,15,1578.537814,5197.495628555555,8449.93253,142.43970696338167,True,30.41226327925173,30.41226327925173,14.325237907745965,,,48.078904828,0,11.203587748999993,1.8753170790000055,6,3561.7763958333335,0,160,0,0,0,0.003310398547910154,0.08940009865909815,resource,immediate_allow,610810002,queue,long_context,TRITON_RATE_CAP1_EQUAL_REQUEST_ADAPT_V1,new_triton,11,24,docs/results/external_rules_02/results.csv,02455a3902b4696e6594624e1eb97be654c56d7934649b5ed0aacac3b71121d0,new_triton,,,,,,,,,,,,,,,,,,,,,,,,,,,
24,24,0,6,18,0,2,22,409.36018,3738.915679222222,6574.615452,141.88086550928682,True,30.4812668121707,30.4812668121707,16.401062267065612,,,46.203587751,1.8753170770000054,11.203587751,1.8753170770000054,6,2344.900953916667,0,160,0,0,0,0.0014960004482418299,0.04079996142536402,resource,immediate_allow,610810002,queue,long_context,TRITON_RATE_CAP2_EQUAL_REQUEST_ADAPT_V1,new_triton,0,24,docs/results/external_rules_02/results.csv,02455a3902b4696e6594624e1eb97be654c56d7934649b5ed0aacac3b71121d0,new_triton,,,,,,,,,,,,,,,,,,,,,,,,,,,
24,24,0,6,18,0,8,16,788.23701,5249.587769666667,8449.93253,142.43970696314165,True,30.413550688594917,30.413550688594917,14.363127626780237,,,48.078904828,0,11.203587748000004,1.875317079999995,6,3523.042808875,0,160,0,0,0,0.0025809004437178373,0.08029991295188665,resource,immediate_allow,610810002,queue,long_context,TRITON_RATE_CAP1_CLASS_WEIGHT_REQUEST_ADAPT_V1,new_triton,9,24,docs/results/external_rules_02/results.csv,02455a3902b4696e6594624e1eb97be654c56d7934649b5ed0aacac3b71121d0,new_triton,,,,,,,,,,,,,,,,,,,,,,,,,,,
24,24,0,6,18,0,2,22,409.36018,3738.915679222222,6574.615452,141.88086550928682,True,30.4812668121707,30.4812668121707,16.401062267065612,,,46.203587751,1.8753170770000054,11.203587751,1.8753170770000054,6,2344.900953916667,0,160,0,0,0,0.0036281003849580884,0.09560002945363522,resource,immediate_allow,610810002,queue,long_context,TRITON_RATE_CAP2_CLASS_WEIGHT_REQUEST_ADAPT_V1,new_triton,0,24,docs/results/external_rules_02/results.csv,02455a3902b4696e6594624e1eb97be654c56d7934649b5ed0aacac3b71121d0,new_triton,,,,,,,,,,,,,,,,,,,,,,,,,,,
24,24,0,6,18,0,1,23,516.019971,3411.2099524444443,6342.786048,141.86397540774033,True,30.474444883616865,30.474444883616865,16.166329248512653,,,46.191264107,1.8289768499999894,11.191264107000002,1.8289768499999894,6,2108.9045622916665,0,160,0,0,0,0.0030708990525454283,0.1191999763250351,resource,immediate_allow,610810002,burst,mean,TRITON_RATE_OFF_FIXED_REQUEST_ADAPT_V1,new_triton,0,24,docs/results/external_rules_02/results.csv,02455a3902b4696e6594624e1eb97be654c56d7934649b5ed0aacac3b71121d0,new_triton,,,,,,,,,,,,,,,,,,,,,,,,,,,
24,24,0,6,18,1,7,16,1515.125062,4884.552416111111,8171.762899,142.4090075510763,True,30.415588616283127,30.415588616283127,14.27652031716865,,,48.020240959,0,11.191264108999988,1.8289768500000108,6,3378.8019875833334,0,160,0,0,0,0.004221399896778166,0.11760008055716753,resource,immediate_allow,610810002,burst,mean,TRITON_RATE_CAP1_EQUAL_REQUEST_ADAPT_V1,new_triton,12,24,docs/results/external_rules_02/results.csv,02455a3902b4696e6594624e1eb97be654c56d7934649b5ed0aacac3b71121d0,new_triton,,,,,,,,,,,,,,,,,,,,,,,,,,,
24,24,0,6,18,0,1,23,516.019971,3411.2099524444443,6342.786048,141.86397540774033,True,30.474444883616865,30.474444883616865,16.166329248512653,,,46.191264107,1.8289768499999894,11.191264107000002,1.8289768499999894,6,2108.9045622916665,0,160,0,0,0,0.003967899829149246,0.13269996270537376,resource,immediate_allow,610810002,burst,mean,TRITON_RATE_CAP2_EQUAL_REQUEST_ADAPT_V1,new_triton,0,24,docs/results/external_rules_02/results.csv,02455a3902b4696e6594624e1eb97be654c56d7934649b5ed0aacac3b71121d0,new_triton,,,,,,,,,,,,,,,,,,,,,,,,,,,
24,24,0,6,18,0,7,17,893.388167,4935.357328666667,8171.762899,142.40900755083624,True,30.416734294524254,30.416734294524254,14.310238750928391,,,48.020240959,0,11.191264107999999,1.8289768510000002,6,3339.188560125,0,160,0,0,0,0.004664199193939567,0.10980002116411924,resource,immediate_allow,610810002,burst,mean,TRITON_RATE_CAP1_CLASS_WEIGHT_REQUEST_ADAPT_V1,new_triton,10,24,docs/results/external_rules_02/results.csv,02455a3902b4696e6594624e1eb97be654c56d7934649b5ed0aacac3b71121d0,new_triton,,,,,,,,,,,,,,,,,,,,,,,,,,,
24,24,0,6,18,0,1,23,516.019971,3411.2099524444443,6342.786048,141.86397540774033,True,30.474444883616865,30.474444883616865,16.166329248512653,,,46.191264107,1.8289768499999894,11.191264107000002,1.8289768499999894,6,2108.9045622916665,0,160,0,0,0,0.002044200897216797,0.06049999501556158,resource,immediate_allow,610810002,burst,mean,TRITON_RATE_CAP2_CLASS_WEIGHT_REQUEST_ADAPT_V1,new_triton,0,24,docs/results/external_rules_02/results.csv,02455a3902b4696e6594624e1eb97be654c56d7934649b5ed0aacac3b71121d0,new_triton,,,,,,,,,,,,,,,,,,,,,,,,,,,
24,24,0,6,18,0,1,23,500.850446,3404.3828134444443,6329.812301,141.84659146188358,True,30.4707828099628,30.4707828099628,16.027348086908077,,,46.178247762,1.7826366240000056,11.178247761999998,1.7826366240000056,6,2103.650992375,0,160,0,0,0,0.002219099784269929,0.07489998824894428,resource,immediate_allow,610810002,burst,short_context,TRITON_RATE_OFF_FIXED_REQUEST_ADAPT_V1,new_triton,0,24,docs/results/external_rules_02/results.csv,02455a3902b4696e6594624e1eb97be654c56d7934649b5ed0aacac3b71121d0,new_triton,,,,,,,,,,,,,,,,,,,,,,,,,,,
24,24,0,6,18,0,6,18,1498.509276,4840.395650222222,8112.448926,142.3778142918997,True,30.412890644622284,30.412890644622284,14.187965869855095,,,47.960884387,0,11.178247761999998,1.782636625000002,6,3340.7349660416667,0,160,0,0,0,0.0038967999862506986,0.1004999503493309,resource,immediate_allow,610810002,burst,short_context,TRITON_RATE_CAP1_EQUAL_REQUEST_ADAPT_V1,new_triton,12,24,docs/results/external_rules_02/results.csv,02455a3902b4696e6594624e1eb97be654c56d7934649b5ed0aacac3b71121d0,new_triton,,,,,,,,,,,,,,,,,,,,,,,,,,,
24,24,0,6,18,0,1,23,500.850446,3404.3828134444443,6329.812301,141.84659146188358,True,30.4707828099628,30.4707828099628,16.027348086908077,,,46.178247762,1.7826366240000056,11.178247761999998,1.7826366240000056,6,2103.650992375,0,160,0,0,0,0.00353009975515306,0.12270000297576189,resource,immediate_allow,610810002,burst,short_context,TRITON_RATE_CAP2_EQUAL_REQUEST_ADAPT_V1,new_triton,0,24,docs/results/external_rules_02/results.csv,02455a3902b4696e6594624e1eb97be654c56d7934649b5ed0aacac3b71121d0,new_triton,,,,,,,,,,,,,,,,,,,,,,,,,,,
24,24,0,6,18,0,6,18,877.495511,4889.913334222222,8112.448926,142.3778142918997,True,30.41400474179189,30.41400474179189,14.220687220902022,,,47.960884387,0,11.178247762000005,1.782636624999995,6,3300.2465085416666,0,160,0,0,0,0.002230099751614034,0.06230000872164965,resource,immediate_allow,610810002,burst,short_context,TRITON_RATE_CAP1_CLASS_WEIGHT_REQUEST_ADAPT_V1,new_triton,10,24,docs/results/external_rules_02/results.csv,02455a3902b4696e6594624e1eb97be654c56d7934649b5ed0aacac3b71121d0,new_triton,,,,,,,,,,,,,,,,,,,,,,,,,,,
24,24,0,6,18,0,1,23,500.850446,3404.3828134444443,6329.812301,141.84659146188358,True,30.4707828099628,30.4707828099628,16.027348086908077,,,46.178247762,1.7826366240000056,11.178247761999998,1.7826366240000056,6,2103.650992375,0,160,0,0,0,0.0025579994544386864,0.07740000728517771,resource,immediate_allow,610810002,burst,short_context,TRITON_RATE_CAP2_CLASS_WEIGHT_REQUEST_ADAPT_V1,new_triton,0,24,docs/results/external_rules_02/results.csv,02455a3902b4696e6594624e1eb97be654c56d7934649b5ed0aacac3b71121d0,new_triton,,,,,,,,,,,,,,,,,,,,,,,,,,,
24,24,0,6,18,0,1,23,531.189496,3417.709691611111,6355.105285,141.8808655094617,True,30.4781091059134,30.4781091059134,16.303699201278892,,,46.203587751,1.875317078000009,11.203587751,1.875317078000009,6,2113.912800166667,0,160,0,0,0,0.0028991991421207786,0.08859997615218163,resource,immediate_allow,610810002,burst,long_context,TRITON_RATE_OFF_FIXED_REQUEST_ADAPT_V1,new_triton,0,24,docs/results/external_rules_02/results.csv,02455a3902b4696e6594624e1eb97be654c56d7934649b5ed0aacac3b71121d0,new_triton,,,,,,,,,,,,,,,,,,,,,,,,,,,
24,24,0,6,18,1,7,16,1531.66388,4928.381781944445,8230.422363,142.4397069641018,True,30.41340637323442,30.41340637323442,14.358880284246567,,,48.078904828,0,11.203587751999983,1.875317076000016,6,3416.5900045,0,160,0,0,0,0.0033323997631669044,0.09079999290406704,resource,immediate_allow,610810002,burst,long_context,TRITON_RATE_CAP1_EQUAL_REQUEST_ADAPT_V1,new_triton,12,24,docs/results/external_rules_02/results.csv,02455a3902b4696e6594624e1eb97be654c56d7934649b5ed0aacac3b71121d0,new_triton,,,,,,,,,,,,,,,,,,,,,,,,,,,
24,24,0,6,18,0,1,23,531.189496,3417.709691611111,6355.105285,141.8808655094617,True,30.4781091059134,30.4781091059134,16.303699201278892,,,46.203587751,1.875317078000009,11.203587751,1.875317078000009,6,2113.912800166667,0,160,0,0,0,0.004188200342468917,0.20410004071891308,resource,immediate_allow,610810002,burst,long_context,TRITON_RATE_CAP2_EQUAL_REQUEST_ADAPT_V1,new_triton,0,24,docs/results/external_rules_02/results.csv,02455a3902b4696e6594624e1eb97be654c56d7934649b5ed0aacac3b71121d0,new_triton,,,,,,,,,,,,,,,,,,,,,,,,,,,
24,24,0,6,18,0,7,17,909.242339,4980.473923111111,8230.422363,142.4397069641018,True,30.414583691422227,30.414583691422227,14.393529912654238,,,48.078904828,0,11.203587751999997,1.8753170760000017,6,3377.8564175,0,160,0,0,0,0.008047898416407406,5.822199978865683,resource,immediate_allow,610810002,burst,long_context,TRITON_RATE_CAP1_CLASS_WEIGHT_REQUEST_ADAPT_V1,new_triton,10,24,docs/results/external_rules_02/results.csv,02455a3902b4696e6594624e1eb97be654c56d7934649b5ed0aacac3b71121d0,new_triton,,,,,,,,,,,,,,,,,,,,,,,,,,,
24,24,0,6,18,0,1,23,531.189496,3417.709691611111,6355.105285,141.8808655094617,True,30.4781091059134,30.4781091059134,16.303699201278892,,,46.203587751,1.875317078000009,11.203587751,1.875317078000009,6,2113.912800166667,0,160,0,0,0,0.003921899478882551,0.10409997776150703,resource,immediate_allow,610810002,burst,long_context,TRITON_RATE_CAP2_CLASS_WEIGHT_REQUEST_ADAPT_V1,new_triton,0,24,docs/results/external_rules_02/results.csv,02455a3902b4696e6594624e1eb97be654c56d7934649b5ed0aacac3b71121d0,new_triton,,,,,,,,,,,,,,,,,,,,,,,,,,,
192,192,0,96,96,0,0,192,294.054635,925.5243417708333,1725.651213,184.77720619987375,True,32.52099334984814,32.52099334984814,198.29034483254728,,,112.209373552,17.378960703999937,59.686741909999974,29.263629599999923,96,153.02644928645833,0,564,0,0,0,0.006075799814425409,0.040100072510540485,resource,immediate_allow,610810002,sustained,mean,TRITON_RATE_OFF_FIXED_REQUEST_ADAPT_V1,new_triton,0,192,docs/results/external_rules_02/results.csv,02455a3902b4696e6594624e1eb97be654c56d7934649b5ed0aacac3b71121d0,new_triton,,,,,,,,,,,,,,,,,,,,,,,,,,,
192,183,9,96,96,84,41,67,10898.227075,5581.613613747253,11545.785285,187.3737442479401,False,,31.80327614536448,,,,,0,56.87331102500006,28.044311721999932,92,5611.5057665,79.514797918,1266,0,0,0,0.02228409831877798,0.2669000532478094,resource,immediate_allow,610810002,sustained,mean,TRITON_RATE_CAP1_EQUAL_REQUEST_ADAPT_V1,new_triton,179,183,docs/results/external_rules_02/results.csv,02455a3902b4696e6594624e1eb97be654c56d7934649b5ed0aacac3b71121d0,new_triton,,,,,,,,,,,,,,,,,,,,,,,,,,,
192,192,0,96,96,0,0,192,294.054635,925.5243417708333,1725.651213,184.77720619987375,True,32.52099334984814,32.52099334984814,198.29034483254728,,,112.209373552,17.378960703999937,59.686741909999974,29.263629599999923,96,153.02644928645833,0,564,0,0,0,0.009087802027352154,0.2962000435218215,resource,immediate_allow,610810002,sustained,mean,TRITON_RATE_CAP2_EQUAL_REQUEST_ADAPT_V1,new_triton,0,192,docs/results/external_rules_02/results.csv,02455a3902b4696e6594624e1eb97be654c56d7934649b5ed0aacac3b71121d0,new_triton,,,,,,,,,,,,,,,,,,,,,,,,,,,
192,185,7,96,96,0,67,125,894.674725,8589.078212921348,15508.568463,187.0810573164298,False,,31.907603927319958,,,,,0,55.65399312999998,29.263629617000014,96,4044.6075363333334,66.285660437,1276,0,0,0,0.02838780009187758,0.31649996526539326,resource,immediate_allow,610810002,sustained,mean,TRITON_RATE_CAP1_CLASS_WEIGHT_REQUEST_ADAPT_V1,new_triton,140,185,docs/results/external_rules_02/results.csv,02455a3902b4696e6594624e1eb97be654c56d7934649b5ed0aacac3b71121d0,new_triton,,,,,,,,,,,,,,,,,,,,,,,,,,,
192,192,0,96,96,0,0,192,294.054635,925.5243417708333,1725.651213,184.77720619987375,True,32.52099334984814,32.52099334984814,198.29034483254728,,,112.209373552,17.378960703999937,59.686741909999974,29.263629599999923,96,153.02644928645833,0,564,0,0,0,0.008963101892732084,0.11170003563165665,resource,immediate_allow,610810002,sustained,mean,TRITON_RATE_CAP2_CLASS_WEIGHT_REQUEST_ADAPT_V1,new_triton,0,192,docs/results/external_rules_02/results.csv,02455a3902b4696e6594624e1eb97be654c56d7934649b5ed0aacac3b71121d0,new_triton,,,,,,,,,,,,,,,,,,,,,,,,,,,
192,192,0,96,96,0,0,192,286.608481,922.998321625,1721.35503,184.4823733532173,True,32.50085759362133,32.50085759362133,196.77794645789984,,,112.208650422,17.025683855999986,59.61732140500002,28.522185984000004,96,152.10370491145832,0,564,0,0,0,0.012997999787330627,0.40799996349960566,resource,immediate_allow,610810002,sustained,short_context,TRITON_RATE_OFF_FIXED_REQUEST_ADAPT_V1,new_triton,0,192,docs/results/external_rules_02/results.csv,02455a3902b4696e6594624e1eb97be654c56d7934649b5ed0aacac3b71121d0,new_triton,,,,,,,,,,,,,,,,,,,,,,,,,,,
192,185,7,96,96,82,36,74,10297.738171,5300.708548510869,10884.831387,187.44442595255396,False,,31.80713186445442,,,,,0,57.24669194200001,27.630867688999984,93,5318.292486887097,57.955402497,1274,0,0,0,0.03312569810077548,0.5643999902531505,resource,immediate_allow,610810002,sustained,short_context,TRITON_RATE_CAP1_EQUAL_REQUEST_ADAPT_V1,new_triton,181,185,docs/results/external_rules_02/results.csv,02455a3902b4696e6594624e1eb97be654c56d7934649b5ed0aacac3b71121d0,new_triton,,,,,,,,,,,,,,,,,,,,,,,,,,,
192,192,0,96,96,0,0,192,286.608481,922.998321625,1721.35503,184.4823733532173,True,32.50085759362133,32.50085759362133,196.77794645789984,,,112.208650422,17.025683855999986,59.61732140500002,28.522185984000004,96,152.10370491145832,0,564,0,0,0,0.011215302278287709,0.1324999611824751,resource,immediate_allow,610810002,sustained,short_context,TRITON_RATE_CAP2_EQUAL_REQUEST_ADAPT_V1,new_triton,0,192,docs/results/external_rules_02/results.csv,02455a3902b4696e6594624e1eb97be654c56d7934649b5ed0aacac3b71121d0,new_triton,,,,,,,,,,,,,,,,,,,,,,,,,,,
192,186,6,96,96,0,61,131,876.3706,8046.047196255556,14492.003029,187.2304725430863,False,,31.917904876221897,,,,,0,56.35537363299996,28.52218599800004,96,3788.2157296470587,53.906402967,1278,0,0,0,0.02185789938084781,0.2528000622987747,resource,immediate_allow,610810002,sustained,short_context,TRITON_RATE_CAP1_CLASS_WEIGHT_REQUEST_ADAPT_V1,new_triton,145,186,docs/results/external_rules_02/results.csv,02455a3902b4696e6594624e1eb97be654c56d7934649b5ed0aacac3b71121d0,new_triton,,,,,,,,,,,,,,,,,,,,,,,,,,,
192,192,0,96,96,0,0,192,286.608481,922.998321625,1721.35503,184.4823733532173,True,32.50085759362133,32.50085759362133,196.77794645789984,,,112.208650422,17.025683855999986,59.61732140500002,28.522185984000004,96,152.10370491145832,0,564,0,0,0,0.01176100003067404,0.18099998123943806,resource,immediate_allow,610810002,sustained,short_context,TRITON_RATE_CAP2_CLASS_WEIGHT_REQUEST_ADAPT_V1,new_triton,0,192,docs/results/external_rules_02/results.csv,02455a3902b4696e6594624e1eb97be654c56d7934649b5ed0aacac3b71121d0,new_triton,,,,,,,,,,,,,,,,,,,,,,,,,,,
192,192,0,96,96,0,0,192,301.500789,927.9518585520833,1729.754688,185.0702309040905,True,32.540938727620514,32.540938727620514,199.78938644632788,,,112.210058199,17.729466744999982,59.75246800799998,30.005073215999964,96,153.90008717708332,0,566,0,0,0,0.005269900313578546,0.04409998655319214,resource,immediate_allow,610810002,sustained,long_context,TRITON_RATE_OFF_FIXED_REQUEST_ADAPT_V1,new_triton,0,192,docs/results/external_rules_02/results.csv,02455a3902b4696e6594624e1eb97be654c56d7934649b5ed0aacac3b71121d0,new_triton,,,,,,,,,,,,,,,,,,,,,,,,,,,
192,181,11,96,96,85,44,63,11580.368603,5856.4972862,12100.073602,187.30671553736278,False,,31.80012220761124,,,,,0,56.51529990900001,28.44230898699999,91,5899.153122093407,101.86936095,1254,0,0,0,0.027702902210876346,0.568700022995472,resource,immediate_allow,610810002,sustained,long_context,TRITON_RATE_CAP1_EQUAL_REQUEST_ADAPT_V1,new_triton,177,181,docs/results/external_rules_02/results.csv,02455a3902b4696e6594624e1eb97be654c56d7934649b5ed0aacac3b71121d0,new_triton,,,,,,,,,,,,,,,,,,,,,,,,,,,
192,192,0,96,96,0,0,192,301.500789,927.9518585520833,1729.754688,185.0702309040905,True,32.540938727620514,32.540938727620514,199.78938644632788,,,112.210058199,17.729466744999982,59.75246800799998,30.005073215999964,96,153.90008717708332,0,566,0,0,0,0.01084900030400604,0.44510001316666603,resource,immediate_allow,610810002,sustained,long_context,TRITON_RATE_CAP2_EQUAL_REQUEST_ADAPT_V1,new_triton,0,192,docs/results/external_rules_02/results.csv,02455a3902b4696e6594624e1eb97be654c56d7934649b5ed0aacac3b71121d0,new_triton,,,,,,,,,,,,,,,,,,,,,,,,,,,
192,184,8,96,96,0,69,123,885.058675,9141.776429181818,16321.396853,186.9315872177653,False,,31.89788882380804,,,,,0,54.95253565899999,30.005073237000005,96,4292.386888751352,79.065173062,1270,0,0,0,0.024771299678832293,0.36610011011362076,resource,immediate_allow,610810002,sustained,long_context,TRITON_RATE_CAP1_CLASS_WEIGHT_REQUEST_ADAPT_V1,new_triton,144,184,docs/results/external_rules_02/results.csv,02455a3902b4696e6594624e1eb97be654c56d7934649b5ed0aacac3b71121d0,new_triton,,,,,,,,,,,,,,,,,,,,,,,,,,,
192,192,0,96,96,0,0,192,301.500789,927.9518585520833,1729.754688,185.0702309040905,True,32.540938727620514,32.540938727620514,199.78938644632788,,,112.210058199,17.729466744999982,59.75246800799998,30.005073215999964,96,153.90008717708332,0,566,0,0,0,0.009907600353471935,0.14730007387697697,resource,immediate_allow,610810002,sustained,long_context,TRITON_RATE_CAP2_CLASS_WEIGHT_REQUEST_ADAPT_V1,new_triton,0,192,docs/results/external_rules_02/results.csv,02455a3902b4696e6594624e1eb97be654c56d7934649b5ed0aacac3b71121d0,new_triton,,,,,,,,,,,,,,,,,,,,,,,,,,,
24,24,0,6,18,0,0,24,294.054635,619.471443,619.471443,142.4090075517892,True,30.180354207035936,30.180354207035936,14.998028911506346,,,63.24595877,0,11.19126410999997,1.8289768499999965,6,0.0,0,24,0,0,0,0.0015707998536527157,0.11250004172325134,resource,immediate_allow,610810003,low,mean,TRITON_RATE_OFF_FIXED_REQUEST_ADAPT_V1,new_triton,0,24,docs/results/external_rules_02/results.csv,02455a3902b4696e6594624e1eb97be654c56d7934649b5ed0aacac3b71121d0,new_triton,,,,,,,,,,,,,,,,,,,,,,,,,,,
24,24,0,6,18,0,0,24,294.054635,619.471443,619.471443,142.4090075517892,True,30.180354207035936,30.180354207035936,14.998028911506346,,,63.24595877,0,11.19126410999997,1.8289768499999965,6,0.0,0,24,0,0,0,0.0016051994170993567,0.09819993283599615,resource,immediate_allow,610810003,low,mean,TRITON_RATE_CAP1_EQUAL_REQUEST_ADAPT_V1,new_triton,0,24,docs/results/external_rules_02/results.csv,02455a3902b4696e6594624e1eb97be654c56d7934649b5ed0aacac3b71121d0,new_triton,,,,,,,,,,,,,,,,,,,,,,,,,,,
24,24,0,6,18,0,0,24,294.054635,619.471443,619.471443,142.4090075517892,True,30.180354207035936,30.180354207035936,14.998028911506346,,,63.24595877,0,11.19126410999997,1.8289768499999965,6,0.0,0,24,0,0,0,0.0008921998087316751,0.053900061175227165,resource,immediate_allow,610810003,low,mean,TRITON_RATE_CAP2_EQUAL_REQUEST_ADAPT_V1,new_triton,0,24,docs/results/external_rules_02/results.csv,02455a3902b4696e6594624e1eb97be654c56d7934649b5ed0aacac3b71121d0,new_triton,,,,,,,,,,,,,,,,,,,,,,,,,,,
24,24,0,6,18,0,0,24,294.054635,619.471443,619.471443,142.4090075517892,True,30.180354207035936,30.180354207035936,14.998028911506346,,,63.24595877,0,11.19126410999997,1.8289768499999965,6,0.0,0,24,0,0,0,0.0006657001795247197,0.03820005804300308,resource,immediate_allow,610810003,low,mean,TRITON_RATE_CAP1_CLASS_WEIGHT_REQUEST_ADAPT_V1,new_triton,0,24,docs/results/external_rules_02/results.csv,02455a3902b4696e6594624e1eb97be654c56d7934649b5ed0aacac3b71121d0,new_triton,,,,,,,,,,,,,,,,,,,,,,,,,,,
24,24,0,6,18,0,0,24,294.054635,619.471443,619.471443,142.4090075517892,True,30.180354207035936,30.180354207035936,14.998028911506346,,,63.24595877,0,11.19126410999997,1.8289768499999965,6,0.0,0,24,0,0,0,0.0006810999475419521,0.034899916499853134,resource,immediate_allow,610810003,low,mean,TRITON_RATE_CAP2_CLASS_WEIGHT_REQUEST_ADAPT_V1,new_triton,0,24,docs/results/external_rules_02/results.csv,02455a3902b4696e6594624e1eb97be654c56d7934649b5ed0aacac3b71121d0,new_triton,,,,,,,,,,,,,,,,,,,,,,,,,,,
24,24,0,6,18,0,0,24,286.608481,618.790912,618.790912,142.37781429713021,True,30.179200574544378,30.179200574544378,14.914994670808362,,,63.24523564,0,11.178247769999984,1.7826366240000056,6,0.0,0,24,0,0,0,0.0009519992163404822,0.06150000263005495,resource,immediate_allow,610810003,low,short_context,TRITON_RATE_OFF_FIXED_REQUEST_ADAPT_V1,new_triton,0,24,docs/results/external_rules_02/results.csv,02455a3902b4696e6594624e1eb97be654c56d7934649b5ed0aacac3b71121d0,new_triton,,,,,,,,,,,,,,,,,,,,,,,,,,,
24,24,0,6,18,0,0,24,286.608481,618.790912,618.790912,142.37781429713021,True,30.179200574544378,30.179200574544378,14.914994670808362,,,63.24523564,0,11.178247769999984,1.7826366240000056,6,0.0,0,24,0,0,0,0.001209900015965104,0.06820005364716053,resource,immediate_allow,610810003,low,short_context,TRITON_RATE_CAP1_EQUAL_REQUEST_ADAPT_V1,new_triton,0,24,docs/results/external_rules_02/results.csv,02455a3902b4696e6594624e1eb97be654c56d7934649b5ed0aacac3b71121d0,new_triton,,,,,,,,,,,,,,,,,,,,,,,,,,,
24,24,0,6,18,0,0,24,286.608481,618.790912,618.790912,142.37781429713021,True,30.179200574544378,30.179200574544378,14.914994670808362,,,63.24523564,0,11.178247769999984,1.7826366240000056,6,0.0,0,24,0,0,0,0.0007286000763997436,0.043899985030293465,resource,immediate_allow,610810003,low,short_context,TRITON_RATE_CAP2_EQUAL_REQUEST_ADAPT_V1,new_triton,0,24,docs/results/external_rules_02/results.csv,02455a3902b4696e6594624e1eb97be654c56d7934649b5ed0aacac3b71121d0,new_triton,,,,,,,,,,,,,,,,,,,,,,,,,,,
24,24,0,6,18,0,0,24,286.608481,618.790912,618.790912,142.37781429713021,True,30.179200574544378,30.179200574544378,14.914994670808362,,,63.24523564,0,11.178247769999984,1.7826366240000056,6,0.0,0,24,0,0,0,0.0011424002004787326,0.05770009011030197,resource,immediate_allow,610810003,low,short_context,TRITON_RATE_CAP1_CLASS_WEIGHT_REQUEST_ADAPT_V1,new_triton,0,24,docs/results/external_rules_02/results.csv,02455a3902b4696e6594624e1eb97be654c56d7934649b5ed0aacac3b71121d0,new_triton,,,,,,,,,,,,,,,,,,,,,,,,,,,
24,24,0,6,18,0,0,24,286.608481,618.790912,618.790912,142.37781429713021,True,30.179200574544378,30.179200574544378,14.914994670808362,,,63.24523564,0,11.178247769999984,1.7826366240000056,6,0.0,0,24,0,0,0,0.0010807000799104571,0.051999930292367935,resource,immediate_allow,610810003,low,short_context,TRITON_RATE_CAP2_CLASS_WEIGHT_REQUEST_ADAPT_V1,new_triton,0,24,docs/results/external_rules_02/results.csv,02455a3902b4696e6594624e1eb97be654c56d7934649b5ed0aacac3b71121d0,new_triton,,,,,,,,,,,,,,,,,,,,,,,,,,,
24,24,0,6,18,0,0,24,301.500789,620.151684,620.151684,142.43970696695348,True,30.181456066028332,30.181456066028332,15.079458993290178,,,63.246643417,0,11.203587755999976,1.8753170759999946,6,0.0,0,24,0,0,0,0.0011415001936256886,0.07449998520314693,resource,immediate_allow,610810003,low,long_context,TRITON_RATE_OFF_FIXED_REQUEST_ADAPT_V1,new_triton,0,24,docs/results/external_rules_02/results.csv,02455a3902b4696e6594624e1eb97be654c56d7934649b5ed0aacac3b71121d0,new_triton,,,,,,,,,,,,,,,,,,,,,,,,,,,
24,24,0,6,18,0,0,24,301.500789,620.151684,620.151684,142.43970696695348,True,30.181456066028332,30.181456066028332,15.079458993290178,,,63.246643417,0,11.203587755999976,1.8753170759999946,6,0.0,0,24,0,0,0,0.0012625001836568117,0.07370009552687407,resource,immediate_allow,610810003,low,long_context,TRITON_RATE_CAP1_EQUAL_REQUEST_ADAPT_V1,new_triton,0,24,docs/results/external_rules_02/results.csv,02455a3902b4696e6594624e1eb97be654c56d7934649b5ed0aacac3b71121d0,new_triton,,,,,,,,,,,,,,,,,,,,,,,,,,,
24,24,0,6,18,0,0,24,301.500789,620.151684,620.151684,142.43970696695348,True,30.181456066028332,30.181456066028332,15.079458993290178,,,63.246643417,0,11.203587755999976,1.8753170759999946,6,0.0,0,24,0,0,0,0.001151499804109335,0.06829993799328804,resource,immediate_allow,610810003,low,long_context,TRITON_RATE_CAP2_EQUAL_REQUEST_ADAPT_V1,new_triton,0,24,docs/results/external_rules_02/results.csv,02455a3902b4696e6594624e1eb97be654c56d7934649b5ed0aacac3b71121d0,new_triton,,,,,,,,,,,,,,,,,,,,,,,,,,,
24,24,0,6,18,0,0,24,301.500789,620.151684,620.151684,142.43970696695348,True,30.181456066028332,30.181456066028332,15.079458993290178,,,63.246643417,0,11.203587755999976,1.8753170759999946,6,0.0,0,24,0,0,0,0.0011211000382900238,0.06769993342459202,resource,immediate_allow,610810003,low,long_context,TRITON_RATE_CAP1_CLASS_WEIGHT_REQUEST_ADAPT_V1,new_triton,0,24,docs/results/external_rules_02/results.csv,02455a3902b4696e6594624e1eb97be654c56d7934649b5ed0aacac3b71121d0,new_triton,,,,,,,,,,,,,,,,,,,,,,,,,,,
24,24,0,6,18,0,0,24,301.500789,620.151684,620.151684,142.43970696695348,True,30.181456066028332,30.181456066028332,15.079458993290178,,,63.246643417,0,11.203587755999976,1.8753170759999946,6,0.0,0,24,0,0,0,0.001151200383901596,0.12049998622387648,resource,immediate_allow,610810003,low,long_context,TRITON_RATE_CAP2_CLASS_WEIGHT_REQUEST_ADAPT_V1,new_triton,0,24,docs/results/external_rules_02/results.csv,02455a3902b4696e6594624e1eb97be654c56d7934649b5ed0aacac3b71121d0,new_triton,,,,,,,,,,,,,,,,,,,,,,,,,,,
24,24,0,6,18,0,2,22,507.365272,3785.2959015,6579.344678,141.86397540791523,True,30.478661412660408,30.478661412660408,16.274704004297654,,,46.191264107,1.8289768510000073,11.191264107000002,1.8289768510000073,6,2392.340296791667,0,160,0,0,0,0.0025522002251818776,0.07770000956952572,resource,immediate_allow,610810003,queue,mean,TRITON_RATE_OFF_FIXED_REQUEST_ADAPT_V1,new_triton,0,24,docs/results/external_rules_02/results.csv,02455a3902b4696e6594624e1eb97be654c56d7934649b5ed0aacac3b71121d0,new_triton,,,,,,,,,,,,,,,,,,,,,,,,,,,
24,24,0,6,18,1,9,14,1547.488415,5190.898481666667,8408.321529,142.4090075510763,True,30.41404580716008,30.41404580716008,14.231113932241254,,,48.020240959,0,11.191264108999988,1.8289768500000108,6,3550.18174375,0,160,0,0,0,0.013220399734564126,8.33969993982464,resource,immediate_allow,610810003,queue,mean,TRITON_RATE_CAP1_EQUAL_REQUEST_ADAPT_V1,new_triton,10,24,docs/results/external_rules_02/results.csv,02455a3902b4696e6594624e1eb97be654c56d7934649b5ed0aacac3b71121d0,new_triton,,,,,,,,,,,,,,,,,,,,,,,,,,,
24,24,0,6,18,0,2,22,507.365272,3785.2959015,6579.344678,141.86397540791523,True,30.478661412660408,30.478661412660408,16.274704004297654,,,46.191264107,1.8289768510000073,11.191264107000002,1.8289768510000073,6,2392.340296791667,0,160,0,0,0,0.002285700407810509,0.0646000262349844,resource,immediate_allow,610810003,queue,mean,TRITON_RATE_CAP2_EQUAL_REQUEST_ADAPT_V1,new_triton,0,24,docs/results/external_rules_02/results.csv,02455a3902b4696e6594624e1eb97be654c56d7934649b5ed0aacac3b71121d0,new_triton,,,,,,,,,,,,,,,,,,,,,,,,,,,
24,24,0,6,18,0,9,15,925.75152,5207.8334525,8408.321529,142.40900755083624,True,30.414472990801674,30.414472990801674,14.243686365587152,,,48.020240959,0,11.191264107999991,1.8289768510000073,6,3536.9772679583334,0,160,0,0,0,0.002804199466481805,0.0950000248849392,resource,immediate_allow,610810003,queue,mean,TRITON_RATE_CAP1_CLASS_WEIGHT_REQUEST_ADAPT_V1,new_triton,9,24,docs/results/external_rules_02/results.csv,02455a3902b4696e6594624e1eb97be654c56d7934649b5ed0aacac3b71121d0,new_triton,,,,,,,,,,,,,,,,,,,,,,,,,,,
24,24,0,6,18,0,2,22,507.365272,3785.2959015,6579.344678,141.86397540791523,True,30.478661412660408,30.478661412660408,16.274704004297654,,,46.191264107,1.8289768510000073,11.191264107000002,1.8289768510000073,6,2392.340296791667,0,160,0,0,0,0.0019058992620557547,0.04879990592598915,resource,immediate_allow,610810003,queue,mean,TRITON_RATE_CAP2_CLASS_WEIGHT_REQUEST_ADAPT_V1,new_triton,0,24,docs/results/external_rules_02/results.csv,02455a3902b4696e6594624e1eb97be654c56d7934649b5ed0aacac3b71121d0,new_triton,,,,,,,,,,,,,,,,,,,,,,,,,,,
24,24,0,6,18,0,2,22,484.472376,3778.4687625,6566.370931,141.84659146205846,True,30.474872745483214,30.474872745483214,16.132897477068184,,,46.178247762,1.782636625000002,11.178247761999998,1.782636625000002,6,2386.443112625,0,160,0,0,0,0.002854500082321465,0.09300000965595245,resource,immediate_allow,610810003,queue,short_context,TRITON_RATE_OFF_FIXED_REQUEST_ADAPT_V1,new_triton,0,24,docs/results/external_rules_02/results.csv,02455a3902b4696e6594624e1eb97be654c56d7934649b5ed0aacac3b71121d0,new_triton,,,,,,,,,,,,,,,,,,,,,,,,,,,
24,24,0,6,18,0,8,16,1497.086624,5148.458020611111,8349.007556,142.37781429165966,True,30.411390061471682,30.411390061471682,14.14389331551638,,,47.960884387,0,11.178247760999994,1.7826366260000057,6,3513.2814289583334,0,160,0,0,0,0.005705900257453322,0.2272999845445156,resource,immediate_allow,610810003,queue,short_context,TRITON_RATE_CAP1_EQUAL_REQUEST_ADAPT_V1,new_triton,10,24,docs/results/external_rules_02/results.csv,02455a3902b4696e6594624e1eb97be654c56d7934649b5ed0aacac3b71121d0,new_triton,,,,,,,,,,,,,,,,,,,,,,,,,,,
24,24,0,6,18,0,2,22,484.472376,3778.4687625,6566.370931,141.84659146205846,True,30.474872745483214,30.474872745483214,16.132897477068184,,,46.178247762,1.782636625000002,11.178247761999998,1.782636625000002,6,2386.443112625,0,160,0,0,0,0.0027824994176626205,0.07830001413822174,resource,immediate_allow,610810003,queue,short_context,TRITON_RATE_CAP2_EQUAL_REQUEST_ADAPT_V1,new_triton,0,24,docs/results/external_rules_02/results.csv,02455a3902b4696e6594624e1eb97be654c56d7934649b5ed0aacac3b71121d0,new_triton,,,,,,,,,,,,,,,,,,,,,,,,,,,
24,24,0,6,18,0,8,16,876.072859,5164.963915333334,8349.007556,142.37781429165966,True,30.411805050813612,30.411805050813612,14.156081670633483,,,47.960884387,0,11.178247760999994,1.7826366260000057,6,3499.7852764583336,0,160,0,0,0,0.004070800612680614,0.13099994976073503,resource,immediate_allow,610810003,queue,short_context,TRITON_RATE_CAP1_CLASS_WEIGHT_REQUEST_ADAPT_V1,new_triton,9,24,docs/results/external_rules_02/results.csv,02455a3902b4696e6594624e1eb97be654c56d7934649b5ed0aacac3b71121d0,new_triton,,,,,,,,,,,,,,,,,,,,,,,,,,,
24,24,0,6,18,0,2,22,484.472376,3778.4687625,6566.370931,141.84659146205846,True,30.474872745483214,30.474872745483214,16.132897477068184,,,46.178247762,1.782636625000002,11.178247761999998,1.782636625000002,6,2386.443112625,0,160,0,0,0,0.004116499214433134,0.1078000059351325,resource,immediate_allow,610810003,queue,short_context,TRITON_RATE_CAP2_CLASS_WEIGHT_REQUEST_ADAPT_V1,new_triton,0,24,docs/results/external_rules_02/results.csv,02455a3902b4696e6594624e1eb97be654c56d7934649b5ed0aacac3b71121d0,new_triton,,,,,,,,,,,,,,,,,,,,,,,,,,,
24,24,0,6,18,0,2,22,530.258168,3791.7956406666667,6591.663915,141.8808655094617,True,30.48245327688329,30.48245327688329,16.415168501230042,,,46.203587751,1.875317078000002,11.203587751,1.875317078000002,6,2397.9921489583335,0,160,0,0,0,0.0028288993053138256,0.09210000280290842,resource,immediate_allow,610810003,queue,long_context,TRITON_RATE_OFF_FIXED_REQUEST_ADAPT_V1,new_triton,0,24,docs/results/external_rules_02/results.csv,02455a3902b4696e6594624e1eb97be654c56d7934649b5ed0aacac3b71121d0,new_triton,,,,,,,,,,,,,,,,,,,,,,,,,,,
24,24,0,6,18,1,9,14,1597.659305,5233.011543,8466.980993,142.43970696362172,True,30.411821277894294,30.411821277894294,14.312229374496859,,,48.078904828,0,11.20358774999999,1.875317078000009,6,3586.7966398333333,0,160,0,0,0,0.003985800198279321,0.1194000942632556,resource,immediate_allow,610810003,queue,long_context,TRITON_RATE_CAP1_EQUAL_REQUEST_ADAPT_V1,new_triton,10,24,docs/results/external_rules_02/results.csv,02455a3902b4696e6594624e1eb97be654c56d7934649b5ed0aacac3b71121d0,new_triton,,,,,,,,,,,,,,,,,,,,,,,,,,,
24,24,0,6,18,0,2,22,530.258168,3791.7956406666667,6591.663915,141.8808655094617,True,30.48245327688329,30.48245327688329,16.415168501230042,,,46.203587751,1.875317078000002,11.203587751,1.875317078000002,6,2397.9921489583335,0,160,0,0,0,0.0020551009802147746,0.05579995922744274,resource,immediate_allow,610810003,queue,long_context,TRITON_RATE_CAP2_EQUAL_REQUEST_ADAPT_V1,new_triton,0,24,docs/results/external_rules_02/results.csv,02455a3902b4696e6594624e1eb97be654c56d7934649b5ed0aacac3b71121d0,new_triton,,,,,,,,,,,,,,,,,,,,,,,,,,,
24,24,0,6,18,0,9,15,975.237764,5250.375590055555,8466.980993,142.43970696362172,True,30.412260699939395,30.412260699939395,14.325161996055535,,,48.078904828,0,11.203587749999997,1.875317078000002,6,3573.8854441666667,0,160,0,0,0,0.004656600416637957,0.18530001398175955,resource,immediate_allow,610810003,queue,long_context,TRITON_RATE_CAP1_CLASS_WEIGHT_REQUEST_ADAPT_V1,new_triton,9,24,docs/results/external_rules_02/results.csv,02455a3902b4696e6594624e1eb97be654c56d7934649b5ed0aacac3b71121d0,new_triton,,,,,,,,,,,,,,,,,,,,,,,,,,,
24,24,0,6,18,0,2,22,530.258168,3791.7956406666667,6591.663915,141.8808655094617,True,30.48245327688329,30.48245327688329,16.415168501230042,,,46.203587751,1.875317078000002,11.203587751,1.875317078000002,6,2397.9921489583335,0,160,0,0,0,0.004069500486366451,0.09400001727044582,resource,immediate_allow,610810003,queue,long_context,TRITON_RATE_CAP2_CLASS_WEIGHT_REQUEST_ADAPT_V1,new_triton,0,24,docs/results/external_rules_02/results.csv,02455a3902b4696e6594624e1eb97be654c56d7934649b5ed0aacac3b71121d0,new_triton,,,,,,,,,,,,,,,,,,,,,,,,,,,
24,24,0,6,18,0,1,23,515.789367,3473.6353272222223,6334.633862,141.86397540774036,True,30.475598417259608,30.475598417259608,16.208736765435827,,,46.191264107,1.8289768500000108,11.191264107000002,1.8289768500000108,6,2149.861860125,0,160,0,0,0,0.0030596997821703553,0.0996999442577362,resource,immediate_allow,610810003,burst,mean,TRITON_RATE_OFF_FIXED_REQUEST_ADAPT_V1,new_triton,0,24,docs/results/external_rules_02/results.csv,02455a3902b4696e6594624e1eb97be654c56d7934649b5ed0aacac3b71121d0,new_triton,,,,,,,,,,,,,,,,,,,,,,,,,,,
24,24,0,6,18,0,7,17,1328.808074,4946.977790888889,8163.610713,142.4090075510763,True,30.415588616283127,30.415588616283127,14.27652031716865,,,48.020240959,0,11.191264108999988,1.8289768500000108,6,3372.326245875,0,160,0,0,0,0.0017712992848828435,0.08659996092319489,resource,immediate_allow,610810003,burst,mean,TRITON_RATE_CAP1_EQUAL_REQUEST_ADAPT_V1,new_triton,12,24,docs/results/external_rules_02/results.csv,02455a3902b4696e6594624e1eb97be654c56d7934649b5ed0aacac3b71121d0,new_triton,,,,,,,,,,,,,,,,,,,,,,,,,,,
24,24,0,6,18,0,1,23,515.789367,3473.6353272222223,6334.633862,141.86397540774036,True,30.475598417259608,30.475598417259608,16.208736765435827,,,46.191264107,1.8289768500000108,11.191264107000002,1.8289768500000108,6,2149.861860125,0,160,0,0,0,0.0019013012060895562,0.053900061175227165,resource,immediate_allow,610810003,burst,mean,TRITON_RATE_CAP2_EQUAL_REQUEST_ADAPT_V1,new_triton,0,24,docs/results/external_rules_02/results.csv,02455a3902b4696e6594624e1eb97be654c56d7934649b5ed0aacac3b71121d0,new_triton,,,,,,,,,,,,,,,,,,,,,,,,,,,
24,24,0,6,18,0,7,17,878.322732,4980.847732555556,8163.610713,142.40900755059621,True,30.41642518428304,30.41642518428304,14.301141333504685,,,48.020240959,0,11.191264106999995,1.8289768520000038,6,3345.9172942916666,0,160,0,0,0,0.005676800734363496,0.1534000039100647,resource,immediate_allow,610810003,burst,mean,TRITON_RATE_CAP1_CLASS_WEIGHT_REQUEST_ADAPT_V1,new_triton,11,24,docs/results/external_rules_02/results.csv,02455a3902b4696e6594624e1eb97be654c56d7934649b5ed0aacac3b71121d0,new_triton,,,,,,,,,,,,,,,,,,,,,,,,,,,
24,24,0,6,18,0,1,23,515.789367,3473.6353272222223,6334.633862,141.86397540774036,True,30.475598417259608,30.475598417259608,16.208736765435827,,,46.191264107,1.8289768500000108,11.191264107000002,1.8289768500000108,6,2149.861860125,0,160,0,0,0,0.0015105002094060183,0.04470010753720999,resource,immediate_allow,610810003,burst,mean,TRITON_RATE_CAP2_CLASS_WEIGHT_REQUEST_ADAPT_V1,new_triton,0,24,docs/results/external_rules_02/results.csv,02455a3902b4696e6594624e1eb97be654c56d7934649b5ed0aacac3b71121d0,new_triton,,,,,,,,,,,,,,,,,,,,,,,,,,,
24,24,0,6,18,0,1,23,500.619842,3466.8081882222223,6321.660115,141.84659146188358,True,30.471914437451893,30.471914437451893,16.06820513438551,,,46.178247762,1.7826366240000056,11.178247761999998,1.7826366240000056,6,2144.9300973333334,0,160,0,0,0,0.002409500884823501,0.07529999129474163,resource,immediate_allow,610810003,burst,short_context,TRITON_RATE_OFF_FIXED_REQUEST_ADAPT_V1,new_triton,0,24,docs/results/external_rules_02/results.csv,02455a3902b4696e6594624e1eb97be654c56d7934649b5ed0aacac3b71121d0,new_triton,,,,,,,,,,,,,,,,,,,,,,,,,,,
24,24,0,6,18,0,7,17,1286.852784,4902.821025,8104.29674,142.3778142918997,True,30.412890644622284,30.412890644622284,14.187965869855095,,,47.960884387,0,11.178247761999998,1.782636625000002,6,3334.2592243333333,0,160,0,0,0,0.0021044001914560795,0.04910002462565899,resource,immediate_allow,610810003,burst,short_context,TRITON_RATE_CAP1_EQUAL_REQUEST_ADAPT_V1,new_triton,12,24,docs/results/external_rules_02/results.csv,02455a3902b4696e6594624e1eb97be654c56d7934649b5ed0aacac3b71121d0,new_triton,,,,,,,,,,,,,,,,,,,,,,,,,,,
24,24,0,6,18,0,1,23,500.619842,3466.8081882222223,6321.660115,141.84659146188358,True,30.471914437451893,30.471914437451893,16.06820513438551,,,46.178247762,1.7826366240000056,11.178247761999998,1.7826366240000056,6,2144.9300973333334,0,160,0,0,0,0.0014517996460199356,0.041599967516958714,resource,immediate_allow,610810003,burst,short_context,TRITON_RATE_CAP2_EQUAL_REQUEST_ADAPT_V1,new_triton,0,24,docs/results/external_rules_02/results.csv,02455a3902b4696e6594624e1eb97be654c56d7934649b5ed0aacac3b71121d0,new_triton,,,,,,,,,,,,,,,,,,,,,,,,,,,
24,24,0,6,18,0,7,17,853.260445,4935.832814388888,8104.29674,142.37781429213976,True,30.413703486490167,30.413703486490167,14.211839266925228,,,47.960884387,0,11.178247763000002,1.7826366239999984,6,3307.266919333333,0,160,0,0,0,0.0037424996262416244,0.125700025819242,resource,immediate_allow,610810003,burst,short_context,TRITON_RATE_CAP1_CLASS_WEIGHT_REQUEST_ADAPT_V1,new_triton,11,24,docs/results/external_rules_02/results.csv,02455a3902b4696e6594624e1eb97be654c56d7934649b5ed0aacac3b71121d0,new_triton,,,,,,,,,,,,,,,,,,,,,,,,,,,
24,24,0,6,18,0,1,23,500.619842,3466.8081882222223,6321.660115,141.84659146188358,True,30.471914437451893,30.471914437451893,16.06820513438551,,,46.178247762,1.7826366240000056,11.178247761999998,1.7826366240000056,6,2144.9300973333334,0,160,0,0,0,0.0019300002604722977,0.06360001862049103,resource,immediate_allow,610810003,burst,short_context,TRITON_RATE_CAP2_CLASS_WEIGHT_REQUEST_ADAPT_V1,new_triton,0,24,docs/results/external_rules_02/results.csv,02455a3902b4696e6594624e1eb97be654c56d7934649b5ed0aacac3b71121d0,new_triton,,,,,,,,,,,,,,,,,,,,,,,,,,,
24,24,0,6,18,0,1,23,530.958892,3480.135066388889,6346.953099,141.88086550928682,True,30.47928415946439,30.47928415946439,16.34771117927114,,,46.203587751,1.8753170770000125,11.203587751,1.8753170770000125,6,2154.548290875,0,160,0,0,0,0.003807300003245473,0.1900999341160059,resource,immediate_allow,610810003,burst,long_context,TRITON_RATE_OFF_FIXED_REQUEST_ADAPT_V1,new_triton,0,24,docs/results/external_rules_02/results.csv,02455a3902b4696e6594624e1eb97be654c56d7934649b5ed0aacac3b71121d0,new_triton,,,,,,,,,,,,,,,,,,,,,,,,,,,
24,24,0,6,18,0,7,17,1370.570946,4990.807156722222,8222.270177,142.4397069641018,True,30.41340637323442,30.41340637323442,14.358880284246567,,,48.078904828,0,11.203587751999983,1.875317076000016,6,3410.1142627916665,0,160,0,0,0,0.00367010070476681,0.1175999641418457,resource,immediate_allow,610810003,burst,long_context,TRITON_RATE_CAP1_EQUAL_REQUEST_ADAPT_V1,new_triton,12,24,docs/results/external_rules_02/results.csv,02455a3902b4696e6594624e1eb97be654c56d7934649b5ed0aacac3b71121d0,new_triton,,,,,,,,,,,,,,,,,,,,,,,,,,,
24,24,0,6,18,0,1,23,530.958892,3480.135066388889,6346.953099,141.88086550928682,True,30.47928415946439,30.47928415946439,16.34771117927114,,,46.203587751,1.8753170770000125,11.203587751,1.8753170770000125,6,2154.548290875,0,160,0,0,0,0.0024980000453069806,0.06799993570894003,resource,immediate_allow,610810003,burst,long_context,TRITON_RATE_CAP2_EQUAL_REQUEST_ADAPT_V1,new_triton,0,24,docs/results/external_rules_02/results.csv,02455a3902b4696e6594624e1eb97be654c56d7934649b5ed0aacac3b71121d0,new_triton,,,,,,,,,,,,,,,,,,,,,,,,,,,
24,24,0,6,18,0,7,17,903.269568,5025.5352508333335,8222.270177,142.4397069641018,True,30.414266745505916,30.414266745505916,14.384201883631071,,,48.078904828,0,11.203587751999997,1.8753170760000017,6,3384.2918714583334,0,160,0,0,0,0.0037058998132124543,0.10250008199363947,resource,immediate_allow,610810003,burst,long_context,TRITON_RATE_CAP1_CLASS_WEIGHT_REQUEST_ADAPT_V1,new_triton,11,24,docs/results/external_rules_02/results.csv,02455a3902b4696e6594624e1eb97be654c56d7934649b5ed0aacac3b71121d0,new_triton,,,,,,,,,,,,,,,,,,,,,,,,,,,
24,24,0,6,18,0,1,23,530.958892,3480.135066388889,6346.953099,141.88086550928682,True,30.47928415946439,30.47928415946439,16.34771117927114,,,46.203587751,1.8753170770000125,11.203587751,1.8753170770000125,6,2154.548290875,0,160,0,0,0,0.0039666995871812105,0.11419993825256824,resource,immediate_allow,610810003,burst,long_context,TRITON_RATE_CAP2_CLASS_WEIGHT_REQUEST_ADAPT_V1,new_triton,0,24,docs/results/external_rules_02/results.csv,02455a3902b4696e6594624e1eb97be654c56d7934649b5ed0aacac3b71121d0,new_triton,,,,,,,,,,,,,,,,,,,,,,,,,,,
192,192,0,96,96,0,0,192,294.054635,904.15703425,1425.884475,184.77682008570147,True,32.603682638283324,32.603682638283324,198.02663499892114,,,112.003889691,17.38025638899996,59.68674190700001,29.263629599999888,96,142.34279552083333,0,561,0,0,0,0.0107357018860057,0.08599995635449886,resource,immediate_allow,610810003,sustained,mean,TRITON_RATE_OFF_FIXED_REQUEST_ADAPT_V1,new_triton,0,192,docs/results/external_rules_02/results.csv,02455a3902b4696e6594624e1eb97be654c56d7934649b5ed0aacac3b71121d0,new_triton,,,,,,,,,,,,,,,,,,,,,,,,,,,
192,183,9,96,96,87,39,66,11509.146107,5515.9522030879125,12356.956324,187.43247312581119,False,,31.804934049961528,,,,,0,56.95568827999999,28.04431172000001,92,5565.6700727934785,78.572575304,1282,0,0,0,0.021034501143731177,0.09180000051856041,resource,immediate_allow,610810003,sustained,mean,TRITON_RATE_CAP1_EQUAL_REQUEST_ADAPT_V1,new_triton,179,183,docs/results/external_rules_02/results.csv,02455a3902b4696e6594624e1eb97be654c56d7934649b5ed0aacac3b71121d0,new_triton,,,,,,,,,,,,,,,,,,,,,,,,,,,
192,192,0,96,96,0,0,192,294.054635,904.15703425,1425.884475,184.77682008570147,True,32.603682638283324,32.603682638283324,198.02663499892114,,,112.003889691,17.38025638899996,59.68674190700001,29.263629599999888,96,142.34279552083333,0,561,0,0,0,0.008590299286879599,0.06029999349266291,resource,immediate_allow,610810003,sustained,mean,TRITON_RATE_CAP2_EQUAL_REQUEST_ADAPT_V1,new_triton,0,192,docs/results/external_rules_02/results.csv,02455a3902b4696e6594624e1eb97be654c56d7934649b5ed0aacac3b71121d0,new_triton,,,,,,,,,,,,,,,,,,,,,,,,,,,
192,185,7,96,96,0,67,125,877.2535,8435.572094696628,15447.977733,187.13978619358076,False,,31.90182098966184,,,,,0,55.736370382000004,29.263629617999996,96,3987.868075408602,70.467529606,1294,0,0,0,0.019988800631836057,0.43919996824115515,resource,immediate_allow,610810003,sustained,mean,TRITON_RATE_CAP1_CLASS_WEIGHT_REQUEST_ADAPT_V1,new_triton,148,185,docs/results/external_rules_02/results.csv,02455a3902b4696e6594624e1eb97be654c56d7934649b5ed0aacac3b71121d0,new_triton,,,,,,,,,,,,,,,,,,,,,,,,,,,
192,192,0,96,96,0,0,192,294.054635,904.15703425,1425.884475,184.77682008570147,True,32.603682638283324,32.603682638283324,198.02663499892114,,,112.003889691,17.38025638899996,59.68674190700001,29.263629599999888,96,142.34279552083333,0,561,0,0,0,0.009920598939061165,0.1210999907925725,resource,immediate_allow,610810003,sustained,mean,TRITON_RATE_CAP2_CLASS_WEIGHT_REQUEST_ADAPT_V1,new_triton,0,192,docs/results/external_rules_02/results.csv,02455a3902b4696e6594624e1eb97be654c56d7934649b5ed0aacac3b71121d0,new_triton,,,,,,,,,,,,,,,,,,,,,,,,,,,
192,192,0,96,96,0,0,192,286.608481,901.2845141666667,1417.24951,184.48299584192034,True,32.584573089009574,32.584573089009574,196.51312766405852,,,111.99616632,17.02359495399996,59.617321404,28.522185983999925,96,141.24680117708334,0,560,0,0,0,0.007549499743618071,0.06430002395063639,resource,immediate_allow,610810003,sustained,short_context,TRITON_RATE_OFF_FIXED_REQUEST_ADAPT_V1,new_triton,0,192,docs/results/external_rules_02/results.csv,02455a3902b4696e6594624e1eb97be654c56d7934649b5ed0aacac3b71121d0,new_triton,,,,,,,,,,,,,,,,,,,,,,,,,,,
192,185,7,96,96,87,36,69,10952.677365,5221.648278260869,11765.943139,187.53171686377232,False,,31.809852828776705,,,,,0,57.36913231400003,27.630867685999966,93,5232.443590774194,56.734053266,1294,0,0,0,0.029088599025271833,0.3983000060543418,resource,immediate_allow,610810003,sustained,short_context,TRITON_RATE_CAP1_EQUAL_REQUEST_ADAPT_V1,new_triton,180,185,docs/results/external_rules_02/results.csv,02455a3902b4696e6594624e1eb97be654c56d7934649b5ed0aacac3b71121d0,new_triton,,,,,,,,,,,,,,,,,,,,,,,,,,,
192,192,0,96,96,0,0,192,286.608481,901.2845141666667,1417.24951,184.48299584192034,True,32.584573089009574,32.584573089009574,196.51312766405852,,,111.99616632,17.02359495399996,59.617321404,28.522185983999925,96,141.24680117708334,0,560,0,0,0,0.007387001649476588,0.35170000046491623,resource,immediate_allow,610810003,sustained,short_context,TRITON_RATE_CAP2_EQUAL_REQUEST_ADAPT_V1,new_triton,0,192,docs/results/external_rules_02/results.csv,02455a3902b4696e6594624e1eb97be654c56d7934649b5ed0aacac3b71121d0,new_triton,,,,,,,,,,,,,,,,,,,,,,,,,,,
192,186,6,96,96,0,64,128,885.666013,7840.9142199,14604.228895,187.3177634521443,False,,31.911461376164556,,,,,0,56.477813996000016,28.522186003999984,96,3729.4316895614975,55.685025698,1300,0,0,0,0.027450898429378867,0.18670002464205027,resource,immediate_allow,610810003,sustained,short_context,TRITON_RATE_CAP1_CLASS_WEIGHT_REQUEST_ADAPT_V1,new_triton,147,186,docs/results/external_rules_02/results.csv,02455a3902b4696e6594624e1eb97be654c56d7934649b5ed0aacac3b71121d0,new_triton,,,,,,,,,,,,,,,,,,,,,,,,,,,
192,192,0,96,96,0,0,192,286.608481,901.2845141666667,1417.24951,184.48299584192034,True,32.584573089009574,32.584573089009574,196.51312766405852,,,111.99616632,17.02359495399996,59.617321404,28.522185983999925,96,141.24680117708334,0,560,0,0,0,0.008086199290119112,0.07479998748749495,resource,immediate_allow,610810003,sustained,short_context,TRITON_RATE_CAP2_CLASS_WEIGHT_REQUEST_ADAPT_V1,new_triton,0,192,docs/results/external_rules_02/results.csv,02455a3902b4696e6594624e1eb97be654c56d7934649b5ed0aacac3b71121d0,new_triton,,,,,,,,,,,,,,,,,,,,,,,,,,,
192,192,0,96,96,0,0,192,301.500789,906.9126109583333,1434.095831,185.0687673818229,True,32.62262939490564,32.62262939490564,199.5272659644675,,,112.011613062,17.73437792499999,59.75246800999999,30.005073215999957,96,143.380463390625,0,561,0,0,0,0.00915779871866107,0.317899975925684,resource,immediate_allow,610810003,sustained,long_context,TRITON_RATE_OFF_FIXED_REQUEST_ADAPT_V1,new_triton,0,192,docs/results/external_rules_02/results.csv,02455a3902b4696e6594624e1eb97be654c56d7934649b5ed0aacac3b71121d0,new_triton,,,,,,,,,,,,,,,,,,,,,,,,,,,
192,181,11,96,96,88,42,62,12063.113426,5801.2710560333335,12956.78191,187.33693725317448,False,,31.800755766316417,,,,,0,56.557691012000035,28.442308987999965,91,5880.526677725275,102.86974607899998,1270,0,0,0,0.030599299585446715,0.08200004231184721,resource,immediate_allow,610810003,sustained,long_context,TRITON_RATE_CAP1_EQUAL_REQUEST_ADAPT_V1,new_triton,177,181,docs/results/external_rules_02/results.csv,02455a3902b4696e6594624e1eb97be654c56d7934649b5ed0aacac3b71121d0,new_triton,,,,,,,,,,,,,,,,,,,,,,,,,,,
192,192,0,96,96,0,0,192,301.500789,906.9126109583333,1434.095831,185.0687673818229,True,32.62262939490564,32.62262939490564,199.5272659644675,,,112.011613062,17.73437792499999,59.75246800999999,30.005073215999957,96,143.380463390625,0,561,0,0,0,0.009640899836085737,0.10870001278817654,resource,immediate_allow,610810003,sustained,long_context,TRITON_RATE_CAP2_EQUAL_REQUEST_ADAPT_V1,new_triton,0,192,docs/results/external_rules_02/results.csv,02455a3902b4696e6594624e1eb97be654c56d7934649b5ed0aacac3b71121d0,new_triton,,,,,,,,,,,,,,,,,,,,,,,,,,,
192,184,8,96,96,0,68,124,889.357401,9023.443795761365,16503.369103,186.96180893069652,False,,31.89177618464715,,,,,0,54.994926750000104,30.005073249999896,96,4251.579341481081,85.647111704,1288,0,0,0,0.030322901671752334,0.35500002559274435,resource,immediate_allow,610810003,sustained,long_context,TRITON_RATE_CAP1_CLASS_WEIGHT_REQUEST_ADAPT_V1,new_triton,147,184,docs/results/external_rules_02/results.csv,02455a3902b4696e6594624e1eb97be654c56d7934649b5ed0aacac3b71121d0,new_triton,,,,,,,,,,,,,,,,,,,,,,,,,,,
192,192,0,96,96,0,0,192,301.500789,906.9126109583333,1434.095831,185.0687673818229,True,32.62262939490564,32.62262939490564,199.5272659644675,,,112.011613062,17.73437792499999,59.75246800999999,30.005073215999957,96,143.380463390625,0,561,0,0,0,0.007242898805998266,0.38510002195835114,resource,immediate_allow,610810003,sustained,long_context,TRITON_RATE_CAP2_CLASS_WEIGHT_REQUEST_ADAPT_V1,new_triton,0,192,docs/results/external_rules_02/results.csv,02455a3902b4696e6594624e1eb97be654c56d7934649b5ed0aacac3b71121d0,new_triton,,,,,,,,,,,,,,,,,,,,,,,,,,,
24,24,0,6,18,0,0,24,294.054635,619.471443,619.471443,142.40900755178922,True,30.27769703802473,30.27769703802473,15.241979289210374,,,63.113806429,0,11.191264110000006,1.8289768499999965,6,0.0,0,24,0,0,0,0.0014246002538129687,0.10619999375194311,resource,immediate_allow,610810004,low,mean,TRITON_RATE_OFF_FIXED_REQUEST_ADAPT_V1,new_triton,0,24,docs/results/external_rules_02/results.csv,02455a3902b4696e6594624e1eb97be654c56d7934649b5ed0aacac3b71121d0,new_triton,,,,,,,,,,,,,,,,,,,,,,,,,,,
24,24,0,6,18,0,0,24,294.054635,619.471443,619.471443,142.40900755178922,True,30.27769703802473,30.27769703802473,15.241979289210374,,,63.113806429,0,11.191264110000006,1.8289768499999965,6,0.0,0,24,0,0,0,0.0005630002124235034,0.05780009087175131,resource,immediate_allow,610810004,low,mean,TRITON_RATE_CAP1_EQUAL_REQUEST_ADAPT_V1,new_triton,0,24,docs/results/external_rules_02/results.csv,02455a3902b4696e6594624e1eb97be654c56d7934649b5ed0aacac3b71121d0,new_triton,,,,,,,,,,,,,,,,,,,,,,,,,,,
24,24,0,6,18,0,0,24,294.054635,619.471443,619.471443,142.40900755178922,True,30.27769703802473,30.27769703802473,15.241979289210374,,,63.113806429,0,11.191264110000006,1.8289768499999965,6,0.0,0,24,0,0,0,0.0013740002177655697,0.09229988791048527,resource,immediate_allow,610810004,low,mean,TRITON_RATE_CAP2_EQUAL_REQUEST_ADAPT_V1,new_triton,0,24,docs/results/external_rules_02/results.csv,02455a3902b4696e6594624e1eb97be654c56d7934649b5ed0aacac3b71121d0,new_triton,,,,,,,,,,,,,,,,,,,,,,,,,,,
24,24,0,6,18,0,0,24,294.054635,619.471443,619.471443,142.40900755178922,True,30.27769703802473,30.27769703802473,15.241979289210374,,,63.113806429,0,11.191264110000006,1.8289768499999965,6,0.0,0,24,0,0,0,0.000838500214740634,0.04950002767145634,resource,immediate_allow,610810004,low,mean,TRITON_RATE_CAP1_CLASS_WEIGHT_REQUEST_ADAPT_V1,new_triton,0,24,docs/results/external_rules_02/results.csv,02455a3902b4696e6594624e1eb97be654c56d7934649b5ed0aacac3b71121d0,new_triton,,,,,,,,,,,,,,,,,,,,,,,,,,,
24,24,0,6,18,0,0,24,294.054635,619.471443,619.471443,142.40900755178922,True,30.27769703802473,30.27769703802473,15.241979289210374,,,63.113806429,0,11.191264110000006,1.8289768499999965,6,0.0,0,24,0,0,0,0.0015861005522310734,0.09770004544407129,resource,immediate_allow,610810004,low,mean,TRITON_RATE_CAP2_CLASS_WEIGHT_REQUEST_ADAPT_V1,new_triton,0,24,docs/results/external_rules_02/results.csv,02455a3902b4696e6594624e1eb97be654c56d7934649b5ed0aacac3b71121d0,new_triton,,,,,,,,,,,,,,,,,,,,,,,,,,,
24,24,0,6,18,0,0,24,286.608481,618.790912,618.790912,142.37781429713024,True,30.275584093040074,30.275584093040074,15.16114841107111,,,63.113083299,0,11.178247769999999,1.7826366240000056,6,0.0,0,24,0,0,0,0.001447700196877122,0.09320001117885113,resource,immediate_allow,610810004,low,short_context,TRITON_RATE_OFF_FIXED_REQUEST_ADAPT_V1,new_triton,0,24,docs/results/external_rules_02/results.csv,02455a3902b4696e6594624e1eb97be654c56d7934649b5ed0aacac3b71121d0,new_triton,,,,,,,,,,,,,,,,,,,,,,,,,,,
24,24,0,6,18,0,0,24,286.608481,618.790912,618.790912,142.37781429713024,True,30.275584093040074,30.275584093040074,15.16114841107111,,,63.113083299,0,11.178247769999999,1.7826366240000056,6,0.0,0,24,0,0,0,0.0010726000182330608,0.06180000491440296,resource,immediate_allow,610810004,low,short_context,TRITON_RATE_CAP1_EQUAL_REQUEST_ADAPT_V1,new_triton,0,24,docs/results/external_rules_02/results.csv,02455a3902b4696e6594624e1eb97be654c56d7934649b5ed0aacac3b71121d0,new_triton,,,,,,,,,,,,,,,,,,,,,,,,,,,
24,24,0,6,18,0,0,24,286.608481,618.790912,618.790912,142.37781429713024,True,30.275584093040074,30.275584093040074,15.16114841107111,,,63.113083299,0,11.178247769999999,1.7826366240000056,6,0.0,0,24,0,0,0,0.001149299438111484,0.06729993037879467,resource,immediate_allow,610810004,low,short_context,TRITON_RATE_CAP2_EQUAL_REQUEST_ADAPT_V1,new_triton,0,24,docs/results/external_rules_02/results.csv,02455a3902b4696e6594624e1eb97be654c56d7934649b5ed0aacac3b71121d0,new_triton,,,,,,,,,,,,,,,,,,,,,,,,,,,
24,24,0,6,18,0,0,24,286.608481,618.790912,618.790912,142.37781429713024,True,30.275584093040074,30.275584093040074,15.16114841107111,,,63.113083299,0,11.178247769999999,1.7826366240000056,6,0.0,0,24,0,0,0,0.0013655000366270542,0.14290004037320614,resource,immediate_allow,610810004,low,short_context,TRITON_RATE_CAP1_CLASS_WEIGHT_REQUEST_ADAPT_V1,new_triton,0,24,docs/results/external_rules_02/results.csv,02455a3902b4696e6594624e1eb97be654c56d7934649b5ed0aacac3b71121d0,new_triton,,,,,,,,,,,,,,,,,,,,,,,,,,,
24,24,0,6,18,0,0,24,286.608481,618.790912,618.790912,142.37781429713024,True,30.275584093040074,30.275584093040074,15.16114841107111,,,63.113083299,0,11.178247769999999,1.7826366240000056,6,0.0,0,24,0,0,0,0.0010743000311776996,0.07750000804662704,resource,immediate_allow,610810004,low,short_context,TRITON_RATE_CAP2_CLASS_WEIGHT_REQUEST_ADAPT_V1,new_triton,0,24,docs/results/external_rules_02/results.csv,02455a3902b4696e6594624e1eb97be654c56d7934649b5ed0aacac3b71121d0,new_triton,,,,,,,,,,,,,,,,,,,,,,,,,,,
24,24,0,6,18,0,0,24,301.500789,620.151684,620.151684,142.4397069669535,True,30.27976323164062,30.27976323164062,15.321109170862343,,,63.114491076,0,11.203587756000005,1.8753170760000017,6,0.0,0,24,0,0,0,0.0009705000557005405,0.0567000824958086,resource,immediate_allow,610810004,low,long_context,TRITON_RATE_OFF_FIXED_REQUEST_ADAPT_V1,new_triton,0,24,docs/results/external_rules_02/results.csv,02455a3902b4696e6594624e1eb97be654c56d7934649b5ed0aacac3b71121d0,new_triton,,,,,,,,,,,,,,,,,,,,,,,,,,,
24,24,0,6,18,0,0,24,301.500789,620.151684,620.151684,142.4397069669535,True,30.27976323164062,30.27976323164062,15.321109170862343,,,63.114491076,0,11.203587756000005,1.8753170760000017,6,0.0,0,24,0,0,0,0.00087420002091676,0.05140004213899374,resource,immediate_allow,610810004,low,long_context,TRITON_RATE_CAP1_EQUAL_REQUEST_ADAPT_V1,new_triton,0,24,docs/results/external_rules_02/results.csv,02455a3902b4696e6594624e1eb97be654c56d7934649b5ed0aacac3b71121d0,new_triton,,,,,,,,,,,,,,,,,,,,,,,,,,,
24,24,0,6,18,0,0,24,301.500789,620.151684,620.151684,142.4397069669535,True,30.27976323164062,30.27976323164062,15.321109170862343,,,63.114491076,0,11.203587756000005,1.8753170760000017,6,0.0,0,24,0,0,0,0.0008436004864051938,0.05280005279928446,resource,immediate_allow,610810004,low,long_context,TRITON_RATE_CAP2_EQUAL_REQUEST_ADAPT_V1,new_triton,0,24,docs/results/external_rules_02/results.csv,02455a3902b4696e6594624e1eb97be654c56d7934649b5ed0aacac3b71121d0,new_triton,,,,,,,,,,,,,,,,,,,,,,,,,,,
24,24,0,6,18,0,0,24,301.500789,620.151684,620.151684,142.4397069669535,True,30.27976323164062,30.27976323164062,15.321109170862343,,,63.114491076,0,11.203587756000005,1.8753170760000017,6,0.0,0,24,0,0,0,0.0006828999612480402,0.035100034438073635,resource,immediate_allow,610810004,low,long_context,TRITON_RATE_CAP1_CLASS_WEIGHT_REQUEST_ADAPT_V1,new_triton,0,24,docs/results/external_rules_02/results.csv,02455a3902b4696e6594624e1eb97be654c56d7934649b5ed0aacac3b71121d0,new_triton,,,,,,,,,,,,,,,,,,,,,,,,,,,
24,24,0,6,18,0,0,24,301.500789,620.151684,620.151684,142.4397069669535,True,30.27976323164062,30.27976323164062,15.321109170862343,,,63.114491076,0,11.203587756000005,1.8753170760000017,6,0.0,0,24,0,0,0,0.0005658997688442469,0.03200001083314419,resource,immediate_allow,610810004,low,long_context,TRITON_RATE_CAP2_CLASS_WEIGHT_REQUEST_ADAPT_V1,new_triton,0,24,docs/results/external_rules_02/results.csv,02455a3902b4696e6594624e1eb97be654c56d7934649b5ed0aacac3b71121d0,new_triton,,,,,,,,,,,,,,,,,,,,,,,,,,,
24,24,0,6,18,0,2,22,490.97462,3825.989648333333,6787.243466,141.86397540791523,True,30.479046794711635,30.479046794711635,16.29883880193622,,,46.191264107,1.8289768510000073,11.191264107000002,1.8289768510000073,6,2417.31616875,0,160,0,0,0,0.0022430011304095387,0.09119999594986439,resource,immediate_allow,610810004,queue,mean,TRITON_RATE_OFF_FIXED_REQUEST_ADAPT_V1,new_triton,0,24,docs/results/external_rules_02/results.csv,02455a3902b4696e6594624e1eb97be654c56d7934649b5ed0aacac3b71121d0,new_triton,,,,,,,,,,,,,,,,,,,,,,,,,,,
24,24,0,6,18,0,9,15,955.966608,5214.657257722222,8616.220317,142.4090075510763,True,30.41372859798412,30.41372859798412,14.221778155228467,,,48.020240959,0,11.191264108999995,1.8289768500000037,6,3570.5220570833335,0,160,0,0,0,0.0016052999999374151,0.04320009611546993,resource,immediate_allow,610810004,queue,mean,TRITON_RATE_CAP1_EQUAL_REQUEST_ADAPT_V1,new_triton,10,24,docs/results/external_rules_02/results.csv,02455a3902b4696e6594624e1eb97be654c56d7934649b5ed0aacac3b71121d0,new_triton,,,,,,,,,,,,,,,,,,,,,,,,,,,
24,24,0,6,18,0,2,22,490.97462,3825.989648333333,6787.243466,141.86397540791523,True,30.479046794711635,30.479046794711635,16.29883880193622,,,46.191264107,1.8289768510000073,11.191264107000002,1.8289768510000073,6,2417.31616875,0,160,0,0,0,0.0015017997939139605,0.04499999340623617,resource,immediate_allow,610810004,queue,mean,TRITON_RATE_CAP2_EQUAL_REQUEST_ADAPT_V1,new_triton,0,24,docs/results/external_rules_02/results.csv,02455a3902b4696e6594624e1eb97be654c56d7934649b5ed0aacac3b71121d0,new_triton,,,,,,,,,,,,,,,,,,,,,,,,,,,
24,24,0,6,18,0,9,15,897.717933,5231.592228555555,8616.220317,142.40900755083624,True,30.41415578162571,30.41415578162571,14.234350588574149,,,48.020240959,0,11.191264107999999,1.8289768510000002,6,3557.3175812916666,0,160,0,0,0,0.0034743002615869045,0.09720004163682461,resource,immediate_allow,610810004,queue,mean,TRITON_RATE_CAP1_CLASS_WEIGHT_REQUEST_ADAPT_V1,new_triton,9,24,docs/results/external_rules_02/results.csv,02455a3902b4696e6594624e1eb97be654c56d7934649b5ed0aacac3b71121d0,new_triton,,,,,,,,,,,,,,,,,,,,,,,,,,,
24,24,0,6,18,0,2,22,490.97462,3825.989648333333,6787.243466,141.86397540791523,True,30.479046794711635,30.479046794711635,16.29883880193622,,,46.191264107,1.8289768510000073,11.191264107000002,1.8289768510000073,6,2417.31616875,0,160,0,0,0,0.003209899296052754,0.085200066678226,resource,immediate_allow,610810004,queue,mean,TRITON_RATE_CAP2_CLASS_WEIGHT_REQUEST_ADAPT_V1,new_triton,0,24,docs/results/external_rules_02/results.csv,02455a3902b4696e6594624e1eb97be654c56d7934649b5ed0aacac3b71121d0,new_triton,,,,,,,,,,,,,,,,,,,,,,,,,,,
24,24,0,6,18,0,2,22,468.081724,3819.162509333333,6774.269719,141.84659146205846,True,30.475258204862342,30.475258204862342,16.156099975936314,,,46.178247762,1.782636625000002,11.178247761999998,1.782636625000002,6,2411.7407917083333,0,160,0,0,0,0.003861598437651992,0.1086000120267272,resource,immediate_allow,610810004,queue,short_context,TRITON_RATE_OFF_FIXED_REQUEST_ADAPT_V1,new_triton,0,24,docs/results/external_rules_02/results.csv,02455a3902b4696e6594624e1eb97be654c56d7934649b5ed0aacac3b71121d0,new_triton,,,,,,,,,,,,,,,,,,,,,,,,,,,
24,24,0,6,18,0,9,15,905.564817,5172.6458727222225,8556.906344,142.37781429165966,True,30.4110808739903,30.4110808739903,14.134812391164687,,,47.960884387,0,11.178247760999994,1.7826366260000057,6,3533.913419,0,160,0,0,0,0.0028195001650601625,0.07179996464401484,resource,immediate_allow,610810004,queue,short_context,TRITON_RATE_CAP1_EQUAL_REQUEST_ADAPT_V1,new_triton,10,24,docs/results/external_rules_02/results.csv,02455a3902b4696e6594624e1eb97be654c56d7934649b5ed0aacac3b71121d0,new_triton,,,,,,,,,,,,,,,,,,,,,,,,,,,
24,24,0,6,18,0,2,22,468.081724,3819.162509333333,6774.269719,141.84659146205846,True,30.475258204862342,30.475258204862342,16.156099975936314,,,46.178247762,1.782636625000002,11.178247761999998,1.782636625000002,6,2411.7407917083333,0,160,0,0,0,0.00261740037240088,0.08969998452812433,resource,immediate_allow,610810004,queue,short_context,TRITON_RATE_CAP2_EQUAL_REQUEST_ADAPT_V1,new_triton,0,24,docs/results/external_rules_02/results.csv,02455a3902b4696e6594624e1eb97be654c56d7934649b5ed0aacac3b71121d0,new_triton,,,,,,,,,,,,,,,,,,,,,,,,,,,
24,24,0,6,18,0,9,15,905.564817,5172.6458727222225,8556.906344,142.37781429165966,True,30.4110808739903,30.4110808739903,14.134812391164687,,,47.960884387,0,11.178247760999994,1.7826366260000057,6,3533.913419,0,160,0,0,0,0.0035246999468654394,0.09210000280290842,resource,immediate_allow,610810004,queue,short_context,TRITON_RATE_CAP1_CLASS_WEIGHT_REQUEST_ADAPT_V1,new_triton,10,24,docs/results/external_rules_02/results.csv,02455a3902b4696e6594624e1eb97be654c56d7934649b5ed0aacac3b71121d0,new_triton,,,,,,,,,,,,,,,,,,,,,,,,,,,
24,24,0,6,18,0,2,22,468.081724,3819.162509333333,6774.269719,141.84659146205846,True,30.475258204862342,30.475258204862342,16.156099975936314,,,46.178247762,1.782636625000002,11.178247761999998,1.782636625000002,6,2411.7407917083333,0,160,0,0,0,0.004010300152003765,0.11640007141977549,resource,immediate_allow,610810004,queue,short_context,TRITON_RATE_CAP2_CLASS_WEIGHT_REQUEST_ADAPT_V1,new_triton,0,24,docs/results/external_rules_02/results.csv,02455a3902b4696e6594624e1eb97be654c56d7934649b5ed0aacac3b71121d0,new_triton,,,,,,,,,,,,,,,,,,,,,,,,,,,
24,24,0,6,18,0,2,22,513.867516,3832.4893875,6799.562703,141.88086550928682,True,30.482838062097333,30.482838062097333,16.44020241723112,,,46.203587751,1.8753170770000054,11.203587751,1.8753170770000054,6,2422.6462137916665,0,160,0,0,0,0.0029852999141439795,0.09270000737160444,resource,immediate_allow,610810004,queue,long_context,TRITON_RATE_OFF_FIXED_REQUEST_ADAPT_V1,new_triton,0,24,docs/results/external_rules_02/results.csv,02455a3902b4696e6594624e1eb97be654c56d7934649b5ed0aacac3b71121d0,new_triton,,,,,,,,,,,,,,,,,,,,,,,,,,,
24,24,0,6,18,0,9,15,1006.137498,5256.341242833333,8674.879781,142.43970696386177,True,30.41149606897527,30.41149606897527,14.302658157203506,,,48.078904828,0,11.203587750999986,1.8753170770000125,6,3606.8436729583336,0,160,0,0,0,0.0018555005080997944,0.054900068789720535,resource,immediate_allow,610810004,queue,long_context,TRITON_RATE_CAP1_EQUAL_REQUEST_ADAPT_V1,new_triton,10,24,docs/results/external_rules_02/results.csv,02455a3902b4696e6594624e1eb97be654c56d7934649b5ed0aacac3b71121d0,new_triton,,,,,,,,,,,,,,,,,,,,,,,,,,,
24,24,0,6,18,0,2,22,513.867516,3832.4893875,6799.562703,141.88086550928682,True,30.482838062097333,30.482838062097333,16.44020241723112,,,46.203587751,1.8753170770000054,11.203587751,1.8753170770000054,6,2422.6462137916665,0,160,0,0,0,0.0019506992539390922,0.04610000178217888,resource,immediate_allow,610810004,queue,long_context,TRITON_RATE_CAP2_EQUAL_REQUEST_ADAPT_V1,new_triton,0,24,docs/results/external_rules_02/results.csv,02455a3902b4696e6594624e1eb97be654c56d7934649b5ed0aacac3b71121d0,new_triton,,,,,,,,,,,,,,,,,,,,,,,,,,,
24,24,0,6,18,0,9,15,931.072787,5273.705289888889,8674.879781,142.43970696386177,True,30.411935491020387,30.411935491020387,14.31559077876242,,,48.078904828,0,11.203587750999993,1.8753170770000054,6,3593.9324772916666,0,160,0,0,0,0.002067399211227894,0.04840001929551363,resource,immediate_allow,610810004,queue,long_context,TRITON_RATE_CAP1_CLASS_WEIGHT_REQUEST_ADAPT_V1,new_triton,9,24,docs/results/external_rules_02/results.csv,02455a3902b4696e6594624e1eb97be654c56d7934649b5ed0aacac3b71121d0,new_triton,,,,,,,,,,,,,,,,,,,,,,,,,,,
24,24,0,6,18,0,2,22,513.867516,3832.4893875,6799.562703,141.88086550928682,True,30.482838062097333,30.482838062097333,16.44020241723112,,,46.203587751,1.8753170770000054,11.203587751,1.8753170770000054,6,2422.6462137916665,0,160,0,0,0,0.002222300157882273,0.05249993409961462,resource,immediate_allow,610810004,queue,long_context,TRITON_RATE_CAP2_CLASS_WEIGHT_REQUEST_ADAPT_V1,new_triton,0,24,docs/results/external_rules_02/results.csv,02455a3902b4696e6594624e1eb97be654c56d7934649b5ed0aacac3b71121d0,new_triton,,,,,,,,,,,,,,,,,,,,,,,,,,,
24,24,0,6,18,0,1,23,522.358377,3327.8715921666667,6351.512723,141.86397540774033,True,30.472860098037323,30.472860098037323,16.127875030775535,,,46.191264107,1.8289768499999965,11.191264107000002,1.8289768499999965,6,2050.088405833333,0,160,0,0,0,0.003418401232920587,0.11789996642619371,resource,immediate_allow,610810004,burst,mean,TRITON_RATE_OFF_FIXED_REQUEST_ADAPT_V1,new_triton,0,24,docs/results/external_rules_02/results.csv,02455a3902b4696e6594624e1eb97be654c56d7934649b5ed0aacac3b71121d0,new_triton,,,,,,,,,,,,,,,,,,,,,,,,,,,
24,24,0,6,18,1,7,16,2050.516876,4801.214055833333,8180.489574,142.4090075510763,True,30.415588616283127,30.415588616283127,14.27652031716865,,,48.020240959,0,11.191264108999988,1.8289768500000108,6,3377.96818475,0,160,0,0,0,0.0019340995931997895,0.07060007192194462,resource,immediate_allow,610810004,burst,mean,TRITON_RATE_CAP1_EQUAL_REQUEST_ADAPT_V1,new_triton,12,24,docs/results/external_rules_02/results.csv,02455a3902b4696e6594624e1eb97be654c56d7934649b5ed0aacac3b71121d0,new_triton,,,,,,,,,,,,,,,,,,,,,,,,,,,
24,24,0,6,18,0,1,23,522.358377,3327.8715921666667,6351.512723,141.86397540774033,True,30.472860098037323,30.472860098037323,16.127875030775535,,,46.191264107,1.8289768499999965,11.191264107000002,1.8289768499999965,6,2050.088405833333,0,160,0,0,0,0.001376601867377758,0.04339998122304678,resource,immediate_allow,610810004,burst,mean,TRITON_RATE_CAP2_EQUAL_REQUEST_ADAPT_V1,new_triton,0,24,docs/results/external_rules_02/results.csv,02455a3902b4696e6594624e1eb97be654c56d7934649b5ed0aacac3b71121d0,new_triton,,,,,,,,,,,,,,,,,,,,,,,,,,,
24,24,0,6,18,0,7,17,818.816628,4902.823880888889,8180.489574,142.40900755035616,True,30.417935086057824,30.417935086057824,14.34557922291322,,,48.020240959,0,11.191264105999998,1.8289768530000003,6,3298.7413298750002,0,160,0,0,0,0.0015297001227736473,0.04409998655319214,resource,immediate_allow,610810004,burst,mean,TRITON_RATE_CAP1_CLASS_WEIGHT_REQUEST_ADAPT_V1,new_triton,10,24,docs/results/external_rules_02/results.csv,02455a3902b4696e6594624e1eb97be654c56d7934649b5ed0aacac3b71121d0,new_triton,,,,,,,,,,,,,,,,,,,,,,,,,,,
24,24,0,6,18,0,1,23,522.358377,3327.8715921666667,6351.512723,141.86397540774033,True,30.472860098037323,30.472860098037323,16.127875030775535,,,46.191264107,1.8289768499999965,11.191264107000002,1.8289768499999965,6,2050.088405833333,0,160,0,0,0,0.0017835989128798246,0.04700000863522291,resource,immediate_allow,610810004,burst,mean,TRITON_RATE_CAP2_CLASS_WEIGHT_REQUEST_ADAPT_V1,new_triton,0,24,docs/results/external_rules_02/results.csv,02455a3902b4696e6594624e1eb97be654c56d7934649b5ed0aacac3b71121d0,new_triton,,,,,,,,,,,,,,,,,,,,,,,,,,,
24,24,0,6,18,0,1,23,507.188852,3321.0444531666667,6338.538976,141.84659146188358,True,30.469238994964087,30.469238994964087,15.989200414896757,,,46.178247762,1.7826366240000056,11.178247761999998,1.7826366240000056,6,2044.8348359166666,0,160,0,0,0,0.0023676998680457473,0.08769996929913759,resource,immediate_allow,610810004,burst,short_context,TRITON_RATE_OFF_FIXED_REQUEST_ADAPT_V1,new_triton,0,24,docs/results/external_rules_02/results.csv,02455a3902b4696e6594624e1eb97be654c56d7934649b5ed0aacac3b71121d0,new_triton,,,,,,,,,,,,,,,,,,,,,,,,,,,
24,24,0,6,18,1,7,16,2017.008087,4757.057289944444,8121.175601,142.3778142918997,True,30.412890644622284,30.412890644622284,14.187965869855095,,,47.960884387,0,11.178247761999998,1.782636625000002,6,3339.9011632083334,0,160,0,0,0,0.0015564010245725513,0.04270009230822325,resource,immediate_allow,610810004,burst,short_context,TRITON_RATE_CAP1_EQUAL_REQUEST_ADAPT_V1,new_triton,12,24,docs/results/external_rules_02/results.csv,02455a3902b4696e6594624e1eb97be654c56d7934649b5ed0aacac3b71121d0,new_triton,,,,,,,,,,,,,,,,,,,,,,,,,,,
24,24,0,6,18,0,1,23,507.188852,3321.0444531666667,6338.538976,141.84659146188358,True,30.469238994964087,30.469238994964087,15.989200414896757,,,46.178247762,1.7826366240000056,11.178247761999998,1.7826366240000056,6,2044.8348359166666,0,160,0,0,0,0.0015326003776863217,0.0711000757291913,resource,immediate_allow,610810004,burst,short_context,TRITON_RATE_CAP2_EQUAL_REQUEST_ADAPT_V1,new_triton,0,24,docs/results/external_rules_02/results.csv,02455a3902b4696e6594624e1eb97be654c56d7934649b5ed0aacac3b71121d0,new_triton,,,,,,,,,,,,,,,,,,,,,,,,,,,
24,24,0,6,18,0,7,17,895.39643,4839.586763333334,8121.175601,142.3778142918997,True,30.4147568620588,30.4147568620588,14.242777207264531,,,47.960884387,0,11.178247762000005,1.782636624999995,6,3272.4204006666664,0,160,0,0,0,0.002874099067412317,0.07559999357908964,resource,immediate_allow,610810004,burst,short_context,TRITON_RATE_CAP1_CLASS_WEIGHT_REQUEST_ADAPT_V1,new_triton,10,24,docs/results/external_rules_02/results.csv,02455a3902b4696e6594624e1eb97be654c56d7934649b5ed0aacac3b71121d0,new_triton,,,,,,,,,,,,,,,,,,,,,,,,,,,
24,24,0,6,18,0,1,23,507.188852,3321.0444531666667,6338.538976,141.84659146188358,True,30.469238994964087,30.469238994964087,15.989200414896757,,,46.178247762,1.7826366240000056,11.178247761999998,1.7826366240000056,6,2044.8348359166666,0,160,0,0,0,0.0017791006248444319,0.046200002543628216,resource,immediate_allow,610810004,burst,short_context,TRITON_RATE_CAP2_CLASS_WEIGHT_REQUEST_ADAPT_V1,new_triton,0,24,docs/results/external_rules_02/results.csv,02455a3902b4696e6594624e1eb97be654c56d7934649b5ed0aacac3b71121d0,new_triton,,,,,,,,,,,,,,,,,,,,,,,,,,,
24,24,0,6,18,0,1,23,537.527902,3334.3713313333333,6363.83196,141.8808655094617,True,30.476483306778924,30.476483306778924,16.2648827908072,,,46.203587751,1.875317078000009,11.203587751,1.875317078000009,6,2055.0966437083334,0,160,0,0,0,0.0018753997283056378,0.06160000339150429,resource,immediate_allow,610810004,burst,long_context,TRITON_RATE_OFF_FIXED_REQUEST_ADAPT_V1,new_triton,0,24,docs/results/external_rules_02/results.csv,02455a3902b4696e6594624e1eb97be654c56d7934649b5ed0aacac3b71121d0,new_triton,,,,,,,,,,,,,,,,,,,,,,,,,,,
24,24,0,6,18,1,7,16,2083.87173,4845.043421666666,8239.149038,142.4397069641018,True,30.41340637323442,30.41340637323442,14.358880284246567,,,48.078904828,0,11.203587751999983,1.875317076000016,6,3415.7562016666666,0,160,0,0,0,0.002911300165578723,0.07130007725208998,resource,immediate_allow,610810004,burst,long_context,TRITON_RATE_CAP1_EQUAL_REQUEST_ADAPT_V1,new_triton,12,24,docs/results/external_rules_02/results.csv,02455a3902b4696e6594624e1eb97be654c56d7934649b5ed0aacac3b71121d0,new_triton,,,,,,,,,,,,,,,,,,,,,,,,,,,
24,24,0,6,18,0,1,23,537.527902,3334.3713313333333,6363.83196,141.8808655094617,True,30.476483306778924,30.476483306778924,16.2648827908072,,,46.203587751,1.875317078000009,11.203587751,1.875317078000009,6,2055.0966437083334,0,160,0,0,0,0.0013860003091394901,0.04179996903985739,resource,immediate_allow,610810004,burst,long_context,TRITON_RATE_CAP2_EQUAL_REQUEST_ADAPT_V1,new_triton,0,24,docs/results/external_rules_02/results.csv,02455a3902b4696e6594624e1eb97be654c56d7934649b5ed0aacac3b71121d0,new_triton,,,,,,,,,,,,,,,,,,,,,,,,,,,
24,24,0,6,18,0,7,17,839.028647,4949.227703944444,8239.149038,142.43970696386177,True,30.41581825765466,30.41581825765466,14.429864407136353,,,48.078904828,0,11.203587751,1.8753170769999983,6,3338.2890277083334,0,160,0,0,0,0.0026752989506348968,0.061400001868605614,resource,immediate_allow,610810004,burst,long_context,TRITON_RATE_CAP1_CLASS_WEIGHT_REQUEST_ADAPT_V1,new_triton,10,24,docs/results/external_rules_02/results.csv,02455a3902b4696e6594624e1eb97be654c56d7934649b5ed0aacac3b71121d0,new_triton,,,,,,,,,,,,,,,,,,,,,,,,,,,
24,24,0,6,18,0,1,23,537.527902,3334.3713313333333,6363.83196,141.8808655094617,True,30.476483306778924,30.476483306778924,16.2648827908072,,,46.203587751,1.875317078000009,11.203587751,1.875317078000009,6,2055.0966437083334,0,160,0,0,0,0.0017757992027327418,0.04930002614855766,resource,immediate_allow,610810004,burst,long_context,TRITON_RATE_CAP2_CLASS_WEIGHT_REQUEST_ADAPT_V1,new_triton,0,24,docs/results/external_rules_02/results.csv,02455a3902b4696e6594624e1eb97be654c56d7934649b5ed0aacac3b71121d0,new_triton,,,,,,,,,,,,,,,,,,,,,,,,,,,
192,192,0,96,96,0,0,192,294.054635,927.25524184375,1539.445536,184.8448167087616,True,32.51944989135954,32.51944989135954,198.22832323446056,,,112.312290294,17.152078565000046,59.68674190800003,29.263629600000087,96,153.891899328125,0,563,0,0,0,0.00538429943844676,0.13459997717291117,resource,immediate_allow,610810004,sustained,mean,TRITON_RATE_OFF_FIXED_REQUEST_ADAPT_V1,new_triton,0,192,docs/results/external_rules_02/results.csv,02455a3902b4696e6594624e1eb97be654c56d7934649b5ed0aacac3b71121d0,new_triton,,,,,,,,,,,,,,,,,,,,,,,,,,,
192,182,10,96,96,81,48,63,11042.797086,7008.025130307692,14174.200844,187.2921745034712,False,,31.80519029992353,,,,,0,56.96108922399998,27.739482245000026,91,6001.174529153005,90.06495022,1260,0,0,0,0.02611569711007178,0.32430002465844154,resource,immediate_allow,610810004,sustained,mean,TRITON_RATE_CAP1_EQUAL_REQUEST_ADAPT_V1,new_triton,176,182,docs/results/external_rules_02/results.csv,02455a3902b4696e6594624e1eb97be654c56d7934649b5ed0aacac3b71121d0,new_triton,,,,,,,,,,,,,,,,,,,,,,,,,,,
192,192,0,96,96,0,0,192,294.054635,927.25524184375,1539.445536,184.8448167087616,True,32.51944989135954,32.51944989135954,198.22832323446056,,,112.312290294,17.152078565000046,59.68674190800003,29.263629600000087,96,153.891899328125,0,563,0,0,0,0.007679199334233999,0.05979998968541622,resource,immediate_allow,610810004,sustained,mean,TRITON_RATE_CAP2_EQUAL_REQUEST_ADAPT_V1,new_triton,0,192,docs/results/external_rules_02/results.csv,02455a3902b4696e6594624e1eb97be654c56d7934649b5ed0aacac3b71121d0,new_triton,,,,,,,,,,,,,,,,,,,,,,,,,,,
192,185,7,96,96,0,71,121,902.806956,9795.254224460674,18746.642973,186.92631583734305,False,,31.879593713681025,,,,,0,55.43694184800001,29.263629620999993,96,4601.778472946236,62.70694562299999,1278,0,0,0,0.026332701090723276,0.4781000316143036,resource,immediate_allow,610810004,sustained,mean,TRITON_RATE_CAP1_CLASS_WEIGHT_REQUEST_ADAPT_V1,new_triton,144,185,docs/results/external_rules_02/results.csv,02455a3902b4696e6594624e1eb97be654c56d7934649b5ed0aacac3b71121d0,new_triton,,,,,,,,,,,,,,,,,,,,,,,,,,,
192,192,0,96,96,0,0,192,294.054635,927.25524184375,1539.445536,184.8448167087616,True,32.51944989135954,32.51944989135954,198.22832323446056,,,112.312290294,17.152078565000046,59.68674190800003,29.263629600000087,96,153.891899328125,0,563,0,0,0,0.01104650110937655,0.49869995564222336,resource,immediate_allow,610810004,sustained,mean,TRITON_RATE_CAP2_CLASS_WEIGHT_REQUEST_ADAPT_V1,new_triton,0,192,docs/results/external_rules_02/results.csv,02455a3902b4696e6594624e1eb97be654c56d7934649b5ed0aacac3b71121d0,new_triton,,,,,,,,,,,,,,,,,,,,,,,,,,,
192,192,0,96,96,0,0,192,286.608481,923.9356868020833,1527.91805,184.54753590676967,True,32.499822892277585,32.499822892277585,196.73214943789853,,,112.311567164,16.807016384000036,59.61732140600004,28.52218598400004,96,152.57238749479166,0,560,0,0,0,0.007494997698813677,0.09019998833537102,resource,immediate_allow,610810004,sustained,short_context,TRITON_RATE_OFF_FIXED_REQUEST_ADAPT_V1,new_triton,0,192,docs/results/external_rules_02/results.csv,02455a3902b4696e6594624e1eb97be654c56d7934649b5ed0aacac3b71121d0,new_triton,,,,,,,,,,,,,,,,,,,,,,,,,,,
192,184,8,96,96,80,48,64,10457.948291,6694.009550630435,13512.523816,187.37304573722287,False,,31.80925461168091,,,,,0,57.34363977099996,27.333761585000047,92,5702.692154,67.021401485,1272,0,0,0,0.027302099741064012,0.37329993210732937,resource,immediate_allow,610810004,sustained,short_context,TRITON_RATE_CAP1_EQUAL_REQUEST_ADAPT_V1,new_triton,178,184,docs/results/external_rules_02/results.csv,02455a3902b4696e6594624e1eb97be654c56d7934649b5ed0aacac3b71121d0,new_triton,,,,,,,,,,,,,,,,,,,,,,,,,,,
192,192,0,96,96,0,0,192,286.608481,923.9356868020833,1527.91805,184.54753590676967,True,32.499822892277585,32.499822892277585,196.73214943789853,,,112.311567164,16.807016384000036,59.61732140600004,28.52218598400004,96,152.57238749479166,0,560,0,0,0,0.007012899033725262,0.2878999803215265,resource,immediate_allow,610810004,sustained,short_context,TRITON_RATE_CAP2_EQUAL_REQUEST_ADAPT_V1,new_triton,0,192,docs/results/external_rules_02/results.csv,02455a3902b4696e6594624e1eb97be654c56d7934649b5ed0aacac3b71121d0,new_triton,,,,,,,,,,,,,,,,,,,,,,,,,,,
192,186,6,96,96,0,67,125,858.017424,9188.833737922223,17969.115379,187.08777452339916,False,,31.89021963340206,,,,,0,56.155215354000006,28.522186001999998,96,4357.371190122994,50.80283417399999,1284,0,0,0,0.023377199191600084,7.120500085875392,resource,immediate_allow,610810004,sustained,short_context,TRITON_RATE_CAP1_CLASS_WEIGHT_REQUEST_ADAPT_V1,new_triton,146,186,docs/results/external_rules_02/results.csv,02455a3902b4696e6594624e1eb97be654c56d7934649b5ed0aacac3b71121d0,new_triton,,,,,,,,,,,,,,,,,,,,,,,,,,,
192,192,0,96,96,0,0,192,286.608481,923.9356868020833,1527.91805,184.54753590676967,True,32.499822892277585,32.499822892277585,196.73214943789853,,,112.311567164,16.807016384000036,59.61732140600004,28.52218598400004,96,152.57238749479166,0,560,0,0,0,0.007078399299643934,0.045599997974932194,resource,immediate_allow,610810004,sustained,short_context,TRITON_RATE_CAP2_CLASS_WEIGHT_REQUEST_ADAPT_V1,new_triton,0,192,docs/results/external_rules_02/results.csv,02455a3902b4696e6594624e1eb97be654c56d7934649b5ed0aacac3b71121d0,new_triton,,,,,,,,,,,,,,,,,,,,,,,,,,,
192,192,0,96,96,0,0,192,301.500789,930.4601180625,1550.39548,185.13784141463805,True,32.5392756431616,32.5392756431616,199.72248398594297,,,112.312974941,17.502584610000035,59.752468010000044,30.00507321600002,96,155.15421693229166,0,564,0,0,0,0.007196897873654962,0.3299000672996044,resource,immediate_allow,610810004,sustained,long_context,TRITON_RATE_OFF_FIXED_REQUEST_ADAPT_V1,new_triton,0,192,docs/results/external_rules_02/results.csv,02455a3902b4696e6594624e1eb97be654c56d7934649b5ed0aacac3b71121d0,new_triton,,,,,,,,,,,,,,,,,,,,,,,,,,,
192,180,12,96,96,81,51,60,11200.500303,7317.032686577778,14832.760423,187.21501113480392,False,,31.80182373186576,,,,,0,56.59398544200001,28.12975613999999,90,6289.468526337017,114.715494308,1248,0,0,0,0.023591402801685035,0.3809999907389283,resource,immediate_allow,610810004,sustained,long_context,TRITON_RATE_CAP1_EQUAL_REQUEST_ADAPT_V1,new_triton,175,180,docs/results/external_rules_02/results.csv,02455a3902b4696e6594624e1eb97be654c56d7934649b5ed0aacac3b71121d0,new_triton,,,,,,,,,,,,,,,,,,,,,,,,,,,
192,192,0,96,96,0,0,192,301.500789,930.4601180625,1550.39548,185.13784141463805,True,32.5392756431616,32.5392756431616,199.72248398594297,,,112.312974941,17.502584610000035,59.752468010000044,30.00507321600002,96,155.15421693229166,0,564,0,0,0,0.005645499681122601,0.0754999928176403,resource,immediate_allow,610810004,sustained,long_context,TRITON_RATE_CAP2_EQUAL_REQUEST_ADAPT_V1,new_triton,0,192,docs/results/external_rules_02/results.csv,02455a3902b4696e6594624e1eb97be654c56d7934649b5ed0aacac3b71121d0,new_triton,,,,,,,,,,,,,,,,,,,,,,,,,,,
192,183,9,96,96,0,78,114,879.349465,10268.592656793104,19521.053118,186.76485715176702,False,,31.868046280948313,,,,,0,54.71866834400004,30.005073237999966,96,4813.877565342391,90.170520238,1266,0,0,0,0.028326299623586237,0.3307000733911991,resource,immediate_allow,610810004,sustained,long_context,TRITON_RATE_CAP1_CLASS_WEIGHT_REQUEST_ADAPT_V1,new_triton,145,183,docs/results/external_rules_02/results.csv,02455a3902b4696e6594624e1eb97be654c56d7934649b5ed0aacac3b71121d0,new_triton,,,,,,,,,,,,,,,,,,,,,,,,,,,
192,192,0,96,96,0,0,192,301.500789,930.4601180625,1550.39548,185.13784141463805,True,32.5392756431616,32.5392756431616,199.72248398594297,,,112.312974941,17.502584610000035,59.752468010000044,30.00507321600002,96,155.15421693229166,0,564,0,0,0,0.007277899770997465,0.2986000617966056,resource,immediate_allow,610810004,sustained,long_context,TRITON_RATE_CAP2_CLASS_WEIGHT_REQUEST_ADAPT_V1,new_triton,0,192,docs/results/external_rules_02/results.csv,02455a3902b4696e6594624e1eb97be654c56d7934649b5ed0aacac3b71121d0,new_triton,,,,,,,,,,,,,,,,,,,,,,,,,,,
24,24,0,6,18,0,0,24,156.179931,619.471443,619.471443,142.12345650915358,True,30.201316641933143,30.201316641933143,13.263114747566242,,,63.199185348,0,12.18256176600002,0,0,0.0,0,24,0,0,0,,,resource,immediate_allow,610810001,low,mean,SHARED_EFT,reused_external_rules_01,,,docs/results/external_rules_02/results.csv,02455a3902b4696e6594624e1eb97be654c56d7934649b5ed0aacac3b71121d0,reused_external_rules_01,,,,,,,,,,,,,,,,,,,,,,,,,,,
24,24,0,6,18,0,0,24,1389.232493,1869.617036388889,3167.922184,142.08020965927452,True,30.219053395658758,30.219053395658758,14.005698416656095,,,65.199185348,0.30482947499999824,12.017345490000004,0.30482947499999824,1,1037.7232906250001,0,136,0,0,0,,,resource,immediate_allow,610810001,low,mean,ENERGY_AP_REQUEST_V1,reused_external_rules_01,,,docs/results/external_rules_02/results.csv,02455a3902b4696e6594624e1eb97be654c56d7934649b5ed0aacac3b71121d0,reused_external_rules_01,,,,,,,,,,,,,,,,,,,,,,,,,,,
24,24,0,6,18,0,0,24,156.179931,798.6472210555555,1369.471443,142.12345650915358,True,30.20860944715753,30.20860944715753,13.154058747664738,,,63.699185348,0,12.18256176600002,0,0,134.38183354166665,0,40,0,0,0,1.2100643992889673,178.19070001132786,resource,immediate_allow,610810001,low,mean,ARRIVED_QUEUE_J_PEAK_AREA_V1,reused_external_rules_01,,,docs/results/external_rules_02/results.csv,02455a3902b4696e6594624e1eb97be654c56d7934649b5ed0aacac3b71121d0,reused_external_rules_01,,,,,,,,,,,,,,,,,,,,,,,,,,,
24,24,0,6,18,0,0,24,156.179931,619.471443,619.471443,142.12345650915358,True,30.201316641933143,30.201316641933143,13.263114747566242,,,63.199185348,0,12.18256176600002,0,0,0.0,0,24,0,0,24,0.0028695996152237058,0.255499966442585,resource,immediate_allow,610810001,low,mean,BAND_HEFT_WHOLE_REQUEST_ADAPT_V1,reused_external_rules_01,,,docs/results/external_rules_02/results.csv,02455a3902b4696e6594624e1eb97be654c56d7934649b5ed0aacac3b71121d0,reused_external_rules_01,,,,,,,,,,,,,,,,,,,,,,,,,,,
24,24,0,6,18,0,0,24,156.179931,618.790912,618.790912,142.11417682321968,True,30.200374546317377,30.200374546317377,13.232329035579593,,,63.198462218,0,12.16954542600002,0,0,0.0,0,24,0,0,0,,,resource,immediate_allow,610810001,low,short_context,SHARED_EFT,reused_external_rules_01,,,docs/results/external_rules_02/results.csv,02455a3902b4696e6594624e1eb97be654c56d7934649b5ed0aacac3b71121d0,reused_external_rules_01,,,,,,,,,,,,,,,,,,,,,,,,,,,
24,24,0,6,18,0,0,24,1389.232493,1868.8963314444445,3167.241653,142.06957926180877,True,30.217688017543328,30.217688017543328,13.95667406657639,,,65.198462218,0.2971061040000009,12.004329147000007,0.2971061040000009,1,1037.6931602083334,0,136,0,0,0,,,resource,immediate_allow,610810001,low,short_context,ENERGY_AP_REQUEST_V1,reused_external_rules_01,,,docs/results/external_rules_02/results.csv,02455a3902b4696e6594624e1eb97be654c56d7934649b5ed0aacac3b71121d0,reused_external_rules_01,,,,,,,,,,,,,,,,,,,,,,,,,,,
24,24,0,6,18,0,0,24,156.179931,797.9265161111111,1368.790912,142.11417682250675,True,30.20765668296399,30.20765668296399,13.123079864409931,,,63.698462218,0,12.169545425000024,0,0,134.351703125,0,40,0,0,0,0.533960499917157,30.236000078730285,resource,immediate_allow,610810001,low,short_context,ARRIVED_QUEUE_J_PEAK_AREA_V1,reused_external_rules_01,,,docs/results/external_rules_02/results.csv,02455a3902b4696e6594624e1eb97be654c56d7934649b5ed0aacac3b71121d0,reused_external_rules_01,,,,,,,,,,,,,,,,,,,,,,,,,,,
24,24,0,6,18,0,0,24,156.179931,618.790912,618.790912,142.11417682321968,True,30.200374546317377,30.200374546317377,13.232329035579593,,,63.198462218,0,12.16954542600002,0,0,0.0,0,24,0,0,24,0.0022067996906116605,0.20020001102238894,resource,immediate_allow,610810001,low,short_context,BAND_HEFT_WHOLE_REQUEST_ADAPT_V1,reused_external_rules_01,,,docs/results/external_rules_02/results.csv,02455a3902b4696e6594624e1eb97be654c56d7934649b5ed0aacac3b71121d0,reused_external_rules_01,,,,,,,,,,,,,,,,,,,,,,,,,,,
24,24,0,6,18,0,0,24,156.179931,620.151684,620.151684,142.13224235559284,True,30.202208630636715,30.202208630636715,13.292263070585342,,,63.199869995,0,12.19488541200002,0,0,0.0,0,24,0,0,0,,,resource,immediate_allow,610810001,low,long_context,SHARED_EFT,reused_external_rules_01,,,docs/results/external_rules_02/results.csv,02455a3902b4696e6594624e1eb97be654c56d7934649b5ed0aacac3b71121d0,reused_external_rules_01,,,,,,,,,,,,,,,,,,,,,,,,,,,
24,24,0,6,18,0,0,24,1389.232493,1870.3353133333333,3168.602425,142.090346212968,True,30.220374141619256,30.220374141619256,14.053128707275778,,,65.199869995,0.31255284600000266,12.029669133000006,0.31255284600000266,1,1037.7518175833334,0,137,0,0,0,,,resource,immediate_allow,610810001,low,long_context,ENERGY_AP_REQUEST_V1,reused_external_rules_01,,,docs/results/external_rules_02/results.csv,02455a3902b4696e6594624e1eb97be654c56d7934649b5ed0aacac3b71121d0,reused_external_rules_01,,,,,,,,,,,,,,,,,,,,,,,,,,,
24,24,0,6,18,0,0,24,156.179931,799.365498,1370.151684,142.1322423548799,True,30.209511541310683,30.209511541310683,13.183390079510488,,,63.699869995,0,12.194885411000016,0,0,134.4103605,0,40,0,0,0,0.33212740009184927,28.147800010629,resource,immediate_allow,610810001,low,long_context,ARRIVED_QUEUE_J_PEAK_AREA_V1,reused_external_rules_01,,,docs/results/external_rules_02/results.csv,02455a3902b4696e6594624e1eb97be654c56d7934649b5ed0aacac3b71121d0,reused_external_rules_01,,,,,,,,,,,,,,,,,,,,,,,,,,,
24,24,0,6,18,0,0,24,156.179931,620.151684,620.151684,142.13224235559284,True,30.202208630636715,30.202208630636715,13.292263070585342,,,63.199869995,0,12.19488541200002,0,0,0.0,0,24,0,0,24,0.003254700102843344,0.7694000378251076,resource,immediate_allow,610810001,low,long_context,BAND_HEFT_WHOLE_REQUEST_ADAPT_V1,reused_external_rules_01,,,docs/results/external_rules_02/results.csv,02455a3902b4696e6594624e1eb97be654c56d7934649b5ed0aacac3b71121d0,reused_external_rules_01,,,,,,,,,,,,,,,,,,,,,,,,,,,
24,24,0,6,18,0,2,22,390.858113,3699.682407055556,6567.584551,141.86397540774033,True,30.476843210054817,30.476843210054817,16.245619493796084,,,46.191264107,1.8289768500000037,11.191264107000002,1.8289768500000037,6,2314.1917010833336,0,160,0,0,0,,,resource,immediate_allow,610810001,queue,mean,SHARED_EFT,reused_external_rules_01,,,docs/results/external_rules_02/results.csv,02455a3902b4696e6594624e1eb97be654c56d7934649b5ed0aacac3b71121d0,reused_external_rules_01,,,,,,,,,,,,,,,,,,,,,,,,,,,
24,24,0,6,18,0,4,20,561.833036,4345.627468166666,7411.134243,141.99371595679315,True,30.419331294008657,30.419331294008657,14.31246164689701,,,47.034813799,0.9144884249999947,11.686912933999999,0.9144884249999947,3,2826.9907714583333,0,160,0,0,0,,,resource,immediate_allow,610810001,queue,mean,ENERGY_AP_REQUEST_V1,reused_external_rules_01,,,docs/results/external_rules_02/results.csv,02455a3902b4696e6594624e1eb97be654c56d7934649b5ed0aacac3b71121d0,reused_external_rules_01,,,,,,,,,,,,,,,,,,,,,,,,,,,
24,24,0,6,18,0,3,21,294.054635,4094.365732333333,7063.233378,141.99371595679315,True,30.41027294859099,30.41027294859099,14.288178359283432,,,46.686912934,0.9144884249999947,11.686912933999999,0.9144884249999947,3,2609.5527308333335,0,160,0,0,0,17.620616800966673,324.0032000467181,resource,immediate_allow,610810001,queue,mean,ARRIVED_QUEUE_J_PEAK_AREA_V1,reused_external_rules_01,,,docs/results/external_rules_02/results.csv,02455a3902b4696e6594624e1eb97be654c56d7934649b5ed0aacac3b71121d0,reused_external_rules_01,,,,,,,,,,,,,,,,,,,,,,,,,,,
24,24,0,6,18,0,2,22,390.858113,3699.682407055556,6567.584551,141.86397540774033,True,30.476843210054817,30.476843210054817,16.245619493796084,,,46.191264107,1.8289768500000037,11.191264107000002,1.8289768500000037,6,2314.1917010833336,0,160,0,87,24,0.0169601000379771,0.3381000133231282,resource,immediate_allow,610810001,queue,mean,BAND_HEFT_WHOLE_REQUEST_ADAPT_V1,reused_external_rules_01,,,docs/results/external_rules_02/results.csv,02455a3902b4696e6594624e1eb97be654c56d7934649b5ed0aacac3b71121d0,reused_external_rules_01,,,,,,,,,,,,,,,,,,,,,,,,,,,
24,24,0,6,18,0,2,22,375.688588,3692.855268055556,6554.610804,141.84659146188358,True,30.473127473240762,30.473127473240762,16.10414691528519,,,46.178247762,1.7826366239999984,11.178247761999998,1.7826366239999984,6,2309.2599382916665,0,160,0,0,0,,,resource,immediate_allow,610810001,queue,short_context,SHARED_EFT,reused_external_rules_01,,,docs/results/external_rules_02/results.csv,02455a3902b4696e6594624e1eb97be654c56d7934649b5ed0aacac3b71121d0,reused_external_rules_01,,,,,,,,,,,,,,,,,,,,,,,,,,,
24,24,0,6,18,0,4,20,561.833036,4341.411633,7401.776148,141.98038413924397,True,30.417241905178432,30.417241905178432,14.227828575795712,,,47.025413106,0.8913183119999957,11.673896589000002,0.8913183119999957,3,2824.3091632916667,0,160,0,0,0,,,resource,immediate_allow,610810001,queue,short_context,ENERGY_AP_REQUEST_V1,reused_external_rules_01,,,docs/results/external_rules_02/results.csv,02455a3902b4696e6594624e1eb97be654c56d7934649b5ed0aacac3b71121d0,reused_external_rules_01,,,,,,,,,,,,,,,,,,,,,,,,,,,
24,24,0,6,18,0,3,21,286.608481,4087.538593333333,7050.259631,141.98038413911547,True,30.40688977021355,30.40688977021355,14.20254584439914,,,46.673896589,0.8913183119999957,11.673896589000002,0.8913183119999957,3,2604.6113404583334,0,160,0,0,0,10.58660500019323,239.63399999774992,resource,immediate_allow,610810001,queue,short_context,ARRIVED_QUEUE_J_PEAK_AREA_V1,reused_external_rules_01,,,docs/results/external_rules_02/results.csv,02455a3902b4696e6594624e1eb97be654c56d7934649b5ed0aacac3b71121d0,reused_external_rules_01,,,,,,,,,,,,,,,,,,,,,,,,,,,
24,24,0,6,18,0,2,22,375.688588,3692.855268055556,6554.610804,141.84659146188358,True,30.473127473240762,30.473127473240762,16.10414691528519,,,46.178247762,1.7826366239999984,11.178247761999998,1.7826366239999984,6,2309.2599382916665,0,160,0,87,24,0.010654899873770773,0.2945999149233103,resource,immediate_allow,610810001,queue,short_context,BAND_HEFT_WHOLE_REQUEST_ADAPT_V1,reused_external_rules_01,,,docs/results/external_rules_02/results.csv,02455a3902b4696e6594624e1eb97be654c56d7934649b5ed0aacac3b71121d0,reused_external_rules_01,,,,,,,,,,,,,,,,,,,,,,,,,,,
24,24,0,6,18,0,2,22,406.027638,3706.1821462222224,6579.903788,141.88086550928682,True,30.480560720659234,30.480560720659234,16.385605873624428,,,46.203587751,1.8753170769999983,11.203587751,1.8753170769999983,6,2318.8781318333336,0,160,0,0,0,,,resource,immediate_allow,610810001,queue,long_context,SHARED_EFT,reused_external_rules_01,,,docs/results/external_rules_02/results.csv,02455a3902b4696e6594624e1eb97be654c56d7934649b5ed0aacac3b71121d0,reused_external_rules_01,,,,,,,,,,,,,,,,,,,,,,,,,,,
24,24,0,6,18,0,4,20,561.833036,4349.654871444444,7420.030246,142.00655393011414,True,30.42140530702837,30.42140530702837,14.395537723171628,,,47.043714209,0.9376585379999938,11.699236577999997,0.9376585379999938,3,2829.5296702083333,0,176,0,0,0,,,resource,immediate_allow,610810001,queue,long_context,ENERGY_AP_REQUEST_V1,reused_external_rules_01,,,docs/results/external_rules_02/results.csv,02455a3902b4696e6594624e1eb97be654c56d7934649b5ed0aacac3b71121d0,reused_external_rules_01,,,,,,,,,,,,,,,,,,,,,,,,,,,
24,24,0,6,18,0,4,20,301.500789,4100.8654715,7075.552615,142.00655392998564,True,30.413572733530806,30.413572733530806,14.372078800639198,,,46.699236578,0.9376585379999938,11.699236577999997,0.9376585379999938,3,2614.231151,0,177,0,0,0,10.24688910052646,170.05179997067899,resource,immediate_allow,610810001,queue,long_context,ARRIVED_QUEUE_J_PEAK_AREA_V1,reused_external_rules_01,,,docs/results/external_rules_02/results.csv,02455a3902b4696e6594624e1eb97be654c56d7934649b5ed0aacac3b71121d0,reused_external_rules_01,,,,,,,,,,,,,,,,,,,,,,,,,,,
24,24,0,6,18,0,2,22,406.027638,3706.1821462222224,6579.903788,141.88086550928682,True,30.480560720659234,30.480560720659234,16.385605873624428,,,46.203587751,1.8753170769999983,11.203587751,1.8753170769999983,6,2318.8781318333336,0,160,0,86,24,0.011304800165817142,0.4010000266134739,resource,immediate_allow,610810001,queue,long_context,BAND_HEFT_WHOLE_REQUEST_ADAPT_V1,reused_external_rules_01,,,docs/results/external_rules_02/results.csv,02455a3902b4696e6594624e1eb97be654c56d7934649b5ed0aacac3b71121d0,reused_external_rules_01,,,,,,,,,,,,,,,,,,,,,,,,,,,
24,24,0,6,18,0,1,23,581.530782,3397.9579664444445,6342.166674,141.86397540791523,True,30.47421306823079,30.47421306823079,16.204222615899656,,,46.191264107,1.828976850999993,11.191264107000002,1.828976850999993,6,2107.71176125,0,158,0,0,0,,,resource,immediate_allow,610810001,burst,mean,SHARED_EFT,reused_external_rules_01,,,docs/results/external_rules_02/results.csv,02455a3902b4696e6594624e1eb97be654c56d7934649b5ed0aacac3b71121d0,reused_external_rules_01,,,,,,,,,,,,,,,,,,,,,,,,,,,
24,24,0,6,18,0,4,20,1314.767254,4483.690489333333,7845.488629,141.99371595679315,True,30.40147499576935,30.40147499576935,14.131113887133335,,,47.694586062,0.9144884249999947,11.686912933999999,0.9144884249999947,3,3048.351700333333,0,161,0,0,0,,,resource,immediate_allow,610810001,burst,mean,ENERGY_AP_REQUEST_V1,reused_external_rules_01,,,docs/results/external_rules_02/results.csv,02455a3902b4696e6594624e1eb97be654c56d7934649b5ed0aacac3b71121d0,reused_external_rules_01,,,,,,,,,,,,,,,,,,,,,,,,,,,
24,24,0,6,18,0,4,20,1399.550979,4558.812068,7930.272353,141.95046910691406,True,30.42671825016809,30.42671825016809,14.784928476084357,,,47.779369786,1.219317899999993,11.521696657999996,1.219317899999993,4,3063.8274624166665,0,163,0,0,0,10.080244100070558,179.53940003644675,resource,immediate_allow,610810001,burst,mean,ARRIVED_QUEUE_J_PEAK_AREA_V1,reused_external_rules_01,,,docs/results/external_rules_02/results.csv,02455a3902b4696e6594624e1eb97be654c56d7934649b5ed0aacac3b71121d0,reused_external_rules_01,,,,,,,,,,,,,,,,,,,,,,,,,,,
24,24,0,6,18,0,1,23,581.530782,3397.9579664444445,6342.166674,141.86397540791523,True,30.47421306823079,30.47421306823079,16.204222615899656,,,46.191264107,1.828976850999993,11.191264107000002,1.828976850999993,6,2107.71176125,0,158,0,86,24,0.009760599816218019,0.39219995960593224,resource,immediate_allow,610810001,burst,mean,BAND_HEFT_WHOLE_REQUEST_ADAPT_V1,reused_external_rules_01,,,docs/results/external_rules_02/results.csv,02455a3902b4696e6594624e1eb97be654c56d7934649b5ed0aacac3b71121d0,reused_external_rules_01,,,,,,,,,,,,,,,,,,,,,,,,,,,
24,24,0,6,18,0,1,23,558.637886,3391.1308274444445,6329.192927,141.84659146205846,True,30.470538985049792,30.470538985049792,16.06305583641058,,,46.178247762,1.782636624999995,11.178247761999998,1.782636624999995,6,2101.8145770833335,0,158,0,0,0,,,resource,immediate_allow,610810001,burst,short_context,SHARED_EFT,reused_external_rules_01,,,docs/results/external_rules_02/results.csv,02455a3902b4696e6594624e1eb97be654c56d7934649b5ed0aacac3b71121d0,reused_external_rules_01,,,,,,,,,,,,,,,,,,,,,,,,,,,
24,24,0,6,18,0,4,20,1314.767254,4479.474654222222,7836.130534,141.98038413911547,True,30.39844018923142,30.39844018923142,14.051747575343548,,,47.685185368,0.8913183119999957,11.673896589000002,0.8913183119999957,3,3045.3784155,0,161,0,0,0,,,resource,immediate_allow,610810001,burst,short_context,ENERGY_AP_REQUEST_V1,reused_external_rules_01,,,docs/results/external_rules_02/results.csv,02455a3902b4696e6594624e1eb97be654c56d7934649b5ed0aacac3b71121d0,reused_external_rules_01,,,,,,,,,,,,,,,,,,,,,,,,,,,
24,24,0,6,18,0,4,20,1399.550979,4554.5962328333335,7920.914258,141.93578658055628,True,30.423107742378793,30.423107742378793,14.688472620970984,,,47.769969093,1.1884244159999966,11.508680314000003,1.1884244159999966,4,3060.8541775416666,0,163,0,0,0,10.593588599935174,175.04320002626628,resource,immediate_allow,610810001,burst,short_context,ARRIVED_QUEUE_J_PEAK_AREA_V1,reused_external_rules_01,,,docs/results/external_rules_02/results.csv,02455a3902b4696e6594624e1eb97be654c56d7934649b5ed0aacac3b71121d0,reused_external_rules_01,,,,,,,,,,,,,,,,,,,,,,,,,,,
24,24,0,6,18,0,1,23,558.637886,3391.1308274444445,6329.192927,141.84659146205846,True,30.470538985049792,30.470538985049792,16.06305583641058,,,46.178247762,1.782636624999995,11.178247761999998,1.782636624999995,6,2101.8145770833335,0,158,0,86,24,0.010187800624407828,0.3413999220356345,resource,immediate_allow,610810001,burst,short_context,BAND_HEFT_WHOLE_REQUEST_ADAPT_V1,reused_external_rules_01,,,docs/results/external_rules_02/results.csv,02455a3902b4696e6594624e1eb97be654c56d7934649b5ed0aacac3b71121d0,reused_external_rules_01,,,,,,,,,,,,,,,,,,,,,,,,,,,
24,24,0,6,18,0,1,23,604.423678,3404.457705611111,6354.485911,141.8808655094617,True,30.47789024962048,30.47789024962048,16.343794720406436,,,46.203587751,1.8753170779999948,11.203587751,1.8753170779999948,6,2113.363613416667,0,158,0,0,0,,,resource,immediate_allow,610810001,burst,long_context,SHARED_EFT,reused_external_rules_01,,,docs/results/external_rules_02/results.csv,02455a3902b4696e6594624e1eb97be654c56d7934649b5ed0aacac3b71121d0,reused_external_rules_01,,,,,,,,,,,,,,,,,,,,,,,,,,,
24,24,0,6,18,0,4,20,1314.767254,4487.717892611111,7854.384632,142.00655393016052,True,30.404434490224062,30.404434490224062,14.208784143641001,,,47.703486471,0.9376585389999903,11.699236577999997,0.9376585389999903,3,3051.18387925,0,178,0,0,0,,,resource,immediate_allow,610810001,burst,long_context,ENERGY_AP_REQUEST_V1,reused_external_rules_01,,,docs/results/external_rules_02/results.csv,02455a3902b4696e6594624e1eb97be654c56d7934649b5ed0aacac3b71121d0,reused_external_rules_01,,,,,,,,,,,,,,,,,,,,,,,,,,,
24,24,0,6,18,0,4,20,1399.550979,4562.839471277778,7939.168356,141.9646577903874,True,30.43025337126759,30.43025337126759,14.879683519902951,,,47.788270196,1.250211384999993,11.534020302999998,1.250211384999993,4,3066.6596412916665,0,179,0,0,0,9.73114340135362,174.72540005110204,resource,immediate_allow,610810001,burst,long_context,ARRIVED_QUEUE_J_PEAK_AREA_V1,reused_external_rules_01,,,docs/results/external_rules_02/results.csv,02455a3902b4696e6594624e1eb97be654c56d7934649b5ed0aacac3b71121d0,reused_external_rules_01,,,,,,,,,,,,,,,,,,,,,,,,,,,
24,24,0,6,18,0,1,23,604.423678,3404.457705611111,6354.485911,141.8808655094617,True,30.47789024962048,30.47789024962048,16.343794720406436,,,46.203587751,1.8753170779999948,11.203587751,1.8753170779999948,6,2113.363613416667,0,158,0,86,24,0.010721500031650066,0.35170000046491623,resource,immediate_allow,610810001,burst,long_context,BAND_HEFT_WHOLE_REQUEST_ADAPT_V1,reused_external_rules_01,,,docs/results/external_rules_02/results.csv,02455a3902b4696e6594624e1eb97be654c56d7934649b5ed0aacac3b71121d0,reused_external_rules_01,,,,,,,,,,,,,,,,,,,,,,,,,,,
192,192,0,96,96,0,0,192,294.054635,893.79542125,1519.132327,183.43110484648508,True,32.24794705798215,32.24794705798215,187.83632856990687,,,112.840072788,16.945247947999917,64.80844646700001,19.813915874999942,65,137.16198903125,0,524,0,0,0,,,resource,immediate_allow,610810001,sustained,mean,SHARED_EFT,reused_external_rules_01,,,docs/results/external_rules_02/results.csv,02455a3902b4696e6594624e1eb97be654c56d7934649b5ed0aacac3b71121d0,reused_external_rules_01,,,,,,,,,,,,,,,,,,,,,,,,,,,
192,192,0,96,96,11,0,181,2102.698481,4068.382676572917,5330.244278,182.39411283539053,True,32.40701398145547,32.40701398145547,195.62994271436702,,,114.840072788,21.38333596799999,63.81714880099998,21.64289272899999,71,1990.8260778541667,0,1317,0,0,0,,,resource,immediate_allow,610810001,sustained,mean,ENERGY_AP_REQUEST_V1,reused_external_rules_01,,,docs/results/external_rules_02/results.csv,02455a3902b4696e6594624e1eb97be654c56d7934649b5ed0aacac3b71121d0,reused_external_rules_01,,,,,,,,,,,,,,,,,,,,,,,,,,,
192,192,0,96,96,1,0,191,1081.007805,3896.8763276458335,5068.246062,182.79792844616412,True,32.314788923697954,32.314788923697954,188.37865112823243,,,116.448558917,18.590897402000017,65.30409528500002,18.89942745400002,62,1716.5147145260416,0,1304,0,0,0,35.64913269970566,141.68929995503277,resource,immediate_allow,610810001,sustained,mean,ARRIVED_QUEUE_J_PEAK_AREA_V1,reused_external_rules_01,,,docs/results/external_rules_02/results.csv,02455a3902b4696e6594624e1eb97be654c56d7934649b5ed0aacac3b71121d0,reused_external_rules_01,,,,,,,,,,,,,,,,,,,,,,,,,,,
192,192,0,96,96,0,0,192,294.054635,893.79542125,1519.132327,183.34854898602052,True,32.230616009578014,32.230616009578014,186.59399335597863,,,112.840072788,16.74316744799993,65.30409529300002,18.899427449999948,62,138.21449163541666,0,536,0,251,192,0.031924198498018086,0.5133000668138266,resource,immediate_allow,610810001,sustained,mean,BAND_HEFT_WHOLE_REQUEST_ADAPT_V1,reused_external_rules_01,,,docs/results/external_rules_02/results.csv,02455a3902b4696e6594624e1eb97be654c56d7934649b5ed0aacac3b71121d0,reused_external_rules_01,,,,,,,,,,,,,,,,,,,,,,,,,,,
192,192,0,96,96,0,0,192,286.608481,891.6686293125,1515.559274,183.23763114177484,True,32.23139181303135,32.23139181303135,186.65885431702876,,,112.833564615,16.631773212999924,64.739025965,19.311896759999932,65,136.43885873958334,0,524,0,0,0,,,resource,immediate_allow,610810001,sustained,short_context,SHARED_EFT,reused_external_rules_01,,,docs/results/external_rules_02/results.csv,02455a3902b4696e6594624e1eb97be654c56d7934649b5ed0aacac3b71121d0,reused_external_rules_01,,,,,,,,,,,,,,,,,,,,,,,,,,,
192,192,0,96,96,9,0,183,1972.510796,4062.5841090208332,5322.234472,182.19786505051516,True,32.40424811567458,32.40424811567458,194.81444747771786,,,114.833564615,21.153083452999965,63.58251201799998,21.391639490999964,72,1974.2953727552083,0,1321,0,0,0,,,resource,immediate_allow,610810001,sustained,short_context,ENERGY_AP_REQUEST_V1,reused_external_rules_01,,,docs/results/external_rules_02/results.csv,02455a3902b4696e6594624e1eb97be654c56d7934649b5ed0aacac3b71121d0,reused_external_rules_01,,,,,,,,,,,,,,,,,,,,,,,,,,,
192,192,0,96,96,1,0,191,1072.838521,4005.17223459375,5123.322273,182.7013770850961,True,32.29932801973798,32.29932801973798,186.33841204266133,,,116.441327614,17.84149699899995,65.39989105100005,18.123472347999943,61,1771.9981274791667,0,1307,0,0,0,82.29988589836285,193.3506999630481,resource,immediate_allow,610810001,sustained,short_context,ARRIVED_QUEUE_J_PEAK_AREA_V1,reused_external_rules_01,,,docs/results/external_rules_02/results.csv,02455a3902b4696e6594624e1eb97be654c56d7934649b5ed0aacac3b71121d0,reused_external_rules_01,,,,,,,,,,,,,,,,,,,,,,,,,,,
192,192,0,96,96,0,0,192,286.608481,891.6686293125,1515.559274,183.1643081333882,True,32.214542705636305,32.214542705636305,185.45092205777314,,,112.833564615,16.435477755999926,65.23467479300001,18.420578447999944,62,137.46123091145833,0,536,0,252,192,0.030630899942480028,0.28540007770061493,resource,immediate_allow,610810001,sustained,short_context,BAND_HEFT_WHOLE_REQUEST_ADAPT_V1,reused_external_rules_01,,,docs/results/external_rules_02/results.csv,02455a3902b4696e6594624e1eb97be654c56d7934649b5ed0aacac3b71121d0,reused_external_rules_01,,,,,,,,,,,,,,,,,,,,,,,,,,,
192,192,0,96,96,0,0,192,301.500789,896.08729128125,1522.551155,183.6242398196936,True,32.26433575168426,32.26433575168426,188.99316116268238,,,112.852050658,17.251020951999983,64.874172567,20.315934989999967,65,137.96780354166665,0,525,0,0,0,,,resource,immediate_allow,610810001,sustained,long_context,SHARED_EFT,reused_external_rules_01,,,docs/results/external_rules_02/results.csv,02455a3902b4696e6594624e1eb97be654c56d7934649b5ed0aacac3b71121d0,reused_external_rules_01,,,,,,,,,,,,,,,,,,,,,,,,,,,
192,192,0,96,96,11,0,181,2108.805866,3998.7975448020834,5333.663106,182.63655438009303,True,32.402956911042445,32.402956911042445,195.64165831630675,,,114.3021,21.253263642000014,64.21330745299994,21.566146385000025,69,1965.4804534479167,0,1395,0,0,0,,,resource,immediate_allow,610810001,sustained,long_context,ENERGY_AP_REQUEST_V1,reused_external_rules_01,,,docs/results/external_rules_02/results.csv,02455a3902b4696e6594624e1eb97be654c56d7934649b5ed0aacac3b71121d0,reused_external_rules_01,,,,,,,,,,,,,,,,,,,,,,,,,,,
192,192,0,96,96,1,0,191,1089.138606,4012.049921083333,5131.721931,183.06380049574287,True,32.32764845301526,32.32764845301526,187.44134627808677,,,116.455405385,18.099933962000016,65.86547020600004,18.440617918000008,59,1776.3475600625,0,1367,0,0,0,57.12668139813468,241.73340003471822,resource,immediate_allow,610810001,sustained,long_context,ARRIVED_QUEUE_J_PEAK_AREA_V1,reused_external_rules_01,,,docs/results/external_rules_02/results.csv,02455a3902b4696e6594624e1eb97be654c56d7934649b5ed0aacac3b71121d0,reused_external_rules_01,,,,,,,,,,,,,,,,,,,,,,,,,,,
192,192,0,96,96,0,0,192,301.500789,895.8449559166667,1522.551155,183.53062619141875,True,32.2465284140145,32.2465284140145,187.7239303551199,,,112.846234609,17.049279325999983,65.36982139400001,19.37827645199996,62,138.92766541666666,0,534,0,249,192,0.03062779875472188,0.8626000490039587,resource,immediate_allow,610810001,sustained,long_context,BAND_HEFT_WHOLE_REQUEST_ADAPT_V1,reused_external_rules_01,,,docs/results/external_rules_02/results.csv,02455a3902b4696e6594624e1eb97be654c56d7934649b5ed0aacac3b71121d0,reused_external_rules_01,,,,,,,,,,,,,,,,,,,,,,,,,,,
24,24,0,6,18,0,0,24,156.179931,619.471443,619.471443,142.12345650915358,True,30.213018613006597,30.213018613006597,13.259205719575927,,,62.794863494,0,12.182561766000006,0,0,0.0,0,24,0,0,0,,,resource,immediate_allow,610810002,low,mean,SHARED_EFT,reused_external_rules_01,,,docs/results/external_rules_02/results.csv,02455a3902b4696e6594624e1eb97be654c56d7934649b5ed0aacac3b71121d0,reused_external_rules_01,,,,,,,,,,,,,,,,,,,,,,,,,,,
24,24,0,6,18,0,0,24,1346.830436,2028.9879150555555,4355.557053,142.12345650714332,True,30.192944082956178,30.192944082956178,13.231107810091174,,,64.607250893,0,12.182561763000002,0,0,1250.6475599166668,0,159,0,0,0,,,resource,immediate_allow,610810002,low,mean,ENERGY_AP_REQUEST_V1,reused_external_rules_01,,,docs/results/external_rules_02/results.csv,02455a3902b4696e6594624e1eb97be654c56d7934649b5ed0aacac3b71121d0,reused_external_rules_01,,,,,,,,,,,,,,,,,,,,,,,,,,,
24,24,0,6,18,0,0,24,292.547669,800.0269985555556,1369.471443,142.12345650915358,True,30.195045114096583,30.195045114096583,13.19894669785722,,,62.794863494,0,12.182561766000013,0,0,141.09865575,0,41,0,0,0,0.08350560010876507,3.589699976146221,resource,immediate_allow,610810002,low,mean,ARRIVED_QUEUE_J_PEAK_AREA_V1,reused_external_rules_01,,,docs/results/external_rules_02/results.csv,02455a3902b4696e6594624e1eb97be654c56d7934649b5ed0aacac3b71121d0,reused_external_rules_01,,,,,,,,,,,,,,,,,,,,,,,,,,,
24,24,0,6,18,0,0,24,156.179931,619.471443,619.471443,142.12345650915358,True,30.213018613006597,30.213018613006597,13.259205719575927,,,62.794863494,0,12.182561766000006,0,0,0.0,0,24,0,0,24,0.0004706998588517308,0.03559992182999849,resource,immediate_allow,610810002,low,mean,BAND_HEFT_WHOLE_REQUEST_ADAPT_V1,reused_external_rules_01,,,docs/results/external_rules_02/results.csv,02455a3902b4696e6594624e1eb97be654c56d7934649b5ed0aacac3b71121d0,reused_external_rules_01,,,,,,,,,,,,,,,,,,,,,,,,,,,
24,24,0,6,18,0,0,24,156.179931,618.790912,618.790912,142.11417682321965,True,30.21216122946425,30.21216122946425,13.227425211194994,,,62.794863494,0,12.169545425999999,0,0,0.0,0,24,0,0,0,,,resource,immediate_allow,610810002,low,short_context,SHARED_EFT,reused_external_rules_01,,,docs/results/external_rules_02/results.csv,02455a3902b4696e6594624e1eb97be654c56d7934649b5ed0aacac3b71121d0,reused_external_rules_01,,,,,,,,,,,,,,,,,,,,,,,,,,,
24,24,0,6,18,0,0,24,1346.107306,2028.2270361111111,4354.876521,142.11417682146637,True,30.19204503300022,30.19204503300022,13.200472483131147,,,64.605804633,0,12.169545423000017,0,0,1250.5270381666667,0,159,0,0,0,,,resource,immediate_allow,610810002,low,short_context,ENERGY_AP_REQUEST_V1,reused_external_rules_01,,,docs/results/external_rules_02/results.csv,02455a3902b4696e6594624e1eb97be654c56d7934649b5ed0aacac3b71121d0,reused_external_rules_01,,,,,,,,,,,,,,,,,,,,,,,,,,,
24,24,0,6,18,0,0,24,291.824539,799.3464675555556,1368.790912,142.11417682263522,True,30.194130875584325,30.194130875584325,13.167518219227262,,,62.794863494,0,12.169545425000003,0,0,141.06852533333333,0,41,0,0,0,0.0929299988783896,3.9461000123992562,resource,immediate_allow,610810002,low,short_context,ARRIVED_QUEUE_J_PEAK_AREA_V1,reused_external_rules_01,,,docs/results/external_rules_02/results.csv,02455a3902b4696e6594624e1eb97be654c56d7934649b5ed0aacac3b71121d0,reused_external_rules_01,,,,,,,,,,,,,,,,,,,,,,,,,,,
24,24,0,6,18,0,0,24,156.179931,618.790912,618.790912,142.11417682321965,True,30.21216122946425,30.21216122946425,13.227425211194994,,,62.794863494,0,12.169545425999999,0,0,0.0,0,24,0,0,24,0.0005503997672349215,0.03130000550299883,resource,immediate_allow,610810002,low,short_context,BAND_HEFT_WHOLE_REQUEST_ADAPT_V1,reused_external_rules_01,,,docs/results/external_rules_02/results.csv,02455a3902b4696e6594624e1eb97be654c56d7934649b5ed0aacac3b71121d0,reused_external_rules_01,,,,,,,,,,,,,,,,,,,,,,,,,,,
24,24,0,6,18,0,0,24,156.179931,620.151684,620.151684,142.13224235559284,True,30.213830395188335,30.213830395188335,13.289295929098436,,,62.794863494,0,12.194885412000012,0,0,0.0,0,24,0,0,0,,,resource,immediate_allow,610810002,low,long_context,SHARED_EFT,reused_external_rules_01,,,docs/results/external_rules_02/results.csv,02455a3902b4696e6594624e1eb97be654c56d7934649b5ed0aacac3b71121d0,reused_external_rules_01,,,,,,,,,,,,,,,,,,,,,,,,,,,
24,24,0,6,18,0,0,24,1347.515083,2029.7442279444444,4356.237294,142.13224235383953,True,30.19379532586024,30.19379532586024,13.26052083952381,,,64.608620187,0,12.194885409000008,0,0,1250.7616676666667,0,159,0,0,0,,,resource,immediate_allow,610810002,low,long_context,ENERGY_AP_REQUEST_V1,reused_external_rules_01,,,docs/results/external_rules_02/results.csv,02455a3902b4696e6594624e1eb97be654c56d7934649b5ed0aacac3b71121d0,reused_external_rules_01,,,,,,,,,,,,,,,,,,,,,,,,,,,
24,24,0,6,18,0,0,24,293.232316,800.7072395555556,1370.151684,142.1322423550084,True,30.195910727313336,30.195910727313336,13.228703600559768,,,62.794863494,0,12.194885411000016,0,0,141.12718270833332,0,42,0,0,0,0.09111760009545833,5.740199936553836,resource,immediate_allow,610810002,low,long_context,ARRIVED_QUEUE_J_PEAK_AREA_V1,reused_external_rules_01,,,docs/results/external_rules_02/results.csv,02455a3902b4696e6594624e1eb97be654c56d7934649b5ed0aacac3b71121d0,reused_external_rules_01,,,,,,,,,,,,,,,,,,,,,,,,,,,
24,24,0,6,18,0,0,24,156.179931,620.151684,620.151684,142.13224235559284,True,30.213830395188335,30.213830395188335,13.289295929098436,,,62.794863494,0,12.194885412000012,0,0,0.0,0,24,0,0,24,0.0005065001314505935,0.03430002834647894,resource,immediate_allow,610810002,low,long_context,BAND_HEFT_WHOLE_REQUEST_ADAPT_V1,reused_external_rules_01,,,docs/results/external_rules_02/results.csv,02455a3902b4696e6594624e1eb97be654c56d7934649b5ed0aacac3b71121d0,reused_external_rules_01,,,,,,,,,,,,,,,,,,,,,,,,,,,
24,24,0,6,18,0,2,22,394.190655,3732.4159400555554,6562.296215,141.86397540791523,True,30.477513368449802,30.477513368449802,16.261774161630598,,,46.191264107,1.8289768510000002,11.191264107000002,1.8289768510000002,6,2339.570908875,0,160,0,0,0,,,resource,immediate_allow,610810002,queue,mean,SHARED_EFT,reused_external_rules_01,,,docs/results/external_rules_02/results.csv,02455a3902b4696e6594624e1eb97be654c56d7934649b5ed0aacac3b71121d0,reused_external_rules_01,,,,,,,,,,,,,,,,,,,,,,,,,,,
24,24,0,6,18,0,5,19,558.41329,4402.839233888889,7436.070184,141.95046910691406,True,30.438103056291112,30.438103056291112,14.939462907328771,,,47.065038076,1.2193179,11.521696658000003,1.2193179,4,2862.00999775,0,160,0,0,0,,,resource,immediate_allow,610810002,queue,mean,ENERGY_AP_REQUEST_V1,reused_external_rules_01,,,docs/results/external_rules_02/results.csv,02455a3902b4696e6594624e1eb97be654c56d7934649b5ed0aacac3b71121d0,reused_external_rules_01,,,,,,,,,,,,,,,,,,,,,,,,,,,
24,24,0,6,18,0,4,20,294.054635,4097.791032222222,7068.200189,141.90722225761942,True,30.452729184461667,30.452729184461667,15.53329206989147,,,46.697168081,1.5241473750000054,11.356480383000005,1.5241473750000054,5,2608.7396916666667,0,161,0,0,0,4.486198899918236,68.08599992655218,resource,immediate_allow,610810002,queue,mean,ARRIVED_QUEUE_J_PEAK_AREA_V1,reused_external_rules_01,,,docs/results/external_rules_02/results.csv,02455a3902b4696e6594624e1eb97be654c56d7934649b5ed0aacac3b71121d0,reused_external_rules_01,,,,,,,,,,,,,,,,,,,,,,,,,,,
24,24,0,6,18,0,2,22,394.190655,3732.4159400555554,6562.296215,141.86397540791523,True,30.477513368449802,30.477513368449802,16.261774161630598,,,46.191264107,1.8289768510000002,11.191264107000002,1.8289768510000002,6,2339.570908875,0,160,0,100,24,0.005033300840295851,0.1705000177025795,resource,immediate_allow,610810002,queue,mean,BAND_HEFT_WHOLE_REQUEST_ADAPT_V1,reused_external_rules_01,,,docs/results/external_rules_02/results.csv,02455a3902b4696e6594624e1eb97be654c56d7934649b5ed0aacac3b71121d0,reused_external_rules_01,,,,,,,,,,,,,,,,,,,,,,,,,,,
24,24,0,6,18,0,2,22,379.02113,3725.5888010555555,6549.322468,141.84659146205846,True,30.47376265419951,30.47376265419951,16.12106456881407,,,46.178247762,1.782636625000002,11.178247761999998,1.782636625000002,6,2333.995531833333,0,160,0,0,0,,,resource,immediate_allow,610810002,queue,short_context,SHARED_EFT,reused_external_rules_01,,,docs/results/external_rules_02/results.csv,02455a3902b4696e6594624e1eb97be654c56d7934649b5ed0aacac3b71121d0,reused_external_rules_01,,,,,,,,,,,,,,,,,,,,,,,,,,,
24,24,0,6,18,0,5,19,558.41329,4398.2618336666665,7425.988959,141.9357865797149,True,30.435520648562132,30.435520648562132,14.83815126969171,,,47.054914252,1.1884244160000037,11.508680313000006,1.1884244160000037,4,2859.0572157083334,0,160,0,0,0,,,resource,immediate_allow,610810002,queue,short_context,ENERGY_AP_REQUEST_V1,reused_external_rules_01,,,docs/results/external_rules_02/results.csv,02455a3902b4696e6594624e1eb97be654c56d7934649b5ed0aacac3b71121d0,reused_external_rules_01,,,,,,,,,,,,,,,,,,,,,,,,,,,
24,24,0,6,18,0,3,21,378.853294,3928.4999645000003,6842.985331,141.8911890212842,True,30.43954364176348,30.43954364176348,15.40213820004016,,,46.471910625,1.4855305200000046,11.343464038,1.4855305200000046,5,2491.55984625,0,160,0,0,0,4.350617700372823,101.31589998491108,resource,immediate_allow,610810002,queue,short_context,ARRIVED_QUEUE_J_PEAK_AREA_V1,reused_external_rules_01,,,docs/results/external_rules_02/results.csv,02455a3902b4696e6594624e1eb97be654c56d7934649b5ed0aacac3b71121d0,reused_external_rules_01,,,,,,,,,,,,,,,,,,,,,,,,,,,
24,24,0,6,18,0,2,22,379.02113,3725.5888010555555,6549.322468,141.84659146205846,True,30.47376265419951,30.47376265419951,16.12106456881407,,,46.178247762,1.782636625000002,11.178247761999998,1.782636625000002,6,2333.995531833333,0,160,0,100,24,0.00483669969253242,0.12099999003112316,resource,immediate_allow,610810002,queue,short_context,BAND_HEFT_WHOLE_REQUEST_ADAPT_V1,reused_external_rules_01,,,docs/results/external_rules_02/results.csv,02455a3902b4696e6594624e1eb97be654c56d7934649b5ed0aacac3b71121d0,reused_external_rules_01,,,,,,,,,,,,,,,,,,,,,,,,,,,
24,24,0,6,18,0,2,22,409.36018,3744.013295722222,6582.485556,141.88321078754453,True,30.48020751666236,30.48020751666236,16.390194723820507,,,46.211457855,1.867446973000007,11.203587751,1.8753170770000054,6,2348.7241662916667,0,160,0,0,0,,,resource,immediate_allow,610810002,queue,long_context,SHARED_EFT,reused_external_rules_01,,,docs/results/external_rules_02/results.csv,02455a3902b4696e6594624e1eb97be654c56d7934649b5ed0aacac3b71121d0,reused_external_rules_01,,,,,,,,,,,,,,,,,,,,,,,,,,,
24,24,0,6,18,0,5,19,558.41329,4407.208960611111,7445.650834,141.9646577893711,True,30.44067394468302,30.44067394468302,15.039099486107137,,,47.074623132,1.2502113840000106,11.534020302000002,1.2502113840000106,4,2864.805639,0,176,0,0,0,,,resource,immediate_allow,610810002,queue,long_context,ENERGY_AP_REQUEST_V1,reused_external_rules_01,,,docs/results/external_rules_02/results.csv,02455a3902b4696e6594624e1eb97be654c56d7934649b5ed0aacac3b71121d0,reused_external_rules_01,,,,,,,,,,,,,,,,,,,,,,,,,,,
24,24,0,6,18,0,4,20,301.500789,4101.8184355,7077.096192,141.922761649598,True,30.457052963249506,30.457052963249506,15.655049666273978,,,46.70606849,1.5627642300000133,11.368804027000003,1.5627642300000133,5,2611.2500634166668,0,177,0,0,0,10.521473800996318,265.99400001578033,resource,immediate_allow,610810002,queue,long_context,ARRIVED_QUEUE_J_PEAK_AREA_V1,reused_external_rules_01,,,docs/results/external_rules_02/results.csv,02455a3902b4696e6594624e1eb97be654c56d7934649b5ed0aacac3b71121d0,reused_external_rules_01,,,,,,,,,,,,,,,,,,,,,,,,,,,
24,24,0,6,18,0,2,22,409.36018,3744.013295722222,6582.485556,141.88321078754453,True,30.48020751666236,30.48020751666236,16.390194723820507,,,46.211457855,1.867446973000007,11.203587751,1.8753170770000054,6,2348.7241662916667,0,160,0,96,24,0.010702299303375185,0.24459999985992908,resource,immediate_allow,610810002,queue,long_context,BAND_HEFT_WHOLE_REQUEST_ADAPT_V1,reused_external_rules_01,,,docs/results/external_rules_02/results.csv,02455a3902b4696e6594624e1eb97be654c56d7934649b5ed0aacac3b71121d0,reused_external_rules_01,,,,,,,,,,,,,,,,,,,,,,,,,,,
24,24,0,6,18,0,1,23,516.019971,3411.2099524444443,6342.786048,141.86397540774033,True,30.474444883616865,30.474444883616865,16.166329248512653,,,46.191264107,1.8289768499999894,11.191264107000002,1.8289768499999894,6,2108.9045622916665,0,160,0,0,0,,,resource,immediate_allow,610810002,burst,mean,SHARED_EFT,reused_external_rules_01,,,docs/results/external_rules_02/results.csv,02455a3902b4696e6594624e1eb97be654c56d7934649b5ed0aacac3b71121d0,reused_external_rules_01,,,,,,,,,,,,,,,,,,,,,,,,,,,
24,24,0,6,18,0,4,20,479.342095,4351.782523944445,7552.09364,141.95046910691406,True,30.414979704897032,30.414979704897032,14.862399844770618,,,47.400571699,1.219317899999993,11.521696657999996,1.219317899999993,4,2828.5842764999998,0,161,0,0,0,,,resource,immediate_allow,610810002,burst,mean,ENERGY_AP_REQUEST_V1,reused_external_rules_01,,,docs/results/external_rules_02/results.csv,02455a3902b4696e6594624e1eb97be654c56d7934649b5ed0aacac3b71121d0,reused_external_rules_01,,,,,,,,,,,,,,,,,,,,,,,,,,,
24,24,0,6,18,0,3,21,434.505629,4039.5504064444444,7219.75436,141.92842710549434,True,30.4524844890176,30.4524844890176,15.362885385922091,,,47.068232419,1.4529897809999923,11.356480383000005,1.5241473749999912,5,2580.159902791667,0,162,0,0,0,10.028003199608065,145.50840004812926,resource,immediate_allow,610810002,burst,mean,ARRIVED_QUEUE_J_PEAK_AREA_V1,reused_external_rules_01,,,docs/results/external_rules_02/results.csv,02455a3902b4696e6594624e1eb97be654c56d7934649b5ed0aacac3b71121d0,reused_external_rules_01,,,,,,,,,,,,,,,,,,,,,,,,,,,
24,24,0,6,18,0,1,23,516.019971,3411.2099524444443,6342.786048,141.86397540774033,True,30.474444883616865,30.474444883616865,16.166329248512653,,,46.191264107,1.8289768499999894,11.191264107000002,1.8289768499999894,6,2108.9045622916665,0,160,0,83,24,0.008420099969953299,0.3955999854952097,resource,immediate_allow,610810002,burst,mean,BAND_HEFT_WHOLE_REQUEST_ADAPT_V1,reused_external_rules_01,,,docs/results/external_rules_02/results.csv,02455a3902b4696e6594624e1eb97be654c56d7934649b5ed0aacac3b71121d0,reused_external_rules_01,,,,,,,,,,,,,,,,,,,,,,,,,,,
24,24,0,6,18,0,1,23,500.850446,3404.3828134444443,6329.812301,141.84659146188358,True,30.4707828099628,30.4707828099628,16.027348086908077,,,46.178247762,1.7826366240000056,11.178247761999998,1.7826366240000056,6,2103.650992375,0,160,0,0,0,,,resource,immediate_allow,610810002,burst,short_context,SHARED_EFT,reused_external_rules_01,,,docs/results/external_rules_02/results.csv,02455a3902b4696e6594624e1eb97be654c56d7934649b5ed0aacac3b71121d0,reused_external_rules_01,,,,,,,,,,,,,,,,,,,,,,,,,,,
24,24,0,6,18,0,3,21,479.342095,4347.205123666667,7542.012415,141.93578657984338,True,30.41135328341226,30.41135328341226,14.763699495171934,,,47.390447875,1.1884244160000037,11.508680313,1.1884244160000037,4,2825.3398177916665,0,161,0,0,0,,,resource,immediate_allow,610810002,burst,short_context,ENERGY_AP_REQUEST_V1,reused_external_rules_01,,,docs/results/external_rules_02/results.csv,02455a3902b4696e6594624e1eb97be654c56d7934649b5ed0aacac3b71121d0,reused_external_rules_01,,,,,,,,,,,,,,,,,,,,,,,,,,,
24,24,0,6,18,0,3,21,419.336104,4032.602328666667,7211.119395,141.91116977511712,True,30.449269234095933,30.449269234095933,15.247347373922011,,,47.059554856,1.4184806460000061,11.343464038,1.4855305200000046,5,2574.8156287916668,0,161,0,0,0,10.036621000617743,149.58259998820722,resource,immediate_allow,610810002,burst,short_context,ARRIVED_QUEUE_J_PEAK_AREA_V1,reused_external_rules_01,,,docs/results/external_rules_02/results.csv,02455a3902b4696e6594624e1eb97be654c56d7934649b5ed0aacac3b71121d0,reused_external_rules_01,,,,,,,,,,,,,,,,,,,,,,,,,,,
24,24,0,6,18,0,1,23,500.850446,3404.3828134444443,6329.812301,141.84659146188358,True,30.4707828099628,30.4707828099628,16.027348086908077,,,46.178247762,1.7826366240000056,11.178247761999998,1.7826366240000056,6,2103.650992375,0,160,0,87,24,0.010964098735712469,0.26080000679939985,resource,immediate_allow,610810002,burst,short_context,BAND_HEFT_WHOLE_REQUEST_ADAPT_V1,reused_external_rules_01,,,docs/results/external_rules_02/results.csv,02455a3902b4696e6594624e1eb97be654c56d7934649b5ed0aacac3b71121d0,reused_external_rules_01,,,,,,,,,,,,,,,,,,,,,,,,,,,
24,24,0,6,18,0,1,23,531.189496,3417.709691611111,6355.105285,141.8808655094617,True,30.4781091059134,30.4781091059134,16.303699201278892,,,46.203587751,1.875317078000009,11.203587751,1.875317078000009,6,2113.912800166667,0,160,0,0,0,,,resource,immediate_allow,610810002,burst,long_context,SHARED_EFT,reused_external_rules_01,,,docs/results/external_rules_02/results.csv,02455a3902b4696e6594624e1eb97be654c56d7934649b5ed0aacac3b71121d0,reused_external_rules_01,,,,,,,,,,,,,,,,,,,,,,,,,,,
24,24,0,6,18,0,4,20,479.342095,4356.152250666667,7561.67429,141.96465778967448,True,30.418530591787956,30.418530591787956,14.959606390398214,,,47.410156755,1.2502113850000072,11.534020302000002,1.2502113850000072,4,2831.6731979583333,0,178,0,0,0,,,resource,immediate_allow,610810002,burst,long_context,ENERGY_AP_REQUEST_V1,reused_external_rules_01,,,docs/results/external_rules_02/results.csv,02455a3902b4696e6594624e1eb97be654c56d7934649b5ed0aacac3b71121d0,reused_external_rules_01,,,,,,,,,,,,,,,,,,,,,,,,,,,
24,24,0,6,18,0,3,21,449.675154,4043.1213785,7227.965716,141.94524793121792,True,30.455531705482393,30.455531705482393,15.472459687210339,,,47.076448181,1.4873065010000062,11.36880402700001,1.5627642310000027,5,2582.971565375,0,178,0,0,0,9.346999700996093,144.93169996421784,resource,immediate_allow,610810002,burst,long_context,ARRIVED_QUEUE_J_PEAK_AREA_V1,reused_external_rules_01,,,docs/results/external_rules_02/results.csv,02455a3902b4696e6594624e1eb97be654c56d7934649b5ed0aacac3b71121d0,reused_external_rules_01,,,,,,,,,,,,,,,,,,,,,,,,,,,
24,24,0,6,18,0,1,23,531.189496,3417.709691611111,6355.105285,141.8808655094617,True,30.4781091059134,30.4781091059134,16.303699201278892,,,46.203587751,1.875317078000009,11.203587751,1.875317078000009,6,2113.912800166667,0,160,0,83,24,0.013534499681554735,0.3834000090137124,resource,immediate_allow,610810002,burst,long_context,BAND_HEFT_WHOLE_REQUEST_ADAPT_V1,reused_external_rules_01,,,docs/results/external_rules_02/results.csv,02455a3902b4696e6594624e1eb97be654c56d7934649b5ed0aacac3b71121d0,reused_external_rules_01,,,,,,,,,,,,,,,,,,,,,,,,,,,
192,192,0,96,96,0,0,192,294.054635,925.5243417708333,1725.651213,183.39704282713487,True,32.43640482675034,32.43640482675034,188.95495563606613,,,112.209373552,17.378960703999937,64.478013914,20.423574824999925,67,153.02644928645833,0,564,0,0,0,,,resource,immediate_allow,610810002,sustained,mean,SHARED_EFT,reused_external_rules_01,,,docs/results/external_rules_02/results.csv,02455a3902b4696e6594624e1eb97be654c56d7934649b5ed0aacac3b71121d0,reused_external_rules_01,,,,,,,,,,,,,,,,,,,,,,,,,,,
192,192,0,96,96,7,0,185,1531.951893,3977.3754387916665,5313.844738,182.57408354585743,True,32.39691614405888,32.39691614405888,192.58534770163487,,,115.483274302,20.14058401499996,64.47801390499995,20.42357483099996,67,1908.5199236666667,0,1313,0,0,0,,,resource,immediate_allow,610810002,sustained,mean,ENERGY_AP_REQUEST_V1,reused_external_rules_01,,,docs/results/external_rules_02/results.csv,02455a3902b4696e6594624e1eb97be654c56d7934649b5ed0aacac3b71121d0,reused_external_rules_01,,,,,,,,,,,,,,,,,,,,,,,,,,,
192,192,0,96,96,9,0,183,1806.647447,4099.754127958333,5321.272177,182.71430648358,True,32.37205807594258,32.37205807594258,189.77663758991545,,,115.125064649,19.19091959699997,64.97366273099996,19.509086405999973,64,1890.3500671510417,0,1301,0,0,0,35.12768689880613,277.02420006971806,resource,immediate_allow,610810002,sustained,mean,ARRIVED_QUEUE_J_PEAK_AREA_V1,reused_external_rules_01,,,docs/results/external_rules_02/results.csv,02455a3902b4696e6594624e1eb97be654c56d7934649b5ed0aacac3b71121d0,reused_external_rules_01,,,,,,,,,,,,,,,,,,,,,,,,,,,
192,192,0,96,96,0,0,192,294.054635,925.5243417708333,1725.651213,183.26889083042366,True,32.39763030905966,32.39763030905966,186.85740637097882,,,112.209373552,17.01047814399994,65.30409529200001,18.89942744999992,62,154.94562928645834,0,584,0,285,192,0.011264101252891123,0.4048000555485487,resource,immediate_allow,610810002,sustained,mean,BAND_HEFT_WHOLE_REQUEST_ADAPT_V1,reused_external_rules_01,,,docs/results/external_rules_02/results.csv,02455a3902b4696e6594624e1eb97be654c56d7934649b5ed0aacac3b71121d0,reused_external_rules_01,,,,,,,,,,,,,,,,,,,,,,,,,,,
192,192,0,96,96,0,0,192,286.608481,922.998321625,1721.35503,183.20812556264946,True,32.41862439271233,32.41862439271233,187.70448544530944,,,112.208650422,17.025683855999986,64.40859340900005,19.906108967999963,67,152.10370491145832,0,564,0,0,0,,,resource,immediate_allow,610810002,sustained,short_context,SHARED_EFT,reused_external_rules_01,,,docs/results/external_rules_02/results.csv,02455a3902b4696e6594624e1eb97be654c56d7934649b5ed0aacac3b71121d0,reused_external_rules_01,,,,,,,,,,,,,,,,,,,,,,,,,,,
192,192,0,96,96,7,0,185,1524.505739,3962.6998123333333,5310.994816,182.4278361579789,True,32.402553805458176,32.402553805458176,191.1606917207593,,,115.47893552,19.644118878999947,64.40859339899998,19.90610897199995,67,1904.1517822760416,0,1312,0,0,0,,,resource,immediate_allow,610810002,sustained,short_context,ENERGY_AP_REQUEST_V1,reused_external_rules_01,,,docs/results/external_rules_02/results.csv,02455a3902b4696e6594624e1eb97be654c56d7934649b5ed0aacac3b71121d0,reused_external_rules_01,,,,,,,,,,,,,,,,,,,,,,,,,,,
192,192,0,96,96,7,0,185,1716.186885,4020.06976675,5345.28023,182.659651263711,True,32.4011332302684,32.4011332302684,187.06362877373928,,,115.598158651,18.128966347999985,65.23467477400001,18.420578453999987,62,1857.5559895260417,0,1302,0,0,0,79.29648549749982,168.11959992628545,resource,immediate_allow,610810002,sustained,short_context,ARRIVED_QUEUE_J_PEAK_AREA_V1,reused_external_rules_01,,,docs/results/external_rules_02/results.csv,02455a3902b4696e6594624e1eb97be654c56d7934649b5ed0aacac3b71121d0,reused_external_rules_01,,,,,,,,,,,,,,,,,,,,,,,,,,,
192,192,0,96,96,0,0,192,286.608481,922.998321625,1721.35503,183.09241659930777,True,32.38105369497318,32.38105369497318,185.67744783163022,,,112.208650422,16.676725814999983,65.23467478900005,18.420578447999944,62,153.92119470833333,0,584,0,285,192,0.03593779890798032,1.2726999120786786,resource,immediate_allow,610810002,sustained,short_context,BAND_HEFT_WHOLE_REQUEST_ADAPT_V1,reused_external_rules_01,,,docs/results/external_rules_02/results.csv,02455a3902b4696e6594624e1eb97be654c56d7934649b5ed0aacac3b71121d0,reused_external_rules_01,,,,,,,,,,,,,,,,,,,,,,,,,,,
192,192,0,96,96,0,0,192,301.500789,927.9518585520833,1729.754688,183.58415194918055,True,32.453994046625915,32.453994046625915,190.1919948464249,,,112.210058199,17.729466744999982,64.543740012,20.94104068199998,67,153.90008717708332,0,566,0,0,0,,,resource,immediate_allow,610810002,sustained,long_context,SHARED_EFT,reused_external_rules_01,,,docs/results/external_rules_02/results.csv,02455a3902b4696e6594624e1eb97be654c56d7934649b5ed0aacac3b71121d0,reused_external_rules_01,,,,,,,,,,,,,,,,,,,,,,,,,,,
192,192,0,96,96,7,0,185,1539.398047,4009.739125125,5316.578919,182.76844075102514,True,32.38879634438174,32.38879634438174,193.19880180709242,,,115.487382183,20.294806494999975,64.70895627799997,20.628487845999942,66,1930.8089769479166,0,1390,0,0,0,,,resource,immediate_allow,610810002,sustained,long_context,ENERGY_AP_REQUEST_V1,reused_external_rules_01,,,docs/results/external_rules_02/results.csv,02455a3902b4696e6594624e1eb97be654c56d7934649b5ed0aacac3b71121d0,reused_external_rules_01,,,,,,,,,,,,,,,,,,,,,,,,,,,
192,192,0,96,96,9,0,183,1820.200986,4102.81588971875,5326.060299,182.8611908957357,True,32.39056260550869,32.39056260550869,191.11440723403405,,,115.135279915,19.639640683999993,65.03938882699997,20.003382152000007,64,1892.5151704270834,0,1362,0,0,0,46.80783009971492,158.05720002390444,resource,immediate_allow,610810002,sustained,long_context,ARRIVED_QUEUE_J_PEAK_AREA_V1,reused_external_rules_01,,,docs/results/external_rules_02/results.csv,02455a3902b4696e6594624e1eb97be654c56d7934649b5ed0aacac3b71121d0,reused_external_rules_01,,,,,,,,,,,,,,,,,,,,,,,,,,,
192,192,0,96,96,0,0,192,301.500789,927.9518585520833,1729.754688,183.43505823162906,True,32.39538080047476,32.39538080047476,187.5112310794094,,,112.210058199,17.198017906999965,65.535037668,19.065723605999963,61,156.668049875,0,590,0,289,192,0.01055540144443512,0.24049996864050627,resource,immediate_allow,610810002,sustained,long_context,BAND_HEFT_WHOLE_REQUEST_ADAPT_V1,reused_external_rules_01,,,docs/results/external_rules_02/results.csv,02455a3902b4696e6594624e1eb97be654c56d7934649b5ed0aacac3b71121d0,reused_external_rules_01,,,,,,,,,,,,,,,,,,,,,,,,,,,
24,24,0,6,18,0,0,24,156.179931,619.471443,619.471443,142.12345650915356,True,30.173925353094262,30.173925353094262,13.185737880269478,,,63.24595877,0,12.182561765999964,0,0,0.0,0,24,0,0,0,,,resource,immediate_allow,610810003,low,mean,SHARED_EFT,reused_external_rules_01,,,docs/results/external_rules_02/results.csv,02455a3902b4696e6594624e1eb97be654c56d7934649b5ed0aacac3b71121d0,reused_external_rules_01,,,,,,,,,,,,,,,,,,,,,,,,,,,
24,24,0,6,18,0,0,24,1404.081047,2112.8815051666666,4847.151756,142.08020965869005,True,30.163240506875717,30.163240506875717,14.0133298755973,,,65.24595877,0.30482947499999824,12.017345488999965,0.30482947499999824,1,1294.8928085833334,0,162,0,0,0,,,resource,immediate_allow,610810003,low,mean,ENERGY_AP_REQUEST_V1,reused_external_rules_01,,,docs/results/external_rules_02/results.csv,02455a3902b4696e6594624e1eb97be654c56d7934649b5ed0aacac3b71121d0,reused_external_rules_01,,,,,,,,,,,,,,,,,,,,,,,,,,,
24,24,0,6,18,0,0,24,294.054635,2226.5267171666665,4688.374145,142.06196912726926,True,30.259359236632143,30.259359236632143,14.524856674638034,,,63.49595877,0.5257446759999951,11.852129213999966,0.6096589499999965,2,1205.291455625,0,112,0,0,0,1.2996071997331455,69.20690007973462,resource,immediate_allow,610810003,low,mean,ARRIVED_QUEUE_J_PEAK_AREA_V1,reused_external_rules_01,,,docs/results/external_rules_02/results.csv,02455a3902b4696e6594624e1eb97be654c56d7934649b5ed0aacac3b71121d0,reused_external_rules_01,,,,,,,,,,,,,,,,,,,,,,,,,,,
24,24,0,6,18,0,0,24,156.179931,619.471443,619.471443,142.12345650915356,True,30.173925353094262,30.173925353094262,13.185737880269478,,,63.24595877,0,12.182561765999964,0,0,0.0,0,24,0,0,24,0.0005598003044724464,0.03560003824532032,resource,immediate_allow,610810003,low,mean,BAND_HEFT_WHOLE_REQUEST_ADAPT_V1,reused_external_rules_01,,,docs/results/external_rules_02/results.csv,02455a3902b4696e6594624e1eb97be654c56d7934649b5ed0aacac3b71121d0,reused_external_rules_01,,,,,,,,,,,,,,,,,,,,,,,,,,,
24,24,0,6,18,0,0,24,156.179931,618.790912,618.790912,142.11417682321962,True,30.172950728602615,30.172950728602615,13.153776568358186,,,63.24523564,0,12.169545425999978,0,0,0.0,0,24,0,0,0,,,resource,immediate_allow,610810003,low,short_context,SHARED_EFT,reused_external_rules_01,,,docs/results/external_rules_02/results.csv,02455a3902b4696e6594624e1eb97be654c56d7934649b5ed0aacac3b71121d0,reused_external_rules_01,,,,,,,,,,,,,,,,,,,,,,,,,,,
24,24,0,6,18,0,0,24,1404.081047,2112.1608002222224,4845.748094,142.06957926193726,True,30.161494960668264,30.161494960668264,13.962922237324193,,,65.24523564,0.2971061040000009,12.004329146999986,0.2971061040000009,1,1294.712026,0,162,0,0,0,,,resource,immediate_allow,610810003,low,short_context,ENERGY_AP_REQUEST_V1,reused_external_rules_01,,,docs/results/external_rules_02/results.csv,02455a3902b4696e6594624e1eb97be654c56d7934649b5ed0aacac3b71121d0,reused_external_rules_01,,,,,,,,,,,,,,,,,,,,,,,,,,,
24,24,0,6,18,0,0,24,286.608481,2225.5649686666666,4686.970483,142.04833294335717,True,30.256979647115724,30.256979647115724,14.463522340858557,,,63.49523564,0.5158519140000024,11.83911287099999,0.5942122080000019,2,1205.080542625,0,112,0,0,0,0.7977742004441097,29.543499927967787,resource,immediate_allow,610810003,low,short_context,ARRIVED_QUEUE_J_PEAK_AREA_V1,reused_external_rules_01,,,docs/results/external_rules_02/results.csv,02455a3902b4696e6594624e1eb97be654c56d7934649b5ed0aacac3b71121d0,reused_external_rules_01,,,,,,,,,,,,,,,,,,,,,,,,,,,
24,24,0,6,18,0,0,24,156.179931,618.790912,618.790912,142.11417682321962,True,30.172950728602615,30.172950728602615,13.153776568358186,,,63.24523564,0,12.169545425999978,0,0,0.0,0,24,0,0,24,0.0005417003994807601,0.044899992644786835,resource,immediate_allow,610810003,low,short_context,BAND_HEFT_WHOLE_REQUEST_ADAPT_V1,reused_external_rules_01,,,docs/results/external_rules_02/results.csv,02455a3902b4696e6594624e1eb97be654c56d7934649b5ed0aacac3b71121d0,reused_external_rules_01,,,,,,,,,,,,,,,,,,,,,,,,,,,
24,24,0,6,18,0,0,24,156.179931,620.151684,620.151684,142.1322423555928,True,30.174848140571644,30.174848140571644,13.216032240005209,,,63.246643417,0,12.19488541199997,0,0,0.0,0,24,0,0,0,,,resource,immediate_allow,610810003,low,long_context,SHARED_EFT,reused_external_rules_01,,,docs/results/external_rules_02/results.csv,02455a3902b4696e6594624e1eb97be654c56d7934649b5ed0aacac3b71121d0,reused_external_rules_01,,,,,,,,,,,,,,,,,,,,,,,,,,,
24,24,0,6,18,0,0,24,1404.081047,2113.5997820555554,4848.516643,142.09034621322496,True,30.164940265976767,30.164940265976767,14.062071154344512,,,65.246643417,0.31255284599999555,12.02966913299997,0.31255284599999555,1,1295.0639702916667,0,163,0,0,0,,,resource,immediate_allow,610810003,low,long_context,ENERGY_AP_REQUEST_V1,reused_external_rules_01,,,docs/results/external_rules_02/results.csv,02455a3902b4696e6594624e1eb97be654c56d7934649b5ed0aacac3b71121d0,reused_external_rules_01,,,,,,,,,,,,,,,,,,,,,,,,,,,
24,24,0,6,18,0,0,24,301.500789,2227.473209777778,4689.739033,142.07514587162035,True,30.261679326969666,30.261679326969666,14.58473020832578,,,63.496643417,0.5355219869999956,11.864452856999975,0.6251056919999982,2,1205.49114425,0,114,0,0,0,1.526015899842605,58.692999999038875,resource,immediate_allow,610810003,low,long_context,ARRIVED_QUEUE_J_PEAK_AREA_V1,reused_external_rules_01,,,docs/results/external_rules_02/results.csv,02455a3902b4696e6594624e1eb97be654c56d7934649b5ed0aacac3b71121d0,reused_external_rules_01,,,,,,,,,,,,,,,,,,,,,,,,,,,
24,24,0,6,18,0,0,24,156.179931,620.151684,620.151684,142.1322423555928,True,30.174848140571644,30.174848140571644,13.216032240005209,,,63.246643417,0,12.19488541199997,0,0,0.0,0,24,0,0,24,0.001554700080305338,0.09079999290406704,resource,immediate_allow,610810003,low,long_context,BAND_HEFT_WHOLE_REQUEST_ADAPT_V1,reused_external_rules_01,,,docs/results/external_rules_02/results.csv,02455a3902b4696e6594624e1eb97be654c56d7934649b5ed0aacac3b71121d0,reused_external_rules_01,,,,,,,,,,,,,,,,,,,,,,,,,,,
24,24,0,6,18,0,2,22,507.365272,3785.2959015,6579.344678,141.86397540791523,True,30.478661412660408,30.478661412660408,16.274704004297654,,,46.191264107,1.8289768510000073,11.191264107000002,1.8289768510000073,6,2392.340296791667,0,160,0,0,0,,,resource,immediate_allow,610810003,queue,mean,SHARED_EFT,reused_external_rules_01,,,docs/results/external_rules_02/results.csv,02455a3902b4696e6594624e1eb97be654c56d7934649b5ed0aacac3b71121d0,reused_external_rules_01,,,,,,,,,,,,,,,,,,,,,,,,,,,
24,24,0,6,18,0,4,20,399.215923,4115.728452888889,7074.993505,141.99371595679315,True,30.40486258408628,30.40486258408628,14.133082523169403,,,46.686912934,0.9144884250000089,11.686912933999999,0.9144884250000089,3,2638.4174000000003,0,160,0,0,0,,,resource,immediate_allow,610810003,queue,mean,ENERGY_AP_REQUEST_V1,reused_external_rules_01,,,docs/results/external_rules_02/results.csv,02455a3902b4696e6594624e1eb97be654c56d7934649b5ed0aacac3b71121d0,reused_external_rules_01,,,,,,,,,,,,,,,,,,,,,,,,,,,
24,24,0,6,18,0,4,20,399.215923,4115.728452888889,7074.993505,141.99371595679315,True,30.40486258408628,30.40486258408628,14.133082523169403,,,46.686912934,0.9144884250000089,11.686912933999999,0.9144884250000089,3,2638.4174000000003,0,160,0,0,0,11.206346800201572,197.22179998643696,resource,immediate_allow,610810003,queue,mean,ARRIVED_QUEUE_J_PEAK_AREA_V1,reused_external_rules_01,,,docs/results/external_rules_02/results.csv,02455a3902b4696e6594624e1eb97be654c56d7934649b5ed0aacac3b71121d0,reused_external_rules_01,,,,,,,,,,,,,,,,,,,,,,,,,,,
24,24,0,6,18,0,2,22,507.365272,3785.2959015,6579.344678,141.86397540791523,True,30.478661412660408,30.478661412660408,16.274704004297654,,,46.191264107,1.8289768510000073,11.191264107000002,1.8289768510000073,6,2392.340296791667,0,160,0,85,24,0.016320600174367428,0.4637000383809209,resource,immediate_allow,610810003,queue,mean,BAND_HEFT_WHOLE_REQUEST_ADAPT_V1,reused_external_rules_01,,,docs/results/external_rules_02/results.csv,02455a3902b4696e6594624e1eb97be654c56d7934649b5ed0aacac3b71121d0,reused_external_rules_01,,,,,,,,,,,,,,,,,,,,,,,,,,,
24,24,0,6,18,0,2,22,484.472376,3778.4687625,6566.370931,141.84659146205846,True,30.474872745483214,30.474872745483214,16.132897477068184,,,46.178247762,1.782636625000002,11.178247761999998,1.782636625000002,6,2386.443112625,0,160,0,0,0,,,resource,immediate_allow,610810003,queue,short_context,SHARED_EFT,reused_external_rules_01,,,docs/results/external_rules_02/results.csv,02455a3902b4696e6594624e1eb97be654c56d7934649b5ed0aacac3b71121d0,reused_external_rules_01,,,,,,,,,,,,,,,,,,,,,,,,,,,
24,24,0,6,18,0,4,20,384.046398,4108.901313888889,7062.019758,141.98038413911547,True,30.40154864535793,30.40154864535793,14.046714926469622,,,46.673896589,0.8913183120000028,11.673896589000002,0.8913183120000028,3,2632.9432895416667,0,160,0,0,0,,,resource,immediate_allow,610810003,queue,short_context,ENERGY_AP_REQUEST_V1,reused_external_rules_01,,,docs/results/external_rules_02/results.csv,02455a3902b4696e6594624e1eb97be654c56d7934649b5ed0aacac3b71121d0,reused_external_rules_01,,,,,,,,,,,,,,,,,,,,,,,,,,,
24,24,0,6,18,0,4,20,384.046398,4108.901313888889,7062.019758,141.98038413911547,True,30.40154864535793,30.40154864535793,14.046714926469622,,,46.673896589,0.8913183120000028,11.673896589000002,0.8913183120000028,3,2632.9432895416667,0,160,0,0,0,12.941233300603926,219.75950000341982,resource,immediate_allow,610810003,queue,short_context,ARRIVED_QUEUE_J_PEAK_AREA_V1,reused_external_rules_01,,,docs/results/external_rules_02/results.csv,02455a3902b4696e6594624e1eb97be654c56d7934649b5ed0aacac3b71121d0,reused_external_rules_01,,,,,,,,,,,,,,,,,,,,,,,,,,,
24,24,0,6,18,0,2,22,484.472376,3778.4687625,6566.370931,141.84659146205846,True,30.474872745483214,30.474872745483214,16.132897477068184,,,46.178247762,1.782636625000002,11.178247761999998,1.782636625000002,6,2386.443112625,0,160,0,85,24,0.014029899961315095,0.658900011330843,resource,immediate_allow,610810003,queue,short_context,BAND_HEFT_WHOLE_REQUEST_ADAPT_V1,reused_external_rules_01,,,docs/results/external_rules_02/results.csv,02455a3902b4696e6594624e1eb97be654c56d7934649b5ed0aacac3b71121d0,reused_external_rules_01,,,,,,,,,,,,,,,,,,,,,,,,,,,
24,24,0,6,18,0,2,22,530.258168,3791.7956406666667,6591.663915,141.8808655094617,True,30.48245327688329,30.48245327688329,16.415168501230042,,,46.203587751,1.875317078000002,11.203587751,1.875317078000002,6,2397.9921489583335,0,160,0,0,0,,,resource,immediate_allow,610810003,queue,long_context,SHARED_EFT,reused_external_rules_01,,,docs/results/external_rules_02/results.csv,02455a3902b4696e6594624e1eb97be654c56d7934649b5ed0aacac3b71121d0,reused_external_rules_01,,,,,,,,,,,,,,,,,,,,,,,,,,,
24,24,0,6,18,0,4,20,414.385448,4122.228192055555,7087.312742,142.00655393016052,True,30.408093701527665,30.408093701527665,14.217914400720854,,,46.699236578,0.9376585390000045,11.699236577999997,0.9376585390000045,3,2643.6173159583336,0,178,0,0,0,,,resource,immediate_allow,610810003,queue,long_context,ENERGY_AP_REQUEST_V1,reused_external_rules_01,,,docs/results/external_rules_02/results.csv,02455a3902b4696e6594624e1eb97be654c56d7934649b5ed0aacac3b71121d0,reused_external_rules_01,,,,,,,,,,,,,,,,,,,,,,,,,,,
24,24,0,6,18,0,4,20,414.385448,4122.228192055555,7087.312742,142.00655393016052,True,30.408093701527665,30.408093701527665,14.217914400720854,,,46.699236578,0.9376585390000045,11.699236577999997,0.9376585390000045,3,2643.6173159583336,0,178,0,0,0,11.74903010088019,207.0395000046119,resource,immediate_allow,610810003,queue,long_context,ARRIVED_QUEUE_J_PEAK_AREA_V1,reused_external_rules_01,,,docs/results/external_rules_02/results.csv,02455a3902b4696e6594624e1eb97be654c56d7934649b5ed0aacac3b71121d0,reused_external_rules_01,,,,,,,,,,,,,,,,,,,,,,,,,,,
24,24,0,6,18,0,2,22,530.258168,3791.7956406666667,6591.663915,141.8808655094617,True,30.48245327688329,30.48245327688329,16.415168501230042,,,46.203587751,1.875317078000002,11.203587751,1.875317078000002,6,2397.9921489583335,0,160,0,84,24,0.012589200981892645,0.43789995834231377,resource,immediate_allow,610810003,queue,long_context,BAND_HEFT_WHOLE_REQUEST_ADAPT_V1,reused_external_rules_01,,,docs/results/external_rules_02/results.csv,02455a3902b4696e6594624e1eb97be654c56d7934649b5ed0aacac3b71121d0,reused_external_rules_01,,,,,,,,,,,,,,,,,,,,,,,,,,,
24,24,0,6,18,0,1,23,515.789367,3473.6353272222223,6334.633862,141.86397540774036,True,30.475598417259608,30.475598417259608,16.208736765435827,,,46.191264107,1.8289768500000108,11.191264107000002,1.8289768500000108,6,2149.861860125,0,160,0,0,0,,,resource,immediate_allow,610810003,burst,mean,SHARED_EFT,reused_external_rules_01,,,docs/results/external_rules_02/results.csv,02455a3902b4696e6594624e1eb97be654c56d7934649b5ed0aacac3b71121d0,reused_external_rules_01,,,,,,,,,,,,,,,,,,,,,,,,,,,
24,24,0,6,18,0,3,21,897.996538,4262.011186833333,7426.231206,141.95046910691406,True,30.415375776521532,30.415375776521532,14.817980359870873,,,47.282861451,1.2193179000000143,11.521696658000003,1.2193179000000143,4,2790.3011276666666,0,162,0,0,0,,,resource,immediate_allow,610810003,burst,mean,ENERGY_AP_REQUEST_V1,reused_external_rules_01,,,docs/results/external_rules_02/results.csv,02455a3902b4696e6594624e1eb97be654c56d7934649b5ed0aacac3b71121d0,reused_external_rules_01,,,,,,,,,,,,,,,,,,,,,,,,,,,
24,24,0,6,18,0,3,21,377.914663,4221.354015222222,7387.752271,141.9970460144094,True,30.410173446008976,30.410173446008976,14.567772014981216,,,47.244382517,1.0630187060000083,11.521696659,1.2193179000000072,4,2714.0776137499997,0,161,0,0,0,13.176109499647282,197.68600002862513,resource,immediate_allow,610810003,burst,mean,ARRIVED_QUEUE_J_PEAK_AREA_V1,reused_external_rules_01,,,docs/results/external_rules_02/results.csv,02455a3902b4696e6594624e1eb97be654c56d7934649b5ed0aacac3b71121d0,reused_external_rules_01,,,,,,,,,,,,,,,,,,,,,,,,,,,
24,24,0,6,18,0,1,23,515.789367,3473.6353272222223,6334.633862,141.86397540774036,True,30.475598417259608,30.475598417259608,16.208736765435827,,,46.191264107,1.8289768500000108,11.191264107000002,1.8289768500000108,6,2149.861860125,0,160,0,96,24,0.01645429979544133,0.314700067974627,resource,immediate_allow,610810003,burst,mean,BAND_HEFT_WHOLE_REQUEST_ADAPT_V1,reused_external_rules_01,,,docs/results/external_rules_02/results.csv,02455a3902b4696e6594624e1eb97be654c56d7934649b5ed0aacac3b71121d0,reused_external_rules_01,,,,,,,,,,,,,,,,,,,,,,,,,,,
24,24,0,6,18,0,1,23,500.619842,3466.8081882222223,6321.660115,141.84659146188358,True,30.471914437451893,30.471914437451893,16.06820513438551,,,46.178247762,1.7826366240000056,11.178247761999998,1.7826366240000056,6,2144.9300973333334,0,160,0,0,0,,,resource,immediate_allow,610810003,burst,short_context,SHARED_EFT,reused_external_rules_01,,,docs/results/external_rules_02/results.csv,02455a3902b4696e6594624e1eb97be654c56d7934649b5ed0aacac3b71121d0,reused_external_rules_01,,,,,,,,,,,,,,,,,,,,,,,,,,,
24,24,0,6,18,0,3,21,897.996538,4257.795351666667,7416.873111,141.9357865805563,True,30.412782198158173,30.412782198158173,14.717911029301895,,,47.273460758,1.1884244160000037,11.508680314000003,1.1884244160000037,4,2787.649649916667,0,162,0,0,0,,,resource,immediate_allow,610810003,burst,short_context,ENERGY_AP_REQUEST_V1,reused_external_rules_01,,,docs/results/external_rules_02/results.csv,02455a3902b4696e6594624e1eb97be654c56d7934649b5ed0aacac3b71121d0,reused_external_rules_01,,,,,,,,,,,,,,,,,,,,,,,,,,,
24,24,0,6,18,0,3,21,370.191292,4217.191190833333,7379.117307,141.9811393927123,True,30.407705854737422,30.407705854737422,14.473443684345636,,,47.235704953,1.0362329420000052,11.508680313000006,1.1884244160000037,4,2711.144086875,0,161,0,0,0,11.361707400646992,157.24190010223538,resource,immediate_allow,610810003,burst,short_context,ARRIVED_QUEUE_J_PEAK_AREA_V1,reused_external_rules_01,,,docs/results/external_rules_02/results.csv,02455a3902b4696e6594624e1eb97be654c56d7934649b5ed0aacac3b71121d0,reused_external_rules_01,,,,,,,,,,,,,,,,,,,,,,,,,,,
24,24,0,6,18,0,1,23,500.619842,3466.8081882222223,6321.660115,141.84659146188358,True,30.471914437451893,30.471914437451893,16.06820513438551,,,46.178247762,1.7826366240000056,11.178247761999998,1.7826366240000056,6,2144.9300973333334,0,160,0,96,24,0.013406099751591682,0.367900007404387,resource,immediate_allow,610810003,burst,short_context,BAND_HEFT_WHOLE_REQUEST_ADAPT_V1,reused_external_rules_01,,,docs/results/external_rules_02/results.csv,02455a3902b4696e6594624e1eb97be654c56d7934649b5ed0aacac3b71121d0,reused_external_rules_01,,,,,,,,,,,,,,,,,,,,,,,,,,,
24,24,0,6,18,0,1,23,530.958892,3480.135066388889,6346.953099,141.88086550928682,True,30.47928415946439,30.47928415946439,16.34771117927114,,,46.203587751,1.8753170770000125,11.203587751,1.8753170770000125,6,2154.548290875,0,160,0,0,0,,,resource,immediate_allow,610810003,burst,long_context,SHARED_EFT,reused_external_rules_01,,,docs/results/external_rules_02/results.csv,02455a3902b4696e6594624e1eb97be654c56d7934649b5ed0aacac3b71121d0,reused_external_rules_01,,,,,,,,,,,,,,,,,,,,,,,,,,,
24,24,0,6,18,0,3,21,897.996538,4266.038590111111,7435.127209,141.96465779021253,True,30.417954259651793,30.417954259651793,14.916351601882486,,,47.291761861,1.2502113840000106,11.534020302999998,1.2502113840000106,4,2792.8114994166667,0,178,0,0,0,,,resource,immediate_allow,610810003,burst,long_context,ENERGY_AP_REQUEST_V1,reused_external_rules_01,,,docs/results/external_rules_02/results.csv,02455a3902b4696e6594624e1eb97be654c56d7934649b5ed0aacac3b71121d0,reused_external_rules_01,,,,,,,,,,,,,,,,,,,,,,,,,,,
24,24,0,6,18,0,3,21,385.638034,4225.3540635,7395.963628,142.01251613056505,True,30.41261454948644,30.41261454948644,14.660333525900658,,,47.252598279,1.089612054000007,11.534020302999998,1.2502113840000035,4,2716.8892763333333,0,176,0,0,0,10.350659999530762,205.57470002677292,resource,immediate_allow,610810003,burst,long_context,ARRIVED_QUEUE_J_PEAK_AREA_V1,reused_external_rules_01,,,docs/results/external_rules_02/results.csv,02455a3902b4696e6594624e1eb97be654c56d7934649b5ed0aacac3b71121d0,reused_external_rules_01,,,,,,,,,,,,,,,,,,,,,,,,,,,
24,24,0,6,18,0,1,23,530.958892,3480.135066388889,6346.953099,141.88086550928682,True,30.47928415946439,30.47928415946439,16.34771117927114,,,46.203587751,1.8753170770000125,11.203587751,1.8753170770000125,6,2154.548290875,0,160,0,96,24,0.02060069947037846,0.8240999886766076,resource,immediate_allow,610810003,burst,long_context,BAND_HEFT_WHOLE_REQUEST_ADAPT_V1,reused_external_rules_01,,,docs/results/external_rules_02/results.csv,02455a3902b4696e6594624e1eb97be654c56d7934649b5ed0aacac3b71121d0,reused_external_rules_01,,,,,,,,,,,,,,,,,,,,,,,,,,,
192,192,0,96,96,0,0,192,294.054635,904.15703425,1425.884475,183.34906487252331,True,32.53200798471618,32.53200798471618,188.24182994281432,,,111.864276492,17.38025638899996,64.643230187,20.11874534999992,66,142.34279552083333,0,561,0,0,0,,,resource,immediate_allow,610810003,sustained,mean,SHARED_EFT,reused_external_rules_01,,,docs/results/external_rules_02/results.csv,02455a3902b4696e6594624e1eb97be654c56d7934649b5ed0aacac3b71121d0,reused_external_rules_01,,,,,,,,,,,,,,,,,,,,,,,,,,,
192,192,0,96,96,11,0,181,2182.718725,4334.812960427083,5408.237178,182.4419729326257,True,32.47060992996182,32.47060992996182,193.7864261963939,,,114.181399063,20.903320690999948,64.14758135400001,21.033233781999954,69,2212.130346307292,0,1345,0,0,0,,,resource,immediate_allow,610810003,sustained,mean,ENERGY_AP_REQUEST_V1,reused_external_rules_01,,,docs/results/external_rules_02/results.csv,02455a3902b4696e6594624e1eb97be654c56d7934649b5ed0aacac3b71121d0,reused_external_rules_01,,,,,,,,,,,,,,,,,,,,,,,,,,,
192,192,0,96,96,1,0,191,1375.537567,4020.1157002291666,5171.938973,182.9654680853743,True,32.45426024222954,32.45426024222954,184.0752481390706,,,113.813862638,17.070450604999976,66.29539293399995,17.070450604999976,56,1815.708112234375,0,1329,0,0,0,59.365814001183026,195.9765999345109,resource,immediate_allow,610810003,sustained,mean,ARRIVED_QUEUE_J_PEAK_AREA_V1,reused_external_rules_01,,,docs/results/external_rules_02/results.csv,02455a3902b4696e6594624e1eb97be654c56d7934649b5ed0aacac3b71121d0,reused_external_rules_01,,,,,,,,,,,,,,,,,,,,,,,,,,,
192,192,0,96,96,0,0,192,294.054635,904.15703425,1425.884475,183.18243552352374,True,32.52875208802732,32.52875208802732,186.35542141628247,,,111.864276492,17.140893157999955,65.46931156299999,18.59459797499992,61,143.589479015625,0,581,0,297,192,0.033178800134919584,0.6445000180974603,resource,immediate_allow,610810003,sustained,mean,BAND_HEFT_WHOLE_REQUEST_ADAPT_V1,reused_external_rules_01,,,docs/results/external_rules_02/results.csv,02455a3902b4696e6594624e1eb97be654c56d7934649b5ed0aacac3b71121d0,reused_external_rules_01,,,,,,,,,,,,,,,,,,,,,,,,,,,
192,192,0,96,96,0,0,192,286.608481,901.2845141666667,1417.24951,183.16480847236744,True,32.51489417784037,32.51489417784037,186.99905408355238,,,111.864276492,17.02359495399996,64.57380968399998,19.60900286399996,66,141.24680117708334,0,560,0,0,0,,,resource,immediate_allow,610810003,sustained,short_context,SHARED_EFT,reused_external_rules_01,,,docs/results/external_rules_02/results.csv,02455a3902b4696e6594624e1eb97be654c56d7934649b5ed0aacac3b71121d0,reused_external_rules_01,,,,,,,,,,,,,,,,,,,,,,,,,,,
192,192,0,96,96,11,0,181,2106.018861,4310.569386166667,5411.97925,182.3051659753174,True,32.44124124230411,32.44124124230411,191.77905735484745,,,114.027622672,20.20321507499998,64.243377124,20.20321507499998,68,2186.302979234375,0,1343,0,0,0,,,resource,immediate_allow,610810003,sustained,short_context,ENERGY_AP_REQUEST_V1,reused_external_rules_01,,,docs/results/external_rules_02/results.csv,02455a3902b4696e6594624e1eb97be654c56d7934649b5ed0aacac3b71121d0,reused_external_rules_01,,,,,,,,,,,,,,,,,,,,,,,,,,,
192,192,0,96,96,1,0,191,1367.38244,4015.9769304270835,5164.750269,182.8403366808446,True,32.436029181485516,32.436029181485516,182.8218883538946,,,113.804461944,16.637941824999984,66.22597242699996,16.637941824999984,56,1812.672591453125,0,1327,0,0,0,67.67616050015204,215.93290008604527,resource,immediate_allow,610810003,sustained,short_context,ARRIVED_QUEUE_J_PEAK_AREA_V1,reused_external_rules_01,,,docs/results/external_rules_02/results.csv,02455a3902b4696e6594624e1eb97be654c56d7934649b5ed0aacac3b71121d0,reused_external_rules_01,,,,,,,,,,,,,,,,,,,,,,,,,,,
192,192,0,96,96,0,0,192,286.608481,901.2845141666667,1417.24951,183.0134235492094,True,32.51173745528714,32.51173745528714,185.16964598921365,,,111.864276492,16.794355548999967,65.39989106399997,18.12347234399997,61,142.44075641145832,0,580,0,295,192,0.010363300330936909,0.3687000134959817,resource,immediate_allow,610810003,sustained,short_context,BAND_HEFT_WHOLE_REQUEST_ADAPT_V1,reused_external_rules_01,,,docs/results/external_rules_02/results.csv,02455a3902b4696e6594624e1eb97be654c56d7934649b5ed0aacac3b71121d0,reused_external_rules_01,,,,,,,,,,,,,,,,,,,,,,,,,,,
192,192,0,96,96,0,0,192,301.500789,906.9126109583333,1434.095831,183.5314443250195,True,32.54895829081761,32.54895829081761,189.4718412422316,,,111.864276492,17.73437792499999,64.70895628999997,20.62848783599997,66,143.380463390625,0,561,0,0,0,,,resource,immediate_allow,610810003,sustained,long_context,SHARED_EFT,reused_external_rules_01,,,docs/results/external_rules_02/results.csv,02455a3902b4696e6594624e1eb97be654c56d7934649b5ed0aacac3b71121d0,reused_external_rules_01,,,,,,,,,,,,,,,,,,,,,,,,,,,
192,192,0,96,96,12,0,180,2236.199206,4342.253769541667,5413.0253,182.60303719866948,True,32.47891629253484,32.47891629253484,195.19160571918843,,,114.234225421,21.36573802299995,64.21330745199997,21.566146391000025,69,2232.1530740989583,0,1428,0,0,0,,,resource,immediate_allow,610810003,sustained,long_context,ENERGY_AP_REQUEST_V1,reused_external_rules_01,,,docs/results/external_rules_02/results.csv,02455a3902b4696e6594624e1eb97be654c56d7934649b5ed0aacac3b71121d0,reused_external_rules_01,,,,,,,,,,,,,,,,,,,,,,,,,,,
192,192,0,96,96,1,0,191,1375.537567,4029.65933734375,5178.781035,183.05166861861392,True,32.48235149399677,32.48235149399677,185.9984336283332,,,113.810835242,17.796723172999982,66.19590275799996,17.815512230000003,57,1816.9202242604167,0,1392,0,0,0,3486.3047342989594,3443769.6225000545,resource,immediate_allow,610810003,sustained,long_context,ARRIVED_QUEUE_J_PEAK_AREA_V1,reused_external_rules_01,,,docs/results/external_rules_02/results.csv,02455a3902b4696e6594624e1eb97be654c56d7934649b5ed0aacac3b71121d0,reused_external_rules_01,,,,,,,,,,,,,,,,,,,,,,,,,,,
192,192,0,96,96,0,0,192,301.500789,906.9126109583333,1434.095831,183.3494100013716,True,32.54560466336833,32.54560466336833,187.52911018208874,,,111.864276492,17.485429641000003,65.53503766999998,19.06572360599997,61,144.67706903645833,0,581,0,297,192,0.03112979989964515,0.2853999612852931,resource,immediate_allow,610810003,sustained,long_context,BAND_HEFT_WHOLE_REQUEST_ADAPT_V1,reused_external_rules_01,,,docs/results/external_rules_02/results.csv,02455a3902b4696e6594624e1eb97be654c56d7934649b5ed0aacac3b71121d0,reused_external_rules_01,,,,,,,,,,,,,,,,,,,,,,,,,,,
24,24,0,6,18,0,0,24,156.179931,619.471443,619.471443,142.12345650915358,True,30.23367528883157,30.23367528883157,13.499311563126497,,,63.113806429,0,12.182561766000006,0,0,0.0,0,24,0,0,0,,,resource,immediate_allow,610810004,low,mean,SHARED_EFT,reused_external_rules_01,,,docs/results/external_rules_02/results.csv,02455a3902b4696e6594624e1eb97be654c56d7934649b5ed0aacac3b71121d0,reused_external_rules_01,,,,,,,,,,,,,,,,,,,,,,,,,,,
24,24,0,6,18,0,0,24,1406.179931,2010.8776026666667,3183.753999,142.08020965927452,True,30.2585191474973,30.2585191474973,14.348585788591048,,,65.113806429,0.30482947499999824,12.017345490000018,0.30482947499999824,1,1195.2697048333334,0,156,0,0,0,,,resource,immediate_allow,610810004,low,mean,ENERGY_AP_REQUEST_V1,reused_external_rules_01,,,docs/results/external_rules_02/results.csv,02455a3902b4696e6594624e1eb97be654c56d7934649b5ed0aacac3b71121d0,reused_external_rules_01,,,,,,,,,,,,,,,,,,,,,,,,,,,
24,24,0,6,18,0,0,24,156.179931,768.4019216666667,1369.471443,142.12345650915358,True,30.22536393262275,30.22536393262275,13.386943371218177,,,63.544555045,0,12.182561766000013,0,0,111.697859,0,38,0,0,0,0.08230670040939003,3.585000056773424,resource,immediate_allow,610810004,low,mean,ARRIVED_QUEUE_J_PEAK_AREA_V1,reused_external_rules_01,,,docs/results/external_rules_02/results.csv,02455a3902b4696e6594624e1eb97be654c56d7934649b5ed0aacac3b71121d0,reused_external_rules_01,,,,,,,,,,,,,,,,,,,,,,,,,,,
24,24,0,6,18,0,0,24,156.179931,619.471443,619.471443,142.12345650915358,True,30.23367528883157,30.23367528883157,13.499311563126497,,,63.113806429,0,12.182561766000006,0,0,0.0,0,24,0,0,24,0.0006117998855188489,0.04029995761811733,resource,immediate_allow,610810004,low,mean,BAND_HEFT_WHOLE_REQUEST_ADAPT_V1,reused_external_rules_01,,,docs/results/external_rules_02/results.csv,02455a3902b4696e6594624e1eb97be654c56d7934649b5ed0aacac3b71121d0,reused_external_rules_01,,,,,,,,,,,,,,,,,,,,,,,,,,,
24,24,0,6,18,0,0,24,156.179931,618.790912,618.790912,142.11417682321965,True,30.232788105910938,30.232788105910938,13.467627887347671,,,63.113083299,0,12.169545425999999,0,0,0.0,0,24,0,0,0,,,resource,immediate_allow,610810004,low,short_context,SHARED_EFT,reused_external_rules_01,,,docs/results/external_rules_02/results.csv,02455a3902b4696e6594624e1eb97be654c56d7934649b5ed0aacac3b71121d0,reused_external_rules_01,,,,,,,,,,,,,,,,,,,,,,,,,,,
24,24,0,6,18,0,0,24,1406.179931,2039.8618029444444,3183.073468,142.06957926180877,True,30.25837605629812,30.25837605629812,14.319653074708874,,,65.113083299,0.2971061040000009,12.004329147000007,0.2971061040000009,1,1217.5182532916667,0,163,0,0,0,,,resource,immediate_allow,610810004,low,short_context,ENERGY_AP_REQUEST_V1,reused_external_rules_01,,,docs/results/external_rules_02/results.csv,02455a3902b4696e6594624e1eb97be654c56d7934649b5ed0aacac3b71121d0,reused_external_rules_01,,,,,,,,,,,,,,,,,,,,,,,,,,,
24,24,0,6,18,0,0,24,156.179931,767.6812167222223,1368.790912,142.11417682250672,True,30.22441890253333,30.22441890253333,13.355117323249235,,,63.543108784,0,12.169545424999995,0,0,111.66772858333333,0,38,0,0,0,0.09402299975045025,5.080099916085601,resource,immediate_allow,610810004,low,short_context,ARRIVED_QUEUE_J_PEAK_AREA_V1,reused_external_rules_01,,,docs/results/external_rules_02/results.csv,02455a3902b4696e6594624e1eb97be654c56d7934649b5ed0aacac3b71121d0,reused_external_rules_01,,,,,,,,,,,,,,,,,,,,,,,,,,,
24,24,0,6,18,0,0,24,156.179931,618.790912,618.790912,142.11417682321965,True,30.232788105910938,30.232788105910938,13.467627887347671,,,63.113083299,0,12.169545425999999,0,0,0.0,0,24,0,0,24,0.0006662997184321284,0.05019991658627987,resource,immediate_allow,610810004,low,short_context,BAND_HEFT_WHOLE_REQUEST_ADAPT_V1,reused_external_rules_01,,,docs/results/external_rules_02/results.csv,02455a3902b4696e6594624e1eb97be654c56d7934649b5ed0aacac3b71121d0,reused_external_rules_01,,,,,,,,,,,,,,,,,,,,,,,,,,,
24,24,0,6,18,0,0,24,156.179931,620.151684,620.151684,142.13224235559284,True,30.234515285462404,30.234515285462404,13.529310090248398,,,63.114491076,0,12.194885412000005,0,0,0.0,0,24,0,0,0,,,resource,immediate_allow,610810004,low,long_context,SHARED_EFT,reused_external_rules_01,,,docs/results/external_rules_02/results.csv,02455a3902b4696e6594624e1eb97be654c56d7934649b5ed0aacac3b71121d0,reused_external_rules_01,,,,,,,,,,,,,,,,,,,,,,,,,,,
24,24,0,6,18,0,0,24,1406.179931,2011.595879611111,3184.43424,142.0903462122551,True,30.259960200224352,30.259960200224352,14.396993419102731,,,65.114491076,0.31255284599999555,12.029669132000016,0.31255284599999555,1,1195.2982317916667,0,156,0,0,0,,,resource,immediate_allow,610810004,low,long_context,ENERGY_AP_REQUEST_V1,reused_external_rules_01,,,docs/results/external_rules_02/results.csv,02455a3902b4696e6594624e1eb97be654c56d7934649b5ed0aacac3b71121d0,reused_external_rules_01,,,,,,,,,,,,,,,,,,,,,,,,,,,
24,24,0,6,18,0,0,24,156.179931,769.1201986111112,1370.151684,142.1322423548799,True,30.22625870489604,30.22625870489604,13.417076809194405,,,63.545924338,0,12.194885411000008,0,0,111.72638595833334,0,38,0,0,0,0.06284969986882061,3.1294000800698996,resource,immediate_allow,610810004,low,long_context,ARRIVED_QUEUE_J_PEAK_AREA_V1,reused_external_rules_01,,,docs/results/external_rules_02/results.csv,02455a3902b4696e6594624e1eb97be654c56d7934649b5ed0aacac3b71121d0,reused_external_rules_01,,,,,,,,,,,,,,,,,,,,,,,,,,,
24,24,0,6,18,0,0,24,156.179931,620.151684,620.151684,142.13224235559284,True,30.234515285462404,30.234515285462404,13.529310090248398,,,63.114491076,0,12.194885412000005,0,0,0.0,0,24,0,0,24,0.0005586001789197326,0.03260001540184021,resource,immediate_allow,610810004,low,long_context,BAND_HEFT_WHOLE_REQUEST_ADAPT_V1,reused_external_rules_01,,,docs/results/external_rules_02/results.csv,02455a3902b4696e6594624e1eb97be654c56d7934649b5ed0aacac3b71121d0,reused_external_rules_01,,,,,,,,,,,,,,,,,,,,,,,,,,,
24,24,0,6,18,0,2,22,490.97462,3825.989648333333,6787.243466,141.86397540791523,True,30.479046794711635,30.479046794711635,16.29883880193622,,,46.191264107,1.8289768510000073,11.191264107000002,1.8289768510000073,6,2417.31616875,0,160,0,0,0,,,resource,immediate_allow,610810004,queue,mean,SHARED_EFT,reused_external_rules_01,,,docs/results/external_rules_02/results.csv,02455a3902b4696e6594624e1eb97be654c56d7934649b5ed0aacac3b71121d0,reused_external_rules_01,,,,,,,,,,,,,,,,,,,,,,,,,,,
24,24,0,6,18,0,4,20,294.054635,4211.494291611111,7282.892293,141.99371595679315,True,30.411442191809147,30.411442191809147,14.322445061773937,,,46.686912934,0.9144884250000018,11.686912933999999,0.9144884250000018,3,2701.7322309166666,0,160,0,0,0,,,resource,immediate_allow,610810004,queue,mean,ENERGY_AP_REQUEST_V1,reused_external_rules_01,,,docs/results/external_rules_02/results.csv,02455a3902b4696e6594624e1eb97be654c56d7934649b5ed0aacac3b71121d0,reused_external_rules_01,,,,,,,,,,,,,,,,,,,,,,,,,,,
24,24,0,6,18,0,4,20,294.054635,4211.494291611111,7282.892293,141.99371595679315,True,30.411442191809147,30.411442191809147,14.322445061773937,,,46.686912934,0.9144884250000018,11.686912933999999,0.9144884250000018,3,2701.7322309166666,0,160,0,0,0,3.950516499578953,66.02659996133298,resource,immediate_allow,610810004,queue,mean,ARRIVED_QUEUE_J_PEAK_AREA_V1,reused_external_rules_01,,,docs/results/external_rules_02/results.csv,02455a3902b4696e6594624e1eb97be654c56d7934649b5ed0aacac3b71121d0,reused_external_rules_01,,,,,,,,,,,,,,,,,,,,,,,,,,,
24,24,0,6,18,0,2,22,490.97462,3825.989648333333,6787.243466,141.86397540791523,True,30.479046794711635,30.479046794711635,16.29883880193622,,,46.191264107,1.8289768510000073,11.191264107000002,1.8289768510000073,6,2417.31616875,0,160,0,91,24,0.004142899299040437,0.11439993977546692,resource,immediate_allow,610810004,queue,mean,BAND_HEFT_WHOLE_REQUEST_ADAPT_V1,reused_external_rules_01,,,docs/results/external_rules_02/results.csv,02455a3902b4696e6594624e1eb97be654c56d7934649b5ed0aacac3b71121d0,reused_external_rules_01,,,,,,,,,,,,,,,,,,,,,,,,,,,
24,24,0,6,18,0,2,22,468.081724,3819.162509333333,6774.269719,141.84659146205846,True,30.475258204862342,30.475258204862342,16.156099975936314,,,46.178247762,1.782636625000002,11.178247761999998,1.782636625000002,6,2411.7407917083333,0,160,0,0,0,,,resource,immediate_allow,610810004,queue,short_context,SHARED_EFT,reused_external_rules_01,,,docs/results/external_rules_02/results.csv,02455a3902b4696e6594624e1eb97be654c56d7934649b5ed0aacac3b71121d0,reused_external_rules_01,,,,,,,,,,,,,,,,,,,,,,,,,,,
24,24,0,6,18,0,4,20,286.608481,4204.667152611111,7269.918546,141.98038413911547,True,30.408022030018664,30.408022030018664,14.235728683761522,,,46.673896589,0.8913183120000028,11.673896589000002,0.8913183120000028,3,2696.7607101666667,0,160,0,0,0,,,resource,immediate_allow,610810004,queue,short_context,ENERGY_AP_REQUEST_V1,reused_external_rules_01,,,docs/results/external_rules_02/results.csv,02455a3902b4696e6594624e1eb97be654c56d7934649b5ed0aacac3b71121d0,reused_external_rules_01,,,,,,,,,,,,,,,,,,,,,,,,,,,
24,24,0,6,18,0,4,20,286.608481,4204.667152611111,7269.918546,141.98038413911547,True,30.408022030018664,30.408022030018664,14.235728683761522,,,46.673896589,0.8913183120000028,11.673896589000002,0.8913183120000028,3,2696.7607101666667,0,160,0,0,0,9.475916299037635,164.51079992111772,resource,immediate_allow,610810004,queue,short_context,ARRIVED_QUEUE_J_PEAK_AREA_V1,reused_external_rules_01,,,docs/results/external_rules_02/results.csv,02455a3902b4696e6594624e1eb97be654c56d7934649b5ed0aacac3b71121d0,reused_external_rules_01,,,,,,,,,,,,,,,,,,,,,,,,,,,
24,24,0,6,18,0,2,22,468.081724,3819.162509333333,6774.269719,141.84659146205846,True,30.475258204862342,30.475258204862342,16.156099975936314,,,46.178247762,1.782636625000002,11.178247761999998,1.782636625000002,6,2411.7407917083333,0,160,0,91,24,0.01027060009073466,0.20509993191808462,resource,immediate_allow,610810004,queue,short_context,BAND_HEFT_WHOLE_REQUEST_ADAPT_V1,reused_external_rules_01,,,docs/results/external_rules_02/results.csv,02455a3902b4696e6594624e1eb97be654c56d7934649b5ed0aacac3b71121d0,reused_external_rules_01,,,,,,,,,,,,,,,,,,,,,,,,,,,
24,24,0,6,18,0,2,22,513.867516,3832.4893875,6799.562703,141.88086550928682,True,30.482838062097333,30.482838062097333,16.44020241723112,,,46.203587751,1.8753170770000054,11.203587751,1.8753170770000054,6,2422.6462137916665,0,160,0,0,0,,,resource,immediate_allow,610810004,queue,long_context,SHARED_EFT,reused_external_rules_01,,,docs/results/external_rules_02/results.csv,02455a3902b4696e6594624e1eb97be654c56d7934649b5ed0aacac3b71121d0,reused_external_rules_01,,,,,,,,,,,,,,,,,,,,,,,,,,,
24,24,0,6,18,0,4,20,301.500789,4217.994030777778,7295.21153,142.00655392998564,True,30.414778990354872,30.414778990354872,14.407430251111947,,,46.699236578,0.9376585380000009,11.699236577999997,0.9376585380000009,3,2706.4391780416668,0,177,0,0,0,,,resource,immediate_allow,610810004,queue,long_context,ENERGY_AP_REQUEST_V1,reused_external_rules_01,,,docs/results/external_rules_02/results.csv,02455a3902b4696e6594624e1eb97be654c56d7934649b5ed0aacac3b71121d0,reused_external_rules_01,,,,,,,,,,,,,,,,,,,,,,,,,,,
24,24,0,6,18,0,4,20,301.500789,4217.994030777778,7295.21153,142.00655392998564,True,30.414778990354872,30.414778990354872,14.407430251111947,,,46.699236578,0.9376585380000009,11.699236577999997,0.9376585380000009,3,2706.4391780416668,0,177,0,0,0,9.83359400019981,154.3798999628052,resource,immediate_allow,610810004,queue,long_context,ARRIVED_QUEUE_J_PEAK_AREA_V1,reused_external_rules_01,,,docs/results/external_rules_02/results.csv,02455a3902b4696e6594624e1eb97be654c56d7934649b5ed0aacac3b71121d0,reused_external_rules_01,,,,,,,,,,,,,,,,,,,,,,,,,,,
24,24,0,6,18,0,2,22,513.867516,3832.4893875,6799.562703,141.88086550928682,True,30.482838062097333,30.482838062097333,16.44020241723112,,,46.203587751,1.8753170770000054,11.203587751,1.8753170770000054,6,2422.6462137916665,0,160,0,91,24,0.01433859986718744,0.2747999969869852,resource,immediate_allow,610810004,queue,long_context,BAND_HEFT_WHOLE_REQUEST_ADAPT_V1,reused_external_rules_01,,,docs/results/external_rules_02/results.csv,02455a3902b4696e6594624e1eb97be654c56d7934649b5ed0aacac3b71121d0,reused_external_rules_01,,,,,,,,,,,,,,,,,,,,,,,,,,,
24,24,0,6,18,0,1,23,522.358377,3327.8715921666667,6351.512723,141.86397540774033,True,30.472860098037323,30.472860098037323,16.127875030775535,,,46.191264107,1.8289768499999965,11.191264107000002,1.8289768499999965,6,2050.088405833333,0,160,0,0,0,,,resource,immediate_allow,610810004,burst,mean,SHARED_EFT,reused_external_rules_01,,,docs/results/external_rules_02/results.csv,02455a3902b4696e6594624e1eb97be654c56d7934649b5ed0aacac3b71121d0,reused_external_rules_01,,,,,,,,,,,,,,,,,,,,,,,,,,,
24,24,0,6,18,0,4,20,516.669953,4282.896783111111,7565.807258,141.99621056787151,True,30.39307659905451,30.39307659905451,14.189825437021383,,,47.405558642,0.9061172010000007,11.686912933999999,0.9144884250000018,3,2777.0272189166667,0,161,0,0,0,,,resource,immediate_allow,610810004,burst,mean,ENERGY_AP_REQUEST_V1,reused_external_rules_01,,,docs/results/external_rules_02/results.csv,02455a3902b4696e6594624e1eb97be654c56d7934649b5ed0aacac3b71121d0,reused_external_rules_01,,,,,,,,,,,,,,,,,,,,,,,,,,,
24,24,0,6,18,0,2,22,516.669953,3852.9264533333335,7025.100223,141.90971686882628,True,30.45883907211729,30.45883907211729,15.54776871561905,,,46.864851607,1.5157761509999972,11.356480382999997,1.5241473749999983,5,2443.879551666667,0,162,0,0,0,10.59590669919271,172.6051999721676,resource,immediate_allow,610810004,burst,mean,ARRIVED_QUEUE_J_PEAK_AREA_V1,reused_external_rules_01,,,docs/results/external_rules_02/results.csv,02455a3902b4696e6594624e1eb97be654c56d7934649b5ed0aacac3b71121d0,reused_external_rules_01,,,,,,,,,,,,,,,,,,,,,,,,,,,
24,24,0,6,18,0,1,23,522.358377,3327.8715921666667,6351.512723,141.86397540774033,True,30.472860098037323,30.472860098037323,16.127875030775535,,,46.191264107,1.8289768499999965,11.191264107000002,1.8289768499999965,6,2050.088405833333,0,160,0,93,24,0.007810299634002149,0.24589989334344864,resource,immediate_allow,610810004,burst,mean,BAND_HEFT_WHOLE_REQUEST_ADAPT_V1,reused_external_rules_01,,,docs/results/external_rules_02/results.csv,02455a3902b4696e6594624e1eb97be654c56d7934649b5ed0aacac3b71121d0,reused_external_rules_01,,,,,,,,,,,,,,,,,,,,,,,,,,,
24,24,0,6,18,0,1,23,507.188852,3321.0444531666667,6338.538976,141.84659146188358,True,30.469238994964087,30.469238994964087,15.989200414896757,,,46.178247762,1.7826366240000056,11.178247761999998,1.7826366240000056,6,2044.8348359166666,0,160,0,0,0,,,resource,immediate_allow,610810004,burst,short_context,SHARED_EFT,reused_external_rules_01,,,docs/results/external_rules_02/results.csv,02455a3902b4696e6594624e1eb97be654c56d7934649b5ed0aacac3b71121d0,reused_external_rules_01,,,,,,,,,,,,,,,,,,,,,,,,,,,
24,24,0,6,18,0,4,20,501.500428,4277.152676111111,7555.726033,141.9807926905441,True,30.390233131421372,30.390233131421372,14.114540073430774,,,47.395434818,0.8899473290000017,11.673896589999998,0.8913183120000028,3,2772.5256620833334,0,161,0,0,0,,,resource,immediate_allow,610810004,burst,short_context,ENERGY_AP_REQUEST_V1,reused_external_rules_01,,,docs/results/external_rules_02/results.csv,02455a3902b4696e6594624e1eb97be654c56d7934649b5ed0aacac3b71121d0,reused_external_rules_01,,,,,,,,,,,,,,,,,,,,,,,,,,,
24,24,0,6,18,0,2,22,501.500428,3839.487975833333,7005.126236,141.89159757187136,True,30.454240881486815,30.454240881486815,15.431192394375003,,,46.844835021,1.4841595370000036,11.343464038,1.4855305200000046,5,2433.6674779166665,0,162,0,0,0,9.086494400165975,180.8348000049591,resource,immediate_allow,610810004,burst,short_context,ARRIVED_QUEUE_J_PEAK_AREA_V1,reused_external_rules_01,,,docs/results/external_rules_02/results.csv,02455a3902b4696e6594624e1eb97be654c56d7934649b5ed0aacac3b71121d0,reused_external_rules_01,,,,,,,,,,,,,,,,,,,,,,,,,,,
24,24,0,6,18,0,1,23,507.188852,3321.0444531666667,6338.538976,141.84659146188358,True,30.469238994964087,30.469238994964087,15.989200414896757,,,46.178247762,1.7826366240000056,11.178247761999998,1.7826366240000056,6,2044.8348359166666,0,160,0,93,24,0.010523499571718276,0.30860002152621746,resource,immediate_allow,610810004,burst,short_context,BAND_HEFT_WHOLE_REQUEST_ADAPT_V1,reused_external_rules_01,,,docs/results/external_rules_02/results.csv,02455a3902b4696e6594624e1eb97be654c56d7934649b5ed0aacac3b71121d0,reused_external_rules_01,,,,,,,,,,,,,,,,,,,,,,,,,,,
24,24,0,6,18,0,1,23,537.527902,3334.3713313333333,6363.83196,141.8808655094617,True,30.476483306778924,30.476483306778924,16.2648827908072,,,46.203587751,1.875317078000009,11.203587751,1.875317078000009,6,2055.0966437083334,0,160,0,0,0,,,resource,immediate_allow,610810004,burst,long_context,SHARED_EFT,reused_external_rules_01,,,docs/results/external_rules_02/results.csv,02455a3902b4696e6594624e1eb97be654c56d7934649b5ed0aacac3b71121d0,reused_external_rules_01,,,,,,,,,,,,,,,,,,,,,,,,,,,
24,24,0,6,18,0,4,20,531.839478,4288.439630611111,7575.387908,142.01114606960184,True,30.39584324555907,30.39584324555907,14.263390064898456,,,47.415143698,0.9222485909999989,11.699236577999997,0.9376585390000045,3,2781.374841916667,0,178,0,0,0,,,resource,immediate_allow,610810004,burst,long_context,ENERGY_AP_REQUEST_V1,reused_external_rules_01,,,docs/results/external_rules_02/results.csv,02455a3902b4696e6594624e1eb97be654c56d7934649b5ed0aacac3b71121d0,reused_external_rules_01,,,,,,,,,,,,,,,,,,,,,,,,,,,
24,24,0,6,18,0,2,22,531.839478,3866.0738765,7044.458185,141.92735378934267,True,30.46335554166545,30.46335554166545,15.662806772555797,,,46.884213975,1.5473542830000042,11.368804026999996,1.5627642310000098,5,2453.8735525833335,0,178,0,0,0,9.062458900618367,153.88879994861782,resource,immediate_allow,610810004,burst,long_context,ARRIVED_QUEUE_J_PEAK_AREA_V1,reused_external_rules_01,,,docs/results/external_rules_02/results.csv,02455a3902b4696e6594624e1eb97be654c56d7934649b5ed0aacac3b71121d0,reused_external_rules_01,,,,,,,,,,,,,,,,,,,,,,,,,,,
24,24,0,6,18,0,1,23,537.527902,3334.3713313333333,6363.83196,141.8808655094617,True,30.476483306778924,30.476483306778924,16.2648827908072,,,46.203587751,1.875317078000009,11.203587751,1.875317078000009,6,2055.0966437083334,0,160,0,93,24,0.013156800880096853,0.5954999942332506,resource,immediate_allow,610810004,burst,long_context,BAND_HEFT_WHOLE_REQUEST_ADAPT_V1,reused_external_rules_01,,,docs/results/external_rules_02/results.csv,02455a3902b4696e6594624e1eb97be654c56d7934649b5ed0aacac3b71121d0,reused_external_rules_01,,,,,,,,,,,,,,,,,,,,,,,,,,,
192,192,0,96,96,0,0,192,294.054635,927.25524184375,1539.445536,183.41706149558345,True,32.455700518330296,32.455700518330296,188.6706813288019,,,112.312290294,17.152078565000046,64.64323018800003,20.118745350000076,66,153.891899328125,0,563,0,0,0,,,resource,immediate_allow,610810004,sustained,mean,SHARED_EFT,reused_external_rules_01,,,docs/results/external_rules_02/results.csv,02455a3902b4696e6594624e1eb97be654c56d7934649b5ed0aacac3b71121d0,reused_external_rules_01,,,,,,,,,,,,,,,,,,,,,,,,,,,
192,192,0,96,96,10,0,182,2025.271173,4331.081088864584,5371.563513,182.5665369930791,True,32.51727615289567,32.51727615289567,192.28923038888843,,,115.714454149,20.00620312700004,64.64323018100005,20.118745357000044,66,2156.12981059375,0,1313,0,0,0,,,resource,immediate_allow,610810004,sustained,mean,ENERGY_AP_REQUEST_V1,reused_external_rules_01,,,docs/results/external_rules_02/results.csv,02455a3902b4696e6594624e1eb97be654c56d7934649b5ed0aacac3b71121d0,reused_external_rules_01,,,,,,,,,,,,,,,,,,,,,,,,,,,
192,192,0,96,96,9,0,183,2647.533358,3841.5717534479168,5324.660048,183.10371293027706,True,32.27291292886706,32.27291292886706,183.04226689013765,,,115.836191044,16.28712916600005,66.625825494,16.46079165500005,54,1819.2521603489583,0,1287,0,0,0,60.85129470308311,128.5536999348551,resource,immediate_allow,610810004,sustained,mean,ARRIVED_QUEUE_J_PEAK_AREA_V1,reused_external_rules_01,,,docs/results/external_rules_02/results.csv,02455a3902b4696e6594624e1eb97be654c56d7934649b5ed0aacac3b71121d0,reused_external_rules_01,,,,,,,,,,,,,,,,,,,,,,,,,,,
192,192,0,96,96,0,0,192,294.054635,927.25524184375,1539.445536,183.25610020511658,True,32.43118343033142,32.43118343033142,186.69182891253982,,,112.312290294,16.893694904000043,65.46931156600004,18.594597975000063,61,155.2376475625,0,582,0,294,192,0.036240698769688606,1.3287999900057912,resource,immediate_allow,610810004,sustained,mean,BAND_HEFT_WHOLE_REQUEST_ADAPT_V1,reused_external_rules_01,,,docs/results/external_rules_02/results.csv,02455a3902b4696e6594624e1eb97be654c56d7934649b5ed0aacac3b71121d0,reused_external_rules_01,,,,,,,,,,,,,,,,,,,,,,,,,,,
192,192,0,96,96,0,0,192,286.608481,923.9356868020833,1527.91805,183.18540895823165,True,32.428404565575775,32.428404565575775,187.1260162591202,,,112.311567164,16.807016384000036,64.73902596200004,19.311896760000025,65,152.57238749479166,0,560,0,0,0,,,resource,immediate_allow,610810004,sustained,short_context,SHARED_EFT,reused_external_rules_01,,,docs/results/external_rules_02/results.csv,02455a3902b4696e6594624e1eb97be654c56d7934649b5ed0aacac3b71121d0,reused_external_rules_01,,,,,,,,,,,,,,,,,,,,,,,,,,,
192,192,0,96,96,9,0,183,2009.147455,4312.1244700208335,5368.713591,182.42167223571894,True,32.49501472303275,32.49501472303275,190.89334813936495,,,115.710838498,19.517354240000046,64.57380967400005,19.609002868000047,66,2138.1604685625,0,1309,0,0,0,,,resource,immediate_allow,610810004,sustained,short_context,ENERGY_AP_REQUEST_V1,reused_external_rules_01,,,docs/results/external_rules_02/results.csv,02455a3902b4696e6594624e1eb97be654c56d7934649b5ed0aacac3b71121d0,reused_external_rules_01,,,,,,,,,,,,,,,,,,,,,,,,,,,
192,192,0,96,96,9,0,183,2640.302055,3834.965249083333,5320.363865,182.93251325911177,True,32.26039193915722,32.26039193915722,182.50724448180944,,,115.831852262,16.181173716000004,66.39118870200001,16.340835723000005,55,1816.9826341041667,0,1281,0,0,0,163.86649069725536,907.2442000033334,resource,immediate_allow,610810004,sustained,short_context,ARRIVED_QUEUE_J_PEAK_AREA_V1,reused_external_rules_01,,,docs/results/external_rules_02/results.csv,02455a3902b4696e6594624e1eb97be654c56d7934649b5ed0aacac3b71121d0,reused_external_rules_01,,,,,,,,,,,,,,,,,,,,,,,,,,,
192,192,0,96,96,0,0,192,286.608481,923.9356868020833,1527.91805,183.08292195251613,True,32.413930971837715,32.413930971837715,185.52217658398345,,,112.311567164,16.561138169000024,65.39989106600002,18.123472344000014,61,153.85300319791668,0,576,0,288,192,0.42741970031056553,97.1136000007391,resource,immediate_allow,610810004,sustained,short_context,BAND_HEFT_WHOLE_REQUEST_ADAPT_V1,reused_external_rules_01,,,docs/results/external_rules_02/results.csv,02455a3902b4696e6594624e1eb97be654c56d7934649b5ed0aacac3b71121d0,reused_external_rules_01,,,,,,,,,,,,,,,,,,,,,,,,,,,
192,192,0,96,96,0,0,192,301.500789,930.4601180625,1550.39548,183.60051835783463,True,32.473750573108944,32.473750573108944,189.8998705056634,,,112.312974941,17.502584610000035,64.70895629000005,20.628487836000026,66,155.15421693229166,0,564,0,0,0,,,resource,immediate_allow,610810004,sustained,long_context,SHARED_EFT,reused_external_rules_01,,,docs/results/external_rules_02/results.csv,02455a3902b4696e6594624e1eb97be654c56d7934649b5ed0aacac3b71121d0,reused_external_rules_01,,,,,,,,,,,,,,,,,,,,,,,,,,,
192,192,0,96,96,10,0,182,2046.301391,4275.43887765625,5296.89036,182.752793465146,True,32.52624406529657,32.52624406529657,192.9484194118454,,,115.717877383,20.17535344799999,64.87417255400004,20.315935002999993,65,2106.850636453125,0,1394,0,0,0,,,resource,immediate_allow,610810004,sustained,long_context,ENERGY_AP_REQUEST_V1,reused_external_rules_01,,,docs/results/external_rules_02/results.csv,02455a3902b4696e6594624e1eb97be654c56d7934649b5ed0aacac3b71121d0,reused_external_rules_01,,,,,,,,,,,,,,,,,,,,,,,,,,,
192,192,0,96,96,8,0,184,2657.063977,3685.6130618645834,5328.763524,183.189007475183,True,32.32230736588477,32.32230736588477,185.00436210488328,,,114.312974941,16.991929994000017,66.526335306,17.19040653500003,55,1721.183843875,0,1344,0,0,0,94.46907269523945,574.72160004545,resource,immediate_allow,610810004,sustained,long_context,ARRIVED_QUEUE_J_PEAK_AREA_V1,reused_external_rules_01,,,docs/results/external_rules_02/results.csv,02455a3902b4696e6594624e1eb97be654c56d7934649b5ed0aacac3b71121d0,reused_external_rules_01,,,,,,,,,,,,,,,,,,,,,,,,,,,
192,192,0,96,96,0,0,192,301.500789,930.4601180625,1550.39548,183.4263963519444,True,32.44832882016693,32.44832882016693,187.85329005833472,,,112.312974941,17.22708477800002,65.53503766900005,19.06572360600002,61,156.589111890625,0,584,0,296,192,0.04173029866069555,1.5694999601691961,resource,immediate_allow,610810004,sustained,long_context,BAND_HEFT_WHOLE_REQUEST_ADAPT_V1,reused_external_rules_01,,,docs/results/external_rules_02/results.csv,02455a3902b4696e6594624e1eb97be654c56d7934649b5ed0aacac3b71121d0,reused_external_rules_01,,,,,,,,,,,,,,,,,,,,,,,,,,,
24,24,0,6,18,0,0,24,156.179931,619.471443,619.471443,142.12345650915358,True,30.201316641933143,30.201316641933143,13.263114747566242,,,63.199185348,0,12.18256176600002,0,0,0.0,0,24,0,0,0,0.03244040021672845,1.9580000080168247,resource,immediate_allow,610810001,low,mean,RESERVED_THERMAL_REQUEST_V1,new_reserved_thermal,,,,,,0,0,142.12345650618605,142.12345650915358,-2.967539103337913e-09,False,True,True,False,0,0,0,0,0,0,1,36,12,0,0,1,0,24,1,24,108,0.02720210002735257
24,24,0,6,18,0,0,24,156.179931,618.790912,618.790912,142.11417682321968,True,30.200374546317377,30.200374546317377,13.232329035579593,,,63.198462218,0,12.16954542600002,0,0,0.0,0,24,0,0,0,0.035679800203070045,3.0129000078886747,resource,immediate_allow,610810001,low,short_context,RESERVED_THERMAL_REQUEST_V1,new_reserved_thermal,,,,,,0,0,142.12345650618605,142.11417682321968,0.009279682966365499,True,True,True,False,0,0,0,0,0,0,0,36,12,0,0,1,0,24,0,24,108,0.029036099556833506
24,24,0,6,18,0,0,24,156.179931,620.151684,620.151684,142.13224235559284,True,30.202208630636715,30.202208630636715,13.292263070585342,,,63.199869995,0,12.19488541200002,0,0,0.0,0,24,0,0,0,0.07945369987282902,5.964400013908744,resource,immediate_allow,610810001,low,long_context,RESERVED_THERMAL_REQUEST_V1,new_reserved_thermal,,,,,,0,0,142.12345650618605,142.13224235559284,-0.008785849406791613,False,True,True,False,0,0,23,0,0,1,1,36,58,0,23,1,0,1,25,24,108,0.06873189972247928
24,24,0,6,18,0,3,21,294.054635,4094.365732333333,7063.233378,141.99371595679315,True,30.41027294859099,30.41027294859099,14.288178359283432,,,46.686912934,0.9144884249999947,11.686912933999999,0.9144884249999947,3,2609.5527308333335,0,162,0,0,0,8.38341490086168,147.2594999941066,resource,immediate_allow,610810001,queue,mean,RESERVED_THERMAL_REQUEST_V1,new_reserved_thermal,,,,,,0,3,141.99371595721703,141.99371595679315,4.2388137444504537e-10,True,True,True,False,0,13,30,13,2,1,0,5947,668,0,130,4,0,151,56,24,6146,5.020098898559809
24,24,0,6,18,0,3,21,286.608481,4088.703637,7051.705893,141.98081512268183,True,30.406893136449433,30.406893136449433,14.201142962925967,,,46.67534285,0.8898720509999904,11.673896588999995,0.8913183119999957,3,2605.605645,0,162,0,0,0,3.4322603004984558,88.22459995280951,resource,immediate_allow,610810001,queue,short_context,RESERVED_THERMAL_REQUEST_V1,new_reserved_thermal,,,,,,0,3,141.99371595721703,141.98081512268183,0.012900834535201966,True,True,True,False,0,13,30,13,0,1,0,6060,748,0,130,4,0,157,56,24,6265,2.1544111985713243
24,24,0,6,18,0,4,20,301.500789,4100.8654715,7075.552615,142.00655392998564,True,30.413572733530806,30.413572733530806,14.372078800639198,,,46.699236578,0.9376585379999938,11.699236577999997,0.9376585379999938,3,2614.231151,0,177,0,0,0,2.9120231004199013,49.58340001758188,resource,immediate_allow,610810001,queue,long_context,RESERVED_THERMAL_REQUEST_V1,new_reserved_thermal,,,,,,0,4,141.99371595721703,142.00655392998564,-0.012837972768608097,False,True,True,False,0,14,36,14,20,1,1,5641,5345,0,150,4,0,9,74,24,5790,1.804529199958779
24,24,0,6,18,0,1,23,581.530782,3397.9579664444445,6342.166674,141.86397540791523,True,30.47421306823079,30.47421306823079,16.204222615899656,,,46.191264107,1.828976850999993,11.191264107000002,1.828976850999993,6,2107.71176125,0,168,0,0,0,3.4772608989151195,150.3235000418499,resource,immediate_allow,610810001,burst,mean,RESERVED_THERMAL_REQUEST_V1,new_reserved_thermal,,,,,,0,1,141.86397540824794,141.86397540791523,3.327045305923093e-10,True,True,True,False,0,1,21,1,5,1,0,6734,1416,0,82,4,0,340,28,24,7122,2.315204500220716
24,24,0,6,18,0,1,23,558.637886,3391.1308274444445,6329.192927,141.84659146205846,True,30.470538985049792,30.470538985049792,16.06305583641058,,,46.178247762,1.782636624999995,11.178247761999998,1.782636624999995,6,2101.8145770833335,0,163,0,0,0,3.257646200247109,39.04439997859299,resource,immediate_allow,610810001,burst,short_context,RESERVED_THERMAL_REQUEST_V1,new_reserved_thermal,,,,,,0,1,141.86397540824788,141.84659146205846,0.01738394618942607,True,True,True,False,0,1,21,1,0,1,0,6735,1416,0,82,4,0,347,23,24,7133,2.1822879971005023
24,24,0,6,18,0,1,23,604.423678,3404.457705611111,6354.485911,141.8808655094617,True,30.47789024962048,30.47789024962048,16.343794720406436,,,46.203587751,1.8753170779999948,11.203587751,1.8753170779999948,6,2113.363613416667,0,178,0,0,0,3.1551386003848165,92.7996999816969,resource,immediate_allow,610810001,burst,long_context,RESERVED_THERMAL_REQUEST_V1,new_reserved_thermal,,,,,,0,1,141.86397540824794,141.8808655094617,-0.016890101213761,False,True,True,False,0,3,42,3,23,1,1,5869,6033,0,140,4,0,20,73,24,6149,2.1445829977747053
192,192,0,96,96,0,0,192,294.054635,931.6907467604167,1578.350698,183.6138699678673,True,32.139968129072685,32.139968129072685,181.1148112958433,,,112.840072788,14.575183500999941,66.62582549600003,16.460791649999955,54,164.52195410416667,0,667,0,0,0,1.2220494009088725,13.001899933442473,resource,immediate_allow,610810001,sustained,mean,RESERVED_THERMAL_REQUEST_V1,new_reserved_thermal,,,,,,0,0,183.61846864009783,183.6138699678673,0.004598672230542888,True,True,True,False,0,10,37,10,9,1,0,2424,376,0,147,3,0,1055,67,192,3863,0.8819681986933574
192,192,0,96,96,0,0,192,286.608481,930.17409625,1571.885124,183.44496904370493,True,32.1280629953308,32.1280629953308,180.10356744730603,,,112.833564615,14.314065096999947,66.55640500200002,16.04372961599995,54,163.93817713020835,0,694,0,0,0,1.1624498990131542,18.960800021886826,resource,immediate_allow,610810001,sustained,short_context,RESERVED_THERMAL_REQUEST_V1,new_reserved_thermal,,,,,,0,0,183.62043199448445,183.44496904370493,0.17546295077951868,True,True,True,False,0,10,37,10,0,1,0,2507,73,0,149,3,0,1132,67,192,4023,0.8418924026191235
192,192,0,96,96,0,0,192,301.500789,934.3605989895833,1590.324163,183.78929935383132,True,32.17514694454616,32.17514694454616,182.63469756622732,,,112.852050658,14.977516807999983,66.52633532200005,17.190406529999954,55,165.03277716666668,0,681,0,0,0,0.9704759996384382,14.054900035262108,resource,immediate_allow,610810001,sustained,long_context,RESERVED_THERMAL_REQUEST_V1,new_reserved_thermal,,,,,,0,0,183.616020356241,183.78929935383132,-0.17327899759033016,False,True,True,False,0,11,207,11,126,1,1,2275,2801,0,593,3,0,4,346,192,3272,0.7288438958348706
24,24,0,6,18,0,0,24,156.179931,619.471443,619.471443,142.12345650915358,True,30.213018613006597,30.213018613006597,13.259205719575927,,,62.794863494,0,12.182561766000006,0,0,0.0,0,24,0,0,0,0.03360420011449605,1.8248000415042043,resource,immediate_allow,610810002,low,mean,RESERVED_THERMAL_REQUEST_V1,new_reserved_thermal,,,,,,0,0,142.12345650618602,142.12345650915358,-2.9675675250473432e-09,False,True,True,False,0,0,0,0,0,0,1,36,12,0,0,1,0,24,1,24,108,0.029018199304118752
24,24,0,6,18,0,0,24,156.179931,618.790912,618.790912,142.11417682321965,True,30.21216122946425,30.21216122946425,13.227425211194994,,,62.794863494,0,12.169545425999999,0,0,0.0,0,24,0,0,0,0.02493030042387545,1.9211999606341124,resource,immediate_allow,610810002,low,short_context,RESERVED_THERMAL_REQUEST_V1,new_reserved_thermal,,,,,,0,0,142.12345650618602,142.11417682321965,0.009279682966365499,True,True,True,False,0,0,0,0,0,0,0,36,12,0,0,1,0,24,0,24,108,0.02101609972305596
24,24,0,6,18,0,0,24,156.179931,620.151684,620.151684,142.13224235559284,True,30.213830395188335,30.213830395188335,13.289295929098436,,,62.794863494,0,12.194885412000012,0,0,0.0,0,24,0,0,0,0.03528129996266216,2.7121000457555056,resource,immediate_allow,610810002,low,long_context,RESERVED_THERMAL_REQUEST_V1,new_reserved_thermal,,,,,,0,0,142.12345650618602,142.13224235559284,-0.008785849406820034,False,True,True,False,0,0,23,0,0,1,1,36,58,0,23,1,0,1,25,24,108,0.03055149968713522
24,24,0,6,18,0,2,22,294.054635,3843.6070992777777,6729.082954,141.90769025305232,True,30.439209431097126,30.439209431097126,15.525414653647946,,,46.358050846,1.5225769119999981,11.356480382999997,1.5241473749999983,5,2422.2740760833335,0,162,0,0,0,3.3840541009558365,44.94170006364584,resource,immediate_allow,610810002,queue,mean,RESERVED_THERMAL_REQUEST_V1,new_reserved_thermal,,,,,,0,2,141.9076902533683,141.90769025305232,3.1596414373780135e-10,True,True,True,False,0,10,19,10,2,1,0,6016,162,0,92,4,0,326,40,24,6390,2.1279820948839188
24,24,0,6,18,0,2,22,286.608481,3836.8176807777777,6715.985005,141.8911890212842,True,30.43508712693904,30.43508712693904,15.40509802757537,,,46.344910299,1.4855305200000046,11.343464038,1.4855305200000046,5,2417.5064532083334,0,162,0,0,0,3.61706329905428,78.10699997935444,resource,immediate_allow,610810002,queue,short_context,RESERVED_THERMAL_REQUEST_V1,new_reserved_thermal,,,,,,0,2,141.90833672815876,141.8911890212842,0.017147706874567348,True,True,True,False,0,10,19,10,0,1,0,6130,162,0,92,4,0,328,40,24,6506,2.2263001991668716
24,24,0,6,18,0,2,22,301.500789,3852.5171650555553,6745.017681,141.92430705448788,True,30.44361476164595,30.44361476164595,15.64136823502109,,,46.373989979,1.5575782770000117,11.368804026,1.5627642300000133,5,2428.7682519166665,0,176,0,0,0,3.055310701020062,67.24240002222359,resource,immediate_allow,610810002,queue,long_context,RESERVED_THERMAL_REQUEST_V1,new_reserved_thermal,,,,,,0,2,141.90722225790438,141.92430705448788,-0.017084796583503703,False,True,True,False,0,10,37,10,22,1,1,5332,5388,0,140,4,0,22,74,24,5653,1.9123987001366913
24,24,0,6,18,0,1,23,516.019971,3411.2099524444443,6342.786048,141.86397540774033,True,30.474444883616865,30.474444883616865,16.166329248512653,,,46.191264107,1.8289768499999894,11.191264107000002,1.8289768499999894,6,2108.9045622916665,0,171,0,0,0,3.3756192004075274,42.80649998690933,resource,immediate_allow,610810002,burst,mean,RESERVED_THERMAL_REQUEST_V1,new_reserved_thermal,,,,,,0,1,141.86397540824788,141.86397540774033,5.075548870081548e-10,True,True,True,False,0,1,15,1,5,1,0,6258,1352,0,74,4,0,377,22,24,6683,2.2047032959526405
24,24,0,6,18,0,1,23,500.850446,3406.1504655555555,6331.981693,141.84680695416642,True,30.470575496498014,30.470575496498014,16.026703588106983,,,46.180417153,1.7819134940000083,11.178247763000002,1.7826366240000056,6,2104.9767314583332,0,169,0,0,0,3.830653300159611,96.66720009408891,resource,immediate_allow,610810002,burst,short_context,RESERVED_THERMAL_REQUEST_V1,new_reserved_thermal,,,,,,0,1,141.86397540824788,141.84680695416642,0.01716845408145673,True,True,True,False,0,1,16,1,0,1,0,6396,1151,0,74,4,0,366,21,24,6812,2.4801268994342536
24,24,0,6,18,0,1,23,531.189496,3417.709691611111,6355.105285,141.8808655094617,True,30.4781091059134,30.4781091059134,16.303699201278892,,,46.203587751,1.875317078000009,11.203587751,1.875317078000009,6,2113.912800166667,0,179,0,0,0,2.8666971006896347,48.10070001985878,resource,immediate_allow,610810002,burst,long_context,RESERVED_THERMAL_REQUEST_V1,new_reserved_thermal,,,,,,0,1,141.863975408248,141.8808655094617,-0.016890101213704156,False,True,True,False,0,1,37,1,23,1,1,5360,5556,0,139,4,0,24,67,24,5705,1.8803803065093234
192,192,0,96,96,0,0,192,294.054635,972.8371194375001,1768.816377,183.56106707040362,True,32.30540255696911,32.30540255696911,180.18513063850372,,,112.209373552,14.432965329999945,66.95625804599997,15.851132699999937,52,183.375557203125,0,737,0,0,0,1.4260074002668262,62.30829993728548,resource,immediate_allow,610810002,sustained,mean,RESERVED_THERMAL_REQUEST_V1,new_reserved_thermal,,,,,,0,0,183.56106706851443,183.56106707040362,-1.8891910258389544e-09,False,True,True,False,0,12,42,12,24,1,1,2849,440,0,165,3,0,1203,90,192,4436,0.9851068027783185
192,192,0,96,96,0,0,192,286.608481,971.0417623958333,1763.797064,183.40572885456186,True,32.290411674491395,32.290411674491395,179.16423505562454,,,112.208650422,14.150846204999993,66.88683755800005,15.449517407999956,52,182.59239214583334,0,748,0,0,0,1.4622814974281937,34.496599924750626,resource,immediate_allow,610810002,sustained,short_context,RESERVED_THERMAL_REQUEST_V1,new_reserved_thermal,,,,,,0,0,183.56149805185294,183.40572885456186,0.15576919729107885,True,True,True,False,0,12,42,12,0,1,0,2972,82,0,165,3,0,1287,78,192,4643,1.0308757002931088
192,192,0,96,96,0,0,192,301.500789,975.8917509791667,1777.71238,183.7138907513394,True,32.32031367708406,32.32031367708406,181.1951204882654,,,112.210058199,14.714684152999965,67.021984146,16.25274799199996,52,184.92290527604166,0,745,0,0,0,1.0877693992806599,13.14210006967187,resource,immediate_allow,610810002,sustained,long_context,RESERVED_THERMAL_REQUEST_V1,new_reserved_thermal,,,,,,0,0,183.55904051150821,183.7138907513394,-0.15485023983117685,False,True,True,False,0,12,211,12,128,1,1,2717,3226,0,649,3,0,2,353,192,3813,0.805791693739593
24,24,0,6,18,0,0,24,156.179931,619.471443,619.471443,142.12345650915356,True,30.173925353094262,30.173925353094262,13.185737880269478,,,63.24595877,0,12.182561765999964,0,0,0.0,0,24,0,0,0,0.030471800127997994,2.6927998987957835,resource,immediate_allow,610810003,low,mean,RESERVED_THERMAL_REQUEST_V1,new_reserved_thermal,,,,,,0,0,142.12345650618602,142.12345650915356,-2.967539103337913e-09,False,True,True,False,0,0,0,0,0,0,1,36,12,0,0,1,0,24,1,24,108,0.02615889976732433
24,24,0,6,18,0,0,24,156.179931,618.790912,618.790912,142.11417682321962,True,30.172950728602615,30.172950728602615,13.153776568358186,,,63.24523564,0,12.169545425999978,0,0,0.0,0,24,0,0,0,0.03315229981672019,2.456699963659048,resource,immediate_allow,610810003,low,short_context,RESERVED_THERMAL_REQUEST_V1,new_reserved_thermal,,,,,,0,0,142.12345650618602,142.11417682321962,0.00927968296639392,True,True,True,False,0,0,0,0,0,0,0,36,12,0,0,1,0,24,0,24,108,0.028238799888640642
24,24,0,6,18,0,0,24,156.179931,620.151684,620.151684,142.1322423555928,True,30.174848140571644,30.174848140571644,13.216032240005209,,,63.246643417,0,12.19488541199997,0,0,0.0,0,24,0,0,0,0.03150599997024983,3.5682000452652574,resource,immediate_allow,610810003,low,long_context,RESERVED_THERMAL_REQUEST_V1,new_reserved_thermal,,,,,,0,0,142.12345650618602,142.1322423555928,-0.008785849406791613,False,True,True,False,0,0,23,0,0,1,1,36,58,0,23,1,0,1,25,24,108,0.02746950020082295
24,24,0,6,18,0,4,20,399.215923,4115.728452888889,7074.993505,141.99371595679315,True,30.40486258408628,30.40486258408628,14.133082523169403,,,46.686912934,0.9144884250000089,11.686912933999999,0.9144884250000089,3,2638.4174000000003,0,163,0,0,0,3.4295358000090346,78.27489997725934,resource,immediate_allow,610810003,queue,mean,RESERVED_THERMAL_REQUEST_V1,new_reserved_thermal,,,,,,0,4,141.99371595721692,141.99371595679315,4.2376768760732375e-10,True,True,True,False,0,12,18,12,3,1,0,5703,524,0,94,4,0,315,43,24,6066,2.056654895772226
24,24,0,6,18,0,4,20,384.046398,4110.106531555555,7063.46602,141.98081512255334,True,30.401554559157354,30.401554559157354,14.045308157797418,,,46.67534285,0.8898720510000047,11.673896589000002,0.8913183120000028,3,2634.027985458333,0,162,0,0,0,3.602388399420306,85.74460004456341,resource,immediate_allow,610810003,queue,short_context,RESERVED_THERMAL_REQUEST_V1,new_reserved_thermal,,,,,,0,4,141.99371595721692,141.98081512255334,0.012900834663582827,True,True,True,False,0,12,18,12,0,1,0,5763,568,0,94,4,0,321,42,24,6132,2.1189422893803567
24,24,0,6,18,0,4,20,414.385448,4122.228192055555,7087.312742,142.00655393016052,True,30.408093701527665,30.408093701527665,14.217914400720854,,,46.699236578,0.9376585390000045,11.699236577999997,0.9376585390000045,3,2643.6173159583336,0,178,0,0,0,3.1037287993822247,45.967399957589805,resource,immediate_allow,610810003,queue,long_context,RESERVED_THERMAL_REQUEST_V1,new_reserved_thermal,,,,,,0,4,141.99371595721692,142.00655393016052,-0.012837972943600562,False,True,True,False,0,12,33,12,20,1,1,5457,5347,0,145,4,0,21,69,24,5757,1.8955094026168808
24,24,0,6,18,0,1,23,515.789367,3473.6353272222223,6334.633862,141.86397540774036,True,30.475598417259608,30.475598417259608,16.208736765435827,,,46.191264107,1.8289768500000108,11.191264107000002,1.8289768500000108,6,2149.861860125,0,171,0,0,0,3.609316700254567,93.88770000077784,resource,immediate_allow,610810003,burst,mean,RESERVED_THERMAL_REQUEST_V1,new_reserved_thermal,,,,,,0,1,141.863975408248,141.86397540774036,5.07640152136446e-10,True,True,True,False,0,1,12,1,4,1,0,6486,564,0,59,4,0,488,18,24,7022,2.317282102187164
24,24,0,6,18,0,1,23,500.619842,3467.3304489444445,6322.383246,141.84659146188358,True,30.471851661807555,30.471851661807555,16.068176871029813,,,46.178970892,1.7826366240000056,11.178247762000005,1.7826366240000056,6,2145.321792875,0,168,0,0,0,3.5872700997861102,41.032600100152194,resource,immediate_allow,610810003,burst,short_context,RESERVED_THERMAL_REQUEST_V1,new_reserved_thermal,,,,,,0,1,141.863975408248,141.84659146188358,0.017383946364418534,True,True,True,False,0,1,12,1,0,1,0,6544,516,0,59,4,0,490,15,24,7085,2.364356004050933
24,24,0,6,18,0,1,23,530.958892,3480.135066388889,6346.953099,141.88086550928682,True,30.47928415946439,30.47928415946439,16.34771117927114,,,46.203587751,1.8753170770000125,11.203587751,1.8753170770000125,6,2154.548290875,0,178,0,0,0,3.0881499003153294,79.75939998868853,resource,immediate_allow,610810003,burst,long_context,RESERVED_THERMAL_REQUEST_V1,new_reserved_thermal,,,,,,0,1,141.863975408248,141.88086550928682,-0.016890101038825378,False,True,True,False,0,1,37,1,23,1,1,5522,5699,0,139,4,0,33,67,24,5916,2.0111389013472944
192,192,0,96,96,0,0,192,294.054635,948.8885778958334,1563.462104,183.39993518524196,True,32.50497229374019,32.50497229374019,183.25815861380426,,,111.864276492,15.772204439999953,66.13017666699999,17.375280074999928,57,168.22731280729167,0,719,0,0,0,1.1642139991745353,13.424000004306436,resource,immediate_allow,610810003,sustained,mean,RESERVED_THERMAL_REQUEST_V1,new_reserved_thermal,,,,,,0,0,183.39993518370014,183.39993518524196,-1.5418208931805566e-09,False,True,True,False,0,7,24,7,13,1,1,2120,374,0,93,3,0,1326,57,192,3830,0.8415369053836912
192,192,0,96,96,0,0,192,286.608481,944.17274553125,1534.773705,183.19692855669868,True,32.492796633437834,32.492796633437834,182.3121931330947,,,111.864276492,15.588767423999982,66.06075618499996,16.935047927999967,57,166.11533474479168,0,746,0,0,0,1.2484589009545743,7.79619999229908,resource,immediate_allow,610810003,sustained,short_context,RESERVED_THERMAL_REQUEST_V1,new_reserved_thermal,,,,,,0,0,183.35758072895948,183.19692855669868,0.16065217226079653,True,True,True,False,0,5,18,5,0,1,0,2125,99,0,70,2,0,1476,50,192,3985,0.8980195901822299
192,192,0,96,96,0,0,192,301.500789,952.2707217708333,1578.163414,183.55369378427287,True,32.521950014125075,32.521950014125075,184.39038438343826,,,111.864276492,16.11206583099999,66.19590276999996,17.815512221999967,57,169.80818884895834,0,731,0,0,0,1.3024227011483163,67.75210006162524,resource,immediate_allow,610810003,sustained,long_context,RESERVED_THERMAL_REQUEST_V1,new_reserved_thermal,,,,,,0,0,183.39126840741432,183.55369378427287,-0.1624253768585504,False,True,True,False,0,7,205,7,134,1,1,2074,2750,0,626,3,0,8,349,192,3227,0.9815138994017616
24,24,0,6,18,0,0,24,156.179931,619.471443,619.471443,142.12345650915358,True,30.23367528883157,30.23367528883157,13.499311563126497,,,63.113806429,0,12.182561766000006,0,0,0.0,0,24,0,0,0,0.0365365999750793,3.9469999028369784,resource,immediate_allow,610810004,low,mean,RESERVED_THERMAL_REQUEST_V1,new_reserved_thermal,,,,,,0,0,142.12345650618602,142.12345650915358,-2.9675675250473432e-09,False,True,True,False,0,0,0,0,0,0,1,36,12,0,0,1,0,24,1,24,108,0.03142730123363435
24,24,0,6,18,0,0,24,156.179931,618.790912,618.790912,142.11417682321965,True,30.232788105910938,30.232788105910938,13.467627887347671,,,63.113083299,0,12.169545425999999,0,0,0.0,0,24,0,0,0,0.03491529996972531,2.5569999124854803,resource,immediate_allow,610810004,low,short_context,RESERVED_THERMAL_REQUEST_V1,new_reserved_thermal,,,,,,0,0,142.12345650618602,142.11417682321965,0.009279682966365499,True,True,True,False,0,0,0,0,0,0,0,36,12,0,0,1,0,24,0,24,108,0.029908600030466914
24,24,0,6,18,0,0,24,156.179931,620.151684,620.151684,142.13224235559284,True,30.234515285462404,30.234515285462404,13.529310090248398,,,63.114491076,0,12.194885412000005,0,0,0.0,0,24,0,0,0,0.029308099881745875,2.7447999455034733,resource,immediate_allow,610810004,low,long_context,RESERVED_THERMAL_REQUEST_V1,new_reserved_thermal,,,,,,0,0,142.12345650618602,142.13224235559284,-0.008785849406820034,False,True,True,False,0,0,23,0,0,1,1,36,58,0,23,1,0,1,25,24,108,0.025081799598410726
24,24,0,6,18,0,4,20,294.054635,4211.494291611111,7282.892293,141.99371595679315,True,30.411442191809147,30.411442191809147,14.322445061773937,,,46.686912934,0.9144884250000018,11.686912933999999,0.9144884250000018,3,2701.7322309166666,0,160,0,0,0,3.47845129983034,46.91089992411435,resource,immediate_allow,610810004,queue,mean,RESERVED_THERMAL_REQUEST_V1,new_reserved_thermal,,,,,,0,4,141.99371595721695,141.99371595679315,4.2379610931675415e-10,True,True,True,False,0,11,28,11,0,1,0,6093,306,0,124,4,0,207,47,24,6348,2.129676299635321
24,24,0,6,18,0,4,20,286.608481,4205.269761222222,7270.641677,141.98059963068542,True,30.408025197887692,30.408025197887692,14.23507076922089,,,46.674619719,0.8905951819999984,11.673896588999995,0.8913183120000028,3,2697.3030579166666,0,161,0,0,0,3.8790688004810363,88.77640007995069,resource,immediate_allow,610810004,queue,short_context,RESERVED_THERMAL_REQUEST_V1,new_reserved_thermal,,,,,,0,4,141.99371595721695,141.98059963068542,0.01311632653153083,True,True,True,False,0,11,28,11,0,1,0,6147,346,0,124,4,0,210,48,24,6405,2.305907202186063
24,24,0,6,18,0,4,20,301.500789,4217.994030777778,7295.21153,142.00655392998564,True,30.414778990354872,30.414778990354872,14.407430251111947,,,46.699236578,0.9376585380000009,11.699236577999997,0.9376585380000009,3,2706.4391780416668,0,177,0,0,0,3.3502077996963635,47.16140008531511,resource,immediate_allow,610810004,queue,long_context,RESERVED_THERMAL_REQUEST_V1,new_reserved_thermal,,,,,,0,4,141.993715957217,142.00655392998564,-0.012837972768636519,False,True,True,False,0,11,37,11,20,1,1,5806,5478,0,147,4,0,22,73,24,6033,2.055219902074896
24,24,0,6,18,0,1,23,516.669953,3491.815342222222,6525.100223,141.90971686882628,True,30.439856885726655,30.439856885726655,15.536253513968333,,,46.364851607,1.5157761509999972,11.356480382999997,1.5241473749999983,5,2173.0462183333334,0,168,0,0,0,3.4644854998914525,82.81509997323155,resource,immediate_allow,610810004,burst,mean,RESERVED_THERMAL_REQUEST_V1,new_reserved_thermal,,,,,,0,1,141.90971686922296,141.90971686882628,3.9668179852014873e-10,True,True,True,False,0,4,24,4,4,1,0,6433,645,0,111,4,0,275,36,24,6756,2.310539095895365
24,24,0,6,18,0,1,23,501.500428,3479.4615604444443,6506.572497,141.8915975725843,True,30.435526470328735,30.435526470328735,15.420563083435642,,,46.346281282,1.4841595370000036,11.343464039000004,1.4855305200000046,5,2163.6476663333333,0,166,0,0,0,3.415356599376537,85.09780000895262,resource,immediate_allow,610810004,burst,short_context,RESERVED_THERMAL_REQUEST_V1,new_reserved_thermal,,,,,,0,1,141.90971686922296,141.8915975725843,0.018119296638673177,True,True,True,False,0,4,25,4,0,1,0,6552,645,0,111,4,0,285,35,24,6887,2.2421913018915802
24,24,0,6,18,0,2,22,531.839478,3725.2511329444446,6874.890736,142.01114606973033,True,30.407726551804796,30.407726551804796,14.184723632613412,,,46.714646526,0.9222485909999989,11.699236577999997,0.9376585390000045,3,2352.477166166667,0,178,0,0,0,2.8645223004277796,42.783600045368075,resource,immediate_allow,610810004,burst,long_context,RESERVED_THERMAL_REQUEST_V1,new_reserved_thermal,,,,,,0,2,141.99621056853562,142.01114606973033,-0.014935501194713652,False,True,True,False,0,15,40,15,19,1,1,5755,5130,0,147,4,0,31,79,24,5864,1.861442594556138
192,192,0,96,96,0,0,192,294.054635,1060.049110875,1869.878088,183.72915943722288,True,32.2359863236566,32.2359863236566,177.07058458842067,,,112.312290294,13.07036876500004,67.78233942200002,14.32698532500006,47,226.57598675520833,0,816,0,0,0,1.7509286997374147,66.02080003358424,resource,immediate_allow,610810004,sustained,mean,RESERVED_THERMAL_REQUEST_V1,new_reserved_thermal,,,,,,0,0,183.72915943615052,183.72915943722288,-1.0723510968091432e-09,False,True,True,False,0,20,69,20,19,1,1,3820,368,0,257,3,0,1243,130,192,5448,1.2307803010335192
192,192,0,96,96,0,0,192,286.608481,1035.4168989375,1864.858776,183.51971584315785,True,32.23548059856677,32.23548059856677,176.95857450360478,,,112.311567164,13.178541236000015,67.54770265800006,14.261092992000023,48,214.90529046354166,0,813,0,0,0,1.8313395011937246,14.556200010702014,resource,immediate_allow,610810004,sustained,short_context,RESERVED_THERMAL_REQUEST_V1,new_reserved_thermal,,,,,,0,0,183.66542150326958,183.51971584315785,0.14570566011173014,True,True,True,False,0,18,64,18,0,1,0,3833,114,0,250,3,0,1288,115,192,5505,1.3309831011574715
192,192,0,96,96,0,0,192,301.500789,1100.50120003125,1880.828031,183.91856533170986,True,32.23150748464106,32.23150748464106,176.6738437500117,,,112.312974941,12.82412591500001,68.17849807500002,14.06487807000002,45,248.34937544791666,0,873,0,0,0,1.7317708001937717,64.52450004871935,resource,immediate_allow,610810004,sustained,long_context,RESERVED_THERMAL_REQUEST_V1,new_reserved_thermal,,,,,,0,0,183.78285682550322,183.91856533170986,-0.13570850620664032,False,True,True,False,0,22,228,22,127,1,1,4011,4633,0,758,3,0,5,379,192,5178,1.2968549978686497
