trace_seed,family,scenario,policy,delta_j,delta_ap_area,delta_peak,delta_p95,deadline_gain,service_not_worse,j_not_worse,heat_not_worse,all_guard,strict_model_improvement,eft_gap_to_relaxation_j,candidate_gap_to_relaxation_j
70001,low,mean,CPU_REFERENCE,0.0,0.0,0.0,0.0,0,True,True,True,True,False,0.25948110090544674,0.25948110090544674
70001,low,mean,SPLIT_REFERENCE,0.2855510426356318,1.8233934499195108,0.04146115631051117,137.874704,0,True,False,False,False,False,0.25948110090544674,0.5450321435410785
70001,low,mean,EFT_REFERENCE,0.0,0.0,0.0,0.0,0,True,True,True,True,False,0.25948110090544674,0.25948110090544674
70001,low,mean,ECO_EDF_V1,0.0,0.0,0.0,0.0,0,True,True,True,True,False,0.25948110090544674,0.25948110090544674
70001,low,mean,LLF_EFT_V1,0.0,0.0,0.0,0.0,0,True,True,True,True,False,0.25948110090544674,0.25948110090544674
70001,low,mean,RESERVED_BACKFILL_V1,0.0,0.0,0.0,0.0,0,True,True,True,True,False,0.25948110090544674,0.25948110090544674
70001,low,mean,PARETO_MPC_V1,-0.04324685059199851,0.6717914786816834,0.006825762666871071,1245.8473680000002,0,True,True,False,False,False,0.25948110090544674,0.21623425031344823
70001,low,mean,THERMAL_MPC_V1,-0.04324685059199851,0.6717914786816834,0.006825762666871071,1245.8473680000002,0,True,True,False,False,False,0.25948110090544674,0.21623425031344823
70001,low,mean,PPO_seed11,0.0,0.0,0.0,0.0,0,True,True,True,True,False,0.25948110090544674,0.25948110090544674
70001,low,mean,PPO_seed23,0.0,0.0,0.0,0.0,0,True,True,True,True,False,0.25948110090544674,0.25948110090544674
70001,low,mean,PPO_seed37,0.0,0.0,0.0,0.0,0,True,True,True,True,False,0.25948110090544674,0.25948110090544674
70001,low,short_context,CPU_REFERENCE,0.0,0.0,0.0,0.0,0,True,True,True,True,False,0.2675853610720935,0.2675853610720935
70001,low,short_context,SPLIT_REFERENCE,0.2636374739105918,1.7726514316544915,0.040306692585939885,130.42854999999997,0,True,False,False,False,False,0.2675853610720935,0.5312228349826853
70001,low,short_context,EFT_REFERENCE,0.0,0.0,0.0,0.0,0,True,True,True,True,False,0.2675853610720935,0.2675853610720935
70001,low,short_context,ECO_EDF_V1,0.0,0.0,0.0,0.0,0,True,True,True,True,False,0.2675853610720935,0.2675853610720935
70001,low,short_context,LLF_EFT_V1,0.0,0.0,0.0,0.0,0,True,True,True,True,False,0.2675853610720935,0.2675853610720935
70001,low,short_context,RESERVED_BACKFILL_V1,0.0,0.0,0.0,0.0,0,True,True,True,True,False,0.2675853610720935,0.2675853610720935
70001,low,short_context,PARETO_MPC_V1,-0.04459756199531739,0.6543022513551051,0.006140434335055289,1245.8473680000002,0,True,True,False,False,False,0.2675853610720935,0.22298779907677613
70001,low,short_context,THERMAL_MPC_V1,-0.04459756199531739,0.6543022513551051,0.006140434335055289,1245.8473680000002,0,True,True,False,False,False,0.2675853610720935,0.22298779907677613
70001,low,short_context,PPO_seed11,0.0,0.0,0.0,0.0,0,True,True,True,True,False,0.2675853610720935,0.2675853610720935
70001,low,short_context,PPO_seed23,0.0,0.0,0.0,0.0,0,True,True,True,True,False,0.2675853610720935,0.2675853610720935
70001,low,short_context,PPO_seed37,0.0,0.0,0.0,0.0,0,True,True,True,True,False,0.2675853610720935,0.2675853610720935
70001,low,long_context,CPU_REFERENCE,0.0,0.0,0.0,0.0,0,True,True,True,True,False,0.2513768463530539,0.2513768463530539
70001,low,long_context,SPLIT_REFERENCE,0.3074646113606718,1.873863928885477,0.042616029658272936,145.320858,0,True,False,False,False,False,0.2513768463530539,0.5588414577137257
70001,low,long_context,EFT_REFERENCE,0.0,0.0,0.0,0.0,0,True,True,True,True,False,0.2513768463530539,0.2513768463530539
70001,low,long_context,ECO_EDF_V1,0.0,0.0,0.0,0.0,0,True,True,True,True,False,0.2513768463530539,0.2513768463530539
70001,low,long_context,LLF_EFT_V1,0.0,0.0,0.0,0.0,0,True,True,True,True,False,0.2513768463530539,0.2513768463530539
70001,low,long_context,RESERVED_BACKFILL_V1,0.0,0.0,0.0,0.0,0,True,True,True,True,False,0.2513768463530539,0.2513768463530539
70001,low,long_context,PARETO_MPC_V1,-0.041896143209271486,0.6893450095022082,0.007509458689245463,1245.8473680000002,0,True,True,False,False,False,0.2513768463530539,0.20948070314378242
70001,low,long_context,THERMAL_MPC_V1,-0.041896143209271486,0.6893450095022082,0.007509458689245463,1245.8473680000002,0,True,True,False,False,False,0.2513768463530539,0.20948070314378242
70001,low,long_context,PPO_seed11,0.0,0.0,0.0,0.0,0,True,True,True,True,False,0.2513768463530539,0.2513768463530539
70001,low,long_context,PPO_seed23,0.0,0.0,0.0,0.0,0,True,True,True,True,False,0.2513768463530539,0.2513768463530539
70001,low,long_context,PPO_seed37,0.0,0.0,0.0,0.0,0,True,True,True,True,False,0.2513768463530539,0.2513768463530539
70001,queue,mean,CPU_REFERENCE,0.12482062139480377,-1.7257895186005001,-0.06567983182968007,383.734419,-1,False,False,True,False,False,0.1346604762030097,0.25948109759781346
70001,queue,mean,SPLIT_REFERENCE,-0.08125889877237569,1.7247654721929848,0.046008445907254725,110.47872699999999,1,True,True,False,False,False,0.1346604762030097,0.053401577430634006
70001,queue,mean,EFT_REFERENCE,0.0,0.0,0.0,0.0,0,True,True,True,True,False,0.1346604762030097,0.1346604762030097
70001,queue,mean,ECO_EDF_V1,0.12482062139480377,-1.7257895186005001,-0.06567983182968007,383.734419,-1,False,False,True,False,False,0.1346604762030097,0.25948109759781346
70001,queue,mean,LLF_EFT_V1,0.0,0.0,0.0,0.0,0,True,True,True,True,False,0.1346604762030097,0.1346604762030097
70001,queue,mean,RESERVED_BACKFILL_V1,-0.048166776824160706,0.7469720539237699,0.01907481439327441,14.957924999999989,0,True,True,False,False,False,0.1346604762030097,0.08649369937884899
70001,queue,mean,PARETO_MPC_V1,0.0,0.0,0.0,0.0,0,True,True,True,True,False,0.1346604762030097,0.1346604762030097
70001,queue,mean,THERMAL_MPC_V1,0.0,0.0,0.0,0.0,0,True,True,True,True,False,0.1346604762030097,0.1346604762030097
70001,queue,mean,PPO_seed11,0.005987333325919053,0.4204033524229338,0.014344939343040153,12.246125000000006,0,True,False,False,False,False,0.1346604762030097,0.14064780952892875
70001,queue,mean,PPO_seed23,0.015883870833448555,0.15719500570085287,0.007272358984199201,98.29737,0,True,False,False,False,False,0.1346604762030097,0.15054434703645825
70001,queue,mean,PPO_seed37,0.005987333325919053,0.4204033524229338,0.014344939343040153,12.246125000000006,0,True,False,False,False,False,0.1346604762030097,0.14064780952892875
70001,queue,short_context,CPU_REFERENCE,0.12966586017799386,-1.6780160491365876,-0.06239404182295161,379.395637,-1,False,False,True,False,False,0.13791949415033855,0.2675853543283324
70001,queue,short_context,SPLIT_REFERENCE,-0.08890552902823856,1.6792509426563207,0.045321068098527206,88.30896100000001,1,True,True,False,False,False,0.13791949415033855,0.04901396512209999
70001,queue,short_context,EFT_REFERENCE,0.0,0.0,0.0,0.0,0,True,True,True,True,False,0.13791949415033855,0.13791949415033855
70001,queue,short_context,ECO_EDF_V1,0.12966586017799386,-1.6780160491365876,-0.06239404182295161,379.395637,-1,False,False,True,False,False,0.13791949415033855,0.2675853543283324
70001,queue,short_context,LLF_EFT_V1,0.0,0.0,0.0,0.0,0,True,True,True,True,False,0.13791949415033855,0.13791949415033855
70001,queue,short_context,RESERVED_BACKFILL_V1,-0.04872437645451555,0.7244883103760031,0.018400551894846018,0.5115299999999934,0,True,True,False,False,False,0.13791949415033855,0.089195117695823
70001,queue,short_context,PARETO_MPC_V1,0.0,0.0,0.0,0.0,0,True,True,True,True,False,0.13791949415033855,0.13791949415033855
70001,queue,short_context,THERMAL_MPC_V1,0.0,0.0,0.0,0.0,0,True,True,True,True,False,0.13791949415033855,0.13791949415033855
70001,queue,short_context,PPO_seed11,0.004636623932867678,0.3953509051680939,0.013491764510732196,-2.200269999999989,0,True,False,False,False,False,0.13791949415033855,0.14255611808320623
70001,queue,short_context,PPO_seed23,0.014590920817823871,0.1554981371291433,0.0070451069643127084,91.57434599999999,0,True,False,False,False,False,0.13791949415033855,0.15251041496816242
70001,queue,short_context,PPO_seed37,0.004636623932867678,0.3953509051680939,0.013491764510732196,-2.200269999999989,0,True,False,False,False,False,0.13791949415033855,0.14255611808320623
70001,queue,long_context,CPU_REFERENCE,0.11989510674396797,-1.76226058006662,-0.0684844561649669,360.33001499999995,-1,False,False,True,False,False,0.13148173487559234,0.2513768416195603
70001,queue,long_context,SPLIT_REFERENCE,-0.07288120493899441,1.766771855646848,0.047966322490683666,132.68697600000002,1,True,True,False,False,False,0.13148173487559234,0.05860052993659792
70001,queue,long_context,EFT_REFERENCE,0.0,0.0,0.0,0.0,0,True,True,True,True,False,0.13148173487559234,0.13148173487559234
70001,queue,long_context,ECO_EDF_V1,0.11989510674396797,-1.76226058006662,-0.0684844561649669,360.33001499999995,-1,False,False,True,False,False,0.13148173487559234,0.2513768416195603
70001,queue,long_context,LLF_EFT_V1,0.0,0.0,0.0,0.0,0,True,True,True,True,False,0.13148173487559234,0.13148173487559234
70001,queue,long_context,RESERVED_BACKFILL_V1,-0.047689454440899226,0.7684608340178052,0.01975290195874635,29.442803000000026,0,True,True,False,False,False,0.13148173487559234,0.08379228043469311
70001,queue,long_context,PARETO_MPC_V1,0.0,0.0,0.0,0.0,0,True,True,True,True,False,0.13148173487559234,0.13148173487559234
70001,queue,long_context,THERMAL_MPC_V1,0.0,0.0,0.0,0.0,0,True,True,True,True,False,0.13148173487559234,0.13148173487559234
70001,queue,long_context,PPO_seed11,-0.031784936979363465,1.1763905480819048,0.034641180440981856,29.442803000000026,0,True,True,False,False,False,0.13148173487559234,0.09969679789622887
70001,queue,long_context,PPO_seed23,0.017108012186611177,0.15786891613548448,0.007503780177060548,105.058877,0,True,False,False,False,False,0.13148173487559234,0.14858974706220351
70001,queue,long_context,PPO_seed37,-0.031784936979363465,1.1763905480819048,0.034641180440981856,29.442803000000026,0,True,True,False,False,False,0.13148173487559234,0.09969679789622887
70001,burst,mean,CPU_REFERENCE,0.25948109810562414,-3.7553183044391005,-0.13579261580789392,356.52555200000006,-3,False,False,True,False,False,-5.078106823930284e-10,0.25948109759781346
70001,burst,mean,SPLIT_REFERENCE,0.0,0.0,0.0,0.0,0,True,True,True,True,False,-5.078106823930284e-10,-5.078106823930284e-10
70001,burst,mean,EFT_REFERENCE,0.0,0.0,0.0,0.0,0,True,True,True,True,False,-5.078106823930284e-10,-5.078106823930284e-10
70001,burst,mean,ECO_EDF_V1,0.25948109810562414,-3.7553183044391005,-0.13579261580789392,356.52555200000006,-3,False,False,True,False,False,-5.078106823930284e-10,0.25948109759781346
70001,burst,mean,LLF_EFT_V1,0.0,0.0,0.0,0.0,0,True,True,True,True,False,-5.078106823930284e-10,-5.078106823930284e-10
70001,burst,mean,RESERVED_BACKFILL_V1,0.0,0.0,0.0,0.0,0,True,True,True,True,False,-5.078106823930284e-10,-5.078106823930284e-10
70001,burst,mean,PARETO_MPC_V1,0.04324685000759132,-0.7045567757153961,-0.020592161592887237,0.0,-1,False,False,True,False,False,-5.078106823930284e-10,0.04324684949978064
70001,burst,mean,THERMAL_MPC_V1,0.04324685000759132,-0.7045567757153961,-0.020592161592887237,0.0,-1,False,False,True,False,False,-5.078106823930284e-10,0.04324684949978064
70001,burst,mean,PPO_seed11,0.0,0.0,0.0,0.0,0,True,True,True,True,False,-5.078106823930284e-10,-5.078106823930284e-10
70001,burst,mean,PPO_seed23,0.0,0.0,0.0,0.0,0,True,True,True,True,False,-5.078106823930284e-10,-5.078106823930284e-10
70001,burst,mean,PPO_seed37,0.0,0.0,0.0,0.0,0,True,True,True,True,False,-5.078106823930284e-10,-5.078106823930284e-10
70001,burst,short_context,CPU_REFERENCE,0.2675853544638187,-3.6484719799423964,-0.13209744260643674,366.633165,-3,False,False,True,False,False,-2.639808371895924e-10,0.26758535419983787
70001,burst,short_context,SPLIT_REFERENCE,0.0,0.0,0.0,0.0,0,True,True,True,True,False,-2.639808371895924e-10,-2.639808371895924e-10
70001,burst,short_context,EFT_REFERENCE,0.0,0.0,0.0,0.0,0,True,True,True,True,False,-2.639808371895924e-10,-2.639808371895924e-10
70001,burst,short_context,ECO_EDF_V1,0.2675853544638187,-3.6484719799423964,-0.13209744260643674,366.633165,-3,False,False,True,False,False,-2.639808371895924e-10,0.26758535419983787
70001,burst,short_context,LLF_EFT_V1,0.0,0.0,0.0,0.0,0,True,True,True,True,False,-2.639808371895924e-10,-2.639808371895924e-10
70001,burst,short_context,RESERVED_BACKFILL_V1,0.0,0.0,0.0,0.0,0,True,True,True,True,False,-2.639808371895924e-10,-2.639808371895924e-10
70001,burst,short_context,PARETO_MPC_V1,0.04459755940061427,-0.6869815886022721,-0.021262589935130194,0.0,-1,False,False,True,False,False,-2.639808371895924e-10,0.044597559136633436
70001,burst,short_context,THERMAL_MPC_V1,0.04459755940061427,-0.6869815886022721,-0.021262589935130194,0.0,-1,False,False,True,False,False,-2.639808371895924e-10,0.044597559136633436
70001,burst,short_context,PPO_seed11,0.0,0.0,0.0,0.0,0,True,True,True,True,False,-2.639808371895924e-10,-2.639808371895924e-10
70001,burst,short_context,PPO_seed23,0.0,0.0,0.0,0.0,0,True,True,True,True,False,-2.639808371895924e-10,-2.639808371895924e-10
70001,burst,short_context,PPO_seed37,0.0,0.0,0.0,0.0,0,True,True,True,True,False,-2.639808371895924e-10,-2.639808371895924e-10
70001,burst,long_context,CPU_REFERENCE,0.25137684170101693,-3.8622870251299055,-0.1394889244398705,346.148555,-3,False,False,True,False,False,4.703792910731863e-11,0.25137684174805486
70001,burst,long_context,SPLIT_REFERENCE,0.0,0.0,0.0,0.0,0,True,True,True,True,False,4.703792910731863e-11,4.703792910731863e-11
70001,burst,long_context,EFT_REFERENCE,0.0,0.0,0.0,0.0,0,True,True,True,True,False,4.703792910731863e-11,4.703792910731863e-11
70001,burst,long_context,ECO_EDF_V1,0.25137684170101693,-3.8622870251299055,-0.1394889244398705,346.148555,-3,False,False,True,False,False,4.703792910731863e-11,0.25137684174805486
70001,burst,long_context,LLF_EFT_V1,0.0,0.0,0.0,0.0,0,True,True,True,True,False,4.703792910731863e-11,4.703792910731863e-11
70001,burst,long_context,RESERVED_BACKFILL_V1,0.0,0.0,0.0,0.0,0,True,True,True,True,False,4.703792910731863e-11,4.703792910731863e-11
70001,burst,long_context,PARETO_MPC_V1,0.0418961404860454,-0.7222146883654084,-0.020000486062713208,0.0,-1,False,False,True,False,False,4.703792910731863e-11,0.041896140533083326
70001,burst,long_context,THERMAL_MPC_V1,0.0418961404860454,-0.7222146883654084,-0.020000486062713208,0.0,-1,False,False,True,False,False,4.703792910731863e-11,0.041896140533083326
70001,burst,long_context,PPO_seed11,0.0,0.0,0.0,0.0,0,True,True,True,True,False,4.703792910731863e-11,4.703792910731863e-11
70001,burst,long_context,PPO_seed23,0.0,0.0,0.0,0.0,0,True,True,True,True,False,4.703792910731863e-11,4.703792910731863e-11
70001,burst,long_context,PPO_seed37,0.0,0.0,0.0,0.0,0,True,True,True,True,False,4.703792910731863e-11,4.703792910731863e-11
70001,sustained,mean,CPU_REFERENCE,1.8982515176006984,-34.57717925470445,-0.5780333897252099,415.62973600000004,0,True,False,True,False,False,2.253446053302497,4.151697570903195
70001,sustained,mean,SPLIT_REFERENCE,1.2143647976563443,19.72241538233081,0.19590096430127346,0.0,0,True,False,False,False,False,2.253446053302497,3.4678108509588412
70001,sustained,mean,EFT_REFERENCE,0.0,0.0,0.0,0.0,0,True,True,True,True,False,2.253446053302497,2.253446053302497
70001,sustained,mean,ECO_EDF_V1,1.8982515176006984,-34.57717925470445,-0.5780333897252099,415.62973600000004,0,True,False,True,False,False,2.253446053302497,4.151697570903195
70001,sustained,mean,LLF_EFT_V1,0.0,0.0,0.0,0.0,0,True,True,True,True,False,2.253446053302497,2.253446053302497
70001,sustained,mean,RESERVED_BACKFILL_V1,0.0,0.0,0.0,0.0,0,True,True,True,True,False,2.253446053302497,2.253446053302497
70001,sustained,mean,PARETO_MPC_V1,-1.2450699744103702,18.140579081044024,0.061150625661234415,2535.157259,-17,False,True,False,False,False,2.253446053302497,1.0083760788921268
70001,sustained,mean,THERMAL_MPC_V1,-1.2450699744103702,18.140579081044024,0.061150625661234415,2535.157259,-17,False,True,False,False,False,2.253446053302497,1.0083760788921268
70001,sustained,mean,PPO_seed11,-0.30857409640032074,9.305814960083694,0.10019610766494225,0.0,0,True,True,False,False,False,2.253446053302497,1.9448719569021762
70001,sustained,mean,PPO_seed23,0.4490869629283054,-7.415728842455906,-0.06245342552301736,395.733938,0,True,False,True,False,False,2.253446053302497,2.7025330162308023
70001,sustained,mean,PPO_seed37,0.6649840249354781,-8.817733911594985,-0.38117572811848177,323.71806799999996,0,True,False,True,False,False,2.253446053302497,2.918430078237975
70001,sustained,short_context,CPU_REFERENCE,1.9432941429484742,-33.05548667138419,-0.5554075952569306,408.613285,0,True,False,True,False,False,2.338071528526058,4.281365671474532
70001,sustained,short_context,SPLIT_REFERENCE,1.0185915808767447,19.895654972993782,0.20085180736217723,0.0,0,True,False,False,False,False,2.338071528526058,3.3566631094028025
70001,sustained,short_context,EFT_REFERENCE,0.0,0.0,0.0,0.0,0,True,True,True,True,False,2.338071528526058,2.338071528526058
70001,sustained,short_context,ECO_EDF_V1,1.9432941429484742,-33.05548667138419,-0.5554075952569306,408.613285,0,True,False,True,False,False,2.338071528526058,4.281365671474532
70001,sustained,short_context,LLF_EFT_V1,0.0,0.0,0.0,0.0,0,True,True,True,True,False,2.338071528526058,2.338071528526058
70001,sustained,short_context,RESERVED_BACKFILL_V1,0.0,0.0,0.0,0.0,0,True,True,True,True,False,2.338071528526058,2.338071528526058
70001,sustained,short_context,PARETO_MPC_V1,-1.300372576466259,18.02512703566481,0.085714806165619,2506.3861450000004,-15,False,True,False,False,False,2.338071528526058,1.0376989520597988
70001,sustained,short_context,THERMAL_MPC_V1,-1.300372576466259,18.02512703566481,0.085714806165619,2506.3861450000004,-15,False,True,False,False,False,2.338071528526058,1.0376989520597988
70001,sustained,short_context,PPO_seed11,-0.38747494664633564,9.76769258818149,0.10842748296234106,0.0,0,True,True,False,False,False,2.338071528526058,1.9505965818797222
70001,sustained,short_context,PPO_seed23,0.43935693752106886,-6.65137900579748,-0.050391992211494596,399.706639,0,True,False,True,False,False,2.338071528526058,2.7774284660471267
70001,sustained,short_context,PPO_seed37,0.628192977294475,-7.8925971842794524,-0.367453001743705,328.994831,0,True,False,True,False,False,2.338071528526058,2.966264505820533
70001,sustained,long_context,CPU_REFERENCE,1.8082672877645791,-35.42299596797858,-0.5893622026532128,417.40773800000005,0,True,False,True,False,False,2.213762178476202,4.022029466240781
70001,sustained,long_context,SPLIT_REFERENCE,1.3662629371998207,20.229210719426987,0.20218705839006645,0.0,0,True,False,False,False,False,2.213762178476202,3.5800251156760226
70001,sustained,long_context,EFT_REFERENCE,0.0,0.0,0.0,0.0,0,True,True,True,True,False,2.213762178476202,2.213762178476202
70001,sustained,long_context,ECO_EDF_V1,1.8082672877645791,-35.42299596797858,-0.5893622026532128,417.40773800000005,0,True,False,True,False,False,2.213762178476202,4.022029466240781
70001,sustained,long_context,LLF_EFT_V1,0.0,0.0,0.0,0.0,0,True,True,True,True,False,2.213762178476202,2.213762178476202
70001,sustained,long_context,RESERVED_BACKFILL_V1,0.0,0.0,0.0,0.0,0,True,True,True,True,False,2.213762178476202,2.213762178476202
70001,sustained,long_context,PARETO_MPC_V1,-1.2212902044760767,18.615539285833194,0.06681438795787642,2537.926371,-17,False,True,False,False,False,2.213762178476202,0.9924719740001251
70001,sustained,long_context,THERMAL_MPC_V1,-1.2212902044760767,18.615539285833194,0.06681438795787642,2537.926371,-17,False,True,False,False,False,2.213762178476202,0.9924719740001251
70001,sustained,long_context,PPO_seed11,-0.2735483233904574,9.52386984611283,0.10320698196984779,0.0,0,True,True,False,False,False,2.213762178476202,1.9402138550857444
70001,sustained,long_context,PPO_seed23,0.41425382588749926,-7.514861029802091,-0.0627720912197347,395.733938,0,True,False,True,False,False,2.213762178476202,2.628016004363701
70001,sustained,long_context,PPO_seed37,0.6572921931021654,-9.060202430747182,-0.38352168963852407,321.80940300000003,0,True,False,True,False,False,2.213762178476202,2.871054371578367
70002,low,mean,CPU_REFERENCE,0.0,0.0,0.0,0.0,0,True,True,True,True,False,0.25948110090544674,0.25948110090544674
70002,low,mean,SPLIT_REFERENCE,0.2855510426356318,1.8365620788799077,0.04855614164511124,137.874704,0,True,False,False,False,False,0.25948110090544674,0.5450321435410785
70002,low,mean,EFT_REFERENCE,0.0,0.0,0.0,0.0,0,True,True,True,True,False,0.25948110090544674,0.25948110090544674
70002,low,mean,ECO_EDF_V1,0.0,0.0,0.0,0.0,0,True,True,True,True,False,0.25948110090544674,0.25948110090544674
70002,low,mean,LLF_EFT_V1,0.0,0.0,0.0,0.0,0,True,True,True,True,False,0.25948110090544674,0.25948110090544674
70002,low,mean,RESERVED_BACKFILL_V1,0.0,0.0,0.0,0.0,0,True,True,True,True,False,0.25948110090544674,0.25948110090544674
70002,low,mean,PARETO_MPC_V1,-1.2973657703696517e-09,0.005426064386373497,0.004376816138051964,1184.7905219999998,0,True,True,False,False,False,0.25948110090544674,0.25948109960808097
70002,low,mean,THERMAL_MPC_V1,-1.2973657703696517e-09,0.005426064386373497,0.004376816138051964,1184.7905219999998,0,True,True,False,False,False,0.25948110090544674,0.25948109960808097
70002,low,mean,PPO_seed11,0.0,0.0,0.0,0.0,0,True,True,True,True,False,0.25948110090544674,0.25948110090544674
70002,low,mean,PPO_seed23,0.0,0.0,0.0,0.0,0,True,True,True,True,False,0.25948110090544674,0.25948110090544674
70002,low,mean,PPO_seed37,0.0,0.0,0.0,0.0,0,True,True,True,True,False,0.25948110090544674,0.25948110090544674
70002,low,short_context,CPU_REFERENCE,0.0,0.0,0.0,0.0,0,True,True,True,True,False,0.2675853610720935,0.2675853610720935
70002,low,short_context,SPLIT_REFERENCE,0.2636374739105918,1.7855423729395987,0.04720412184817491,130.42854999999997,0,True,False,False,False,False,0.2675853610720935,0.5312228349826853
70002,low,short_context,EFT_REFERENCE,0.0,0.0,0.0,0.0,0,True,True,True,True,False,0.2675853610720935,0.2675853610720935
70002,low,short_context,ECO_EDF_V1,0.0,0.0,0.0,0.0,0,True,True,True,True,False,0.2675853610720935,0.2675853610720935
70002,low,short_context,LLF_EFT_V1,0.0,0.0,0.0,0.0,0,True,True,True,True,False,0.2675853610720935,0.2675853610720935
70002,low,short_context,RESERVED_BACKFILL_V1,0.0,0.0,0.0,0.0,0,True,True,True,True,False,0.2675853610720935,0.2675853610720935
70002,low,short_context,PARETO_MPC_V1,-1.881772959677619e-09,0.006645452666550256,0.004387136193379604,1184.7905219999998,0,True,True,False,False,False,0.2675853610720935,0.26758535919032056
70002,low,short_context,THERMAL_MPC_V1,-1.881772959677619e-09,0.006645452666550256,0.004387136193379604,1184.7905219999998,0,True,True,False,False,False,0.2675853610720935,0.26758535919032056
70002,low,short_context,PPO_seed11,0.0,0.0,0.0,0.0,0,True,True,True,True,False,0.2675853610720935,0.2675853610720935
70002,low,short_context,PPO_seed23,0.0,0.0,0.0,0.0,0,True,True,True,True,False,0.2675853610720935,0.2675853610720935
70002,low,short_context,PPO_seed37,0.0,0.0,0.0,0.0,0,True,True,True,True,False,0.2675853610720935,0.2675853610720935
70002,low,long_context,CPU_REFERENCE,0.0,0.0,0.0,0.0,0,True,True,True,True,False,0.2513768463530255,0.2513768463530255
70002,low,long_context,SPLIT_REFERENCE,0.3074646113606718,1.8875922906665679,0.0499086411614158,145.320858,0,True,False,False,False,False,0.2513768463530255,0.5588414577136973
70002,low,long_context,EFT_REFERENCE,0.0,0.0,0.0,0.0,0,True,True,True,True,False,0.2513768463530255,0.2513768463530255
70002,low,long_context,ECO_EDF_V1,0.0,0.0,0.0,0.0,0,True,True,True,True,False,0.2513768463530255,0.2513768463530255
70002,low,long_context,LLF_EFT_V1,0.0,0.0,0.0,0.0,0,True,True,True,True,False,0.2513768463530255,0.2513768463530255
70002,low,long_context,RESERVED_BACKFILL_V1,0.0,0.0,0.0,0.0,0,True,True,True,True,False,0.2513768463530255,0.2513768463530255
70002,low,long_context,PARETO_MPC_V1,-1.8818013813870493e-09,0.00427340022898548,0.004367049104757825,1184.7905219999998,0,True,True,False,False,False,0.2513768463530255,0.2513768444712241
70002,low,long_context,THERMAL_MPC_V1,-1.8818013813870493e-09,0.00427340022898548,0.004367049104757825,1184.7905219999998,0,True,True,False,False,False,0.2513768463530255,0.2513768444712241
70002,low,long_context,PPO_seed11,0.0,0.0,0.0,0.0,0,True,True,True,True,False,0.2513768463530255,0.2513768463530255
70002,low,long_context,PPO_seed23,0.0,0.0,0.0,0.0,0,True,True,True,True,False,0.2513768463530255,0.2513768463530255
70002,low,long_context,PPO_seed37,0.0,0.0,0.0,0.0,0,True,True,True,True,False,0.2513768463530255,0.2513768463530255
70002,queue,mean,CPU_REFERENCE,0.20368102425251777,-3.096841776923881,-0.1006941326712365,347.13082499999996,-3,False,False,True,False,False,0.055800073345295687,0.25948109759781346
70002,queue,mean,SPLIT_REFERENCE,-0.04324684987906835,0.6441703830574887,0.029845540128189185,0.0,0,True,True,False,False,False,0.055800073345295687,0.012553223466227337
70002,queue,mean,EFT_REFERENCE,0.0,0.0,0.0,0.0,0,True,True,True,True,False,0.055800073345295687,0.055800073345295687
70002,queue,mean,ECO_EDF_V1,0.20368102425251777,-3.096841776923881,-0.1006941326712365,347.13082499999996,-3,False,False,True,False,False,0.055800073345295687,0.25948109759781346
70002,queue,mean,LLF_EFT_V1,0.0,0.0,0.0,0.0,0,True,True,True,True,False,0.055800073345295687,0.055800073345295687
70002,queue,mean,RESERVED_BACKFILL_V1,-0.05580007385310637,0.6898730781166194,0.035002039554264286,0.0,0,True,True,False,False,False,0.055800073345295687,-5.078106823930284e-10
70002,queue,mean,PARETO_MPC_V1,0.0,0.0,0.0,0.0,0,True,True,True,True,False,0.055800073345295687,0.055800073345295687
70002,queue,mean,THERMAL_MPC_V1,0.0,0.0,0.0,0.0,0,True,True,True,True,False,0.055800073345295687,0.055800073345295687
70002,queue,mean,PPO_seed11,0.0,0.0,0.0,0.0,0,True,True,True,True,False,0.055800073345295687,0.055800073345295687
70002,queue,mean,PPO_seed23,0.0,0.0,0.0,0.0,0,True,True,True,True,False,0.055800073345295687,0.055800073345295687
70002,queue,mean,PPO_seed37,0.0,0.0,0.0,0.0,0,True,True,True,True,False,0.055800073345295687,0.055800073345295687
70002,queue,short_context,CPU_REFERENCE,0.12289453018274799,-1.6408871359554347,-0.06203320999416562,458.48615900000004,-1,False,False,True,False,False,0.14469082388859533,0.2675853540713433
70002,queue,short_context,SPLIT_REFERENCE,-0.13379267723189514,1.998018735043967,0.06548165521095584,100.52459100000004,2,True,True,False,False,False,0.14469082388859533,0.010898146656700192
70002,queue,short_context,EFT_REFERENCE,0.0,0.0,0.0,0.0,0,True,True,True,True,False,0.14469082388859533,0.14469082388859533
70002,queue,short_context,ECO_EDF_V1,0.12289453018274799,-1.6408871359554347,-0.06203320999416562,458.48615900000004,-1,False,False,True,False,False,0.14469082388859533,0.2675853540713433
70002,queue,short_context,LLF_EFT_V1,0.0,0.0,0.0,0.0,0,True,True,True,True,False,0.14469082388859533,0.14469082388859533
70002,queue,short_context,RESERVED_BACKFILL_V1,-0.14469082415257617,2.037732734229241,0.06995727991761314,100.52459100000004,2,True,True,False,False,False,0.14469082388859533,-2.639808371895924e-10
70002,queue,short_context,PARETO_MPC_V1,0.0,0.0,0.0,0.0,0,True,True,True,True,False,0.14469082388859533,0.14469082388859533
70002,queue,short_context,THERMAL_MPC_V1,0.0,0.0,0.0,0.0,0,True,True,True,True,False,0.14469082388859533,0.14469082388859533
70002,queue,short_context,PPO_seed11,-0.08919511867270558,1.3716632144949301,0.03409971901291442,100.52459100000004,2,True,True,False,False,False,0.14469082388859533,0.05549570521588976
70002,queue,short_context,PPO_seed23,-0.08919511867270558,1.3716632144949301,0.03409971901291442,100.52459100000004,2,True,True,False,False,False,0.14469082388859533,0.05549570521588976
70002,queue,short_context,PPO_seed37,-0.08919511867270558,1.3716632144949301,0.03409971901291442,100.52459100000004,2,True,True,False,False,False,0.14469082388859533,0.05549570521588976
70002,queue,long_context,CPU_REFERENCE,0.19523799656084861,-3.1812365171677186,-0.10517430851443166,336.06918099999996,-3,False,False,True,False,False,0.056138845058711695,0.2513768416195603
70002,queue,long_context,SPLIT_REFERENCE,-0.04189614031116662,0.6619155738936833,0.02837739459197408,0.0,0,True,True,False,False,False,0.056138845058711695,0.014242704747545076
70002,queue,long_context,EFT_REFERENCE,0.0,0.0,0.0,0.0,0,True,True,True,True,False,0.056138845058711695,0.056138845058711695
70002,queue,long_context,ECO_EDF_V1,0.19523799656084861,-3.1812365171677186,-0.10517430851443166,336.06918099999996,-3,False,False,True,False,False,0.056138845058711695,0.2513768416195603
70002,queue,long_context,LLF_EFT_V1,0.0,0.0,0.0,0.0,0,True,True,True,True,False,0.056138845058711695,0.056138845058711695
70002,queue,long_context,RESERVED_BACKFILL_V1,-0.05613884483679499,0.7137142859520793,0.034229197966578084,0.0,0,True,True,False,False,False,0.056138845058711695,2.219167072325945e-10
70002,queue,long_context,PARETO_MPC_V1,0.0,0.0,0.0,0.0,0,True,True,True,True,False,0.056138845058711695,0.056138845058711695
70002,queue,long_context,THERMAL_MPC_V1,0.0,0.0,0.0,0.0,0,True,True,True,True,False,0.056138845058711695,0.056138845058711695
70002,queue,long_context,PPO_seed11,0.0,0.0,0.0,0.0,0,True,True,True,True,False,0.056138845058711695,0.056138845058711695
70002,queue,long_context,PPO_seed23,0.0,0.0,0.0,0.0,0,True,True,True,True,False,0.056138845058711695,0.056138845058711695
70002,queue,long_context,PPO_seed37,0.0,0.0,0.0,0.0,0,True,True,True,True,False,0.056138845058711695,0.056138845058711695
70002,burst,mean,CPU_REFERENCE,0.21623424822652737,-3.164692178610128,-0.10281613694747804,185.02789199999995,-2,False,False,True,False,False,0.04324684937128609,0.25948109759781346
70002,burst,mean,SPLIT_REFERENCE,-0.020296208879386768,0.4950109265518705,0.02363303640304082,0.0,1,True,True,False,False,False,0.04324684937128609,0.02295064049189932
70002,burst,mean,EFT_REFERENCE,0.0,0.0,0.0,0.0,0,True,True,True,True,False,0.04324684937128609,0.04324684937128609
70002,burst,mean,ECO_EDF_V1,0.21623424822652737,-3.164692178610128,-0.10281613694747804,185.02789199999995,-2,False,False,True,False,False,0.04324684937128609,0.25948109759781346
70002,burst,mean,LLF_EFT_V1,0.0,0.0,0.0,0.0,0,True,True,True,True,False,0.04324684937128609,0.04324684937128609
70002,burst,mean,RESERVED_BACKFILL_V1,0.0,0.0,0.0,0.0,0,True,True,True,True,False,0.04324684937128609,0.04324684937128609
70002,burst,mean,PARETO_MPC_V1,0.08649369917372951,-1.4089409810241982,-0.026798825628137735,-66.689934,-2,False,False,True,False,False,0.04324684937128609,0.1297405485450156
70002,burst,mean,THERMAL_MPC_V1,0.08649369917372951,-1.4089409810241982,-0.026798825628137735,-66.689934,-2,False,False,True,False,False,0.04324684937128609,0.1297405485450156
70002,burst,mean,PPO_seed11,0.0,0.0,0.0,0.0,0,True,True,True,True,False,0.04324684937128609,0.04324684937128609
70002,burst,mean,PPO_seed23,0.0,0.0,0.0,0.0,0,True,True,True,True,False,0.04324684937128609,0.04324684937128609
70002,burst,mean,PPO_seed37,0.0,0.0,0.0,0.0,0,True,True,True,True,False,0.04324684937128609,0.04324684937128609
70002,burst,short_context,CPU_REFERENCE,0.22298779506320443,-3.074661251623567,-0.09892598983194745,199.474286,-2,False,False,True,False,False,0.04459755900813889,0.2675853540713433
70002,burst,short_context,SPLIT_REFERENCE,-0.021646918272438143,0.4789767829071465,0.02382695370168264,0.0,1,True,True,False,False,False,0.04459755900813889,0.022950640735700745
70002,burst,short_context,EFT_REFERENCE,0.0,0.0,0.0,0.0,0,True,True,True,True,False,0.04459755900813889,0.04459755900813889
70002,burst,short_context,ECO_EDF_V1,0.22298779506320443,-3.074661251623567,-0.09892598983194745,199.474286,-2,False,False,True,False,False,0.04459755900813889,0.2675853540713433
70002,burst,short_context,LLF_EFT_V1,0.0,0.0,0.0,0.0,0,True,True,True,True,False,0.04459755900813889,0.04459755900813889
70002,burst,short_context,RESERVED_BACKFILL_V1,0.0,0.0,0.0,0.0,0,True,True,True,True,False,0.04459755900813889,0.04459755900813889
70002,burst,short_context,PARETO_MPC_V1,0.08919511795977542,-1.370070448908809,-0.026084381502339937,-52.96666899999997,-2,False,False,True,False,False,0.04459755900813889,0.1337926769679143
70002,burst,short_context,THERMAL_MPC_V1,0.08919511795977542,-1.370070448908809,-0.026084381502339937,-52.96666899999997,-2,False,False,True,False,False,0.04459755900813889,0.1337926769679143
70002,burst,short_context,PPO_seed11,0.0,0.0,0.0,0.0,0,True,True,True,True,False,0.04459755900813889,0.04459755900813889
70002,burst,short_context,PPO_seed23,0.0,0.0,0.0,0.0,0,True,True,True,True,False,0.04459755900813889,0.04459755900813889
70002,burst,short_context,PPO_seed37,0.0,0.0,0.0,0.0,0,True,True,True,True,False,0.04459755900813889,0.04459755900813889
70002,burst,long_context,CPU_REFERENCE,0.2094807016709126,-3.254781469787975,-0.10731975837160945,170.54301299999997,-2,False,False,True,False,False,0.041896139820153167,0.25137684149106576
70002,burst,long_context,SPLIT_REFERENCE,-0.018945498773433656,0.5111642762113426,0.02282691644124668,0.0,1,True,True,False,False,False,0.041896139820153167,0.02295064104671951
70002,burst,long_context,EFT_REFERENCE,0.0,0.0,0.0,0.0,0,True,True,True,True,False,0.041896139820153167,0.041896139820153167
70002,burst,long_context,ECO_EDF_V1,0.2094807016709126,-3.254781469787975,-0.10731975837160945,170.54301299999997,-2,False,False,True,False,False,0.041896139820153167,0.25137684149106576
70002,burst,long_context,LLF_EFT_V1,0.0,0.0,0.0,0.0,0,True,True,True,True,False,0.041896139820153167,0.041896139820153167
70002,burst,long_context,RESERVED_BACKFILL_V1,0.0,0.0,0.0,0.0,0,True,True,True,True,False,0.041896139820153167,0.041896139820153167
70002,burst,long_context,PARETO_MPC_V1,0.08379228079721202,-1.4479390021672351,-0.028204465863268524,-80.49016500000005,-2,False,False,True,False,False,0.041896139820153167,0.12568842061736518
70002,burst,long_context,THERMAL_MPC_V1,0.08379228079721202,-1.4479390021672351,-0.028204465863268524,-80.49016500000005,-2,False,False,True,False,False,0.041896139820153167,0.12568842061736518
70002,burst,long_context,PPO_seed11,0.0,0.0,0.0,0.0,0,True,True,True,True,False,0.041896139820153167,0.041896139820153167
70002,burst,long_context,PPO_seed23,0.0,0.0,0.0,0.0,0,True,True,True,True,False,0.041896139820153167,0.041896139820153167
70002,burst,long_context,PPO_seed37,0.0,0.0,0.0,0.0,0,True,True,True,True,False,0.041896139820153167,0.041896139820153167
70002,sustained,mean,CPU_REFERENCE,1.728224361497979,-31.48933779459449,-0.45214228483132857,460.317793,0,True,False,True,False,False,2.4234732075233865,4.1516975690213656
70002,sustained,mean,SPLIT_REFERENCE,1.3810411258157274,21.018405106349434,0.2685785817161275,0.0,0,True,False,False,False,False,2.4234732075233865,3.804514333339114
70002,sustained,mean,EFT_REFERENCE,0.0,0.0,0.0,0.0,0,True,True,True,True,False,2.4234732075233865,2.4234732075233865
70002,sustained,mean,ECO_EDF_V1,1.728224361497979,-31.48933779459449,-0.45214228483132857,460.317793,0,True,False,True,False,False,2.4234732075233865,4.1516975690213656
70002,sustained,mean,LLF_EFT_V1,0.0,0.0,0.0,0.0,0,True,True,True,True,False,2.4234732075233865,2.4234732075233865
70002,sustained,mean,RESERVED_BACKFILL_V1,0.0,0.0,0.0,0.0,0,True,True,True,True,False,2.4234732075233865,2.4234732075233865
70002,sustained,mean,PARETO_MPC_V1,-1.281952506590983,19.29943772393932,0.2665135619321788,2198.679232,-21,False,True,False,False,False,2.4234732075233865,1.1415207009324035
70002,sustained,mean,THERMAL_MPC_V1,-1.281952506590983,19.29943772393932,0.2665135619321788,2198.679232,-21,False,True,False,False,False,2.4234732075233865,1.1415207009324035
70002,sustained,mean,PPO_seed11,-0.0943059278017131,11.060293024752667,0.15055851027641154,0.0,0,True,True,False,False,False,2.4234732075233865,2.3291672797216734
70002,sustained,mean,PPO_seed23,0.6538175402137085,-6.022451544962536,-0.030771500765453652,411.03474,0,True,False,True,False,False,2.4234732075233865,3.077290747737095
70002,sustained,mean,PPO_seed37,0.8313313550622752,-9.998184568196848,-0.36098269430373264,404.457015,0,True,False,True,False,False,2.4234732075233865,3.2548045625856616
70002,sustained,short_context,CPU_REFERENCE,1.8064967979202322,-30.70466133646758,-0.443823927043546,467.73769400000003,0,True,False,True,False,False,2.474868872654781,4.281365670575013
70002,sustained,short_context,SPLIT_REFERENCE,1.2185754980790477,20.441728570908708,0.2616127610692871,0.0,0,True,False,False,False,False,2.474868872654781,3.693444370733829
70002,sustained,short_context,EFT_REFERENCE,0.0,0.0,0.0,0.0,0,True,True,True,True,False,2.474868872654781,2.474868872654781
70002,sustained,short_context,ECO_EDF_V1,1.8064967979202322,-30.70466133646758,-0.443823927043546,467.73769400000003,0,True,False,True,False,False,2.474868872654781,4.281365670575013
70002,sustained,short_context,LLF_EFT_V1,0.0,0.0,0.0,0.0,0,True,True,True,True,False,2.474868872654781,2.474868872654781
70002,sustained,short_context,RESERVED_BACKFILL_V1,0.0,0.0,0.0,0.0,0,True,True,True,True,False,2.474868872654781,2.474868872654781
70002,sustained,short_context,PARETO_MPC_V1,-1.4821427944784205,21.582879758062347,0.26533612412436014,2203.2328639999996,-16,False,True,False,False,False,2.474868872654781,0.9927260781763607
70002,sustained,short_context,THERMAL_MPC_V1,-1.4821427944784205,21.582879758062347,0.26533612412436014,2203.2328639999996,-16,False,True,False,False,False,2.474868872654781,0.9927260781763607
70002,sustained,short_context,PPO_seed11,-0.14355145045897189,10.76216171300328,0.1468788954032476,0.0,0,True,True,False,False,False,2.474868872654781,2.3313174221958093
70002,sustained,short_context,PPO_seed23,0.6714901273884379,-5.967120763599951,-0.030847656886379582,411.03474000000006,0,True,False,True,False,False,2.474868872654781,3.146359000043219
70002,sustained,short_context,PPO_seed37,0.8108294260894695,-9.603926314390065,-0.35519061426434817,410.191862,0,True,False,True,False,False,2.474868872654781,3.2856982987442507
70002,sustained,long_context,CPU_REFERENCE,1.649412925707395,-32.278928351305694,-0.4603427623312655,451.66607400000004,0,True,False,True,False,False,2.3726165395634666,4.022029465270862
70002,sustained,long_context,SPLIT_REFERENCE,1.5437934511388107,21.57958517204696,0.27584554042668685,0.0,0,True,False,False,False,False,2.3726165395634666,3.9164099907022774
70002,sustained,long_context,EFT_REFERENCE,0.0,0.0,0.0,0.0,0,True,True,True,True,False,2.3726165395634666,2.3726165395634666
70002,sustained,long_context,ECO_EDF_V1,1.649412925578872,-32.27892835377045,-0.4603427623467127,451.66607400000004,0,True,False,True,False,False,2.3726165395634666,4.022029465142339
70002,sustained,long_context,LLF_EFT_V1,0.0,0.0,0.0,0.0,0,True,True,True,True,False,2.3726165395634666,2.3726165395634666
70002,sustained,long_context,RESERVED_BACKFILL_V1,0.0,0.0,0.0,0.0,0,True,True,True,True,False,2.3726165395634666,2.3726165395634666
70002,sustained,long_context,PARETO_MPC_V1,-1.2043746698962536,19.06375407520744,0.25444082059244266,2193.971665,-22,False,True,False,False,False,2.3726165395634666,1.168241869667213
70002,sustained,long_context,THERMAL_MPC_V1,-1.2043746698962536,19.06375407520744,0.25444082059244266,2193.971665,-22,False,True,False,False,False,2.3726165395634666,1.168241869667213
70002,sustained,long_context,PPO_seed11,-0.044773707558050546,11.342841394321027,0.15453809721218192,0.0,0,True,True,False,False,False,2.3726165395634666,2.327842832005416
70002,sustained,long_context,PPO_seed23,0.6379570170741999,-6.100027659288344,-0.03040636714251832,411.03474,0,True,False,True,False,False,2.3726165395634666,3.0105735566376666
70002,sustained,long_context,PPO_seed37,0.7970443021007725,-10.706243706678862,-0.3756805769049052,405.91127,0,True,False,True,False,False,2.3726165395634666,3.169660841664239
70003,low,mean,CPU_REFERENCE,0.0,0.0,0.0,0.0,0,True,True,True,True,False,0.25948110090544674,0.25948110090544674
70003,low,mean,SPLIT_REFERENCE,0.2855510426356318,1.6999639830356799,0.042346252886893865,137.874704,0,True,False,False,False,False,0.25948110090544674,0.5450321435410785
70003,low,mean,EFT_REFERENCE,0.0,0.0,0.0,0.0,0,True,True,True,True,False,0.25948110090544674,0.25948110090544674
70003,low,mean,ECO_EDF_V1,0.0,0.0,0.0,0.0,0,True,True,True,True,False,0.25948110090544674,0.25948110090544674
70003,low,mean,LLF_EFT_V1,0.0,0.0,0.0,0.0,0,True,True,True,True,False,0.25948110090544674,0.25948110090544674
70003,low,mean,RESERVED_BACKFILL_V1,0.0,0.0,0.0,0.0,0,True,True,True,True,False,0.25948110090544674,0.25948110090544674
70003,low,mean,PARETO_MPC_V1,-0.04324684987906835,0.7239589425632289,0.01916312872747028,1236.447267,0,True,True,False,False,False,0.25948110090544674,0.2162342510263784
70003,low,mean,THERMAL_MPC_V1,-0.04324684987906835,0.7239589425632289,0.01916312872747028,1236.447267,0,True,True,False,False,False,0.25948110090544674,0.2162342510263784
70003,low,mean,PPO_seed11,0.0,0.0,0.0,0.0,0,True,True,True,True,False,0.25948110090544674,0.25948110090544674
70003,low,mean,PPO_seed23,0.0,0.0,0.0,0.0,0,True,True,True,True,False,0.25948110090544674,0.25948110090544674
70003,low,mean,PPO_seed37,0.0,0.0,0.0,0.0,0,True,True,True,True,False,0.25948110090544674,0.25948110090544674
70003,low,short_context,CPU_REFERENCE,0.0,0.0,0.0,0.0,0,True,True,True,True,False,0.2675853610720935,0.2675853610720935
70003,low,short_context,SPLIT_REFERENCE,0.26363747391056336,1.6507536788901334,0.04116714412146294,130.42854999999997,0,True,False,False,False,False,0.2675853610720935,0.5312228349826569
70003,low,short_context,EFT_REFERENCE,0.0,0.0,0.0,0.0,0,True,True,True,True,False,0.2675853610720935,0.2675853610720935
70003,low,short_context,ECO_EDF_V1,0.0,0.0,0.0,0.0,0,True,True,True,True,False,0.2675853610720935,0.2675853610720935
70003,low,short_context,LLF_EFT_V1,0.0,0.0,0.0,0.0,0,True,True,True,True,False,0.2675853610720935,0.2675853610720935
70003,low,short_context,RESERVED_BACKFILL_V1,0.0,0.0,0.0,0.0,0,True,True,True,True,False,0.2675853610720935,0.2675853610720935
70003,low,short_context,PARETO_MPC_V1,-0.044597559985049884,0.7061899229454625,0.01863538567824108,1236.447267,0,True,True,False,False,False,0.2675853610720935,0.22298780108704364
70003,low,short_context,THERMAL_MPC_V1,-0.044597559985049884,0.7061899229454625,0.01863538567824108,1236.447267,0,True,True,False,False,False,0.2675853610720935,0.22298780108704364
70003,low,short_context,PPO_seed11,0.0,0.0,0.0,0.0,0,True,True,True,True,False,0.2675853610720935,0.2675853610720935
70003,low,short_context,PPO_seed23,0.0,0.0,0.0,0.0,0,True,True,True,True,False,0.2675853610720935,0.2675853610720935
70003,low,short_context,PPO_seed37,0.0,0.0,0.0,0.0,0,True,True,True,True,False,0.2675853610720935,0.2675853610720935
70003,low,long_context,CPU_REFERENCE,0.0,0.0,0.0,0.0,0,True,True,True,True,False,0.2513768463530255,0.2513768463530255
70003,low,long_context,SPLIT_REFERENCE,0.30746461136070025,1.7491361754788528,0.04352578001995866,145.320858,0,True,False,False,False,False,0.2513768463530255,0.5588414577137257
70003,low,long_context,EFT_REFERENCE,0.0,0.0,0.0,0.0,0,True,True,True,True,False,0.2513768463530255,0.2513768463530255
70003,low,long_context,ECO_EDF_V1,0.0,0.0,0.0,0.0,0,True,True,True,True,False,0.2513768463530255,0.2513768463530255
70003,low,long_context,LLF_EFT_V1,0.0,0.0,0.0,0.0,0,True,True,True,True,False,0.2513768463530255,0.2513768463530255
70003,low,long_context,RESERVED_BACKFILL_V1,0.0,0.0,0.0,0.0,0,True,True,True,True,False,0.2513768463530255,0.2513768463530255
70003,low,long_context,PARETO_MPC_V1,-0.041896141198947134,0.7418352786775237,0.019692075026522815,1236.447267,0,True,True,False,False,False,0.2513768463530255,0.20948070515407835
70003,low,long_context,THERMAL_MPC_V1,-0.041896141198947134,0.7418352786775237,0.019692075026522815,1236.447267,0,True,True,False,False,False,0.2513768463530255,0.20948070515407835
70003,low,long_context,PPO_seed11,0.0,0.0,0.0,0.0,0,True,True,True,True,False,0.2513768463530255,0.2513768463530255
70003,low,long_context,PPO_seed23,0.0,0.0,0.0,0.0,0,True,True,True,True,False,0.2513768463530255,0.2513768463530255
70003,low,long_context,PPO_seed37,0.0,0.0,0.0,0.0,0,True,True,True,True,False,0.2513768463530255,0.2513768463530255
70003,queue,mean,CPU_REFERENCE,0.17298739821896447,-2.4176755486585364,-0.08278754236234676,385.191758,-1,False,False,True,False,False,0.08649369937884899,0.25948109759781346
70003,queue,mean,SPLIT_REFERENCE,-0.08649369988665967,1.301008253368991,0.0505602228801898,28.146015999999975,2,True,True,False,False,False,0.08649369937884899,-5.078106823930284e-10
70003,queue,mean,EFT_REFERENCE,0.0,0.0,0.0,0.0,0,True,True,True,True,False,0.08649369937884899,0.08649369937884899
70003,queue,mean,ECO_EDF_V1,0.17298739821896447,-2.4176755486585364,-0.08278754236234676,385.191758,-1,False,False,True,False,False,0.08649369937884899,0.25948109759781346
70003,queue,mean,LLF_EFT_V1,0.0,0.0,0.0,0.0,0,True,True,True,True,False,0.08649369937884899,0.08649369937884899
70003,queue,mean,RESERVED_BACKFILL_V1,0.0,0.0,0.0,0.0,0,True,True,True,True,False,0.08649369937884899,0.08649369937884899
70003,queue,mean,PARETO_MPC_V1,0.0,0.0,0.0,0.0,0,True,True,True,True,False,0.08649369937884899,0.08649369937884899
70003,queue,mean,THERMAL_MPC_V1,0.0,0.0,0.0,0.0,0,True,True,True,True,False,0.08649369937884899,0.08649369937884899
70003,queue,mean,PPO_seed11,-0.08649369988665967,1.301008253368991,0.0505602228801898,28.146015999999975,2,True,True,False,False,False,0.08649369937884899,-5.078106823930284e-10
70003,queue,mean,PPO_seed23,-0.015825880746660914,0.6449806246019278,0.01867306962378734,126.808267,1,True,True,False,False,False,0.08649369937884899,0.07066781863218807
70003,queue,mean,PPO_seed37,-0.08649369988665967,1.301008253368991,0.0505602228801898,28.146015999999975,2,True,True,False,False,False,0.08649369937884899,-5.078106823930284e-10
70003,queue,short_context,CPU_REFERENCE,0.17839023650401487,-2.3456235514725385,-0.07887538971130326,383.745497,-1,False,False,True,False,False,0.089195117695823,0.26758535419983787
70003,queue,short_context,SPLIT_REFERENCE,-0.08919511795980384,1.266540944402891,0.050820462260158905,13.699621000000036,2,True,True,False,False,False,0.089195117695823,-2.639808371895924e-10
70003,queue,short_context,EFT_REFERENCE,0.0,0.0,0.0,0.0,0,True,True,True,True,False,0.089195117695823,0.089195117695823
70003,queue,short_context,ECO_EDF_V1,0.17839023650401487,-2.3456235514725385,-0.07887538971130326,383.745497,-1,False,False,True,False,False,0.089195117695823,0.26758535419983787
70003,queue,short_context,LLF_EFT_V1,0.0,0.0,0.0,0.0,0,True,True,True,True,False,0.089195117695823,0.089195117695823
70003,queue,short_context,RESERVED_BACKFILL_V1,0.0,0.0,0.0,0.0,0,True,True,True,True,False,0.089195117695823,0.089195117695823
70003,queue,short_context,PARETO_MPC_V1,0.0,0.0,0.0,0.0,0,True,True,True,True,False,0.089195117695823,0.089195117695823
70003,queue,short_context,THERMAL_MPC_V1,0.0,0.0,0.0,0.0,0,True,True,True,True,False,0.089195117695823,0.089195117695823
70003,queue,short_context,PPO_seed11,-0.08919511795980384,1.266540944402891,0.050820462260158905,13.699621000000036,2,True,True,False,False,False,0.089195117695823,-2.639808371895924e-10
70003,queue,short_context,PPO_seed23,-0.01926264991797666,0.6330457069997522,0.0179789465738196,120.08524300000005,1,True,True,False,False,False,0.089195117695823,0.06993246777784634
70003,queue,short_context,PPO_seed37,-0.08919511795980384,1.266540944402891,0.050820462260158905,13.699621000000036,2,True,True,False,False,False,0.089195117695823,-2.639808371895924e-10
70003,queue,long_context,CPU_REFERENCE,0.16758456148824052,-2.4898463669720385,-0.08661652834025801,386.561052,-1,False,False,True,False,False,0.08379228025981433,0.25137684174805486
70003,queue,long_context,SPLIT_REFERENCE,-0.0837922802127764,1.335386758711742,0.05038432911385016,42.63089400000001,2,True,True,False,False,False,0.08379228025981433,4.703792910731863e-11
70003,queue,long_context,EFT_REFERENCE,0.0,0.0,0.0,0.0,0,True,True,True,True,False,0.08379228025981433,0.08379228025981433
70003,queue,long_context,ECO_EDF_V1,0.16758456148824052,-2.4898463669720385,-0.08661652834025801,386.561052,-1,False,False,True,False,False,0.08379228025981433,0.25137684174805486
70003,queue,long_context,LLF_EFT_V1,0.0,0.0,0.0,0.0,0,True,True,True,True,False,0.08379228025981433,0.08379228025981433
70003,queue,long_context,RESERVED_BACKFILL_V1,0.0,0.0,0.0,0.0,0,True,True,True,True,False,0.08379228025981433,0.08379228025981433
70003,queue,long_context,PARETO_MPC_V1,0.0,0.0,0.0,0.0,0,True,True,True,True,False,0.08379228025981433,0.08379228025981433
70003,queue,long_context,THERMAL_MPC_V1,0.0,0.0,0.0,0.0,0,True,True,True,True,False,0.08379228025981433,0.08379228025981433
70003,queue,long_context,PPO_seed11,-0.0837922802127764,1.335386758711742,0.05038432911385016,42.63089400000001,2,True,True,False,False,False,0.08379228025981433,4.703792910731863e-11
70003,queue,long_context,PPO_seed23,-0.012377642277783707,0.6568970013158406,0.019368936882326437,133.569774,0,True,True,False,False,False,0.08379228025981433,0.07141463798203063
70003,queue,long_context,PPO_seed37,-0.0837922802127764,1.335386758711742,0.05038432911385016,42.63089400000001,2,True,True,False,False,False,0.08379228025981433,4.703792910731863e-11
70003,burst,mean,CPU_REFERENCE,0.21623424809803282,-3.148562991141663,-0.10027679191250627,272.800202,-2,False,False,True,False,False,0.04324684937128609,0.2594810974693189
70003,burst,mean,SPLIT_REFERENCE,-0.04324684987909677,0.5839688575797233,0.03315096910057136,136.49977,0,True,True,False,False,False,0.04324684937128609,-5.078106823930284e-10
70003,burst,mean,EFT_REFERENCE,0.0,0.0,0.0,0.0,0,True,True,True,True,False,0.04324684937128609,0.04324684937128609
70003,burst,mean,ECO_EDF_V1,0.21623424809803282,-3.148562991141663,-0.10027679191250627,272.800202,-2,False,False,True,False,False,0.04324684937128609,0.2594810974693189
70003,burst,mean,LLF_EFT_V1,0.0,0.0,0.0,0.0,0,True,True,True,True,False,0.04324684937128609,0.04324684937128609
70003,burst,mean,RESERVED_BACKFILL_V1,0.0,0.0,0.0,0.0,0,True,True,True,True,False,0.04324684937128609,0.04324684937128609
70003,burst,mean,PARETO_MPC_V1,0.04324684987906835,-0.6841569193516115,-0.02724207121354638,526.365532,-2,False,False,True,False,False,0.04324684937128609,0.08649369925035444
70003,burst,mean,THERMAL_MPC_V1,0.04324684987906835,-0.6841569193516115,-0.02724207121354638,526.365532,-2,False,False,True,False,False,0.04324684937128609,0.08649369925035444
70003,burst,mean,PPO_seed11,-0.04324684987909677,0.5839688575797233,0.03315096910057136,136.49977,0,True,True,False,False,False,0.04324684937128609,-5.078106823930284e-10
70003,burst,mean,PPO_seed23,-0.04324684987909677,0.5839688575797233,0.03315096910057136,136.49977,0,True,True,False,False,False,0.04324684937128609,-5.078106823930284e-10
70003,burst,mean,PPO_seed37,-0.04324684987909677,0.5839688575797233,0.03315096910057136,136.49977,0,True,True,False,False,False,0.04324684937128609,-5.078106823930284e-10
70003,burst,short_context,CPU_REFERENCE,0.22298779506320443,-3.0575945840844554,-0.09634607761256575,268.461419,-2,False,False,True,False,False,0.044597559136633436,0.26758535419983787
70003,burst,short_context,SPLIT_REFERENCE,-0.04459755940061427,0.5672265995273662,0.033419080409782254,122.05337500000002,0,True,True,False,False,False,0.044597559136633436,-2.639808371895924e-10
70003,burst,short_context,EFT_REFERENCE,0.0,0.0,0.0,0.0,0,True,True,True,True,False,0.044597559136633436,0.044597559136633436
70003,burst,short_context,ECO_EDF_V1,0.22298779506320443,-3.0575945840844554,-0.09634607761256575,268.461419,-2,False,False,True,False,False,0.044597559136633436,0.26758535419983787
70003,burst,short_context,LLF_EFT_V1,0.0,0.0,0.0,0.0,0,True,True,True,True,False,0.044597559136633436,0.044597559136633436
70003,burst,short_context,RESERVED_BACKFILL_V1,0.0,0.0,0.0,0.0,0,True,True,True,True,False,0.044597559136633436,0.044597559136633436
70003,burst,short_context,PARETO_MPC_V1,0.044597558559189565,-0.6627720485922346,-0.026979622313273666,527.088662,-2,False,False,True,False,False,0.044597559136633436,0.089195117695823
70003,burst,short_context,THERMAL_MPC_V1,0.044597558559189565,-0.6627720485922346,-0.026979622313273666,527.088662,-2,False,False,True,False,False,0.044597559136633436,0.089195117695823
70003,burst,short_context,PPO_seed11,-0.04459755940061427,0.5672265995273662,0.033419080409782254,122.05337500000002,0,True,True,False,False,False,0.044597559136633436,-2.639808371895924e-10
70003,burst,short_context,PPO_seed23,-0.04459755940061427,0.5672265995273662,0.033419080409782254,122.05337500000002,0,True,True,False,False,False,0.044597559136633436,-2.639808371895924e-10
70003,burst,short_context,PPO_seed37,-0.04459755940061427,0.5672265995273662,0.033419080409782254,122.05337500000002,0,True,True,False,False,False,0.044597559136633436,-2.639808371895924e-10
70003,burst,long_context,CPU_REFERENCE,0.20779290087722302,-3.234720850250838,-0.10478372460134366,271.2442919999999,-2,False,False,True,False,False,0.04358394061384274,0.25137684149106576
70003,burst,long_context,SPLIT_REFERENCE,-0.0418961403111382,0.6005826926670004,0.031653565368714,145.320858,0,True,True,False,False,False,0.04358394061384274,0.0016878003027045452
70003,burst,long_context,EFT_REFERENCE,0.0,0.0,0.0,0.0,0,True,True,True,True,False,0.04358394061384274,0.04358394061384274
70003,burst,long_context,ECO_EDF_V1,0.20779290087722302,-3.234720850250838,-0.10478372460134366,271.2442919999999,-2,False,False,True,False,False,0.04358394061384274,0.25137684149106576
70003,burst,long_context,LLF_EFT_V1,0.0,0.0,0.0,0.0,0,True,True,True,True,False,0.04358394061384274,0.04358394061384274
70003,burst,long_context,RESERVED_BACKFILL_V1,0.0,0.0,0.0,0.0,0,True,True,True,True,False,0.04358394061384274,0.04358394061384274
70003,burst,long_context,PARETO_MPC_V1,0.0418961404860454,-0.7051724590265671,-0.028303386312195755,520.0170949999999,-2,False,False,True,False,False,0.04358394061384274,0.08548008109988814
70003,burst,long_context,THERMAL_MPC_V1,0.0418961404860454,-0.7051724590265671,-0.028303386312195755,520.0170949999999,-2,False,False,True,False,False,0.04358394061384274,0.08548008109988814
70003,burst,long_context,PPO_seed11,0.0,0.0,0.0,0.0,0,True,True,True,True,False,0.04358394061384274,0.04358394061384274
70003,burst,long_context,PPO_seed23,0.0,0.0,0.0,0.0,0,True,True,True,True,False,0.04358394061384274,0.04358394061384274
70003,burst,long_context,PPO_seed37,0.0,0.0,0.0,0.0,0,True,True,True,True,False,0.04358394061384274,0.04358394061384274
70003,sustained,mean,CPU_REFERENCE,1.8263077967327206,-35.77831872656046,-0.5869746248253556,419.202069,0,True,False,True,False,False,2.3253897721601504,4.151697568892871
70003,sustained,mean,SPLIT_REFERENCE,1.2219142371085638,18.139734619128916,0.16725044947875745,0.0,0,True,False,False,False,False,2.3253897721601504,3.5473040092687143
70003,sustained,mean,EFT_REFERENCE,0.0,0.0,0.0,0.0,0,True,True,True,True,False,2.3253897721601504,2.3253897721601504
70003,sustained,mean,ECO_EDF_V1,1.8263077967327206,-35.77831872656046,-0.5869746248253556,419.202069,0,True,False,True,False,False,2.3253897721601504,4.151697568892871
70003,sustained,mean,LLF_EFT_V1,0.0,0.0,0.0,0.0,0,True,True,True,True,False,2.3253897721601504,2.3253897721601504
70003,sustained,mean,RESERVED_BACKFILL_V1,0.0,0.0,0.0,0.0,0,True,True,True,True,False,2.3253897721601504,2.3253897721601504
70003,sustained,mean,PARETO_MPC_V1,-1.5036996294409448,19.59684902370398,0.11176621117630248,1389.334048,-7,False,True,False,False,False,2.3253897721601504,0.8216901427192056
70003,sustained,mean,THERMAL_MPC_V1,-1.5036996294409448,19.59684902370398,0.11176621117630248,1389.334048,-7,False,True,False,False,False,2.3253897721601504,0.8216901427192056
70003,sustained,mean,PPO_seed11,-0.11065729519103229,9.031617572614067,0.09183891136885336,0.0,0,True,True,False,False,False,2.3253897721601504,2.214732476969118
70003,sustained,mean,PPO_seed23,0.6966325398249467,-10.110264364647009,-0.14894511813435685,396.53137,0,True,False,True,False,False,2.3253897721601504,3.022022311985097
70003,sustained,mean,PPO_seed37,1.0306305205376987,-15.822579670318675,-0.5108961777503502,375.36522399999996,0,True,False,True,False,False,2.3253897721601504,3.356020292697849
70003,sustained,short_context,CPU_REFERENCE,1.905859216884494,-34.32189793973134,-0.570119891881923,473.540347,0,True,False,True,False,False,2.3755064530481036,4.2813656699325975
70003,sustained,short_context,SPLIT_REFERENCE,1.0643220953940613,18.23805163872501,0.16543473413093324,0.0,0,True,False,False,False,False,2.3755064530481036,3.439828548442165
70003,sustained,short_context,EFT_REFERENCE,0.0,0.0,0.0,0.0,0,True,True,True,True,False,2.3755064530481036,2.3755064530481036
70003,sustained,short_context,ECO_EDF_V1,1.905859216884494,-34.32189793973134,-0.570119891881923,473.540347,0,True,False,True,False,False,2.3755064530481036,4.2813656699325975
70003,sustained,short_context,LLF_EFT_V1,0.0,0.0,0.0,0.0,0,True,True,True,True,False,2.3755064530481036,2.3755064530481036
70003,sustained,short_context,RESERVED_BACKFILL_V1,0.0,0.0,0.0,0.0,0,True,True,True,True,False,2.3755064530481036,2.3755064530481036
70003,sustained,short_context,PARETO_MPC_V1,-1.5727503895460586,20.366931865359277,0.1040394789015977,1381.379615,-7,False,True,False,False,False,2.3755064530481036,0.802756063502045
70003,sustained,short_context,THERMAL_MPC_V1,-1.5727503895460586,20.366931865359277,0.1040394789015977,1381.379615,-7,False,True,False,False,False,2.3755064530481036,0.802756063502045
70003,sustained,short_context,PPO_seed11,-0.16598611618866244,9.38113279441896,0.09212298997055512,0.0,0,True,True,False,False,False,2.3755064530481036,2.209520336859441
70003,sustained,short_context,PPO_seed23,0.7197473075361529,-9.375299488352226,-0.14400796593455567,396.53137000000004,0,True,False,True,False,False,2.3755064530481036,3.0952537605842565
70003,sustained,short_context,PPO_seed37,1.0518968915207267,-14.884428892250526,-0.4959331503008748,373.20972400000005,0,True,False,True,False,False,2.3755064530481036,3.4274033445688303
70003,sustained,long_context,CPU_REFERENCE,1.717510536727815,-36.058919712187304,-0.5987630797469592,418.602384,0,True,False,True,False,False,2.3045189291855195,4.022029465913334
70003,sustained,long_context,SPLIT_REFERENCE,1.3522809681513195,19.215452000128096,0.17425758857701368,0.0,0,True,False,False,False,False,2.3045189291855195,3.656799897336839
70003,sustained,long_context,EFT_REFERENCE,0.0,0.0,0.0,0.0,0,True,True,True,True,False,2.3045189291855195,2.3045189291855195
70003,sustained,long_context,ECO_EDF_V1,1.717510536727815,-36.058919712187304,-0.5987630797469592,418.602384,0,True,False,True,False,False,2.3045189291855195,4.022029465913334
70003,sustained,long_context,LLF_EFT_V1,0.0,0.0,0.0,0.0,0,True,True,True,True,False,2.3045189291855195,2.3045189291855195
70003,sustained,long_context,RESERVED_BACKFILL_V1,0.0,0.0,0.0,0.0,0,True,True,True,True,False,2.3045189291855195,2.3045189291855195
70003,sustained,long_context,PARETO_MPC_V1,-1.4980939212698559,20.76169266530053,0.11902472240145556,1396.8651630000002,-8,False,True,False,False,False,2.3045189291855195,0.8064250079156636
70003,sustained,long_context,THERMAL_MPC_V1,-1.4980939212698559,20.76169266530053,0.11902472240145556,1396.8651630000002,-8,False,True,False,False,False,2.3045189291855195,0.8064250079156636
70003,sustained,long_context,PPO_seed11,-0.03130978297176057,10.196740327057967,0.09731308519479143,0.0,0,True,True,False,False,False,2.3045189291855195,2.273209146213759
70003,sustained,long_context,PPO_seed23,0.6549141684329527,-9.143291613096267,-0.147894372172388,396.644303,0,True,False,True,False,False,2.3045189291855195,2.959433097618472
70003,sustained,long_context,PPO_seed37,1.0110775872712452,-15.149717367161116,-0.518501421883208,375.21074100000004,0,True,False,True,False,False,2.3045189291855195,3.3155965164567647
70004,low,mean,CPU_REFERENCE,0.0,0.0,0.0,0.0,0,True,True,True,True,False,0.2594811009054183,0.2594811009054183
70004,low,mean,SPLIT_REFERENCE,0.2855510426356318,1.705208141949683,0.04619823703041703,137.874704,0,True,False,False,False,False,0.2594811009054183,0.5450321435410501
70004,low,mean,EFT_REFERENCE,0.0,0.0,0.0,0.0,0,True,True,True,True,False,0.2594811009054183,0.2594811009054183
70004,low,mean,ECO_EDF_V1,0.0,0.0,0.0,0.0,0,True,True,True,True,False,0.2594811009054183,0.2594811009054183
70004,low,mean,LLF_EFT_V1,0.0,0.0,0.0,0.0,0,True,True,True,True,False,0.2594811009054183,0.2594811009054183
70004,low,mean,RESERVED_BACKFILL_V1,0.0,0.0,0.0,0.0,0,True,True,True,True,False,0.2594811009054183,0.2594811009054183
70004,low,mean,PARETO_MPC_V1,-7.129017376428237e-10,0.0027803834415784934,0.0010057681004980168,1208.4471440000002,0,True,True,False,False,False,0.2594811009054183,0.2594811001925166
70004,low,mean,THERMAL_MPC_V1,-7.129017376428237e-10,0.0027803834415784934,0.0010057681004980168,1208.4471440000002,0,True,True,False,False,False,0.2594811009054183,0.2594811001925166
70004,low,mean,PPO_seed11,0.0,0.0,0.0,0.0,0,True,True,True,True,False,0.2594811009054183,0.2594811009054183
70004,low,mean,PPO_seed23,0.0,0.0,0.0,0.0,0,True,True,True,True,False,0.2594811009054183,0.2594811009054183
70004,low,mean,PPO_seed37,0.0,0.0,0.0,0.0,0,True,True,True,True,False,0.2594811009054183,0.2594811009054183
70004,low,short_context,CPU_REFERENCE,0.0,0.0,0.0,0.0,0,True,True,True,True,False,0.2675853610720935,0.2675853610720935
70004,low,short_context,SPLIT_REFERENCE,0.26363747391056336,1.6558002622617316,0.044911871826514016,130.42854999999997,0,True,False,False,False,False,0.2675853610720935,0.5312228349826569
70004,low,short_context,EFT_REFERENCE,0.0,0.0,0.0,0.0,0,True,True,True,True,False,0.2675853610720935,0.2675853610720935
70004,low,short_context,ECO_EDF_V1,0.0,0.0,0.0,0.0,0,True,True,True,True,False,0.2675853610720935,0.2675853610720935
70004,low,short_context,LLF_EFT_V1,0.0,0.0,0.0,0.0,0,True,True,True,True,False,0.2675853610720935,0.2675853610720935
70004,low,short_context,RESERVED_BACKFILL_V1,0.0,0.0,0.0,0.0,0,True,True,True,True,False,0.2675853610720935,0.2675853610720935
70004,low,short_context,PARETO_MPC_V1,-1.2973657703696517e-09,0.0035007472540158346,0.0010196470063483787,1207.724014,0,True,True,False,False,False,0.2675853610720935,0.26758535977472775
70004,low,short_context,THERMAL_MPC_V1,-1.2973657703696517e-09,0.0035007472540158346,0.0010196470063483787,1207.724014,0,True,True,False,False,False,0.2675853610720935,0.26758535977472775
70004,low,short_context,PPO_seed11,0.0,0.0,0.0,0.0,0,True,True,True,True,False,0.2675853610720935,0.2675853610720935
70004,low,short_context,PPO_seed23,0.0,0.0,0.0,0.0,0,True,True,True,True,False,0.2675853610720935,0.2675853610720935
70004,low,short_context,PPO_seed37,0.0,0.0,0.0,0.0,0,True,True,True,True,False,0.2675853610720935,0.2675853610720935
70004,low,long_context,CPU_REFERENCE,0.0,0.0,0.0,0.0,0,True,True,True,True,False,0.2513768463530255,0.2513768463530255
70004,low,long_context,SPLIT_REFERENCE,0.3074646113606718,1.7546397004641818,0.04748505865835995,145.320858,0,True,False,False,False,False,0.2513768463530255,0.5588414577136973
70004,low,long_context,EFT_REFERENCE,0.0,0.0,0.0,0.0,0,True,True,True,True,False,0.2513768463530255,0.2513768463530255
70004,low,long_context,ECO_EDF_V1,0.0,0.0,0.0,0.0,0,True,True,True,True,False,0.2513768463530255,0.2513768463530255
70004,low,long_context,LLF_EFT_V1,0.0,0.0,0.0,0.0,0,True,True,True,True,False,0.2513768463530255,0.2513768463530255
70004,low,long_context,RESERVED_BACKFILL_V1,0.0,0.0,0.0,0.0,0,True,True,True,True,False,0.2513768463530255,0.2513768463530255
70004,low,long_context,PARETO_MPC_V1,-1.2973657703696517e-09,0.0020984508675674363,0.0009926312581640673,1209.1317909999998,0,True,True,False,False,False,0.2513768463530255,0.2513768450556597
70004,low,long_context,THERMAL_MPC_V1,-1.2973657703696517e-09,0.0020984508675674363,0.0009926312581640673,1209.1317909999998,0,True,True,False,False,False,0.2513768463530255,0.2513768450556597
70004,low,long_context,PPO_seed11,0.0,0.0,0.0,0.0,0,True,True,True,True,False,0.2513768463530255,0.2513768463530255
70004,low,long_context,PPO_seed23,0.0,0.0,0.0,0.0,0,True,True,True,True,False,0.2513768463530255,0.2513768463530255
70004,low,long_context,PPO_seed37,0.0,0.0,0.0,0.0,0,True,True,True,True,False,0.2513768463530255,0.2513768463530255
70004,queue,mean,CPU_REFERENCE,0.2594810981055957,-3.788992457657951,-0.13593584052649632,457.111731,-3,False,False,True,False,False,-5.07782260683598e-10,0.25948109759781346
70004,queue,mean,SPLIT_REFERENCE,0.0,0.0,0.0,0.0,0,True,True,True,True,False,-5.07782260683598e-10,-5.07782260683598e-10
70004,queue,mean,EFT_REFERENCE,0.0,0.0,0.0,0.0,0,True,True,True,True,False,-5.07782260683598e-10,-5.07782260683598e-10
70004,queue,mean,ECO_EDF_V1,0.2594810981055957,-3.788992457657951,-0.13593584052649632,457.111731,-3,False,False,True,False,False,-5.07782260683598e-10,0.25948109759781346
70004,queue,mean,LLF_EFT_V1,0.0,0.0,0.0,0.0,0,True,True,True,True,False,-5.07782260683598e-10,-5.07782260683598e-10
70004,queue,mean,RESERVED_BACKFILL_V1,0.0,0.0,0.0,0.0,0,True,True,True,True,False,-5.07782260683598e-10,-5.07782260683598e-10
70004,queue,mean,PARETO_MPC_V1,0.0,0.0,0.0,0.0,0,True,True,True,True,False,-5.07782260683598e-10,-5.07782260683598e-10
70004,queue,mean,THERMAL_MPC_V1,0.0,0.0,0.0,0.0,0,True,True,True,True,False,-5.07782260683598e-10,-5.07782260683598e-10
70004,queue,mean,PPO_seed11,0.0,0.0,0.0,0.0,0,True,True,True,True,False,-5.07782260683598e-10,-5.07782260683598e-10
70004,queue,mean,PPO_seed23,0.0,0.0055988487775877616,0.00018986259499698122,190.60742199999999,0,True,True,False,False,False,-5.07782260683598e-10,-5.07782260683598e-10
70004,queue,mean,PPO_seed37,0.0,0.0,0.0,0.0,0,True,True,True,True,False,-5.07782260683598e-10,-5.07782260683598e-10
70004,queue,short_context,CPU_REFERENCE,0.26758535459231325,-3.681238945666493,-0.13224162219218982,461.66536400000007,-3,False,False,True,False,False,-2.639808371895924e-10,0.2675853543283324
70004,queue,short_context,SPLIT_REFERENCE,0.0,0.0,0.0,0.0,0,True,True,True,True,False,-2.639808371895924e-10,-2.639808371895924e-10
70004,queue,short_context,EFT_REFERENCE,0.0,0.0,0.0,0.0,0,True,True,True,True,False,-2.639808371895924e-10,-2.639808371895924e-10
70004,queue,short_context,ECO_EDF_V1,0.26758535459231325,-3.681238945666493,-0.13224162219218982,461.66536400000007,-3,False,False,True,False,False,-2.639808371895924e-10,0.2675853543283324
70004,queue,short_context,LLF_EFT_V1,0.0,0.0,0.0,0.0,0,True,True,True,True,False,-2.639808371895924e-10,-2.639808371895924e-10
70004,queue,short_context,RESERVED_BACKFILL_V1,0.0,0.0,0.0,0.0,0,True,True,True,True,False,-2.639808371895924e-10,-2.639808371895924e-10
70004,queue,short_context,PARETO_MPC_V1,0.0,0.0,0.0,0.0,0,True,True,True,True,False,-2.639808371895924e-10,-2.639808371895924e-10
70004,queue,short_context,THERMAL_MPC_V1,0.0,0.0,0.0,0.0,0,True,True,True,True,False,-2.639808371895924e-10,-2.639808371895924e-10
70004,queue,short_context,PPO_seed11,0.0,0.0,0.0,0.0,0,True,True,True,True,False,-2.639808371895924e-10,-2.639808371895924e-10
70004,queue,short_context,PPO_seed23,0.0,0.005456022373259373,0.00018501920793667637,190.60742200000004,0,True,True,False,False,False,-2.639808371895924e-10,-2.639808371895924e-10
70004,queue,short_context,PPO_seed37,0.0,0.0,0.0,0.0,0,True,True,True,True,False,-2.639808371895924e-10,-2.639808371895924e-10
70004,queue,long_context,CPU_REFERENCE,0.2513768418758957,-3.8968723177718125,-0.13963081313460535,452.404164,-3,False,False,True,False,False,-1.2784084901795723e-10,0.25137684174805486
70004,queue,long_context,SPLIT_REFERENCE,0.0,0.0,0.0,0.0,0,True,True,True,True,False,-1.2784084901795723e-10,-1.2784084901795723e-10
70004,queue,long_context,EFT_REFERENCE,0.0,0.0,0.0,0.0,0,True,True,True,True,False,-1.2784084901795723e-10,-1.2784084901795723e-10
70004,queue,long_context,ECO_EDF_V1,0.2513768418758957,-3.8968723177718125,-0.13963081313460535,452.404164,-3,False,False,True,False,False,-1.2784084901795723e-10,0.25137684174805486
70004,queue,long_context,LLF_EFT_V1,0.0,0.0,0.0,0.0,0,True,True,True,True,False,-1.2784084901795723e-10,-1.2784084901795723e-10
70004,queue,long_context,RESERVED_BACKFILL_V1,0.0,0.0,0.0,0.0,0,True,True,True,True,False,-1.2784084901795723e-10,-1.2784084901795723e-10
70004,queue,long_context,PARETO_MPC_V1,0.0,0.0,0.0,0.0,0,True,True,True,True,False,-1.2784084901795723e-10,-1.2784084901795723e-10
70004,queue,long_context,THERMAL_MPC_V1,0.0,0.0,0.0,0.0,0,True,True,True,True,False,-1.2784084901795723e-10,-1.2784084901795723e-10
70004,queue,long_context,PPO_seed11,0.0,0.0,0.0,0.0,0,True,True,True,True,False,-1.2784084901795723e-10,-1.2784084901795723e-10
70004,queue,long_context,PPO_seed23,0.0,0.0057525064857557595,0.00019470770058660491,190.60742199999999,0,True,True,False,False,False,-1.2784084901795723e-10,-1.2784084901795723e-10
70004,queue,long_context,PPO_seed37,0.0,0.0,0.0,0.0,0,True,True,True,True,False,-1.2784084901795723e-10,-1.2784084901795723e-10
70004,burst,mean,CPU_REFERENCE,0.17298739821896447,-2.3970980156752724,-0.08277841259315011,165.21627599999994,-1,False,False,True,False,False,0.08649369925035444,0.2594810974693189
70004,burst,mean,SPLIT_REFERENCE,-0.08649369975816512,1.288859600482244,0.049636147119635154,60.36804999999998,1,True,True,False,False,False,0.08649369925035444,-5.078106823930284e-10
70004,burst,mean,EFT_REFERENCE,0.0,0.0,0.0,0.0,0,True,True,True,True,False,0.08649369925035444,0.08649369925035444
70004,burst,mean,ECO_EDF_V1,0.17298739821896447,-2.3970980156752724,-0.08277841259315011,165.21627599999994,-1,False,False,True,False,False,0.08649369925035444,0.2594810974693189
70004,burst,mean,LLF_EFT_V1,0.0,0.0,0.0,0.0,0,True,True,True,True,False,0.08649369925035444,0.08649369925035444
70004,burst,mean,RESERVED_BACKFILL_V1,0.0,0.0,0.0,0.0,0,True,True,True,True,False,0.08649369925035444,0.08649369925035444
70004,burst,mean,PARETO_MPC_V1,0.04324684929466116,-0.6883635810897459,-0.027709118988411774,768.7859039999998,-3,False,False,True,False,False,0.08649369925035444,0.1297405485450156
70004,burst,mean,THERMAL_MPC_V1,0.04324684929466116,-0.6883635810897459,-0.027709118988411774,768.7859039999998,-3,False,False,True,False,False,0.08649369925035444,0.1297405485450156
70004,burst,mean,PPO_seed11,-0.08649369975816512,1.288859600482244,0.049636147119635154,60.36804999999998,1,True,True,False,False,False,0.08649369925035444,-5.078106823930284e-10
70004,burst,mean,PPO_seed23,-0.08649369975816512,1.288859600482244,0.049636147119635154,60.36804999999998,1,True,True,False,False,False,0.08649369925035444,-5.078106823930284e-10
70004,burst,mean,PPO_seed37,-0.08649369975816512,1.288859600482244,0.049636147119635154,60.36804999999998,1,True,True,False,False,False,0.08649369925035444,-5.078106823930284e-10
70004,burst,short_context,CPU_REFERENCE,0.17839023637552032,-2.3283195524396874,-0.07884952005073842,165.216275,-1,False,False,True,False,False,0.089195117695823,0.2675853540713433
70004,burst,short_context,SPLIT_REFERENCE,-0.08919511795980384,1.2508273732222008,0.04990231190986094,45.92165499999999,1,True,True,False,False,False,0.089195117695823,-2.639808371895924e-10
70004,burst,short_context,EFT_REFERENCE,0.0,0.0,0.0,0.0,0,True,True,True,True,False,0.089195117695823,0.089195117695823
70004,burst,short_context,ECO_EDF_V1,0.17839023637552032,-2.3283195524396874,-0.07884952005073842,165.216275,-1,False,False,True,False,False,0.089195117695823,0.2675853540713433
70004,burst,short_context,LLF_EFT_V1,0.0,0.0,0.0,0.0,0,True,True,True,True,False,0.089195117695823,0.089195117695823
70004,burst,short_context,RESERVED_BACKFILL_V1,0.0,0.0,0.0,0.0,0,True,True,True,True,False,0.089195117695823,0.089195117695823
70004,burst,short_context,PARETO_MPC_V1,0.0445975592720913,-0.6671410173758545,-0.02683166601995879,769.5090339999999,-3,False,False,True,False,False,0.089195117695823,0.1337926769679143
70004,burst,short_context,THERMAL_MPC_V1,0.0445975592720913,-0.6671410173758545,-0.02683166601995879,769.5090339999999,-3,False,False,True,False,False,0.089195117695823,0.1337926769679143
70004,burst,short_context,PPO_seed11,-0.08919511795980384,1.2508273732222008,0.04990231190986094,45.92165499999999,1,True,True,False,False,False,0.089195117695823,-2.639808371895924e-10
70004,burst,short_context,PPO_seed23,-0.08919511795980384,1.2508273732222008,0.04990231190986094,45.92165499999999,1,True,True,False,False,False,0.089195117695823,-2.639808371895924e-10
70004,burst,short_context,PPO_seed37,-0.08919511795980384,1.2508273732222008,0.04990231190986094,45.92165499999999,1,True,True,False,False,False,0.089195117695823,-2.639808371895924e-10
70004,burst,long_context,CPU_REFERENCE,0.16758456148824052,-2.466136841039887,-0.08662419092332385,165.216276,-1,False,False,True,False,False,0.08379228025981433,0.25137684174805486
70004,burst,long_context,SPLIT_REFERENCE,-0.0828642832766775,1.3233138559163642,0.0490739145301049,74.85292800000002,1,True,True,False,False,False,0.08379228025981433,0.0009279969831368362
70004,burst,long_context,EFT_REFERENCE,0.0,0.0,0.0,0.0,0,True,True,True,True,False,0.08379228025981433,0.08379228025981433
70004,burst,long_context,ECO_EDF_V1,0.16758456148824052,-2.466136841039887,-0.08662419092332385,165.216276,-1,False,False,True,False,False,0.08379228025981433,0.25137684174805486
70004,burst,long_context,LLF_EFT_V1,0.0,0.0,0.0,0.0,0,True,True,True,True,False,0.08379228025981433,0.08379228025981433
70004,burst,long_context,RESERVED_BACKFILL_V1,0.0,0.0,0.0,0.0,0,True,True,True,True,False,0.08379228025981433,0.08379228025981433
70004,burst,long_context,PARETO_MPC_V1,0.0418961404860454,-0.708376592256645,-0.028579185701431697,768.1012569999999,-3,False,False,True,False,False,0.08379228025981433,0.12568842074585973
70004,burst,long_context,THERMAL_MPC_V1,0.0418961404860454,-0.708376592256645,-0.028579185701431697,768.1012569999999,-3,False,False,True,False,False,0.08379228025981433,0.12568842074585973
70004,burst,long_context,PPO_seed11,-0.0828642832766775,1.3233138559163642,0.0490739145301049,74.85292800000002,1,True,True,False,False,False,0.08379228025981433,0.0009279969831368362
70004,burst,long_context,PPO_seed23,-0.0828642832766775,1.3233138559163642,0.0490739145301049,74.85292800000002,1,True,True,False,False,False,0.08379228025981433,0.0009279969831368362
70004,burst,long_context,PPO_seed37,-0.0828642832766775,1.3233138559163642,0.0490739145301049,74.85292800000002,1,True,True,False,False,False,0.08379228025981433,0.0009279969831368362
70004,sustained,mean,CPU_REFERENCE,1.8204281345983873,-36.38519166320191,-0.5302258923098933,449.600204,0,True,False,True,False,False,2.331269435007414,4.151697569605801
70004,sustained,mean,SPLIT_REFERENCE,1.0935444814932112,18.178648103574375,0.19709776350119057,0.0,0,True,False,False,False,False,2.331269435007414,3.424813916500625
70004,sustained,mean,EFT_REFERENCE,0.0,0.0,0.0,0.0,0,True,True,True,True,False,2.331269435007414,2.331269435007414
70004,sustained,mean,ECO_EDF_V1,1.8204281345983873,-36.38519166320191,-0.5302258923098933,449.600204,0,True,False,True,False,False,2.331269435007414,4.151697569605801
70004,sustained,mean,LLF_EFT_V1,0.0,0.0,0.0,0.0,0,True,True,True,True,False,2.331269435007414,2.331269435007414
70004,sustained,mean,RESERVED_BACKFILL_V1,0.0,0.0,0.0,0.0,0,True,True,True,True,False,2.331269435007414,2.331269435007414
70004,sustained,mean,PARETO_MPC_V1,-1.3897109990768115,18.017362460903655,0.2580387891011213,4004.6956370000003,-21,False,True,False,False,False,2.331269435007414,0.9415584359306024
70004,sustained,mean,THERMAL_MPC_V1,-1.3897109990768115,18.017362460903655,0.2580387891011213,4004.6956370000003,-21,False,True,False,False,False,2.331269435007414,0.9415584359306024
70004,sustained,mean,PPO_seed11,-0.2866188912456664,8.75485456226346,0.08913884517446746,0.0,0,True,True,False,False,False,2.331269435007414,2.0446505437617475
70004,sustained,mean,PPO_seed23,0.510823257876666,-11.15117237950102,-0.16025575455083896,406.872686,0,True,False,True,False,False,2.331269435007414,2.84209269288408
70004,sustained,mean,PPO_seed37,0.7061463436567124,-12.153945288749242,-0.3763122357644697,366.895461,0,True,False,True,False,False,2.331269435007414,3.0374157786641263
70004,sustained,short_context,CPU_REFERENCE,1.9462632622901594,-36.126569022234406,-0.5184275591706182,444.03001300000005,0,True,False,True,False,False,2.3351024081563594,4.281365670446519
70004,sustained,short_context,SPLIT_REFERENCE,0.9728131307306285,17.109533795259097,0.19067734271260406,0.0,0,True,False,False,False,False,2.3351024081563594,3.307915538886988
70004,sustained,short_context,EFT_REFERENCE,0.0,0.0,0.0,0.0,0,True,True,True,True,False,2.3351024081563594,2.3351024081563594
70004,sustained,short_context,ECO_EDF_V1,1.9462632622901594,-36.126569022234406,-0.5184275591706182,444.03001300000005,0,True,False,True,False,False,2.3351024081563594,4.281365670446519
70004,sustained,short_context,LLF_EFT_V1,0.0,0.0,0.0,0.0,0,True,True,True,True,False,2.3351024081563594,2.3351024081563594
70004,sustained,short_context,RESERVED_BACKFILL_V1,0.0,0.0,0.0,0.0,0,True,True,True,True,False,2.3351024081563594,2.3351024081563594
70004,sustained,short_context,PARETO_MPC_V1,-1.3281904054111067,16.17487723812758,0.24628871685500542,4004.695637,-22,False,True,False,False,False,2.3351024081563594,1.0069120027452527
70004,sustained,short_context,THERMAL_MPC_V1,-1.3281904054111067,16.17487723812758,0.24628871685500542,4004.695637,-22,False,True,False,False,False,2.3351024081563594,1.0069120027452527
70004,sustained,short_context,PPO_seed11,-0.30143465983721285,7.946595768863858,0.085590682547668,0.0,0,True,True,False,False,False,2.3351024081563594,2.0336677483191465
70004,sustained,short_context,PPO_seed23,0.5844294203542688,-11.57471538910903,-0.15882911067247107,406.87268600000004,0,True,False,True,False,False,2.3351024081563594,2.919531828510628
70004,sustained,short_context,PPO_seed37,0.75615937104115,-12.472723416247561,-0.3683036443991057,349.032055,0,True,False,True,False,False,2.3351024081563594,3.0912617791975094
70004,sustained,long_context,CPU_REFERENCE,1.706181495816736,-37.81913104708903,-0.5513643585131405,436.268945,0,True,False,True,False,False,2.31584796815676,4.022029463973496
70004,sustained,long_context,SPLIT_REFERENCE,1.227096901074617,18.085230230562445,0.19116090394236096,0.0,0,True,False,False,False,False,2.31584796815676,3.542944869231377
70004,sustained,long_context,EFT_REFERENCE,0.0,0.0,0.0,0.0,0,True,True,True,True,False,2.31584796815676,2.31584796815676
70004,sustained,long_context,ECO_EDF_V1,1.706181495816736,-37.81913104708903,-0.5513643585131405,436.268945,0,True,False,True,False,False,2.31584796815676,4.022029463973496
70004,sustained,long_context,LLF_EFT_V1,0.0,0.0,0.0,0.0,0,True,True,True,True,False,2.31584796815676,2.31584796815676
70004,sustained,long_context,RESERVED_BACKFILL_V1,0.0,0.0,0.0,0.0,0,True,True,True,True,False,2.31584796815676,2.31584796815676
70004,sustained,long_context,PARETO_MPC_V1,-1.257324623443509,15.679957469917298,0.22336470901835526,3872.4305719999998,-24,False,True,False,False,False,2.31584796815676,1.058523344713251
70004,sustained,long_context,THERMAL_MPC_V1,-1.257324623443509,15.679957469917298,0.22336470901835526,3872.4305719999998,-24,False,True,False,False,False,2.31584796815676,1.058523344713251
70004,sustained,long_context,PPO_seed11,-0.25898205383535355,8.400488618411089,0.08030431501201463,0.0,0,True,True,False,False,False,2.31584796815676,2.0568659143214063
70004,sustained,long_context,PPO_seed23,0.44910374903125216,-11.886181593947356,-0.17392940806286106,406.872686,0,True,False,True,False,False,2.31584796815676,2.764951717188012
70004,sustained,long_context,PPO_seed37,0.6681117217198391,-12.982384644906489,-0.3961581517563637,369.652036,0,True,False,True,False,False,2.31584796815676,2.983959689876599
70005,low,mean,CPU_REFERENCE,0.0,0.0,0.0,0.0,0,True,True,True,True,False,0.25948110090544674,0.25948110090544674
70005,low,mean,SPLIT_REFERENCE,0.2855510426356318,1.9355682211850223,0.052347620604432876,137.874704,0,True,False,False,False,False,0.25948110090544674,0.5450321435410785
70005,low,mean,EFT_REFERENCE,0.0,0.0,0.0,0.0,0,True,True,True,True,False,0.25948110090544674,0.25948110090544674
70005,low,mean,ECO_EDF_V1,0.0,0.0,0.0,0.0,0,True,True,True,True,False,0.25948110090544674,0.25948110090544674
70005,low,mean,LLF_EFT_V1,0.0,0.0,0.0,0.0,0,True,True,True,True,False,0.25948110090544674,0.25948110090544674
70005,low,mean,RESERVED_BACKFILL_V1,0.0,0.0,0.0,0.0,0,True,True,True,True,False,0.25948110090544674,0.25948110090544674
70005,low,mean,PARETO_MPC_V1,-0.04324685117643412,0.7237679603195204,0.019476122768679716,1231.937108,0,True,True,False,False,False,0.25948110090544674,0.21623424972901262
70005,low,mean,THERMAL_MPC_V1,-0.04324685117643412,0.7237679603195204,0.019476122768679716,1231.937108,0,True,True,False,False,False,0.25948110090544674,0.21623424972901262
70005,low,mean,PPO_seed11,0.0,0.0,0.0,0.0,0,True,True,True,True,False,0.25948110090544674,0.25948110090544674
70005,low,mean,PPO_seed23,0.0,0.0,0.0,0.0,0,True,True,True,True,False,0.25948110090544674,0.25948110090544674
70005,low,mean,PPO_seed37,0.0,0.0,0.0,0.0,0,True,True,True,True,False,0.25948110090544674,0.25948110090544674
70005,low,short_context,CPU_REFERENCE,0.0,0.0,0.0,0.0,0,True,True,True,True,False,0.2675853610720935,0.2675853610720935
70005,low,short_context,SPLIT_REFERENCE,0.2636374739105918,1.881851406957761,0.050890029103509704,130.42854999999997,0,True,False,False,False,False,0.2675853610720935,0.5312228349826853
70005,low,short_context,EFT_REFERENCE,0.0,0.0,0.0,0.0,0,True,True,True,True,False,0.2675853610720935,0.2675853610720935
70005,low,short_context,ECO_EDF_V1,0.0,0.0,0.0,0.0,0,True,True,True,True,False,0.2675853610720935,0.2675853610720935
70005,low,short_context,LLF_EFT_V1,0.0,0.0,0.0,0.0,0,True,True,True,True,False,0.2675853610720935,0.2675853610720935
70005,low,short_context,RESERVED_BACKFILL_V1,0.0,0.0,0.0,0.0,0,True,True,True,True,False,0.2675853610720935,0.2675853610720935
70005,low,short_context,PARETO_MPC_V1,-0.044597561866822844,0.7060676941134076,0.01906958151132443,1231.937108,0,True,True,False,False,False,0.2675853610720935,0.22298779920527068
70005,low,short_context,THERMAL_MPC_V1,-0.044597561866822844,0.7060676941134076,0.01906958151132443,1231.937108,0,True,True,False,False,False,0.2675853610720935,0.22298779920527068
70005,low,short_context,PPO_seed11,0.0,0.0,0.0,0.0,0,True,True,True,True,False,0.2675853610720935,0.2675853610720935
70005,low,short_context,PPO_seed23,0.0,0.0,0.0,0.0,0,True,True,True,True,False,0.2675853610720935,0.2675853610720935
70005,low,short_context,PPO_seed37,0.0,0.0,0.0,0.0,0,True,True,True,True,False,0.2675853610720935,0.2675853610720935
70005,low,long_context,CPU_REFERENCE,0.0,0.0,0.0,0.0,0,True,True,True,True,False,0.2513768463530539,0.2513768463530539
70005,low,long_context,SPLIT_REFERENCE,0.3074646113606718,1.989294144893453,0.05380572928333649,145.320858,0,True,False,False,False,False,0.2513768463530539,0.5588414577137257
70005,low,long_context,EFT_REFERENCE,0.0,0.0,0.0,0.0,0,True,True,True,True,False,0.2513768463530539,0.2513768463530539
70005,low,long_context,ECO_EDF_V1,0.0,0.0,0.0,0.0,0,True,True,True,True,False,0.2513768463530539,0.2513768463530539
70005,low,long_context,LLF_EFT_V1,0.0,0.0,0.0,0.0,0,True,True,True,True,False,0.2513768463530539,0.2513768463530539
70005,low,long_context,RESERVED_BACKFILL_V1,0.0,0.0,0.0,0.0,0,True,True,True,True,False,0.2513768463530539,0.2513768463530539
70005,low,long_context,PARETO_MPC_V1,-0.04189614308077694,0.741545093732487,0.019883339228929486,1231.937108,0,True,True,False,False,False,0.2513768463530539,0.20948070327227697
70005,low,long_context,THERMAL_MPC_V1,-0.04189614308077694,0.741545093732487,0.019883339228929486,1231.937108,0,True,True,False,False,False,0.2513768463530539,0.20948070327227697
70005,low,long_context,PPO_seed11,0.0,0.0,0.0,0.0,0,True,True,True,True,False,0.2513768463530539,0.2513768463530539
70005,low,long_context,PPO_seed23,0.0,0.0,0.0,0.0,0,True,True,True,True,False,0.2513768463530539,0.2513768463530539
70005,low,long_context,PPO_seed37,0.0,0.0,0.0,0.0,0,True,True,True,True,False,0.2513768463530539,0.2513768463530539
70005,queue,mean,CPU_REFERENCE,0.17298739906038918,-2.4454953181921333,-0.09258182442098573,222.040595,-2,False,False,True,False,False,0.08649369925035444,0.2594810983107436
70005,queue,mean,SPLIT_REFERENCE,0.03330819919113992,0.7720385890058665,0.02520405609287124,2.0110270000000128,0,True,False,False,False,False,0.08649369925035444,0.11980189844149436
70005,queue,mean,EFT_REFERENCE,0.0,0.0,0.0,0.0,0,True,True,True,True,False,0.08649369925035444,0.08649369925035444
70005,queue,mean,ECO_EDF_V1,0.17298739906038918,-2.4454953181921333,-0.09258182442098573,222.040595,-2,False,False,True,False,False,0.08649369925035444,0.2594810983107436
70005,queue,mean,LLF_EFT_V1,0.0,0.0,0.0,0.0,0,True,True,True,True,False,0.08649369925035444,0.08649369925035444
70005,queue,mean,RESERVED_BACKFILL_V1,0.0,0.0,0.0,0.0,0,True,True,True,True,False,0.08649369925035444,0.08649369925035444
70005,queue,mean,PARETO_MPC_V1,0.0,0.022128206215914048,0.010350697188819424,0.0,-1,False,True,False,False,False,0.08649369925035444,0.08649369925035444
70005,queue,mean,THERMAL_MPC_V1,0.0,0.022128206215914048,0.010350697188819424,0.0,-1,False,True,False,False,False,0.08649369925035444,0.08649369925035444
70005,queue,mean,PPO_seed11,0.0,0.0,0.0,0.0,0,True,True,True,True,False,0.08649369925035444,0.08649369925035444
70005,queue,mean,PPO_seed23,0.0,0.0,0.0,0.0,0,True,True,True,True,False,0.08649369925035444,0.08649369925035444
70005,queue,mean,PPO_seed37,0.0,0.0,0.0,0.0,0,True,True,True,True,False,0.08649369925035444,0.08649369925035444
70005,queue,short_context,CPU_REFERENCE,0.1783902366325094,-2.375014253431676,-0.08862460856658672,235.76385899999997,-2,False,False,True,False,False,0.08919511828025861,0.267585354912768
70005,queue,short_context,SPLIT_REFERENCE,0.03060678040503717,0.7366913674936342,0.024147151311058934,2.0110270000000128,0,True,False,False,False,False,0.08919511828025861,0.11980189868529578
70005,queue,short_context,EFT_REFERENCE,0.0,0.0,0.0,0.0,0,True,True,True,True,False,0.08919511828025861,0.08919511828025861
70005,queue,short_context,ECO_EDF_V1,0.1783902366325094,-2.375014253431676,-0.08862460856658672,235.76385899999997,-2,False,False,True,False,False,0.08919511828025861,0.267585354912768
70005,queue,short_context,LLF_EFT_V1,0.0,0.0,0.0,0.0,0,True,True,True,True,False,0.08919511828025861,0.08919511828025861
70005,queue,short_context,RESERVED_BACKFILL_V1,0.0,0.0,0.0,0.0,0,True,True,True,True,False,0.08919511828025861,0.08919511828025861
70005,queue,short_context,PARETO_MPC_V1,0.0,0.0220567076575513,0.010473388075439516,0.0,-1,False,True,False,False,False,0.08919511828025861,0.08919511828025861
70005,queue,short_context,THERMAL_MPC_V1,0.0,0.0220567076575513,0.010473388075439516,0.0,-1,False,True,False,False,False,0.08919511828025861,0.08919511828025861
70005,queue,short_context,PPO_seed11,0.0,0.0,0.0,0.0,0,True,True,True,True,False,0.08919511828025861,0.08919511828025861
70005,queue,short_context,PPO_seed23,0.0,0.0,0.0,0.0,0,True,True,True,True,False,0.08919511828025861,0.08919511828025861
70005,queue,short_context,PPO_seed37,0.0,0.0,0.0,0.0,0,True,True,True,True,False,0.08919511828025861,0.08919511828025861
70005,queue,long_context,CPU_REFERENCE,0.1675845603434425,-2.515910766614237,-0.09645603703249606,208.240364,-2,False,False,True,False,False,0.08379228101912872,0.2513768413625712
70005,queue,long_context,SPLIT_REFERENCE,0.036009618152064604,0.807575847118116,0.02626171109143627,2.0110270000000128,0,True,False,False,False,False,0.08379228101912872,0.11980189917119333
70005,queue,long_context,EFT_REFERENCE,0.0,0.0,0.0,0.0,0,True,True,True,True,False,0.08379228101912872,0.08379228101912872
70005,queue,long_context,ECO_EDF_V1,0.1675845603434425,-2.515910766614237,-0.09645603703249606,208.240364,-2,False,False,True,False,False,0.08379228101912872,0.2513768413625712
70005,queue,long_context,LLF_EFT_V1,0.0,0.0,0.0,0.0,0,True,True,True,True,False,0.08379228101912872,0.08379228101912872
70005,queue,long_context,RESERVED_BACKFILL_V1,0.0,0.0,0.0,0.0,0,True,True,True,True,False,0.08379228101912872,0.08379228101912872
70005,queue,long_context,PARETO_MPC_V1,0.0,0.022360693367712514,0.01023416797490384,0.0,-1,False,True,False,False,False,0.08379228101912872,0.08379228101912872
70005,queue,long_context,THERMAL_MPC_V1,0.0,0.022360693367712514,0.01023416797490384,0.0,-1,False,True,False,False,False,0.08379228101912872,0.08379228101912872
70005,queue,long_context,PPO_seed11,0.0,0.0,0.0,0.0,0,True,True,True,True,False,0.08379228101912872,0.08379228101912872
70005,queue,long_context,PPO_seed23,0.0,0.0,0.0,0.0,0,True,True,True,True,False,0.08379228101912872,0.08379228101912872
70005,queue,long_context,PPO_seed37,0.0,0.0,0.0,0.0,0,True,True,True,True,False,0.08379228101912872,0.08379228101912872
70005,burst,mean,CPU_REFERENCE,0.21623424809803282,-3.0125075089393576,-0.09579340988699059,260.817364,-2,False,False,True,False,False,0.04324684949978064,0.25948109759781346
70005,burst,mean,SPLIT_REFERENCE,-0.0432468500075629,0.641111860016359,0.034916381178174305,0.0,0,True,True,False,False,False,0.04324684949978064,-5.07782260683598e-10
70005,burst,mean,EFT_REFERENCE,0.0,0.0,0.0,0.0,0,True,True,True,True,False,0.04324684949978064,0.04324684949978064
70005,burst,mean,ECO_EDF_V1,0.21623424809803282,-3.0125075089393576,-0.09579340988699059,260.817364,-2,False,False,True,False,False,0.04324684949978064,0.25948109759781346
70005,burst,mean,LLF_EFT_V1,0.0,0.0,0.0,0.0,0,True,True,True,True,False,0.04324684949978064,0.04324684949978064
70005,burst,mean,RESERVED_BACKFILL_V1,0.0,0.0,0.0,0.0,0,True,True,True,True,False,0.04324684949978064,0.04324684949978064
70005,burst,mean,PARETO_MPC_V1,0.0,0.015143128339587975,0.016086891002505155,0.0,-1,False,True,False,False,False,0.04324684949978064,0.04324684949978064
70005,burst,mean,THERMAL_MPC_V1,0.0,0.015143128339587975,0.016086891002505155,0.0,-1,False,True,False,False,False,0.04324684949978064,0.04324684949978064
70005,burst,mean,PPO_seed11,-0.0432468500075629,0.641111860016359,0.034916381178174305,0.0,0,True,True,False,False,False,0.04324684949978064,-5.07782260683598e-10
70005,burst,mean,PPO_seed23,-0.0432468500075629,0.641111860016359,0.034916381178174305,0.0,0,True,True,False,False,False,0.04324684949978064,-5.07782260683598e-10
70005,burst,mean,PPO_seed37,-0.0432468500075629,0.641111860016359,0.034916381178174305,0.0,0,True,True,False,False,False,0.04324684949978064,-5.07782260683598e-10
70005,burst,short_context,CPU_REFERENCE,0.22298779519169898,-2.923884636901395,-0.09176228792962604,275.263758,-2,False,False,True,False,False,0.044597559136633436,0.2675853543283324
70005,burst,short_context,SPLIT_REFERENCE,-0.04459755940061427,0.6235655019651496,0.03533721561506198,0.0,0,True,True,False,False,False,0.044597559136633436,-2.639808371895924e-10
70005,burst,short_context,EFT_REFERENCE,0.0,0.0,0.0,0.0,0,True,True,True,True,False,0.044597559136633436,0.044597559136633436
70005,burst,short_context,ECO_EDF_V1,0.22298779519169898,-2.923884636901395,-0.09176228792962604,275.263758,-2,False,False,True,False,False,0.044597559136633436,0.2675853543283324
70005,burst,short_context,LLF_EFT_V1,0.0,0.0,0.0,0.0,0,True,True,True,True,False,0.044597559136633436,0.044597559136633436
70005,burst,short_context,RESERVED_BACKFILL_V1,0.0,0.0,0.0,0.0,0,True,True,True,True,False,0.044597559136633436,0.044597559136633436
70005,burst,short_context,PARETO_MPC_V1,0.0,0.018046788982143624,0.015753595754986804,0.0,-1,False,True,False,False,False,0.044597559136633436,0.044597559136633436
70005,burst,short_context,THERMAL_MPC_V1,0.0,0.018046788982143624,0.015753595754986804,0.0,-1,False,True,False,False,False,0.044597559136633436,0.044597559136633436
70005,burst,short_context,PPO_seed11,-0.04459755940061427,0.6235655019651496,0.03533721561506198,0.0,0,True,True,False,False,False,0.044597559136633436,-2.639808371895924e-10
70005,burst,short_context,PPO_seed23,-0.04459755940061427,0.6235655019651496,0.03533721561506198,0.0,0,True,True,False,False,False,0.044597559136633436,-2.639808371895924e-10
70005,burst,short_context,PPO_seed37,-0.04459755940061427,0.6235655019651496,0.03533721561506198,0.0,0,True,True,False,False,False,0.044597559136633436,-2.639808371895924e-10
70005,burst,long_context,CPU_REFERENCE,0.20948070179940714,-3.101118514526952,-0.1001684346806826,246.33248500000002,-2,False,False,True,False,False,0.041896139820153167,0.2513768416195603
70005,burst,long_context,SPLIT_REFERENCE,-0.04189613977311524,0.6585595632870209,0.03415287755539609,0.0,0,True,True,False,False,False,0.041896139820153167,4.703792910731863e-11
70005,burst,long_context,EFT_REFERENCE,0.0,0.0,0.0,0.0,0,True,True,True,True,False,0.041896139820153167,0.041896139820153167
70005,burst,long_context,ECO_EDF_V1,0.20948070179940714,-3.101118514526952,-0.1001684346806826,246.33248500000002,-2,False,False,True,False,False,0.041896139820153167,0.2513768416195603
70005,burst,long_context,LLF_EFT_V1,0.0,0.0,0.0,0.0,0,True,True,True,True,False,0.041896139820153167,0.041896139820153167
70005,burst,long_context,RESERVED_BACKFILL_V1,0.0,0.0,0.0,0.0,0,True,True,True,True,False,0.041896139820153167,0.041896139820153167
70005,burst,long_context,PARETO_MPC_V1,7.129301593522541e-10,0.014195718209663255,0.015998920843006914,0.0,-1,False,True,False,False,False,0.041896139820153167,0.041896140533083326
70005,burst,long_context,THERMAL_MPC_V1,7.129301593522541e-10,0.014195718209663255,0.015998920843006914,0.0,-1,False,True,False,False,False,0.041896139820153167,0.041896140533083326
70005,burst,long_context,PPO_seed11,-0.04189613977311524,0.6585595632870209,0.03415287755539609,0.0,0,True,True,False,False,False,0.041896139820153167,4.703792910731863e-11
70005,burst,long_context,PPO_seed23,-0.04189613977311524,0.6585595632870209,0.03415287755539609,0.0,0,True,True,False,False,False,0.041896139820153167,4.703792910731863e-11
70005,burst,long_context,PPO_seed37,-0.04189613977311524,0.6585595632870209,0.03415287755539609,0.0,0,True,True,False,False,False,0.041896139820153167,4.703792910731863e-11
70005,sustained,mean,CPU_REFERENCE,1.8826193870097825,-35.913508609836896,-0.49549548751550887,444.19899100000004,0,True,False,True,False,False,2.269078181170187,4.151697568179969
70005,sustained,mean,SPLIT_REFERENCE,1.258298304811035,17.94745090722526,0.2214190105032614,0.0,0,True,False,False,False,False,2.269078181170187,3.5273764859812218
70005,sustained,mean,EFT_REFERENCE,0.0,0.0,0.0,0.0,0,True,True,True,True,False,2.269078181170187,2.269078181170187
70005,sustained,mean,ECO_EDF_V1,1.8826193870097825,-35.913508609836896,-0.49549548751550887,444.19899100000004,0,True,False,True,False,False,2.269078181170187,4.151697568179969
70005,sustained,mean,LLF_EFT_V1,0.0,0.0,0.0,0.0,0,True,True,True,True,False,2.269078181170187,2.269078181170187
70005,sustained,mean,RESERVED_BACKFILL_V1,0.0,0.0,0.0,0.0,0,True,True,True,True,False,2.269078181170187,2.269078181170187
70005,sustained,mean,PARETO_MPC_V1,-1.1226378720513708,14.757145412600181,0.2142220929601919,4013.3956110000004,-29,False,True,False,False,False,2.269078181170187,1.146440309118816
70005,sustained,mean,THERMAL_MPC_V1,-1.1226378720513708,14.757145412600181,0.2142220929601919,4013.3956110000004,-29,False,True,False,False,False,2.269078181170187,1.146440309118816
70005,sustained,mean,PPO_seed11,-0.07427322748856113,8.842850392744396,0.09995589253914972,0.0,0,True,True,False,False,False,2.269078181170187,2.1948049536816256
70005,sustained,mean,PPO_seed23,0.8151071193390749,-11.524652553428353,-0.15582739523082267,408.528155,0,True,False,True,False,False,2.269078181170187,3.0841853005092617
70005,sustained,mean,PPO_seed37,0.76018753807449,-13.95654714623359,-0.2699860407559136,334.796718,0,True,False,True,False,False,2.269078181170187,3.029265719244677
70005,sustained,short_context,CPU_REFERENCE,1.9817391870759025,-35.060539447398725,-0.4847299063389272,445.136656,0,True,False,True,False,False,2.2996264832421502,4.281365670318053
70005,sustained,short_context,SPLIT_REFERENCE,1.1159525983054834,17.47311473493866,0.21512670455286553,0.0,0,True,False,False,False,False,2.2996264832421502,3.4155790815476337
70005,sustained,short_context,EFT_REFERENCE,0.0,0.0,0.0,0.0,0,True,True,True,True,False,2.2996264832421502,2.2996264832421502
70005,sustained,short_context,ECO_EDF_V1,1.981739186947408,-35.06053944993013,-0.484729906373758,445.136656,0,True,False,True,False,False,2.2996264832421502,4.281365670189558
70005,sustained,short_context,LLF_EFT_V1,0.0,0.0,0.0,0.0,0,True,True,True,True,False,2.2996264832421502,2.2996264832421502
70005,sustained,short_context,RESERVED_BACKFILL_V1,0.0,0.0,0.0,0.0,0,True,True,True,True,False,2.2996264832421502,2.2996264832421502
70005,sustained,short_context,PARETO_MPC_V1,-1.140089948742343,14.41398306653059,0.20711401623461256,4013.395611,-29,False,True,False,False,False,2.2996264832421502,1.1595365344998072
70005,sustained,short_context,THERMAL_MPC_V1,-1.140089948742343,14.41398306653059,0.20711401623461256,4013.395611,-29,False,True,False,False,False,2.2996264832421502,1.1595365344998072
70005,sustained,short_context,PPO_seed11,-0.11435561327721189,8.620393521308273,0.09704566215160781,0.0,0,True,True,False,False,False,2.2996264832421502,2.1852708699649384
70005,sustained,short_context,PPO_seed23,0.8554665214835779,-11.32465545726268,-0.15217029996765774,408.52815499999997,0,True,False,True,False,False,2.2996264832421502,3.155093004725728
70005,sustained,short_context,PPO_seed37,0.7983754411384894,-13.623866727765375,-0.2680060672823217,340.796611,0,True,False,True,False,False,2.2996264832421502,3.0980019243806396
70005,sustained,long_context,CPU_REFERENCE,1.7817261860439828,-36.77750406909479,-0.5052553443290257,440.09878799999996,0,True,False,True,False,False,2.240303279483868,4.022029465527851
70005,sustained,long_context,SPLIT_REFERENCE,1.4016784648608507,18.41046079377486,0.22855875730811448,0.0,0,True,False,False,False,False,2.240303279483868,3.6419817443447187
70005,sustained,long_context,EFT_REFERENCE,0.0,0.0,0.0,0.0,0,True,True,True,True,False,2.240303279483868,2.240303279483868
70005,sustained,long_context,ECO_EDF_V1,1.7817261860439828,-36.77750406909479,-0.5052553443290257,440.09878799999996,0,True,False,True,False,False,2.240303279483868,4.022029465527851
70005,sustained,long_context,LLF_EFT_V1,0.0,0.0,0.0,0.0,0,True,True,True,True,False,2.240303279483868,2.240303279483868
70005,sustained,long_context,RESERVED_BACKFILL_V1,0.0,0.0,0.0,0.0,0,True,True,True,True,False,2.240303279483868,2.240303279483868
70005,sustained,long_context,PARETO_MPC_V1,-1.0651543224653892,14.373440193627971,0.19733423647624448,4013.3956109999995,-29,False,True,False,False,False,2.240303279483868,1.1751489570184788
70005,sustained,long_context,THERMAL_MPC_V1,-1.0651543224653892,14.373440193627971,0.19733423647624448,4013.3956109999995,-29,False,True,False,False,False,2.240303279483868,1.1751489570184788
70005,sustained,long_context,PPO_seed11,-0.033156388155646255,9.053891607429819,0.10371236376388282,0.0,0,True,True,False,False,False,2.240303279483868,2.2071468913282217
70005,sustained,long_context,PPO_seed23,0.7041046344872939,-10.818403162126089,-0.1192558621721247,404.56318100000004,0,True,False,True,False,False,2.240303279483868,2.944407913971162
70005,sustained,long_context,PPO_seed37,0.7225294933867872,-14.298591764257765,-0.2711573154459117,328.719858,0,True,False,True,False,False,2.240303279483868,2.962832772870655
70006,low,mean,CPU_REFERENCE,0.0,0.0,0.0,0.0,0,True,True,True,True,False,0.2594811009054183,0.2594811009054183
70006,low,mean,SPLIT_REFERENCE,0.2855510426356602,1.655558476562522,0.04146453991451793,137.874704,0,True,False,False,False,False,0.2594811009054183,0.5450321435410785
70006,low,mean,EFT_REFERENCE,0.0,0.0,0.0,0.0,0,True,True,True,True,False,0.2594811009054183,0.2594811009054183
70006,low,mean,ECO_EDF_V1,0.0,0.0,0.0,0.0,0,True,True,True,True,False,0.2594811009054183,0.2594811009054183
70006,low,mean,LLF_EFT_V1,0.0,0.0,0.0,0.0,0,True,True,True,True,False,0.2594811009054183,0.2594811009054183
70006,low,mean,RESERVED_BACKFILL_V1,0.0,0.0,0.0,0.0,0,True,True,True,True,False,0.2594811009054183,0.2594811009054183
70006,low,mean,PARETO_MPC_V1,-0.04324684987903993,0.7952185348998775,0.017476322449066828,1190.809686,0,True,True,False,False,False,0.2594811009054183,0.2162342510263784
70006,low,mean,THERMAL_MPC_V1,-0.04324684987903993,0.7952185348998775,0.017476322449066828,1190.809686,0,True,True,False,False,False,0.2594811009054183,0.2162342510263784
70006,low,mean,PPO_seed11,0.0,0.0,0.0,0.0,0,True,True,True,True,False,0.2594811009054183,0.2594811009054183
70006,low,mean,PPO_seed23,0.0,0.0,0.0,0.0,0,True,True,True,True,False,0.2594811009054183,0.2594811009054183
70006,low,mean,PPO_seed37,0.0,0.0,0.0,0.0,0,True,True,True,True,False,0.2594811009054183,0.2594811009054183
70006,low,short_context,CPU_REFERENCE,0.0,0.0,0.0,0.0,0,True,True,True,True,False,0.2675853610720935,0.2675853610720935
70006,low,short_context,SPLIT_REFERENCE,0.26363747391056336,1.6094789874131123,0.04030998197528746,130.42854999999997,0,True,False,False,False,False,0.2675853610720935,0.5312228349826569
70006,low,short_context,EFT_REFERENCE,0.0,0.0,0.0,0.0,0,True,True,True,True,False,0.2675853610720935,0.2675853610720935
70006,low,short_context,ECO_EDF_V1,0.0,0.0,0.0,0.0,0,True,True,True,True,False,0.2675853610720935,0.2675853610720935
70006,low,short_context,LLF_EFT_V1,0.0,0.0,0.0,0.0,0,True,True,True,True,False,0.2675853610720935,0.2675853610720935
70006,low,short_context,RESERVED_BACKFILL_V1,0.0,0.0,0.0,0.0,0,True,True,True,True,False,0.2675853610720935,0.2675853610720935
70006,low,short_context,PARETO_MPC_V1,-0.04459756141088178,0.777214385171586,0.01705680218302774,1190.809686,0,True,True,False,False,False,0.2675853610720935,0.22298779966121174
70006,low,short_context,THERMAL_MPC_V1,-0.04459756141088178,0.777214385171586,0.01705680218302774,1190.809686,0,True,True,False,False,False,0.2675853610720935,0.22298779966121174
70006,low,short_context,PPO_seed11,0.0,0.0,0.0,0.0,0,True,True,True,True,False,0.2675853610720935,0.2675853610720935
70006,low,short_context,PPO_seed23,0.0,0.0,0.0,0.0,0,True,True,True,True,False,0.2675853610720935,0.2675853610720935
70006,low,short_context,PPO_seed37,0.0,0.0,0.0,0.0,0,True,True,True,True,False,0.2675853610720935,0.2675853610720935
70006,low,long_context,CPU_REFERENCE,0.0,0.0,0.0,0.0,0,True,True,True,True,False,0.2513768463530255,0.2513768463530255
70006,low,long_context,SPLIT_REFERENCE,0.30746461136070025,1.701711235271759,0.04261950751032728,145.320858,0,True,False,False,False,False,0.2513768463530255,0.5588414577137257
70006,low,long_context,EFT_REFERENCE,0.0,0.0,0.0,0.0,0,True,True,True,True,False,0.2513768463530255,0.2513768463530255
70006,low,long_context,ECO_EDF_V1,0.0,0.0,0.0,0.0,0,True,True,True,True,False,0.2513768463530255,0.2513768463530255
70006,low,long_context,LLF_EFT_V1,0.0,0.0,0.0,0.0,0,True,True,True,True,False,0.2513768463530255,0.2513768463530255
70006,low,long_context,RESERVED_BACKFILL_V1,0.0,0.0,0.0,0.0,0,True,True,True,True,False,0.2513768463530255,0.2513768463530255
70006,low,long_context,PARETO_MPC_V1,-0.04189614262480745,0.8132817306002842,0.01789678473506484,1190.809686,0,True,True,False,False,False,0.2513768463530255,0.20948070372821803
70006,low,long_context,THERMAL_MPC_V1,-0.04189614262480745,0.8132817306002842,0.01789678473506484,1190.809686,0,True,True,False,False,False,0.2513768463530255,0.20948070372821803
70006,low,long_context,PPO_seed11,0.0,0.0,0.0,0.0,0,True,True,True,True,False,0.2513768463530255,0.2513768463530255
70006,low,long_context,PPO_seed23,0.0,0.0,0.0,0.0,0,True,True,True,True,False,0.2513768463530255,0.2513768463530255
70006,low,long_context,PPO_seed37,0.0,0.0,0.0,0.0,0,True,True,True,True,False,0.2513768463530255,0.2513768463530255
70006,queue,mean,CPU_REFERENCE,0.17298739906038918,-2.400881690247889,-0.08411308391592343,440.879842,-2,False,False,True,False,False,0.08649369925035444,0.2594810983107436
70006,queue,mean,SPLIT_REFERENCE,-0.02956646749495917,1.1125890879881375,0.030395511637795636,0.0,1,True,True,False,False,False,0.08649369925035444,0.05692723175539527
70006,queue,mean,EFT_REFERENCE,0.0,0.0,0.0,0.0,0,True,True,True,True,False,0.08649369925035444,0.08649369925035444
70006,queue,mean,ECO_EDF_V1,0.17298739906038918,-2.400881690247889,-0.08411308391592343,440.879842,-2,False,False,True,False,False,0.08649369925035444,0.2594810983107436
70006,queue,mean,LLF_EFT_V1,0.0,0.0,0.0,0.0,0,True,True,True,True,False,0.08649369925035444,0.08649369925035444
70006,queue,mean,RESERVED_BACKFILL_V1,0.0,0.0,0.0,0.0,0,True,True,True,True,False,0.08649369925035444,0.08649369925035444
70006,queue,mean,PARETO_MPC_V1,0.0,0.00037082892131223844,0.003525474174946197,68.82476499999996,0,True,True,False,False,False,0.08649369925035444,0.08649369925035444
70006,queue,mean,THERMAL_MPC_V1,0.0,0.00037082892131223844,0.003525474174946197,68.82476499999996,0,True,True,False,False,False,0.08649369925035444,0.08649369925035444
70006,queue,mean,PPO_seed11,-0.04324684987906835,0.7158311469557219,0.017545069732481267,0.0,1,True,True,False,False,False,0.08649369925035444,0.04324684937128609
70006,queue,mean,PPO_seed23,-0.04324684987906835,0.7158311469557219,0.017545069732481267,0.0,1,True,True,False,False,False,0.08649369925035444,0.04324684937128609
70006,queue,mean,PPO_seed37,-0.04324684987906835,0.7158311469557219,0.017545069732481267,0.0,1,True,True,False,False,False,0.08649369925035444,0.04324684937128609
70006,queue,short_context,CPU_REFERENCE,0.178390236632481,-2.3284592845710073,-0.08021874282961505,445.43347500000004,-2,False,False,True,False,False,0.08919511828025861,0.2675853549127396
70006,queue,short_context,SPLIT_REFERENCE,-0.03226788628106192,1.0785332290981202,0.02926269608795451,0.0,1,True,True,False,False,False,0.08919511828025861,0.05692723199919669
70006,queue,short_context,EFT_REFERENCE,0.0,0.0,0.0,0.0,0,True,True,True,True,False,0.08919511828025861,0.08919511828025861
70006,queue,short_context,ECO_EDF_V1,0.178390236632481,-2.3284592845710073,-0.08021874282961505,445.43347500000004,-2,False,False,True,False,False,0.08919511828025861,0.2675853549127396
70006,queue,short_context,LLF_EFT_V1,0.0,0.0,0.0,0.0,0,True,True,True,True,False,0.08919511828025861,0.08919511828025861
70006,queue,short_context,RESERVED_BACKFILL_V1,0.0,0.0,0.0,0.0,0,True,True,True,True,False,0.08919511828025861,0.08919511828025861
70006,queue,short_context,PARETO_MPC_V1,-7.129301593522541e-10,0.00014505068622483464,0.003674424008238475,76.27091899999999,0,True,True,False,False,False,0.08919511828025861,0.08919511756732845
70006,queue,short_context,THERMAL_MPC_V1,-7.129301593522541e-10,0.00014505068622483464,0.003674424008238475,76.27091899999999,0,True,True,False,False,False,0.08919511828025861,0.08919511756732845
70006,queue,short_context,PPO_seed11,-0.044597559272119724,0.698029828201058,0.01693345139303304,0.0,1,True,True,False,False,False,0.08919511828025861,0.04459755900813889
70006,queue,short_context,PPO_seed23,-0.044597559272119724,0.698029828201058,0.01693345139303304,0.0,1,True,True,False,False,False,0.08919511828025861,0.04459755900813889
70006,queue,short_context,PPO_seed37,-0.044597559272119724,0.698029828201058,0.01693345139303304,0.0,1,True,True,False,False,False,0.08919511828025861,0.04459755900813889
70006,queue,long_context,CPU_REFERENCE,0.16758456135974598,-2.473368418508649,-0.0879242374097764,436.17227499999996,-2,False,False,True,False,False,0.08379228013131979,0.25137684149106576
70006,queue,long_context,SPLIT_REFERENCE,-0.026865047995983105,1.1466635050373668,0.03152922494808763,0.0,1,True,True,False,False,False,0.08379228013131979,0.05692723213533668
70006,queue,long_context,EFT_REFERENCE,0.0,0.0,0.0,0.0,0,True,True,True,True,False,0.08379228013131979,0.08379228013131979
70006,queue,long_context,ECO_EDF_V1,0.16758456135974598,-2.473368418508649,-0.0879242374097764,436.17227499999996,-2,False,False,True,False,False,0.08379228013131979,0.25137684149106576
70006,queue,long_context,LLF_EFT_V1,0.0,0.0,0.0,0.0,0,True,True,True,True,False,0.08379228013131979,0.08379228013131979
70006,queue,long_context,RESERVED_BACKFILL_V1,0.0,0.0,0.0,0.0,0,True,True,True,True,False,0.08379228013131979,0.08379228013131979
70006,queue,long_context,PARETO_MPC_V1,0.0,0.00045451499572379817,0.003384035044902589,61.37861099999998,0,True,True,False,False,False,0.08379228013131979,0.08379228013131979
70006,queue,long_context,THERMAL_MPC_V1,0.0,0.00045451499572379817,0.003384035044902589,61.37861099999998,0,True,True,False,False,False,0.08379228013131979,0.08379228013131979
70006,queue,long_context,PPO_seed11,-0.04189613977311524,0.7337034812822871,0.01815740090280471,0.0,1,True,True,False,False,False,0.08379228013131979,0.04189614035820455
70006,queue,long_context,PPO_seed23,-0.04189613977311524,0.7337034812822871,0.01815740090280471,0.0,1,True,True,False,False,False,0.08379228013131979,0.04189614035820455
70006,queue,long_context,PPO_seed37,-0.04189613977311524,0.7337034812822871,0.01815740090280471,0.0,1,True,True,False,False,False,0.08379228013131979,0.04189614035820455
70006,burst,mean,CPU_REFERENCE,0.08649369917372951,-1.0597754424442911,-0.04822345229625924,330.43255200000004,-1,False,False,True,False,False,0.17298739842408395,0.25948109759781346
70006,burst,mean,SPLIT_REFERENCE,-0.14523656394425188,2.5122188150246387,0.07099596854615342,357.086882,1,True,True,False,False,False,0.17298739842408395,0.027750834479832065
70006,burst,mean,EFT_REFERENCE,0.0,0.0,0.0,0.0,0,True,True,True,True,False,0.17298739842408395,0.17298739842408395
70006,burst,mean,ECO_EDF_V1,0.08649369917372951,-1.0597754424442911,-0.04822345229625924,330.43255200000004,-1,False,False,True,False,False,0.17298739842408395,0.25948109759781346
70006,burst,mean,LLF_EFT_V1,0.0,0.0,0.0,0.0,0,True,True,True,True,False,0.17298739842408395,0.17298739842408395
70006,burst,mean,RESERVED_BACKFILL_V1,0.0,0.0,0.0,0.0,0,True,True,True,True,False,0.17298739842408395,0.17298739842408395
70006,burst,mean,PARETO_MPC_V1,0.0,0.003362390487257727,-0.011309964813246864,345.161309,-1,False,True,False,False,False,0.17298739842408395,0.17298739842408395
70006,burst,mean,THERMAL_MPC_V1,0.0,0.003362390487257727,-0.011309964813246864,345.161309,-1,False,True,False,False,False,0.17298739842408395,0.17298739842408395
70006,burst,mean,PPO_seed11,-0.10198971495296405,1.7864027471347832,0.04460756158389145,219.21217900000005,0,True,True,False,False,False,0.17298739842408395,0.0709976834711199
70006,burst,mean,PPO_seed23,-0.10198971495296405,1.7864027471347832,0.04460756158389145,219.21217900000005,0,True,True,False,False,False,0.17298739842408395,0.0709976834711199
70006,burst,mean,PPO_seed37,-0.10198971495296405,1.7864027471347832,0.04460756158389145,219.21217900000005,0,True,True,False,False,False,0.17298739842408395,0.0709976834711199
70006,burst,short_context,CPU_REFERENCE,0.08919511795980384,-1.0267136394698753,-0.045524847302967686,330.43255099999993,-1,False,False,True,False,False,0.17839023624003403,0.26758535419983787
70006,burst,short_context,SPLIT_REFERENCE,-0.15394955633598784,2.454969894771004,0.07152064383062395,337.809637,1,True,True,False,False,False,0.17839023624003403,0.024440679904046192
70006,burst,short_context,EFT_REFERENCE,0.0,0.0,0.0,0.0,0,True,True,True,True,False,0.17839023624003403,0.17839023624003403
70006,burst,short_context,ECO_EDF_V1,0.08919511795980384,-1.0267136394698753,-0.045524847302967686,330.43255099999993,-1,False,False,True,False,False,0.17839023624003403,0.26758535419983787
70006,burst,short_context,LLF_EFT_V1,0.0,0.0,0.0,0.0,0,True,True,True,True,False,0.17839023624003403,0.17839023624003403
70006,burst,short_context,RESERVED_BACKFILL_V1,0.0,0.0,0.0,0.0,0,True,True,True,True,False,0.17839023624003403,0.17839023624003403
70006,burst,short_context,PARETO_MPC_V1,-5.844356110173976e-10,0.0062205120030398575,-0.010006164433772113,348.77696,-1,False,True,False,False,False,0.17839023624003403,0.17839023565559842
70006,burst,short_context,THERMAL_MPC_V1,-5.844356110173976e-10,0.0062205120030398575,-0.010006164433772113,348.77696,-1,False,True,False,False,False,0.17839023624003403,0.17839023565559842
70006,burst,short_context,PPO_seed11,-0.10935199723874689,1.74625379684635,0.04294409486140793,207.38108699999992,0,True,True,False,False,False,0.17839023624003403,0.06903823900128714
70006,burst,short_context,PPO_seed23,-0.10935199723874689,1.74625379684635,0.04294409486140793,207.38108699999992,0,True,True,False,False,False,0.17839023624003403,0.06903823900128714
70006,burst,short_context,PPO_seed37,-0.10935199723874689,1.74625379684635,0.04294409486140793,207.38108699999992,0,True,True,False,False,False,0.17839023624003403,0.06903823900128714
70006,burst,long_context,CPU_REFERENCE,0.08379228110058534,-1.0928207007383968,-0.050837455731699066,330.432551,-1,False,False,True,False,False,0.16758456064746952,0.25137684174805486
70006,burst,long_context,SPLIT_REFERENCE,-0.13645476450957972,2.5692038304355904,0.07052642100623174,376.55654300000003,1,True,True,False,False,False,0.16758456064746952,0.031129796137889798
70006,burst,long_context,EFT_REFERENCE,0.0,0.0,0.0,0.0,0,True,True,True,True,False,0.16758456064746952,0.16758456064746952
70006,burst,long_context,ECO_EDF_V1,0.08379228110058534,-1.0928207007383968,-0.050837455731699066,330.432551,-1,False,False,True,False,False,0.16758456064746952,0.25137684174805486
70006,burst,long_context,LLF_EFT_V1,0.0,0.0,0.0,0.0,0,True,True,True,True,False,0.16758456064746952,0.16758456064746952
70006,burst,long_context,RESERVED_BACKFILL_V1,0.0,0.0,0.0,0.0,0,True,True,True,True,False,0.16758456064746952,0.16758456064746952
70006,burst,long_context,PARETO_MPC_V1,0.0,0.002381690354908983,-0.012545221151416541,341.738074,-1,False,True,False,False,False,0.16758456064746952,0.16758456064746952
70006,burst,long_context,THERMAL_MPC_V1,0.0,0.002381690354908983,-0.012545221151416541,341.738074,-1,False,True,False,False,False,0.16758456064746952,0.16758456064746952
70006,burst,long_context,PPO_seed11,-0.09455862389503977,1.8267422903922892,0.046273355303600994,231.235686,0,True,True,False,False,False,0.16758456064746952,0.07302593675242974
70006,burst,long_context,PPO_seed23,-0.09455862389503977,1.8267422903922892,0.046273355303600994,231.235686,0,True,True,False,False,False,0.16758456064746952,0.07302593675242974
70006,burst,long_context,PPO_seed37,-0.09455862389503977,1.8267422903922892,0.046273355303600994,231.235686,0,True,True,False,False,False,0.16758456064746952,0.07302593675242974
70006,sustained,mean,CPU_REFERENCE,1.7250104468984944,-34.81431008456684,-0.6157867971465123,455.93665400000003,0,True,False,True,False,False,2.426687122707335,4.15169756960583
70006,sustained,mean,SPLIT_REFERENCE,1.215392604256749,18.635415835539476,0.2222108766102835,0.0,0,True,False,False,False,False,2.426687122707335,3.6420797269640843
70006,sustained,mean,EFT_REFERENCE,0.0,0.0,0.0,0.0,0,True,True,True,True,False,2.426687122707335,2.426687122707335
70006,sustained,mean,ECO_EDF_V1,1.7250104468984944,-34.81431008456684,-0.6157867971465123,455.93665400000003,0,True,False,True,False,False,2.426687122707335,4.15169756960583
70006,sustained,mean,LLF_EFT_V1,0.0,0.0,0.0,0.0,0,True,True,True,True,False,2.426687122707335,2.426687122707335
70006,sustained,mean,RESERVED_BACKFILL_V1,0.0,0.0,0.0,0.0,0,True,True,True,True,False,2.426687122707335,2.426687122707335
70006,sustained,mean,PARETO_MPC_V1,-1.3527286289728409,16.855073701331946,0.13334257412183348,4021.916775,-35,False,True,False,False,False,2.426687122707335,1.0739584937344944
70006,sustained,mean,THERMAL_MPC_V1,-1.3527286289728409,16.855073701331946,0.13334257412183348,4021.916775,-35,False,True,False,False,False,2.426687122707335,1.0739584937344944
70006,sustained,mean,PPO_seed11,-0.21236260892143832,8.91790611634849,0.14462003726401917,0.0,0,True,True,False,False,False,2.426687122707335,2.214324513785897
70006,sustained,mean,PPO_seed23,0.5369016936571711,-8.759411869187574,0.018206657883318655,409.780681,0,True,False,False,False,False,2.426687122707335,2.9635888163645063
70006,sustained,mean,PPO_seed37,0.6630419843687037,-8.729064758671996,-0.28271953573339204,375.74924300000004,0,True,False,True,False,False,2.426687122707335,3.089729107076039
70006,sustained,short_context,CPU_REFERENCE,1.8613433756803488,-34.58648204664331,-0.6216030306932687,457.695206,0,True,False,True,False,False,2.420022295151682,4.281365670832031
70006,sustained,short_context,SPLIT_REFERENCE,1.110634265847807,17.512084814023297,0.1992941531279655,0.0,0,True,False,False,False,False,2.420022295151682,3.530656560999489
70006,sustained,short_context,EFT_REFERENCE,0.0,0.0,0.0,0.0,0,True,True,True,True,False,2.420022295151682,2.420022295151682
70006,sustained,short_context,ECO_EDF_V1,1.8613433756803488,-34.58648204664331,-0.6216030306932687,457.695206,0,True,False,True,False,False,2.420022295151682,4.281365670832031
70006,sustained,short_context,LLF_EFT_V1,0.0,0.0,0.0,0.0,0,True,True,True,True,False,2.420022295151682,2.420022295151682
70006,sustained,short_context,RESERVED_BACKFILL_V1,0.0,0.0,0.0,0.0,0,True,True,True,True,False,2.420022295151682,2.420022295151682
70006,sustained,short_context,PARETO_MPC_V1,-1.3149486477913115,15.708705680738518,0.11429776582574647,4021.9167749999997,-33,False,True,False,False,False,2.420022295151682,1.1050736473603706
70006,sustained,short_context,THERMAL_MPC_V1,-1.3149486477913115,15.708705680738518,0.11429776582574647,4021.9167749999997,-33,False,True,False,False,False,2.420022295151682,1.1050736473603706
70006,sustained,short_context,PPO_seed11,-0.20755310370512348,8.066382665602276,0.12386378920873398,0.0,0,True,True,False,False,False,2.420022295151682,2.2124691914465586
70006,sustained,short_context,PPO_seed23,0.6102643621765651,-9.236313622605223,0.00013256937468497654,409.7806810000001,0,True,False,False,False,False,2.420022295151682,3.030286657328247
70006,sustained,short_context,PPO_seed37,0.720804731071496,-9.15311494888445,-0.29838144813890466,384.26722400000006,0,True,False,True,False,False,2.420022295151682,3.140827026223178
70006,sustained,long_context,CPU_REFERENCE,1.6292392982724664,-35.653327041626426,-0.6306076938741434,420.769613,0,True,False,True,False,False,2.3927901661569706,4.022029464429437
70006,sustained,long_context,SPLIT_REFERENCE,1.3627546841510423,19.11990325783185,0.2231326577162207,0.0,0,True,False,False,False,False,2.3927901661569706,3.755544850308013
70006,sustained,long_context,EFT_REFERENCE,0.0,0.0,0.0,0.0,0,True,True,True,True,False,2.3927901661569706,2.3927901661569706
70006,sustained,long_context,ECO_EDF_V1,1.6292392982724664,-35.653327041626426,-0.6306076938741434,420.769613,0,True,False,True,False,False,2.3927901661569706,4.022029464429437
70006,sustained,long_context,LLF_EFT_V1,0.0,0.0,0.0,0.0,0,True,True,True,True,False,2.3927901661569706,2.3927901661569706
70006,sustained,long_context,RESERVED_BACKFILL_V1,0.0,0.0,0.0,0.0,0,True,True,True,True,False,2.3927901661569706,2.3927901661569706
70006,sustained,long_context,PARETO_MPC_V1,-1.330988951110129,16.750574035774946,0.09725292509227756,4020.4171359999996,-37,False,True,False,False,False,2.3927901661569706,1.0618012150468417
70006,sustained,long_context,THERMAL_MPC_V1,-1.330988951110129,16.750574035774946,0.09725292509227756,4020.4171359999996,-37,False,True,False,False,False,2.3927901661569706,1.0618012150468417
70006,sustained,long_context,PPO_seed11,-0.17456837265237368,9.13048952596796,0.14338057636984303,0.0,0,True,True,False,False,False,2.3927901661569706,2.218221793504597
70006,sustained,long_context,PPO_seed23,0.5058904570873892,-8.92058602978679,0.01429041854956381,409.780681,0,True,False,False,False,False,2.3927901661569706,2.89868062324436
70006,sustained,long_context,PPO_seed37,0.6464946981381274,-8.92974014040098,-0.2883072979192036,377.39575399999995,0,True,False,True,False,False,2.3927901661569706,3.039284864295098
70007,low,mean,CPU_REFERENCE,0.0,0.0,0.0,0.0,0,True,True,True,True,False,0.25948110090544674,0.25948110090544674
70007,low,mean,SPLIT_REFERENCE,0.2855510426356318,1.7582714600258704,0.05098254425633897,137.874704,0,True,False,False,False,False,0.25948110090544674,0.5450321435410785
70007,low,mean,EFT_REFERENCE,0.0,0.0,0.0,0.0,0,True,True,True,True,False,0.25948110090544674,0.25948110090544674
70007,low,mean,ECO_EDF_V1,0.0,0.0,0.0,0.0,0,True,True,True,True,False,0.25948110090544674,0.25948110090544674
70007,low,mean,LLF_EFT_V1,0.0,0.0,0.0,0.0,0,True,True,True,True,False,0.25948110090544674,0.25948110090544674
70007,low,mean,RESERVED_BACKFILL_V1,0.0,0.0,0.0,0.0,0,True,True,True,True,False,0.25948110090544674,0.25948110090544674
70007,low,mean,PARETO_MPC_V1,-0.08649369975816512,1.4292027747039775,0.037961892956232646,1250.0,0,True,True,False,False,False,0.25948110090544674,0.17298740114728162
70007,low,mean,THERMAL_MPC_V1,-0.08649369975816512,1.4292027747039775,0.037961892956232646,1250.0,0,True,True,False,False,False,0.25948110090544674,0.17298740114728162
70007,low,mean,PPO_seed11,0.0,0.0,0.0,0.0,0,True,True,True,True,False,0.25948110090544674,0.25948110090544674
70007,low,mean,PPO_seed23,0.0,0.0,0.0,0.0,0,True,True,True,True,False,0.25948110090544674,0.25948110090544674
70007,low,mean,PPO_seed37,0.0,0.0,0.0,0.0,0,True,True,True,True,False,0.25948110090544674,0.25948110090544674
70007,low,short_context,CPU_REFERENCE,0.0,0.0,0.0,0.0,0,True,True,True,True,False,0.2675853610720935,0.2675853610720935
70007,low,short_context,SPLIT_REFERENCE,0.2636374739105918,1.7086103819529086,0.04956296257632076,130.42854999999997,0,True,False,False,False,False,0.2675853610720935,0.5312228349826853
70007,low,short_context,EFT_REFERENCE,0.0,0.0,0.0,0.0,0,True,True,True,True,False,0.2675853610720935,0.2675853610720935
70007,low,short_context,ECO_EDF_V1,0.0,0.0,0.0,0.0,0,True,True,True,True,False,0.2675853610720935,0.2675853610720935
70007,low,short_context,LLF_EFT_V1,0.0,0.0,0.0,0.0,0,True,True,True,True,False,0.2675853610720935,0.2675853610720935
70007,low,short_context,RESERVED_BACKFILL_V1,0.0,0.0,0.0,0.0,0,True,True,True,True,False,0.2675853610720935,0.2675853610720935
70007,low,short_context,PARETO_MPC_V1,-0.08919511997007135,1.3910595658209175,0.03684815806052555,1250.0,0,True,True,False,False,False,0.2675853610720935,0.17839024110202217
70007,low,short_context,THERMAL_MPC_V1,-0.08919511997007135,1.3910595658209175,0.03684815806052555,1250.0,0,True,True,False,False,False,0.2675853610720935,0.17839024110202217
70007,low,short_context,PPO_seed11,0.0,0.0,0.0,0.0,0,True,True,True,True,False,0.2675853610720935,0.2675853610720935
70007,low,short_context,PPO_seed23,0.0,0.0,0.0,0.0,0,True,True,True,True,False,0.2675853610720935,0.2675853610720935
70007,low,short_context,PPO_seed37,0.0,0.0,0.0,0.0,0,True,True,True,True,False,0.2675853610720935,0.2675853610720935
70007,low,long_context,CPU_REFERENCE,0.0,0.0,0.0,0.0,0,True,True,True,True,False,0.2513768463530539,0.2513768463530539
70007,low,long_context,SPLIT_REFERENCE,0.3074646113606718,1.8079172256706961,0.052402629627856356,145.320858,0,True,False,False,False,False,0.2513768463530539,0.5588414577137257
70007,low,long_context,EFT_REFERENCE,0.0,0.0,0.0,0.0,0,True,True,True,True,False,0.2513768463530539,0.2513768463530539
70007,low,long_context,ECO_EDF_V1,0.0,0.0,0.0,0.0,0,True,True,True,True,False,0.2513768463530539,0.2513768463530539
70007,low,long_context,LLF_EFT_V1,0.0,0.0,0.0,0.0,0,True,True,True,True,False,0.2513768463530539,0.2513768463530539
70007,low,long_context,RESERVED_BACKFILL_V1,0.0,0.0,0.0,0.0,0,True,True,True,True,False,0.2513768463530539,0.2513768463530539
70007,low,long_context,PARETO_MPC_V1,-0.08379228239795111,1.467394192308383,0.03907707344828637,1250.0,0,True,True,False,False,False,0.2513768463530539,0.1675845639551028
70007,low,long_context,THERMAL_MPC_V1,-0.08379228239795111,1.467394192308383,0.03907707344828637,1250.0,0,True,True,False,False,False,0.2513768463530539,0.1675845639551028
70007,low,long_context,PPO_seed11,0.0,0.0,0.0,0.0,0,True,True,True,True,False,0.2513768463530539,0.2513768463530539
70007,low,long_context,PPO_seed23,0.0,0.0,0.0,0.0,0,True,True,True,True,False,0.2513768463530539,0.2513768463530539
70007,low,long_context,PPO_seed37,0.0,0.0,0.0,0.0,0,True,True,True,True,False,0.2513768463530539,0.2513768463530539
70007,queue,mean,CPU_REFERENCE,0.16710769120879831,-2.470482029451979,-0.08546075849172752,474.58716999999996,-2,False,False,True,False,False,0.09237340651750969,0.259481097726308
70007,queue,mean,SPLIT_REFERENCE,-0.08649369917372951,1.3166346009723426,0.04815814901733262,96.601876,1,True,True,False,False,False,0.09237340651750969,0.005879707343780183
70007,queue,mean,EFT_REFERENCE,0.0,0.0,0.0,0.0,0,True,True,True,True,False,0.09237340651750969,0.09237340651750969
70007,queue,mean,ECO_EDF_V1,0.16710769120879831,-2.470482029451979,-0.08546075849172752,474.58716999999996,-2,False,False,True,False,False,0.09237340651750969,0.259481097726308
70007,queue,mean,LLF_EFT_V1,0.0,0.0,0.0,0.0,0,True,True,True,True,False,0.09237340651750969,0.09237340651750969
70007,queue,mean,RESERVED_BACKFILL_V1,-0.049126557146223604,0.6365317366867487,0.013537738551065104,96.601876,0,True,True,False,False,False,0.09237340651750969,0.04324684937128609
70007,queue,mean,PARETO_MPC_V1,0.0,0.0,0.0,0.0,0,True,True,True,True,False,0.09237340651750969,0.09237340651750969
70007,queue,mean,THERMAL_MPC_V1,0.0,0.0,0.0,0.0,0,True,True,True,True,False,0.09237340651750969,0.09237340651750969
70007,queue,mean,PPO_seed11,-0.04324684929466116,0.6731264931127434,0.015490875594952769,0.0,0,True,True,False,False,False,0.09237340651750969,0.04912655722284853
70007,queue,mean,PPO_seed23,-0.04324684929466116,0.6731264931127434,0.015490875594952769,0.0,0,True,True,False,False,False,0.09237340651750969,0.04912655722284853
70007,queue,mean,PPO_seed37,-0.04324684929466116,0.6731264931127434,0.015490875594952769,0.0,0,True,True,False,False,False,0.09237340651750969,0.04912655722284853
70007,queue,short_context,CPU_REFERENCE,0.1741656059627985,-2.4048013805915787,-0.08147450537512313,479.140803,-2,False,False,True,False,False,0.0934197483655339,0.2675853543283324
70007,queue,short_context,SPLIT_REFERENCE,-0.08919511783128087,1.2792938184320946,0.049117614254665654,88.87850500000002,1,True,True,False,False,False,0.0934197483655339,0.004224630534253038
70007,queue,short_context,EFT_REFERENCE,0.0,0.0,0.0,0.0,0,True,True,True,True,False,0.0934197483655339,0.0934197483655339
70007,queue,short_context,ECO_EDF_V1,0.1741656059627985,-2.4048013805915787,-0.08147450537512313,479.140803,-2,False,False,True,False,False,0.0934197483655339,0.2675853543283324
70007,queue,short_context,LLF_EFT_V1,0.0,0.0,0.0,0.0,0,True,True,True,True,False,0.0934197483655339,0.0934197483655339
70007,queue,short_context,RESERVED_BACKFILL_V1,-0.04882218922890047,0.6117383005469286,0.013504028261898782,88.87850500000002,0,True,True,False,False,False,0.0934197483655339,0.044597559136633436
70007,queue,short_context,PARETO_MPC_V1,0.0,0.0,0.0,0.0,0,True,True,True,True,False,0.0934197483655339,0.0934197483655339
70007,queue,short_context,THERMAL_MPC_V1,0.0,0.0,0.0,0.0,0,True,True,True,True,False,0.0934197483655339,0.0934197483655339
70007,queue,short_context,PPO_seed11,-0.0445975592720913,0.6535633750285577,0.014915757899114368,0.0,0,True,True,False,False,False,0.0934197483655339,0.0488221890934426
70007,queue,short_context,PPO_seed23,-0.0445975592720913,0.6535633750285577,0.014915757899114368,0.0,0,True,True,False,False,False,0.0934197483655339,0.0488221890934426
70007,queue,short_context,PPO_seed37,-0.0445975592720913,0.6535633750285577,0.014915757899114368,0.0,0,True,True,False,False,False,0.0934197483655339,0.0488221890934426
70007,queue,long_context,CPU_REFERENCE,0.1600153730850593,-2.536083546485724,-0.08936490750471648,469.87960300000003,-2,False,False,True,False,False,0.09136146866299555,0.25137684174805486
70007,queue,long_context,SPLIT_REFERENCE,-0.08299240755789583,1.3509131867323276,0.04692966974778301,104.32524699999999,1,True,True,False,False,False,0.09136146866299555,0.008369061105099718
70007,queue,long_context,EFT_REFERENCE,0.0,0.0,0.0,0.0,0,True,True,True,True,False,0.09136146866299555,0.09136146866299555
70007,queue,long_context,ECO_EDF_V1,0.1600153730850593,-2.536083546485724,-0.08936490750471648,469.87960300000003,-2,False,False,True,False,False,0.09136146866299555,0.25137684174805486
70007,queue,long_context,LLF_EFT_V1,0.0,0.0,0.0,0.0,0,True,True,True,True,False,0.09136146866299555,0.09136146866299555
70007,queue,long_context,RESERVED_BACKFILL_V1,-0.049465328714347834,0.6616136352367299,0.014068513807831806,104.32524699999999,0,True,True,False,False,False,0.09136146866299555,0.041896139948647715
70007,queue,long_context,PARETO_MPC_V1,0.0,0.0,0.0,0.0,0,True,True,True,True,False,0.09136146866299555,0.09136146866299555
70007,queue,long_context,THERMAL_MPC_V1,0.0,0.0,0.0,0.0,0,True,True,True,True,False,0.09136146866299555,0.09136146866299555
70007,queue,long_context,PPO_seed11,-0.04006722113913952,0.6848227774397628,0.016045573785756773,0.0,0,True,True,False,False,False,0.09136146866299555,0.05129424752385603
70007,queue,long_context,PPO_seed23,-0.04006722113913952,0.6848227774397628,0.016045573785756773,0.0,0,True,True,False,False,False,0.09136146866299555,0.05129424752385603
70007,queue,long_context,PPO_seed37,-0.04006722113913952,0.6848227774397628,0.016045573785756773,0.0,0,True,True,False,False,False,0.09136146866299555,0.05129424752385603
70007,burst,mean,CPU_REFERENCE,0.17298739821896447,-2.50240967784881,-0.08361337218404685,39.12820799999997,-2,False,False,True,False,False,0.08649369937884899,0.25948109759781346
70007,burst,mean,SPLIT_REFERENCE,-0.013738630740874669,1.0920197021163283,0.03603196264165831,216.804278,0,True,True,False,False,False,0.08649369937884899,0.07275506863797432
70007,burst,mean,EFT_REFERENCE,0.0,0.0,0.0,0.0,0,True,True,True,True,False,0.08649369937884899,0.08649369937884899
70007,burst,mean,ECO_EDF_V1,0.17298739821896447,-2.50240967784881,-0.08361337218404685,39.12820799999997,-2,False,False,True,False,False,0.08649369937884899,0.25948109759781346
70007,burst,mean,LLF_EFT_V1,0.0,0.0,0.0,0.0,0,True,True,True,True,False,0.08649369937884899,0.08649369937884899
70007,burst,mean,RESERVED_BACKFILL_V1,0.0,0.0,0.0,0.0,0,True,True,True,True,False,0.08649369937884899,0.08649369937884899
70007,burst,mean,PARETO_MPC_V1,0.0,0.0,0.0,0.0,0,True,True,True,True,False,0.08649369937884899,0.08649369937884899
70007,burst,mean,THERMAL_MPC_V1,0.0,0.0,0.0,0.0,0,True,True,True,True,False,0.08649369937884899,0.08649369937884899
70007,burst,mean,PPO_seed11,0.029508218963314903,0.39048033962350104,0.016097235194092008,78.92957499999994,0,True,False,False,False,False,0.08649369937884899,0.11600191834216389
70007,burst,mean,PPO_seed23,0.029508218963314903,0.39048033962350104,0.016097235194092008,78.92957499999994,0,True,False,False,False,False,0.08649369937884899,0.11600191834216389
70007,burst,mean,PPO_seed37,0.029508218963314903,0.39048033962350104,0.016097235194092008,78.92957499999994,0,True,False,False,False,False,0.08649369937884899,0.11600191834216389
70007,burst,short_context,CPU_REFERENCE,0.1783902366325094,-2.4293554027261024,-0.07967172434500469,39.851338,-2,False,False,True,False,False,0.08919511756732845,0.26758535419983787
70007,burst,short_context,SPLIT_REFERENCE,-0.019319220067302467,1.0668166456613264,0.0348394919930648,199.69642499999998,0,True,True,False,False,False,0.08919511756732845,0.06987589750002599
70007,burst,short_context,EFT_REFERENCE,0.0,0.0,0.0,0.0,0,True,True,True,True,False,0.08919511756732845,0.08919511756732845
70007,burst,short_context,ECO_EDF_V1,0.1783902366325094,-2.4293554027261024,-0.07967172434500469,39.851338,-2,False,False,True,False,False,0.08919511756732845,0.26758535419983787
70007,burst,short_context,LLF_EFT_V1,0.0,0.0,0.0,0.0,0,True,True,True,True,False,0.08919511756732845,0.08919511756732845
70007,burst,short_context,RESERVED_BACKFILL_V1,0.0,0.0,0.0,0.0,0,True,True,True,True,False,0.08919511756732845,0.08919511756732845
70007,burst,short_context,PARETO_MPC_V1,0.0,0.0,0.0,0.0,0,True,True,True,True,False,0.08919511756732845,0.08919511756732845
70007,burst,short_context,THERMAL_MPC_V1,0.0,0.0,0.0,0.0,0,True,True,True,True,False,0.08919511756732845,0.08919511756732845
70007,burst,short_context,PPO_seed11,0.02527833902993848,0.38447187328157284,0.015574101220824588,69.267875,0,True,False,False,False,False,0.08919511756732845,0.11447345659726693
70007,burst,short_context,PPO_seed23,0.02527833902993848,0.38447187328157284,0.015574101220824588,69.267875,0,True,False,False,False,False,0.08919511756732845,0.11447345659726693
70007,burst,short_context,PPO_seed37,0.02527833902993848,0.38447187328157284,0.015574101220824588,69.267875,0,True,False,False,False,False,0.08919511756732845,0.11447345659726693
70007,burst,long_context,CPU_REFERENCE,0.16758456148824052,-2.5755652454977955,-0.08747189092052565,38.44356099999999,-2,False,False,True,False,False,0.08379228025981433,0.25137684174805486
70007,burst,long_context,SPLIT_REFERENCE,-0.008066296822164531,1.116956593077088,0.03722283181475916,234.21999999999997,0,True,True,False,False,False,0.08379228025981433,0.0757259834376498
70007,burst,long_context,EFT_REFERENCE,0.0,0.0,0.0,0.0,0,True,True,True,True,False,0.08379228025981433,0.08379228025981433
70007,burst,long_context,ECO_EDF_V1,0.16758456148824052,-2.5755652454977955,-0.08747189092052565,38.44356099999999,-2,False,False,True,False,False,0.08379228025981433,0.25137684174805486
70007,burst,long_context,LLF_EFT_V1,0.0,0.0,0.0,0.0,0,True,True,True,True,False,0.08379228025981433,0.08379228025981433
70007,burst,long_context,RESERVED_BACKFILL_V1,0.0,0.0,0.0,0.0,0,True,True,True,True,False,0.08379228025981433,0.08379228025981433
70007,burst,long_context,PARETO_MPC_V1,0.0,0.0,0.0,0.0,0,True,True,True,True,False,0.08379228025981433,0.08379228025981433
70007,burst,long_context,THERMAL_MPC_V1,0.0,0.0,0.0,0.0,0,True,True,True,True,False,0.08379228025981433,0.08379228025981433
70007,burst,long_context,PPO_seed11,0.033829843079445254,0.3960297676277733,0.016617237621783687,88.89914300000004,0,True,False,False,False,False,0.08379228025981433,0.11762212333925959
70007,burst,long_context,PPO_seed23,0.033829843079445254,0.3960297676277733,0.016617237621783687,88.89914300000004,0,True,False,False,False,False,0.08379228025981433,0.11762212333925959
70007,burst,long_context,PPO_seed37,0.033829843079445254,0.3960297676277733,0.016617237621783687,88.89914300000004,0,True,False,False,False,False,0.08379228025981433,0.11762212333925959
70007,sustained,mean,CPU_REFERENCE,1.7989540407306492,-35.1664693638387,-0.5228714582917391,455.423798,0,True,False,True,False,False,2.3527435284192393,4.1516975691498885
70007,sustained,mean,SPLIT_REFERENCE,1.2672932309336034,18.392862867317632,0.19728241808169855,0.0,0,True,False,False,False,False,2.3527435284192393,3.6200367593528426
70007,sustained,mean,EFT_REFERENCE,0.0,0.0,0.0,0.0,0,True,True,True,True,False,2.3527435284192393,2.3527435284192393
70007,sustained,mean,ECO_EDF_V1,1.7989540407306492,-35.1664693638387,-0.5228714582917391,455.423798,0,True,False,True,False,False,2.3527435284192393,4.1516975691498885
70007,sustained,mean,LLF_EFT_V1,0.0,0.0,0.0,0.0,0,True,True,True,True,False,2.3527435284192393,2.3527435284192393
70007,sustained,mean,RESERVED_BACKFILL_V1,0.0,0.0,0.0,0.0,0,True,True,True,True,False,2.3527435284192393,2.3527435284192393
70007,sustained,mean,PARETO_MPC_V1,-1.5538141608765272,21.153736704811365,0.23547548985627742,1992.2227280000002,-16,False,True,False,False,False,2.3527435284192393,0.798929367542712
70007,sustained,mean,THERMAL_MPC_V1,-1.5538141608765272,21.153736704811365,0.23547548985627742,1992.2227280000002,-16,False,True,False,False,False,2.3527435284192393,0.798929367542712
70007,sustained,mean,PPO_seed11,-0.1128701418052458,8.975069877950915,0.09883457271777729,0.0,0,True,True,False,False,False,2.3527435284192393,2.2398733866139935
70007,sustained,mean,PPO_seed23,0.687532433859559,-11.195643681395865,-0.15146257162503218,410.39088699999996,0,True,False,True,False,False,2.3527435284192393,3.0402759622787983
70007,sustained,mean,PPO_seed37,0.8045891133627947,-13.683324995549327,-0.4380890722226489,418.69739,0,True,False,True,False,False,2.3527435284192393,3.157332641782034
70007,sustained,short_context,CPU_REFERENCE,1.8998996743714827,-34.33201154505585,-0.5096896741900991,459.977431,0,True,False,True,False,False,2.381465997301973,4.281365671673456
70007,sustained,short_context,SPLIT_REFERENCE,1.1217026336569518,17.905065360727576,0.1920598667570843,0.0,0,True,False,False,False,False,2.381465997301973,3.5031686309589247
70007,sustained,short_context,EFT_REFERENCE,0.0,0.0,0.0,0.0,0,True,True,True,True,False,2.381465997301973,2.381465997301973
70007,sustained,short_context,ECO_EDF_V1,1.8998996743714827,-34.33201154505585,-0.5096896741900991,459.977431,0,True,False,True,False,False,2.381465997301973,4.281365671673456
70007,sustained,short_context,LLF_EFT_V1,0.0,0.0,0.0,0.0,0,True,True,True,True,False,2.381465997301973,2.381465997301973
70007,sustained,short_context,RESERVED_BACKFILL_V1,0.0,0.0,0.0,0.0,0,True,True,True,True,False,2.381465997301973,2.381465997301973
70007,sustained,short_context,PARETO_MPC_V1,-1.5599918056441027,20.53325730054314,0.23049795282191354,1975.8217940000002,-15,False,True,False,False,False,2.381465997301973,0.8214741916578703
70007,sustained,short_context,THERMAL_MPC_V1,-1.5599918056441027,20.53325730054314,0.23049795282191354,1975.8217940000002,-15,False,True,False,False,False,2.381465997301973,0.8214741916578703
70007,sustained,short_context,PPO_seed11,-0.15254515691086112,8.74820061240439,0.09625058702667388,0.0,0,True,True,False,False,False,2.381465997301973,2.228920840391112
70007,sustained,short_context,PPO_seed23,0.7378263992724783,-11.04052822486338,-0.14933490596341414,410.390887,0,True,False,True,False,False,2.381465997301973,3.1192923965744512
70007,sustained,short_context,PPO_seed37,0.8412958847933965,-13.368686797516943,-0.42644201121201775,412.68104500000004,0,True,False,True,False,False,2.381465997301973,3.2227618820953694
70007,sustained,long_context,CPU_REFERENCE,1.6955624624121697,-35.980360339831435,-0.5362384995085243,450.033758,0,True,False,True,False,False,2.3264670025312455,4.022029464943415
70007,sustained,long_context,SPLIT_REFERENCE,1.414335131883064,18.873939919431137,0.20251716596997937,0.0,0,True,False,False,False,False,2.3264670025312455,3.7408021344143094
70007,sustained,long_context,EFT_REFERENCE,0.0,0.0,0.0,0.0,0,True,True,True,True,False,2.3264670025312455,2.3264670025312455
70007,sustained,long_context,ECO_EDF_V1,1.6955624624121697,-35.980360339831435,-0.5362384995085243,450.033758,0,True,False,True,False,False,2.3264670025312455,4.022029464943415
70007,sustained,long_context,LLF_EFT_V1,0.0,0.0,0.0,0.0,0,True,True,True,True,False,2.3264670025312455,2.3264670025312455
70007,sustained,long_context,RESERVED_BACKFILL_V1,0.0,0.0,0.0,0.0,0,True,True,True,True,False,2.3264670025312455,2.3264670025312455
70007,sustained,long_context,PARETO_MPC_V1,-1.535495831679924,21.736069931433235,0.20540301935604788,2180.762152,-18,False,True,False,False,False,2.3264670025312455,0.7909711708513214
70007,sustained,long_context,THERMAL_MPC_V1,-1.535495831679924,21.736069931433235,0.20540301935604788,2180.762152,-18,False,True,False,False,False,2.3264670025312455,0.7909711708513214
70007,sustained,long_context,PPO_seed11,-0.07174382302690674,9.1951261072862,0.10142981876497714,0.0,0,True,True,False,False,False,2.3264670025312455,2.2547231795043388
70007,sustained,long_context,PPO_seed23,0.6374089035403188,-11.350764261541485,-0.15355886709967592,410.39088699999996,0,True,False,True,False,False,2.3264670025312455,2.9638759060715643
70007,sustained,long_context,PPO_seed37,0.7660327338598165,-13.990703576406077,-0.4494200037878784,415.359117,0,True,False,True,False,False,2.3264670025312455,3.092499736391062
70008,low,mean,CPU_REFERENCE,0.0,0.0,0.0,0.0,0,True,True,True,True,False,0.25948110090544674,0.25948110090544674
70008,low,mean,SPLIT_REFERENCE,0.2855510426356318,1.8960734155616166,0.05573031609687007,137.874704,0,True,False,False,False,False,0.25948110090544674,0.5450321435410785
70008,low,mean,EFT_REFERENCE,0.0,0.0,0.0,0.0,0,True,True,True,True,False,0.25948110090544674,0.25948110090544674
70008,low,mean,ECO_EDF_V1,0.0,0.0,0.0,0.0,0,True,True,True,True,False,0.25948110090544674,0.25948110090544674
70008,low,mean,LLF_EFT_V1,0.0,0.0,0.0,0.0,0,True,True,True,True,False,0.25948110090544674,0.25948110090544674
70008,low,mean,RESERVED_BACKFILL_V1,0.0,0.0,0.0,0.0,0,True,True,True,True,False,0.25948110090544674,0.25948110090544674
70008,low,mean,PARETO_MPC_V1,-0.06170551221831033,1.3622978557110201,0.047958850361442984,1186.646216,0,True,True,False,False,False,0.25948110090544674,0.1977755886871364
70008,low,mean,THERMAL_MPC_V1,-0.06170551221831033,1.3622978557110201,0.047958850361442984,1186.646216,0,True,True,False,False,False,0.25948110090544674,0.1977755886871364
70008,low,mean,PPO_seed11,0.0,0.0,0.0,0.0,0,True,True,True,True,False,0.25948110090544674,0.25948110090544674
70008,low,mean,PPO_seed23,0.0,0.0,0.0,0.0,0,True,True,True,True,False,0.25948110090544674,0.25948110090544674
70008,low,mean,PPO_seed37,0.0,0.0,0.0,0.0,0,True,True,True,True,False,0.25948110090544674,0.25948110090544674
70008,low,short_context,CPU_REFERENCE,0.0,0.0,0.0,0.0,0,True,True,True,True,False,0.2675853610720935,0.2675853610720935
70008,low,short_context,SPLIT_REFERENCE,0.2636374739105918,1.8432554626492923,0.05416479141391761,130.42854999999997,0,True,False,False,False,False,0.2675853610720935,0.5312228349826853
70008,low,short_context,EFT_REFERENCE,0.0,0.0,0.0,0.0,0,True,True,True,True,False,0.2675853610720935,0.2675853610720935
70008,low,short_context,ECO_EDF_V1,0.0,0.0,0.0,0.0,0,True,True,True,True,False,0.2675853610720935,0.2675853610720935
70008,low,short_context,LLF_EFT_V1,0.0,0.0,0.0,0.0,0,True,True,True,True,False,0.2675853610720935,0.2675853610720935
70008,low,short_context,RESERVED_BACKFILL_V1,0.0,0.0,0.0,0.0,0,True,True,True,True,False,0.2675853610720935,0.2675853610720935
70008,low,short_context,PARETO_MPC_V1,-0.06649299292143951,1.3347755701338748,0.04700989986110926,1186.646216,0,True,True,False,False,False,0.2675853610720935,0.201092368150654
70008,low,short_context,THERMAL_MPC_V1,-0.06649299292143951,1.3347755701338748,0.04700989986110926,1186.646216,0,True,True,False,False,False,0.2675853610720935,0.201092368150654
70008,low,short_context,PPO_seed11,0.0,0.0,0.0,0.0,0,True,True,True,True,False,0.2675853610720935,0.2675853610720935
70008,low,short_context,PPO_seed23,0.0,0.0,0.0,0.0,0,True,True,True,True,False,0.2675853610720935,0.2675853610720935
70008,low,short_context,PPO_seed37,0.0,0.0,0.0,0.0,0,True,True,True,True,False,0.2675853610720935,0.2675853610720935
70008,low,long_context,CPU_REFERENCE,0.0,0.0,0.0,0.0,0,True,True,True,True,False,0.2513768463530539,0.2513768463530539
70008,low,long_context,SPLIT_REFERENCE,0.3074646113606718,1.948899547063668,0.057299127546105666,145.320858,0,True,False,False,False,False,0.2513768463530539,0.5588414577137257
70008,low,long_context,EFT_REFERENCE,0.0,0.0,0.0,0.0,0,True,True,True,True,False,0.2513768463530539,0.2513768463530539
70008,low,long_context,ECO_EDF_V1,0.0,0.0,0.0,0.0,0,True,True,True,True,False,0.2513768463530539,0.2513768463530539
70008,low,long_context,LLF_EFT_V1,0.0,0.0,0.0,0.0,0,True,True,True,True,False,0.2513768463530539,0.2513768463530539
70008,low,long_context,RESERVED_BACKFILL_V1,0.0,0.0,0.0,0.0,0,True,True,True,True,False,0.2513768463530539,0.2513768463530539
70008,low,long_context,PARETO_MPC_V1,-0.05690656578224207,1.3898203262962596,0.04890698132413718,1186.646216,0,True,True,False,False,False,0.2513768463530539,0.19447028057081184
70008,low,long_context,THERMAL_MPC_V1,-0.05690656578224207,1.3898203262962596,0.04890698132413718,1186.646216,0,True,True,False,False,False,0.2513768463530539,0.19447028057081184
70008,low,long_context,PPO_seed11,0.0,0.0,0.0,0.0,0,True,True,True,True,False,0.2513768463530539,0.2513768463530539
70008,low,long_context,PPO_seed23,0.0,0.0,0.0,0.0,0,True,True,True,True,False,0.2513768463530539,0.2513768463530539
70008,low,long_context,PPO_seed37,0.0,0.0,0.0,0.0,0,True,True,True,True,False,0.2513768463530539,0.2513768463530539
70008,queue,mean,CPU_REFERENCE,0.07852067486834358,-1.1688473224163616,-0.052947411005881406,481.191091,-1,False,False,True,False,False,0.18096042260097533,0.2594810974693189
70008,queue,mean,SPLIT_REFERENCE,-0.16895693117695032,2.539509665917393,0.07526298412668098,216.207085,2,True,True,False,False,False,0.18096042260097533,0.012003491424025015
70008,queue,mean,EFT_REFERENCE,0.0,0.0,0.0,0.0,0,True,True,True,True,False,0.18096042260097533,0.18096042260097533
70008,queue,mean,ECO_EDF_V1,0.07852067486834358,-1.1688473224163616,-0.052947411005881406,481.191091,-1,False,False,True,False,False,0.18096042260097533,0.2594810974693189
70008,queue,mean,LLF_EFT_V1,0.0,0.0,0.0,0.0,0,True,True,True,True,False,0.18096042260097533,0.18096042260097533
70008,queue,mean,RESERVED_BACKFILL_V1,-0.09446672317574212,1.393229924492477,0.03383540842345312,216.207085,1,True,True,False,False,False,0.18096042260097533,0.08649369942523322
70008,queue,mean,PARETO_MPC_V1,-5.844356110173976e-10,0.0070663674035849056,0.0034244768210882626,65.06526199999996,0,True,True,False,False,False,0.18096042260097533,0.18096042201653972
70008,queue,mean,THERMAL_MPC_V1,-5.844356110173976e-10,0.0070663674035849056,0.0034244768210882626,65.06526199999996,0,True,True,False,False,False,0.18096042260097533,0.18096042201653972
70008,queue,mean,PPO_seed11,-0.1257100821856909,1.8092604724082264,0.04217250835376518,114.31757599999997,2,True,True,False,False,False,0.18096042260097533,0.05525034041528443
70008,queue,mean,PPO_seed23,-0.1257100821856909,1.8092604724082264,0.04217250835376518,114.31757599999997,2,True,True,False,False,False,0.18096042260097533,0.05525034041528443
70008,queue,mean,PPO_seed37,-0.1257100821856909,1.8092604724082264,0.04217250835376518,114.31757599999997,2,True,True,False,False,False,0.18096042260097533,0.05525034041528443
70008,queue,short_context,CPU_REFERENCE,0.08244618798281067,-1.1380218837695502,-0.05017908845723085,486.467854,-1,False,False,True,False,False,0.18513916634552174,0.2675853543283324
70008,queue,short_context,SPLIT_REFERENCE,-0.1764458294972826,2.4790454828827215,0.07581933132375696,200.76034300000003,2,True,True,False,False,False,0.18513916634552174,0.008693336848239142
70008,queue,short_context,EFT_REFERENCE,0.0,0.0,0.0,0.0,0,True,True,True,True,False,0.18513916634552174,0.18513916634552174
70008,queue,short_context,ECO_EDF_V1,0.08244618798281067,-1.1380218837695502,-0.05017908845723085,486.467854,-1,False,False,True,False,False,0.18513916634552174,0.2675853543283324
70008,queue,short_context,LLF_EFT_V1,0.0,0.0,0.0,0.0,0,True,True,True,True,False,0.18513916634552174,0.18513916634552174
70008,queue,short_context,RESERVED_BACKFILL_V1,-0.09594404834632542,1.3509286835247458,0.032588877442364605,200.76034300000003,1,True,True,False,False,False,0.18513916634552174,0.08919511799919633
70008,queue,short_context,PARETO_MPC_V1,1.2849454833485652e-10,0.0075733435027594,0.003717087825226173,72.511416,0,True,True,False,False,False,0.18513916634552174,0.1851391664740163
70008,queue,short_context,THERMAL_MPC_V1,1.2849454833485652e-10,0.0075733435027594,0.003717087825226173,72.511416,0,True,True,False,False,False,0.18513916634552174,0.1851391664740163
70008,queue,short_context,PPO_seed11,-0.13184827040007008,1.7658572652583935,0.04054792441878874,106.59420500000004,2,True,True,False,False,False,0.18513916634552174,0.053290895945451666
70008,queue,short_context,PPO_seed23,-0.13184827040007008,1.7658572652583935,0.04054792441878874,106.59420500000004,2,True,True,False,False,False,0.18513916634552174,0.053290895945451666
70008,queue,short_context,PPO_seed37,-0.13184827040007008,1.7658572652583935,0.04054792441878874,106.59420500000004,2,True,True,False,False,False,0.18513916634552174,0.053290895945451666
70008,queue,long_context,CPU_REFERENCE,0.07453782292708411,-1.1993963129620298,-0.055630851987132246,475.798878,-1,False,False,True,False,False,0.1768390186924762,0.2513768416195603
70008,queue,long_context,SPLIT_REFERENCE,-0.16145656561039345,2.600020267688489,0.07476203309514418,231.65382700000004,2,True,True,False,False,False,0.1768390186924762,0.015382453082082748
70008,queue,long_context,EFT_REFERENCE,0.0,0.0,0.0,0.0,0,True,True,True,True,False,0.1768390186924762,0.1768390186924762
70008,queue,long_context,ECO_EDF_V1,0.07453782292708411,-1.1993963129620298,-0.055630851987132246,475.798878,-1,False,False,True,False,False,0.1768390186924762,0.2513768416195603
70008,queue,long_context,LLF_EFT_V1,0.0,0.0,0.0,0.0,0,True,True,True,True,False,0.1768390186924762,0.1768390186924762
70008,queue,long_context,RESERVED_BACKFILL_V1,-0.09304673825778309,1.4358047701882768,0.03508494461139122,231.65382700000004,1,True,True,False,False,False,0.1768390186924762,0.08379228043469311
70008,queue,long_context,PARETO_MPC_V1,1.2849454833485652e-10,0.006537207313382254,0.0031307037386874015,57.61910799999998,0,True,True,False,False,False,0.1768390186924762,0.17683901882097075
70008,queue,long_context,THERMAL_MPC_V1,1.2849454833485652e-10,0.006537207313382254,0.0031307037386874015,57.61910799999998,0,True,True,False,False,False,0.1768390186924762,0.17683901882097075
70008,queue,long_context,PPO_seed11,-0.11956042499585351,1.852655319083972,0.04379981739257133,122.04094700000002,1,True,True,False,False,False,0.1768390186924762,0.05727859369662269
70008,queue,long_context,PPO_seed23,-0.11956042499585351,1.852655319083972,0.04379981739257133,122.04094700000002,1,True,True,False,False,False,0.1768390186924762,0.05727859369662269
70008,queue,long_context,PPO_seed37,-0.11956042499585351,1.852655319083972,0.04379981739257133,122.04094700000002,1,True,True,False,False,False,0.1768390186924762,0.05727859369662269
70008,burst,mean,CPU_REFERENCE,0.17298739809046992,-2.496440793894319,-0.08612477198816748,-126.08806800000002,-2,False,False,True,False,False,0.08649369937884899,0.2594810974693189
70008,burst,mean,SPLIT_REFERENCE,0.0028411852798910786,1.019889061194899,0.033176024464196985,272.441548,0,True,False,False,False,False,0.08649369937884899,0.08933488465874007
70008,burst,mean,EFT_REFERENCE,0.0,0.0,0.0,0.0,0,True,True,True,True,False,0.08649369937884899,0.08649369937884899
70008,burst,mean,ECO_EDF_V1,0.17298739809046992,-2.496440793894319,-0.08612477198816748,-126.08806800000002,-2,False,False,True,False,False,0.08649369937884899,0.2594810974693189
70008,burst,mean,LLF_EFT_V1,0.0,0.0,0.0,0.0,0,True,True,True,True,False,0.08649369937884899,0.08649369937884899
70008,burst,mean,RESERVED_BACKFILL_V1,0.0,0.0,0.0,0.0,0,True,True,True,True,False,0.08649369937884899,0.08649369937884899
70008,burst,mean,PARETO_MPC_V1,0.0,0.0010855239145755036,0.015246523745833684,500.0000000000001,-1,False,True,False,False,False,0.08649369937884899,0.08649369937884899
70008,burst,mean,THERMAL_MPC_V1,0.0,0.0010855239145755036,0.015246523745833684,500.0000000000001,-1,False,True,False,False,False,0.08649369937884899,0.08649369937884899
70008,burst,mean,PPO_seed11,0.04608803528745398,0.32662964326624433,0.01542187371878967,134.56684500000006,0,True,False,False,False,False,0.08649369937884899,0.13258173466630296
70008,burst,mean,PPO_seed23,0.04608803528745398,0.32662964326624433,0.01542187371878967,134.56684500000006,0,True,False,False,False,False,0.08649369937884899,0.13258173466630296
70008,burst,mean,PPO_seed37,0.04608803528745398,0.32662964326624433,0.01542187371878967,134.56684500000006,0,True,False,False,False,False,0.08649369937884899,0.13258173466630296
70008,burst,short_context,CPU_REFERENCE,0.1783902366325094,-2.422653629286252,-0.0821283324871942,-125.36493699999994,-2,False,False,True,False,False,0.08919511756732845,0.26758535419983787
70008,burst,short_context,SPLIT_REFERENCE,-0.0054719395455435915,1.0065569230715568,0.032028032581514765,246.16406300000006,0,True,True,False,False,False,0.08919511756732845,0.08372317802178486
70008,burst,short_context,EFT_REFERENCE,0.0,0.0,0.0,0.0,0,True,True,True,True,False,0.08919511756732845,0.08919511756732845
70008,burst,short_context,ECO_EDF_V1,0.1783902366325094,-2.422653629286252,-0.0821283324871942,-125.36493699999994,-2,False,False,True,False,False,0.08919511756732845,0.26758535419983787
70008,burst,short_context,LLF_EFT_V1,0.0,0.0,0.0,0.0,0,True,True,True,True,False,0.08919511756732845,0.08919511756732845
70008,burst,short_context,RESERVED_BACKFILL_V1,0.0,0.0,0.0,0.0,0,True,True,True,True,False,0.08919511756732845,0.08919511756732845
70008,burst,short_context,PARETO_MPC_V1,0.0,0.002141725999187827,0.01684333805109617,500.0000000000001,-1,False,True,False,False,False,0.08919511756732845,0.08919511756732845
70008,burst,short_context,THERMAL_MPC_V1,0.0,0.002141725999187827,0.01684333805109617,500.0000000000001,-1,False,True,False,False,False,0.08919511756732845,0.08919511756732845
70008,burst,short_context,PPO_seed11,0.03912561985507068,0.33257656346268405,0.014911241538964504,115.73551400000008,0,True,False,False,False,False,0.08919511756732845,0.12832073742239913
70008,burst,short_context,PPO_seed23,0.03912561985507068,0.33257656346268405,0.014911241538964504,115.73551400000008,0,True,False,False,False,False,0.08919511756732845,0.12832073742239913
70008,burst,short_context,PPO_seed37,0.03912561985507068,0.33257656346268405,0.014911241538964504,115.73551400000008,0,True,False,False,False,False,0.08919511756732845,0.12832073742239913
70008,burst,long_context,CPU_REFERENCE,0.16570940499343578,-2.5621850664582304,-0.08999835045656113,-133.06522100000007,-2,False,False,True,False,False,0.08566743662612453,0.2513768416195603
70008,burst,long_context,SPLIT_REFERENCE,0.009347961991835518,1.0412873028348884,0.03436705871531842,292.657428,0,True,False,False,False,False,0.08566743662612453,0.09501539861796005
70008,burst,long_context,EFT_REFERENCE,0.0,0.0,0.0,0.0,0,True,True,True,True,False,0.08566743662612453,0.08566743662612453
70008,burst,long_context,ECO_EDF_V1,0.16570940499343578,-2.5621850664582304,-0.08999835045656113,-133.06522100000007,-2,False,False,True,False,False,0.08566743662612453,0.2513768416195603
70008,burst,long_context,LLF_EFT_V1,0.0,0.0,0.0,0.0,0,True,True,True,True,False,0.08566743662612453,0.08566743662612453
70008,burst,long_context,RESERVED_BACKFILL_V1,0.0,0.0,0.0,0.0,0,True,True,True,True,False,0.08566743662612453,0.08566743662612453
70008,burst,long_context,PARETO_MPC_V1,0.0,-0.00042694474208104793,0.012952647434424591,500.0,-1,False,True,False,False,False,0.08566743662612453,0.08566743662612453
70008,burst,long_context,THERMAL_MPC_V1,0.0,-0.00042694474208104793,0.012952647434424591,500.0,-1,False,True,False,False,False,0.08566743662612453,0.08566743662612453
70008,burst,long_context,PPO_seed11,0.0,0.0,0.0,0.0,0,True,True,True,True,False,0.08566743662612453,0.08566743662612453
70008,burst,long_context,PPO_seed23,0.0,0.0,0.0,0.0,0,True,True,True,True,False,0.08566743662612453,0.08566743662612453
70008,burst,long_context,PPO_seed37,0.0,0.0,0.0,0.0,0,True,True,True,True,False,0.08566743662612453,0.08566743662612453
70008,sustained,mean,CPU_REFERENCE,1.7824986850513653,-33.6131311437355,-0.4388804269506892,395.11784399999993,0,True,False,True,False,False,2.369198883642582,4.1516975686939475
70008,sustained,mean,SPLIT_REFERENCE,1.1515342147465617,20.469128303760783,0.2663483885255076,0.0,0,True,False,False,False,False,2.369198883642582,3.520733098389144
70008,sustained,mean,EFT_REFERENCE,0.0,0.0,0.0,0.0,0,True,True,True,True,False,2.369198883642582,2.369198883642582
70008,sustained,mean,ECO_EDF_V1,1.7824986850513653,-33.6131311437355,-0.4388804269506892,395.11784399999993,0,True,False,True,False,False,2.369198883642582,4.1516975686939475
70008,sustained,mean,LLF_EFT_V1,0.0,0.0,0.0,0.0,0,True,True,True,True,False,2.369198883642582,2.369198883642582
70008,sustained,mean,RESERVED_BACKFILL_V1,0.0,0.0,0.0,0.0,0,True,True,True,True,False,2.369198883642582,2.369198883642582
70008,sustained,mean,PARETO_MPC_V1,-1.6494442260139408,24.096250362127194,0.34037245411457917,1731.277031,-8,False,True,False,False,False,2.369198883642582,0.7197546576286413
70008,sustained,mean,THERMAL_MPC_V1,-1.6494442260139408,24.096250362127194,0.34037245411457917,1731.277031,-8,False,True,False,False,False,2.369198883642582,0.7197546576286413
70008,sustained,mean,PPO_seed11,-0.22862915799231587,11.091723209516346,0.14688205877643412,0.0,0,True,True,False,False,False,2.369198883642582,2.1405697256502663
70008,sustained,mean,PPO_seed23,0.6360103808490862,-7.710713536203542,-0.10764826280426831,406.45114699999993,0,True,False,True,False,False,2.369198883642582,3.0052092644916684
70008,sustained,mean,PPO_seed37,0.6745403448172169,-11.404946126040727,-0.3219255421819902,344.668301,0,True,False,True,False,False,2.369198883642582,3.043739228459799
70008,sustained,short_context,CPU_REFERENCE,1.8014808055165759,-32.00831222696047,-0.4150457029061485,421.14505700000007,0,True,False,True,False,False,2.479884864403573,4.281365669920149
70008,sustained,short_context,SPLIT_REFERENCE,0.9287008140624948,20.73289131749027,0.2735610310258849,0.0,0,True,False,False,False,False,2.479884864403573,3.4085856784660677
70008,sustained,short_context,EFT_REFERENCE,0.0,0.0,0.0,0.0,0,True,True,True,True,False,2.479884864403573,2.479884864403573
70008,sustained,short_context,ECO_EDF_V1,1.8014808056450988,-32.00831222444688,-0.4150457028698611,421.14505700000007,0,True,False,True,False,False,2.479884864403573,4.281365670048672
70008,sustained,short_context,LLF_EFT_V1,0.0,0.0,0.0,0.0,0,True,True,True,True,False,2.479884864403573,2.479884864403573
70008,sustained,short_context,RESERVED_BACKFILL_V1,0.0,0.0,0.0,0.0,0,True,True,True,True,False,2.479884864403573,2.479884864403573
70008,sustained,short_context,PARETO_MPC_V1,-1.740604914852213,24.187326205434317,0.3442546906038757,1729.10764,-8,False,True,False,False,False,2.479884864403573,0.73927994955136
70008,sustained,short_context,THERMAL_MPC_V1,-1.740604914852213,24.187326205434317,0.3442546906038757,1729.10764,-8,False,True,False,False,False,2.479884864403573,0.73927994955136
70008,sustained,short_context,PPO_seed11,-0.34554697650531807,11.614663473731099,0.15730047490758636,0.0,0,True,True,False,False,False,2.479884864403573,2.134337887898255
70008,sustained,short_context,PPO_seed23,0.5947458586935284,-6.818737987140821,-0.09124280656962824,406.451147,0,True,False,True,False,False,2.479884864403573,3.0746307230971013
70008,sustained,short_context,PPO_seed37,0.6356195639525595,-10.343218857008878,-0.3033472072109902,363.267292,0,True,False,True,False,False,2.479884864403573,3.1155044283561324
70008,sustained,long_context,CPU_REFERENCE,1.67971941047918,-34.31580643425963,-0.4486311141957309,412.31111300000003,0,True,False,True,False,False,2.3423100540787516,4.0220294645579315
70008,sustained,long_context,SPLIT_REFERENCE,1.29133882069641,21.08380492240184,0.27337681251849233,0.0,0,True,False,False,False,False,2.3423100540787516,3.6336488747751616
70008,sustained,long_context,EFT_REFERENCE,0.0,0.0,0.0,0.0,0,True,True,True,True,False,2.3423100540787516,2.3423100540787516
70008,sustained,long_context,ECO_EDF_V1,1.679719410350657,-34.31580643681724,-0.4486311142293715,412.31111300000003,0,True,False,True,False,False,2.3423100540787516,4.022029464429409
70008,sustained,long_context,LLF_EFT_V1,0.0,0.0,0.0,0.0,0,True,True,True,True,False,2.3423100540787516,2.3423100540787516
70008,sustained,long_context,RESERVED_BACKFILL_V1,0.0,0.0,0.0,0.0,0,True,True,True,True,False,2.3423100540787516,2.3423100540787516
70008,sustained,long_context,PARETO_MPC_V1,-1.5897747324329714,24.22153312275742,0.35367520214403925,1968.869606,-13,False,True,False,False,False,2.3423100540787516,0.7525353216457802
70008,sustained,long_context,THERMAL_MPC_V1,-1.5897747324329714,24.22153312275742,0.35367520214403925,1968.869606,-13,False,True,False,False,False,2.3423100540787516,0.7525353216457802
70008,sustained,long_context,PPO_seed11,-0.1947401342135322,11.447268916188364,0.1507035716762246,0.0,0,True,True,False,False,False,2.3423100540787516,2.1475699198652194
70008,sustained,long_context,PPO_seed23,0.5941772980482085,-7.724015802398611,-0.10979193538040022,406.45114700000005,0,True,False,True,False,False,2.3423100540787516,2.93648735212696
70008,sustained,long_context,PPO_seed37,0.6299850774706783,-11.579216398748514,-0.3261784138966206,341.330028,0,True,False,True,False,False,2.3423100540787516,2.97229513154943
