id,mode,model,t_s,observed_ap_c,predicted_ap_c,signed_ap_c,observed_energy_j,predicted_energy_j
confirmation_0,A_conditional,FROZEN,36.052242,30.3,30.392482059359402,0.09248205935940135,,
confirmation_0,A_conditional,FROZEN,39.187242,30.4,30.673947746043872,0.2739477460438735,,
confirmation_0,A_conditional,FROZEN,42.192242,30.4,30.91982848368088,0.5198284836808824,,
confirmation_0,A_conditional,FROZEN,45.482242,30.4,31.145411448499814,0.7454114484998158,,
confirmation_0,A_conditional,FROZEN,48.157242,31.9,31.316103981683753,-0.5838960183162456,,
confirmation_0,A_conditional,FROZEN,51.217242,31.9,31.481528115112408,-0.418471884887591,,
confirmation_0,A_conditional,FROZEN,54.282242,31.9,31.61390440830191,-0.2860955916980892,,
confirmation_0,A_conditional,FROZEN,57.147242,32.3,31.754559166277428,-0.5454408337225694,,
confirmation_0,A_conditional,FROZEN,60.212242,32.3,31.8586602774431,-0.44133972255689713,,
confirmation_0,A_conditional,FROZEN,62.767242,32.3,31.95437538183468,-0.3456246181653171,,
confirmation_0,A_conditional,FROZEN,65.762242,32.3,32.02517232285608,-0.274827677143918,,
confirmation_0,A_conditional,FROZEN,68.437242,32.5,32.11060821208311,-0.38939178791689244,,
confirmation_0,A_conditional,FROZEN,71.517242,32.5,32.241894271225604,-0.25810572877439597,,
confirmation_0,A_conditional,FROZEN,74.507242,32.5,32.19812686635935,-0.3018731336406475,,
confirmation_0,A_conditional,FROZEN,77.552242,31.8,31.98127343529399,0.18127343529398843,,
confirmation_0,A_conditional,FROZEN,80.627242,31.8,31.791542056632977,-0.008457943367023546,,
confirmation_0,A_conditional,FROZEN,83.692242,31.8,31.62779516468872,-0.1722048353112804,,
confirmation_0,A_conditional,FROZEN,86.767242,31.8,31.485567085489425,-0.31443291451057576,,
confirmation_0,A_conditional,FROZEN,89.522242,30.9,31.374473290297004,0.4744732902970057,,
confirmation_0,A_conditional,FROZEN,92.482242,30.9,31.27011454350479,0.37011454350479056,,
confirmation_0,A_conditional,FROZEN,95.572242,30.9,31.175628559168704,0.2756285591687053,,
confirmation_0,A_conditional,FROZEN,98.537242,30.7,31.097027546796568,0.3970275467965685,,
confirmation_0,A_conditional,FROZEN,101.297242,30.7,31.03311210444105,0.33311210444104944,,
confirmation_0,A_conditional,FROZEN,104.372242,30.7,30.97105899418049,0.27105899418048907,,
confirmation_0,A_conditional,FROZEN,107.452242,30.6,30.91732342412244,0.3173234241224385,,
confirmation_0,A_conditional,FROZEN,110.427242,30.6,30.87235445417399,0.27235445417398907,,
confirmation_0,A_conditional,FROZEN,113.072242,30.6,30.83736658082422,0.2373665808242187,,
confirmation_0,A_conditional,FROZEN,116.142242,30.6,30.801900268376574,0.2019002683765727,,
confirmation_0,A_conditional,FROZEN,119.267242,30.5,30.770740655349215,0.2707406553492149,,
confirmation_0,A_conditional,FROZEN,122.202242,30.5,30.745409597043835,0.24540959704383525,,
confirmation_0,A_conditional,FROZEN,125.357242,30.5,30.721856918417835,0.22185691841783495,,
confirmation_0,A_conditional,FROZEN,127.957242,30.5,30.704944776543595,0.204944776543595,,
confirmation_0,A_conditional,FROZEN,131.007242,30.5,30.687609204035375,0.1876092040353754,,
confirmation_0,A_conditional,FROZEN,133.857242,30.5,30.67354735757813,0.1735473575781299,,
confirmation_0,A_conditional,FROZEN,136.442242,30.5,30.662354382481695,0.16235438248169487,,
confirmation_0,A_conditional,FROZEN,139.417242,30.4,30.6510823544745,0.25108235447450156,,
confirmation_0,A_conditional,FROZEN,142.782242,30.4,30.640136120079386,0.2401361200793879,,
confirmation_0,A_conditional,FROZEN,145.562242,30.4,30.632342585807088,0.2323425858070891,,
confirmation_0,A_conditional,FROZEN,148.547242,30.4,30.625063240448192,0.22506324044819337,,
confirmation_0,A_conditional,FROZEN,151.527242,30.4,30.618775058452293,0.2187750584522945,,
confirmation_0,A_conditional,FROZEN,154.467242,30.4,30.61340314883179,0.2134031488317909,,
confirmation_0,A_conditional,FROZEN,157.532242,30.5,30.60856517587058,0.10856517587058079,,
confirmation_0,A_conditional,FROZEN,160.482242,30.5,30.604545752702883,0.10454575270288302,,
confirmation_0,A_conditional,FROZEN,163.062242,30.5,30.601476749329244,0.10147674932924389,,
confirmation_0,A_conditional,FROZEN,165.942242,30.5,30.598480720073734,0.09848072007373432,,
confirmation_0,A_conditional,FROZEN,168.892242,30.4,30.59582268523175,0.19582268523175017,,
confirmation_0,A_conditional,FROZEN,171.967242,30.4,30.59343553412193,0.1934355341219316,,
confirmation_0,A_conditional,FROZEN,174.837242,30.4,30.591513510590918,0.19151351059091937,,
confirmation_0,A_conditional,FROZEN,177.937242,30.4,30.589724215141597,0.18972421514159876,,
confirmation_0,A_conditional,FROZEN,0,,,,0.0,0.0
confirmation_0,A_conditional,FROZEN,1,,,,1.1820432648790806,1.096588014921437
confirmation_0,A_conditional,FROZEN,2,,,,2.502777280195452,2.193176029842874
confirmation_0,A_conditional,FROZEN,3,,,,3.410448052878893,3.2897640447643113
confirmation_0,A_conditional,FROZEN,4,,,,5.043326733896507,4.386352059685748
confirmation_0,A_conditional,FROZEN,5,,,,6.470322407697982,5.4829400746071855
confirmation_0,A_conditional,FROZEN,6,,,,7.51573052516004,6.579528089528623
confirmation_0,A_conditional,FROZEN,7,,,,8.287312740093256,7.67611610445006
confirmation_0,A_conditional,FROZEN,8,,,,9.198006091219511,8.772704119371497
confirmation_0,A_conditional,FROZEN,9,,,,10.16470465928708,9.869292134292934
confirmation_0,A_conditional,FROZEN,10,,,,11.089109932218914,10.965880149214371
confirmation_0,A_conditional,FROZEN,11,,,,12.280002273556539,12.062468164135808
confirmation_0,A_conditional,FROZEN,12,,,,13.775839263273385,13.159056179057245
confirmation_0,A_conditional,FROZEN,13,,,,14.875431525718508,14.255644193978682
confirmation_0,A_conditional,FROZEN,14,,,,15.768028743267056,15.35223220890012
confirmation_0,A_conditional,FROZEN,15,,,,16.777994315927714,16.448820223821556
confirmation_0,A_conditional,FROZEN,16,,,,18.08311280973177,17.545408238742993
confirmation_0,A_conditional,FROZEN,17,,,,18.816970461642537,18.64199625366443
confirmation_0,A_conditional,FROZEN,18,,,,19.657095427082606,19.738584268585868
confirmation_0,A_conditional,FROZEN,19,,,,20.840241345762976,20.835172283507305
confirmation_0,A_conditional,FROZEN,20,,,,21.991919402498752,21.931760298428742
confirmation_0,A_conditional,FROZEN,21,,,,23.174724225969122,23.02834831335018
confirmation_0,A_conditional,FROZEN,22,,,,24.229064280832063,24.124936328271616
confirmation_0,A_conditional,FROZEN,23,,,,25.27680027036201,25.221524343193053
confirmation_0,A_conditional,FROZEN,24,,,,26.365021951296708,26.31811235811449
confirmation_0,A_conditional,FROZEN,25,,,,27.4101172008555,27.414700373035927
confirmation_0,A_conditional,FROZEN,26,,,,28.576198591897242,28.511288387957364
confirmation_0,A_conditional,FROZEN,27,,,,29.37654734187424,29.6078764028788
confirmation_0,A_conditional,FROZEN,28,,,,30.099136579388812,30.70446441780024
confirmation_0,A_conditional,FROZEN,29,,,,31.01781031560426,31.801052432721676
confirmation_0,A_conditional,FROZEN,30,,,,31.934218016339944,32.89764044764311
confirmation_0,A_conditional,FROZEN,31,,,,32.86298980472093,33.99422846256455
confirmation_0,A_conditional,FROZEN,32,,,,33.864975062984804,35.09081647748599
confirmation_0,A_conditional,FROZEN,33,,,,35.17445254641566,36.187404492407424
confirmation_0,A_conditional,FROZEN,34,,,,36.24443923603664,37.28399250732886
confirmation_0,A_conditional,FROZEN,35,,,,37.40080368209368,38.3805805222503
confirmation_0,A_conditional,FROZEN,36,,,,38.78798225545158,40.04999232264661
confirmation_0,A_conditional,FROZEN,37,,,,40.74083609943316,41.81430806677047
confirmation_0,A_conditional,FROZEN,38,,,,42.74469654754167,43.597402953579625
confirmation_0,A_conditional,FROZEN,39,,,,44.95104444623622,45.35568166526863
confirmation_0,A_conditional,FROZEN,40,,,,46.89004490561734,47.14026068339536
confirmation_0,A_conditional,FROZEN,41,,,,48.87745823364562,48.9077267614863
confirmation_0,A_conditional,FROZEN,42,,,,50.47179633166088,50.68226346246994
confirmation_0,A_conditional,FROZEN,43,,,,51.965022767943026,52.466801064897524
confirmation_0,A_conditional,FROZEN,44,,,,53.45824771549802,54.25086728424283
confirmation_0,A_conditional,FROZEN,45,,,,54.76211985826075,56.005179527957125
confirmation_0,A_conditional,FROZEN,46,,,,56.22937054381897,57.77406261028
confirmation_0,A_conditional,FROZEN,47,,,,58.31297609969718,59.55842048763363
confirmation_0,A_conditional,FROZEN,48,,,,60.3850925512969,61.342237920436034
confirmation_0,A_conditional,FROZEN,49,,,,62.07440634161544,63.105567210397844
confirmation_0,A_conditional,FROZEN,50,,,,63.989144831075976,64.86255552495498
confirmation_0,A_conditional,FROZEN,51,,,,65.55099243373358,66.64791127208464
confirmation_0,A_conditional,FROZEN,52,,,,67.55685166856733,68.43018516732192
confirmation_0,A_conditional,FROZEN,53,,,,69.6398724852015,70.21454726999514
confirmation_0,A_conditional,FROZEN,54,,,,71.37555363133087,71.9701256644261
confirmation_0,A_conditional,FROZEN,55,,,,73.13846811100429,73.73522310718538
confirmation_0,A_conditional,FROZEN,56,,,,74.36503041568865,75.51954190736703
confirmation_0,A_conditional,FROZEN,57,,,,76.10526682912248,77.30231189268194
confirmation_0,A_conditional,FROZEN,58,,,,77.80700955950223,79.07612287550278
confirmation_0,A_conditional,FROZEN,59,,,,79.26098904810613,80.83152554254998
confirmation_0,A_conditional,FROZEN,60,,,,81.1697348253158,82.61079625680905
confirmation_0,A_conditional,FROZEN,61,,,,82.89358074734615,84.3947105002179
confirmation_0,A_conditional,FROZEN,62,,,,84.56617630329208,86.17885003877458
confirmation_0,A_conditional,FROZEN,63,,,,85.96986531704911,87.93837814808049
confirmation_0,A_conditional,FROZEN,64,,,,87.97092197430388,89.69717131360102
confirmation_0,A_conditional,FROZEN,65,,,,89.89010128342039,91.4822322822009
confirmation_0,A_conditional,FROZEN,66,,,,91.57792021171907,93.2660148901058
confirmation_0,A_conditional,FROZEN,67,,,,93.18693434341287,95.0416926230908
confirmation_0,A_conditional,FROZEN,68,,,,94.50385119449021,96.81157654710934
confirmation_0,A_conditional,FROZEN,69,,,,96.59439514626443,98.5976391023071
confirmation_0,A_conditional,FROZEN,70,,,,98.72754415406067,100.40296896680034
confirmation_0,A_conditional,FROZEN,71,,,,100.54136642789868,102.21030039856728
confirmation_0,A_conditional,FROZEN,72,,,,102.23754085695487,104.01593824633723
confirmation_0,A_conditional,FROZEN,73,,,,104.26757527398935,105.82341297549753
confirmation_0,A_conditional,FROZEN,74,,,,105.51780027227935,106.9774437915456
confirmation_0,A_conditional,FROZEN,75,,,,106.59717866945242,108.07403180646703
confirmation_0,A_conditional,FROZEN,76,,,,107.62892597035196,109.17061982138847
confirmation_0,A_conditional,FROZEN,77,,,,108.58560293385395,110.26720783630991
confirmation_0,A_conditional,FROZEN,78,,,,109.69504158163731,111.36379585123134
confirmation_0,A_conditional,FROZEN,79,,,,110.52845761136194,112.46038386615278
confirmation_0,A_conditional,FROZEN,80,,,,111.44731826299252,113.55697188107422
confirmation_0,A_conditional,FROZEN,81,,,,112.39139563991525,114.65355989599566
confirmation_0,A_conditional,FROZEN,82,,,,113.33780384606673,115.7501479109171
confirmation_0,A_conditional,FROZEN,83,,,,114.67386435337976,116.84673592583853
confirmation_0,A_conditional,FROZEN,84,,,,116.04817626433832,117.94332394075997
confirmation_0,A_conditional,FROZEN,85,,,,116.98722844805711,119.0399119556814
confirmation_0,A_conditional,FROZEN,86,,,,117.76464656690183,120.13649997060284
confirmation_0,A_conditional,FROZEN,87,,,,118.57128483868047,121.23308798552428
confirmation_0,A_conditional,FROZEN,88,,,,119.51292982862584,122.32967600044572
confirmation_0,A_conditional,FROZEN,89,,,,120.66349088400386,123.42626401536715
confirmation_0,A_conditional,FROZEN,90,,,,121.50381934511117,124.52285203028859
confirmation_0,A_conditional,FROZEN,91,,,,122.78319137893108,125.61944004521003
confirmation_0,A_conditional,FROZEN,92,,,,123.84184945751912,126.71602806013146
confirmation_0,A_conditional,FROZEN,93,,,,124.70418392480607,127.8126160750529
confirmation_0,A_conditional,FROZEN,94,,,,125.62986469357031,128.90920408997434
confirmation_0,A_conditional,FROZEN,95,,,,127.05624315612863,130.00579210489576
confirmation_0,A_conditional,FROZEN,96,,,,128.13977905964842,131.1023801198172
confirmation_0,A_conditional,FROZEN,97,,,,129.10681876488502,132.19896813473864
confirmation_0,A_conditional,FROZEN,98,,,,130.32613253095334,133.2955561496601
confirmation_0,A_conditional,FROZEN,99,,,,131.7115665995645,134.3921441645815
confirmation_0,A_conditional,FROZEN,100,,,,133.64756964855025,135.48873217950296
confirmation_0,A_conditional,FROZEN,101,,,,134.64694456852547,136.58532019442438
confirmation_0,A_conditional,FROZEN,102,,,,135.66288642942575,137.68190820934583
confirmation_0,A_conditional,FROZEN,103,,,,136.64292762847015,138.77849622426726
confirmation_0,A_conditional,FROZEN,104,,,,137.72646481011338,139.8750842391887
confirmation_0,A_conditional,FROZEN,105,,,,138.82166405606048,140.97167225411013
confirmation_0,A_conditional,FROZEN,106,,,,140.04008968172514,142.06826026903158
confirmation_0,A_conditional,FROZEN,107,,,,140.79725373936014,143.164848283953
confirmation_0,A_conditional,FROZEN,108,,,,141.6626882184016,144.26143629887446
confirmation_0,A_conditional,FROZEN,109,,,,142.53297087682503,145.35802431379588
confirmation_0,A_conditional,FROZEN,110,,,,143.4368458720426,146.45461232871733
confirmation_0,A_conditional,FROZEN,111,,,,144.39185453175634,147.55120034363875
confirmation_0,A_conditional,FROZEN,112,,,,145.40958590711452,148.6477883585602
confirmation_0,A_conditional,FROZEN,113,,,,146.62896915852414,149.74437637348163
confirmation_0,A_conditional,FROZEN,114,,,,147.65065558519967,150.84096438840308
confirmation_0,A_conditional,FROZEN,115,,,,148.45413207206906,151.9375524033245
confirmation_0,A_conditional,FROZEN,116,,,,149.36369034034004,153.03414041824595
confirmation_0,A_conditional,FROZEN,117,,,,150.29827055947925,154.1307284331674
confirmation_0,A_conditional,FROZEN,118,,,,151.25029725540944,155.22731644808883
confirmation_0,A_conditional,FROZEN,119,,,,152.25349827214052,156.32390446301025
confirmation_0,A_conditional,FROZEN,120,,,,153.14867253232077,157.4204924779317
confirmation_0,A_conditional,JOINT,36.052242,30.3,30.396096915346472,0.09609691534647169,,
confirmation_0,A_conditional,JOINT,39.187242,30.4,30.705348220358804,0.3053482203588054,,
confirmation_0,A_conditional,JOINT,42.192242,30.4,30.964736846365362,0.5647368463653635,,
confirmation_0,A_conditional,JOINT,45.482242,30.4,31.190379235944597,0.7903792359445987,,
confirmation_0,A_conditional,JOINT,48.157242,31.9,31.355693255157767,-0.5443067448422312,,
confirmation_0,A_conditional,JOINT,51.217242,31.9,31.50797089706785,-0.392029102932149,,
confirmation_0,A_conditional,JOINT,54.282242,31.9,31.62034621557882,-0.2796537844211784,,
confirmation_0,A_conditional,JOINT,57.147242,32.3,31.74616091662097,-0.5538390833790281,,
confirmation_0,A_conditional,JOINT,60.212242,32.3,31.826912886122074,-0.47308711387792357,,
confirmation_0,A_conditional,JOINT,62.767242,32.3,31.906143710511834,-0.39385628948816276,,
confirmation_0,A_conditional,JOINT,65.762242,32.3,31.951999024937276,-0.3480009750627211,,
confirmation_0,A_conditional,JOINT,68.437242,32.5,32.0209571604388,-0.4790428395612025,,
confirmation_0,A_conditional,JOINT,71.517242,32.5,32.14014360976878,-0.3598563902312222,,
confirmation_0,A_conditional,JOINT,74.507242,32.5,32.05413819125277,-0.4458618087472317,,
confirmation_0,A_conditional,JOINT,77.552242,31.8,31.776194538479864,-0.023805461520137072,,
confirmation_0,A_conditional,JOINT,80.627242,31.8,31.543049496442183,-0.25695050355781746,,
confirmation_0,A_conditional,JOINT,83.692242,31.8,31.350174821844185,-0.449825178155816,,
confirmation_0,A_conditional,JOINT,86.767242,31.8,31.18959642974948,-0.6104035702505222,,
confirmation_0,A_conditional,JOINT,89.522242,30.9,31.069135176221877,0.16913517622187868,,
confirmation_0,A_conditional,JOINT,92.482242,30.9,30.960356209879752,0.06035620987975321,,
confirmation_0,A_conditional,JOINT,95.572242,30.9,30.865907812393605,-0.034092187606393765,,
confirmation_0,A_conditional,JOINT,98.537242,30.7,30.790576935959873,0.0905769359598736,,
confirmation_0,A_conditional,JOINT,101.297242,30.7,30.73171794667765,0.031717946677652264,,
confirmation_0,A_conditional,JOINT,104.372242,30.7,30.67684779439923,-0.023152205600769804,,
confirmation_0,A_conditional,JOINT,107.452242,30.6,30.631336009462505,0.031336009462503256,,
confirmation_0,A_conditional,JOINT,110.427242,30.6,30.59483675788666,-0.005163242113340516,,
confirmation_0,A_conditional,JOINT,113.072242,30.6,30.567545473499656,-0.03245452650034508,,
confirmation_0,A_conditional,JOINT,116.142242,30.6,30.540974388021056,-0.05902561197894585,,
confirmation_0,A_conditional,JOINT,119.267242,30.5,30.518636562242555,0.0186365622425555,,
confirmation_0,A_conditional,JOINT,122.202242,30.5,30.501249664032958,0.0012496640329580089,,
confirmation_0,A_conditional,JOINT,125.357242,30.5,30.48577650847953,-0.014223491520471754,,
confirmation_0,A_conditional,JOINT,127.957242,30.5,30.475122915684263,-0.024877084315736653,,
confirmation_0,A_conditional,JOINT,131.007242,30.5,30.464643254193547,-0.035356745806453205,,
confirmation_0,A_conditional,JOINT,133.857242,30.5,30.456505687693525,-0.043494312306474825,,
confirmation_0,A_conditional,JOINT,136.442242,30.5,30.450286214619496,-0.049713785380504305,,
confirmation_0,A_conditional,JOINT,139.417242,30.4,30.444278956851957,0.04427895685195793,,
confirmation_0,A_conditional,JOINT,142.782242,30.4,30.43871993239768,0.03871993239768301,,
confirmation_0,A_conditional,JOINT,145.562242,30.4,30.434946916688407,0.034946916688408436,,
confirmation_0,A_conditional,JOINT,148.547242,30.4,30.431578863771872,0.031578863771873245,,
confirmation_0,A_conditional,JOINT,151.527242,30.4,30.428805120105316,0.028805120105317883,,
confirmation_0,A_conditional,JOINT,154.467242,30.4,30.426547417621446,0.026547417621447522,,
confirmation_0,A_conditional,JOINT,157.532242,30.5,30.42461341803448,-0.07538658196552106,,
confirmation_0,A_conditional,JOINT,160.482242,30.5,30.42308731196954,-0.07691268803046114,,
confirmation_0,A_conditional,JOINT,163.062242,30.5,30.421977489115367,-0.07802251088463308,,
confirmation_0,A_conditional,JOINT,165.942242,30.5,30.42094604906016,-0.07905395093984069,,
confirmation_0,A_conditional,JOINT,168.892242,30.4,30.420079337382806,0.020079337382806983,,
confirmation_0,A_conditional,JOINT,171.967242,30.4,30.419344959486885,0.019344959486886637,,
confirmation_0,A_conditional,JOINT,174.837242,30.4,30.418788121911422,0.018788121911423872,,
confirmation_0,A_conditional,JOINT,177.937242,30.4,30.41830133261374,0.018301332613742005,,
confirmation_0,A_conditional,JOINT,0,,,,0.0,0.0
confirmation_0,A_conditional,JOINT,1,,,,1.1820432648790806,1.096588014921437
confirmation_0,A_conditional,JOINT,2,,,,2.502777280195452,2.193176029842874
confirmation_0,A_conditional,JOINT,3,,,,3.410448052878893,3.2897640447643113
confirmation_0,A_conditional,JOINT,4,,,,5.043326733896507,4.386352059685748
confirmation_0,A_conditional,JOINT,5,,,,6.470322407697982,5.4829400746071855
confirmation_0,A_conditional,JOINT,6,,,,7.51573052516004,6.579528089528623
confirmation_0,A_conditional,JOINT,7,,,,8.287312740093256,7.67611610445006
confirmation_0,A_conditional,JOINT,8,,,,9.198006091219511,8.772704119371497
confirmation_0,A_conditional,JOINT,9,,,,10.16470465928708,9.869292134292934
confirmation_0,A_conditional,JOINT,10,,,,11.089109932218914,10.965880149214371
confirmation_0,A_conditional,JOINT,11,,,,12.280002273556539,12.062468164135808
confirmation_0,A_conditional,JOINT,12,,,,13.775839263273385,13.159056179057245
confirmation_0,A_conditional,JOINT,13,,,,14.875431525718508,14.255644193978682
confirmation_0,A_conditional,JOINT,14,,,,15.768028743267056,15.35223220890012
confirmation_0,A_conditional,JOINT,15,,,,16.777994315927714,16.448820223821556
confirmation_0,A_conditional,JOINT,16,,,,18.08311280973177,17.545408238742993
confirmation_0,A_conditional,JOINT,17,,,,18.816970461642537,18.64199625366443
confirmation_0,A_conditional,JOINT,18,,,,19.657095427082606,19.738584268585868
confirmation_0,A_conditional,JOINT,19,,,,20.840241345762976,20.835172283507305
confirmation_0,A_conditional,JOINT,20,,,,21.991919402498752,21.931760298428742
confirmation_0,A_conditional,JOINT,21,,,,23.174724225969122,23.02834831335018
confirmation_0,A_conditional,JOINT,22,,,,24.229064280832063,24.124936328271616
confirmation_0,A_conditional,JOINT,23,,,,25.27680027036201,25.221524343193053
confirmation_0,A_conditional,JOINT,24,,,,26.365021951296708,26.31811235811449
confirmation_0,A_conditional,JOINT,25,,,,27.4101172008555,27.414700373035927
confirmation_0,A_conditional,JOINT,26,,,,28.576198591897242,28.511288387957364
confirmation_0,A_conditional,JOINT,27,,,,29.37654734187424,29.6078764028788
confirmation_0,A_conditional,JOINT,28,,,,30.099136579388812,30.70446441780024
confirmation_0,A_conditional,JOINT,29,,,,31.01781031560426,31.801052432721676
confirmation_0,A_conditional,JOINT,30,,,,31.934218016339944,32.89764044764311
confirmation_0,A_conditional,JOINT,31,,,,32.86298980472093,33.99422846256455
confirmation_0,A_conditional,JOINT,32,,,,33.864975062984804,35.09081647748599
confirmation_0,A_conditional,JOINT,33,,,,35.17445254641566,36.187404492407424
confirmation_0,A_conditional,JOINT,34,,,,36.24443923603664,37.28399250732886
confirmation_0,A_conditional,JOINT,35,,,,37.40080368209368,38.3805805222503
confirmation_0,A_conditional,JOINT,36,,,,38.78798225545158,40.04462091180661
confirmation_0,A_conditional,JOINT,37,,,,40.74083609943316,41.80091703237852
confirmation_0,A_conditional,JOINT,38,,,,42.74469654754167,43.57987610495082
confirmation_0,A_conditional,JOINT,39,,,,44.95104444623622,45.32872912707548
confirmation_0,A_conditional,JOINT,40,,,,46.89004490561734,47.109517861608225
confirmation_0,A_conditional,JOINT,41,,,,48.87745823364562,48.86977667124218
confirmation_0,A_conditional,JOINT,42,,,,50.47179633166088,50.63880620113222
confirmation_0,A_conditional,JOINT,43,,,,51.965022767943026,52.419546032859586
confirmation_0,A_conditional,JOINT,44,,,,53.45824771549802,54.19976445528172
confirmation_0,A_conditional,JOINT,45,,,,54.76211985826075,55.94417948108913
confirmation_0,A_conditional,JOINT,46,,,,56.22937054381897,57.70612920664699
confirmation_0,A_conditional,JOINT,47,,,,58.31297609969718,59.48665578637111
confirmation_0,A_conditional,JOINT,48,,,,60.3850925512969,61.26660419212267
confirmation_0,A_conditional,JOINT,49,,,,62.07440634161544,63.02185374007768
confirmation_0,A_conditional,JOINT,50,,,,63.989144831075976,64.76965177146101
confirmation_0,A_conditional,JOINT,51,,,,65.55099243373358,66.55135703817314
confirmation_0,A_conditional,JOINT,52,,,,67.55685166856733,68.32930977853667
confirmation_0,A_conditional,JOINT,53,,,,69.6398724852015,70.10984079270578
confirmation_0,A_conditional,JOINT,54,,,,71.37555363133087,71.85588267778753
confirmation_0,A_conditional,JOINT,55,,,,73.13846811100429,73.61327338175984
confirmation_0,A_conditional,JOINT,56,,,,74.36503041568865,75.393756140116
confirmation_0,A_conditional,JOINT,57,,,,76.10526682912248,77.17260189321287
confirmation_0,A_conditional,JOINT,58,,,,77.80700955950223,78.94069337519807
confirmation_0,A_conditional,JOINT,59,,,,79.26098904810613,80.68604465765654
confirmation_0,A_conditional,JOINT,60,,,,81.1697348253158,82.46068740049732
confirmation_0,A_conditional,JOINT,61,,,,82.89358074734615,84.24063673021634
confirmation_0,A_conditional,JOINT,62,,,,84.56617630329208,86.02088024109833
confirmation_0,A_conditional,JOINT,63,,,,85.96986531704911,87.77186957944969
confirmation_0,A_conditional,JOINT,64,,,,87.97092197430388,89.52133431522194
confirmation_0,A_conditional,JOINT,65,,,,89.89010128342039,91.30264368359819
confirmation_0,A_conditional,JOINT,66,,,,91.57792021171907,93.08253036757478
confirmation_0,A_conditional,JOINT,67,,,,93.18693434341287,94.85262394295617
confirmation_0,A_conditional,JOINT,68,,,,94.50385119449021,96.61573300418415
confirmation_0,A_conditional,JOINT,69,,,,96.59439514626443,98.39807167890945
confirmation_0,A_conditional,JOINT,70,,,,98.72754415406067,100.20446261635718
confirmation_0,A_conditional,JOINT,71,,,,100.54136642789868,102.01285811766881
confirmation_0,A_conditional,JOINT,72,,,,102.23754085695487,103.81955749948175
confirmation_0,A_conditional,JOINT,73,,,,104.26757527398935,105.62809651272042
confirmation_0,A_conditional,JOINT,74,,,,105.51780027227935,106.78221332764485
confirmation_0,A_conditional,JOINT,75,,,,106.59717866945242,107.87880134256629
confirmation_0,A_conditional,JOINT,76,,,,107.62892597035196,108.97538935748773
confirmation_0,A_conditional,JOINT,77,,,,108.58560293385395,110.07197737240917
confirmation_0,A_conditional,JOINT,78,,,,109.69504158163731,111.1685653873306
confirmation_0,A_conditional,JOINT,79,,,,110.52845761136194,112.26515340225204
confirmation_0,A_conditional,JOINT,80,,,,111.44731826299252,113.36174141717348
confirmation_0,A_conditional,JOINT,81,,,,112.39139563991525,114.45832943209491
confirmation_0,A_conditional,JOINT,82,,,,113.33780384606673,115.55491744701635
confirmation_0,A_conditional,JOINT,83,,,,114.67386435337976,116.65150546193779
confirmation_0,A_conditional,JOINT,84,,,,116.04817626433832,117.74809347685922
confirmation_0,A_conditional,JOINT,85,,,,116.98722844805711,118.84468149178066
confirmation_0,A_conditional,JOINT,86,,,,117.76464656690183,119.9412695067021
confirmation_0,A_conditional,JOINT,87,,,,118.57128483868047,121.03785752162354
confirmation_0,A_conditional,JOINT,88,,,,119.51292982862584,122.13444553654497
confirmation_0,A_conditional,JOINT,89,,,,120.66349088400386,123.23103355146641
confirmation_0,A_conditional,JOINT,90,,,,121.50381934511117,124.32762156638785
confirmation_0,A_conditional,JOINT,91,,,,122.78319137893108,125.42420958130928
confirmation_0,A_conditional,JOINT,92,,,,123.84184945751912,126.52079759623072
confirmation_0,A_conditional,JOINT,93,,,,124.70418392480607,127.61738561115216
confirmation_0,A_conditional,JOINT,94,,,,125.62986469357031,128.7139736260736
confirmation_0,A_conditional,JOINT,95,,,,127.05624315612863,129.81056164099505
confirmation_0,A_conditional,JOINT,96,,,,128.13977905964842,130.90714965591647
confirmation_0,A_conditional,JOINT,97,,,,129.10681876488502,132.00373767083792
confirmation_0,A_conditional,JOINT,98,,,,130.32613253095334,133.10032568575934
confirmation_0,A_conditional,JOINT,99,,,,131.7115665995645,134.1969137006808
confirmation_0,A_conditional,JOINT,100,,,,133.64756964855025,135.29350171560222
confirmation_0,A_conditional,JOINT,101,,,,134.64694456852547,136.39008973052367
confirmation_0,A_conditional,JOINT,102,,,,135.66288642942575,137.4866777454451
confirmation_0,A_conditional,JOINT,103,,,,136.64292762847015,138.58326576036654
confirmation_0,A_conditional,JOINT,104,,,,137.72646481011338,139.67985377528797
confirmation_0,A_conditional,JOINT,105,,,,138.82166405606048,140.77644179020942
confirmation_0,A_conditional,JOINT,106,,,,140.04008968172514,141.87302980513084
confirmation_0,A_conditional,JOINT,107,,,,140.79725373936014,142.9696178200523
confirmation_0,A_conditional,JOINT,108,,,,141.6626882184016,144.06620583497372
confirmation_0,A_conditional,JOINT,109,,,,142.53297087682503,145.16279384989517
confirmation_0,A_conditional,JOINT,110,,,,143.4368458720426,146.2593818648166
confirmation_0,A_conditional,JOINT,111,,,,144.39185453175634,147.35596987973804
confirmation_0,A_conditional,JOINT,112,,,,145.40958590711452,148.45255789465946
confirmation_0,A_conditional,JOINT,113,,,,146.62896915852414,149.54914590958091
confirmation_0,A_conditional,JOINT,114,,,,147.65065558519967,150.64573392450234
confirmation_0,A_conditional,JOINT,115,,,,148.45413207206906,151.7423219394238
confirmation_0,A_conditional,JOINT,116,,,,149.36369034034004,152.8389099543452
confirmation_0,A_conditional,JOINT,117,,,,150.29827055947925,153.93549796926666
confirmation_0,A_conditional,JOINT,118,,,,151.25029725540944,155.0320859841881
confirmation_0,A_conditional,JOINT,119,,,,152.25349827214052,156.1286739991095
confirmation_0,A_conditional,JOINT,120,,,,153.14867253232077,157.22526201403096
confirmation_0,B_arrival,FROZEN,36.052242,30.3,30.391177327211043,0.09117732721104232,,
confirmation_0,B_arrival,FROZEN,39.187242,30.4,30.68993070121896,0.28993070121896025,,
confirmation_0,B_arrival,FROZEN,42.192242,30.4,30.92665675141614,0.5266567514161409,,
confirmation_0,B_arrival,FROZEN,45.482242,30.4,31.152148439992132,0.7521484399921334,,
confirmation_0,B_arrival,FROZEN,48.157242,31.9,31.327288543944583,-0.5727114560554156,,
confirmation_0,B_arrival,FROZEN,51.217242,31.9,31.488487880628266,-0.41151211937173215,,
confirmation_0,B_arrival,FROZEN,54.282242,31.9,31.62308190748858,-0.2769180925114192,,
confirmation_0,B_arrival,FROZEN,57.147242,32.3,31.759039712456,-0.5409602875439958,,
confirmation_0,B_arrival,FROZEN,60.212242,32.3,31.86720921087393,-0.4327907891260665,,
confirmation_0,B_arrival,FROZEN,62.767242,32.3,31.963803177552983,-0.33619682244701465,,
confirmation_0,B_arrival,FROZEN,65.762242,32.3,32.037905989708165,-0.26209401029183255,,
confirmation_0,B_arrival,FROZEN,68.437242,32.5,32.122767322921,-0.3772326770790002,,
confirmation_0,B_arrival,FROZEN,71.517242,32.5,32.25382132432894,-0.2461786756710609,,
confirmation_0,B_arrival,FROZEN,74.507242,32.5,32.1951470085605,-0.3048529914395033,,
confirmation_0,B_arrival,FROZEN,77.552242,31.8,31.9786825203941,0.17868252039409782,,
confirmation_0,B_arrival,FROZEN,80.627242,31.8,31.789292420337738,-0.0107075796622631,,
confirmation_0,B_arrival,FROZEN,83.692242,31.8,31.625840955935217,-0.17415904406478333,,
confirmation_0,B_arrival,FROZEN,86.767242,31.8,31.483870287597483,-0.3161297124025175,,
confirmation_0,B_arrival,FROZEN,89.522242,30.9,31.372978181783566,0.4729781817835672,,
confirmation_0,B_arrival,FROZEN,92.482242,30.9,31.2688094971927,0.36880949719270006,,
confirmation_0,B_arrival,FROZEN,95.572242,30.9,31.174496195669523,0.2744961956695242,,
confirmation_0,B_arrival,FROZEN,98.537242,30.7,31.09603935935607,0.39603935935607026,,
confirmation_0,B_arrival,FROZEN,101.297242,30.7,31.032241577558203,0.3322415775582037,,
confirmation_0,B_arrival,FROZEN,104.372242,30.7,30.970303134205423,0.27030313420542385,,
confirmation_0,B_arrival,FROZEN,107.452242,30.6,30.916667277693875,0.3166672776938739,,
confirmation_0,B_arrival,FROZEN,110.427242,30.6,30.871782113309752,0.2717821133097509,,
confirmation_0,B_arrival,FROZEN,113.072242,30.6,30.836859716575272,0.23685971657527105,,
confirmation_0,B_arrival,FROZEN,116.142242,30.6,30.801460067844925,0.20146006784492343,,
confirmation_0,B_arrival,FROZEN,119.267242,30.5,30.770359315392977,0.27035931539297664,,
confirmation_0,B_arrival,FROZEN,122.202242,30.5,30.74507635159443,0.24507635159443097,,
confirmation_0,B_arrival,FROZEN,125.357242,30.5,30.721568629777337,0.22156862977733738,,
confirmation_0,B_arrival,FROZEN,127.957242,30.5,30.704688940278754,0.2046889402787535,,
confirmation_0,B_arrival,FROZEN,131.007242,30.5,30.687386811619067,0.18738681161906712,,
confirmation_0,B_arrival,FROZEN,133.857242,30.5,30.673352252986994,0.17335225298699442,,
confirmation_0,B_arrival,FROZEN,136.442242,30.5,30.66218112129345,0.1621811212934503,,
confirmation_0,B_arrival,FROZEN,139.417242,30.4,30.650931222876583,0.2509312228765843,,
confirmation_0,B_arrival,FROZEN,142.782242,30.4,30.640006632102295,0.2400066321022969,,
confirmation_0,B_arrival,FROZEN,145.562242,30.4,30.632228620323232,0.23222862032323377,,
confirmation_0,B_arrival,FROZEN,148.547242,30.4,30.624963876728277,0.22496387672827822,,
confirmation_0,B_arrival,FROZEN,151.527242,30.4,30.618688405754874,0.21868840575487525,,
confirmation_0,B_arrival,FROZEN,154.467242,30.4,30.613327442141458,0.21332744214145904,,
confirmation_0,B_arrival,FROZEN,157.532242,30.5,30.608499411161304,0.10849941116130424,,
confirmation_0,B_arrival,FROZEN,160.482242,30.5,30.604488321806308,0.10448832180630774,,
confirmation_0,B_arrival,FROZEN,163.062242,30.5,30.601425736532185,0.10142573653218534,,
confirmation_0,B_arrival,FROZEN,165.942242,30.5,30.598436028236822,0.09843602823682218,,
confirmation_0,B_arrival,FROZEN,168.892242,30.4,30.59578365681831,0.19578365681831045,,
confirmation_0,B_arrival,FROZEN,171.967242,30.4,30.59340164658073,0.19340164658073178,,
confirmation_0,B_arrival,FROZEN,174.837242,30.4,30.591483808391505,0.19148380839150647,,
confirmation_0,B_arrival,FROZEN,177.937242,30.4,30.589698454951407,0.18969845495140802,,
confirmation_0,B_arrival,FROZEN,0,,,,0.0,0.0
confirmation_0,B_arrival,FROZEN,1,,,,1.1820432648790806,1.096588014921437
confirmation_0,B_arrival,FROZEN,2,,,,2.502777280195452,2.193176029842874
confirmation_0,B_arrival,FROZEN,3,,,,3.410448052878893,3.2897640447643113
confirmation_0,B_arrival,FROZEN,4,,,,5.043326733896507,4.386352059685748
confirmation_0,B_arrival,FROZEN,5,,,,6.470322407697982,5.4829400746071855
confirmation_0,B_arrival,FROZEN,6,,,,7.51573052516004,6.579528089528623
confirmation_0,B_arrival,FROZEN,7,,,,8.287312740093256,7.67611610445006
confirmation_0,B_arrival,FROZEN,8,,,,9.198006091219511,8.772704119371497
confirmation_0,B_arrival,FROZEN,9,,,,10.16470465928708,9.869292134292934
confirmation_0,B_arrival,FROZEN,10,,,,11.089109932218914,10.965880149214371
confirmation_0,B_arrival,FROZEN,11,,,,12.280002273556539,12.062468164135808
confirmation_0,B_arrival,FROZEN,12,,,,13.775839263273385,13.159056179057245
confirmation_0,B_arrival,FROZEN,13,,,,14.875431525718508,14.255644193978682
confirmation_0,B_arrival,FROZEN,14,,,,15.768028743267056,15.35223220890012
confirmation_0,B_arrival,FROZEN,15,,,,16.777994315927714,16.448820223821556
confirmation_0,B_arrival,FROZEN,16,,,,18.08311280973177,17.545408238742993
confirmation_0,B_arrival,FROZEN,17,,,,18.816970461642537,18.64199625366443
confirmation_0,B_arrival,FROZEN,18,,,,19.657095427082606,19.738584268585868
confirmation_0,B_arrival,FROZEN,19,,,,20.840241345762976,20.835172283507305
confirmation_0,B_arrival,FROZEN,20,,,,21.991919402498752,21.931760298428742
confirmation_0,B_arrival,FROZEN,21,,,,23.174724225969122,23.02834831335018
confirmation_0,B_arrival,FROZEN,22,,,,24.229064280832063,24.124936328271616
confirmation_0,B_arrival,FROZEN,23,,,,25.27680027036201,25.221524343193053
confirmation_0,B_arrival,FROZEN,24,,,,26.365021951296708,26.31811235811449
confirmation_0,B_arrival,FROZEN,25,,,,27.4101172008555,27.414700373035927
confirmation_0,B_arrival,FROZEN,26,,,,28.576198591897242,28.511288387957364
confirmation_0,B_arrival,FROZEN,27,,,,29.37654734187424,29.6078764028788
confirmation_0,B_arrival,FROZEN,28,,,,30.099136579388812,30.70446441780024
confirmation_0,B_arrival,FROZEN,29,,,,31.01781031560426,31.801052432721676
confirmation_0,B_arrival,FROZEN,30,,,,31.934218016339944,32.89764044764311
confirmation_0,B_arrival,FROZEN,31,,,,32.86298980472093,33.99422846256455
confirmation_0,B_arrival,FROZEN,32,,,,33.864975062984804,35.09081647748599
confirmation_0,B_arrival,FROZEN,33,,,,35.17445254641566,36.187404492407424
confirmation_0,B_arrival,FROZEN,34,,,,36.24443923603664,37.28399250732886
confirmation_0,B_arrival,FROZEN,35,,,,37.40080368209368,38.3805805222503
confirmation_0,B_arrival,FROZEN,36,,,,38.78798225545158,40.03350086396217
confirmation_0,B_arrival,FROZEN,37,,,,40.74083609943316,41.80418212939482
confirmation_0,B_arrival,FROZEN,38,,,,42.74469654754167,43.59246633841297
confirmation_0,B_arrival,FROZEN,39,,,,44.95104444623622,45.38075054743113
confirmation_0,B_arrival,FROZEN,40,,,,46.89004490561734,47.14780504864653
confirmation_0,B_arrival,FROZEN,41,,,,48.87745823364562,48.91796374875794
confirmation_0,B_arrival,FROZEN,42,,,,50.47179633166088,50.70314375888009
confirmation_0,B_arrival,FROZEN,43,,,,51.965022767943026,52.49142796789825
confirmation_0,B_arrival,FROZEN,44,,,,53.45824771549802,54.2797121770449
confirmation_0,B_arrival,FROZEN,45,,,,54.76211985826075,56.04151324462569
confirmation_0,B_arrival,FROZEN,46,,,,56.22937054381897,57.813821179604204
confirmation_0,B_arrival,FROZEN,47,,,,58.31297609969718,59.60210538862236
confirmation_0,B_arrival,FROZEN,48,,,,60.3850925512969,61.390389597640514
confirmation_0,B_arrival,FROZEN,49,,,,62.07440634161544,63.165062740364945
confirmation_0,B_arrival,FROZEN,50,,,,63.989144831075976,64.92597612942146
confirmation_0,B_arrival,FROZEN,51,,,,65.55099243373358,66.71278280908948
confirmation_0,B_arrival,FROZEN,52,,,,67.55685166856733,68.50106701810763
confirmation_0,B_arrival,FROZEN,53,,,,69.6398724852015,70.2886122361042
confirmation_0,B_arrival,FROZEN,54,,,,71.37555363133087,72.04952562516071
confirmation_0,B_arrival,FROZEN,55,,,,73.13846811100429,73.82346022981359
confirmation_0,B_arrival,FROZEN,56,,,,74.36503041568865,75.61174443896024
confirmation_0,B_arrival,FROZEN,57,,,,76.10526682912248,77.4000286481069
confirmation_0,B_arrival,FROZEN,58,,,,77.80700955950223,79.17307512141394
confirmation_0,B_arrival,FROZEN,59,,,,79.26098904810613,80.9341376506662
confirmation_0,B_arrival,FROZEN,60,,,,81.1697348253158,82.72242185968436
confirmation_0,B_arrival,FROZEN,61,,,,82.89358074734615,84.51070606870252
confirmation_0,B_arrival,FROZEN,62,,,,84.56617630329208,86.2966246171532
confirmation_0,B_arrival,FROZEN,63,,,,85.96986531704911,88.06604477893607
confirmation_0,B_arrival,FROZEN,64,,,,87.97092197430388,89.83309928027997
confirmation_0,B_arrival,FROZEN,65,,,,89.89010128342039,91.62138348942662
confirmation_0,B_arrival,FROZEN,66,,,,91.57792021171907,93.40966769857327
confirmation_0,B_arrival,FROZEN,67,,,,93.18693434341287,95.18108750246296
confirmation_0,B_arrival,FROZEN,68,,,,94.50385119449021,96.96500640919233
confirmation_0,B_arrival,FROZEN,69,,,,96.59439514626443,98.75329061833898
confirmation_0,B_arrival,FROZEN,70,,,,98.72754415406067,100.56280453515988
confirmation_0,B_arrival,FROZEN,71,,,,100.54136642789868,102.37231845198079
confirmation_0,B_arrival,FROZEN,72,,,,102.23754085695487,104.18183236880171
confirmation_0,B_arrival,FROZEN,73,,,,104.26757527398935,105.96310238215354
confirmation_0,B_arrival,FROZEN,74,,,,105.51780027227935,107.05969039707497
confirmation_0,B_arrival,FROZEN,75,,,,106.59717866945242,108.15627841199641
confirmation_0,B_arrival,FROZEN,76,,,,107.62892597035196,109.25286642691785
confirmation_0,B_arrival,FROZEN,77,,,,108.58560293385395,110.34945444183928
confirmation_0,B_arrival,FROZEN,78,,,,109.69504158163731,111.44604245676072
confirmation_0,B_arrival,FROZEN,79,,,,110.52845761136194,112.54263047168216
confirmation_0,B_arrival,FROZEN,80,,,,111.44731826299252,113.6392184866036
confirmation_0,B_arrival,FROZEN,81,,,,112.39139563991525,114.73580650152503
confirmation_0,B_arrival,FROZEN,82,,,,113.33780384606673,115.83239451644647
confirmation_0,B_arrival,FROZEN,83,,,,114.67386435337976,116.92898253136791
confirmation_0,B_arrival,FROZEN,84,,,,116.04817626433832,118.02557054628934
confirmation_0,B_arrival,FROZEN,85,,,,116.98722844805711,119.12215856121078
confirmation_0,B_arrival,FROZEN,86,,,,117.76464656690183,120.21874657613222
confirmation_0,B_arrival,FROZEN,87,,,,118.57128483868047,121.31533459105366
confirmation_0,B_arrival,FROZEN,88,,,,119.51292982862584,122.41192260597509
confirmation_0,B_arrival,FROZEN,89,,,,120.66349088400386,123.50851062089653
confirmation_0,B_arrival,FROZEN,90,,,,121.50381934511117,124.60509863581797
confirmation_0,B_arrival,FROZEN,91,,,,122.78319137893108,125.7016866507394
confirmation_0,B_arrival,FROZEN,92,,,,123.84184945751912,126.79827466566084
confirmation_0,B_arrival,FROZEN,93,,,,124.70418392480607,127.89486268058228
confirmation_0,B_arrival,FROZEN,94,,,,125.62986469357031,128.99145069550372
confirmation_0,B_arrival,FROZEN,95,,,,127.05624315612863,130.08803871042517
confirmation_0,B_arrival,FROZEN,96,,,,128.13977905964842,131.1846267253466
confirmation_0,B_arrival,FROZEN,97,,,,129.10681876488502,132.281214740268
confirmation_0,B_arrival,FROZEN,98,,,,130.32613253095334,133.37780275518946
confirmation_0,B_arrival,FROZEN,99,,,,131.7115665995645,134.47439077011092
confirmation_0,B_arrival,FROZEN,100,,,,133.64756964855025,135.57097878503234
confirmation_0,B_arrival,FROZEN,101,,,,134.64694456852547,136.66756679995376
confirmation_0,B_arrival,FROZEN,102,,,,135.66288642942575,137.7641548148752
confirmation_0,B_arrival,FROZEN,103,,,,136.64292762847015,138.86074282979666
confirmation_0,B_arrival,FROZEN,104,,,,137.72646481011338,139.9573308447181
confirmation_0,B_arrival,FROZEN,105,,,,138.82166405606048,141.0539188596395
confirmation_0,B_arrival,FROZEN,106,,,,140.04008968172514,142.15050687456096
confirmation_0,B_arrival,FROZEN,107,,,,140.79725373936014,143.2470948894824
confirmation_0,B_arrival,FROZEN,108,,,,141.6626882184016,144.34368290440383
confirmation_0,B_arrival,FROZEN,109,,,,142.53297087682503,145.44027091932526
confirmation_0,B_arrival,FROZEN,110,,,,143.4368458720426,146.5368589342467
confirmation_0,B_arrival,FROZEN,111,,,,144.39185453175634,147.63344694916816
confirmation_0,B_arrival,FROZEN,112,,,,145.40958590711452,148.73003496408958
confirmation_0,B_arrival,FROZEN,113,,,,146.62896915852414,149.826622979011
confirmation_0,B_arrival,FROZEN,114,,,,147.65065558519967,150.92321099393246
confirmation_0,B_arrival,FROZEN,115,,,,148.45413207206906,152.0197990088539
confirmation_0,B_arrival,FROZEN,116,,,,149.36369034034004,153.11638702377533
confirmation_0,B_arrival,FROZEN,117,,,,150.29827055947925,154.21297503869678
confirmation_0,B_arrival,FROZEN,118,,,,151.25029725540944,155.3095630536182
confirmation_0,B_arrival,FROZEN,119,,,,152.25349827214052,156.40615106853963
confirmation_0,B_arrival,FROZEN,120,,,,153.14867253232077,157.50273908346108
confirmation_0,B_arrival,JOINT,36.052242,30.3,30.394550875343075,0.09455087534307438,,
confirmation_0,B_arrival,JOINT,39.187242,30.4,30.724061225918675,0.32406122591867614,,
confirmation_0,B_arrival,JOINT,42.192242,30.4,30.972401552145808,0.5724015521458092,,
confirmation_0,B_arrival,JOINT,45.482242,30.4,31.19767037539147,0.7976703753914727,,
confirmation_0,B_arrival,JOINT,48.157242,31.9,31.36806097843926,-0.5319390215607385,,
confirmation_0,B_arrival,JOINT,51.217242,31.9,31.51509006408679,-0.3849099359132069,,
confirmation_0,B_arrival,JOINT,54.282242,31.9,31.62988471258489,-0.27011528741510915,,
confirmation_0,B_arrival,JOINT,57.147242,32.3,31.749943642483906,-0.550056357516091,,
confirmation_0,B_arrival,JOINT,60.212242,32.3,31.835388285338666,-0.46461171466133067,,
confirmation_0,B_arrival,JOINT,62.767242,32.3,31.91554878270258,-0.3844512172974177,,
confirmation_0,B_arrival,JOINT,65.762242,32.3,31.965148532003507,-0.33485146799649,,
confirmation_0,B_arrival,JOINT,68.437242,32.5,32.03326614709364,-0.4667338529063585,,
confirmation_0,B_arrival,JOINT,71.517242,32.5,32.151989495025006,-0.34801050497499375,,
confirmation_0,B_arrival,JOINT,74.507242,32.5,32.048492564675215,-0.45150743532478543,,
confirmation_0,B_arrival,JOINT,77.552242,31.8,31.771492548230103,-0.02850745176989733,,
confirmation_0,B_arrival,JOINT,80.627242,31.8,31.53914046886979,-0.26085953113021176,,
confirmation_0,B_arrival,JOINT,83.692242,31.8,31.346923075965183,-0.4530769240348178,,
confirmation_0,B_arrival,JOINT,86.767242,31.8,31.186893071464105,-0.6131069285358954,,
confirmation_0,B_arrival,JOINT,89.522242,30.9,31.066844108188917,0.16684410818891848,,
confirmation_0,B_arrival,JOINT,92.482242,30.9,30.958438314863404,0.05843831486340534,,
confirmation_0,B_arrival,JOINT,95.572242,30.9,30.864314794854927,-0.035685205145071563,,
confirmation_0,B_arrival,JOINT,98.537242,30.7,30.789243792229417,0.0892437922294178,,
confirmation_0,B_arrival,JOINT,101.297242,30.7,30.73058846048931,0.030588460489312297,,
confirmation_0,B_arrival,JOINT,104.372242,30.7,30.675908789335775,-0.02409121066422415,,
confirmation_0,B_arrival,JOINT,107.452242,30.6,30.63055559642503,0.030555596425028142,,
confirmation_0,B_arrival,JOINT,110.427242,30.6,30.594184048169737,-0.00581595183026451,,
confirmation_0,B_arrival,JOINT,113.072242,30.6,30.566988641912246,-0.03301135808775513,,
confirmation_0,B_arrival,JOINT,116.142242,30.6,30.540511323720626,-0.059488676279375596,,
confirmation_0,B_arrival,JOINT,119.267242,30.5,30.51825274539511,0.01825274539510957,,
confirmation_0,B_arrival,JOINT,122.202242,30.5,30.5009278810917,0.0009278810917017211,,
confirmation_0,B_arrival,JOINT,125.357242,30.5,30.48551027468347,-0.0144897253165297,,
confirmation_0,B_arrival,JOINT,127.957242,30.5,30.474895174896478,-0.025104825103522188,,
confirmation_0,B_arrival,JOINT,131.007242,30.5,30.464453636016835,-0.03554636398316546,,
confirmation_0,B_arrival,JOINT,133.857242,30.5,30.45634590261553,-0.04365409738446857,,
confirmation_0,B_arrival,JOINT,136.442242,30.5,30.45014940862234,-0.049850591377659015,,
confirmation_0,B_arrival,JOINT,139.417242,30.4,30.44416453718008,0.04416453718008029,,
confirmation_0,B_arrival,JOINT,142.782242,30.4,30.43862645149333,0.038626451493332326,,
confirmation_0,B_arrival,JOINT,145.562242,30.4,30.43486781146804,0.034867811468043186,,
confirmation_0,B_arrival,JOINT,148.547242,30.4,30.431512742705127,0.031512742705128716,,
confirmation_0,B_arrival,JOINT,151.527242,30.4,30.428749835401668,0.028749835401669088,,
confirmation_0,B_arrival,JOINT,154.467242,30.4,30.426501082154775,0.026501082154776867,,
confirmation_0,B_arrival,JOINT,157.532242,30.5,30.424574873624138,-0.07542512637586185,,
confirmation_0,B_arrival,JOINT,160.482242,30.5,30.423055026351356,-0.07694497364864361,,
confirmation_0,B_arrival,JOINT,163.062242,30.5,30.421949838267615,-0.07805016173238499,,
confirmation_0,B_arrival,JOINT,165.942242,30.5,30.420922790536846,-0.07907720946315422,,
confirmation_0,B_arrival,JOINT,168.892242,30.4,30.42005985554882,0.020059855548822725,,
confirmation_0,B_arrival,JOINT,171.967242,30.4,30.419328763148282,0.01932876314828391,,
confirmation_0,B_arrival,JOINT,174.837242,30.4,30.41877449016842,0.01877449016842192,,
confirmation_0,B_arrival,JOINT,177.937242,30.4,30.41829001678773,0.01829001678773068,,
confirmation_0,B_arrival,JOINT,0,,,,0.0,0.0
confirmation_0,B_arrival,JOINT,1,,,,1.1820432648790806,1.096588014921437
confirmation_0,B_arrival,JOINT,2,,,,2.502777280195452,2.193176029842874
confirmation_0,B_arrival,JOINT,3,,,,3.410448052878893,3.2897640447643113
confirmation_0,B_arrival,JOINT,4,,,,5.043326733896507,4.386352059685748
confirmation_0,B_arrival,JOINT,5,,,,6.470322407697982,5.4829400746071855
confirmation_0,B_arrival,JOINT,6,,,,7.51573052516004,6.579528089528623
confirmation_0,B_arrival,JOINT,7,,,,8.287312740093256,7.67611610445006
confirmation_0,B_arrival,JOINT,8,,,,9.198006091219511,8.772704119371497
confirmation_0,B_arrival,JOINT,9,,,,10.16470465928708,9.869292134292934
confirmation_0,B_arrival,JOINT,10,,,,11.089109932218914,10.965880149214371
confirmation_0,B_arrival,JOINT,11,,,,12.280002273556539,12.062468164135808
confirmation_0,B_arrival,JOINT,12,,,,13.775839263273385,13.159056179057245
confirmation_0,B_arrival,JOINT,13,,,,14.875431525718508,14.255644193978682
confirmation_0,B_arrival,JOINT,14,,,,15.768028743267056,15.35223220890012
confirmation_0,B_arrival,JOINT,15,,,,16.777994315927714,16.448820223821556
confirmation_0,B_arrival,JOINT,16,,,,18.08311280973177,17.545408238742993
confirmation_0,B_arrival,JOINT,17,,,,18.816970461642537,18.64199625366443
confirmation_0,B_arrival,JOINT,18,,,,19.657095427082606,19.738584268585868
confirmation_0,B_arrival,JOINT,19,,,,20.840241345762976,20.835172283507305
confirmation_0,B_arrival,JOINT,20,,,,21.991919402498752,21.931760298428742
confirmation_0,B_arrival,JOINT,21,,,,23.174724225969122,23.02834831335018
confirmation_0,B_arrival,JOINT,22,,,,24.229064280832063,24.124936328271616
confirmation_0,B_arrival,JOINT,23,,,,25.27680027036201,25.221524343193053
confirmation_0,B_arrival,JOINT,24,,,,26.365021951296708,26.31811235811449
confirmation_0,B_arrival,JOINT,25,,,,27.4101172008555,27.414700373035927
confirmation_0,B_arrival,JOINT,26,,,,28.576198591897242,28.511288387957364
confirmation_0,B_arrival,JOINT,27,,,,29.37654734187424,29.6078764028788
confirmation_0,B_arrival,JOINT,28,,,,30.099136579388812,30.70446441780024
confirmation_0,B_arrival,JOINT,29,,,,31.01781031560426,31.801052432721676
confirmation_0,B_arrival,JOINT,30,,,,31.934218016339944,32.89764044764311
confirmation_0,B_arrival,JOINT,31,,,,32.86298980472093,33.99422846256455
confirmation_0,B_arrival,JOINT,32,,,,33.864975062984804,35.09081647748599
confirmation_0,B_arrival,JOINT,33,,,,35.17445254641566,36.187404492407424
confirmation_0,B_arrival,JOINT,34,,,,36.24443923603664,37.28399250732886
confirmation_0,B_arrival,JOINT,35,,,,37.40080368209368,38.3805805222503
confirmation_0,B_arrival,JOINT,36,,,,38.78798225545158,40.02860260934413
confirmation_0,B_arrival,JOINT,37,,,,40.74083609943316,41.79133943765015
confirmation_0,B_arrival,JOINT,38,,,,42.74469654754167,43.57576427058503
confirmation_0,B_arrival,JOINT,39,,,,44.95104444623622,45.360189103519915
confirmation_0,B_arrival,JOINT,40,,,,46.89004490561734,47.118457515577866
confirmation_0,B_arrival,JOINT,41,,,,48.87745823364562,48.88055050843382
confirmation_0,B_arrival,JOINT,42,,,,50.47179633166088,50.6611507605707
confirmation_0,B_arrival,JOINT,43,,,,51.965022767943026,52.44557559350558
confirmation_0,B_arrival,JOINT,44,,,,53.45824771549802,54.230000426598785
confirmation_0,B_arrival,JOINT,45,,,,54.76211985826075,55.98179625681658
confirmation_0,B_arrival,JOINT,46,,,,56.22937054381897,57.746537250873004
confirmation_0,B_arrival,JOINT,47,,,,58.31297609969718,59.530962083807886
confirmation_0,B_arrival,JOINT,48,,,,60.3850925512969,61.31538691674277
confirmation_0,B_arrival,JOINT,49,,,,62.07440634161544,63.08304200504101
confirmation_0,B_arrival,JOINT,50,,,,63.989144831075976,64.83374415590627
confirmation_0,B_arrival,JOINT,51,,,,65.55099243373358,66.61634857379356
confirmation_0,B_arrival,JOINT,52,,,,67.55685166856733,68.40077340672843
confirmation_0,B_arrival,JOINT,53,,,,69.6398724852015,70.18428775326545
confirmation_0,B_arrival,JOINT,54,,,,71.37555363133087,71.9349899041307
confirmation_0,B_arrival,JOINT,55,,,,73.13846811100429,73.70173506409586
confirmation_0,B_arrival,JOINT,56,,,,74.36503041568865,75.48615989718905
confirmation_0,B_arrival,JOINT,57,,,,76.10526682912248,77.27058473028225
confirmation_0,B_arrival,JOINT,58,,,,77.80700955950223,79.03623565298841
confirmation_0,B_arrival,JOINT,59,,,,79.26098904810613,80.78712155455648
confirmation_0,B_arrival,JOINT,60,,,,81.1697348253158,82.57154638749137
confirmation_0,B_arrival,JOINT,61,,,,82.89358074734615,84.35597122042624
confirmation_0,B_arrival,JOINT,62,,,,84.56617630329208,86.13748140121285
confirmation_0,B_arrival,JOINT,63,,,,85.96986531704911,87.89866446541907
confirmation_0,B_arrival,JOINT,64,,,,87.97092197430388,89.65693287763534
confirmation_0,B_arrival,JOINT,65,,,,89.89010128342039,91.44135771072854
confirmation_0,B_arrival,JOINT,66,,,,91.57792021171907,93.22578254382174
confirmation_0,B_arrival,JOINT,67,,,,93.18693434341287,94.98942930093581
confirmation_0,B_arrival,JOINT,68,,,,94.50385119449021,96.76847578928952
confirmation_0,B_arrival,JOINT,69,,,,96.59439514626443,98.55290062238272
confirmation_0,B_arrival,JOINT,70,,,,98.72754415406067,100.36348187619453
confirmation_0,B_arrival,JOINT,71,,,,100.54136642789868,102.17406313000635
confirmation_0,B_arrival,JOINT,72,,,,102.23754085695487,103.98464438381816
confirmation_0,B_arrival,JOINT,73,,,,104.26757527398935,105.76693944959408
confirmation_0,B_arrival,JOINT,74,,,,105.51780027227935,106.86352746451551
confirmation_0,B_arrival,JOINT,75,,,,106.59717866945242,107.96011547943695
confirmation_0,B_arrival,JOINT,76,,,,107.62892597035196,109.05670349435839
confirmation_0,B_arrival,JOINT,77,,,,108.58560293385395,110.15329150927982
confirmation_0,B_arrival,JOINT,78,,,,109.69504158163731,111.24987952420126
confirmation_0,B_arrival,JOINT,79,,,,110.52845761136194,112.3464675391227
confirmation_0,B_arrival,JOINT,80,,,,111.44731826299252,113.44305555404414
confirmation_0,B_arrival,JOINT,81,,,,112.39139563991525,114.53964356896557
confirmation_0,B_arrival,JOINT,82,,,,113.33780384606673,115.63623158388701
confirmation_0,B_arrival,JOINT,83,,,,114.67386435337976,116.73281959880845
confirmation_0,B_arrival,JOINT,84,,,,116.04817626433832,117.82940761372988
confirmation_0,B_arrival,JOINT,85,,,,116.98722844805711,118.92599562865132
confirmation_0,B_arrival,JOINT,86,,,,117.76464656690183,120.02258364357276
confirmation_0,B_arrival,JOINT,87,,,,118.57128483868047,121.1191716584942
confirmation_0,B_arrival,JOINT,88,,,,119.51292982862584,122.21575967341563
confirmation_0,B_arrival,JOINT,89,,,,120.66349088400386,123.31234768833707
confirmation_0,B_arrival,JOINT,90,,,,121.50381934511117,124.4089357032585
confirmation_0,B_arrival,JOINT,91,,,,122.78319137893108,125.50552371817994
confirmation_0,B_arrival,JOINT,92,,,,123.84184945751912,126.60211173310138
confirmation_0,B_arrival,JOINT,93,,,,124.70418392480607,127.69869974802282
confirmation_0,B_arrival,JOINT,94,,,,125.62986469357031,128.79528776294424
confirmation_0,B_arrival,JOINT,95,,,,127.05624315612863,129.8918757778657
confirmation_0,B_arrival,JOINT,96,,,,128.13977905964842,130.98846379278712
confirmation_0,B_arrival,JOINT,97,,,,129.10681876488502,132.08505180770857
confirmation_0,B_arrival,JOINT,98,,,,130.32613253095334,133.18163982263
confirmation_0,B_arrival,JOINT,99,,,,131.7115665995645,134.27822783755144
confirmation_0,B_arrival,JOINT,100,,,,133.64756964855025,135.37481585247286
confirmation_0,B_arrival,JOINT,101,,,,134.64694456852547,136.47140386739432
confirmation_0,B_arrival,JOINT,102,,,,135.66288642942575,137.56799188231574
confirmation_0,B_arrival,JOINT,103,,,,136.64292762847015,138.6645798972372
confirmation_0,B_arrival,JOINT,104,,,,137.72646481011338,139.7611679121586
confirmation_0,B_arrival,JOINT,105,,,,138.82166405606048,140.85775592708006
confirmation_0,B_arrival,JOINT,106,,,,140.04008968172514,141.9543439420015
confirmation_0,B_arrival,JOINT,107,,,,140.79725373936014,143.05093195692294
confirmation_0,B_arrival,JOINT,108,,,,141.6626882184016,144.14751997184436
confirmation_0,B_arrival,JOINT,109,,,,142.53297087682503,145.2441079867658
confirmation_0,B_arrival,JOINT,110,,,,143.4368458720426,146.34069600168723
confirmation_0,B_arrival,JOINT,111,,,,144.39185453175634,147.4372840166087
confirmation_0,B_arrival,JOINT,112,,,,145.40958590711452,148.5338720315301
confirmation_0,B_arrival,JOINT,113,,,,146.62896915852414,149.63046004645156
confirmation_0,B_arrival,JOINT,114,,,,147.65065558519967,150.72704806137298
confirmation_0,B_arrival,JOINT,115,,,,148.45413207206906,151.82363607629443
confirmation_0,B_arrival,JOINT,116,,,,149.36369034034004,152.92022409121586
confirmation_0,B_arrival,JOINT,117,,,,150.29827055947925,154.0168121061373
confirmation_0,B_arrival,JOINT,118,,,,151.25029725540944,155.11340012105873
confirmation_0,B_arrival,JOINT,119,,,,152.25349827214052,156.20998813598015
confirmation_0,B_arrival,JOINT,120,,,,153.14867253232077,157.3065761509016
confirmation_1,A_conditional,FROZEN,37.633861981,30.4,30.79218095254749,0.3921809525474913,,
confirmation_1,A_conditional,FROZEN,40.498861981,30.4,31.1947802426617,0.7947802426617017,,
confirmation_1,A_conditional,FROZEN,43.488861981,30.4,31.564140399272556,1.1641403992725579,,
confirmation_1,A_conditional,FROZEN,46.368861981,32.0,31.876761693036087,-0.12323830696391269,,
confirmation_1,A_conditional,FROZEN,49.318861981,32.0,32.16057495772762,0.16057495772761854,,
confirmation_1,A_conditional,FROZEN,52.598861981,32.0,32.43477362110036,0.4347736211003621,,
confirmation_1,A_conditional,FROZEN,55.688861981,32.5,32.65864171217696,0.15864171217695855,,
confirmation_1,A_conditional,FROZEN,58.678861981,32.5,32.841903497219654,0.3419034972196542,,
confirmation_1,A_conditional,FROZEN,61.833861981,32.5,33.04040216385041,0.5404021638504091,,
confirmation_1,A_conditional,FROZEN,64.478861981,32.5,33.15267694588198,0.6526769458819786,,
confirmation_1,A_conditional,FROZEN,67.543861981,32.8,33.29297503172663,0.4929750317266297,,
confirmation_1,A_conditional,FROZEN,70.473861981,32.8,33.13937789077965,0.33937789077965164,,
confirmation_1,A_conditional,FROZEN,73.503861981,32.8,32.828058133350204,0.028058133350207015,,
confirmation_1,A_conditional,FROZEN,76.188861981,31.6,32.58671457648229,0.9867145764822851,,
confirmation_1,A_conditional,FROZEN,79.118861981,31.6,32.35572357845509,0.7557235784550898,,
confirmation_1,A_conditional,FROZEN,82.008861981,31.6,32.15689668070861,0.5568966807086113,,
confirmation_1,A_conditional,FROZEN,84.968861981,31.6,31.979316155886497,0.3793161558864959,,
confirmation_1,A_conditional,FROZEN,88.063861981,31.0,31.818187196981857,0.8181871969818566,,
confirmation_1,A_conditional,FROZEN,90.903861981,31.0,31.689563877422163,0.6895638774221631,,
confirmation_1,A_conditional,FROZEN,93.868861981,31.0,31.57237746429322,0.5723774642932185,,
confirmation_1,A_conditional,FROZEN,96.948861981,30.8,31.46675607406263,0.6667560740626293,,
confirmation_1,A_conditional,FROZEN,99.633861981,30.8,31.38637044586965,0.586370445869651,,
confirmation_1,A_conditional,FROZEN,102.373861981,30.8,31.31416970534573,0.5141697053457293,,
confirmation_1,A_conditional,FROZEN,105.068861981,30.8,31.25169105121162,0.45169105121161834,,
confirmation_1,A_conditional,FROZEN,107.713861981,30.7,31.197628148253802,0.49762814825380275,,
confirmation_1,A_conditional,FROZEN,110.718861981,30.7,31.143865871008884,0.4438658710088852,,
confirmation_1,A_conditional,FROZEN,113.553861981,30.7,31.099687391149363,0.3996873911493637,,
confirmation_1,A_conditional,FROZEN,116.528861981,30.6,31.059278223305476,0.45927822330547485,,
confirmation_1,A_conditional,FROZEN,119.593861981,30.6,31.02319480702553,0.4231948070255278,,
confirmation_1,A_conditional,FROZEN,122.438861981,30.6,30.994085815505137,0.3940858155051359,,
confirmation_1,A_conditional,FROZEN,125.223861981,30.6,30.969158000868283,0.369158000868282,,
confirmation_1,A_conditional,FROZEN,128.158861981,30.6,30.946227094982945,0.34622709498294313,,
confirmation_1,A_conditional,FROZEN,131.258861981,30.6,30.925247870147725,0.3252478701477237,,
confirmation_1,A_conditional,FROZEN,134.413861981,30.6,30.906855593270055,0.3068555932700541,,
confirmation_1,A_conditional,FROZEN,137.413861981,30.6,30.891760353876762,0.2917603538767608,,
confirmation_1,A_conditional,FROZEN,140.473861981,30.6,30.878441966571735,0.2784419665717337,,
confirmation_1,A_conditional,FROZEN,143.683861981,30.6,30.86642028032797,0.26642028032796716,,
confirmation_1,A_conditional,FROZEN,146.523861981,30.5,30.85722540760657,0.3572254076065704,,
confirmation_1,A_conditional,FROZEN,149.193861981,30.5,30.849655621645525,0.34965562164552466,,
confirmation_1,A_conditional,FROZEN,152.233861981,30.5,30.842144433331356,0.3421444333313559,,
confirmation_1,A_conditional,FROZEN,155.313861981,30.5,30.835580923046333,0.3355809230463329,,
confirmation_1,A_conditional,FROZEN,158.003861981,30.5,30.83059759279733,0.3305975927973286,,
confirmation_1,A_conditional,FROZEN,160.658861981,30.5,30.82627796876452,0.32627796876451853,,
confirmation_1,A_conditional,FROZEN,163.823861981,30.5,30.821807569135338,0.3218075691353377,,
confirmation_1,A_conditional,FROZEN,167.138861981,30.5,30.817809987826536,0.3178099878265357,,
confirmation_1,A_conditional,FROZEN,170.253861981,30.5,30.814601212700232,0.3146012127002322,,
confirmation_1,A_conditional,FROZEN,173.353861981,30.5,30.811860027672303,0.3118600276723029,,
confirmation_1,A_conditional,FROZEN,176.008861981,30.5,30.80982325134715,0.30982325134715083,,
confirmation_1,A_conditional,FROZEN,178.783861981,30.5,30.807961683102256,0.30796168310225625,,
confirmation_1,A_conditional,FROZEN,0,,,,0.0,0.0
confirmation_1,A_conditional,FROZEN,1,,,,1.2363889386467672,1.1197035326294407
confirmation_1,A_conditional,FROZEN,2,,,,2.194731624643683,2.2394070652588813
confirmation_1,A_conditional,FROZEN,3,,,,3.493166759426087,3.3591105978883222
confirmation_1,A_conditional,FROZEN,4,,,,4.630979851537473,4.478814130517763
confirmation_1,A_conditional,FROZEN,5,,,,5.546487554346557,5.598517663147203
confirmation_1,A_conditional,FROZEN,6,,,,6.469475195252519,6.7182211957766444
confirmation_1,A_conditional,FROZEN,7,,,,7.402020013005757,7.837924728406085
confirmation_1,A_conditional,FROZEN,8,,,,8.328378384359164,8.957628261035525
confirmation_1,A_conditional,FROZEN,9,,,,9.523696474381575,10.077331793664966
confirmation_1,A_conditional,FROZEN,10,,,,10.935808477312671,11.197035326294406
confirmation_1,A_conditional,FROZEN,11,,,,12.147870986037265,12.316738858923847
confirmation_1,A_conditional,FROZEN,12,,,,13.006054586080797,13.436442391553289
confirmation_1,A_conditional,FROZEN,13,,,,13.905528424183853,14.55614592418273
confirmation_1,A_conditional,FROZEN,14,,,,15.059774266001316,15.67584945681217
confirmation_1,A_conditional,FROZEN,15,,,,16.06665354039059,16.79555298944161
confirmation_1,A_conditional,FROZEN,16,,,,17.106241137192722,17.91525652207105
confirmation_1,A_conditional,FROZEN,17,,,,18.379136564370565,19.03496005470049
confirmation_1,A_conditional,FROZEN,18,,,,19.633945687743033,20.15466358732993
confirmation_1,A_conditional,FROZEN,19,,,,21.479303399945625,21.274367119959372
confirmation_1,A_conditional,FROZEN,20,,,,23.093650593278802,22.394070652588812
confirmation_1,A_conditional,FROZEN,21,,,,24.125127536808844,23.513774185218253
confirmation_1,A_conditional,FROZEN,22,,,,25.13077940183016,24.633477717847693
confirmation_1,A_conditional,FROZEN,23,,,,26.16317528347846,25.753181250477134
confirmation_1,A_conditional,FROZEN,24,,,,27.49322746074861,26.872884783106578
confirmation_1,A_conditional,FROZEN,25,,,,28.840111919018067,27.99258831573602
confirmation_1,A_conditional,FROZEN,26,,,,29.928528387977327,29.11229184836546
confirmation_1,A_conditional,FROZEN,27,,,,30.996266782048412,30.2319953809949
confirmation_1,A_conditional,FROZEN,28,,,,32.23272338945976,31.35169891362434
confirmation_1,A_conditional,FROZEN,29,,,,33.400483038562825,32.47140244625378
confirmation_1,A_conditional,FROZEN,30,,,,34.3339153187449,33.59110597888322
confirmation_1,A_conditional,FROZEN,31,,,,35.57942207368902,34.71080951151266
confirmation_1,A_conditional,FROZEN,32,,,,36.841864938591684,35.8305130441421
confirmation_1,A_conditional,FROZEN,33,,,,37.989957819425264,36.950216576771545
confirmation_1,A_conditional,FROZEN,34,,,,39.54366622745478,38.06992010940098
confirmation_1,A_conditional,FROZEN,35,,,,40.72543729552645,39.189623642030426
confirmation_1,A_conditional,FROZEN,36,,,,42.563602679597615,40.935014890321156
confirmation_1,A_conditional,FROZEN,37,,,,44.43414371226512,42.72798074433782
confirmation_1,A_conditional,FROZEN,38,,,,46.42767670742541,44.58455194077427
confirmation_1,A_conditional,FROZEN,39,,,,48.58851912242931,46.382630087000926
confirmation_1,A_conditional,FROZEN,40,,,,50.53058353018498,48.23546674282707
confirmation_1,A_conditional,FROZEN,41,,,,52.28368016136277,50.04779511838262
confirmation_1,A_conditional,FROZEN,42,,,,54.213444184229296,51.869774504106246
confirmation_1,A_conditional,FROZEN,43,,,,55.69891596951272,53.736975203754476
confirmation_1,A_conditional,FROZEN,44,,,,57.19071022719781,55.52602579801435
confirmation_1,A_conditional,FROZEN,45,,,,59.054938644275445,57.389015415174924
confirmation_1,A_conditional,FROZEN,46,,,,61.592298299001065,59.16075274137757
confirmation_1,A_conditional,FROZEN,47,,,,63.61061910279781,61.006433214423645
confirmation_1,A_conditional,FROZEN,48,,,,65.14578986760799,62.80670102262868
confirmation_1,A_conditional,FROZEN,49,,,,66.82946993528317,64.63931061317393
confirmation_1,A_conditional,FROZEN,50,,,,68.40546036227325,66.51789274104154
confirmation_1,A_conditional,FROZEN,51,,,,69.94798589790658,68.30995583137057
confirmation_1,A_conditional,FROZEN,52,,,,71.66477192271955,70.18333949863712
confirmation_1,A_conditional,FROZEN,53,,,,73.07727261864558,71.98586334544869
confirmation_1,A_conditional,FROZEN,54,,,,74.49267084934883,73.83281409555475
confirmation_1,A_conditional,FROZEN,55,,,,76.67057752717612,75.64110143569607
confirmation_1,A_conditional,FROZEN,56,,,,78.54945513124517,77.46871193023574
confirmation_1,A_conditional,FROZEN,57,,,,80.12300178875167,79.33834201908047
confirmation_1,A_conditional,FROZEN,58,,,,81.78942263442146,81.1229494312304
confirmation_1,A_conditional,FROZEN,59,,,,83.55400183258082,82.98896821330541
confirmation_1,A_conditional,FROZEN,60,,,,85.58818783536597,84.80047949051233
confirmation_1,A_conditional,FROZEN,61,,,,87.44330029939765,86.6516495631332
confirmation_1,A_conditional,FROZEN,62,,,,89.20170378063258,88.46349798291894
confirmation_1,A_conditional,FROZEN,63,,,,90.61465148688966,90.28591710296503
confirmation_1,A_conditional,FROZEN,64,,,,92.74229078487465,92.15743488849594
confirmation_1,A_conditional,FROZEN,65,,,,94.18643223359098,93.94050185005896
confirmation_1,A_conditional,FROZEN,66,,,,95.9092172578562,95.80681374787576
confirmation_1,A_conditional,FROZEN,67,,,,98.25586331972409,97.60008922927636
confirmation_1,A_conditional,FROZEN,68,,,,100.06802754127105,99.4518686201772
confirmation_1,A_conditional,FROZEN,69,,,,101.17431861128942,101.17913740365293
confirmation_1,A_conditional,FROZEN,70,,,,101.94401842847991,102.29884093628237
confirmation_1,A_conditional,FROZEN,71,,,,102.93225160898827,103.4185444689118
confirmation_1,A_conditional,FROZEN,72,,,,104.03019915285958,104.53824800154125
confirmation_1,A_conditional,FROZEN,73,,,,104.92566638475581,105.65795153417069
confirmation_1,A_conditional,FROZEN,74,,,,106.3519741028476,106.77765506680014
confirmation_1,A_conditional,FROZEN,75,,,,107.87780411394074,107.89735859942957
confirmation_1,A_conditional,FROZEN,76,,,,108.73042478118214,109.01706213205901
confirmation_1,A_conditional,FROZEN,77,,,,109.7592367746403,110.13676566468845
confirmation_1,A_conditional,FROZEN,78,,,,110.74183835028587,111.2564691973179
confirmation_1,A_conditional,FROZEN,79,,,,111.74047239174155,112.37617272994733
confirmation_1,A_conditional,FROZEN,80,,,,112.82624159151321,113.49587626257677
confirmation_1,A_conditional,FROZEN,81,,,,113.96641222726802,114.61557979520622
confirmation_1,A_conditional,FROZEN,82,,,,115.1316565986027,115.73528332783566
confirmation_1,A_conditional,FROZEN,83,,,,116.09324036191006,116.8549868604651
confirmation_1,A_conditional,FROZEN,84,,,,117.08040784245279,117.97469039309453
confirmation_1,A_conditional,FROZEN,85,,,,118.03475985416259,119.09439392572398
confirmation_1,A_conditional,FROZEN,86,,,,119.08463106088995,120.21409745835342
confirmation_1,A_conditional,FROZEN,87,,,,120.43688383433141,121.33380099098287
confirmation_1,A_conditional,FROZEN,88,,,,121.37818069572477,122.4535045236123
confirmation_1,A_conditional,FROZEN,89,,,,122.91575065621728,123.57320805624174
confirmation_1,A_conditional,FROZEN,90,,,,124.1419242839951,124.69291158887118
confirmation_1,A_conditional,FROZEN,91,,,,125.18312172015334,125.81261512150063
confirmation_1,A_conditional,FROZEN,92,,,,126.39700864495407,126.93231865413006
confirmation_1,A_conditional,FROZEN,93,,,,127.18507142569827,128.0520221867595
confirmation_1,A_conditional,FROZEN,94,,,,127.91166631726419,129.17172571938895
confirmation_1,A_conditional,FROZEN,95,,,,128.68570997260204,130.2914292520184
confirmation_1,A_conditional,FROZEN,96,,,,129.9862229182841,131.41113278464783
confirmation_1,A_conditional,FROZEN,97,,,,130.91292329260094,132.53083631727728
confirmation_1,A_conditional,FROZEN,98,,,,131.8169162102325,133.65053984990672
confirmation_1,A_conditional,FROZEN,99,,,,132.79418149165815,134.77024338253617
confirmation_1,A_conditional,FROZEN,100,,,,133.81304428649153,135.8899469151656
confirmation_1,A_conditional,FROZEN,101,,,,134.80630653280332,137.00965044779502
confirmation_1,A_conditional,FROZEN,102,,,,136.20933404165592,138.12935398042447
confirmation_1,A_conditional,FROZEN,103,,,,137.69734501073023,139.2490575130539
confirmation_1,A_conditional,FROZEN,104,,,,138.60030400016734,140.36876104568336
confirmation_1,A_conditional,FROZEN,105,,,,139.32986543359476,141.4884645783128
confirmation_1,A_conditional,FROZEN,106,,,,140.26433795631647,142.60816811094224
confirmation_1,A_conditional,FROZEN,107,,,,141.24038835300553,143.7278716435717
confirmation_1,A_conditional,FROZEN,108,,,,142.24243943657376,144.84757517620113
confirmation_1,A_conditional,FROZEN,109,,,,143.243341791544,145.96727870883055
confirmation_1,A_conditional,FROZEN,110,,,,144.21594606718028,147.08698224146
confirmation_1,A_conditional,FROZEN,111,,,,145.29407780707496,148.20668577408944
confirmation_1,A_conditional,FROZEN,112,,,,146.32688292582617,149.32638930671888
confirmation_1,A_conditional,FROZEN,113,,,,147.58093426049047,150.44609283934832
confirmation_1,A_conditional,FROZEN,114,,,,148.34325786419382,151.56579637197777
confirmation_1,A_conditional,FROZEN,115,,,,149.2188954503983,152.6854999046072
confirmation_1,A_conditional,FROZEN,116,,,,150.19503662542755,153.80520343723663
confirmation_1,A_conditional,FROZEN,117,,,,151.6897075771115,154.92490696986607
confirmation_1,A_conditional,FROZEN,118,,,,152.87236830701988,156.04461050249552
confirmation_1,A_conditional,FROZEN,119,,,,153.8472294376012,157.16431403512496
confirmation_1,A_conditional,FROZEN,120,,,,154.8053974487525,158.2840175677544
confirmation_1,A_conditional,JOINT,37.633861981,30.4,30.83083142415422,0.4308314241542206,,
confirmation_1,A_conditional,JOINT,40.498861981,30.4,31.27202023506881,0.8720202350688098,,
confirmation_1,A_conditional,JOINT,43.488861981,30.4,31.659983915140447,1.2599839151404488,,
confirmation_1,A_conditional,JOINT,46.368861981,32.0,31.974861833788392,-0.025138166211608137,,
confirmation_1,A_conditional,JOINT,49.318861981,32.0,32.24968344748358,0.24968344748357651,,
confirmation_1,A_conditional,JOINT,52.598861981,32.0,32.50326994805671,0.5032699480567118,,
confirmation_1,A_conditional,JOINT,55.688861981,32.5,32.70064778754022,0.20064778754021972,,
confirmation_1,A_conditional,JOINT,58.678861981,32.5,32.853289240950545,0.35328924095054504,,
confirmation_1,A_conditional,JOINT,61.833861981,32.5,33.02254383784497,0.5225438378449709,,
confirmation_1,A_conditional,JOINT,64.478861981,32.5,33.10265896629923,0.6026589662992308,,
confirmation_1,A_conditional,JOINT,67.543861981,32.8,33.21078269779833,0.4107826977983322,,
confirmation_1,A_conditional,JOINT,70.473861981,32.8,32.980103922917216,0.180103922917219,,
confirmation_1,A_conditional,JOINT,73.503861981,32.8,32.58206545465981,-0.21793454534018508,,
confirmation_1,A_conditional,JOINT,76.188861981,31.6,32.28551059172877,0.6855105917287716,,
confirmation_1,A_conditional,JOINT,79.118861981,31.6,32.012491866681074,0.41249186668107285,,
confirmation_1,A_conditional,JOINT,82.008861981,31.6,31.786796347344747,0.18679634734474604,,
confirmation_1,A_conditional,JOINT,84.968861981,31.6,31.593243468984745,-0.006756531015255973,,
confirmation_1,A_conditional,JOINT,88.063861981,31.0,31.42485942222814,0.42485942222813833,,
confirmation_1,A_conditional,JOINT,90.903861981,31.0,31.295903879294027,0.29590387929402695,,
confirmation_1,A_conditional,JOINT,93.868861981,31.0,31.18307730120295,0.18307730120294963,,
confirmation_1,A_conditional,JOINT,96.948861981,30.8,31.085593806180068,0.28559380618006713,,
confirmation_1,A_conditional,JOINT,99.633861981,30.8,31.01435295368594,0.21435295368593899,,
confirmation_1,A_conditional,JOINT,102.373861981,30.8,30.952760801062514,0.152760801062513,,
confirmation_1,A_conditional,JOINT,105.068861981,30.8,30.901468264665304,0.10146826466530356,,
confirmation_1,A_conditional,JOINT,107.713861981,30.7,30.85873190311772,0.15873190311772234,,
confirmation_1,A_conditional,JOINT,110.718861981,30.7,30.817900248098983,0.1179002480989837,,
confirmation_1,A_conditional,JOINT,113.553861981,30.7,30.785719021426768,0.0857190214267689,,
confirmation_1,A_conditional,JOINT,116.528861981,30.6,30.757483383212353,0.15748338321235167,,
confirmation_1,A_conditional,JOINT,119.593861981,30.6,30.7333443107462,0.13334431074619957,,
confirmation_1,A_conditional,JOINT,122.438861981,30.6,30.71469031921868,0.11469031921867767,,
confirmation_1,A_conditional,JOINT,125.223861981,30.6,30.699360147953602,0.09936014795360038,,
confirmation_1,A_conditional,JOINT,128.158861981,30.6,30.685839029484107,0.08583902948410582,,
confirmation_1,A_conditional,JOINT,131.258861981,30.6,30.6740103270949,0.07401032709489996,,
confirmation_1,A_conditional,JOINT,134.413861981,30.6,30.66411558306925,0.06411558306924903,,
confirmation_1,A_conditional,JOINT,137.413861981,30.6,30.65636585607872,0.0563658560787168,,
confirmation_1,A_conditional,JOINT,140.473861981,30.6,30.64983946480835,0.04983946480834689,,
confirmation_1,A_conditional,JOINT,143.683861981,30.6,30.644229268720338,0.04422926872033628,,
confirmation_1,A_conditional,JOINT,146.523861981,30.5,30.640139770806968,0.14013977080696804,,
confirmation_1,A_conditional,JOINT,149.193861981,30.5,30.636919442759933,0.1369194427599325,,
confirmation_1,A_conditional,JOINT,152.233861981,30.5,30.633869755484348,0.13386975548434776,,
confirmation_1,A_conditional,JOINT,155.313861981,30.5,30.63133790624677,0.13133790624677033,,
confirmation_1,A_conditional,JOINT,158.003861981,30.5,30.629508643405682,0.12950864340568202,,
confirmation_1,A_conditional,JOINT,160.658861981,30.5,30.62799569415431,0.12799569415431122,,
confirmation_1,A_conditional,JOINT,163.823861981,30.5,30.626509588278022,0.12650958827802228,,
confirmation_1,A_conditional,JOINT,167.138861981,30.5,30.625258344273504,0.12525834427350446,,
confirmation_1,A_conditional,JOINT,170.253861981,30.5,30.62431463207175,0.12431463207175142,,
confirmation_1,A_conditional,JOINT,173.353861981,30.5,30.62355739962652,0.12355739962652024,,
confirmation_1,A_conditional,JOINT,176.008861981,30.5,30.623027974981056,0.12302797498105633,,
confirmation_1,A_conditional,JOINT,178.783861981,30.5,30.62257218868338,0.12257218868338171,,
confirmation_1,A_conditional,JOINT,0,,,,0.0,0.0
confirmation_1,A_conditional,JOINT,1,,,,1.2363889386467672,1.1197035326294407
confirmation_1,A_conditional,JOINT,2,,,,2.194731624643683,2.2394070652588813
confirmation_1,A_conditional,JOINT,3,,,,3.493166759426087,3.3591105978883222
confirmation_1,A_conditional,JOINT,4,,,,4.630979851537473,4.478814130517763
confirmation_1,A_conditional,JOINT,5,,,,5.546487554346557,5.598517663147203
confirmation_1,A_conditional,JOINT,6,,,,6.469475195252519,6.7182211957766444
confirmation_1,A_conditional,JOINT,7,,,,7.402020013005757,7.837924728406085
confirmation_1,A_conditional,JOINT,8,,,,8.328378384359164,8.957628261035525
confirmation_1,A_conditional,JOINT,9,,,,9.523696474381575,10.077331793664966
confirmation_1,A_conditional,JOINT,10,,,,10.935808477312671,11.197035326294406
confirmation_1,A_conditional,JOINT,11,,,,12.147870986037265,12.316738858923847
confirmation_1,A_conditional,JOINT,12,,,,13.006054586080797,13.436442391553289
confirmation_1,A_conditional,JOINT,13,,,,13.905528424183853,14.55614592418273
confirmation_1,A_conditional,JOINT,14,,,,15.059774266001316,15.67584945681217
confirmation_1,A_conditional,JOINT,15,,,,16.06665354039059,16.79555298944161
confirmation_1,A_conditional,JOINT,16,,,,17.106241137192722,17.91525652207105
confirmation_1,A_conditional,JOINT,17,,,,18.379136564370565,19.03496005470049
confirmation_1,A_conditional,JOINT,18,,,,19.633945687743033,20.15466358732993
confirmation_1,A_conditional,JOINT,19,,,,21.479303399945625,21.274367119959372
confirmation_1,A_conditional,JOINT,20,,,,23.093650593278802,22.394070652588812
confirmation_1,A_conditional,JOINT,21,,,,24.125127536808844,23.513774185218253
confirmation_1,A_conditional,JOINT,22,,,,25.13077940183016,24.633477717847693
confirmation_1,A_conditional,JOINT,23,,,,26.16317528347846,25.753181250477134
confirmation_1,A_conditional,JOINT,24,,,,27.49322746074861,26.872884783106578
confirmation_1,A_conditional,JOINT,25,,,,28.840111919018067,27.99258831573602
confirmation_1,A_conditional,JOINT,26,,,,29.928528387977327,29.11229184836546
confirmation_1,A_conditional,JOINT,27,,,,30.996266782048412,30.2319953809949
confirmation_1,A_conditional,JOINT,28,,,,32.23272338945976,31.35169891362434
confirmation_1,A_conditional,JOINT,29,,,,33.400483038562825,32.47140244625378
confirmation_1,A_conditional,JOINT,30,,,,34.3339153187449,33.59110597888322
confirmation_1,A_conditional,JOINT,31,,,,35.57942207368902,34.71080951151266
confirmation_1,A_conditional,JOINT,32,,,,36.841864938591684,35.8305130441421
confirmation_1,A_conditional,JOINT,33,,,,37.989957819425264,36.950216576771545
confirmation_1,A_conditional,JOINT,34,,,,39.54366622745478,38.06992010940098
confirmation_1,A_conditional,JOINT,35,,,,40.72543729552645,39.189623642030426
confirmation_1,A_conditional,JOINT,36,,,,42.563602679597615,41.00928908741926
confirmation_1,A_conditional,JOINT,37,,,,44.43414371226512,42.8831085794259
confirmation_1,A_conditional,JOINT,38,,,,46.42767670742541,44.86777053978792
confirmation_1,A_conditional,JOINT,39,,,,48.58851912242931,46.770975640021476
confirmation_1,A_conditional,JOINT,40,,,,50.53058353018498,48.733423003363555
confirmation_1,A_conditional,JOINT,41,,,,52.28368016136277,50.67790462095786
confirmation_1,A_conditional,JOINT,42,,,,54.213444184229296,52.57853219516517
confirmation_1,A_conditional,JOINT,43,,,,55.69891596951272,54.59973679191894
confirmation_1,A_conditional,JOINT,44,,,,57.19071022719781,56.46800730335379
confirmation_1,A_conditional,JOINT,45,,,,59.054938644275445,58.46706664044123
confirmation_1,A_conditional,JOINT,46,,,,61.592298299001065,60.33358112234251
confirmation_1,A_conditional,JOINT,47,,,,63.61061910279781,62.286142160501
confirmation_1,A_conditional,JOINT,48,,,,65.14578986760799,64.21403400431521
confirmation_1,A_conditional,JOINT,49,,,,66.82946993528317,66.12712418702957
confirmation_1,A_conditional,JOINT,50,,,,68.40546036227325,68.1666309580799
confirmation_1,A_conditional,JOINT,51,,,,69.94798589790658,70.04157488949704
confirmation_1,A_conditional,JOINT,52,,,,71.66477192271955,72.05549899719219
confirmation_1,A_conditional,JOINT,53,,,,73.07727261864558,73.96356977490566
confirmation_1,A_conditional,JOINT,54,,,,74.49267084934883,75.91873122816209
confirmation_1,A_conditional,JOINT,55,,,,76.67057752717612,77.85820033955895
confirmation_1,A_conditional,JOINT,56,,,,78.54945513124517,79.76442058718408
confirmation_1,A_conditional,JOINT,57,,,,80.12300178875167,81.79520974334281
confirmation_1,A_conditional,JOINT,58,,,,81.78942263442146,83.65759949654185
confirmation_1,A_conditional,JOINT,59,,,,83.55400183258082,85.66058088081141
confirmation_1,A_conditional,JOINT,60,,,,85.58818783536597,87.58359286303039
confirmation_1,A_conditional,JOINT,61,,,,87.44330029939765,89.54094499461394
confirmation_1,A_conditional,JOINT,62,,,,89.20170378063258,91.4871973072617
confirmation_1,A_conditional,JOINT,63,,,,90.61465148688966,93.38776452138482
confirmation_1,A_conditional,JOINT,64,,,,92.74229078487465,95.42079876722815
confirmation_1,A_conditional,JOINT,65,,,,94.18643223359098,97.2834982010006
confirmation_1,A_conditional,JOINT,66,,,,95.9092172578562,99.2875489928201
confirmation_1,A_conditional,JOINT,67,,,,98.25586331972409,101.18562790203272
confirmation_1,A_conditional,JOINT,68,,,,100.06802754127105,103.146600864281
confirmation_1,A_conditional,JOINT,69,,,,101.17431861128942,104.92398294411862
confirmation_1,A_conditional,JOINT,70,,,,101.94401842847991,106.04368647674806
confirmation_1,A_conditional,JOINT,71,,,,102.93225160898827,107.1633900093775
confirmation_1,A_conditional,JOINT,72,,,,104.03019915285958,108.28309354200694
confirmation_1,A_conditional,JOINT,73,,,,104.92566638475581,109.40279707463638
confirmation_1,A_conditional,JOINT,74,,,,106.3519741028476,110.52250060726583
confirmation_1,A_conditional,JOINT,75,,,,107.87780411394074,111.64220413989526
confirmation_1,A_conditional,JOINT,76,,,,108.73042478118214,112.7619076725247
confirmation_1,A_conditional,JOINT,77,,,,109.7592367746403,113.88161120515414
confirmation_1,A_conditional,JOINT,78,,,,110.74183835028587,115.00131473778359
confirmation_1,A_conditional,JOINT,79,,,,111.74047239174155,116.12101827041302
confirmation_1,A_conditional,JOINT,80,,,,112.82624159151321,117.24072180304246
confirmation_1,A_conditional,JOINT,81,,,,113.96641222726802,118.3604253356719
confirmation_1,A_conditional,JOINT,82,,,,115.1316565986027,119.48012886830135
confirmation_1,A_conditional,JOINT,83,,,,116.09324036191006,120.5998324009308
confirmation_1,A_conditional,JOINT,84,,,,117.08040784245279,121.71953593356022
confirmation_1,A_conditional,JOINT,85,,,,118.03475985416259,122.83923946618967
confirmation_1,A_conditional,JOINT,86,,,,119.08463106088995,123.95894299881911
confirmation_1,A_conditional,JOINT,87,,,,120.43688383433141,125.07864653144856
confirmation_1,A_conditional,JOINT,88,,,,121.37818069572477,126.19835006407799
confirmation_1,A_conditional,JOINT,89,,,,122.91575065621728,127.31805359670743
confirmation_1,A_conditional,JOINT,90,,,,124.1419242839951,128.4377571293369
confirmation_1,A_conditional,JOINT,91,,,,125.18312172015334,129.55746066196633
confirmation_1,A_conditional,JOINT,92,,,,126.39700864495407,130.67716419459575
confirmation_1,A_conditional,JOINT,93,,,,127.18507142569827,131.7968677272252
confirmation_1,A_conditional,JOINT,94,,,,127.91166631726419,132.91657125985463
confirmation_1,A_conditional,JOINT,95,,,,128.68570997260204,134.03627479248408
confirmation_1,A_conditional,JOINT,96,,,,129.9862229182841,135.15597832511352
confirmation_1,A_conditional,JOINT,97,,,,130.91292329260094,136.27568185774297
confirmation_1,A_conditional,JOINT,98,,,,131.8169162102325,137.3953853903724
confirmation_1,A_conditional,JOINT,99,,,,132.79418149165815,138.51508892300185
confirmation_1,A_conditional,JOINT,100,,,,133.81304428649153,139.6347924556313
confirmation_1,A_conditional,JOINT,101,,,,134.80630653280332,140.75449598826071
confirmation_1,A_conditional,JOINT,102,,,,136.20933404165592,141.87419952089016
confirmation_1,A_conditional,JOINT,103,,,,137.69734501073023,142.9939030535196
confirmation_1,A_conditional,JOINT,104,,,,138.60030400016734,144.11360658614905
confirmation_1,A_conditional,JOINT,105,,,,139.32986543359476,145.2333101187785
confirmation_1,A_conditional,JOINT,106,,,,140.26433795631647,146.35301365140793
confirmation_1,A_conditional,JOINT,107,,,,141.24038835300553,147.47271718403738
confirmation_1,A_conditional,JOINT,108,,,,142.24243943657376,148.59242071666682
confirmation_1,A_conditional,JOINT,109,,,,143.243341791544,149.71212424929624
confirmation_1,A_conditional,JOINT,110,,,,144.21594606718028,150.83182778192568
confirmation_1,A_conditional,JOINT,111,,,,145.29407780707496,151.95153131455513
confirmation_1,A_conditional,JOINT,112,,,,146.32688292582617,153.07123484718457
confirmation_1,A_conditional,JOINT,113,,,,147.58093426049047,154.190938379814
confirmation_1,A_conditional,JOINT,114,,,,148.34325786419382,155.31064191244346
confirmation_1,A_conditional,JOINT,115,,,,149.2188954503983,156.4303454450729
confirmation_1,A_conditional,JOINT,116,,,,150.19503662542755,157.55004897770232
confirmation_1,A_conditional,JOINT,117,,,,151.6897075771115,158.66975251033176
confirmation_1,A_conditional,JOINT,118,,,,152.87236830701988,159.7894560429612
confirmation_1,A_conditional,JOINT,119,,,,153.8472294376012,160.90915957559065
confirmation_1,A_conditional,JOINT,120,,,,154.8053974487525,162.0288631082201
confirmation_1,B_arrival,FROZEN,37.633861981,30.4,30.799366419588186,0.39936641958818697,,
confirmation_1,B_arrival,FROZEN,40.498861981,30.4,31.199495210842958,0.7994952108429594,,
confirmation_1,B_arrival,FROZEN,43.488861981,30.4,31.572485893039296,1.1724858930392976,,
confirmation_1,B_arrival,FROZEN,46.368861981,32.0,31.891233996184088,-0.10876600381591217,,
confirmation_1,B_arrival,FROZEN,49.318861981,32.0,32.174692619658295,0.17469261965829475,,
confirmation_1,B_arrival,FROZEN,52.598861981,32.0,32.43925123313577,0.43925123313577075,,
confirmation_1,B_arrival,FROZEN,55.688861981,32.5,32.66441252697346,0.16441252697345732,,
confirmation_1,B_arrival,FROZEN,58.678861981,32.5,32.847283836185625,0.34728383618562475,,
confirmation_1,B_arrival,FROZEN,61.833861981,32.5,33.037115775136705,0.537115775136705,,
confirmation_1,B_arrival,FROZEN,64.478861981,32.5,33.153048894976365,0.6530488949763651,,
confirmation_1,B_arrival,FROZEN,67.543861981,32.8,33.29056170875355,0.4905617087535532,,
confirmation_1,B_arrival,FROZEN,70.473861981,32.8,33.13804119307076,0.3380411930707652,,
confirmation_1,B_arrival,FROZEN,73.503861981,32.8,32.826895105710115,0.02689510571011766,,
confirmation_1,B_arrival,FROZEN,76.188861981,31.6,32.58568649150902,0.9856864915090213,,
confirmation_1,B_arrival,FROZEN,79.118861981,31.6,32.35482494896232,0.754824948962316,,
confirmation_1,B_arrival,FROZEN,82.008861981,31.6,32.15610976130524,0.5561097613052368,,
confirmation_1,B_arrival,FROZEN,84.968861981,31.6,31.978629271786748,0.3786292717867461,,
confirmation_1,B_arrival,FROZEN,88.063861981,31.0,31.81759133776683,0.8175913377668316,,
confirmation_1,B_arrival,FROZEN,90.903861981,31.0,31.689040890705662,0.6890408907056624,,
confirmation_1,B_arrival,FROZEN,93.868861981,31.0,31.571921065879483,0.5719210658794829,,
confirmation_1,B_arrival,FROZEN,96.948861981,30.8,31.4663598840287,0.6663598840287008,,
confirmation_1,B_arrival,FROZEN,99.633861981,30.8,31.386020224596827,0.586020224596826,,
confirmation_1,B_arrival,FROZEN,102.373861981,30.8,31.313860900331083,0.5138609003310819,,
confirmation_1,B_arrival,FROZEN,105.068861981,30.8,31.251418201287663,0.4514182012876624,,
confirmation_1,B_arrival,FROZEN,107.713861981,30.7,31.19738651275227,0.4973865127522714,,
confirmation_1,B_arrival,FROZEN,110.718861981,30.7,31.143655388369776,0.4436553883697769,,
confirmation_1,B_arrival,FROZEN,113.553861981,30.7,31.099502607721313,0.3995026077213133,,
confirmation_1,B_arrival,FROZEN,116.528861981,30.6,31.05911704113287,0.4591170411328669,,
confirmation_1,B_arrival,FROZEN,119.593861981,30.6,31.023054791675808,0.4230547916758063,,
confirmation_1,B_arrival,FROZEN,122.438861981,30.6,30.99396295199849,0.3939629519984891,,
confirmation_1,B_arrival,FROZEN,125.223861981,30.6,30.969049890571974,0.36904989057197213,,
confirmation_1,B_arrival,FROZEN,128.158861981,30.6,30.946132619532136,0.3461326195321348,,
confirmation_1,B_arrival,FROZEN,131.258861981,30.6,30.92516593326664,0.32516593326663923,,
confirmation_1,B_arrival,FROZEN,134.413861981,30.6,30.906784710165432,0.30678471016543085,,
confirmation_1,B_arrival,FROZEN,137.413861981,30.6,30.891698595195955,0.2916985951959532,,
confirmation_1,B_arrival,FROZEN,140.473861981,30.6,30.878388305864043,0.2783883058640413,,
confirmation_1,B_arrival,FROZEN,143.683861981,30.6,30.866373975897673,0.26637397589767176,,
confirmation_1,B_arrival,FROZEN,146.523861981,30.5,30.857184766123904,0.35718476612390404,,
confirmation_1,B_arrival,FROZEN,149.193861981,30.5,30.849619670913142,0.3496196709131425,,
confirmation_1,B_arrival,FROZEN,152.233861981,30.5,30.842113167851952,0.3421131678519522,,
confirmation_1,B_arrival,FROZEN,155.313861981,30.5,30.835553782129594,0.33555378212959397,,
confirmation_1,B_arrival,FROZEN,158.003861981,30.5,30.830573606470505,0.33057360647050515,,
confirmation_1,B_arrival,FROZEN,160.658861981,30.5,30.826256736262728,0.326256736262728,,
confirmation_1,B_arrival,FROZEN,163.823861981,30.5,30.821789209460324,0.32178920946032363,,
confirmation_1,B_arrival,FROZEN,167.138861981,30.5,30.817794221280128,0.3177942212801277,,
confirmation_1,B_arrival,FROZEN,170.253861981,30.5,30.81458754807247,0.31458754807247047,,
confirmation_1,B_arrival,FROZEN,173.353861981,30.5,30.811848176583258,0.3118481765832577,,
confirmation_1,B_arrival,FROZEN,176.008861981,30.5,30.809812760859334,0.30981276085933374,,
confirmation_1,B_arrival,FROZEN,178.783861981,30.5,30.807952448050845,0.30795244805084465,,
confirmation_1,B_arrival,FROZEN,0,,,,0.0,0.0
confirmation_1,B_arrival,FROZEN,1,,,,1.2363889386467672,1.1197035326294407
confirmation_1,B_arrival,FROZEN,2,,,,2.194731624643683,2.2394070652588813
confirmation_1,B_arrival,FROZEN,3,,,,3.493166759426087,3.3591105978883222
confirmation_1,B_arrival,FROZEN,4,,,,4.630979851537473,4.478814130517763
confirmation_1,B_arrival,FROZEN,5,,,,5.546487554346557,5.598517663147203
confirmation_1,B_arrival,FROZEN,6,,,,6.469475195252519,6.7182211957766444
confirmation_1,B_arrival,FROZEN,7,,,,7.402020013005757,7.837924728406085
confirmation_1,B_arrival,FROZEN,8,,,,8.328378384359164,8.957628261035525
confirmation_1,B_arrival,FROZEN,9,,,,9.523696474381575,10.077331793664966
confirmation_1,B_arrival,FROZEN,10,,,,10.935808477312671,11.197035326294406
confirmation_1,B_arrival,FROZEN,11,,,,12.147870986037265,12.316738858923847
confirmation_1,B_arrival,FROZEN,12,,,,13.006054586080797,13.436442391553289
confirmation_1,B_arrival,FROZEN,13,,,,13.905528424183853,14.55614592418273
confirmation_1,B_arrival,FROZEN,14,,,,15.059774266001316,15.67584945681217
confirmation_1,B_arrival,FROZEN,15,,,,16.06665354039059,16.79555298944161
confirmation_1,B_arrival,FROZEN,16,,,,17.106241137192722,17.91525652207105
confirmation_1,B_arrival,FROZEN,17,,,,18.379136564370565,19.03496005470049
confirmation_1,B_arrival,FROZEN,18,,,,19.633945687743033,20.15466358732993
confirmation_1,B_arrival,FROZEN,19,,,,21.479303399945625,21.274367119959372
confirmation_1,B_arrival,FROZEN,20,,,,23.093650593278802,22.394070652588812
confirmation_1,B_arrival,FROZEN,21,,,,24.125127536808844,23.513774185218253
confirmation_1,B_arrival,FROZEN,22,,,,25.13077940183016,24.633477717847693
confirmation_1,B_arrival,FROZEN,23,,,,26.16317528347846,25.753181250477134
confirmation_1,B_arrival,FROZEN,24,,,,27.49322746074861,26.872884783106578
confirmation_1,B_arrival,FROZEN,25,,,,28.840111919018067,27.99258831573602
confirmation_1,B_arrival,FROZEN,26,,,,29.928528387977327,29.11229184836546
confirmation_1,B_arrival,FROZEN,27,,,,30.996266782048412,30.2319953809949
confirmation_1,B_arrival,FROZEN,28,,,,32.23272338945976,31.35169891362434
confirmation_1,B_arrival,FROZEN,29,,,,33.400483038562825,32.47140244625378
confirmation_1,B_arrival,FROZEN,30,,,,34.3339153187449,33.59110597888322
confirmation_1,B_arrival,FROZEN,31,,,,35.57942207368902,34.71080951151266
confirmation_1,B_arrival,FROZEN,32,,,,36.841864938591684,35.8305130441421
confirmation_1,B_arrival,FROZEN,33,,,,37.989957819425264,36.950216576771545
confirmation_1,B_arrival,FROZEN,34,,,,39.54366622745478,38.06992010940098
confirmation_1,B_arrival,FROZEN,35,,,,40.72543729552645,39.189623642030426
confirmation_1,B_arrival,FROZEN,36,,,,42.563602679597615,40.95229597722659
confirmation_1,B_arrival,FROZEN,37,,,,44.43414371226512,42.752702954139515
confirmation_1,B_arrival,FROZEN,38,,,,46.42767670742541,44.623733424395006
confirmation_1,B_arrival,FROZEN,39,,,,48.58851912242931,46.42823333563428
confirmation_1,B_arrival,FROZEN,40,,,,50.53058353018498,48.28177520676597
confirmation_1,B_arrival,FROZEN,41,,,,52.28368016136277,50.10376371712905
confirmation_1,B_arrival,FROZEN,42,,,,54.213444184229296,51.939816989136936
confirmation_1,B_arrival,FROZEN,43,,,,55.69891596951272,53.814940393718786
confirmation_1,B_arrival,FROZEN,44,,,,57.19071022719781,55.6153473706317
confirmation_1,B_arrival,FROZEN,45,,,,59.054938644275445,57.48637784088721
confirmation_1,B_arrival,FROZEN,46,,,,61.592298299001065,59.29087775212647
confirmation_1,B_arrival,FROZEN,47,,,,63.61061910279781,61.14441962325817
confirmation_1,B_arrival,FROZEN,48,,,,65.14578986760799,62.96640813362124
confirmation_1,B_arrival,FROZEN,49,,,,66.82946993528317,64.80246140562913
confirmation_1,B_arrival,FROZEN,50,,,,68.40546036227325,66.67758481021099
confirmation_1,B_arrival,FROZEN,51,,,,69.94798589790658,68.4779917871239
confirmation_1,B_arrival,FROZEN,52,,,,71.66477192271955,70.3490222573794
confirmation_1,B_arrival,FROZEN,53,,,,73.07727261864558,72.15352216861866
confirmation_1,B_arrival,FROZEN,54,,,,74.49267084934883,74.00706403975038
confirmation_1,B_arrival,FROZEN,55,,,,76.67057752717612,75.82905255011343
confirmation_1,B_arrival,FROZEN,56,,,,78.54945513124517,77.66510582212133
confirmation_1,B_arrival,FROZEN,57,,,,80.12300178875167,79.54022922670318
confirmation_1,B_arrival,FROZEN,58,,,,81.78942263442146,81.3406362036161
confirmation_1,B_arrival,FROZEN,59,,,,83.55400183258082,83.2116666738716
confirmation_1,B_arrival,FROZEN,60,,,,85.58818783536597,85.01616658511087
confirmation_1,B_arrival,FROZEN,61,,,,87.44330029939765,86.86970845624256
confirmation_1,B_arrival,FROZEN,62,,,,89.20170378063258,88.69169696660563
confirmation_1,B_arrival,FROZEN,63,,,,90.61465148688966,90.52775023861352
confirmation_1,B_arrival,FROZEN,64,,,,92.74229078487465,92.40287364319538
confirmation_1,B_arrival,FROZEN,65,,,,94.18643223359098,94.2032806201083
confirmation_1,B_arrival,FROZEN,66,,,,95.9092172578562,96.0743110903638
confirmation_1,B_arrival,FROZEN,67,,,,98.25586331972409,97.87881100160307
confirmation_1,B_arrival,FROZEN,68,,,,100.06802754127105,99.73235287273477
confirmation_1,B_arrival,FROZEN,69,,,,101.17431861128942,101.45895991769886
confirmation_1,B_arrival,FROZEN,70,,,,101.94401842847991,102.5786634503283
confirmation_1,B_arrival,FROZEN,71,,,,102.93225160898827,103.69836698295774
confirmation_1,B_arrival,FROZEN,72,,,,104.03019915285958,104.81807051558718
confirmation_1,B_arrival,FROZEN,73,,,,104.92566638475581,105.93777404821662
confirmation_1,B_arrival,FROZEN,74,,,,106.3519741028476,107.05747758084607
confirmation_1,B_arrival,FROZEN,75,,,,107.87780411394074,108.1771811134755
confirmation_1,B_arrival,FROZEN,76,,,,108.73042478118214,109.29688464610494
confirmation_1,B_arrival,FROZEN,77,,,,109.7592367746403,110.41658817873439
confirmation_1,B_arrival,FROZEN,78,,,,110.74183835028587,111.53629171136383
confirmation_1,B_arrival,FROZEN,79,,,,111.74047239174155,112.65599524399326
confirmation_1,B_arrival,FROZEN,80,,,,112.82624159151321,113.7756987766227
confirmation_1,B_arrival,FROZEN,81,,,,113.96641222726802,114.89540230925215
confirmation_1,B_arrival,FROZEN,82,,,,115.1316565986027,116.01510584188159
confirmation_1,B_arrival,FROZEN,83,,,,116.09324036191006,117.13480937451104
confirmation_1,B_arrival,FROZEN,84,,,,117.08040784245279,118.25451290714047
confirmation_1,B_arrival,FROZEN,85,,,,118.03475985416259,119.37421643976991
confirmation_1,B_arrival,FROZEN,86,,,,119.08463106088995,120.49391997239935
confirmation_1,B_arrival,FROZEN,87,,,,120.43688383433141,121.6136235050288
confirmation_1,B_arrival,FROZEN,88,,,,121.37818069572477,122.73332703765823
confirmation_1,B_arrival,FROZEN,89,,,,122.91575065621728,123.85303057028767
confirmation_1,B_arrival,FROZEN,90,,,,124.1419242839951,124.97273410291712
confirmation_1,B_arrival,FROZEN,91,,,,125.18312172015334,126.09243763554656
confirmation_1,B_arrival,FROZEN,92,,,,126.39700864495407,127.21214116817599
confirmation_1,B_arrival,FROZEN,93,,,,127.18507142569827,128.33184470080545
confirmation_1,B_arrival,FROZEN,94,,,,127.91166631726419,129.4515482334349
confirmation_1,B_arrival,FROZEN,95,,,,128.68570997260204,130.57125176606434
confirmation_1,B_arrival,FROZEN,96,,,,129.9862229182841,131.69095529869378
confirmation_1,B_arrival,FROZEN,97,,,,130.91292329260094,132.8106588313232
confirmation_1,B_arrival,FROZEN,98,,,,131.8169162102325,133.93036236395264
confirmation_1,B_arrival,FROZEN,99,,,,132.79418149165815,135.05006589658208
confirmation_1,B_arrival,FROZEN,100,,,,133.81304428649153,136.16976942921153
confirmation_1,B_arrival,FROZEN,101,,,,134.80630653280332,137.28947296184094
confirmation_1,B_arrival,FROZEN,102,,,,136.20933404165592,138.4091764944704
confirmation_1,B_arrival,FROZEN,103,,,,137.69734501073023,139.52888002709983
confirmation_1,B_arrival,FROZEN,104,,,,138.60030400016734,140.64858355972927
confirmation_1,B_arrival,FROZEN,105,,,,139.32986543359476,141.76828709235872
confirmation_1,B_arrival,FROZEN,106,,,,140.26433795631647,142.88799062498816
confirmation_1,B_arrival,FROZEN,107,,,,141.24038835300553,144.0076941576176
confirmation_1,B_arrival,FROZEN,108,,,,142.24243943657376,145.12739769024705
confirmation_1,B_arrival,FROZEN,109,,,,143.243341791544,146.2471012228765
confirmation_1,B_arrival,FROZEN,110,,,,144.21594606718028,147.36680475550594
confirmation_1,B_arrival,FROZEN,111,,,,145.29407780707496,148.48650828813538
confirmation_1,B_arrival,FROZEN,112,,,,146.32688292582617,149.60621182076483
confirmation_1,B_arrival,FROZEN,113,,,,147.58093426049047,150.72591535339427
confirmation_1,B_arrival,FROZEN,114,,,,148.34325786419382,151.8456188860237
confirmation_1,B_arrival,FROZEN,115,,,,149.2188954503983,152.96532241865316
confirmation_1,B_arrival,FROZEN,116,,,,150.19503662542755,154.08502595128255
confirmation_1,B_arrival,FROZEN,117,,,,151.6897075771115,155.204729483912
confirmation_1,B_arrival,FROZEN,118,,,,152.87236830701988,156.32443301654143
confirmation_1,B_arrival,FROZEN,119,,,,153.8472294376012,157.44413654917088
confirmation_1,B_arrival,FROZEN,120,,,,154.8053974487525,158.56384008180032
confirmation_1,B_arrival,JOINT,37.633861981,30.4,30.839211921612844,0.43921192161284495,,
confirmation_1,B_arrival,JOINT,40.498861981,30.4,31.277250641781205,0.877250641781206,,
confirmation_1,B_arrival,JOINT,43.488861981,30.4,31.669332401032463,1.2693324010324645,,
confirmation_1,B_arrival,JOINT,46.368861981,32.0,31.99114425648623,-0.008855743513770165,,
confirmation_1,B_arrival,JOINT,49.318861981,32.0,32.26500518663088,0.26500518663088,,
confirmation_1,B_arrival,JOINT,52.598861981,32.0,32.50691136613541,0.5069113661354123,,
confirmation_1,B_arrival,JOINT,55.688861981,32.5,32.70586479225615,0.2058647922561505,,
confirmation_1,B_arrival,JOINT,58.678861981,32.5,32.85807048383206,0.35807048383205853,,
confirmation_1,B_arrival,JOINT,61.833861981,32.5,33.01731236790642,0.5173123679064204,,
confirmation_1,B_arrival,JOINT,64.478861981,32.5,33.10198568110226,0.6019856811022635,,
confirmation_1,B_arrival,JOINT,67.543861981,32.8,33.207018995115476,0.4070189951154788,,
confirmation_1,B_arrival,JOINT,70.473861981,32.8,32.977810275944364,0.17781027594436694,,
confirmation_1,B_arrival,JOINT,73.503861981,32.8,32.580153456665556,-0.21984654333444098,,
confirmation_1,B_arrival,JOINT,76.188861981,31.6,32.283883366021286,0.6838833660212842,,
confirmation_1,B_arrival,JOINT,79.118861981,31.6,32.011127229476344,0.4111272294763424,,
confirmation_1,B_arrival,JOINT,82.008861981,31.6,31.785649171380083,0.1856491713800814,,
confirmation_1,B_arrival,JOINT,84.968861981,31.6,31.592283146971667,-0.007716853028334469,,
confirmation_1,B_arrival,JOINT,88.063861981,31.0,31.424062011300016,0.4240620113000162,,
confirmation_1,B_arrival,JOINT,90.903861981,31.0,31.295231523284215,0.2952315232842153,,
confirmation_1,B_arrival,JOINT,93.868861981,31.0,31.182514628679044,0.18251462867904422,,
confirmation_1,B_arrival,JOINT,96.948861981,30.8,31.08512616549252,0.285126165492521,,
confirmation_1,B_arrival,JOINT,99.633861981,30.8,31.013954963232536,0.21395496323253482,,
confirmation_1,B_arrival,JOINT,102.373861981,30.8,30.952423204267255,0.15242320426725442,,
confirmation_1,B_arrival,JOINT,105.068861981,30.8,30.90118112193573,0.1011811219357277,,
confirmation_1,B_arrival,JOINT,107.713861981,30.7,30.85848693948722,0.15848693948722214,,
confirmation_1,B_arrival,JOINT,110.718861981,30.7,30.817695738071915,0.11769573807191591,,
confirmation_1,B_arrival,JOINT,113.553861981,30.7,30.785546532133882,0.08554653213388264,,
confirmation_1,B_arrival,JOINT,116.528861981,30.6,30.75733911930065,0.15733911930064792,,
confirmation_1,B_arrival,JOINT,119.593861981,30.6,30.73322430402543,0.13322430402542906,,
confirmation_1,B_arrival,JOINT,122.438861981,30.6,30.714589163078635,0.11458916307863376,,
confirmation_1,B_arrival,JOINT,125.223861981,30.6,30.69927457351457,0.09927457351456681,,
confirmation_1,B_arrival,JOINT,128.158861981,30.6,30.685767285904138,0.08576728590413651,,
confirmation_1,B_arrival,JOINT,131.258861981,30.6,30.673950772137907,0.07395077213790557,,
confirmation_1,B_arrival,JOINT,134.413861981,30.6,30.664066309039335,0.06406630903933319,,
confirmation_1,B_arrival,JOINT,137.413861981,30.6,30.65632470686825,0.05632470686824931,,
confirmation_1,B_arrival,JOINT,140.473861981,30.6,30.649805224331896,0.04980522433189449,,
confirmation_1,B_arrival,JOINT,143.683861981,30.6,30.64420103258448,0.044201032584478384,,
confirmation_1,B_arrival,JOINT,146.523861981,30.5,30.64011596283674,0.14011596283674166,,
confirmation_1,B_arrival,JOINT,149.193861981,30.5,30.636899162476602,0.1368991624766025,,
confirmation_1,B_arrival,JOINT,152.233861981,30.5,30.633852859868714,0.1338528598687141,,
confirmation_1,B_arrival,JOINT,155.313861981,30.5,30.63132386419393,0.13132386419393072,,
confirmation_1,B_arrival,JOINT,158.003861981,30.5,30.629496696359574,0.12949669635957406,,
confirmation_1,B_arrival,JOINT,160.658861981,30.5,30.627985508159046,0.1279855081590462,,
confirmation_1,B_arrival,JOINT,163.823861981,30.5,30.626501165743843,0.12650116574384285,,
confirmation_1,B_arrival,JOINT,167.138861981,30.5,30.62525144236392,0.12525144236391839,,
confirmation_1,B_arrival,JOINT,170.253861981,30.5,30.624308907897394,0.1243089078973938,,
confirmation_1,B_arrival,JOINT,173.353861981,30.5,30.623552647940617,0.12355264794061682,,
confirmation_1,B_arrival,JOINT,176.008861981,30.5,30.623023923716023,0.12302392371602267,,
confirmation_1,B_arrival,JOINT,178.783861981,30.5,30.622568759400412,0.12256875940041212,,
confirmation_1,B_arrival,JOINT,0,,,,0.0,0.0
confirmation_1,B_arrival,JOINT,1,,,,1.2363889386467672,1.1197035326294407
confirmation_1,B_arrival,JOINT,2,,,,2.194731624643683,2.2394070652588813
confirmation_1,B_arrival,JOINT,3,,,,3.493166759426087,3.3591105978883222
confirmation_1,B_arrival,JOINT,4,,,,4.630979851537473,4.478814130517763
confirmation_1,B_arrival,JOINT,5,,,,5.546487554346557,5.598517663147203
confirmation_1,B_arrival,JOINT,6,,,,6.469475195252519,6.7182211957766444
confirmation_1,B_arrival,JOINT,7,,,,7.402020013005757,7.837924728406085
confirmation_1,B_arrival,JOINT,8,,,,8.328378384359164,8.957628261035525
confirmation_1,B_arrival,JOINT,9,,,,9.523696474381575,10.077331793664966
confirmation_1,B_arrival,JOINT,10,,,,10.935808477312671,11.197035326294406
confirmation_1,B_arrival,JOINT,11,,,,12.147870986037265,12.316738858923847
confirmation_1,B_arrival,JOINT,12,,,,13.006054586080797,13.436442391553289
confirmation_1,B_arrival,JOINT,13,,,,13.905528424183853,14.55614592418273
confirmation_1,B_arrival,JOINT,14,,,,15.059774266001316,15.67584945681217
confirmation_1,B_arrival,JOINT,15,,,,16.06665354039059,16.79555298944161
confirmation_1,B_arrival,JOINT,16,,,,17.106241137192722,17.91525652207105
confirmation_1,B_arrival,JOINT,17,,,,18.379136564370565,19.03496005470049
confirmation_1,B_arrival,JOINT,18,,,,19.633945687743033,20.15466358732993
confirmation_1,B_arrival,JOINT,19,,,,21.479303399945625,21.274367119959372
confirmation_1,B_arrival,JOINT,20,,,,23.093650593278802,22.394070652588812
confirmation_1,B_arrival,JOINT,21,,,,24.125127536808844,23.513774185218253
confirmation_1,B_arrival,JOINT,22,,,,25.13077940183016,24.633477717847693
confirmation_1,B_arrival,JOINT,23,,,,26.16317528347846,25.753181250477134
confirmation_1,B_arrival,JOINT,24,,,,27.49322746074861,26.872884783106578
confirmation_1,B_arrival,JOINT,25,,,,28.840111919018067,27.99258831573602
confirmation_1,B_arrival,JOINT,26,,,,29.928528387977327,29.11229184836546
confirmation_1,B_arrival,JOINT,27,,,,30.996266782048412,30.2319953809949
confirmation_1,B_arrival,JOINT,28,,,,32.23272338945976,31.35169891362434
confirmation_1,B_arrival,JOINT,29,,,,33.400483038562825,32.47140244625378
confirmation_1,B_arrival,JOINT,30,,,,34.3339153187449,33.59110597888322
confirmation_1,B_arrival,JOINT,31,,,,35.57942207368902,34.71080951151266
confirmation_1,B_arrival,JOINT,32,,,,36.841864938591684,35.8305130441421
confirmation_1,B_arrival,JOINT,33,,,,37.989957819425264,36.950216576771545
confirmation_1,B_arrival,JOINT,34,,,,39.54366622745478,38.06992010940098
confirmation_1,B_arrival,JOINT,35,,,,40.72543729552645,39.189623642030426
confirmation_1,B_arrival,JOINT,36,,,,42.563602679597615,41.032270928827494
confirmation_1,B_arrival,JOINT,37,,,,44.43414371226512,42.9117675089492
confirmation_1,B_arrival,JOINT,38,,,,46.42767670742541,44.919545957963045
confirmation_1,B_arrival,JOINT,39,,,,48.58851912242931,46.82365946362804
confirmation_1,B_arrival,JOINT,40,,,,50.53058353018498,48.785146809168076
confirmation_1,B_arrival,JOINT,41,,,,52.28368016136277,50.73555141830688
confirmation_1,B_arrival,JOINT,42,,,,54.213444184229296,52.6507476603731
confirmation_1,B_arrival,JOINT,43,,,,55.69891596951272,54.68314303493025
confirmation_1,B_arrival,JOINT,44,,,,57.19071022719781,56.56263961505195
confirmation_1,B_arrival,JOINT,45,,,,59.054938644275445,58.570418064065805
confirmation_1,B_arrival,JOINT,46,,,,61.592298299001065,60.474531569730786
confirmation_1,B_arrival,JOINT,47,,,,63.61061910279781,62.43601891527083
confirmation_1,B_arrival,JOINT,48,,,,65.14578986760799,64.38642352440964
confirmation_1,B_arrival,JOINT,49,,,,66.82946993528317,66.30161976647585
confirmation_1,B_arrival,JOINT,50,,,,68.40546036227325,68.334015141033
confirmation_1,B_arrival,JOINT,51,,,,69.94798589790658,70.2135117211547
confirmation_1,B_arrival,JOINT,52,,,,71.66477192271955,72.22129017016856
confirmation_1,B_arrival,JOINT,53,,,,73.07727261864558,74.12540367583354
confirmation_1,B_arrival,JOINT,54,,,,74.49267084934883,76.08689102137359
confirmation_1,B_arrival,JOINT,55,,,,76.67057752717612,78.03729563051239
confirmation_1,B_arrival,JOINT,56,,,,78.54945513124517,79.9524918725786
confirmation_1,B_arrival,JOINT,57,,,,80.12300178875167,81.98488724713575
confirmation_1,B_arrival,JOINT,58,,,,81.78942263442146,83.86438382725746
confirmation_1,B_arrival,JOINT,59,,,,83.55400183258082,85.8721622762713
confirmation_1,B_arrival,JOINT,60,,,,85.58818783536597,87.7762757819363
confirmation_1,B_arrival,JOINT,61,,,,87.44330029939765,89.73776312747634
confirmation_1,B_arrival,JOINT,62,,,,89.20170378063258,91.68816773661514
confirmation_1,B_arrival,JOINT,63,,,,90.61465148688966,93.60336397868136
confirmation_1,B_arrival,JOINT,64,,,,92.74229078487465,95.6357593532385
confirmation_1,B_arrival,JOINT,65,,,,94.18643223359098,97.51525593336021
confirmation_1,B_arrival,JOINT,66,,,,95.9092172578562,99.52303438237406
confirmation_1,B_arrival,JOINT,67,,,,98.25586331972409,101.42714788803906
confirmation_1,B_arrival,JOINT,68,,,,100.06802754127105,103.3886352335791
confirmation_1,B_arrival,JOINT,69,,,,101.17431861128942,105.16544507247157
confirmation_1,B_arrival,JOINT,70,,,,101.94401842847991,106.28514860510101
confirmation_1,B_arrival,JOINT,71,,,,102.93225160898827,107.40485213773044
confirmation_1,B_arrival,JOINT,72,,,,104.03019915285958,108.52455567035989
confirmation_1,B_arrival,JOINT,73,,,,104.92566638475581,109.64425920298933
confirmation_1,B_arrival,JOINT,74,,,,106.3519741028476,110.76396273561878
confirmation_1,B_arrival,JOINT,75,,,,107.87780411394074,111.8836662682482
confirmation_1,B_arrival,JOINT,76,,,,108.73042478118214,113.00336980087765
confirmation_1,B_arrival,JOINT,77,,,,109.7592367746403,114.1230733335071
confirmation_1,B_arrival,JOINT,78,,,,110.74183835028587,115.24277686613654
confirmation_1,B_arrival,JOINT,79,,,,111.74047239174155,116.36248039876597
confirmation_1,B_arrival,JOINT,80,,,,112.82624159151321,117.48218393139541
confirmation_1,B_arrival,JOINT,81,,,,113.96641222726802,118.60188746402486
confirmation_1,B_arrival,JOINT,82,,,,115.1316565986027,119.7215909966543
confirmation_1,B_arrival,JOINT,83,,,,116.09324036191006,120.84129452928374
confirmation_1,B_arrival,JOINT,84,,,,117.08040784245279,121.96099806191317
confirmation_1,B_arrival,JOINT,85,,,,118.03475985416259,123.08070159454262
confirmation_1,B_arrival,JOINT,86,,,,119.08463106088995,124.20040512717206
confirmation_1,B_arrival,JOINT,87,,,,120.43688383433141,125.3201086598015
confirmation_1,B_arrival,JOINT,88,,,,121.37818069572477,126.43981219243094
confirmation_1,B_arrival,JOINT,89,,,,122.91575065621728,127.55951572506038
confirmation_1,B_arrival,JOINT,90,,,,124.1419242839951,128.67921925768982
confirmation_1,B_arrival,JOINT,91,,,,125.18312172015334,129.79892279031927
confirmation_1,B_arrival,JOINT,92,,,,126.39700864495407,130.91862632294868
confirmation_1,B_arrival,JOINT,93,,,,127.18507142569827,132.03832985557813
confirmation_1,B_arrival,JOINT,94,,,,127.91166631726419,133.15803338820757
confirmation_1,B_arrival,JOINT,95,,,,128.68570997260204,134.27773692083701
confirmation_1,B_arrival,JOINT,96,,,,129.9862229182841,135.39744045346646
confirmation_1,B_arrival,JOINT,97,,,,130.91292329260094,136.5171439860959
confirmation_1,B_arrival,JOINT,98,,,,131.8169162102325,137.63684751872535
confirmation_1,B_arrival,JOINT,99,,,,132.79418149165815,138.7565510513548
confirmation_1,B_arrival,JOINT,100,,,,133.81304428649153,139.87625458398423
confirmation_1,B_arrival,JOINT,101,,,,134.80630653280332,140.99595811661368
confirmation_1,B_arrival,JOINT,102,,,,136.20933404165592,142.11566164924312
confirmation_1,B_arrival,JOINT,103,,,,137.69734501073023,143.23536518187257
confirmation_1,B_arrival,JOINT,104,,,,138.60030400016734,144.355068714502
confirmation_1,B_arrival,JOINT,105,,,,139.32986543359476,145.47477224713143
confirmation_1,B_arrival,JOINT,106,,,,140.26433795631647,146.59447577976087
confirmation_1,B_arrival,JOINT,107,,,,141.24038835300553,147.7141793123903
confirmation_1,B_arrival,JOINT,108,,,,142.24243943657376,148.83388284501976
confirmation_1,B_arrival,JOINT,109,,,,143.243341791544,149.95358637764917
confirmation_1,B_arrival,JOINT,110,,,,144.21594606718028,151.07328991027862
confirmation_1,B_arrival,JOINT,111,,,,145.29407780707496,152.19299344290806
confirmation_1,B_arrival,JOINT,112,,,,146.32688292582617,153.3126969755375
confirmation_1,B_arrival,JOINT,113,,,,147.58093426049047,154.43240050816695
confirmation_1,B_arrival,JOINT,114,,,,148.34325786419382,155.5521040407964
confirmation_1,B_arrival,JOINT,115,,,,149.2188954503983,156.67180757342584
confirmation_1,B_arrival,JOINT,116,,,,150.19503662542755,157.79151110605528
confirmation_1,B_arrival,JOINT,117,,,,151.6897075771115,158.91121463868473
confirmation_1,B_arrival,JOINT,118,,,,152.87236830701988,160.03091817131417
confirmation_1,B_arrival,JOINT,119,,,,153.8472294376012,161.1506217039436
confirmation_1,B_arrival,JOINT,120,,,,154.8053974487525,162.27032523657306
confirmation_2,A_conditional,FROZEN,35.206226191,30.7,30.444239343037268,-0.25576065696273176,,
confirmation_2,A_conditional,FROZEN,38.266226191,30.7,30.752488018916605,0.05248801891660548,,
confirmation_2,A_conditional,FROZEN,40.836226191,30.7,30.96310720514259,0.26310720514259245,,
confirmation_2,A_conditional,FROZEN,43.921226191,31.5,31.209839947995288,-0.29016005200471184,,
confirmation_2,A_conditional,FROZEN,46.911226191,31.5,31.40102181746519,-0.09897818253481105,,
confirmation_2,A_conditional,FROZEN,49.941226191,31.5,31.576359210228617,0.0763592102286168,,
confirmation_2,A_conditional,FROZEN,52.916226191,31.5,31.74646138367258,0.24646138367258175,,
confirmation_2,A_conditional,FROZEN,55.836226191,32.0,31.86265458921478,-0.137345410785219,,
confirmation_2,A_conditional,FROZEN,58.981226191,32.0,31.99389700763286,-0.006102992367139848,,
confirmation_2,A_conditional,FROZEN,62.136226191,32.0,32.11598474287418,0.1159847428741827,,
confirmation_2,A_conditional,FROZEN,65.206226191,32.1,32.198692200124235,0.09869220012423341,,
confirmation_2,A_conditional,FROZEN,68.146226191,32.1,32.28160030575956,0.18160030575955943,,
confirmation_2,A_conditional,FROZEN,70.736226191,32.1,32.409155622805415,0.3091556228054131,,
confirmation_2,A_conditional,FROZEN,73.671226191,32.4,32.55230924724594,0.1523092472459382,,
confirmation_2,A_conditional,FROZEN,76.681226191,32.4,32.681424760827746,0.2814247608277469,,
confirmation_2,A_conditional,FROZEN,79.556226191,32.4,32.78998556767158,0.3899855676715802,,
confirmation_2,A_conditional,FROZEN,82.646226191,32.4,32.62416303825045,0.22416303825045247,,
confirmation_2,A_conditional,FROZEN,85.711226191,32.2,32.392587632967235,0.19258763296723203,,
confirmation_2,A_conditional,FROZEN,88.351226191,32.2,32.21808238969289,0.01808238969288567,,
confirmation_2,A_conditional,FROZEN,91.436226191,32.2,32.03969941685816,-0.16030058314184004,,
confirmation_2,A_conditional,FROZEN,94.326226191,31.1,31.89443640974752,0.7944364097475187,,
confirmation_2,A_conditional,FROZEN,96.941226191,31.1,31.77892833987152,0.6789283398715185,,
confirmation_2,A_conditional,FROZEN,99.731226191,31.1,31.6703604714412,0.5703604714411981,,
confirmation_2,A_conditional,FROZEN,102.901226191,31.1,31.56309536157106,0.46309536157106024,,
confirmation_2,A_conditional,FROZEN,105.481226191,30.9,31.486854901071872,0.5868549010718738,,
confirmation_2,A_conditional,FROZEN,108.546226191,30.9,31.40752704393619,0.507527043936193,,
confirmation_2,A_conditional,FROZEN,111.421226191,30.9,31.34283726275749,0.442837262757493,,
confirmation_2,A_conditional,FROZEN,114.491226191,30.8,31.282786872070837,0.4827868720708359,,
confirmation_2,A_conditional,FROZEN,117.436226191,30.8,31.232808483412274,0.4328084834122734,,
confirmation_2,A_conditional,FROZEN,120.831226191,30.8,31.183195764191616,0.3831957641916155,,
confirmation_2,A_conditional,FROZEN,123.526226191,30.7,31.149110186575133,0.44911018657513324,,
confirmation_2,A_conditional,FROZEN,126.676226191,30.7,31.114412424109908,0.41441242410990853,,
confirmation_2,A_conditional,FROZEN,129.381226191,30.7,31.088485839801052,0.3884858398010529,,
confirmation_2,A_conditional,FROZEN,132.296226191,30.7,31.064034586078364,0.3640345860783647,,
confirmation_2,A_conditional,FROZEN,135.261226191,30.7,31.042408828610395,0.34240882861039523,,
confirmation_2,A_conditional,FROZEN,138.356226191,30.7,31.022867269654196,0.3228672696541963,,
confirmation_2,A_conditional,FROZEN,141.001226191,30.7,31.008307407894097,0.30830740789409816,,
confirmation_2,A_conditional,FROZEN,144.061226191,30.7,30.993606034614103,0.29360603461410406,,
confirmation_2,A_conditional,FROZEN,147.031226191,30.7,30.981255038245553,0.2812550382455541,,
confirmation_2,A_conditional,FROZEN,150.116226191,30.7,30.970158521614692,0.2701585216146931,,
confirmation_2,A_conditional,FROZEN,153.081226191,30.6,30.960936722906975,0.360936722906974,,
confirmation_2,A_conditional,FROZEN,155.866226191,30.6,30.953394921520857,0.35339492152085583,,
confirmation_2,A_conditional,FROZEN,158.816226191,30.6,30.946437468164575,0.34643746816457366,,
confirmation_2,A_conditional,FROZEN,161.876226191,30.6,30.940195780056484,0.340195780056483,,
confirmation_2,A_conditional,FROZEN,164.751226191,30.6,30.935117198550657,0.33511719855065536,,
confirmation_2,A_conditional,FROZEN,167.811226191,30.6,30.930436690719297,0.3304366907192957,,
confirmation_2,A_conditional,FROZEN,170.881226191,30.6,30.92639174615801,0.32639174615800925,,
confirmation_2,A_conditional,FROZEN,174.231226191,30.6,30.92261741672158,0.3226174167215774,,
confirmation_2,A_conditional,FROZEN,177.361226191,30.6,30.919608718446117,0.3196087184461156,,
confirmation_2,A_conditional,FROZEN,0,,,,0.0,0.0
confirmation_2,A_conditional,FROZEN,1,,,,1.1451330531180792,1.0531168337289274
confirmation_2,A_conditional,FROZEN,2,,,,2.119953019443621,2.106233667457855
confirmation_2,A_conditional,FROZEN,3,,,,3.646238718781348,3.159350501186782
confirmation_2,A_conditional,FROZEN,4,,,,4.688718359385341,4.21246733491571
confirmation_2,A_conditional,FROZEN,5,,,,5.589733016376437,5.2655841686446365
confirmation_2,A_conditional,FROZEN,6,,,,6.323052968356525,6.318701002373564
confirmation_2,A_conditional,FROZEN,7,,,,7.502515110306042,7.371817836102492
confirmation_2,A_conditional,FROZEN,8,,,,8.807229291045354,8.42493466983142
confirmation_2,A_conditional,FROZEN,9,,,,9.749347351969067,9.478051503560346
confirmation_2,A_conditional,FROZEN,10,,,,10.68522677360084,10.531168337289273
confirmation_2,A_conditional,FROZEN,11,,,,11.770823842681088,11.584285171018202
confirmation_2,A_conditional,FROZEN,12,,,,12.686954489681435,12.637402004747129
confirmation_2,A_conditional,FROZEN,13,,,,13.378999022961905,13.690518838476056
confirmation_2,A_conditional,FROZEN,14,,,,14.421298953782586,14.743635672204984
confirmation_2,A_conditional,FROZEN,15,,,,15.768327433989596,15.796752505933911
confirmation_2,A_conditional,FROZEN,16,,,,16.71205294112877,16.84986933966284
confirmation_2,A_conditional,FROZEN,17,,,,17.64817635012038,17.902986173391767
confirmation_2,A_conditional,FROZEN,18,,,,18.65913809355408,18.956103007120692
confirmation_2,A_conditional,FROZEN,19,,,,19.693929733066387,20.00921984084962
confirmation_2,A_conditional,FROZEN,20,,,,20.67539160719205,21.062336674578546
confirmation_2,A_conditional,FROZEN,21,,,,21.932629668348753,22.115453508307475
confirmation_2,A_conditional,FROZEN,22,,,,23.719332712511374,23.168570342036404
confirmation_2,A_conditional,FROZEN,23,,,,24.742242107586073,24.22168717576533
confirmation_2,A_conditional,FROZEN,24,,,,25.685629032355195,25.274804009494257
confirmation_2,A_conditional,FROZEN,25,,,,26.617847272907426,26.327920843223186
confirmation_2,A_conditional,FROZEN,26,,,,27.550046513659876,27.38103767695211
confirmation_2,A_conditional,FROZEN,27,,,,28.609704478795486,28.43415451068104
confirmation_2,A_conditional,FROZEN,28,,,,30.204186001256915,29.48727134440997
confirmation_2,A_conditional,FROZEN,29,,,,31.792472645136026,30.540388178138894
confirmation_2,A_conditional,FROZEN,30,,,,32.93629550794282,31.593505011867823
confirmation_2,A_conditional,FROZEN,31,,,,34.03524783011093,32.64662184559675
confirmation_2,A_conditional,FROZEN,32,,,,34.98286188226648,33.69973867932568
confirmation_2,A_conditional,FROZEN,33,,,,35.640329673890804,34.752855513054605
confirmation_2,A_conditional,FROZEN,34,,,,36.60220367259396,35.805972346783534
confirmation_2,A_conditional,FROZEN,35,,,,37.850900854181376,36.859089180512456
confirmation_2,A_conditional,FROZEN,36,,,,39.68985574300262,38.51181057349716
confirmation_2,A_conditional,FROZEN,37,,,,41.83488089700741,40.18341132132491
confirmation_2,A_conditional,FROZEN,38,,,,42.997174529003,41.80905886138901
confirmation_2,A_conditional,FROZEN,39,,,,44.206588474788546,43.41901068939613
confirmation_2,A_conditional,FROZEN,40,,,,45.63208987338337,45.10346459269048
confirmation_2,A_conditional,FROZEN,41,,,,47.233096567056805,46.72665927956677
confirmation_2,A_conditional,FROZEN,42,,,,49.46818436117703,48.41129655997655
confirmation_2,A_conditional,FROZEN,43,,,,51.62089832735177,50.06974023519122
confirmation_2,A_conditional,FROZEN,44,,,,53.09003858623569,51.739845696924604
confirmation_2,A_conditional,FROZEN,45,,,,54.78650861468834,53.404702812393325
confirmation_2,A_conditional,FROZEN,46,,,,56.50281273948034,55.08758540741164
confirmation_2,A_conditional,FROZEN,47,,,,57.81934520721692,56.691271558503175
confirmation_2,A_conditional,FROZEN,48,,,,58.96589857715186,58.30090843913513
confirmation_2,A_conditional,FROZEN,49,,,,60.4551638023755,59.98601115848426
confirmation_2,A_conditional,FROZEN,50,,,,62.54431198569391,61.62405021277402
confirmation_2,A_conditional,FROZEN,51,,,,64.74384811314837,63.29449518843176
confirmation_2,A_conditional,FROZEN,52,,,,65.92664310218997,64.96291192245151
confirmation_2,A_conditional,FROZEN,53,,,,67.24848453403486,66.63666679115452
confirmation_2,A_conditional,FROZEN,54,,,,69.20001953143375,68.27187345092868
confirmation_2,A_conditional,FROZEN,55,,,,71.10469673691405,69.95807916362295
confirmation_2,A_conditional,FROZEN,56,,,,72.54441159143565,71.56578802971273
confirmation_2,A_conditional,FROZEN,57,,,,73.92283353111827,73.25642369388314
confirmation_2,A_conditional,FROZEN,58,,,,75.26102993155061,74.86569060178563
confirmation_2,A_conditional,FROZEN,59,,,,77.04711878749461,76.52321114048388
confirmation_2,A_conditional,FROZEN,60,,,,78.23796549256771,78.20117857237247
confirmation_2,A_conditional,FROZEN,61,,,,79.47884075396476,79.86936798404454
confirmation_2,A_conditional,FROZEN,62,,,,80.7570462389799,81.52656629727105
confirmation_2,A_conditional,FROZEN,63,,,,82.14684564814193,83.13289764173537
confirmation_2,A_conditional,FROZEN,64,,,,84.12239252423103,84.81630778377729
confirmation_2,A_conditional,FROZEN,65,,,,85.69495049346669,86.41867561575464
confirmation_2,A_conditional,FROZEN,66,,,,87.437555313414,88.08095416563098
confirmation_2,A_conditional,FROZEN,67,,,,89.75715867249173,89.75654555014228
confirmation_2,A_conditional,FROZEN,68,,,,91.58596306536386,91.43178549677326
confirmation_2,A_conditional,FROZEN,69,,,,93.63752710063491,93.10756461811727
confirmation_2,A_conditional,FROZEN,70,,,,95.44649545422152,94.86927380655979
confirmation_2,A_conditional,FROZEN,71,,,,97.51890542293779,96.63224794513346
confirmation_2,A_conditional,FROZEN,72,,,,99.26956438916126,98.39633139569756
confirmation_2,A_conditional,FROZEN,73,,,,100.87214953839198,100.15803691043291
confirmation_2,A_conditional,FROZEN,74,,,,102.1389926757476,101.92182745824189
confirmation_2,A_conditional,FROZEN,75,,,,103.41564276174246,103.68330850968286
confirmation_2,A_conditional,FROZEN,76,,,,104.75027515731456,105.44623877550946
confirmation_2,A_conditional,FROZEN,77,,,,106.20675553908525,107.21187678880675
confirmation_2,A_conditional,FROZEN,78,,,,107.91629358249976,108.97561929681677
confirmation_2,A_conditional,FROZEN,79,,,,109.62571767104046,110.73982575490305
confirmation_2,A_conditional,FROZEN,80,,,,111.13084168460344,112.50159395079662
confirmation_2,A_conditional,FROZEN,81,,,,112.48816819358285,113.82230083455856
confirmation_2,A_conditional,FROZEN,82,,,,113.42713970679851,114.87541766828748
confirmation_2,A_conditional,FROZEN,83,,,,114.37193046692407,115.92853450201642
confirmation_2,A_conditional,FROZEN,84,,,,115.4379448721856,116.98165133574534
confirmation_2,A_conditional,FROZEN,85,,,,116.19417160293483,118.03476816947428
confirmation_2,A_conditional,FROZEN,86,,,,117.15221210280973,119.0878850032032
confirmation_2,A_conditional,FROZEN,87,,,,118.0922619091406,120.14100183693212
confirmation_2,A_conditional,FROZEN,88,,,,119.08180234562649,121.19411867066106
confirmation_2,A_conditional,FROZEN,89,,,,120.0132229090069,122.24723550438998
confirmation_2,A_conditional,FROZEN,90,,,,121.0723701207351,123.30035233811891
confirmation_2,A_conditional,FROZEN,91,,,,122.0684365933942,124.35346917184783
confirmation_2,A_conditional,FROZEN,92,,,,123.44501651765789,125.40658600557676
confirmation_2,A_conditional,FROZEN,93,,,,124.83402254188395,126.45970283930569
confirmation_2,A_conditional,FROZEN,94,,,,125.8758251617005,127.51281967303461
confirmation_2,A_conditional,FROZEN,95,,,,126.90036014550391,128.56593650676353
confirmation_2,A_conditional,FROZEN,96,,,,127.83681597730968,129.61905334049246
confirmation_2,A_conditional,FROZEN,97,,,,128.85748469894725,130.67217017422138
confirmation_2,A_conditional,FROZEN,98,,,,129.87952655770545,131.72528700795033
confirmation_2,A_conditional,FROZEN,99,,,,130.66152611132853,132.77840384167925
confirmation_2,A_conditional,FROZEN,100,,,,131.84746981303346,133.83152067540817
confirmation_2,A_conditional,FROZEN,101,,,,132.72482152374337,134.8846375091371
confirmation_2,A_conditional,FROZEN,102,,,,133.5851518179226,135.93775434286601
confirmation_2,A_conditional,FROZEN,103,,,,134.59652232505425,136.99087117659496
confirmation_2,A_conditional,FROZEN,104,,,,135.8799863887306,138.0439880103239
confirmation_2,A_conditional,FROZEN,105,,,,136.6530670283536,139.0971048440528
confirmation_2,A_conditional,FROZEN,106,,,,137.5831045037939,140.15022167778173
confirmation_2,A_conditional,FROZEN,107,,,,138.8388707318491,141.20333851151065
confirmation_2,A_conditional,FROZEN,108,,,,140.0319512615543,142.2564553452396
confirmation_2,A_conditional,FROZEN,109,,,,141.227800360593,143.30957217896852
confirmation_2,A_conditional,FROZEN,110,,,,142.2810486924158,144.36268901269744
confirmation_2,A_conditional,FROZEN,111,,,,143.27068695139843,145.41580584642637
confirmation_2,A_conditional,FROZEN,112,,,,144.22129950460513,146.46892268015532
confirmation_2,A_conditional,FROZEN,113,,,,145.3857527140418,147.52203951388424
confirmation_2,A_conditional,FROZEN,114,,,,147.16160015247794,148.57515634761316
confirmation_2,A_conditional,FROZEN,115,,,,148.4365852025113,149.62827318134208
confirmation_2,A_conditional,FROZEN,116,,,,149.54652818866148,150.681390015071
confirmation_2,A_conditional,FROZEN,117,,,,150.39002374365901,151.73450684879995
confirmation_2,A_conditional,FROZEN,118,,,,151.22912522527213,152.78762368252887
confirmation_2,A_conditional,FROZEN,119,,,,152.12477707407635,153.8407405162578
confirmation_2,A_conditional,FROZEN,120,,,,153.01501258926606,154.89385734998672
confirmation_2,A_conditional,JOINT,35.206226191,30.7,30.438124349085193,-0.26187565091480636,,
confirmation_2,A_conditional,JOINT,38.266226191,30.7,30.78070881292808,0.08070881292807996,,
confirmation_2,A_conditional,JOINT,40.836226191,30.7,31.003400956556266,0.303400956556267,,
confirmation_2,A_conditional,JOINT,43.921226191,31.5,31.25686914218332,-0.24313085781668065,,
confirmation_2,A_conditional,JOINT,46.911226191,31.5,31.441469761613128,-0.05853023838687221,,
confirmation_2,A_conditional,JOINT,49.941226191,31.5,31.604422885842187,0.10442288584218673,,
confirmation_2,A_conditional,JOINT,52.916226191,31.5,31.761133802938367,0.2611338029383674,,
confirmation_2,A_conditional,JOINT,55.836226191,32.0,31.855045637338176,-0.14495436266182438,,
confirmation_2,A_conditional,JOINT,58.981226191,32.0,31.96436566318202,-0.03563433681798145,,
confirmation_2,A_conditional,JOINT,62.136226191,32.0,32.064662807805114,0.06466280780511369,,
confirmation_2,A_conditional,JOINT,65.206226191,32.1,32.12180448059339,0.021804480593388575,,
confirmation_2,A_conditional,JOINT,68.146226191,32.1,32.183023317303224,0.08302331730322265,,
confirmation_2,A_conditional,JOINT,70.736226191,32.1,32.30256529725923,0.2025652972592269,,
confirmation_2,A_conditional,JOINT,73.671226191,32.4,32.435186461153236,0.03518646115323776,,
confirmation_2,A_conditional,JOINT,76.681226191,32.4,32.549937671230765,0.1499376712307665,,
confirmation_2,A_conditional,JOINT,79.556226191,32.4,32.64252782320994,0.24252782320994015,,
confirmation_2,A_conditional,JOINT,82.646226191,32.4,32.4131292291548,0.013129229154799305,,
confirmation_2,A_conditional,JOINT,85.711226191,32.2,32.12241227464969,-0.07758772535031255,,
confirmation_2,A_conditional,JOINT,88.351226191,32.2,31.911872622597787,-0.2881273774022155,,
confirmation_2,A_conditional,JOINT,91.436226191,32.2,31.705010455137398,-0.49498954486260516,,
confirmation_2,A_conditional,JOINT,94.326226191,31.1,31.543423027558745,0.44342302755874385,,
confirmation_2,A_conditional,JOINT,96.941226191,31.1,31.419778541765062,0.3197785417650607,,
confirmation_2,A_conditional,JOINT,99.731226191,31.1,31.307856465812936,0.2078564658129345,,
confirmation_2,A_conditional,JOINT,102.901226191,31.1,31.201773834675514,0.10177383467551238,,
confirmation_2,A_conditional,JOINT,105.481226191,30.9,31.12936585608386,0.22936585608386295,,
confirmation_2,A_conditional,JOINT,108.546226191,30.9,31.05694160604506,0.1569416060450628,,
confirmation_2,A_conditional,JOINT,111.421226191,30.9,31.00030555857635,0.10030555857635193,,
confirmation_2,A_conditional,JOINT,114.491226191,30.8,30.949890870851533,0.1498908708515323,,
confirmation_2,A_conditional,JOINT,117.436226191,30.8,30.909686975076635,0.1096869750766345,,
confirmation_2,A_conditional,JOINT,120.831226191,30.8,30.871533638914514,0.07153363891451292,,
confirmation_2,A_conditional,JOINT,123.526226191,30.7,30.846447006645136,0.1464470066451362,,
confirmation_2,A_conditional,JOINT,126.676226191,30.7,30.821958743437627,0.12195874343762725,,
confirmation_2,A_conditional,JOINT,129.381226191,30.7,30.804424192407517,0.10442419240751732,,
confirmation_2,A_conditional,JOINT,132.296226191,30.7,30.78855079575429,0.08855079575429059,,
confirmation_2,A_conditional,JOINT,135.261226191,30.7,30.775105526049675,0.07510552604967557,,
confirmation_2,A_conditional,JOINT,138.356226191,30.7,30.763489519120924,0.0634895191209246,,
confirmation_2,A_conditional,JOINT,141.001226191,30.7,30.755200384219346,0.05520038421934714,,
confirmation_2,A_conditional,JOINT,144.061226191,30.7,30.747183070269475,0.04718307026947599,,
confirmation_2,A_conditional,JOINT,147.031226191,30.7,30.74075169766622,0.04075169766622011,,
confirmation_2,A_conditional,JOINT,150.116226191,30.7,30.735238558696317,0.03523855869631731,,
confirmation_2,A_conditional,JOINT,153.081226191,30.6,30.730870356235222,0.1308703562352207,,
confirmation_2,A_conditional,JOINT,155.866226191,30.6,30.727458980786654,0.12745898078665263,,
confirmation_2,A_conditional,JOINT,158.816226191,30.6,30.724455456383016,0.12445545638301425,,
confirmation_2,A_conditional,JOINT,161.876226191,30.6,30.72189216153596,0.12189216153595694,,
confirmation_2,A_conditional,JOINT,164.751226191,30.6,30.71990935609539,0.11990935609538766,,
confirmation_2,A_conditional,JOINT,167.811226191,30.6,30.718173984559748,0.11817398455974626,,
confirmation_2,A_conditional,JOINT,170.881226191,30.6,30.71675446816824,0.11675446816823865,,
confirmation_2,A_conditional,JOINT,174.231226191,30.6,30.71550621896558,0.115506218965578,,
confirmation_2,A_conditional,JOINT,177.361226191,30.6,30.714571410744863,0.11457141074486188,,
confirmation_2,A_conditional,JOINT,0,,,,0.0,0.0
confirmation_2,A_conditional,JOINT,1,,,,1.1451330531180792,1.0531168337289274
confirmation_2,A_conditional,JOINT,2,,,,2.119953019443621,2.106233667457855
confirmation_2,A_conditional,JOINT,3,,,,3.646238718781348,3.159350501186782
confirmation_2,A_conditional,JOINT,4,,,,4.688718359385341,4.21246733491571
confirmation_2,A_conditional,JOINT,5,,,,5.589733016376437,5.2655841686446365
confirmation_2,A_conditional,JOINT,6,,,,6.323052968356525,6.318701002373564
confirmation_2,A_conditional,JOINT,7,,,,7.502515110306042,7.371817836102492
confirmation_2,A_conditional,JOINT,8,,,,8.807229291045354,8.42493466983142
confirmation_2,A_conditional,JOINT,9,,,,9.749347351969067,9.478051503560346
confirmation_2,A_conditional,JOINT,10,,,,10.68522677360084,10.531168337289273
confirmation_2,A_conditional,JOINT,11,,,,11.770823842681088,11.584285171018202
confirmation_2,A_conditional,JOINT,12,,,,12.686954489681435,12.637402004747129
confirmation_2,A_conditional,JOINT,13,,,,13.378999022961905,13.690518838476056
confirmation_2,A_conditional,JOINT,14,,,,14.421298953782586,14.743635672204984
confirmation_2,A_conditional,JOINT,15,,,,15.768327433989596,15.796752505933911
confirmation_2,A_conditional,JOINT,16,,,,16.71205294112877,16.84986933966284
confirmation_2,A_conditional,JOINT,17,,,,17.64817635012038,17.902986173391767
confirmation_2,A_conditional,JOINT,18,,,,18.65913809355408,18.956103007120692
confirmation_2,A_conditional,JOINT,19,,,,19.693929733066387,20.00921984084962
confirmation_2,A_conditional,JOINT,20,,,,20.67539160719205,21.062336674578546
confirmation_2,A_conditional,JOINT,21,,,,21.932629668348753,22.115453508307475
confirmation_2,A_conditional,JOINT,22,,,,23.719332712511374,23.168570342036404
confirmation_2,A_conditional,JOINT,23,,,,24.742242107586073,24.22168717576533
confirmation_2,A_conditional,JOINT,24,,,,25.685629032355195,25.274804009494257
confirmation_2,A_conditional,JOINT,25,,,,26.617847272907426,26.327920843223186
confirmation_2,A_conditional,JOINT,26,,,,27.550046513659876,27.38103767695211
confirmation_2,A_conditional,JOINT,27,,,,28.609704478795486,28.43415451068104
confirmation_2,A_conditional,JOINT,28,,,,30.204186001256915,29.48727134440997
confirmation_2,A_conditional,JOINT,29,,,,31.792472645136026,30.540388178138894
confirmation_2,A_conditional,JOINT,30,,,,32.93629550794282,31.593505011867823
confirmation_2,A_conditional,JOINT,31,,,,34.03524783011093,32.64662184559675
confirmation_2,A_conditional,JOINT,32,,,,34.98286188226648,33.69973867932568
confirmation_2,A_conditional,JOINT,33,,,,35.640329673890804,34.752855513054605
confirmation_2,A_conditional,JOINT,34,,,,36.60220367259396,35.805972346783534
confirmation_2,A_conditional,JOINT,35,,,,37.850900854181376,36.859089180512456
confirmation_2,A_conditional,JOINT,36,,,,39.68985574300262,38.51378711957574
confirmation_2,A_conditional,JOINT,37,,,,41.83488089700741,40.18749534202172
confirmation_2,A_conditional,JOINT,38,,,,42.997174529003,41.815788899389375
confirmation_2,A_conditional,JOINT,39,,,,44.206588474788546,43.42854421285485
confirmation_2,A_conditional,JOINT,40,,,,45.63208987338337,45.11496243077925
confirmation_2,A_conditional,JOINT,41,,,,47.233096567056805,46.74086218610411
confirmation_2,A_conditional,JOINT,42,,,,49.46818436117703,48.427441849230966
confirmation_2,A_conditional,JOINT,43,,,,51.62089832735177,50.08815006487086
confirmation_2,A_conditional,JOINT,44,,,,53.09003858623569,51.76038369060863
confirmation_2,A_conditional,JOINT,45,,,,54.78650861468834,53.427456703390206
confirmation_2,A_conditional,JOINT,46,,,,56.50281273948034,55.11232391427398
confirmation_2,A_conditional,JOINT,47,,,,57.81934520721692,56.71887998847147
confirmation_2,A_conditional,JOINT,48,,,,58.96589857715186,58.33132439793326
confirmation_2,A_conditional,JOINT,49,,,,60.4551638023755,60.01838028172006
confirmation_2,A_conditional,JOINT,50,,,,62.54431198569391,61.658920141979806
confirmation_2,A_conditional,JOINT,51,,,,64.74384811314837,63.331486958958976
confirmation_2,A_conditional,JOINT,52,,,,65.92664310218997,65.00201646589879
confirmation_2,A_conditional,JOINT,53,,,,67.24848453403486,66.67785553378552
confirmation_2,A_conditional,JOINT,54,,,,69.20001953143375,68.31559845376563
confirmation_2,A_conditional,JOINT,55,,,,71.10469673691405,70.0037461988586
confirmation_2,A_conditional,JOINT,56,,,,72.54441159143565,71.614276234247
confirmation_2,A_conditional,JOINT,57,,,,73.92283353111827,73.30680186216726
confirmation_2,A_conditional,JOINT,58,,,,75.26102993155061,74.9188714722668
confirmation_2,A_conditional,JOINT,59,,,,77.04711878749461,76.57865749713044
confirmation_2,A_conditional,JOINT,60,,,,78.23796549256771,78.2586487906827
confirmation_2,A_conditional,JOINT,61,,,,79.47884075396476,79.92898890015312
confirmation_2,A_conditional,JOINT,62,,,,80.7570462389799,81.58848897268697
confirmation_2,A_conditional,JOINT,63,,,,82.14684564814193,83.19765582573942
confirmation_2,A_conditional,JOINT,64,,,,84.12239252423103,84.88303451706606
confirmation_2,A_conditional,JOINT,65,,,,85.69495049346669,86.48828139535186
confirmation_2,A_conditional,JOINT,66,,,,87.437555313414,88.15277278558267
confirmation_2,A_conditional,JOINT,67,,,,89.75715867249173,89.83042897425133
confirmation_2,A_conditional,JOINT,68,,,,91.58596306536386,91.50773039924722
confirmation_2,A_conditional,JOINT,69,,,,93.63752710063491,93.18556052567325
confirmation_2,A_conditional,JOINT,70,,,,95.44649545422152,94.94833056325822
confirmation_2,A_conditional,JOINT,71,,,,97.51890542293779,96.7123674447589
confirmation_2,A_conditional,JOINT,72,,,,99.26956438916126,98.47751529902528
confirmation_2,A_conditional,JOINT,73,,,,100.87214953839198,100.2402816574031
confirmation_2,A_conditional,JOINT,74,,,,102.1389926757476,102.00513617040326
confirmation_2,A_conditional,JOINT,75,,,,103.41564276174246,103.76767772943776
confirmation_2,A_conditional,JOINT,76,,,,104.75027515731456,105.53167067250851
confirmation_2,A_conditional,JOINT,77,,,,106.20675553908525,107.29837541687805
confirmation_2,A_conditional,JOINT,78,,,,107.91629358249976,109.0631818181578
confirmation_2,A_conditional,JOINT,79,,,,109.62571767104046,110.82845286410362
confirmation_2,A_conditional,JOINT,80,,,,111.13084168460344,112.59128199748099
confirmation_2,A_conditional,JOINT,81,,,,112.48816819358285,113.91238949617085
confirmation_2,A_conditional,JOINT,82,,,,113.42713970679851,114.96550632989977
confirmation_2,A_conditional,JOINT,83,,,,114.37193046692407,116.0186231636287
confirmation_2,A_conditional,JOINT,84,,,,115.4379448721856,117.07173999735762
confirmation_2,A_conditional,JOINT,85,,,,116.19417160293483,118.12485683108656
confirmation_2,A_conditional,JOINT,86,,,,117.15221210280973,119.17797366481548
confirmation_2,A_conditional,JOINT,87,,,,118.0922619091406,120.2310904985444
confirmation_2,A_conditional,JOINT,88,,,,119.08180234562649,121.28420733227334
confirmation_2,A_conditional,JOINT,89,,,,120.0132229090069,122.33732416600226
confirmation_2,A_conditional,JOINT,90,,,,121.0723701207351,123.3904409997312
confirmation_2,A_conditional,JOINT,91,,,,122.0684365933942,124.44355783346012
confirmation_2,A_conditional,JOINT,92,,,,123.44501651765789,125.49667466718904
confirmation_2,A_conditional,JOINT,93,,,,124.83402254188395,126.54979150091798
confirmation_2,A_conditional,JOINT,94,,,,125.8758251617005,127.6029083346469
confirmation_2,A_conditional,JOINT,95,,,,126.90036014550391,128.65602516837583
confirmation_2,A_conditional,JOINT,96,,,,127.83681597730968,129.70914200210476
confirmation_2,A_conditional,JOINT,97,,,,128.85748469894725,130.76225883583368
confirmation_2,A_conditional,JOINT,98,,,,129.87952655770545,131.81537566956263
confirmation_2,A_conditional,JOINT,99,,,,130.66152611132853,132.86849250329152
confirmation_2,A_conditional,JOINT,100,,,,131.84746981303346,133.92160933702047
confirmation_2,A_conditional,JOINT,101,,,,132.72482152374337,134.9747261707494
confirmation_2,A_conditional,JOINT,102,,,,133.5851518179226,136.0278430044783
confirmation_2,A_conditional,JOINT,103,,,,134.59652232505425,137.08095983820726
confirmation_2,A_conditional,JOINT,104,,,,135.8799863887306,138.13407667193616
confirmation_2,A_conditional,JOINT,105,,,,136.6530670283536,139.1871935056651
confirmation_2,A_conditional,JOINT,106,,,,137.5831045037939,140.24031033939403
confirmation_2,A_conditional,JOINT,107,,,,138.8388707318491,141.29342717312295
confirmation_2,A_conditional,JOINT,108,,,,140.0319512615543,142.3465440068519
confirmation_2,A_conditional,JOINT,109,,,,141.227800360593,143.3996608405808
confirmation_2,A_conditional,JOINT,110,,,,142.2810486924158,144.45277767430974
confirmation_2,A_conditional,JOINT,111,,,,143.27068695139843,145.50589450803866
confirmation_2,A_conditional,JOINT,112,,,,144.22129950460513,146.5590113417676
confirmation_2,A_conditional,JOINT,113,,,,145.3857527140418,147.61212817549654
confirmation_2,A_conditional,JOINT,114,,,,147.16160015247794,148.66524500922543
confirmation_2,A_conditional,JOINT,115,,,,148.4365852025113,149.71836184295438
confirmation_2,A_conditional,JOINT,116,,,,149.54652818866148,150.7714786766833
confirmation_2,A_conditional,JOINT,117,,,,150.39002374365901,151.82459551041222
confirmation_2,A_conditional,JOINT,118,,,,151.22912522527213,152.87771234414117
confirmation_2,A_conditional,JOINT,119,,,,152.12477707407635,153.93082917787007
confirmation_2,A_conditional,JOINT,120,,,,153.01501258926606,154.98394601159902
confirmation_2,B_arrival,FROZEN,35.206226191,30.7,30.44458610822428,-0.2554138917757207,,
confirmation_2,B_arrival,FROZEN,38.266226191,30.7,30.753884583449178,0.05388458344917879,,
confirmation_2,B_arrival,FROZEN,40.836226191,30.7,30.96366836440211,0.26366836440211117,,
confirmation_2,B_arrival,FROZEN,43.921226191,31.5,31.21190723781992,-0.2880927621800815,,
confirmation_2,B_arrival,FROZEN,46.911226191,31.5,31.40834165811755,-0.09165834188245015,,
confirmation_2,B_arrival,FROZEN,49.941226191,31.5,31.595364933877015,0.09536493387701483,,
confirmation_2,B_arrival,FROZEN,52.916226191,31.5,31.74877097924988,0.2487709792498798,,
confirmation_2,B_arrival,FROZEN,55.836226191,32.0,31.872924377655995,-0.12707562234400527,,
confirmation_2,B_arrival,FROZEN,58.981226191,32.0,32.01169250223207,0.011692502232072854,,
confirmation_2,B_arrival,FROZEN,62.136226191,32.0,32.11519545422161,0.11519545422161315,,
confirmation_2,B_arrival,FROZEN,65.206226191,32.1,32.222669580053285,0.12266958005328377,,
confirmation_2,B_arrival,FROZEN,68.146226191,32.1,32.302927522149574,0.20292752214957233,,
confirmation_2,B_arrival,FROZEN,70.736226191,32.1,32.42291377936876,0.3229137793687613,,
confirmation_2,B_arrival,FROZEN,73.671226191,32.4,32.56588257429875,0.16588257429874886,,
confirmation_2,B_arrival,FROZEN,76.681226191,32.4,32.694548350613246,0.2945483506132476,,
confirmation_2,B_arrival,FROZEN,79.556226191,32.4,32.802544181885416,0.40254418188541763,,
confirmation_2,B_arrival,FROZEN,82.646226191,32.4,32.58430862109931,0.18430862109931212,,
confirmation_2,B_arrival,FROZEN,85.711226191,32.2,32.35796699183191,0.15796699183190555,,
confirmation_2,B_arrival,FROZEN,88.351226191,32.2,32.18741535726882,-0.012584642731184204,,
confirmation_2,B_arrival,FROZEN,91.436226191,32.2,32.01308411282247,-0.18691588717753405,,
confirmation_2,B_arrival,FROZEN,94.326226191,31.1,31.871129697314394,0.7711296973143931,,
confirmation_2,B_arrival,FROZEN,96.941226191,31.1,31.75825948718917,0.65825948718917,,
confirmation_2,B_arrival,FROZEN,99.731226191,31.1,31.652177670681436,0.5521776706814343,,
confirmation_2,B_arrival,FROZEN,102.901226191,31.1,31.547376363568098,0.44737636356809674,,
confirmation_2,B_arrival,FROZEN,105.481226191,30.9,31.472892554966958,0.572892554966959,,
confirmation_2,B_arrival,FROZEN,108.546226191,30.9,31.395398266037564,0.4953982660375651,,
confirmation_2,B_arrival,FROZEN,111.421226191,30.9,31.332208912625248,0.4322089126252493,,
confirmation_2,B_arrival,FROZEN,114.491226191,30.8,31.273556382075757,0.47355638207575623,,
confirmation_2,B_arrival,FROZEN,117.436226191,30.8,31.224745844898127,0.4247458448981263,,
confirmation_2,B_arrival,FROZEN,120.831226191,30.8,31.176297292069012,0.37629729206901175,,
confirmation_2,B_arrival,FROZEN,123.526226191,30.7,31.143014924177216,0.44301492417721633,,
confirmation_2,B_arrival,FROZEN,126.676226191,30.7,31.109138238005908,0.40913823800590876,,
confirmation_2,B_arrival,FROZEN,129.381226191,30.7,31.083827882954978,0.3838278829549786,,
confirmation_2,B_arrival,FROZEN,132.296226191,30.7,31.05996034858804,0.3599603485880394,,
confirmation_2,B_arrival,FROZEN,135.261226191,30.7,31.038853335766927,0.33885333576692744,,
confirmation_2,B_arrival,FROZEN,138.356226191,30.7,31.01978294556589,0.3197829455658905,,
confirmation_2,B_arrival,FROZEN,141.001226191,30.7,31.005575934902733,0.30557593490273405,,
confirmation_2,B_arrival,FROZEN,144.061226191,30.7,30.991232720096324,0.2912327200963247,,
confirmation_2,B_arrival,FROZEN,147.031226191,30.7,30.979184377155413,0.27918437715541344,,
confirmation_2,B_arrival,FROZEN,150.116226191,30.7,30.968361436272136,0.26836143627213715,,
confirmation_2,B_arrival,FROZEN,153.081226191,30.6,30.959368448085065,0.3593684480850641,,
confirmation_2,B_arrival,FROZEN,155.866226191,30.6,30.952014962082025,0.35201496208202343,,
confirmation_2,B_arrival,FROZEN,158.816226191,30.6,30.9452323794676,0.34523237946759977,,
confirmation_2,B_arrival,FROZEN,161.876226191,30.6,30.93914870600202,0.3391487060020175,,
confirmation_2,B_arrival,FROZEN,164.751226191,30.6,30.93419965601189,0.33419965601189006,,
confirmation_2,B_arrival,FROZEN,167.811226191,30.6,30.929639458956498,0.32963945895649616,,
confirmation_2,B_arrival,FROZEN,170.881226191,30.6,30.925699367781434,0.32569936778143216,,
confirmation_2,B_arrival,FROZEN,174.231226191,30.6,30.922023785284722,0.32202378528472053,,
confirmation_2,B_arrival,FROZEN,177.361226191,30.6,30.91909458139746,0.31909458139745794,,
confirmation_2,B_arrival,FROZEN,0,,,,0.0,0.0
confirmation_2,B_arrival,FROZEN,1,,,,1.1451330531180792,1.0531168337289274
confirmation_2,B_arrival,FROZEN,2,,,,2.119953019443621,2.106233667457855
confirmation_2,B_arrival,FROZEN,3,,,,3.646238718781348,3.159350501186782
confirmation_2,B_arrival,FROZEN,4,,,,4.688718359385341,4.21246733491571
confirmation_2,B_arrival,FROZEN,5,,,,5.589733016376437,5.2655841686446365
confirmation_2,B_arrival,FROZEN,6,,,,6.323052968356525,6.318701002373564
confirmation_2,B_arrival,FROZEN,7,,,,7.502515110306042,7.371817836102492
confirmation_2,B_arrival,FROZEN,8,,,,8.807229291045354,8.42493466983142
confirmation_2,B_arrival,FROZEN,9,,,,9.749347351969067,9.478051503560346
confirmation_2,B_arrival,FROZEN,10,,,,10.68522677360084,10.531168337289273
confirmation_2,B_arrival,FROZEN,11,,,,11.770823842681088,11.584285171018202
confirmation_2,B_arrival,FROZEN,12,,,,12.686954489681435,12.637402004747129
confirmation_2,B_arrival,FROZEN,13,,,,13.378999022961905,13.690518838476056
confirmation_2,B_arrival,FROZEN,14,,,,14.421298953782586,14.743635672204984
confirmation_2,B_arrival,FROZEN,15,,,,15.768327433989596,15.796752505933911
confirmation_2,B_arrival,FROZEN,16,,,,16.71205294112877,16.84986933966284
confirmation_2,B_arrival,FROZEN,17,,,,17.64817635012038,17.902986173391767
confirmation_2,B_arrival,FROZEN,18,,,,18.65913809355408,18.956103007120692
confirmation_2,B_arrival,FROZEN,19,,,,19.693929733066387,20.00921984084962
confirmation_2,B_arrival,FROZEN,20,,,,20.67539160719205,21.062336674578546
confirmation_2,B_arrival,FROZEN,21,,,,21.932629668348753,22.115453508307475
confirmation_2,B_arrival,FROZEN,22,,,,23.719332712511374,23.168570342036404
confirmation_2,B_arrival,FROZEN,23,,,,24.742242107586073,24.22168717576533
confirmation_2,B_arrival,FROZEN,24,,,,25.685629032355195,25.274804009494257
confirmation_2,B_arrival,FROZEN,25,,,,26.617847272907426,26.327920843223186
confirmation_2,B_arrival,FROZEN,26,,,,27.550046513659876,27.38103767695211
confirmation_2,B_arrival,FROZEN,27,,,,28.609704478795486,28.43415451068104
confirmation_2,B_arrival,FROZEN,28,,,,30.204186001256915,29.48727134440997
confirmation_2,B_arrival,FROZEN,29,,,,31.792472645136026,30.540388178138894
confirmation_2,B_arrival,FROZEN,30,,,,32.93629550794282,31.593505011867823
confirmation_2,B_arrival,FROZEN,31,,,,34.03524783011093,32.64662184559675
confirmation_2,B_arrival,FROZEN,32,,,,34.98286188226648,33.69973867932568
confirmation_2,B_arrival,FROZEN,33,,,,35.640329673890804,34.752855513054605
confirmation_2,B_arrival,FROZEN,34,,,,36.60220367259396,35.805972346783534
confirmation_2,B_arrival,FROZEN,35,,,,37.850900854181376,36.859089180512456
confirmation_2,B_arrival,FROZEN,36,,,,39.68985574300262,38.51678923192447
confirmation_2,B_arrival,FROZEN,37,,,,41.83488089700741,40.19219745728317
confirmation_2,B_arrival,FROZEN,38,,,,42.997174529003,41.83041768952132
confirmation_2,B_arrival,FROZEN,39,,,,44.206588474788546,43.52143476219039
confirmation_2,B_arrival,FROZEN,40,,,,45.63208987338337,45.13742617166008
confirmation_2,B_arrival,FROZEN,41,,,,47.233096567056805,46.753417581129774
confirmation_2,B_arrival,FROZEN,42,,,,49.46818436117703,48.444434653798844
confirmation_2,B_arrival,FROZEN,43,,,,51.62089832735177,50.095239790745964
confirmation_2,B_arrival,FROZEN,44,,,,53.09003858623569,51.77064801610466
confirmation_2,B_arrival,FROZEN,45,,,,54.78650861468834,53.44605624146336
confirmation_2,B_arrival,FROZEN,46,,,,56.50281273948034,55.12146446682205
confirmation_2,B_arrival,FROZEN,47,,,,57.81934520721692,56.74946869098549
confirmation_2,B_arrival,FROZEN,48,,,,58.96589857715186,58.440485763414515
confirmation_2,B_arrival,FROZEN,49,,,,60.4551638023755,60.056477172884215
confirmation_2,B_arrival,FROZEN,50,,,,62.54431198569391,61.747494245553284
confirmation_2,B_arrival,FROZEN,51,,,,64.74384811314837,63.36348565526301
confirmation_2,B_arrival,FROZEN,52,,,,65.92664310218997,65.0245068000448
confirmation_2,B_arrival,FROZEN,53,,,,67.24848453403486,66.69991502516345
confirmation_2,B_arrival,FROZEN,54,,,,69.20001953143375,68.37532325028211
confirmation_2,B_arrival,FROZEN,55,,,,71.10469673691405,70.0507314756408
confirmation_2,B_arrival,FROZEN,56,,,,72.54441159143565,71.66851969196958
confirmation_2,B_arrival,FROZEN,57,,,,73.92283353111827,73.35953676463865
confirmation_2,B_arrival,FROZEN,58,,,,75.26102993155061,74.97552817434838
confirmation_2,B_arrival,FROZEN,59,,,,77.04711878749461,76.66654524701745
confirmation_2,B_arrival,FROZEN,60,,,,78.23796549256771,78.28253665648715
confirmation_2,B_arrival,FROZEN,61,,,,79.47884075396476,79.9537738091036
confirmation_2,B_arrival,FROZEN,62,,,,80.7570462389799,81.62918203446229
confirmation_2,B_arrival,FROZEN,63,,,,82.14684564814193,83.304590259821
confirmation_2,B_arrival,FROZEN,64,,,,84.12239252423103,84.97157928396405
confirmation_2,B_arrival,FROZEN,65,,,,85.69495049346669,86.65540671053837
confirmation_2,B_arrival,FROZEN,66,,,,87.437555313414,88.27858776610282
confirmation_2,B_arrival,FROZEN,67,,,,89.75715867249173,89.8945791755725
confirmation_2,B_arrival,FROZEN,68,,,,91.58596306536386,91.58559624824159
confirmation_2,B_arrival,FROZEN,69,,,,93.63752710063491,93.27661332091064
confirmation_2,B_arrival,FROZEN,70,,,,95.44649545422152,95.04265605653904
confirmation_2,B_arrival,FROZEN,71,,,,97.51890542293779,96.80869879216745
confirmation_2,B_arrival,FROZEN,72,,,,99.26956438916126,98.57474152779584
confirmation_2,B_arrival,FROZEN,73,,,,100.87214953839198,100.34078426342424
confirmation_2,B_arrival,FROZEN,74,,,,102.1389926757476,102.10682699905264
confirmation_2,B_arrival,FROZEN,75,,,,103.41564276174246,103.87286973468103
confirmation_2,B_arrival,FROZEN,76,,,,104.75027515731456,105.63891247030944
confirmation_2,B_arrival,FROZEN,77,,,,106.20675553908525,107.40495520593782
confirmation_2,B_arrival,FROZEN,78,,,,107.91629358249976,109.17099794156624
confirmation_2,B_arrival,FROZEN,79,,,,109.62571767104046,110.93704067719463
confirmation_2,B_arrival,FROZEN,80,,,,111.13084168460344,112.64335289664054
confirmation_2,B_arrival,FROZEN,81,,,,112.48816819358285,113.69646973036947
confirmation_2,B_arrival,FROZEN,82,,,,113.42713970679851,114.7495865640984
confirmation_2,B_arrival,FROZEN,83,,,,114.37193046692407,115.80270339782733
confirmation_2,B_arrival,FROZEN,84,,,,115.4379448721856,116.85582023155625
confirmation_2,B_arrival,FROZEN,85,,,,116.19417160293483,117.90893706528519
confirmation_2,B_arrival,FROZEN,86,,,,117.15221210280973,118.96205389901411
confirmation_2,B_arrival,FROZEN,87,,,,118.0922619091406,120.01517073274303
confirmation_2,B_arrival,FROZEN,88,,,,119.08180234562649,121.06828756647197
confirmation_2,B_arrival,FROZEN,89,,,,120.0132229090069,122.12140440020089
confirmation_2,B_arrival,FROZEN,90,,,,121.0723701207351,123.17452123392982
confirmation_2,B_arrival,FROZEN,91,,,,122.0684365933942,124.22763806765875
confirmation_2,B_arrival,FROZEN,92,,,,123.44501651765789,125.28075490138767
confirmation_2,B_arrival,FROZEN,93,,,,124.83402254188395,126.3338717351166
confirmation_2,B_arrival,FROZEN,94,,,,125.8758251617005,127.38698856884552
confirmation_2,B_arrival,FROZEN,95,,,,126.90036014550391,128.44010540257446
confirmation_2,B_arrival,FROZEN,96,,,,127.83681597730968,129.49322223630338
confirmation_2,B_arrival,FROZEN,97,,,,128.85748469894725,130.5463390700323
confirmation_2,B_arrival,FROZEN,98,,,,129.87952655770545,131.59945590376122
confirmation_2,B_arrival,FROZEN,99,,,,130.66152611132853,132.65257273749015
confirmation_2,B_arrival,FROZEN,100,,,,131.84746981303346,133.7056895712191
confirmation_2,B_arrival,FROZEN,101,,,,132.72482152374337,134.75880640494802
confirmation_2,B_arrival,FROZEN,102,,,,133.5851518179226,135.81192323867694
confirmation_2,B_arrival,FROZEN,103,,,,134.59652232505425,136.86504007240586
confirmation_2,B_arrival,FROZEN,104,,,,135.8799863887306,137.91815690613478
confirmation_2,B_arrival,FROZEN,105,,,,136.6530670283536,138.97127373986373
confirmation_2,B_arrival,FROZEN,106,,,,137.5831045037939,140.02439057359265
confirmation_2,B_arrival,FROZEN,107,,,,138.8388707318491,141.07750740732158
confirmation_2,B_arrival,FROZEN,108,,,,140.0319512615543,142.1306242410505
confirmation_2,B_arrival,FROZEN,109,,,,141.227800360593,143.18374107477942
confirmation_2,B_arrival,FROZEN,110,,,,142.2810486924158,144.23685790850837
confirmation_2,B_arrival,FROZEN,111,,,,143.27068695139843,145.2899747422373
confirmation_2,B_arrival,FROZEN,112,,,,144.22129950460513,146.3430915759662
confirmation_2,B_arrival,FROZEN,113,,,,145.3857527140418,147.39620840969513
confirmation_2,B_arrival,FROZEN,114,,,,147.16160015247794,148.44932524342406
confirmation_2,B_arrival,FROZEN,115,,,,148.4365852025113,149.502442077153
confirmation_2,B_arrival,FROZEN,116,,,,149.54652818866148,150.55555891088193
confirmation_2,B_arrival,FROZEN,117,,,,150.39002374365901,151.60867574461085
confirmation_2,B_arrival,FROZEN,118,,,,151.22912522527213,152.66179257833977
confirmation_2,B_arrival,FROZEN,119,,,,152.12477707407635,153.7149094120687
confirmation_2,B_arrival,FROZEN,120,,,,153.01501258926606,154.76802624579764
confirmation_2,B_arrival,JOINT,35.206226191,30.7,30.438534453177912,-0.26146554682208745,,
confirmation_2,B_arrival,JOINT,38.266226191,30.7,30.782279649300367,0.08227964930036791,,
confirmation_2,B_arrival,JOINT,40.836226191,30.7,31.00366917674313,0.30366917674313143,,
confirmation_2,B_arrival,JOINT,43.921226191,31.5,31.25882524660438,-0.24117475339561878,,
confirmation_2,B_arrival,JOINT,46.911226191,31.5,31.44938677035204,-0.05061322964796133,,
confirmation_2,B_arrival,JOINT,49.941226191,31.5,31.62587130926471,0.1258713092647099,,
confirmation_2,B_arrival,JOINT,52.916226191,31.5,31.762497729040994,0.26249772904099444,,
confirmation_2,B_arrival,JOINT,55.836226191,32.0,31.865635371547597,-0.1343646284524027,,
confirmation_2,B_arrival,JOINT,58.981226191,32.0,31.983829251731635,-0.016170748268365287,,
confirmation_2,B_arrival,JOINT,62.136226191,32.0,32.06186276763533,0.061862767635332716,,
confirmation_2,B_arrival,JOINT,65.206226191,32.1,32.147877354698515,0.04787735469851384,,
confirmation_2,B_arrival,JOINT,68.146226191,32.1,32.20582101270515,0.10582101270514954,,
confirmation_2,B_arrival,JOINT,70.736226191,32.1,32.31607766033483,0.21607766033482534,,
confirmation_2,B_arrival,JOINT,73.671226191,32.4,32.44832027674571,0.04832027674571293,,
confirmation_2,B_arrival,JOINT,76.681226191,32.4,32.562406606029015,0.16240660602901613,,
confirmation_2,B_arrival,JOINT,79.556226191,32.4,32.65425509519586,0.25425509519585887,,
confirmation_2,B_arrival,JOINT,82.646226191,32.4,32.36476327702527,-0.03523672297473013,,
confirmation_2,B_arrival,JOINT,85.711226191,32.2,32.082178793916015,-0.11782120608398827,,
confirmation_2,B_arrival,JOINT,88.351226191,32.2,31.877538826823127,-0.32246117317687606,,
confirmation_2,B_arrival,JOINT,91.436226191,32.2,31.676483989047565,-0.5235160109524379,,
confirmation_2,B_arrival,JOINT,94.326226191,31.1,31.519442385567093,0.41944238556709124,,
confirmation_2,B_arrival,JOINT,96.941226191,31.1,31.39928357791079,0.2992835779107885,,
confirmation_2,B_arrival,JOINT,99.731226191,31.1,31.290523673189693,0.19052367318969132,,
confirmation_2,B_arrival,JOINT,102.901226191,31.1,31.18744610346262,0.08744610346261794,,
confirmation_2,B_arrival,JOINT,105.481226191,30.9,31.11709494610238,0.21709494610238167,,
confirmation_2,B_arrival,JOINT,108.546226191,30.9,31.046733982735947,0.14673398273594884,,
confirmation_2,B_arrival,JOINT,111.421226191,30.9,30.99171683254527,0.09171683254526997,,
confirmation_2,B_arrival,JOINT,114.491226191,30.8,30.94274843766156,0.14274843766155954,,
confirmation_2,B_arrival,JOINT,117.436226191,30.8,30.90370252408837,0.10370252408836933,,
confirmation_2,B_arrival,JOINT,120.831226191,30.8,30.866653142973266,0.06665314297326574,,
confirmation_2,B_arrival,JOINT,123.526226191,30.7,30.84229590406973,0.14229590406973003,,
confirmation_2,B_arrival,JOINT,126.676226191,30.7,30.818523210946154,0.11852321094615448,,
confirmation_2,B_arrival,JOINT,129.381226191,30.7,30.801503857134072,0.10150385713407317,,
confirmation_2,B_arrival,JOINT,132.296226191,30.7,30.786099513011745,0.0860995130117459,,
confirmation_2,B_arrival,JOINT,135.261226191,30.7,30.77305412853492,0.07305412853492044,,
confirmation_2,B_arrival,JOINT,138.356226191,30.7,30.76178612507819,0.06178612507818926,,
confirmation_2,B_arrival,JOINT,141.001226191,30.7,30.75374720590102,0.053747205901022,,
confirmation_2,B_arrival,JOINT,144.061226191,30.7,30.745973872877258,0.045973872877258515,,
confirmation_2,B_arrival,JOINT,147.031226191,30.7,30.73974006419156,0.039740064191562396,,
confirmation_2,B_arrival,JOINT,150.116226191,30.7,30.73439803619192,0.034398036191920056,,
confirmation_2,B_arrival,JOINT,153.081226191,30.6,30.730166950729732,0.1301669507297305,,
confirmation_2,B_arrival,JOINT,155.866226191,30.6,30.72686392514772,0.12686392514771683,,
confirmation_2,B_arrival,JOINT,158.816226191,30.6,30.723957025119336,0.12395702511933493,,
confirmation_2,B_arrival,JOINT,161.876226191,30.6,30.721477414235757,0.12147741423575553,,
confirmation_2,B_arrival,JOINT,164.751226191,30.6,30.719560386425794,0.11956038642579259,,
confirmation_2,B_arrival,JOINT,167.811226191,30.6,30.717883605045333,0.11788360504533202,,
confirmation_2,B_arrival,JOINT,170.881226191,30.6,30.716512986920147,0.11651298692014578,,
confirmation_2,B_arrival,JOINT,174.231226191,30.6,30.715308750886315,0.11530875088631376,,
confirmation_2,B_arrival,JOINT,177.361226191,30.6,30.714407785915174,0.11440778591517287,,
confirmation_2,B_arrival,JOINT,0,,,,0.0,0.0
confirmation_2,B_arrival,JOINT,1,,,,1.1451330531180792,1.0531168337289274
confirmation_2,B_arrival,JOINT,2,,,,2.119953019443621,2.106233667457855
confirmation_2,B_arrival,JOINT,3,,,,3.646238718781348,3.159350501186782
confirmation_2,B_arrival,JOINT,4,,,,4.688718359385341,4.21246733491571
confirmation_2,B_arrival,JOINT,5,,,,5.589733016376437,5.2655841686446365
confirmation_2,B_arrival,JOINT,6,,,,6.323052968356525,6.318701002373564
confirmation_2,B_arrival,JOINT,7,,,,7.502515110306042,7.371817836102492
confirmation_2,B_arrival,JOINT,8,,,,8.807229291045354,8.42493466983142
confirmation_2,B_arrival,JOINT,9,,,,9.749347351969067,9.478051503560346
confirmation_2,B_arrival,JOINT,10,,,,10.68522677360084,10.531168337289273
confirmation_2,B_arrival,JOINT,11,,,,11.770823842681088,11.584285171018202
confirmation_2,B_arrival,JOINT,12,,,,12.686954489681435,12.637402004747129
confirmation_2,B_arrival,JOINT,13,,,,13.378999022961905,13.690518838476056
confirmation_2,B_arrival,JOINT,14,,,,14.421298953782586,14.743635672204984
confirmation_2,B_arrival,JOINT,15,,,,15.768327433989596,15.796752505933911
confirmation_2,B_arrival,JOINT,16,,,,16.71205294112877,16.84986933966284
confirmation_2,B_arrival,JOINT,17,,,,17.64817635012038,17.902986173391767
confirmation_2,B_arrival,JOINT,18,,,,18.65913809355408,18.956103007120692
confirmation_2,B_arrival,JOINT,19,,,,19.693929733066387,20.00921984084962
confirmation_2,B_arrival,JOINT,20,,,,20.67539160719205,21.062336674578546
confirmation_2,B_arrival,JOINT,21,,,,21.932629668348753,22.115453508307475
confirmation_2,B_arrival,JOINT,22,,,,23.719332712511374,23.168570342036404
confirmation_2,B_arrival,JOINT,23,,,,24.742242107586073,24.22168717576533
confirmation_2,B_arrival,JOINT,24,,,,25.685629032355195,25.274804009494257
confirmation_2,B_arrival,JOINT,25,,,,26.617847272907426,26.327920843223186
confirmation_2,B_arrival,JOINT,26,,,,27.550046513659876,27.38103767695211
confirmation_2,B_arrival,JOINT,27,,,,28.609704478795486,28.43415451068104
confirmation_2,B_arrival,JOINT,28,,,,30.204186001256915,29.48727134440997
confirmation_2,B_arrival,JOINT,29,,,,31.792472645136026,30.540388178138894
confirmation_2,B_arrival,JOINT,30,,,,32.93629550794282,31.593505011867823
confirmation_2,B_arrival,JOINT,31,,,,34.03524783011093,32.64662184559675
confirmation_2,B_arrival,JOINT,32,,,,34.98286188226648,33.69973867932568
confirmation_2,B_arrival,JOINT,33,,,,35.640329673890804,34.752855513054605
confirmation_2,B_arrival,JOINT,34,,,,36.60220367259396,35.805972346783534
confirmation_2,B_arrival,JOINT,35,,,,37.850900854181376,36.859089180512456
confirmation_2,B_arrival,JOINT,36,,,,39.68985574300262,38.51877260057411
confirmation_2,B_arrival,JOINT,37,,,,41.83488089700741,40.1963094152971
confirmation_2,B_arrival,JOINT,38,,,,42.997174529003,41.837093676400926
confirmation_2,B_arrival,JOINT,39,,,,44.206588474788546,43.53005657222079
confirmation_2,B_arrival,JOINT,40,,,,45.63208987338337,45.14887229100398
confirmation_2,B_arrival,JOINT,41,,,,47.233096567056805,46.76768800978717
confirmation_2,B_arrival,JOINT,42,,,,49.46818436117703,48.46065090560704
confirmation_2,B_arrival,JOINT,43,,,,51.62089832735177,50.11387271298041
confirmation_2,B_arrival,JOINT,44,,,,53.09003858623569,51.7914095277034
confirmation_2,B_arrival,JOINT,45,,,,54.78650861468834,53.46894634242639
confirmation_2,B_arrival,JOINT,46,,,,56.50281273948034,55.14648315714937
confirmation_2,B_arrival,JOINT,47,,,,57.81934520721692,56.77717103087025
confirmation_2,B_arrival,JOINT,48,,,,58.96589857715186,58.47013392645288
confirmation_2,B_arrival,JOINT,49,,,,60.4551638023755,60.08894964523608
confirmation_2,B_arrival,JOINT,50,,,,62.54431198569391,61.781912541055945
confirmation_2,B_arrival,JOINT,51,,,,64.74384811314837,63.40072826007636
confirmation_2,B_arrival,JOINT,52,,,,65.92664310218997,65.06404645459546
confirmation_2,B_arrival,JOINT,53,,,,67.24848453403486,66.74158326908122
confirmation_2,B_arrival,JOINT,54,,,,69.20001953143375,68.41912008356697
confirmation_2,B_arrival,JOINT,55,,,,71.10469673691405,70.09665689828995
confirmation_2,B_arrival,JOINT,56,,,,72.54441159143565,71.71724838486512
confirmation_2,B_arrival,JOINT,57,,,,73.92283353111827,73.41021128068498
confirmation_2,B_arrival,JOINT,58,,,,75.26102993155061,75.0290269997054
confirmation_2,B_arrival,JOINT,59,,,,77.04711878749461,76.72198989552527
confirmation_2,B_arrival,JOINT,60,,,,78.23796549256771,78.34080561430847
confirmation_2,B_arrival,JOINT,61,,,,79.47884075396476,80.01422019597327
confirmation_2,B_arrival,JOINT,62,,,,80.7570462389799,81.69175701069625
confirmation_2,B_arrival,JOINT,63,,,,82.14684564814193,83.36929382541925
confirmation_2,B_arrival,JOINT,64,,,,84.12239252423103,85.03851002055124
confirmation_2,B_arrival,JOINT,65,,,,85.69495049346669,86.7243674548652
confirmation_2,B_arrival,JOINT,66,,,,87.437555313414,88.3502886351543
confirmation_2,B_arrival,JOINT,67,,,,89.75715867249173,89.9691043539375
confirmation_2,B_arrival,JOINT,68,,,,91.58596306536386,91.66206724975737
confirmation_2,B_arrival,JOINT,69,,,,93.63752710063491,93.35503014557722
confirmation_2,B_arrival,JOINT,70,,,,95.44649545422152,95.12214021819652
confirmation_2,B_arrival,JOINT,71,,,,97.51890542293779,96.88925029081582
confirmation_2,B_arrival,JOINT,72,,,,99.26956438916126,98.65636036343513
confirmation_2,B_arrival,JOINT,73,,,,100.87214953839198,100.42347043605443
confirmation_2,B_arrival,JOINT,74,,,,102.1389926757476,102.19058050867373
confirmation_2,B_arrival,JOINT,75,,,,103.41564276174246,103.95769058129304
confirmation_2,B_arrival,JOINT,76,,,,104.75027515731456,105.72480065391234
confirmation_2,B_arrival,JOINT,77,,,,106.20675553908525,107.49191072653164
confirmation_2,B_arrival,JOINT,78,,,,107.91629358249976,109.25902079915096
confirmation_2,B_arrival,JOINT,79,,,,109.62571767104046,111.02613087177025
confirmation_2,B_arrival,JOINT,80,,,,111.13084168460344,112.73342100434233
confirmation_2,B_arrival,JOINT,81,,,,112.48816819358285,113.78653783807127
confirmation_2,B_arrival,JOINT,82,,,,113.42713970679851,114.83965467180019
confirmation_2,B_arrival,JOINT,83,,,,114.37193046692407,115.89277150552913
confirmation_2,B_arrival,JOINT,84,,,,115.4379448721856,116.94588833925805
confirmation_2,B_arrival,JOINT,85,,,,116.19417160293483,117.99900517298698
confirmation_2,B_arrival,JOINT,86,,,,117.15221210280973,119.0521220067159
confirmation_2,B_arrival,JOINT,87,,,,118.0922619091406,120.10523884044483
confirmation_2,B_arrival,JOINT,88,,,,119.08180234562649,121.15835567417376
confirmation_2,B_arrival,JOINT,89,,,,120.0132229090069,122.21147250790268
confirmation_2,B_arrival,JOINT,90,,,,121.0723701207351,123.26458934163162
confirmation_2,B_arrival,JOINT,91,,,,122.0684365933942,124.31770617536054
confirmation_2,B_arrival,JOINT,92,,,,123.44501651765789,125.37082300908946
confirmation_2,B_arrival,JOINT,93,,,,124.83402254188395,126.4239398428184
confirmation_2,B_arrival,JOINT,94,,,,125.8758251617005,127.47705667654732
confirmation_2,B_arrival,JOINT,95,,,,126.90036014550391,128.53017351027626
confirmation_2,B_arrival,JOINT,96,,,,127.83681597730968,129.58329034400518
confirmation_2,B_arrival,JOINT,97,,,,128.85748469894725,130.6364071777341
confirmation_2,B_arrival,JOINT,98,,,,129.87952655770545,131.68952401146305
confirmation_2,B_arrival,JOINT,99,,,,130.66152611132853,132.74264084519197
confirmation_2,B_arrival,JOINT,100,,,,131.84746981303346,133.7957576789209
confirmation_2,B_arrival,JOINT,101,,,,132.72482152374337,134.84887451264981
confirmation_2,B_arrival,JOINT,102,,,,133.5851518179226,135.90199134637874
confirmation_2,B_arrival,JOINT,103,,,,134.59652232505425,136.9551081801077
confirmation_2,B_arrival,JOINT,104,,,,135.8799863887306,138.0082250138366
confirmation_2,B_arrival,JOINT,105,,,,136.6530670283536,139.06134184756553
confirmation_2,B_arrival,JOINT,106,,,,137.5831045037939,140.11445868129445
confirmation_2,B_arrival,JOINT,107,,,,138.8388707318491,141.16757551502337
confirmation_2,B_arrival,JOINT,108,,,,140.0319512615543,142.22069234875232
confirmation_2,B_arrival,JOINT,109,,,,141.227800360593,143.27380918248124
confirmation_2,B_arrival,JOINT,110,,,,142.2810486924158,144.32692601621017
confirmation_2,B_arrival,JOINT,111,,,,143.27068695139843,145.3800428499391
confirmation_2,B_arrival,JOINT,112,,,,144.22129950460513,146.43315968366804
confirmation_2,B_arrival,JOINT,113,,,,145.3857527140418,147.48627651739696
confirmation_2,B_arrival,JOINT,114,,,,147.16160015247794,148.53939335112588
confirmation_2,B_arrival,JOINT,115,,,,148.4365852025113,149.5925101848548
confirmation_2,B_arrival,JOINT,116,,,,149.54652818866148,150.64562701858372
confirmation_2,B_arrival,JOINT,117,,,,150.39002374365901,151.69874385231267
confirmation_2,B_arrival,JOINT,118,,,,151.22912522527213,152.7518606860416
confirmation_2,B_arrival,JOINT,119,,,,152.12477707407635,153.80497751977052
confirmation_2,B_arrival,JOINT,120,,,,153.01501258926606,154.85809435349944
confirmation_3,A_conditional,FROZEN,37.784462249,30.4,30.74405779048523,0.34405779048523044,,
confirmation_3,A_conditional,FROZEN,40.899462249,30.4,30.98267651836632,0.5826765183663198,,
confirmation_3,A_conditional,FROZEN,44.049462249,31.3,31.20560374404755,-0.09439625595245005,,
confirmation_3,A_conditional,FROZEN,47.014462249,31.3,31.38002227705488,0.08002227705487996,,
confirmation_3,A_conditional,FROZEN,49.644462249,31.3,31.521306177846572,0.22130617784657147,,
confirmation_3,A_conditional,FROZEN,52.324462249,32.0,31.63378368828964,-0.3662163117103603,,
confirmation_3,A_conditional,FROZEN,55.379462249,32.0,31.759159132702823,-0.2408408672971767,,
confirmation_3,A_conditional,FROZEN,58.159462249,32.0,31.86126370181987,-0.138736298180131,,
confirmation_3,A_conditional,FROZEN,61.269462249,32.0,31.965112487976082,-0.03488751202391782,,
confirmation_3,A_conditional,FROZEN,64.424462249,32.2,32.05974807638323,-0.1402519236167734,,
confirmation_3,A_conditional,FROZEN,67.174462249,32.2,32.109438968386705,-0.09056103161329787,,
confirmation_3,A_conditional,FROZEN,70.234462249,32.2,32.226572775462564,0.026572775462561538,,
confirmation_3,A_conditional,FROZEN,73.214462249,32.4,32.36442853080293,-0.03557146919706611,,
confirmation_3,A_conditional,FROZEN,76.274462249,32.4,32.48830413506414,0.08830413506414203,,
confirmation_3,A_conditional,FROZEN,78.854462249,32.4,32.580353992308744,0.1803539923087456,,
confirmation_3,A_conditional,FROZEN,81.524462249,32.4,32.51845546294572,0.11845546294571818,,
confirmation_3,A_conditional,FROZEN,84.184462249,32.5,32.29913377252429,-0.20086622747570715,,
confirmation_3,A_conditional,FROZEN,87.139462249,32.5,32.08515096273041,-0.4148490372695903,,
confirmation_3,A_conditional,FROZEN,90.429462249,32.5,31.878943796916356,-0.6210562030836435,,
confirmation_3,A_conditional,FROZEN,93.564462249,31.3,31.709634598052578,0.40963459805257685,,
confirmation_3,A_conditional,FROZEN,96.664462249,31.3,31.564737739081743,0.2647377390817418,,
confirmation_3,A_conditional,FROZEN,99.754462249,31.3,31.43961207234268,0.13961207234267903,,
confirmation_3,A_conditional,FROZEN,102.624462249,31.0,31.338406351500264,0.33840635150026444,,
confirmation_3,A_conditional,FROZEN,105.269462249,31.0,31.256343310211847,0.25634331021184664,,
confirmation_3,A_conditional,FROZEN,108.344462249,31.0,31.172778504569603,0.1727785045696031,,
confirmation_3,A_conditional,FROZEN,111.429462249,31.0,31.1001114000545,0.10011140005450159,,
confirmation_3,A_conditional,FROZEN,114.284462249,30.8,31.04153403874595,0.24153403874595014,,
confirmation_3,A_conditional,FROZEN,117.374462249,30.8,30.986306710028447,0.1863067100284468,,
confirmation_3,A_conditional,FROZEN,120.029462249,30.8,30.944794855690617,0.14479485569061623,,
confirmation_3,A_conditional,FROZEN,123.414462249,30.8,30.898786022697955,0.09878602269795422,,
confirmation_3,A_conditional,FROZEN,126.359462249,30.8,30.864247744078504,0.06424774407850364,,
confirmation_3,A_conditional,FROZEN,129.574462249,30.8,30.831574908333664,0.03157490833366339,,
confirmation_3,A_conditional,FROZEN,132.194462249,30.7,30.808339490617865,0.10833949061786541,,
confirmation_3,A_conditional,FROZEN,135.069462249,30.7,30.78590426750323,0.08590426750323132,,
confirmation_3,A_conditional,FROZEN,138.179462249,30.7,30.76479352166958,0.06479352166958208,,
confirmation_3,A_conditional,FROZEN,141.314462249,30.7,30.746398079076005,0.04639807907600613,,
confirmation_3,A_conditional,FROZEN,144.569462249,30.7,30.72994434517137,0.029944345171369235,,
confirmation_3,A_conditional,FROZEN,147.664462249,30.7,30.716457672220915,0.01645767222091621,,
confirmation_3,A_conditional,FROZEN,150.769462249,30.7,30.704753117619923,0.004753117619923586,,
confirmation_3,A_conditional,FROZEN,153.404462249,30.6,30.696070658574587,0.09607065857458608,,
confirmation_3,A_conditional,FROZEN,156.369462249,30.6,30.687499952241925,0.08749995224192375,,
confirmation_3,A_conditional,FROZEN,158.924462249,30.6,30.681011774650855,0.08101177465085385,,
confirmation_3,A_conditional,FROZEN,162.014462249,30.6,30.674135975111547,0.07413597511154535,,
confirmation_3,A_conditional,FROZEN,165.079462249,30.6,30.668233199555342,0.06823319955534046,,
confirmation_3,A_conditional,FROZEN,167.944462249,30.6,30.66343355141423,0.0634335514142279,,
confirmation_3,A_conditional,FROZEN,170.989462249,30.6,30.65899369478976,0.05899369478975913,,
confirmation_3,A_conditional,FROZEN,174.014462249,30.6,30.655170178801978,0.05517017880197628,,
confirmation_3,A_conditional,FROZEN,176.774462249,30.6,30.652126493816898,0.05212649381689616,,
confirmation_3,A_conditional,FROZEN,179.824462249,30.6,30.649193202123943,0.049193202123941404,,
confirmation_3,A_conditional,FROZEN,0,,,,0.0,0.0
confirmation_3,A_conditional,FROZEN,1,,,,1.176320051275382,1.1172422948907295
confirmation_3,A_conditional,FROZEN,2,,,,2.100167467336813,2.234484589781459
confirmation_3,A_conditional,FROZEN,3,,,,2.9679027595736143,3.351726884672188
confirmation_3,A_conditional,FROZEN,4,,,,4.038888600883908,4.468969179562918
confirmation_3,A_conditional,FROZEN,5,,,,4.939784204799811,5.5862114744536475
confirmation_3,A_conditional,FROZEN,6,,,,5.7543357431604925,6.703453769344376
confirmation_3,A_conditional,FROZEN,7,,,,6.6713138601755,7.820696064235106
confirmation_3,A_conditional,FROZEN,8,,,,7.803693448126218,8.937938359125836
confirmation_3,A_conditional,FROZEN,9,,,,8.549879548860076,10.055180654016565
confirmation_3,A_conditional,FROZEN,10,,,,9.252402642716696,11.172422948907295
confirmation_3,A_conditional,FROZEN,11,,,,10.190669321539831,12.289665243798025
confirmation_3,A_conditional,FROZEN,12,,,,11.146081692234581,13.406907538688753
confirmation_3,A_conditional,FROZEN,13,,,,12.026487310237092,14.524149833579482
confirmation_3,A_conditional,FROZEN,14,,,,12.956785329611613,15.641392128470212
confirmation_3,A_conditional,FROZEN,15,,,,14.125142338860115,16.75863442336094
confirmation_3,A_conditional,FROZEN,16,,,,15.544113787401646,17.87587671825167
confirmation_3,A_conditional,FROZEN,17,,,,16.783500547124326,18.9931190131424
confirmation_3,A_conditional,FROZEN,18,,,,18.292958605253627,20.11036130803313
confirmation_3,A_conditional,FROZEN,19,,,,19.374802275562505,21.22760360292386
confirmation_3,A_conditional,FROZEN,20,,,,20.959814648134856,22.34484589781459
confirmation_3,A_conditional,FROZEN,21,,,,21.977707918519123,23.46208819270532
confirmation_3,A_conditional,FROZEN,22,,,,23.617086178892922,24.57933048759605
confirmation_3,A_conditional,FROZEN,23,,,,25.50842492477947,25.69657278248678
confirmation_3,A_conditional,FROZEN,24,,,,27.132280952126468,26.813815077377505
confirmation_3,A_conditional,FROZEN,25,,,,28.259442011486527,27.931057372268235
confirmation_3,A_conditional,FROZEN,26,,,,29.214846923986354,29.048299667158965
confirmation_3,A_conditional,FROZEN,27,,,,30.2778166013721,30.165541962049694
confirmation_3,A_conditional,FROZEN,28,,,,31.313077412848138,31.282784256940424
confirmation_3,A_conditional,FROZEN,29,,,,32.28439143634162,32.400026551831154
confirmation_3,A_conditional,FROZEN,30,,,,33.652897301219795,33.51726884672188
confirmation_3,A_conditional,FROZEN,31,,,,35.100757540064535,34.63451114161261
confirmation_3,A_conditional,FROZEN,32,,,,36.601145933987326,35.75175343650334
confirmation_3,A_conditional,FROZEN,33,,,,37.6101151323519,36.86899573139407
confirmation_3,A_conditional,FROZEN,34,,,,38.55193091712665,37.9862380262848
confirmation_3,A_conditional,FROZEN,35,,,,39.52412878080915,39.10348032117553
confirmation_3,A_conditional,FROZEN,36,,,,41.1146734544185,40.81780274724639
confirmation_3,A_conditional,FROZEN,37,,,,43.08260312053279,42.55878473379912
confirmation_3,A_conditional,FROZEN,38,,,,44.49936960700076,44.24606355428935
confirmation_3,A_conditional,FROZEN,39,,,,46.232961109545336,45.91765597059001
confirmation_3,A_conditional,FROZEN,40,,,,47.471256628486685,47.66728109925941
confirmation_3,A_conditional,FROZEN,41,,,,48.81897412838028,49.35218813828929
confirmation_3,A_conditional,FROZEN,42,,,,50.122432206145916,51.09315153459217
confirmation_3,A_conditional,FROZEN,43,,,,51.6966703064655,52.82556359288399
confirmation_3,A_conditional,FROZEN,44,,,,53.044090983193996,54.5607042564259
confirmation_3,A_conditional,FROZEN,45,,,,54.69372107005938,56.26618269713144
confirmation_3,A_conditional,FROZEN,46,,,,56.52940885195949,58.016621993588146
confirmation_3,A_conditional,FROZEN,47,,,,58.735445298959895,59.70522207039805
confirmation_3,A_conditional,FROZEN,48,,,,60.32574500697552,61.45140989835002
confirmation_3,A_conditional,FROZEN,49,,,,61.62468224735426,63.12320579547722
confirmation_3,A_conditional,FROZEN,50,,,,63.232195953877856,64.82964107766433
confirmation_3,A_conditional,FROZEN,51,,,,64.76439568528733,66.57467653000857
confirmation_3,A_conditional,FROZEN,52,,,,66.22483981025606,68.29507736486362
confirmation_3,A_conditional,FROZEN,53,,,,67.4097911383136,70.04031070716537
confirmation_3,A_conditional,FROZEN,54,,,,68.59778154384587,71.71095358266123
confirmation_3,A_conditional,FROZEN,55,,,,70.29010213659747,73.38169865705723
confirmation_3,A_conditional,FROZEN,56,,,,72.36533250641064,75.13087983747664
confirmation_3,A_conditional,FROZEN,57,,,,74.0678395865925,76.84360616190587
confirmation_3,A_conditional,FROZEN,58,,,,75.59612732140548,78.57892702987463
confirmation_3,A_conditional,FROZEN,59,,,,77.11900280672111,80.31115339512128
confirmation_3,A_conditional,FROZEN,60,,,,78.5992209654473,82.04866717291506
confirmation_3,A_conditional,FROZEN,61,,,,79.9834594181401,83.73420242973779
confirmation_3,A_conditional,FROZEN,62,,,,81.23841627906137,85.48456473334937
confirmation_3,A_conditional,FROZEN,63,,,,82.47184324713307,87.16889845460558
confirmation_3,A_conditional,FROZEN,64,,,,84.15968452042655,88.92046903330039
confirmation_3,A_conditional,FROZEN,65,,,,85.93440379063139,90.59038469675701
confirmation_3,A_conditional,FROZEN,66,,,,86.96462828931251,92.31307765186487
confirmation_3,A_conditional,FROZEN,67,,,,88.17196737517116,94.04758635025249
confirmation_3,A_conditional,FROZEN,68,,,,89.74606830772326,95.78490404191713
confirmation_3,A_conditional,FROZEN,69,,,,91.26125330126072,97.51859114069482
confirmation_3,A_conditional,FROZEN,70,,,,92.85998308699558,99.34371763458445
confirmation_3,A_conditional,FROZEN,71,,,,95.14045036464458,101.16897607537416
confirmation_3,A_conditional,FROZEN,72,,,,97.38804395058412,102.9966782614697
confirmation_3,A_conditional,FROZEN,73,,,,99.51571161050911,104.82252459165198
confirmation_3,A_conditional,FROZEN,74,,,,101.35822267501582,106.65062996443622
confirmation_3,A_conditional,FROZEN,75,,,,102.97613492906416,108.47684926465581
confirmation_3,A_conditional,FROZEN,76,,,,104.85381642746543,110.30297593940344
confirmation_3,A_conditional,FROZEN,77,,,,106.73271503965019,112.13104067541127
confirmation_3,A_conditional,FROZEN,78,,,,108.83139791749295,113.95708969541795
confirmation_3,A_conditional,FROZEN,79,,,,110.52688418744567,115.78539326160293
confirmation_3,A_conditional,FROZEN,80,,,,112.45218828308634,117.61183850443811
confirmation_3,A_conditional,FROZEN,81,,,,113.80123719744446,118.95019312593462
confirmation_3,A_conditional,FROZEN,82,,,,114.67871291221697,120.06743542082535
confirmation_3,A_conditional,FROZEN,83,,,,115.88932308082347,121.18467771571608
confirmation_3,A_conditional,FROZEN,84,,,,116.88820130713508,122.3019200106068
confirmation_3,A_conditional,FROZEN,85,,,,118.38593465099189,123.41916230549754
confirmation_3,A_conditional,FROZEN,86,,,,120.04193848583377,124.53640460038827
confirmation_3,A_conditional,FROZEN,87,,,,121.1493296163006,125.653646895279
confirmation_3,A_conditional,FROZEN,88,,,,122.63334184326428,126.77088919016973
confirmation_3,A_conditional,FROZEN,89,,,,123.54849501532843,127.88813148506046
confirmation_3,A_conditional,FROZEN,90,,,,124.4663544589736,129.00537377995119
confirmation_3,A_conditional,FROZEN,91,,,,125.51427357907203,130.12261607484191
confirmation_3,A_conditional,FROZEN,92,,,,126.8855901963241,131.23985836973264
confirmation_3,A_conditional,FROZEN,93,,,,128.07999240283596,132.35710066462337
confirmation_3,A_conditional,FROZEN,94,,,,129.26657402139702,133.4743429595141
confirmation_3,A_conditional,FROZEN,95,,,,130.25024359141764,134.59158525440483
confirmation_3,A_conditional,FROZEN,96,,,,131.21386185989846,135.70882754929556
confirmation_3,A_conditional,FROZEN,97,,,,132.16993846195606,136.8260698441863
confirmation_3,A_conditional,FROZEN,98,,,,133.26648261984965,137.94331213907702
confirmation_3,A_conditional,FROZEN,99,,,,134.0680286513818,139.06055443396775
confirmation_3,A_conditional,FROZEN,100,,,,135.27358602966166,140.17779672885848
confirmation_3,A_conditional,FROZEN,101,,,,136.21970243589988,141.2950390237492
confirmation_3,A_conditional,FROZEN,102,,,,137.19334972999422,142.41228131863994
confirmation_3,A_conditional,FROZEN,103,,,,138.29223857614048,143.52952361353067
confirmation_3,A_conditional,FROZEN,104,,,,139.3279935536973,144.6467659084214
confirmation_3,A_conditional,FROZEN,105,,,,140.26323058993557,145.76400820331213
confirmation_3,A_conditional,FROZEN,106,,,,141.32366105262582,146.88125049820286
confirmation_3,A_conditional,FROZEN,107,,,,142.52415334556804,147.9984927930936
confirmation_3,A_conditional,FROZEN,108,,,,143.5316600293632,149.11573508798432
confirmation_3,A_conditional,FROZEN,109,,,,144.57274643368396,150.23297738287505
confirmation_3,A_conditional,FROZEN,110,,,,145.3481789984929,151.35021967776578
confirmation_3,A_conditional,FROZEN,111,,,,146.27398104795438,152.4674619726565
confirmation_3,A_conditional,FROZEN,112,,,,147.83167841814642,153.58470426754724
confirmation_3,A_conditional,FROZEN,113,,,,149.38844680126613,154.70194656243797
confirmation_3,A_conditional,FROZEN,114,,,,150.72821379709512,155.8191888573287
confirmation_3,A_conditional,FROZEN,115,,,,151.84053433278774,156.93643115221943
confirmation_3,A_conditional,FROZEN,116,,,,152.79758674628667,158.05367344711016
confirmation_3,A_conditional,FROZEN,117,,,,153.73316321954252,159.1709157420009
confirmation_3,A_conditional,FROZEN,118,,,,154.6555678070949,160.28815803689162
confirmation_3,A_conditional,FROZEN,119,,,,155.4495307043195,161.40540033178235
confirmation_3,A_conditional,FROZEN,120,,,,156.4588085933654,162.52264262667308
confirmation_3,A_conditional,JOINT,37.784462249,30.4,30.7669641230528,0.3669641230528029,,
confirmation_3,A_conditional,JOINT,40.899462249,30.4,31.025474137739288,0.625474137739289,,
confirmation_3,A_conditional,JOINT,44.049462249,31.3,31.257764946435426,-0.0422350535645748,,
confirmation_3,A_conditional,JOINT,47.014462249,31.3,31.43037902723344,0.1303790272334382,,
confirmation_3,A_conditional,JOINT,49.644462249,31.3,31.565352225092646,0.265352225092645,,
confirmation_3,A_conditional,JOINT,52.324462249,32.0,31.665056303058403,-0.33494369694159687,,
confirmation_3,A_conditional,JOINT,55.379462249,32.0,31.7752528146734,-0.2247471853265992,,
confirmation_3,A_conditional,JOINT,58.159462249,32.0,31.86180471653389,-0.13819528346611065,,
confirmation_3,A_conditional,JOINT,61.269462249,32.0,31.94751547949921,-0.052484520500790666,,
confirmation_3,A_conditional,JOINT,64.424462249,32.2,32.023369815889474,-0.1766301841105289,,
confirmation_3,A_conditional,JOINT,67.174462249,32.2,32.05246063828903,-0.14753936171097592,,
confirmation_3,A_conditional,JOINT,70.234462249,32.2,32.15952678074981,-0.040473219250195314,,
confirmation_3,A_conditional,JOINT,73.214462249,32.4,32.290688625702735,-0.10931137429726334,,
confirmation_3,A_conditional,JOINT,76.274462249,32.4,32.40360155444923,0.0036015544492329354,,
confirmation_3,A_conditional,JOINT,78.854462249,32.4,32.484174188535164,0.08417418853516523,,
confirmation_3,A_conditional,JOINT,81.524462249,32.4,32.383174786224906,-0.016825213775092607,,
confirmation_3,A_conditional,JOINT,84.184462249,32.5,32.10716805081094,-0.39283194918905906,,
confirmation_3,A_conditional,JOINT,87.139462249,32.5,31.84820355178799,-0.6517964482120107,,
confirmation_3,A_conditional,JOINT,90.429462249,32.5,31.60926389785097,-0.890736102149031,,
confirmation_3,A_conditional,JOINT,93.564462249,31.3,31.4216970782479,0.1216970782478981,,
confirmation_3,A_conditional,JOINT,96.664462249,31.3,31.268016895451204,-0.031983104548796604,,
confirmation_3,A_conditional,JOINT,99.754462249,31.3,31.140923327785416,-0.1590766722145851,,
confirmation_3,A_conditional,JOINT,102.624462249,31.0,31.042327690898595,0.04232769089859545,,
confirmation_3,A_conditional,JOINT,105.269462249,31.0,30.965410968192995,-0.034589031807005455,,
confirmation_3,A_conditional,JOINT,108.344462249,31.0,30.89014729466404,-0.10985270533596037,,
confirmation_3,A_conditional,JOINT,111.429462249,31.0,30.827460622833897,-0.17253937716610324,,
confirmation_3,A_conditional,JOINT,114.284462249,30.8,30.778992216171343,-0.021007783828657978,,
confirmation_3,A_conditional,JOINT,117.374462249,30.8,30.735157524564684,-0.06484247543531652,,
confirmation_3,A_conditional,JOINT,120.029462249,30.8,30.703516030866368,-0.096483969133633,,
confirmation_3,A_conditional,JOINT,123.414462249,30.8,30.66989481256855,-0.13010518743145028,,
confirmation_3,A_conditional,JOINT,126.359462249,30.8,30.645759485741333,-0.15424051425866736,,
confirmation_3,A_conditional,JOINT,129.574462249,30.8,30.623895500294186,-0.176104499705815,,
confirmation_3,A_conditional,JOINT,132.194462249,30.7,30.608977646513317,-0.0910223534866823,,
confirmation_3,A_conditional,JOINT,135.069462249,30.7,30.595121479623824,-0.10487852037617529,,
confirmation_3,A_conditional,JOINT,138.179462249,30.7,30.582623821777744,-0.11737617822225488,,
confirmation_3,A_conditional,JOINT,141.314462249,30.7,30.572206317868815,-0.12779368213118403,,
confirmation_3,A_conditional,JOINT,144.569462249,30.7,30.563302903665527,-0.1366970963344727,,
confirmation_3,A_conditional,JOINT,147.664462249,30.7,30.556329520193533,-0.14367047980646674,,
confirmation_3,A_conditional,JOINT,150.769462249,30.7,30.55054105545334,-0.14945894454665876,,
confirmation_3,A_conditional,JOINT,153.404462249,30.6,30.546421912257863,-0.05357808774213879,,
confirmation_3,A_conditional,JOINT,156.369462249,30.6,30.54251685756797,-0.05748314243203012,,
confirmation_3,A_conditional,JOINT,158.924462249,30.6,30.539677391619296,-0.060322608380705134,,
confirmation_3,A_conditional,JOINT,162.014462249,30.6,30.536789347186517,-0.06321065281348481,,
confirmation_3,A_conditional,JOINT,165.079462249,30.6,30.53441972108293,-0.06558027891707141,,
confirmation_3,A_conditional,JOINT,167.944462249,30.6,30.532575821185798,-0.06742417881420337,,
confirmation_3,A_conditional,JOINT,170.989462249,30.6,30.530943554760956,-0.06905644523904542,,
confirmation_3,A_conditional,JOINT,174.014462249,30.6,30.529600584715435,-0.07039941528456595,,
confirmation_3,A_conditional,JOINT,176.774462249,30.6,30.52857751701479,-0.07142248298521281,,
confirmation_3,A_conditional,JOINT,179.824462249,30.6,30.527634351221682,-0.07236564877831952,,
confirmation_3,A_conditional,JOINT,0,,,,0.0,0.0
confirmation_3,A_conditional,JOINT,1,,,,1.176320051275382,1.1172422948907295
confirmation_3,A_conditional,JOINT,2,,,,2.100167467336813,2.234484589781459
confirmation_3,A_conditional,JOINT,3,,,,2.9679027595736143,3.351726884672188
confirmation_3,A_conditional,JOINT,4,,,,4.038888600883908,4.468969179562918
confirmation_3,A_conditional,JOINT,5,,,,4.939784204799811,5.5862114744536475
confirmation_3,A_conditional,JOINT,6,,,,5.7543357431604925,6.703453769344376
confirmation_3,A_conditional,JOINT,7,,,,6.6713138601755,7.820696064235106
confirmation_3,A_conditional,JOINT,8,,,,7.803693448126218,8.937938359125836
confirmation_3,A_conditional,JOINT,9,,,,8.549879548860076,10.055180654016565
confirmation_3,A_conditional,JOINT,10,,,,9.252402642716696,11.172422948907295
confirmation_3,A_conditional,JOINT,11,,,,10.190669321539831,12.289665243798025
confirmation_3,A_conditional,JOINT,12,,,,11.146081692234581,13.406907538688753
confirmation_3,A_conditional,JOINT,13,,,,12.026487310237092,14.524149833579482
confirmation_3,A_conditional,JOINT,14,,,,12.956785329611613,15.641392128470212
confirmation_3,A_conditional,JOINT,15,,,,14.125142338860115,16.75863442336094
confirmation_3,A_conditional,JOINT,16,,,,15.544113787401646,17.87587671825167
confirmation_3,A_conditional,JOINT,17,,,,16.783500547124326,18.9931190131424
confirmation_3,A_conditional,JOINT,18,,,,18.292958605253627,20.11036130803313
confirmation_3,A_conditional,JOINT,19,,,,19.374802275562505,21.22760360292386
confirmation_3,A_conditional,JOINT,20,,,,20.959814648134856,22.34484589781459
confirmation_3,A_conditional,JOINT,21,,,,21.977707918519123,23.46208819270532
confirmation_3,A_conditional,JOINT,22,,,,23.617086178892922,24.57933048759605
confirmation_3,A_conditional,JOINT,23,,,,25.50842492477947,25.69657278248678
confirmation_3,A_conditional,JOINT,24,,,,27.132280952126468,26.813815077377505
confirmation_3,A_conditional,JOINT,25,,,,28.259442011486527,27.931057372268235
confirmation_3,A_conditional,JOINT,26,,,,29.214846923986354,29.048299667158965
confirmation_3,A_conditional,JOINT,27,,,,30.2778166013721,30.165541962049694
confirmation_3,A_conditional,JOINT,28,,,,31.313077412848138,31.282784256940424
confirmation_3,A_conditional,JOINT,29,,,,32.28439143634162,32.400026551831154
confirmation_3,A_conditional,JOINT,30,,,,33.652897301219795,33.51726884672188
confirmation_3,A_conditional,JOINT,31,,,,35.100757540064535,34.63451114161261
confirmation_3,A_conditional,JOINT,32,,,,36.601145933987326,35.75175343650334
confirmation_3,A_conditional,JOINT,33,,,,37.6101151323519,36.86899573139407
confirmation_3,A_conditional,JOINT,34,,,,38.55193091712665,37.9862380262848
confirmation_3,A_conditional,JOINT,35,,,,39.52412878080915,39.10348032117553
confirmation_3,A_conditional,JOINT,36,,,,41.1146734544185,40.81972339073558
confirmation_3,A_conditional,JOINT,37,,,,43.08260312053279,42.562750861528926
confirmation_3,A_conditional,JOINT,38,,,,44.49936960700076,44.25270802115876
confirmation_3,A_conditional,JOINT,39,,,,46.232961109545336,45.927134804605075
confirmation_3,A_conditional,JOINT,40,,,,47.471256628486685,47.67871060801969
confirmation_3,A_conditional,JOINT,41,,,,48.81897412838028,49.36632622880903
confirmation_3,A_conditional,JOINT,42,,,,50.122432206145916,51.10931302918184
confirmation_3,A_conditional,JOINT,43,,,,51.6966703064655,52.84387575104439
confirmation_3,A_conditional,JOINT,44,,,,53.044090983193996,54.58113194333991
confirmation_3,A_conditional,JOINT,45,,,,54.69372107005938,56.28909771265444
confirmation_3,A_conditional,JOINT,46,,,,56.52940885195949,58.04147527398282
confirmation_3,A_conditional,JOINT,47,,,,58.735445298959895,59.732727433088336
confirmation_3,A_conditional,JOINT,48,,,,60.32574500697552,61.48090366906575
confirmation_3,A_conditional,JOINT,49,,,,61.62468224735426,63.155522230550126
confirmation_3,A_conditional,JOINT,50,,,,63.232195953877856,64.86440777648194
confirmation_3,A_conditional,JOINT,51,,,,64.76439568528733,66.6114431885174
confirmation_3,A_conditional,JOINT,52,,,,66.22483981025606,68.33412852604265
confirmation_3,A_conditional,JOINT,53,,,,67.4097911383136,70.08135827463762
confirmation_3,A_conditional,JOINT,54,,,,68.59778154384587,71.75483810045262
confirmation_3,A_conditional,JOINT,55,,,,70.29010213659747,73.42841963392236
confirmation_3,A_conditional,JOINT,56,,,,72.36533250641064,75.17955026407543
confirmation_3,A_conditional,JOINT,57,,,,74.0678395865925,76.89466594554429
confirmation_3,A_conditional,JOINT,58,,,,75.59612732140548,78.63210024670781
confirmation_3,A_conditional,JOINT,59,,,,77.11900280672111,80.36643874841637
confirmation_3,A_conditional,JOINT,60,,,,78.5992209654473,82.10603989411834
confirmation_3,A_conditional,JOINT,61,,,,79.9834594181401,83.79426940676305
confirmation_3,A_conditional,JOINT,62,,,,81.23841627906137,85.5465717146999
confirmation_3,A_conditional,JOINT,63,,,,82.47184324713307,87.23359494647428
confirmation_3,A_conditional,JOINT,64,,,,84.15968452042655,88.98708602300405
confirmation_3,A_conditional,JOINT,65,,,,85.93440379063139,90.65984101536553
confirmation_3,A_conditional,JOINT,66,,,,86.96462828931251,92.38478286965973
confirmation_3,A_conditional,JOINT,67,,,,88.17196737517116,94.12141218986493
confirmation_3,A_conditional,JOINT,68,,,,89.74606830772326,95.86082351788022
confirmation_3,A_conditional,JOINT,69,,,,91.26125330126072,97.59663531829023
confirmation_3,A_conditional,JOINT,70,,,,92.85998308699558,99.42282160112686
confirmation_3,A_conditional,JOINT,71,,,,95.14045036464458,101.24914002840417
confirmation_3,A_conditional,JOINT,72,,,,97.38804395058412,103.07790585957196
confirmation_3,A_conditional,JOINT,73,,,,99.51571161050911,104.90481305638394
confirmation_3,A_conditional,JOINT,74,,,,101.35822267501582,106.73398267786007
confirmation_3,A_conditional,JOINT,75,,,,102.97613492906416,108.56126340309095
confirmation_3,A_conditional,JOINT,76,,,,104.85381642746543,110.38845136417828
confirmation_3,A_conditional,JOINT,77,,,,106.73271503965019,112.21758028803978
confirmation_3,A_conditional,JOINT,78,,,,108.83139791749295,114.04469047812754
confirmation_3,A_conditional,JOINT,79,,,,110.52688418744567,115.87405858972407
confirmation_3,A_conditional,JOINT,80,,,,112.45218828308634,117.70156559583421
confirmation_3,A_conditional,JOINT,81,,,,113.80123719744446,119.04025124944036
confirmation_3,A_conditional,JOINT,82,,,,114.67871291221697,120.15749354433109
confirmation_3,A_conditional,JOINT,83,,,,115.88932308082347,121.27473583922182
confirmation_3,A_conditional,JOINT,84,,,,116.88820130713508,122.39197813411255
confirmation_3,A_conditional,JOINT,85,,,,118.38593465099189,123.50922042900328
confirmation_3,A_conditional,JOINT,86,,,,120.04193848583377,124.62646272389401
confirmation_3,A_conditional,JOINT,87,,,,121.1493296163006,125.74370501878474
confirmation_3,A_conditional,JOINT,88,,,,122.63334184326428,126.86094731367547
confirmation_3,A_conditional,JOINT,89,,,,123.54849501532843,127.9781896085662
confirmation_3,A_conditional,JOINT,90,,,,124.4663544589736,129.09543190345693
confirmation_3,A_conditional,JOINT,91,,,,125.51427357907203,130.21267419834766
confirmation_3,A_conditional,JOINT,92,,,,126.8855901963241,131.3299164932384
confirmation_3,A_conditional,JOINT,93,,,,128.07999240283596,132.44715878812912
confirmation_3,A_conditional,JOINT,94,,,,129.26657402139702,133.56440108301985
confirmation_3,A_conditional,JOINT,95,,,,130.25024359141764,134.68164337791058
confirmation_3,A_conditional,JOINT,96,,,,131.21386185989846,135.7988856728013
confirmation_3,A_conditional,JOINT,97,,,,132.16993846195606,136.91612796769203
confirmation_3,A_conditional,JOINT,98,,,,133.26648261984965,138.03337026258276
confirmation_3,A_conditional,JOINT,99,,,,134.0680286513818,139.1506125574735
confirmation_3,A_conditional,JOINT,100,,,,135.27358602966166,140.26785485236422
confirmation_3,A_conditional,JOINT,101,,,,136.21970243589988,141.38509714725495
confirmation_3,A_conditional,JOINT,102,,,,137.19334972999422,142.50233944214568
confirmation_3,A_conditional,JOINT,103,,,,138.29223857614048,143.6195817370364
confirmation_3,A_conditional,JOINT,104,,,,139.3279935536973,144.73682403192714
confirmation_3,A_conditional,JOINT,105,,,,140.26323058993557,145.85406632681787
confirmation_3,A_conditional,JOINT,106,,,,141.32366105262582,146.9713086217086
confirmation_3,A_conditional,JOINT,107,,,,142.52415334556804,148.08855091659933
confirmation_3,A_conditional,JOINT,108,,,,143.5316600293632,149.20579321149006
confirmation_3,A_conditional,JOINT,109,,,,144.57274643368396,150.3230355063808
confirmation_3,A_conditional,JOINT,110,,,,145.3481789984929,151.44027780127152
confirmation_3,A_conditional,JOINT,111,,,,146.27398104795438,152.55752009616225
confirmation_3,A_conditional,JOINT,112,,,,147.83167841814642,153.67476239105298
confirmation_3,A_conditional,JOINT,113,,,,149.38844680126613,154.7920046859437
confirmation_3,A_conditional,JOINT,114,,,,150.72821379709512,155.90924698083444
confirmation_3,A_conditional,JOINT,115,,,,151.84053433278774,157.02648927572517
confirmation_3,A_conditional,JOINT,116,,,,152.79758674628667,158.1437315706159
confirmation_3,A_conditional,JOINT,117,,,,153.73316321954252,159.26097386550663
confirmation_3,A_conditional,JOINT,118,,,,154.6555678070949,160.37821616039736
confirmation_3,A_conditional,JOINT,119,,,,155.4495307043195,161.4954584552881
confirmation_3,A_conditional,JOINT,120,,,,156.4588085933654,162.61270075017882
confirmation_3,B_arrival,FROZEN,37.784462249,30.4,30.747660542607747,0.34766054260774837,,
confirmation_3,B_arrival,FROZEN,40.899462249,30.4,30.983449175418862,0.5834491754188633,,
confirmation_3,B_arrival,FROZEN,44.049462249,31.3,31.206795952594813,-0.0932040474051874,,
confirmation_3,B_arrival,FROZEN,47.014462249,31.3,31.386133574829426,0.08613357482942519,,
confirmation_3,B_arrival,FROZEN,49.644462249,31.3,31.52225265224497,0.22225265224496837,,
confirmation_3,B_arrival,FROZEN,52.324462249,32.0,31.640191904897822,-0.3598080951021778,,
confirmation_3,B_arrival,FROZEN,55.379462249,32.0,31.768762477032325,-0.23123752296767464,,
confirmation_3,B_arrival,FROZEN,58.159462249,32.0,31.874507197071974,-0.12549280292802578,,
confirmation_3,B_arrival,FROZEN,61.269462249,32.0,31.96113623799468,-0.03886376200532027,,
confirmation_3,B_arrival,FROZEN,64.424462249,32.2,32.05999910340791,-0.1400008965920918,,
confirmation_3,B_arrival,FROZEN,67.174462249,32.2,32.1254397434006,-0.0745602565994048,,
confirmation_3,B_arrival,FROZEN,70.234462249,32.2,32.24159423173639,0.041594231736389986,,
confirmation_3,B_arrival,FROZEN,73.214462249,32.4,32.379423874076224,-0.02057612592377467,,
confirmation_3,B_arrival,FROZEN,76.274462249,32.4,32.50297262984543,0.1029726298454321,,
confirmation_3,B_arrival,FROZEN,78.854462249,32.4,32.59471253675919,0.19471253675919087,,
confirmation_3,B_arrival,FROZEN,81.524462249,32.4,32.485686199340726,0.08568619934072785,,
confirmation_3,B_arrival,FROZEN,84.184462249,32.5,32.27013334747305,-0.22986665252695104,,
confirmation_3,B_arrival,FROZEN,87.139462249,32.5,32.059831335133424,-0.4401686648665759,,
confirmation_3,B_arrival,FROZEN,90.429462249,32.5,31.857175342047178,-0.6428246579528221,,
confirmation_3,B_arrival,FROZEN,93.564462249,31.3,31.690785530493113,0.3907855304931118,,
confirmation_3,B_arrival,FROZEN,96.664462249,31.3,31.548390277450576,0.24839027745057507,,
confirmation_3,B_arrival,FROZEN,99.754462249,31.3,31.42542769537162,0.12542769537162002,,
confirmation_3,B_arrival,FROZEN,102.624462249,31.0,31.325973841545164,0.3259738415451636,,
confirmation_3,B_arrival,FROZEN,105.269462249,31.0,31.24533309721705,0.2453330972170491,,
confirmation_3,B_arrival,FROZEN,108.344462249,31.0,31.163218570828654,0.1632185708286542,,
confirmation_3,B_arrival,FROZEN,111.429462249,31.0,31.0918145247795,0.09181452477950103,,
confirmation_3,B_arrival,FROZEN,114.284462249,30.8,31.03425687183744,0.23425687183743804,,
confirmation_3,B_arrival,FROZEN,117.374462249,30.8,30.97999245274248,0.17999245274247855,,
confirmation_3,B_arrival,FROZEN,120.029462249,30.8,30.93920552639889,0.1392055263988894,,
confirmation_3,B_arrival,FROZEN,123.414462249,30.8,30.894001540932134,0.09400154093213331,,
confirmation_3,B_arrival,FROZEN,126.359462249,30.8,30.86006860007035,0.06006860007034831,,
confirmation_3,B_arrival,FROZEN,129.574462249,30.8,30.827969505923626,0.02796950592362535,,
confirmation_3,B_arrival,FROZEN,132.194462249,30.7,30.80514288281215,0.10514288281214945,,
confirmation_3,B_arrival,FROZEN,135.069462249,30.7,30.783103105895805,0.08310310589580538,,
confirmation_3,B_arrival,FROZEN,138.179462249,30.7,30.762365239569146,0.062365239569146524,,
confirmation_3,B_arrival,FROZEN,141.314462249,30.7,30.744295456099795,0.04429545609979613,,
confirmation_3,B_arrival,FROZEN,144.569462249,30.7,30.72813371445254,0.028133714452540204,,
confirmation_3,B_arrival,FROZEN,147.664462249,30.7,30.71488698365903,0.014886983659032182,,
confirmation_3,B_arrival,FROZEN,150.769462249,30.7,30.703391200135034,0.0033912001350344667,,
confirmation_3,B_arrival,FROZEN,153.404462249,30.6,30.69486399227725,0.09486399227724718,,
confirmation_3,B_arrival,FROZEN,156.369462249,30.6,30.686446922467685,0.08644692246768315,,
confirmation_3,B_arrival,FROZEN,158.924462249,30.6,30.68007534987117,0.08007534987116927,,
confirmation_3,B_arrival,FROZEN,162.014462249,30.6,30.673323457402088,0.07332345740208623,,
confirmation_3,B_arrival,FROZEN,165.079462249,30.6,30.667527383586968,0.06752738358696675,,
confirmation_3,B_arrival,FROZEN,167.944462249,30.6,30.662814766422358,0.06281476642235617,,
confirmation_3,B_arrival,FROZEN,170.989462249,30.6,30.658455676077633,0.05845567607763158,,
confirmation_3,B_arrival,FROZEN,174.014462249,30.6,30.654701954496392,0.054701954496390925,,
confirmation_3,B_arrival,FROZEN,176.774462249,30.6,30.6517140195954,0.05171401959539779,,
confirmation_3,B_arrival,FROZEN,179.824462249,30.6,30.648834648035297,0.04883464803529591,,
confirmation_3,B_arrival,FROZEN,0,,,,0.0,0.0
confirmation_3,B_arrival,FROZEN,1,,,,1.176320051275382,1.1172422948907295
confirmation_3,B_arrival,FROZEN,2,,,,2.100167467336813,2.234484589781459
confirmation_3,B_arrival,FROZEN,3,,,,2.9679027595736143,3.351726884672188
confirmation_3,B_arrival,FROZEN,4,,,,4.038888600883908,4.468969179562918
confirmation_3,B_arrival,FROZEN,5,,,,4.939784204799811,5.5862114744536475
confirmation_3,B_arrival,FROZEN,6,,,,5.7543357431604925,6.703453769344376
confirmation_3,B_arrival,FROZEN,7,,,,6.6713138601755,7.820696064235106
confirmation_3,B_arrival,FROZEN,8,,,,7.803693448126218,8.937938359125836
confirmation_3,B_arrival,FROZEN,9,,,,8.549879548860076,10.055180654016565
confirmation_3,B_arrival,FROZEN,10,,,,9.252402642716696,11.172422948907295
confirmation_3,B_arrival,FROZEN,11,,,,10.190669321539831,12.289665243798025
confirmation_3,B_arrival,FROZEN,12,,,,11.146081692234581,13.406907538688753
confirmation_3,B_arrival,FROZEN,13,,,,12.026487310237092,14.524149833579482
confirmation_3,B_arrival,FROZEN,14,,,,12.956785329611613,15.641392128470212
confirmation_3,B_arrival,FROZEN,15,,,,14.125142338860115,16.75863442336094
confirmation_3,B_arrival,FROZEN,16,,,,15.544113787401646,17.87587671825167
confirmation_3,B_arrival,FROZEN,17,,,,16.783500547124326,18.9931190131424
confirmation_3,B_arrival,FROZEN,18,,,,18.292958605253627,20.11036130803313
confirmation_3,B_arrival,FROZEN,19,,,,19.374802275562505,21.22760360292386
confirmation_3,B_arrival,FROZEN,20,,,,20.959814648134856,22.34484589781459
confirmation_3,B_arrival,FROZEN,21,,,,21.977707918519123,23.46208819270532
confirmation_3,B_arrival,FROZEN,22,,,,23.617086178892922,24.57933048759605
confirmation_3,B_arrival,FROZEN,23,,,,25.50842492477947,25.69657278248678
confirmation_3,B_arrival,FROZEN,24,,,,27.132280952126468,26.813815077377505
confirmation_3,B_arrival,FROZEN,25,,,,28.259442011486527,27.931057372268235
confirmation_3,B_arrival,FROZEN,26,,,,29.214846923986354,29.048299667158965
confirmation_3,B_arrival,FROZEN,27,,,,30.2778166013721,30.165541962049694
confirmation_3,B_arrival,FROZEN,28,,,,31.313077412848138,31.282784256940424
confirmation_3,B_arrival,FROZEN,29,,,,32.28439143634162,32.400026551831154
confirmation_3,B_arrival,FROZEN,30,,,,33.652897301219795,33.51726884672188
confirmation_3,B_arrival,FROZEN,31,,,,35.100757540064535,34.63451114161261
confirmation_3,B_arrival,FROZEN,32,,,,36.601145933987326,35.75175343650334
confirmation_3,B_arrival,FROZEN,33,,,,37.6101151323519,36.86899573139407
confirmation_3,B_arrival,FROZEN,34,,,,38.55193091712665,37.9862380262848
confirmation_3,B_arrival,FROZEN,35,,,,39.52412878080915,39.10348032117553
confirmation_3,B_arrival,FROZEN,36,,,,41.1146734544185,40.82530583374935
confirmation_3,B_arrival,FROZEN,37,,,,43.08260312053279,42.56483952026985
confirmation_3,B_arrival,FROZEN,38,,,,44.49936960700076,44.2671852136698
confirmation_3,B_arrival,FROZEN,39,,,,46.232961109545336,46.02232774750067
confirmation_3,B_arrival,FROZEN,40,,,,47.471256628486685,47.70244461813217
confirmation_3,B_arrival,FROZEN,41,,,,48.81897412838028,49.38256148876366
confirmation_3,B_arrival,FROZEN,42,,,,50.122432206145916,51.137704022594534
confirmation_3,B_arrival,FROZEN,43,,,,51.6966703064655,52.852634620703455
confirmation_3,B_arrival,FROZEN,44,,,,53.044090983193996,54.59216830722395
confirmation_3,B_arrival,FROZEN,45,,,,54.69372107005938,56.33170199374445
confirmation_3,B_arrival,FROZEN,46,,,,56.52940885195949,58.07123568026495
confirmation_3,B_arrival,FROZEN,47,,,,58.735445298959895,59.76336536559019
confirmation_3,B_arrival,FROZEN,48,,,,60.32574500697552,61.51850789918101
confirmation_3,B_arrival,FROZEN,49,,,,61.62468224735426,63.19862476981251
confirmation_3,B_arrival,FROZEN,50,,,,63.232195953877856,64.95376730364339
confirmation_3,B_arrival,FROZEN,51,,,,64.76439568528733,66.63388417451492
confirmation_3,B_arrival,FROZEN,52,,,,66.22483981025606,68.35903078045851
confirmation_3,B_arrival,FROZEN,53,,,,67.4097911383136,70.09856446673896
confirmation_3,B_arrival,FROZEN,54,,,,68.59778154384587,71.83809815301942
confirmation_3,B_arrival,FROZEN,55,,,,70.29010213659747,73.57763183953992
confirmation_3,B_arrival,FROZEN,56,,,,72.36533250641064,75.25954551703049
confirmation_3,B_arrival,FROZEN,57,,,,74.0678395865925,77.01468805086137
confirmation_3,B_arrival,FROZEN,58,,,,75.59612732140548,78.6948049217329
confirmation_3,B_arrival,FROZEN,59,,,,77.11900280672111,80.44994745556377
confirmation_3,B_arrival,FROZEN,60,,,,78.5992209654473,82.13006432619527
confirmation_3,B_arrival,FROZEN,61,,,,79.9834594181401,83.86542693997352
confirmation_3,B_arrival,FROZEN,62,,,,81.23841627906137,85.60496062649402
confirmation_3,B_arrival,FROZEN,63,,,,82.47184324713307,87.34449431301452
confirmation_3,B_arrival,FROZEN,64,,,,84.15968452042655,89.07560879831938
confirmation_3,B_arrival,FROZEN,65,,,,85.93440379063139,90.82356168605551
confirmation_3,B_arrival,FROZEN,66,,,,86.96462828931251,92.51086820278175
confirmation_3,B_arrival,FROZEN,67,,,,88.17196737517116,94.19098507341324
confirmation_3,B_arrival,FROZEN,68,,,,89.74606830772326,95.94612760724412
confirmation_3,B_arrival,FROZEN,69,,,,91.26125330126072,97.70127014107499
confirmation_3,B_arrival,FROZEN,70,,,,92.85998308699558,99.53143833786518
confirmation_3,B_arrival,FROZEN,71,,,,95.14045036464458,101.3616065346554
confirmation_3,B_arrival,FROZEN,72,,,,97.38804395058412,103.19177473144559
confirmation_3,B_arrival,FROZEN,73,,,,99.51571161050911,105.0219429282358
confirmation_3,B_arrival,FROZEN,74,,,,101.35822267501582,106.852111125026
confirmation_3,B_arrival,FROZEN,75,,,,102.97613492906416,108.6822793218162
confirmation_3,B_arrival,FROZEN,76,,,,104.85381642746543,110.5124475186064
confirmation_3,B_arrival,FROZEN,77,,,,106.73271503965019,112.34261571539659
confirmation_3,B_arrival,FROZEN,78,,,,108.83139791749295,114.1727839121868
confirmation_3,B_arrival,FROZEN,79,,,,110.52688418744567,116.002952108977
confirmation_3,B_arrival,FROZEN,80,,,,112.45218828308634,117.77338978958471
confirmation_3,B_arrival,FROZEN,81,,,,113.80123719744446,118.89063208447544
confirmation_3,B_arrival,FROZEN,82,,,,114.67871291221697,120.00787437936617
confirmation_3,B_arrival,FROZEN,83,,,,115.88932308082347,121.1251166742569
confirmation_3,B_arrival,FROZEN,84,,,,116.88820130713508,122.24235896914763
confirmation_3,B_arrival,FROZEN,85,,,,118.38593465099189,123.35960126403836
confirmation_3,B_arrival,FROZEN,86,,,,120.04193848583377,124.47684355892909
confirmation_3,B_arrival,FROZEN,87,,,,121.1493296163006,125.59408585381982
confirmation_3,B_arrival,FROZEN,88,,,,122.63334184326428,126.71132814871055
confirmation_3,B_arrival,FROZEN,89,,,,123.54849501532843,127.82857044360128
confirmation_3,B_arrival,FROZEN,90,,,,124.4663544589736,128.945812738492
confirmation_3,B_arrival,FROZEN,91,,,,125.51427357907203,130.06305503338274
confirmation_3,B_arrival,FROZEN,92,,,,126.8855901963241,131.18029732827347
confirmation_3,B_arrival,FROZEN,93,,,,128.07999240283596,132.2975396231642
confirmation_3,B_arrival,FROZEN,94,,,,129.26657402139702,133.41478191805493
confirmation_3,B_arrival,FROZEN,95,,,,130.25024359141764,134.53202421294566
confirmation_3,B_arrival,FROZEN,96,,,,131.21386185989846,135.64926650783636
confirmation_3,B_arrival,FROZEN,97,,,,132.16993846195606,136.7665088027271
confirmation_3,B_arrival,FROZEN,98,,,,133.26648261984965,137.88375109761782
confirmation_3,B_arrival,FROZEN,99,,,,134.0680286513818,139.00099339250855
confirmation_3,B_arrival,FROZEN,100,,,,135.27358602966166,140.11823568739928
confirmation_3,B_arrival,FROZEN,101,,,,136.21970243589988,141.23547798229
confirmation_3,B_arrival,FROZEN,102,,,,137.19334972999422,142.35272027718074
confirmation_3,B_arrival,FROZEN,103,,,,138.29223857614048,143.46996257207147
confirmation_3,B_arrival,FROZEN,104,,,,139.3279935536973,144.5872048669622
confirmation_3,B_arrival,FROZEN,105,,,,140.26323058993557,145.70444716185293
confirmation_3,B_arrival,FROZEN,106,,,,141.32366105262582,146.82168945674366
confirmation_3,B_arrival,FROZEN,107,,,,142.52415334556804,147.93893175163439
confirmation_3,B_arrival,FROZEN,108,,,,143.5316600293632,149.05617404652511
confirmation_3,B_arrival,FROZEN,109,,,,144.57274643368396,150.17341634141584
confirmation_3,B_arrival,FROZEN,110,,,,145.3481789984929,151.29065863630657
confirmation_3,B_arrival,FROZEN,111,,,,146.27398104795438,152.4079009311973
confirmation_3,B_arrival,FROZEN,112,,,,147.83167841814642,153.52514322608803
confirmation_3,B_arrival,FROZEN,113,,,,149.38844680126613,154.64238552097876
confirmation_3,B_arrival,FROZEN,114,,,,150.72821379709512,155.7596278158695
confirmation_3,B_arrival,FROZEN,115,,,,151.84053433278774,156.87687011076022
confirmation_3,B_arrival,FROZEN,116,,,,152.79758674628667,157.99411240565095
confirmation_3,B_arrival,FROZEN,117,,,,153.73316321954252,159.11135470054168
confirmation_3,B_arrival,FROZEN,118,,,,154.6555678070949,160.2285969954324
confirmation_3,B_arrival,FROZEN,119,,,,155.4495307043195,161.34583929032314
confirmation_3,B_arrival,FROZEN,120,,,,156.4588085933654,162.46308158521387
confirmation_3,B_arrival,JOINT,37.784462249,30.4,30.771205190984848,0.37120519098484905,,
confirmation_3,B_arrival,JOINT,40.899462249,30.4,31.026028991233854,0.6260289912338557,,
confirmation_3,B_arrival,JOINT,44.049462249,31.3,31.25867542238166,-0.041324577618340186,,
confirmation_3,B_arrival,JOINT,47.014462249,31.3,31.436770467400496,0.13677046740049548,,
confirmation_3,B_arrival,JOINT,49.644462249,31.3,31.56552910117336,0.26552910117336026,,
confirmation_3,B_arrival,JOINT,52.324462249,32.0,31.671243703134024,-0.32875629686597563,,
confirmation_3,B_arrival,JOINT,55.379462249,32.0,31.784725791129965,-0.215274208870035,,
confirmation_3,B_arrival,JOINT,58.159462249,32.0,31.875404815778683,-0.12459518422131666,,
confirmation_3,B_arrival,JOINT,61.269462249,32.0,31.94035004368084,-0.05964995631915926,,
confirmation_3,B_arrival,JOINT,64.424462249,32.2,32.02113608798307,-0.1788639120169293,,
confirmation_3,B_arrival,JOINT,67.174462249,32.2,32.068639094143776,-0.1313609058562264,,
confirmation_3,B_arrival,JOINT,70.234462249,32.2,32.174278548066084,-0.025721451933918615,,
confirmation_3,B_arrival,JOINT,73.214462249,32.4,32.305219127293036,-0.09478087270696278,,
confirmation_3,B_arrival,JOINT,76.274462249,32.4,32.41759572760068,0.0175957276006784,,
confirmation_3,B_arrival,JOINT,78.854462249,32.4,32.497706285353544,0.09770628535354575,,
confirmation_3,B_arrival,JOINT,81.524462249,32.4,32.34182848547425,-0.058171514525746204,,
confirmation_3,B_arrival,JOINT,84.184462249,32.5,32.07192697466225,-0.4280730253377527,,
confirmation_3,B_arrival,JOINT,87.139462249,32.5,31.818693740349083,-0.681306259650917,,
confirmation_3,B_arrival,JOINT,90.429462249,32.5,31.585045519702177,-0.9149544802978227,,
confirmation_3,B_arrival,JOINT,93.564462249,31.3,31.401635415096447,0.10163541509644602,,
confirmation_3,B_arrival,JOINT,96.664462249,31.3,31.251363537942513,-0.048636462057487506,,
confirmation_3,B_arrival,JOINT,99.754462249,31.3,31.127090928012205,-0.17290907198779593,,
confirmation_3,B_arrival,JOINT,102.624462249,31.0,31.030685570821028,0.030685570821027852,,
confirmation_3,B_arrival,JOINT,105.269462249,31.0,30.955478987657905,-0.044521012342094934,,
confirmation_3,B_arrival,JOINT,108.344462249,31.0,30.88189028354792,-0.11810971645207857,,
confirmation_3,B_arrival,JOINT,111.429462249,31.0,30.820600229385022,-0.17939977061497814,,
confirmation_3,B_arrival,JOINT,114.284462249,30.8,30.77321292136608,-0.026787078633919492,,
confirmation_3,B_arrival,JOINT,117.374462249,30.8,30.730357200299025,-0.06964279970097564,,
confirmation_3,B_arrival,JOINT,120.029462249,30.8,30.699423296997224,-0.10057670300277621,,
confirmation_3,B_arrival,JOINT,123.414462249,30.8,30.66655506223311,-0.13344493776689248,,
confirmation_3,B_arrival,JOINT,126.359462249,30.8,30.642961199546153,-0.15703880045384722,,
confirmation_3,B_arrival,JOINT,129.574462249,30.8,30.62158860880953,-0.178411391190469,,
confirmation_3,B_arrival,JOINT,132.194462249,30.7,30.607006662555435,-0.09299333744456462,,
confirmation_3,B_arrival,JOINT,135.069462249,30.7,30.593463087585512,-0.10653691241448726,,
confirmation_3,B_arrival,JOINT,138.179462249,30.7,30.58124800303908,-0.11875199696092054,,
confirmation_3,B_arrival,JOINT,141.314462249,30.7,30.571066637419406,-0.12893336258059307,,
confirmation_3,B_arrival,JOINT,144.569462249,30.7,30.56236561209074,-0.13763438790925875,,
confirmation_3,B_arrival,JOINT,147.664462249,30.7,30.55555123277078,-0.14444876722921762,,
confirmation_3,B_arrival,JOINT,150.769462249,30.7,30.549895186429623,-0.1501048135703762,,
confirmation_3,B_arrival,JOINT,153.404462249,30.6,30.54587058546721,-0.05412941453279174,,
confirmation_3,B_arrival,JOINT,156.369462249,30.6,30.54205547039768,-0.057944529602320216,,
confirmation_3,B_arrival,JOINT,158.924462249,30.6,30.53928164519758,-0.060718354802421715,,
confirmation_3,B_arrival,JOINT,162.014462249,30.6,30.536460637332596,-0.0635393626674059,,
confirmation_3,B_arrival,JOINT,165.079462249,30.6,30.53414628200043,-0.06585371799956974,,
confirmation_3,B_arrival,JOINT,167.944462249,30.6,30.53234561045792,-0.06765438954208136,,
confirmation_3,B_arrival,JOINT,170.989462249,30.6,30.530751822526632,-0.06924817747336931,,
confirmation_3,B_arrival,JOINT,174.014462249,30.6,30.52944070755762,-0.07055929244238257,,
confirmation_3,B_arrival,JOINT,176.774462249,30.6,30.528442063471815,-0.07155793652818687,,
confirmation_3,B_arrival,JOINT,179.824462249,30.6,30.527521571889977,-0.07247842811002414,,
confirmation_3,B_arrival,JOINT,0,,,,0.0,0.0
confirmation_3,B_arrival,JOINT,1,,,,1.176320051275382,1.1172422948907295
confirmation_3,B_arrival,JOINT,2,,,,2.100167467336813,2.234484589781459
confirmation_3,B_arrival,JOINT,3,,,,2.9679027595736143,3.351726884672188
confirmation_3,B_arrival,JOINT,4,,,,4.038888600883908,4.468969179562918
confirmation_3,B_arrival,JOINT,5,,,,4.939784204799811,5.5862114744536475
confirmation_3,B_arrival,JOINT,6,,,,5.7543357431604925,6.703453769344376
confirmation_3,B_arrival,JOINT,7,,,,6.6713138601755,7.820696064235106
confirmation_3,B_arrival,JOINT,8,,,,7.803693448126218,8.937938359125836
confirmation_3,B_arrival,JOINT,9,,,,8.549879548860076,10.055180654016565
confirmation_3,B_arrival,JOINT,10,,,,9.252402642716696,11.172422948907295
confirmation_3,B_arrival,JOINT,11,,,,10.190669321539831,12.289665243798025
confirmation_3,B_arrival,JOINT,12,,,,11.146081692234581,13.406907538688753
confirmation_3,B_arrival,JOINT,13,,,,12.026487310237092,14.524149833579482
confirmation_3,B_arrival,JOINT,14,,,,12.956785329611613,15.641392128470212
confirmation_3,B_arrival,JOINT,15,,,,14.125142338860115,16.75863442336094
confirmation_3,B_arrival,JOINT,16,,,,15.544113787401646,17.87587671825167
confirmation_3,B_arrival,JOINT,17,,,,16.783500547124326,18.9931190131424
confirmation_3,B_arrival,JOINT,18,,,,18.292958605253627,20.11036130803313
confirmation_3,B_arrival,JOINT,19,,,,19.374802275562505,21.22760360292386
confirmation_3,B_arrival,JOINT,20,,,,20.959814648134856,22.34484589781459
confirmation_3,B_arrival,JOINT,21,,,,21.977707918519123,23.46208819270532
confirmation_3,B_arrival,JOINT,22,,,,23.617086178892922,24.57933048759605
confirmation_3,B_arrival,JOINT,23,,,,25.50842492477947,25.69657278248678
confirmation_3,B_arrival,JOINT,24,,,,27.132280952126468,26.813815077377505
confirmation_3,B_arrival,JOINT,25,,,,28.259442011486527,27.931057372268235
confirmation_3,B_arrival,JOINT,26,,,,29.214846923986354,29.048299667158965
confirmation_3,B_arrival,JOINT,27,,,,30.2778166013721,30.165541962049694
confirmation_3,B_arrival,JOINT,28,,,,31.313077412848138,31.282784256940424
confirmation_3,B_arrival,JOINT,29,,,,32.28439143634162,32.400026551831154
confirmation_3,B_arrival,JOINT,30,,,,33.652897301219795,33.51726884672188
confirmation_3,B_arrival,JOINT,31,,,,35.100757540064535,34.63451114161261
confirmation_3,B_arrival,JOINT,32,,,,36.601145933987326,35.75175343650334
confirmation_3,B_arrival,JOINT,33,,,,37.6101151323519,36.86899573139407
confirmation_3,B_arrival,JOINT,34,,,,38.55193091712665,37.9862380262848
confirmation_3,B_arrival,JOINT,35,,,,39.52412878080915,39.10348032117553
confirmation_3,B_arrival,JOINT,36,,,,41.1146734544185,40.82728920239899
confirmation_3,B_arrival,JOINT,37,,,,43.08260312053279,42.56895147828378
confirmation_3,B_arrival,JOINT,38,,,,44.49936960700076,44.273861200549405
confirmation_3,B_arrival,JOINT,39,,,,46.232961109545336,46.03094955753107
confirmation_3,B_arrival,JOINT,40,,,,47.471256628486685,47.71389073747607
confirmation_3,B_arrival,JOINT,41,,,,48.81897412838028,49.39683191742106
confirmation_3,B_arrival,JOINT,42,,,,50.122432206145916,51.15392027440273
confirmation_3,B_arrival,JOINT,43,,,,51.6966703064655,52.8712675429379
confirmation_3,B_arrival,JOINT,44,,,,53.044090983193996,54.61292981882269
confirmation_3,B_arrival,JOINT,45,,,,54.69372107005938,56.354592094707485
confirmation_3,B_arrival,JOINT,46,,,,56.52940885195949,58.09625437059227
confirmation_3,B_arrival,JOINT,47,,,,58.735445298959895,59.79106770547495
confirmation_3,B_arrival,JOINT,48,,,,60.32574500697552,61.54815606221938
confirmation_3,B_arrival,JOINT,49,,,,61.62468224735426,63.231097242164374
confirmation_3,B_arrival,JOINT,50,,,,63.232195953877856,64.98818559914605
confirmation_3,B_arrival,JOINT,51,,,,64.76439568528733,66.67112677932826
confirmation_3,B_arrival,JOINT,52,,,,66.22483981025606,68.39857043500916
confirmation_3,B_arrival,JOINT,53,,,,67.4097911383136,70.14023271065672
confirmation_3,B_arrival,JOINT,54,,,,68.59778154384587,71.88189498630427
confirmation_3,B_arrival,JOINT,55,,,,70.29010213659747,73.62355726218907
confirmation_3,B_arrival,JOINT,56,,,,72.36533250641064,75.30827420992603
confirmation_3,B_arrival,JOINT,57,,,,74.0678395865925,77.0653625669077
confirmation_3,B_arrival,JOINT,58,,,,75.59612732140548,78.74830374708992
confirmation_3,B_arrival,JOINT,59,,,,77.11900280672111,80.50539210407159
confirmation_3,B_arrival,JOINT,60,,,,78.5992209654473,82.18833328401658
confirmation_3,B_arrival,JOINT,61,,,,79.9834594181401,83.92587332684319
confirmation_3,B_arrival,JOINT,62,,,,81.23841627906137,85.66753560272798
confirmation_3,B_arrival,JOINT,63,,,,82.47184324713307,87.40919787861277
confirmation_3,B_arrival,JOINT,64,,,,84.15968452042655,89.14253953490658
confirmation_3,B_arrival,JOINT,65,,,,85.93440379063139,90.89252243038234
confirmation_3,B_arrival,JOINT,66,,,,86.96462828931251,92.58256907183323
confirmation_3,B_arrival,JOINT,67,,,,88.17196737517116,94.26551025177824
confirmation_3,B_arrival,JOINT,68,,,,89.74606830772326,96.02259860875989
confirmation_3,B_arrival,JOINT,69,,,,91.26125330126072,97.77968696574156
confirmation_3,B_arrival,JOINT,70,,,,92.85998308699558,99.61092249952267
confirmation_3,B_arrival,JOINT,71,,,,95.14045036464458,101.44215803330377
confirmation_3,B_arrival,JOINT,72,,,,97.38804395058412,103.27339356708488
confirmation_3,B_arrival,JOINT,73,,,,99.51571161050911,105.10462910086599
confirmation_3,B_arrival,JOINT,74,,,,101.35822267501582,106.93586463464709
confirmation_3,B_arrival,JOINT,75,,,,102.97613492906416,108.7671001684282
confirmation_3,B_arrival,JOINT,76,,,,104.85381642746543,110.5983357022093
confirmation_3,B_arrival,JOINT,77,,,,106.73271503965019,112.42957123599041
confirmation_3,B_arrival,JOINT,78,,,,108.83139791749295,114.2608067697715
confirmation_3,B_arrival,JOINT,79,,,,110.52688418744567,116.09204230355262
confirmation_3,B_arrival,JOINT,80,,,,112.45218828308634,117.86345789728651
confirmation_3,B_arrival,JOINT,81,,,,113.80123719744446,118.98070019217724
confirmation_3,B_arrival,JOINT,82,,,,114.67871291221697,120.09794248706797
confirmation_3,B_arrival,JOINT,83,,,,115.88932308082347,121.2151847819587
confirmation_3,B_arrival,JOINT,84,,,,116.88820130713508,122.33242707684943
confirmation_3,B_arrival,JOINT,85,,,,118.38593465099189,123.44966937174016
confirmation_3,B_arrival,JOINT,86,,,,120.04193848583377,124.56691166663089
confirmation_3,B_arrival,JOINT,87,,,,121.1493296163006,125.68415396152162
confirmation_3,B_arrival,JOINT,88,,,,122.63334184326428,126.80139625641235
confirmation_3,B_arrival,JOINT,89,,,,123.54849501532843,127.91863855130308
confirmation_3,B_arrival,JOINT,90,,,,124.4663544589736,129.0358808461938
confirmation_3,B_arrival,JOINT,91,,,,125.51427357907203,130.15312314108454
confirmation_3,B_arrival,JOINT,92,,,,126.8855901963241,131.27036543597526
confirmation_3,B_arrival,JOINT,93,,,,128.07999240283596,132.387607730866
confirmation_3,B_arrival,JOINT,94,,,,129.26657402139702,133.50485002575672
confirmation_3,B_arrival,JOINT,95,,,,130.25024359141764,134.62209232064745
confirmation_3,B_arrival,JOINT,96,,,,131.21386185989846,135.73933461553818
confirmation_3,B_arrival,JOINT,97,,,,132.16993846195606,136.8565769104289
confirmation_3,B_arrival,JOINT,98,,,,133.26648261984965,137.97381920531964
confirmation_3,B_arrival,JOINT,99,,,,134.0680286513818,139.09106150021037
confirmation_3,B_arrival,JOINT,100,,,,135.27358602966166,140.2083037951011
confirmation_3,B_arrival,JOINT,101,,,,136.21970243589988,141.32554608999183
confirmation_3,B_arrival,JOINT,102,,,,137.19334972999422,142.44278838488256
confirmation_3,B_arrival,JOINT,103,,,,138.29223857614048,143.5600306797733
confirmation_3,B_arrival,JOINT,104,,,,139.3279935536973,144.67727297466402
confirmation_3,B_arrival,JOINT,105,,,,140.26323058993557,145.79451526955475
confirmation_3,B_arrival,JOINT,106,,,,141.32366105262582,146.91175756444548
confirmation_3,B_arrival,JOINT,107,,,,142.52415334556804,148.0289998593362
confirmation_3,B_arrival,JOINT,108,,,,143.5316600293632,149.14624215422694
confirmation_3,B_arrival,JOINT,109,,,,144.57274643368396,150.26348444911767
confirmation_3,B_arrival,JOINT,110,,,,145.3481789984929,151.3807267440084
confirmation_3,B_arrival,JOINT,111,,,,146.27398104795438,152.49796903889913
confirmation_3,B_arrival,JOINT,112,,,,147.83167841814642,153.61521133378986
confirmation_3,B_arrival,JOINT,113,,,,149.38844680126613,154.7324536286806
confirmation_3,B_arrival,JOINT,114,,,,150.72821379709512,155.84969592357132
confirmation_3,B_arrival,JOINT,115,,,,151.84053433278774,156.96693821846205
confirmation_3,B_arrival,JOINT,116,,,,152.79758674628667,158.08418051335278
confirmation_3,B_arrival,JOINT,117,,,,153.73316321954252,159.2014228082435
confirmation_3,B_arrival,JOINT,118,,,,154.6555678070949,160.31866510313424
confirmation_3,B_arrival,JOINT,119,,,,155.4495307043195,161.43590739802497
confirmation_3,B_arrival,JOINT,120,,,,156.4588085933654,162.5531496929157
confirmation_4,A_conditional,FROZEN,35.322557613,30.5,30.510849035484387,0.010849035484387315,,
confirmation_4,A_conditional,FROZEN,38.252557613,30.5,30.92497679447765,0.4249767944776508,,
confirmation_4,A_conditional,FROZEN,41.327557613,31.5,31.316037885126395,-0.18396211487360503,,
confirmation_4,A_conditional,FROZEN,44.392557613,31.5,31.6719670182044,0.17196701820439841,,
confirmation_4,A_conditional,FROZEN,47.077557613,31.5,31.92374675291654,0.4237467529165393,,
confirmation_4,A_conditional,FROZEN,50.062557613,32.5,32.16917221709456,-0.3308277829054376,,
confirmation_4,A_conditional,FROZEN,53.037557613,32.5,32.3826214250335,-0.1173785749665015,,
confirmation_4,A_conditional,FROZEN,55.687557613,32.5,32.567218434880125,0.06721843488012524,,
confirmation_4,A_conditional,FROZEN,59.307557613,32.5,32.7603238370407,0.2603238370407013,,
confirmation_4,A_conditional,FROZEN,62.917557613,32.9,32.93816489900853,0.03816489900852815,,
confirmation_4,A_conditional,FROZEN,65.912557613,32.9,33.063184545258515,0.16318454525851678,,
confirmation_4,A_conditional,FROZEN,68.777557613,32.9,33.14797984769116,0.24797984769116255,,
confirmation_4,A_conditional,FROZEN,71.462557613,33.6,32.85186045162747,-0.7481395483725279,,
confirmation_4,A_conditional,FROZEN,74.542557613,33.6,32.53989214202622,-1.060107857973783,,
confirmation_4,A_conditional,FROZEN,77.502557613,33.6,32.27904138999291,-1.3209586100070894,,
confirmation_4,A_conditional,FROZEN,80.377557613,31.8,32.05756282855188,0.2575628285518796,,
confirmation_4,A_conditional,FROZEN,83.317557613,31.8,31.859473443481843,0.059473443481842025,,
confirmation_4,A_conditional,FROZEN,86.407557613,31.8,31.67827553642709,-0.12172446357291022,,
confirmation_4,A_conditional,FROZEN,89.372557613,31.8,31.527066442241807,-0.2729335577581935,,
confirmation_4,A_conditional,FROZEN,92.162557613,31.2,31.402471217777652,0.20247121777765287,,
confirmation_4,A_conditional,FROZEN,95.327557613,31.2,31.279237793033495,0.07923779303349576,,
confirmation_4,A_conditional,FROZEN,98.307557613,31.2,31.178547584499007,-0.02145241550099186,,
confirmation_4,A_conditional,FROZEN,101.287557613,31.0,31.090788865318785,0.09078886531878538,,
confirmation_4,A_conditional,FROZEN,103.862557613,31.0,31.02409044377939,0.024090443779389403,,
confirmation_4,A_conditional,FROZEN,106.872557613,31.0,30.95553535465438,-0.04446464534562011,,
confirmation_4,A_conditional,FROZEN,109.972557613,30.9,30.894211884421967,-0.005788115578031494,,
confirmation_4,A_conditional,FROZEN,112.702557613,30.9,30.847015303605087,-0.05298469639491188,,
confirmation_4,A_conditional,FROZEN,115.762557613,30.9,30.800724050221582,-0.09927594977841636,,
confirmation_4,A_conditional,FROZEN,118.352557613,30.9,30.766342629807514,-0.13365737019248414,,
confirmation_4,A_conditional,FROZEN,121.417557613,30.8,30.730628037746047,-0.06937196225395326,,
confirmation_4,A_conditional,FROZEN,124.292557613,30.8,30.70142508541657,-0.09857491458343048,,
confirmation_4,A_conditional,FROZEN,127.272557613,30.8,30.674983599564204,-0.12501640043579698,,
confirmation_4,A_conditional,FROZEN,130.332557613,30.8,30.651368125412798,-0.14863187458720262,,
confirmation_4,A_conditional,FROZEN,133.197557613,30.8,30.632089231354122,-0.1679107686458785,,
confirmation_4,A_conditional,FROZEN,136.257557613,30.8,30.614132152864556,-0.18586784713544446,,
confirmation_4,A_conditional,FROZEN,139.362557613,30.8,30.598331576891933,-0.20166842310806743,,
confirmation_4,A_conditional,FROZEN,142.297557613,30.8,30.58534469896004,-0.21465530103996144,,
confirmation_4,A_conditional,FROZEN,145.082557613,30.8,30.574549953158996,-0.22545004684100434,,
confirmation_4,A_conditional,FROZEN,148.087557613,30.8,30.56436204512751,-0.23563795487249095,,
confirmation_4,A_conditional,FROZEN,151.132557613,30.8,30.55538755546979,-0.2446124445302118,,
confirmation_4,A_conditional,FROZEN,154.227557613,30.8,30.547474524127445,-0.2525254758725559,,
confirmation_4,A_conditional,FROZEN,157.062557613,30.8,30.541157453180574,-0.25884254681942664,,
confirmation_4,A_conditional,FROZEN,160.062557613,30.8,30.53531765937808,-0.26468234062192053,,
confirmation_4,A_conditional,FROZEN,162.702557613,30.8,30.530809275764117,-0.26919072423588375,,
confirmation_4,A_conditional,FROZEN,166.112557613,30.8,30.52574611237149,-0.274253887628511,,
confirmation_4,A_conditional,FROZEN,168.742557613,30.8,30.522353085068616,-0.2776469149313847,,
confirmation_4,A_conditional,FROZEN,171.802557613,30.7,30.51889290349633,-0.18110709650366985,,
confirmation_4,A_conditional,FROZEN,174.887557613,30.7,30.515868233127666,-0.18413176687233346,,
confirmation_4,A_conditional,FROZEN,177.637557613,30.7,30.513514163911402,-0.1864858360885968,,
confirmation_4,A_conditional,FROZEN,0,,,,0.0,0.0
confirmation_4,A_conditional,FROZEN,1,,,,1.2266756544606117,1.0486462470001587
confirmation_4,A_conditional,FROZEN,2,,,,2.1766203155325075,2.0972924940003175
confirmation_4,A_conditional,FROZEN,3,,,,3.3018793677404,3.145938741000476
confirmation_4,A_conditional,FROZEN,4,,,,4.3810107681407,4.194584988000635
confirmation_4,A_conditional,FROZEN,5,,,,5.7510190781798585,5.243231235000794
confirmation_4,A_conditional,FROZEN,6,,,,6.794358903549241,6.291877482000952
confirmation_4,A_conditional,FROZEN,7,,,,7.738508566516847,7.340523729001111
confirmation_4,A_conditional,FROZEN,8,,,,8.707160782715055,8.38916997600127
confirmation_4,A_conditional,FROZEN,9,,,,9.701545203043208,9.437816223001429
confirmation_4,A_conditional,FROZEN,10,,,,10.774516246013954,10.486462470001587
confirmation_4,A_conditional,FROZEN,11,,,,11.777640529633107,11.535108717001746
confirmation_4,A_conditional,FROZEN,12,,,,12.745922419838207,12.583754964001905
confirmation_4,A_conditional,FROZEN,13,,,,13.752382300684513,13.632401211002064
confirmation_4,A_conditional,FROZEN,14,,,,14.681181340354325,14.681047458002222
confirmation_4,A_conditional,FROZEN,15,,,,15.459154473987105,15.729693705002381
confirmation_4,A_conditional,FROZEN,16,,,,16.601608305633825,16.77833995200254
confirmation_4,A_conditional,FROZEN,17,,,,18.0289086929727,17.826986199002697
confirmation_4,A_conditional,FROZEN,18,,,,19.102340219144487,18.875632446002857
confirmation_4,A_conditional,FROZEN,19,,,,20.21208451868845,19.924278693003018
confirmation_4,A_conditional,FROZEN,20,,,,21.40772411566744,20.972924940003175
confirmation_4,A_conditional,FROZEN,21,,,,22.64705858881198,22.02157118700333
confirmation_4,A_conditional,FROZEN,22,,,,23.616986684160455,23.070217434003492
confirmation_4,A_conditional,FROZEN,23,,,,24.343191470925397,24.118863681003653
confirmation_4,A_conditional,FROZEN,24,,,,25.210925221170857,25.16750992800381
confirmation_4,A_conditional,FROZEN,25,,,,26.07854311233103,26.216156175003967
confirmation_4,A_conditional,FROZEN,26,,,,27.283695641428203,27.264802422004127
confirmation_4,A_conditional,FROZEN,27,,,,28.287187566809532,28.313448669004288
confirmation_4,A_conditional,FROZEN,28,,,,29.24152305348403,29.362094916004445
confirmation_4,A_conditional,FROZEN,29,,,,30.060962914786106,30.4107411630046
confirmation_4,A_conditional,FROZEN,30,,,,31.02562755391057,31.459387410004762
confirmation_4,A_conditional,FROZEN,31,,,,31.973993437243376,32.50803365700492
confirmation_4,A_conditional,FROZEN,32,,,,33.328156559080504,33.55667990400508
confirmation_4,A_conditional,FROZEN,33,,,,34.95411490488042,34.60532615100524
confirmation_4,A_conditional,FROZEN,34,,,,36.093901570809265,35.65397239800539
confirmation_4,A_conditional,FROZEN,35,,,,37.12433026267554,36.70261864500556
confirmation_4,A_conditional,FROZEN,36,,,,38.31004191842466,38.39120221825557
confirmation_4,A_conditional,FROZEN,37,,,,40.36932809810972,40.088796592125156
confirmation_4,A_conditional,FROZEN,38,,,,42.581679911429255,41.883098022121885
confirmation_4,A_conditional,FROZEN,39,,,,44.00972699405953,43.618725829051364
confirmation_4,A_conditional,FROZEN,40,,,,46.09257669127075,45.38631776993044
confirmation_4,A_conditional,FROZEN,41,,,,48.017024591468385,47.14595003492425
confirmation_4,A_conditional,FROZEN,42,,,,50.14372012389859,48.919481210197254
confirmation_4,A_conditional,FROZEN,43,,,,52.4844460834181,50.71228740680577
confirmation_4,A_conditional,FROZEN,44,,,,54.99585134647477,52.42723756263105
confirmation_4,A_conditional,FROZEN,45,,,,56.422624779598074,54.20562585468252
confirmation_4,A_conditional,FROZEN,46,,,,57.9375676718248,55.92620757981604
confirmation_4,A_conditional,FROZEN,47,,,,60.18725947270522,57.699128378613246
confirmation_4,A_conditional,FROZEN,48,,,,62.522521323736086,59.426542636875716
confirmation_4,A_conditional,FROZEN,49,,,,64.60261711665845,61.17129765075545
confirmation_4,A_conditional,FROZEN,50,,,,66.33651461538187,62.9693838355002
confirmation_4,A_conditional,FROZEN,51,,,,68.53619719696208,64.68320432795475
confirmation_4,A_conditional,FROZEN,52,,,,70.43433003587987,66.4874479381711
confirmation_4,A_conditional,FROZEN,53,,,,72.62246227996195,68.20076831483145
confirmation_4,A_conditional,FROZEN,54,,,,74.562189506768,69.9719337419937
confirmation_4,A_conditional,FROZEN,55,,,,76.21751059238045,71.72364748732736
confirmation_4,A_conditional,FROZEN,56,,,,78.23636992886264,73.49210198178132
confirmation_4,A_conditional,FROZEN,57,,,,79.81892313256506,75.28212089821986
confirmation_4,A_conditional,FROZEN,58,,,,81.4701493716852,76.99017023489684
confirmation_4,A_conditional,FROZEN,59,,,,83.1121738420418,78.78417848248193
confirmation_4,A_conditional,FROZEN,60,,,,84.96093917720384,80.5156539623768
confirmation_4,A_conditional,FROZEN,61,,,,87.64896899995601,82.29736257875396
confirmation_4,A_conditional,FROZEN,62,,,,89.36550587364393,84.05252483169265
confirmation_4,A_conditional,FROZEN,63,,,,90.64832936516162,85.81911569840824
confirmation_4,A_conditional,FROZEN,64,,,,92.20718148485548,87.609022159385
confirmation_4,A_conditional,FROZEN,65,,,,94.07256215647666,89.31974883760867
confirmation_4,A_conditional,FROZEN,66,,,,96.24584498080311,91.11300543483738
confirmation_4,A_conditional,FROZEN,67,,,,98.65785998910054,92.83956175680387
confirmation_4,A_conditional,FROZEN,68,,,,100.95089911105119,94.61353584902368
confirmation_4,A_conditional,FROZEN,69,,,,102.48839571876647,96.25983955861957
confirmation_4,A_conditional,FROZEN,70,,,,103.40196405751125,97.30848580561974
confirmation_4,A_conditional,FROZEN,71,,,,104.09682121360419,98.35713205261987
confirmation_4,A_conditional,FROZEN,72,,,,105.02337583984628,99.40577829962004
confirmation_4,A_conditional,FROZEN,73,,,,105.941215291885,100.4544245466202
confirmation_4,A_conditional,FROZEN,74,,,,106.89599754495099,101.50307079362037
confirmation_4,A_conditional,FROZEN,75,,,,108.48306548258687,102.55171704062053
confirmation_4,A_conditional,FROZEN,76,,,,109.77781828538633,103.6003632876207
confirmation_4,A_conditional,FROZEN,77,,,,110.72910700354853,104.64900953462083
confirmation_4,A_conditional,FROZEN,78,,,,111.66157367229478,105.697655781621
confirmation_4,A_conditional,FROZEN,79,,,,112.37877793395516,106.74630202862116
confirmation_4,A_conditional,FROZEN,80,,,,113.33622767528281,107.79494827562132
confirmation_4,A_conditional,FROZEN,81,,,,114.58424350976264,108.84359452262149
confirmation_4,A_conditional,FROZEN,82,,,,115.97063443263197,109.89224076962162
confirmation_4,A_conditional,FROZEN,83,,,,117.14173610286797,110.94088701662179
confirmation_4,A_conditional,FROZEN,84,,,,118.45587792817994,111.98953326362195
confirmation_4,A_conditional,FROZEN,85,,,,120.00699999360039,113.03817951062211
confirmation_4,A_conditional,FROZEN,86,,,,120.91566723416177,114.08682575762228
confirmation_4,A_conditional,FROZEN,87,,,,121.8029073923417,115.13547200462241
confirmation_4,A_conditional,FROZEN,88,,,,122.77443710961104,116.18411825162258
confirmation_4,A_conditional,FROZEN,89,,,,123.98194067129826,117.23276449862274
confirmation_4,A_conditional,FROZEN,90,,,,125.28698651284992,118.2814107456229
confirmation_4,A_conditional,FROZEN,91,,,,126.11044439842321,119.33005699262307
confirmation_4,A_conditional,FROZEN,92,,,,126.86870663250036,120.37870323962323
confirmation_4,A_conditional,FROZEN,93,,,,127.81326288332049,121.42734948662337
confirmation_4,A_conditional,FROZEN,94,,,,128.74303931355738,122.47599573362353
confirmation_4,A_conditional,FROZEN,95,,,,129.9551950170964,123.5246419806237
confirmation_4,A_conditional,FROZEN,96,,,,131.07375040788415,124.57328822762386
confirmation_4,A_conditional,FROZEN,97,,,,132.03074112801133,125.62193447462403
confirmation_4,A_conditional,FROZEN,98,,,,132.97870725290107,126.67058072162416
confirmation_4,A_conditional,FROZEN,99,,,,133.8530523879859,127.71922696862433
confirmation_4,A_conditional,FROZEN,100,,,,134.73714471133906,128.7678732156245
confirmation_4,A_conditional,FROZEN,101,,,,135.533701926958,129.81651946262465
confirmation_4,A_conditional,FROZEN,102,,,,136.3352671374891,130.86516570962482
confirmation_4,A_conditional,FROZEN,103,,,,137.5928795488643,131.91381195662495
confirmation_4,A_conditional,FROZEN,104,,,,138.6495368999694,132.96245820362512
confirmation_4,A_conditional,FROZEN,105,,,,139.57552374017365,134.01110445062528
confirmation_4,A_conditional,FROZEN,106,,,,140.54061381139323,135.05975069762545
confirmation_4,A_conditional,FROZEN,107,,,,141.57174077867444,136.1083969446256
confirmation_4,A_conditional,FROZEN,108,,,,142.5257438598332,137.15704319162577
confirmation_4,A_conditional,FROZEN,109,,,,143.47623952311284,138.2056894386259
confirmation_4,A_conditional,FROZEN,110,,,,144.83618355837876,139.25433568562607
confirmation_4,A_conditional,FROZEN,111,,,,146.17348938518674,140.30298193262624
confirmation_4,A_conditional,FROZEN,112,,,,147.15806898509592,141.3516281796264
confirmation_4,A_conditional,FROZEN,113,,,,147.93888908636998,142.40027442662657
confirmation_4,A_conditional,FROZEN,114,,,,148.79620088044828,143.4489206736267
confirmation_4,A_conditional,FROZEN,115,,,,149.68957647297333,144.49756692062687
confirmation_4,A_conditional,FROZEN,116,,,,150.6280266325041,145.54621316762703
confirmation_4,A_conditional,FROZEN,117,,,,151.63244139165712,146.5948594146272
confirmation_4,A_conditional,FROZEN,118,,,,152.53986653012055,147.64350566162736
confirmation_4,A_conditional,FROZEN,119,,,,153.53085014642207,148.6921519086275
confirmation_4,A_conditional,FROZEN,120,,,,154.7736396119724,149.74079815562766
confirmation_4,A_conditional,JOINT,35.322557613,30.5,30.508068129524503,0.008068129524502865,,
confirmation_4,A_conditional,JOINT,38.252557613,30.5,30.984668074841476,0.4846680748414762,,
confirmation_4,A_conditional,JOINT,41.327557613,31.5,31.416194595882075,-0.08380540411792481,,
confirmation_4,A_conditional,JOINT,44.392557613,31.5,31.79378962298317,0.29378962298316935,,
confirmation_4,A_conditional,JOINT,47.077557613,31.5,32.04725823914903,0.5472582391490306,,
confirmation_4,A_conditional,JOINT,50.062557613,32.5,32.28409730558856,-0.21590269441144017,,
confirmation_4,A_conditional,JOINT,53.037557613,32.5,32.48112981467992,-0.018870185320082555,,
confirmation_4,A_conditional,JOINT,55.687557613,32.5,32.649651502220024,0.1496515022200242,,
confirmation_4,A_conditional,JOINT,59.307557613,32.5,32.81089866568501,0.31089866568500923,,
confirmation_4,A_conditional,JOINT,62.917557613,32.9,32.95681834469928,0.05681834469928049,,
confirmation_4,A_conditional,JOINT,65.912557613,32.9,33.05396586415871,0.15396586415871383,,
confirmation_4,A_conditional,JOINT,68.777557613,32.9,33.10851470073591,0.20851470073591116,,
confirmation_4,A_conditional,JOINT,71.462557613,33.6,32.72559136046747,-0.8744086395325326,,
confirmation_4,A_conditional,JOINT,74.542557613,33.6,32.33956836477245,-1.2604316352275546,,
confirmation_4,A_conditional,JOINT,77.502557613,33.6,32.03018638731736,-1.569813612682644,,
confirmation_4,A_conditional,JOINT,80.377557613,31.8,31.778030478409615,-0.021969521590385455,,
confirmation_4,A_conditional,JOINT,83.317557613,31.8,31.561498601600107,-0.23850139839989382,,
confirmation_4,A_conditional,JOINT,86.407557613,31.8,31.371608748232173,-0.42839125176782744,,
confirmation_4,A_conditional,JOINT,89.372557613,31.8,31.219729507209617,-0.5802704927903832,,
confirmation_4,A_conditional,JOINT,92.162557613,31.2,31.099529770431452,-0.1004702295685469,,
confirmation_4,A_conditional,JOINT,95.327557613,31.2,30.98547956976212,-0.21452043023787937,,
confirmation_4,A_conditional,JOINT,98.307557613,31.2,30.896219533877275,-0.30378046612272414,,
confirmation_4,A_conditional,JOINT,101.287557613,31.0,30.821598785840738,-0.1784012141592619,,
confirmation_4,A_conditional,JOINT,103.862557613,31.0,30.76705340268641,-0.2329465973135889,,
confirmation_4,A_conditional,JOINT,106.872557613,31.0,30.713127934715626,-0.28687206528437414,,
confirmation_4,A_conditional,JOINT,109.972557613,30.9,30.666905478952113,-0.2330945210478852,,
confirmation_4,A_conditional,JOINT,112.702557613,30.9,30.632755519739,-0.2672444802609988,,
confirmation_4,A_conditional,JOINT,115.762557613,30.9,30.600584364603822,-0.2994156353961763,,
confirmation_4,A_conditional,JOINT,118.352557613,30.9,30.577618365933684,-0.32238163406631415,,
confirmation_4,A_conditional,JOINT,121.417557613,30.8,30.554681560542765,-0.24531843945723608,,
confirmation_4,A_conditional,JOINT,124.292557613,30.8,30.53668967244233,-0.26331032755767225,,
confirmation_4,A_conditional,JOINT,127.272557613,30.8,30.521050760931104,-0.278949239068897,,
confirmation_4,A_conditional,JOINT,130.332557613,30.8,30.507659327631096,-0.2923406723689048,,
confirmation_4,A_conditional,JOINT,133.197557613,30.8,30.497170434877155,-0.3028295651228454,,
confirmation_4,A_conditional,JOINT,136.257557613,30.8,30.48779557198151,-0.31220442801848947,,
confirmation_4,A_conditional,JOINT,139.362557613,30.8,30.47989360043038,-0.32010639956962095,,
confirmation_4,A_conditional,JOINT,142.297557613,30.8,30.473667073314793,-0.3263329266852075,,
confirmation_4,A_conditional,JOINT,145.082557613,30.8,30.46869420615018,-0.33130579384982184,,
confirmation_4,A_conditional,JOINT,148.087557613,30.8,30.464186263057975,-0.33581373694202554,,
confirmation_4,A_conditional,JOINT,151.132557613,30.8,30.46037922937956,-0.33962077062044216,,
confirmation_4,A_conditional,JOINT,154.227557613,30.8,30.457163115586464,-0.3428368844135363,,
confirmation_4,A_conditional,JOINT,157.062557613,30.8,30.454699912915103,-0.34530008708489746,,
confirmation_4,A_conditional,JOINT,160.062557613,30.8,30.452513511423337,-0.34748648857666353,,
confirmation_4,A_conditional,JOINT,162.702557613,30.8,30.450890925312745,-0.3491090746872558,,
confirmation_4,A_conditional,JOINT,166.112557613,30.8,30.449143512700374,-0.3508564872996267,,
confirmation_4,A_conditional,JOINT,168.742557613,30.8,30.448021187655723,-0.35197881234427797,,
confirmation_4,A_conditional,JOINT,171.802557613,30.7,30.446921082745483,-0.25307891725451626,,
confirmation_4,A_conditional,JOINT,174.887557613,30.7,30.445999859920665,-0.25400014007933436,,
confirmation_4,A_conditional,JOINT,177.637557613,30.7,30.445311636426204,-0.2546883635737949,,
confirmation_4,A_conditional,JOINT,0,,,,0.0,0.0
confirmation_4,A_conditional,JOINT,1,,,,1.2266756544606117,1.0486462470001587
confirmation_4,A_conditional,JOINT,2,,,,2.1766203155325075,2.0972924940003175
confirmation_4,A_conditional,JOINT,3,,,,3.3018793677404,3.145938741000476
confirmation_4,A_conditional,JOINT,4,,,,4.3810107681407,4.194584988000635
confirmation_4,A_conditional,JOINT,5,,,,5.7510190781798585,5.243231235000794
confirmation_4,A_conditional,JOINT,6,,,,6.794358903549241,6.291877482000952
confirmation_4,A_conditional,JOINT,7,,,,7.738508566516847,7.340523729001111
confirmation_4,A_conditional,JOINT,8,,,,8.707160782715055,8.38916997600127
confirmation_4,A_conditional,JOINT,9,,,,9.701545203043208,9.437816223001429
confirmation_4,A_conditional,JOINT,10,,,,10.774516246013954,10.486462470001587
confirmation_4,A_conditional,JOINT,11,,,,11.777640529633107,11.535108717001746
confirmation_4,A_conditional,JOINT,12,,,,12.745922419838207,12.583754964001905
confirmation_4,A_conditional,JOINT,13,,,,13.752382300684513,13.632401211002064
confirmation_4,A_conditional,JOINT,14,,,,14.681181340354325,14.681047458002222
confirmation_4,A_conditional,JOINT,15,,,,15.459154473987105,15.729693705002381
confirmation_4,A_conditional,JOINT,16,,,,16.601608305633825,16.77833995200254
confirmation_4,A_conditional,JOINT,17,,,,18.0289086929727,17.826986199002697
confirmation_4,A_conditional,JOINT,18,,,,19.102340219144487,18.875632446002857
confirmation_4,A_conditional,JOINT,19,,,,20.21208451868845,19.924278693003018
confirmation_4,A_conditional,JOINT,20,,,,21.40772411566744,20.972924940003175
confirmation_4,A_conditional,JOINT,21,,,,22.64705858881198,22.02157118700333
confirmation_4,A_conditional,JOINT,22,,,,23.616986684160455,23.070217434003492
confirmation_4,A_conditional,JOINT,23,,,,24.343191470925397,24.118863681003653
confirmation_4,A_conditional,JOINT,24,,,,25.210925221170857,25.16750992800381
confirmation_4,A_conditional,JOINT,25,,,,26.07854311233103,26.216156175003967
confirmation_4,A_conditional,JOINT,26,,,,27.283695641428203,27.264802422004127
confirmation_4,A_conditional,JOINT,27,,,,28.287187566809532,28.313448669004288
confirmation_4,A_conditional,JOINT,28,,,,29.24152305348403,29.362094916004445
confirmation_4,A_conditional,JOINT,29,,,,30.060962914786106,30.4107411630046
confirmation_4,A_conditional,JOINT,30,,,,31.02562755391057,31.459387410004762
confirmation_4,A_conditional,JOINT,31,,,,31.973993437243376,32.50803365700492
confirmation_4,A_conditional,JOINT,32,,,,33.328156559080504,33.55667990400508
confirmation_4,A_conditional,JOINT,33,,,,34.95411490488042,34.60532615100524
confirmation_4,A_conditional,JOINT,34,,,,36.093901570809265,35.65397239800539
confirmation_4,A_conditional,JOINT,35,,,,37.12433026267554,36.70261864500556
confirmation_4,A_conditional,JOINT,36,,,,38.31004191842466,38.47469473486773
confirmation_4,A_conditional,JOINT,37,,,,40.36932809810972,40.24386385588187
confirmation_4,A_conditional,JOINT,38,,,,42.581679911429255,42.171530513650275
confirmation_4,A_conditional,JOINT,39,,,,44.00972699405953,44.016132711548025
confirmation_4,A_conditional,JOINT,40,,,,46.09257669127075,45.88836615971423
confirmation_4,A_conditional,JOINT,41,,,,48.017024591468385,47.78817652793782
confirmation_4,A_conditional,JOINT,42,,,,50.14372012389859,49.64773959658141
confirmation_4,A_conditional,JOINT,43,,,,52.4844460834181,51.597421007915806
confirmation_4,A_conditional,JOINT,44,,,,54.99585134647477,53.39233722334217
confirmation_4,A_conditional,JOINT,45,,,,56.422624779598074,55.30280988089113
confirmation_4,A_conditional,JOINT,46,,,,57.9375676718248,57.1277383391618
confirmation_4,A_conditional,JOINT,47,,,,60.18725947270522,59.00706911886827
confirmation_4,A_conditional,JOINT,48,,,,62.522521323736086,60.86242908999937
confirmation_4,A_conditional,JOINT,49,,,,64.60261711665845,62.68344033031869
confirmation_4,A_conditional,JOINT,50,,,,66.33651461538187,64.64352127352771
confirmation_4,A_conditional,JOINT,51,,,,68.53619719696208,66.4370336236401
confirmation_4,A_conditional,JOINT,52,,,,70.43433003587987,68.38040186494345
confirmation_4,A_conditional,JOINT,53,,,,72.62246227996195,70.18892800356383
confirmation_4,A_conditional,JOINT,54,,,,74.562189506768,72.06738578163558
confirmation_4,A_conditional,JOINT,55,,,,76.21751059238045,73.95733562358214
confirmation_4,A_conditional,JOINT,56,,,,78.23636992886264,75.80912217390204
confirmation_4,A_conditional,JOINT,57,,,,79.81892313256506,77.74669902235081
confirmation_4,A_conditional,JOINT,58,,,,81.4701493716852,79.52811464694652
confirmation_4,A_conditional,JOINT,59,,,,83.1121738420418,81.45577438105562
confirmation_4,A_conditional,JOINT,60,,,,84.96093917720384,83.29534665137209
confirmation_4,A_conditional,JOINT,61,,,,87.64896899995601,85.18612425464656
confirmation_4,A_conditional,JOINT,62,,,,89.36550587364393,87.07422987355089
confirmation_4,A_conditional,JOINT,63,,,,90.64832936516162,88.91891731998885
confirmation_4,A_conditional,JOINT,64,,,,92.20718148485548,90.86565388068787
confirmation_4,A_conditional,JOINT,65,,,,94.07256215647666,92.65383904959785
confirmation_4,A_conditional,JOINT,66,,,,96.24584498080311,94.57777746737915
confirmation_4,A_conditional,JOINT,67,,,,98.65785998910054,96.41150358976505
confirmation_4,A_conditional,JOINT,68,,,,100.95089911105119,98.2856743508258
confirmation_4,A_conditional,JOINT,69,,,,102.48839571876647,99.97965420621985
confirmation_4,A_conditional,JOINT,70,,,,103.40196405751125,101.02830045322001
confirmation_4,A_conditional,JOINT,71,,,,104.09682121360419,102.07694670022016
confirmation_4,A_conditional,JOINT,72,,,,105.02337583984628,103.12559294722033
confirmation_4,A_conditional,JOINT,73,,,,105.941215291885,104.17423919422049
confirmation_4,A_conditional,JOINT,74,,,,106.89599754495099,105.22288544122064
confirmation_4,A_conditional,JOINT,75,,,,108.48306548258687,106.2715316882208
confirmation_4,A_conditional,JOINT,76,,,,109.77781828538633,107.32017793522097
confirmation_4,A_conditional,JOINT,77,,,,110.72910700354853,108.36882418222112
confirmation_4,A_conditional,JOINT,78,,,,111.66157367229478,109.41747042922128
confirmation_4,A_conditional,JOINT,79,,,,112.37877793395516,110.46611667622143
confirmation_4,A_conditional,JOINT,80,,,,113.33622767528281,111.5147629232216
confirmation_4,A_conditional,JOINT,81,,,,114.58424350976264,112.56340917022176
confirmation_4,A_conditional,JOINT,82,,,,115.97063443263197,113.61205541722191
confirmation_4,A_conditional,JOINT,83,,,,117.14173610286797,114.66070166422207
confirmation_4,A_conditional,JOINT,84,,,,118.45587792817994,115.70934791122222
confirmation_4,A_conditional,JOINT,85,,,,120.00699999360039,116.75799415822239
confirmation_4,A_conditional,JOINT,86,,,,120.91566723416177,117.80664040522255
confirmation_4,A_conditional,JOINT,87,,,,121.8029073923417,118.8552866522227
confirmation_4,A_conditional,JOINT,88,,,,122.77443710961104,119.90393289922287
confirmation_4,A_conditional,JOINT,89,,,,123.98194067129826,120.95257914622303
confirmation_4,A_conditional,JOINT,90,,,,125.28698651284992,122.00122539322318
confirmation_4,A_conditional,JOINT,91,,,,126.11044439842321,123.04987164022334
confirmation_4,A_conditional,JOINT,92,,,,126.86870663250036,124.09851788722351
confirmation_4,A_conditional,JOINT,93,,,,127.81326288332049,125.14716413422366
confirmation_4,A_conditional,JOINT,94,,,,128.74303931355738,126.19581038122382
confirmation_4,A_conditional,JOINT,95,,,,129.9551950170964,127.24445662822397
confirmation_4,A_conditional,JOINT,96,,,,131.07375040788415,128.29310287522412
confirmation_4,A_conditional,JOINT,97,,,,132.03074112801133,129.3417491222243
confirmation_4,A_conditional,JOINT,98,,,,132.97870725290107,130.39039536922445
confirmation_4,A_conditional,JOINT,99,,,,133.8530523879859,131.4390416162246
confirmation_4,A_conditional,JOINT,100,,,,134.73714471133906,132.48768786322475
confirmation_4,A_conditional,JOINT,101,,,,135.533701926958,133.5363341102249
confirmation_4,A_conditional,JOINT,102,,,,136.3352671374891,134.58498035722508
confirmation_4,A_conditional,JOINT,103,,,,137.5928795488643,135.63362660422524
confirmation_4,A_conditional,JOINT,104,,,,138.6495368999694,136.6822728512254
confirmation_4,A_conditional,JOINT,105,,,,139.57552374017365,137.73091909822557
confirmation_4,A_conditional,JOINT,106,,,,140.54061381139323,138.7795653452257
confirmation_4,A_conditional,JOINT,107,,,,141.57174077867444,139.82821159222587
confirmation_4,A_conditional,JOINT,108,,,,142.5257438598332,140.87685783922603
confirmation_4,A_conditional,JOINT,109,,,,143.47623952311284,141.9255040862262
confirmation_4,A_conditional,JOINT,110,,,,144.83618355837876,142.97415033322636
confirmation_4,A_conditional,JOINT,111,,,,146.17348938518674,144.0227965802265
confirmation_4,A_conditional,JOINT,112,,,,147.15806898509592,145.07144282722666
confirmation_4,A_conditional,JOINT,113,,,,147.93888908636998,146.12008907422683
confirmation_4,A_conditional,JOINT,114,,,,148.79620088044828,147.168735321227
confirmation_4,A_conditional,JOINT,115,,,,149.68957647297333,148.21738156822715
confirmation_4,A_conditional,JOINT,116,,,,150.6280266325041,149.2660278152273
confirmation_4,A_conditional,JOINT,117,,,,151.63244139165712,150.31467406222745
confirmation_4,A_conditional,JOINT,118,,,,152.53986653012055,151.36332030922762
confirmation_4,A_conditional,JOINT,119,,,,153.53085014642207,152.41196655622778
confirmation_4,A_conditional,JOINT,120,,,,154.7736396119724,153.46061280322795
confirmation_4,B_arrival,FROZEN,35.322557613,30.5,30.511124498922747,0.01112449892274725,,
confirmation_4,B_arrival,FROZEN,38.252557613,30.5,30.93003431864151,0.43003431864151054,,
confirmation_4,B_arrival,FROZEN,41.327557613,31.5,31.31474744926921,-0.18525255073079094,,
confirmation_4,B_arrival,FROZEN,44.392557613,31.5,31.670988627437062,0.17098862743706178,,
confirmation_4,B_arrival,FROZEN,47.077557613,31.5,31.92547209132357,0.4254720913235701,,
confirmation_4,B_arrival,FROZEN,50.062557613,32.5,32.175726068928384,-0.32427393107161606,,
confirmation_4,B_arrival,FROZEN,53.037557613,32.5,32.391047598818275,-0.10895240118172467,,
confirmation_4,B_arrival,FROZEN,55.687557613,32.5,32.5691257978895,0.06912579788949813,,
confirmation_4,B_arrival,FROZEN,59.307557613,32.5,32.77044002158361,0.27044002158361025,,
confirmation_4,B_arrival,FROZEN,62.917557613,32.9,32.94048952704264,0.040489527042637974,,
confirmation_4,B_arrival,FROZEN,65.912557613,32.9,33.071081139163596,0.17108113916359713,,
confirmation_4,B_arrival,FROZEN,68.777557613,32.9,33.15977190357282,0.259771903572819,,
confirmation_4,B_arrival,FROZEN,71.462557613,33.6,32.85988265801926,-0.7401173419807421,,
confirmation_4,B_arrival,FROZEN,74.542557613,33.6,32.54685605365907,-1.0531439463409313,,
confirmation_4,B_arrival,FROZEN,77.502557613,33.6,32.28512003051464,-1.3148799694853608,,
confirmation_4,B_arrival,FROZEN,80.377557613,31.8,32.06288949215583,0.262889492155832,,
confirmation_4,B_arrival,FROZEN,83.317557613,31.8,31.864127240581666,0.06412724058166575,,
confirmation_4,B_arrival,FROZEN,86.407557613,31.8,31.682313546357936,-0.1176864536420652,,
confirmation_4,B_arrival,FROZEN,89.372557613,31.8,31.53059032013185,-0.2694096798681507,,
confirmation_4,B_arrival,FROZEN,92.162557613,31.2,31.40557124323921,0.20557124323920917,,
confirmation_4,B_arrival,FROZEN,95.327557613,31.2,31.28191837493421,0.08191837493421161,,
confirmation_4,B_arrival,FROZEN,98.307557613,31.2,31.180885255155335,-0.019114744844664244,,
confirmation_4,B_arrival,FROZEN,101.287557613,31.0,31.092827491370837,0.09282749137083712,,
confirmation_4,B_arrival,FROZEN,103.862557613,31.0,31.02590166230486,0.025901662304860906,,
confirmation_4,B_arrival,FROZEN,106.872557613,31.0,30.957112699492324,-0.042887300507675974,,
confirmation_4,B_arrival,FROZEN,109.972557613,30.9,30.89557988759433,-0.004420112405668419,,
confirmation_4,B_arrival,FROZEN,112.702557613,30.9,30.848222084452644,-0.05177791554735478,,
confirmation_4,B_arrival,FROZEN,115.762557613,30.9,30.801772594547053,-0.0982274054529455,,
confirmation_4,B_arrival,FROZEN,118.352557613,30.9,30.767273568009504,-0.13272643199049483,,
confirmation_4,B_arrival,FROZEN,121.417557613,30.8,30.731436722948697,-0.06856327705130383,,
confirmation_4,B_arrival,FROZEN,124.292557613,30.8,30.70213372972949,-0.09786627027051154,,
confirmation_4,B_arrival,FROZEN,127.272557613,30.8,30.675601591133734,-0.12439840886626641,,
confirmation_4,B_arrival,FROZEN,130.332557613,30.8,30.65190508417771,-0.14809491582229128,,
confirmation_4,B_arrival,FROZEN,133.197557613,30.8,30.632559980160995,-0.16744001983900603,,
confirmation_4,B_arrival,FROZEN,136.257557613,30.8,30.61454117575481,-0.18545882424519178,,
confirmation_4,B_arrival,FROZEN,139.362557613,30.8,30.598686233721725,-0.20131376627827535,,
confirmation_4,B_arrival,FROZEN,142.297557613,30.8,30.58565462655272,-0.21434537344728,,
confirmation_4,B_arrival,FROZEN,145.082557613,30.8,30.574822665250586,-0.22517733474941437,,
confirmation_4,B_arrival,FROZEN,148.087557613,30.8,30.56459959780661,-0.23540040219339176,,
confirmation_4,B_arrival,FROZEN,151.132557613,30.8,30.555594101827815,-0.24440589817218594,,
confirmation_4,B_arrival,FROZEN,154.227557613,30.8,30.547653699261655,-0.2523463007383455,,
confirmation_4,B_arrival,FROZEN,157.062557613,30.8,30.5413147516431,-0.2586852483569011,,
confirmation_4,B_arrival,FROZEN,160.062557613,30.8,30.535454709604508,-0.26454529039549257,,
confirmation_4,B_arrival,FROZEN,162.702557613,30.8,30.53093067512588,-0.2690693248741205,,
confirmation_4,B_arrival,FROZEN,166.112557613,30.8,30.525849911308203,-0.2741500886917976,,
confirmation_4,B_arrival,FROZEN,168.742557613,30.8,30.522445072614644,-0.27755492738535636,,
confirmation_4,B_arrival,FROZEN,171.802557613,30.7,30.518972829374835,-0.18102717062516405,,
confirmation_4,B_arrival,FROZEN,174.887557613,30.7,30.51593759919894,-0.18406240080106073,,
confirmation_4,B_arrival,FROZEN,177.637557613,30.7,30.513575298843968,-0.1864247011560316,,
confirmation_4,B_arrival,FROZEN,0,,,,0.0,0.0
confirmation_4,B_arrival,FROZEN,1,,,,1.2266756544606117,1.0486462470001587
confirmation_4,B_arrival,FROZEN,2,,,,2.1766203155325075,2.0972924940003175
confirmation_4,B_arrival,FROZEN,3,,,,3.3018793677404,3.145938741000476
confirmation_4,B_arrival,FROZEN,4,,,,4.3810107681407,4.194584988000635
confirmation_4,B_arrival,FROZEN,5,,,,5.7510190781798585,5.243231235000794
confirmation_4,B_arrival,FROZEN,6,,,,6.794358903549241,6.291877482000952
confirmation_4,B_arrival,FROZEN,7,,,,7.738508566516847,7.340523729001111
confirmation_4,B_arrival,FROZEN,8,,,,8.707160782715055,8.38916997600127
confirmation_4,B_arrival,FROZEN,9,,,,9.701545203043208,9.437816223001429
confirmation_4,B_arrival,FROZEN,10,,,,10.774516246013954,10.486462470001587
confirmation_4,B_arrival,FROZEN,11,,,,11.777640529633107,11.535108717001746
confirmation_4,B_arrival,FROZEN,12,,,,12.745922419838207,12.583754964001905
confirmation_4,B_arrival,FROZEN,13,,,,13.752382300684513,13.632401211002064
confirmation_4,B_arrival,FROZEN,14,,,,14.681181340354325,14.681047458002222
confirmation_4,B_arrival,FROZEN,15,,,,15.459154473987105,15.729693705002381
confirmation_4,B_arrival,FROZEN,16,,,,16.601608305633825,16.77833995200254
confirmation_4,B_arrival,FROZEN,17,,,,18.0289086929727,17.826986199002697
confirmation_4,B_arrival,FROZEN,18,,,,19.102340219144487,18.875632446002857
confirmation_4,B_arrival,FROZEN,19,,,,20.21208451868845,19.924278693003018
confirmation_4,B_arrival,FROZEN,20,,,,21.40772411566744,20.972924940003175
confirmation_4,B_arrival,FROZEN,21,,,,22.64705858881198,22.02157118700333
confirmation_4,B_arrival,FROZEN,22,,,,23.616986684160455,23.070217434003492
confirmation_4,B_arrival,FROZEN,23,,,,24.343191470925397,24.118863681003653
confirmation_4,B_arrival,FROZEN,24,,,,25.210925221170857,25.16750992800381
confirmation_4,B_arrival,FROZEN,25,,,,26.07854311233103,26.216156175003967
confirmation_4,B_arrival,FROZEN,26,,,,27.283695641428203,27.264802422004127
confirmation_4,B_arrival,FROZEN,27,,,,28.287187566809532,28.313448669004288
confirmation_4,B_arrival,FROZEN,28,,,,29.24152305348403,29.362094916004445
confirmation_4,B_arrival,FROZEN,29,,,,30.060962914786106,30.4107411630046
confirmation_4,B_arrival,FROZEN,30,,,,31.02562755391057,31.459387410004762
confirmation_4,B_arrival,FROZEN,31,,,,31.973993437243376,32.50803365700492
confirmation_4,B_arrival,FROZEN,32,,,,33.328156559080504,33.55667990400508
confirmation_4,B_arrival,FROZEN,33,,,,34.95411490488042,34.60532615100524
confirmation_4,B_arrival,FROZEN,34,,,,36.093901570809265,35.65397239800539
confirmation_4,B_arrival,FROZEN,35,,,,37.12433026267554,36.70261864500556
confirmation_4,B_arrival,FROZEN,36,,,,38.31004191842466,38.39423369457244
confirmation_4,B_arrival,FROZEN,37,,,,40.36932809810972,40.12358338585608
confirmation_4,B_arrival,FROZEN,38,,,,42.581679911429255,41.9235565704823
confirmation_4,B_arrival,FROZEN,39,,,,44.00972699405953,43.656999196092286
confirmation_4,B_arrival,FROZEN,40,,,,46.09257669127075,45.439483781594696
confirmation_4,B_arrival,FROZEN,41,,,,48.017024591468385,47.190415006328486
confirmation_4,B_arrival,FROZEN,42,,,,50.14372012389859,48.955410992707094
confirmation_4,B_arrival,FROZEN,43,,,,52.4844460834181,50.75947711165966
confirmation_4,B_arrival,FROZEN,44,,,,54.99585134647477,52.4888268029433
confirmation_4,B_arrival,FROZEN,45,,,,56.422624779598074,54.28879998756952
confirmation_4,B_arrival,FROZEN,46,,,,57.9375676718248,56.02224261317951
confirmation_4,B_arrival,FROZEN,47,,,,60.18725947270522,57.804727198681924
confirmation_4,B_arrival,FROZEN,48,,,,62.522521323736086,59.55565842341571
confirmation_4,B_arrival,FROZEN,49,,,,64.60261711665845,61.32065440979432
confirmation_4,B_arrival,FROZEN,50,,,,66.33651461538187,63.124720528746884
confirmation_4,B_arrival,FROZEN,51,,,,68.53619719696208,64.85407022003054
confirmation_4,B_arrival,FROZEN,52,,,,70.43433003587987,66.65404340465675
confirmation_4,B_arrival,FROZEN,53,,,,72.62246227996195,68.38748603026673
confirmation_4,B_arrival,FROZEN,54,,,,74.562189506768,70.16997061576915
confirmation_4,B_arrival,FROZEN,55,,,,76.21751059238045,71.92090184050294
confirmation_4,B_arrival,FROZEN,56,,,,78.23636992886264,73.68589782688154
confirmation_4,B_arrival,FROZEN,57,,,,79.81892313256506,75.4899639458341
confirmation_4,B_arrival,FROZEN,58,,,,81.4701493716852,77.21931363711775
confirmation_4,B_arrival,FROZEN,59,,,,83.1121738420418,79.01928682174398
confirmation_4,B_arrival,FROZEN,60,,,,84.96093917720384,80.75272944735396
confirmation_4,B_arrival,FROZEN,61,,,,87.64896899995601,82.53521403285636
confirmation_4,B_arrival,FROZEN,62,,,,89.36550587364393,84.28614525759016
confirmation_4,B_arrival,FROZEN,63,,,,90.64832936516162,86.05114124396876
confirmation_4,B_arrival,FROZEN,64,,,,92.20718148485548,87.85520736292133
confirmation_4,B_arrival,FROZEN,65,,,,94.07256215647666,89.58455705420498
confirmation_4,B_arrival,FROZEN,66,,,,96.24584498080311,91.38453023883119
confirmation_4,B_arrival,FROZEN,67,,,,98.65785998910054,93.11797286444119
confirmation_4,B_arrival,FROZEN,68,,,,100.95089911105119,94.90045744994359
confirmation_4,B_arrival,FROZEN,69,,,,102.48839571876647,96.5560072092784
confirmation_4,B_arrival,FROZEN,70,,,,103.40196405751125,97.60465345627857
confirmation_4,B_arrival,FROZEN,71,,,,104.09682121360419,98.65329970327872
confirmation_4,B_arrival,FROZEN,72,,,,105.02337583984628,99.70194595027888
confirmation_4,B_arrival,FROZEN,73,,,,105.941215291885,100.75059219727905
confirmation_4,B_arrival,FROZEN,74,,,,106.89599754495099,101.7992384442792
confirmation_4,B_arrival,FROZEN,75,,,,108.48306548258687,102.84788469127936
confirmation_4,B_arrival,FROZEN,76,,,,109.77781828538633,103.89653093827953
confirmation_4,B_arrival,FROZEN,77,,,,110.72910700354853,104.94517718527968
confirmation_4,B_arrival,FROZEN,78,,,,111.66157367229478,105.99382343227984
confirmation_4,B_arrival,FROZEN,79,,,,112.37877793395516,107.04246967927999
confirmation_4,B_arrival,FROZEN,80,,,,113.33622767528281,108.09111592628015
confirmation_4,B_arrival,FROZEN,81,,,,114.58424350976264,109.13976217328032
confirmation_4,B_arrival,FROZEN,82,,,,115.97063443263197,110.18840842028047
confirmation_4,B_arrival,FROZEN,83,,,,117.14173610286797,111.23705466728063
confirmation_4,B_arrival,FROZEN,84,,,,118.45587792817994,112.28570091428078
confirmation_4,B_arrival,FROZEN,85,,,,120.00699999360039,113.33434716128095
confirmation_4,B_arrival,FROZEN,86,,,,120.91566723416177,114.38299340828111
confirmation_4,B_arrival,FROZEN,87,,,,121.8029073923417,115.43163965528126
confirmation_4,B_arrival,FROZEN,88,,,,122.77443710961104,116.48028590228142
confirmation_4,B_arrival,FROZEN,89,,,,123.98194067129826,117.52893214928159
confirmation_4,B_arrival,FROZEN,90,,,,125.28698651284992,118.57757839628174
confirmation_4,B_arrival,FROZEN,91,,,,126.11044439842321,119.6262246432819
confirmation_4,B_arrival,FROZEN,92,,,,126.86870663250036,120.67487089028207
confirmation_4,B_arrival,FROZEN,93,,,,127.81326288332049,121.72351713728222
confirmation_4,B_arrival,FROZEN,94,,,,128.74303931355738,122.77216338428238
confirmation_4,B_arrival,FROZEN,95,,,,129.9551950170964,123.82080963128253
confirmation_4,B_arrival,FROZEN,96,,,,131.07375040788415,124.8694558782827
confirmation_4,B_arrival,FROZEN,97,,,,132.03074112801133,125.91810212528286
confirmation_4,B_arrival,FROZEN,98,,,,132.97870725290107,126.966748372283
confirmation_4,B_arrival,FROZEN,99,,,,133.8530523879859,128.01539461928317
confirmation_4,B_arrival,FROZEN,100,,,,134.73714471133906,129.06404086628334
confirmation_4,B_arrival,FROZEN,101,,,,135.533701926958,130.11268711328347
confirmation_4,B_arrival,FROZEN,102,,,,136.3352671374891,131.16133336028366
confirmation_4,B_arrival,FROZEN,103,,,,137.5928795488643,132.2099796072838
confirmation_4,B_arrival,FROZEN,104,,,,138.6495368999694,133.25862585428396
confirmation_4,B_arrival,FROZEN,105,,,,139.57552374017365,134.30727210128413
confirmation_4,B_arrival,FROZEN,106,,,,140.54061381139323,135.35591834828426
confirmation_4,B_arrival,FROZEN,107,,,,141.57174077867444,136.40456459528446
confirmation_4,B_arrival,FROZEN,108,,,,142.5257438598332,137.4532108422846
confirmation_4,B_arrival,FROZEN,109,,,,143.47623952311284,138.50185708928475
confirmation_4,B_arrival,FROZEN,110,,,,144.83618355837876,139.55050333628492
confirmation_4,B_arrival,FROZEN,111,,,,146.17348938518674,140.59914958328505
confirmation_4,B_arrival,FROZEN,112,,,,147.15806898509592,141.64779583028525
confirmation_4,B_arrival,FROZEN,113,,,,147.93888908636998,142.69644207728538
confirmation_4,B_arrival,FROZEN,114,,,,148.79620088044828,143.74508832428555
confirmation_4,B_arrival,FROZEN,115,,,,149.68957647297333,144.7937345712857
confirmation_4,B_arrival,FROZEN,116,,,,150.6280266325041,145.84238081828585
confirmation_4,B_arrival,FROZEN,117,,,,151.63244139165712,146.89102706528604
confirmation_4,B_arrival,FROZEN,118,,,,152.53986653012055,147.93967331228617
confirmation_4,B_arrival,FROZEN,119,,,,153.53085014642207,148.98831955928634
confirmation_4,B_arrival,FROZEN,120,,,,154.7736396119724,150.0369658062865
confirmation_4,B_arrival,JOINT,35.322557613,30.5,30.508392448590758,0.00839244859075805,,
confirmation_4,B_arrival,JOINT,38.252557613,30.5,30.990523180136268,0.49052318013626817,,
confirmation_4,B_arrival,JOINT,41.327557613,31.5,31.414367042539926,-0.08563295746007427,,
confirmation_4,B_arrival,JOINT,44.392557613,31.5,31.792584317225376,0.29258431722537637,,
confirmation_4,B_arrival,JOINT,47.077557613,31.5,32.04923832078289,0.5492383207828908,,
confirmation_4,B_arrival,JOINT,50.062557613,32.5,32.29158916484764,-0.2084108351523568,,
confirmation_4,B_arrival,JOINT,53.037557613,32.5,32.49056624443689,-0.009433755563108548,,
confirmation_4,B_arrival,JOINT,55.687557613,32.5,32.651140927485066,0.15114092748506636,,
confirmation_4,B_arrival,JOINT,59.307557613,32.5,32.82186229049266,0.32186229049266046,,
confirmation_4,B_arrival,JOINT,62.917557613,32.9,32.95843875986466,0.05843875986466429,,
confirmation_4,B_arrival,JOINT,65.912557613,32.9,33.0621619720799,0.16216197207990035,,
confirmation_4,B_arrival,JOINT,68.777557613,32.9,33.121196768892496,0.22119676889249718,,
confirmation_4,B_arrival,JOINT,71.462557613,33.6,32.73363808861462,-0.8663619113853827,,
confirmation_4,B_arrival,JOINT,74.542557613,33.6,32.34625605134563,-1.2537439486543747,,
confirmation_4,B_arrival,JOINT,77.502557613,33.6,32.03578477224749,-1.5642152277525128,,
confirmation_4,B_arrival,JOINT,80.377557613,31.8,31.782740976918948,-0.01725902308105276,,
confirmation_4,B_arrival,JOINT,83.317557613,31.8,31.565446585983825,-0.23455341401617602,,
confirmation_4,B_arrival,JOINT,86.407557613,31.8,31.37488797275284,-0.4251120272471596,,
confirmation_4,B_arrival,JOINT,89.372557613,31.8,31.222473781835827,-0.5775262181641736,,
confirmation_4,B_arrival,JOINT,92.162557613,31.2,31.101850630489338,-0.09814936951066144,,
confirmation_4,B_arrival,JOINT,95.327557613,31.2,30.9873986284953,-0.21260137150470015,,
confirmation_4,B_arrival,JOINT,98.307557613,31.2,30.897824084417376,-0.30217591558262313,,
confirmation_4,B_arrival,JOINT,101.287557613,31.0,30.822940371896035,-0.17705962810396514,,
confirmation_4,B_arrival,JOINT,103.862557613,31.0,30.768202742120472,-0.23179725787952776,,
confirmation_4,B_arrival,JOINT,106.872557613,31.0,30.71408718265816,-0.2859128173418384,,
confirmation_4,B_arrival,JOINT,109.972557613,30.9,30.667701758842064,-0.23229824115793463,,
confirmation_4,B_arrival,JOINT,112.702557613,30.9,30.633431372766452,-0.26656862723354635,,
confirmation_4,B_arrival,JOINT,115.762557613,30.9,30.60114674549542,-0.29885325450457856,,
confirmation_4,B_arrival,JOINT,118.352557613,30.9,30.578099724877166,-0.32190027512283237,,
confirmation_4,B_arrival,JOINT,121.417557613,30.8,30.55508198160192,-0.24491801839808147,,
confirmation_4,B_arrival,JOINT,124.292557613,30.8,30.537026587968107,-0.2629734120318936,,
confirmation_4,B_arrival,JOINT,127.272557613,30.8,30.521332460484906,-0.2786675395150944,,
confirmation_4,B_arrival,JOINT,130.332557613,30.8,30.50789373132509,-0.2921062686749103,,
confirmation_4,B_arrival,JOINT,133.197557613,30.8,30.497367781373924,-0.30263221862607637,,
confirmation_4,B_arrival,JOINT,136.257557613,30.8,30.487959785049,-0.31204021495100065,,
confirmation_4,B_arrival,JOINT,139.362557613,30.8,30.480029874164835,-0.31997012583516593,,
confirmation_4,B_arrival,JOINT,142.297557613,30.8,30.473781321981527,-0.32621867801847415,,
confirmation_4,B_arrival,JOINT,145.082557613,30.8,30.46879085639367,-0.3312091436063298,,
confirmation_4,B_arrival,JOINT,148.087557613,30.8,30.464266952358145,-0.3357330476418561,,
confirmation_4,B_arrival,JOINT,151.132557613,30.8,30.460446431894187,-0.3395535681058135,,
confirmation_4,B_arrival,JOINT,154.227557613,30.8,30.457218917722447,-0.3427810822775541,,
confirmation_4,B_arrival,JOINT,157.062557613,30.8,30.454746977947142,-0.3452530220528587,,
confirmation_4,B_arrival,JOINT,160.062557613,30.8,30.452552815878697,-0.3474471841213038,,
confirmation_4,B_arrival,JOINT,162.702557613,30.8,30.450924466311903,-0.3490755336880973,,
confirmation_4,B_arrival,JOINT,166.112557613,30.8,30.449170841738987,-0.35082915826101413,,
confirmation_4,B_arrival,JOINT,168.742557613,30.8,30.448044523279936,-0.35195547672006455,,
confirmation_4,B_arrival,JOINT,171.802557613,30.7,30.44694050044226,-0.25305949955773954,,
confirmation_4,B_arrival,JOINT,174.887557613,30.7,30.44601599324517,-0.25398400675483046,,
confirmation_4,B_arrival,JOINT,177.637557613,30.7,30.445325313357795,-0.25467468664220405,,
confirmation_4,B_arrival,JOINT,0,,,,0.0,0.0
confirmation_4,B_arrival,JOINT,1,,,,1.2266756544606117,1.0486462470001587
confirmation_4,B_arrival,JOINT,2,,,,2.1766203155325075,2.0972924940003175
confirmation_4,B_arrival,JOINT,3,,,,3.3018793677404,3.145938741000476
confirmation_4,B_arrival,JOINT,4,,,,4.3810107681407,4.194584988000635
confirmation_4,B_arrival,JOINT,5,,,,5.7510190781798585,5.243231235000794
confirmation_4,B_arrival,JOINT,6,,,,6.794358903549241,6.291877482000952
confirmation_4,B_arrival,JOINT,7,,,,7.738508566516847,7.340523729001111
confirmation_4,B_arrival,JOINT,8,,,,8.707160782715055,8.38916997600127
confirmation_4,B_arrival,JOINT,9,,,,9.701545203043208,9.437816223001429
confirmation_4,B_arrival,JOINT,10,,,,10.774516246013954,10.486462470001587
confirmation_4,B_arrival,JOINT,11,,,,11.777640529633107,11.535108717001746
confirmation_4,B_arrival,JOINT,12,,,,12.745922419838207,12.583754964001905
confirmation_4,B_arrival,JOINT,13,,,,13.752382300684513,13.632401211002064
confirmation_4,B_arrival,JOINT,14,,,,14.681181340354325,14.681047458002222
confirmation_4,B_arrival,JOINT,15,,,,15.459154473987105,15.729693705002381
confirmation_4,B_arrival,JOINT,16,,,,16.601608305633825,16.77833995200254
confirmation_4,B_arrival,JOINT,17,,,,18.0289086929727,17.826986199002697
confirmation_4,B_arrival,JOINT,18,,,,19.102340219144487,18.875632446002857
confirmation_4,B_arrival,JOINT,19,,,,20.21208451868845,19.924278693003018
confirmation_4,B_arrival,JOINT,20,,,,21.40772411566744,20.972924940003175
confirmation_4,B_arrival,JOINT,21,,,,22.64705858881198,22.02157118700333
confirmation_4,B_arrival,JOINT,22,,,,23.616986684160455,23.070217434003492
confirmation_4,B_arrival,JOINT,23,,,,24.343191470925397,24.118863681003653
confirmation_4,B_arrival,JOINT,24,,,,25.210925221170857,25.16750992800381
confirmation_4,B_arrival,JOINT,25,,,,26.07854311233103,26.216156175003967
confirmation_4,B_arrival,JOINT,26,,,,27.283695641428203,27.264802422004127
confirmation_4,B_arrival,JOINT,27,,,,28.287187566809532,28.313448669004288
confirmation_4,B_arrival,JOINT,28,,,,29.24152305348403,29.362094916004445
confirmation_4,B_arrival,JOINT,29,,,,30.060962914786106,30.4107411630046
confirmation_4,B_arrival,JOINT,30,,,,31.02562755391057,31.459387410004762
confirmation_4,B_arrival,JOINT,31,,,,31.973993437243376,32.50803365700492
confirmation_4,B_arrival,JOINT,32,,,,33.328156559080504,33.55667990400508
confirmation_4,B_arrival,JOINT,33,,,,34.95411490488042,34.60532615100524
confirmation_4,B_arrival,JOINT,34,,,,36.093901570809265,35.65397239800539
confirmation_4,B_arrival,JOINT,35,,,,37.12433026267554,36.70261864500556
confirmation_4,B_arrival,JOINT,36,,,,38.31004191842466,38.474208646173345
confirmation_4,B_arrival,JOINT,37,,,,40.36932809810972,40.28264794066576
confirmation_4,B_arrival,JOINT,38,,,,42.581679911429255,42.21936910405034
confirmation_4,B_arrival,JOINT,39,,,,44.00972699405953,44.052425324086045
confirmation_4,B_arrival,JOINT,40,,,,46.09257669127075,45.9428553839968
confirmation_4,B_arrival,JOINT,41,,,,48.017024591468385,47.82220270750632
confirmation_4,B_arrival,JOINT,42,,,,50.14372012389859,49.66634166394326
confirmation_4,B_arrival,JOINT,43,,,,52.4844460834181,51.627679752871124
confirmation_4,B_arrival,JOINT,44,,,,54.99585134647477,53.43611904736355
confirmation_4,B_arrival,JOINT,45,,,,56.422624779598074,55.372840210748116
confirmation_4,B_arrival,JOINT,46,,,,57.9375676718248,57.205896430783824
confirmation_4,B_arrival,JOINT,47,,,,60.18725947270522,59.09632649069458
confirmation_4,B_arrival,JOINT,48,,,,62.522521323736086,60.97567381420411
confirmation_4,B_arrival,JOINT,49,,,,64.60261711665845,62.81981277064104
confirmation_4,B_arrival,JOINT,50,,,,66.33651461538187,64.7811508595689
confirmation_4,B_arrival,JOINT,51,,,,68.53619719696208,66.58959015406133
confirmation_4,B_arrival,JOINT,52,,,,70.43433003587987,68.5263113174459
confirmation_4,B_arrival,JOINT,53,,,,72.62246227996195,70.3593675374816
confirmation_4,B_arrival,JOINT,54,,,,74.562189506768,72.24979759739236
confirmation_4,B_arrival,JOINT,55,,,,76.21751059238045,74.1291449209019
confirmation_4,B_arrival,JOINT,56,,,,78.23636992886264,75.97328387733882
confirmation_4,B_arrival,JOINT,57,,,,79.81892313256506,77.93462196626668
confirmation_4,B_arrival,JOINT,58,,,,81.4701493716852,79.7430612607591
confirmation_4,B_arrival,JOINT,59,,,,83.1121738420418,81.67978242414367
confirmation_4,B_arrival,JOINT,60,,,,84.96093917720384,83.51283864417938
confirmation_4,B_arrival,JOINT,61,,,,87.64896899995601,85.40326870409014
confirmation_4,B_arrival,JOINT,62,,,,89.36550587364393,87.28261602759967
confirmation_4,B_arrival,JOINT,63,,,,90.64832936516162,89.1267549840366
confirmation_4,B_arrival,JOINT,64,,,,92.20718148485548,91.08809307296445
confirmation_4,B_arrival,JOINT,65,,,,94.07256215647666,92.89653236745689
confirmation_4,B_arrival,JOINT,66,,,,96.24584498080311,94.83325353084145
confirmation_4,B_arrival,JOINT,67,,,,98.65785998910054,96.66630975087718
confirmation_4,B_arrival,JOINT,68,,,,100.95089911105119,98.55673981078792
confirmation_4,B_arrival,JOINT,69,,,,102.48839571876647,100.26249236405111
confirmation_4,B_arrival,JOINT,70,,,,103.40196405751125,101.31113861105128
confirmation_4,B_arrival,JOINT,71,,,,104.09682121360419,102.35978485805143
confirmation_4,B_arrival,JOINT,72,,,,105.02337583984628,103.40843110505159
confirmation_4,B_arrival,JOINT,73,,,,105.941215291885,104.45707735205175
confirmation_4,B_arrival,JOINT,74,,,,106.89599754495099,105.5057235990519
confirmation_4,B_arrival,JOINT,75,,,,108.48306548258687,106.55436984605207
confirmation_4,B_arrival,JOINT,76,,,,109.77781828538633,107.60301609305223
confirmation_4,B_arrival,JOINT,77,,,,110.72910700354853,108.65166234005238
confirmation_4,B_arrival,JOINT,78,,,,111.66157367229478,109.70030858705255
confirmation_4,B_arrival,JOINT,79,,,,112.37877793395516,110.7489548340527
confirmation_4,B_arrival,JOINT,80,,,,113.33622767528281,111.79760108105286
confirmation_4,B_arrival,JOINT,81,,,,114.58424350976264,112.84624732805302
confirmation_4,B_arrival,JOINT,82,,,,115.97063443263197,113.89489357505317
confirmation_4,B_arrival,JOINT,83,,,,117.14173610286797,114.94353982205334
confirmation_4,B_arrival,JOINT,84,,,,118.45587792817994,115.99218606905349
confirmation_4,B_arrival,JOINT,85,,,,120.00699999360039,117.04083231605365
confirmation_4,B_arrival,JOINT,86,,,,120.91566723416177,118.08947856305382
confirmation_4,B_arrival,JOINT,87,,,,121.8029073923417,119.13812481005397
confirmation_4,B_arrival,JOINT,88,,,,122.77443710961104,120.18677105705413
confirmation_4,B_arrival,JOINT,89,,,,123.98194067129826,121.2354173040543
confirmation_4,B_arrival,JOINT,90,,,,125.28698651284992,122.28406355105444
confirmation_4,B_arrival,JOINT,91,,,,126.11044439842321,123.33270979805461
confirmation_4,B_arrival,JOINT,92,,,,126.86870663250036,124.38135604505477
confirmation_4,B_arrival,JOINT,93,,,,127.81326288332049,125.43000229205492
confirmation_4,B_arrival,JOINT,94,,,,128.74303931355738,126.47864853905509
confirmation_4,B_arrival,JOINT,95,,,,129.9551950170964,127.52729478605524
confirmation_4,B_arrival,JOINT,96,,,,131.07375040788415,128.57594103305541
confirmation_4,B_arrival,JOINT,97,,,,132.03074112801133,129.62458728005555
confirmation_4,B_arrival,JOINT,98,,,,132.97870725290107,130.67323352705571
confirmation_4,B_arrival,JOINT,99,,,,133.8530523879859,131.72187977405588
confirmation_4,B_arrival,JOINT,100,,,,134.73714471133906,132.770526021056
confirmation_4,B_arrival,JOINT,101,,,,135.533701926958,133.8191722680562
confirmation_4,B_arrival,JOINT,102,,,,136.3352671374891,134.86781851505634
confirmation_4,B_arrival,JOINT,103,,,,137.5928795488643,135.9164647620565
confirmation_4,B_arrival,JOINT,104,,,,138.6495368999694,136.96511100905667
confirmation_4,B_arrival,JOINT,105,,,,139.57552374017365,138.01375725605683
confirmation_4,B_arrival,JOINT,106,,,,140.54061381139323,139.062403503057
confirmation_4,B_arrival,JOINT,107,,,,141.57174077867444,140.11104975005713
confirmation_4,B_arrival,JOINT,108,,,,142.5257438598332,141.15969599705733
confirmation_4,B_arrival,JOINT,109,,,,143.47623952311284,142.20834224405746
confirmation_4,B_arrival,JOINT,110,,,,144.83618355837876,143.25698849105763
confirmation_4,B_arrival,JOINT,111,,,,146.17348938518674,144.3056347380578
confirmation_4,B_arrival,JOINT,112,,,,147.15806898509592,145.35428098505793
confirmation_4,B_arrival,JOINT,113,,,,147.93888908636998,146.40292723205812
confirmation_4,B_arrival,JOINT,114,,,,148.79620088044828,147.45157347905825
confirmation_4,B_arrival,JOINT,115,,,,149.68957647297333,148.50021972605842
confirmation_4,B_arrival,JOINT,116,,,,150.6280266325041,149.54886597305858
confirmation_4,B_arrival,JOINT,117,,,,151.63244139165712,150.59751222005872
confirmation_4,B_arrival,JOINT,118,,,,152.53986653012055,151.6461584670589
confirmation_4,B_arrival,JOINT,119,,,,153.53085014642207,152.69480471405905
confirmation_4,B_arrival,JOINT,120,,,,154.7736396119724,153.7434509610592
confirmation_5,A_conditional,FROZEN,36.092274209,31.1,31.199498800754814,0.09949880075481232,,
confirmation_5,A_conditional,FROZEN,38.987274209,31.5,31.460446874365225,-0.0395531256347752,,
confirmation_5,A_conditional,FROZEN,42.062274209,31.5,31.71955403664666,0.2195540366466595,,
confirmation_5,A_conditional,FROZEN,44.752274209,31.5,31.90868892736368,0.4086889273636807,,
confirmation_5,A_conditional,FROZEN,47.717274209,32.6,32.10402918284981,-0.4959708171501944,,
confirmation_5,A_conditional,FROZEN,50.327274209,32.6,32.246675826298144,-0.3533241737018571,,
confirmation_5,A_conditional,FROZEN,53.447274209,32.6,32.39278136938514,-0.2072186306148609,,
confirmation_5,A_conditional,FROZEN,56.082274209,32.6,32.52174259138644,-0.07825740861355968,,
confirmation_5,A_conditional,FROZEN,58.952274209,32.9,32.63163830096722,-0.2683616990327806,,
confirmation_5,A_conditional,FROZEN,61.607274209,32.9,32.72281537568224,-0.1771846243177606,,
confirmation_5,A_conditional,FROZEN,64.632274209,32.9,32.82325820137829,-0.07674179862171115,,
confirmation_5,A_conditional,FROZEN,67.182274209,32.9,32.89627297588322,-0.0037270241167775,,
confirmation_5,A_conditional,FROZEN,69.977274209,33.9,33.00689748602314,-0.8931025139768565,,
confirmation_5,A_conditional,FROZEN,73.092274209,33.9,33.109184821261316,-0.7908151787386828,,
confirmation_5,A_conditional,FROZEN,76.142274209,33.9,32.88160504716751,-1.0183949528324874,,
confirmation_5,A_conditional,FROZEN,78.917274209,33.4,32.70091599787893,-0.6990840021210687,,
confirmation_5,A_conditional,FROZEN,81.977274209,33.4,32.52705098718061,-0.8729490128193902,,
confirmation_5,A_conditional,FROZEN,84.942274209,33.4,32.380740156278044,-1.0192598437219544,,
confirmation_5,A_conditional,FROZEN,88.037274209,32.9,32.24820699538391,-0.6517930046160885,,
confirmation_5,A_conditional,FROZEN,90.882274209,32.9,32.14222281392084,-0.75777718607916,,
confirmation_5,A_conditional,FROZEN,93.957274209,32.9,32.04250659942205,-0.8574934005779511,,
confirmation_5,A_conditional,FROZEN,96.582274209,32.9,31.96805934671456,-0.9319406532854373,,
confirmation_5,A_conditional,FROZEN,99.197274209,36.0,31.902484928398085,-4.097515071601915,,
confirmation_5,A_conditional,FROZEN,102.137274209,36.0,31.837775655913326,-4.162224344086674,,
confirmation_5,A_conditional,FROZEN,105.132274209,36.0,31.78044618971364,-4.21955381028636,,
confirmation_5,A_conditional,FROZEN,108.007274209,34.9,31.732523145899602,-3.1674768541003964,,
confirmation_5,A_conditional,FROZEN,111.102274209,34.9,31.687701610993216,-3.212298389006783,,
confirmation_5,A_conditional,FROZEN,114.047274209,34.9,31.650722433615876,-3.249277566384123,,
confirmation_5,A_conditional,FROZEN,117.027274209,34.9,31.618192155826083,-3.2818078441739154,,
confirmation_5,A_conditional,FROZEN,120.022274209,33.1,31.589807944222915,-1.510192055777086,,
confirmation_5,A_conditional,FROZEN,122.742274209,33.1,31.567297185231485,-1.5327028147685162,,
confirmation_5,A_conditional,FROZEN,125.847274209,33.1,31.544911502741975,-1.5550884972580263,,
confirmation_5,A_conditional,FROZEN,128.867274209,32.3,31.526087362886535,-0.7739126371134617,,
confirmation_5,A_conditional,FROZEN,131.957274209,32.3,31.509431515082955,-0.790568484917042,,
confirmation_5,A_conditional,FROZEN,134.837274209,32.3,31.495967173693728,-0.804032826306269,,
confirmation_5,A_conditional,FROZEN,137.487274209,32.0,31.485110732190428,-0.514889267809572,,
confirmation_5,A_conditional,FROZEN,140.547274209,32.0,31.47417109463099,-0.5258289053690106,,
confirmation_5,A_conditional,FROZEN,143.642274209,32.0,31.464621865990967,-0.5353781340090329,,
confirmation_5,A_conditional,FROZEN,146.512274209,32.0,31.456948016406756,-0.5430519835932444,,
confirmation_5,A_conditional,FROZEN,149.592274209,31.7,31.449808781443107,-0.25019121855689264,,
confirmation_5,A_conditional,FROZEN,152.567274209,31.7,31.44384861949338,-0.2561513805066191,,
confirmation_5,A_conditional,FROZEN,155.427274209,31.7,31.43887148937087,-0.2611285106291277,,
confirmation_5,A_conditional,FROZEN,158.502274209,31.5,31.434234895228464,-0.06576510477153619,,
confirmation_5,A_conditional,FROZEN,161.142274209,31.5,31.430769785614736,-0.06923021438526433,,
confirmation_5,A_conditional,FROZEN,164.197274209,31.5,31.427277107348505,-0.07272289265149467,,
confirmation_5,A_conditional,FROZEN,167.107274209,31.5,31.42440013482791,-0.07559986517209083,,
confirmation_5,A_conditional,FROZEN,169.717274209,31.5,31.422145375758596,-0.07785462424140377,,
confirmation_5,A_conditional,FROZEN,172.742274209,31.5,31.419868202656907,-0.08013179734309261,,
confirmation_5,A_conditional,FROZEN,175.777274209,31.5,31.41789922364798,-0.0821007763520214,,
confirmation_5,A_conditional,FROZEN,178.687274209,31.4,31.416268500047313,0.01626850004731395,,
confirmation_5,A_conditional,FROZEN,0,,,,0.0,0.0
confirmation_5,A_conditional,FROZEN,1,,,,1.4575490693437056,1.1358651907507378
confirmation_5,A_conditional,FROZEN,2,,,,3.153583848310781,2.2717303815014755
confirmation_5,A_conditional,FROZEN,3,,,,5.2323141134453595,3.4075955722522133
confirmation_5,A_conditional,FROZEN,4,,,,6.676036514946055,4.543460763002951
confirmation_5,A_conditional,FROZEN,5,,,,8.125353454624891,5.679325953753689
confirmation_5,A_conditional,FROZEN,6,,,,9.295448197285543,6.815191144504427
confirmation_5,A_conditional,FROZEN,7,,,,10.968853421801974,7.951056335255164
confirmation_5,A_conditional,FROZEN,8,,,,11.97615360639073,9.086921526005902
confirmation_5,A_conditional,FROZEN,9,,,,13.21741921080488,10.22278671675664
confirmation_5,A_conditional,FROZEN,10,,,,14.535717564468825,11.358651907507378
confirmation_5,A_conditional,FROZEN,11,,,,15.322782742116942,12.494517098258115
confirmation_5,A_conditional,FROZEN,12,,,,16.569100221960277,13.630382289008853
confirmation_5,A_conditional,FROZEN,13,,,,17.686126217935453,14.766247479759592
confirmation_5,A_conditional,FROZEN,14,,,,18.64283145231736,15.902112670510329
confirmation_5,A_conditional,FROZEN,15,,,,19.625237889279013,17.037977861261066
confirmation_5,A_conditional,FROZEN,16,,,,20.53465506606657,18.173843052011804
confirmation_5,A_conditional,FROZEN,17,,,,21.393206271017323,19.309708242762543
confirmation_5,A_conditional,FROZEN,18,,,,22.399684535822473,20.44557343351328
confirmation_5,A_conditional,FROZEN,19,,,,23.59574413076958,21.581438624264017
confirmation_5,A_conditional,FROZEN,20,,,,24.857711464581573,22.717303815014755
confirmation_5,A_conditional,FROZEN,21,,,,25.809318851345797,23.853169005765494
confirmation_5,A_conditional,FROZEN,22,,,,26.750657828252095,24.98903419651623
confirmation_5,A_conditional,FROZEN,23,,,,27.64503415425708,26.124899387266968
confirmation_5,A_conditional,FROZEN,24,,,,28.613842749963577,27.260764578017707
confirmation_5,A_conditional,FROZEN,25,,,,30.146983762196847,28.396629768768445
confirmation_5,A_conditional,FROZEN,26,,,,31.453798717445814,29.532494959519184
confirmation_5,A_conditional,FROZEN,27,,,,32.5705085689064,30.66836015026992
confirmation_5,A_conditional,FROZEN,28,,,,33.58772191600714,31.804225341020658
confirmation_5,A_conditional,FROZEN,29,,,,34.46245348786012,32.940090531771396
confirmation_5,A_conditional,FROZEN,30,,,,35.75098242006604,34.07595572252213
confirmation_5,A_conditional,FROZEN,31,,,,37.429111245948484,35.211820913272874
confirmation_5,A_conditional,FROZEN,32,,,,38.564307713169015,36.34768610402361
confirmation_5,A_conditional,FROZEN,33,,,,39.786910675404386,37.483551294774344
confirmation_5,A_conditional,FROZEN,34,,,,40.82390225695758,38.619416485525086
confirmation_5,A_conditional,FROZEN,35,,,,42.242114707516116,39.75528167627582
confirmation_5,A_conditional,FROZEN,36,,,,44.1615413368135,41.43873579435306
confirmation_5,A_conditional,FROZEN,37,,,,46.06477114979894,43.23894468571149
confirmation_5,A_conditional,FROZEN,38,,,,48.04111380327978,45.06126013099505
confirmation_5,A_conditional,FROZEN,39,,,,49.68378564287855,46.858731457413
confirmation_5,A_conditional,FROZEN,40,,,,51.790442663960036,48.68047082872028
confirmation_5,A_conditional,FROZEN,41,,,,54.00568995349947,50.49671081236463
confirmation_5,A_conditional,FROZEN,42,,,,55.85496187489817,52.30311262087708
confirmation_5,A_conditional,FROZEN,43,,,,57.78629744984025,54.1021426164931
confirmation_5,A_conditional,FROZEN,44,,,,59.33712473059952,55.925816174812496
confirmation_5,A_conditional,FROZEN,45,,,,60.91858900420332,57.746062163839945
confirmation_5,A_conditional,FROZEN,46,,,,62.92775215914629,59.5516805385072
confirmation_5,A_conditional,FROZEN,47,,,,65.25733261649336,61.367703851683515
confirmation_5,A_conditional,FROZEN,48,,,,67.27053582777988,63.19145680945408
confirmation_5,A_conditional,FROZEN,49,,,,68.94212309822187,64.99100684223419
confirmation_5,A_conditional,FROZEN,50,,,,70.48010991500816,66.81023921362572
confirmation_5,A_conditional,FROZEN,51,,,,72.18486839431976,68.61262831855632
confirmation_5,A_conditional,FROZEN,52,,,,73.7465406801186,70.437799121604
confirmation_5,A_conditional,FROZEN,53,,,,75.14832259628862,72.25984881019738
confirmation_5,A_conditional,FROZEN,54,,,,76.44476609127855,74.0577230918239
confirmation_5,A_conditional,FROZEN,55,,,,77.88985119085855,75.8630995386489
confirmation_5,A_conditional,FROZEN,56,,,,79.09743678885842,77.67877454480964
confirmation_5,A_conditional,FROZEN,57,,,,80.50297843422986,79.49900649281882
confirmation_5,A_conditional,FROZEN,58,,,,82.25974255530315,81.29487209912445
confirmation_5,A_conditional,FROZEN,59,,,,83.87790526582413,83.11955935103701
confirmation_5,A_conditional,FROZEN,60,,,,85.36069080135348,84.91867101186781
confirmation_5,A_conditional,FROZEN,61,,,,86.96596110585736,86.74269829707444
confirmation_5,A_conditional,FROZEN,62,,,,88.72485198653715,88.5667967183015
confirmation_5,A_conditional,FROZEN,63,,,,90.24076091335857,90.36779841026535
confirmation_5,A_conditional,FROZEN,64,,,,91.58949821748357,92.17594985498809
confirmation_5,A_conditional,FROZEN,65,,,,94.04917005821042,93.99384274574633
confirmation_5,A_conditional,FROZEN,66,,,,97.9368293548958,95.81916458670227
confirmation_5,A_conditional,FROZEN,67,,,,100.62783737741493,97.63284697534955
confirmation_5,A_conditional,FROZEN,68,,,,102.90896365978911,99.4552982336345
confirmation_5,A_conditional,FROZEN,69,,,,104.77993320102168,101.28361933965198
confirmation_5,A_conditional,FROZEN,70,,,,107.39900799696782,103.13098288088304
confirmation_5,A_conditional,FROZEN,71,,,,109.56900200976025,104.97816999933164
confirmation_5,A_conditional,FROZEN,72,,,,111.49171956201877,106.82615499236799
confirmation_5,A_conditional,FROZEN,73,,,,113.09015611797622,108.50799666550552
confirmation_5,A_conditional,FROZEN,74,,,,114.39504773214053,109.64386185625625
confirmation_5,A_conditional,FROZEN,75,,,,115.57482224957973,110.77972704700699
confirmation_5,A_conditional,FROZEN,76,,,,116.84008211613497,111.91559223775772
confirmation_5,A_conditional,FROZEN,77,,,,118.65456849011233,113.05145742850846
confirmation_5,A_conditional,FROZEN,78,,,,120.14060924827022,114.1873226192592
confirmation_5,A_conditional,FROZEN,79,,,,122.71635586927363,115.32318781000994
confirmation_5,A_conditional,FROZEN,80,,,,124.30981987757653,116.45905300076068
confirmation_5,A_conditional,FROZEN,81,,,,125.7523991203824,117.59491819151141
confirmation_5,A_conditional,FROZEN,82,,,,127.01281477905883,118.73078338226215
confirmation_5,A_conditional,FROZEN,83,,,,128.17134850526776,119.8666485730129
confirmation_5,A_conditional,FROZEN,84,,,,129.23306390618677,121.00251376376363
confirmation_5,A_conditional,FROZEN,85,,,,130.36237149629187,122.13837895451437
confirmation_5,A_conditional,FROZEN,86,,,,131.457599654422,123.2742441452651
confirmation_5,A_conditional,FROZEN,87,,,,132.90386459471102,124.41010933601584
confirmation_5,A_conditional,FROZEN,88,,,,134.9638111883585,125.54597452676657
confirmation_5,A_conditional,FROZEN,89,,,,136.90424326504112,126.68183971751732
confirmation_5,A_conditional,FROZEN,90,,,,138.89399983041108,127.81770490826806
confirmation_5,A_conditional,FROZEN,91,,,,141.3321928123652,128.95357009901878
confirmation_5,A_conditional,FROZEN,92,,,,144.67031646939407,130.0894352897695
confirmation_5,A_conditional,FROZEN,93,,,,147.839508809506,131.22530048052025
confirmation_5,A_conditional,FROZEN,94,,,,151.1662693576607,132.361165671271
confirmation_5,A_conditional,FROZEN,95,,,,154.4791890615068,133.49703086202175
confirmation_5,A_conditional,FROZEN,96,,,,157.6396229661124,134.63289605277248
confirmation_5,A_conditional,FROZEN,97,,,,160.55453642994345,135.76876124352322
confirmation_5,A_conditional,FROZEN,98,,,,162.6296839175076,136.90462643427395
confirmation_5,A_conditional,FROZEN,99,,,,164.81983535006862,138.04049162502469
confirmation_5,A_conditional,FROZEN,100,,,,167.5682309147541,139.17635681577542
confirmation_5,A_conditional,FROZEN,101,,,,171.57508045692225,140.31222200652616
confirmation_5,A_conditional,FROZEN,102,,,,174.3669132674803,141.4480871972769
confirmation_5,A_conditional,FROZEN,103,,,,175.77162626978603,142.58395238802763
confirmation_5,A_conditional,FROZEN,104,,,,177.19542087161003,143.7198175787784
confirmation_5,A_conditional,FROZEN,105,,,,178.38285494157174,144.85568276952912
confirmation_5,A_conditional,FROZEN,106,,,,180.01167851474807,145.99154796027986
confirmation_5,A_conditional,FROZEN,107,,,,181.54726032454226,147.1274131510306
confirmation_5,A_conditional,FROZEN,108,,,,183.09145714050518,148.26327834178133
confirmation_5,A_conditional,FROZEN,109,,,,185.0362170713737,149.39914353253207
confirmation_5,A_conditional,FROZEN,110,,,,186.19063546832115,150.5350087232828
confirmation_5,A_conditional,FROZEN,111,,,,187.7176281366631,151.67087391403354
confirmation_5,A_conditional,FROZEN,112,,,,189.01831696371525,152.80673910478427
confirmation_5,A_conditional,FROZEN,113,,,,190.0511012127374,153.94260429553503
confirmation_5,A_conditional,FROZEN,114,,,,191.56092704838758,155.07846948628577
confirmation_5,A_conditional,FROZEN,115,,,,192.53923105995284,156.2143346770365
confirmation_5,A_conditional,FROZEN,116,,,,193.26740365876378,157.35019986778724
confirmation_5,A_conditional,FROZEN,117,,,,194.18998484024308,158.48606505853797
confirmation_5,A_conditional,FROZEN,118,,,,195.48876787195096,159.6219302492887
confirmation_5,A_conditional,FROZEN,119,,,,196.74761008780195,160.75779544003944
confirmation_5,A_conditional,FROZEN,120,,,,197.71272744433338,161.89366063079018
confirmation_5,A_conditional,JOINT,36.092274209,31.1,31.20480237580785,0.10480237580785001,,
confirmation_5,A_conditional,JOINT,38.987274209,31.5,31.492587775600278,-0.007412224399722334,,
confirmation_5,A_conditional,JOINT,42.062274209,31.5,31.7678872432101,0.26788724321010093,,
confirmation_5,A_conditional,JOINT,44.752274209,31.5,31.95903276151347,0.4590327615134697,,
confirmation_5,A_conditional,JOINT,47.717274209,32.6,32.150311444348816,-0.4496885556511856,,
confirmation_5,A_conditional,JOINT,50.327274209,32.6,32.282329017029014,-0.31767098297098784,,
confirmation_5,A_conditional,JOINT,53.447274209,32.6,32.41019405115273,-0.18980594884727253,,
confirmation_5,A_conditional,JOINT,56.082274209,32.6,32.525337293834525,-0.07466270616547632,,
confirmation_5,A_conditional,JOINT,58.952274209,32.9,32.61544885818585,-0.2845511418141484,,
confirmation_5,A_conditional,JOINT,61.607274209,32.9,32.68747790605129,-0.21252209394870647,,
confirmation_5,A_conditional,JOINT,64.632274209,32.9,32.767325801859315,-0.13267419814068404,,
confirmation_5,A_conditional,JOINT,67.182274209,32.9,32.82215100749476,-0.07784899250523836,,
confirmation_5,A_conditional,JOINT,69.977274209,33.9,32.91966146430094,-0.9803385356990617,,
confirmation_5,A_conditional,JOINT,73.092274209,33.9,33.002999788746145,-0.8970002112538538,,
confirmation_5,A_conditional,JOINT,76.142274209,33.9,32.70616315191532,-1.193836848084679,,
confirmation_5,A_conditional,JOINT,78.917274209,33.4,32.47978651942223,-0.9202134805777717,,
confirmation_5,A_conditional,JOINT,81.977274209,33.4,32.27053041066745,-1.129469589332551,,
confirmation_5,A_conditional,JOINT,84.942274209,33.4,32.10161472252415,-1.2983852774758518,,
confirmation_5,A_conditional,JOINT,88.037274209,32.9,31.95486938072596,-0.945130619274039,,
confirmation_5,A_conditional,JOINT,90.882274209,32.9,31.8422506690344,-1.0577493309655992,,
confirmation_5,A_conditional,JOINT,93.957274209,32.9,31.740536195881212,-1.1594638041187864,,
confirmation_5,A_conditional,JOINT,96.582274209,32.9,31.667548836109535,-1.2324511638904632,,
confirmation_5,A_conditional,JOINT,99.197274209,36.0,31.60555543630235,-4.39444456369765,,
confirmation_5,A_conditional,JOINT,102.137274209,36.0,31.54668941680457,-4.453310583195432,,
confirmation_5,A_conditional,JOINT,105.132274209,36.0,31.496646503280218,-4.503353496719782,,
confirmation_5,A_conditional,JOINT,108.007274209,34.9,31.45649479314651,-3.4435052068534873,,
confirmation_5,A_conditional,JOINT,111.102274209,34.9,31.42047461514955,-3.4795253848504473,,
confirmation_5,A_conditional,JOINT,114.047274209,34.9,31.391991522941133,-3.5080084770588655,,
confirmation_5,A_conditional,JOINT,117.027274209,34.9,31.367958590028973,-3.5320414099710256,,
confirmation_5,A_conditional,JOINT,120.022274209,33.1,31.34785574882291,-1.7521442511770928,,
confirmation_5,A_conditional,JOINT,122.742274209,33.1,31.33254810565718,-1.7674518943428197,,
confirmation_5,A_conditional,JOINT,125.847274209,33.1,31.317942970820248,-1.7820570291797537,,
confirmation_5,A_conditional,JOINT,128.867274209,32.3,31.30618981563572,-0.9938101843642784,,
confirmation_5,A_conditional,JOINT,131.957274209,32.3,31.296238983711604,-1.0037610162883936,,
confirmation_5,A_conditional,JOINT,134.837274209,32.3,31.28853727524227,-1.0114627247577275,,
confirmation_5,A_conditional,JOINT,137.487274209,32.0,31.28257444274712,-0.7174255572528807,,
confirmation_5,A_conditional,JOINT,140.547274209,32.0,31.276813298365102,-0.7231867016348978,,
confirmation_5,A_conditional,JOINT,143.642274209,32.0,31.272010102249677,-0.727989897750323,,
confirmation_5,A_conditional,JOINT,146.512274209,32.0,31.268320470572945,-0.7316795294270548,,
confirmation_5,A_conditional,JOINT,149.592274209,31.7,31.26504018263812,-0.4349598173618787,,
confirmation_5,A_conditional,JOINT,152.567274209,31.7,31.26242727828039,-0.4375727217196079,,
confirmation_5,A_conditional,JOINT,155.427274209,31.7,31.260343338834787,-0.4396566611652126,,
confirmation_5,A_conditional,JOINT,158.502274209,31.5,31.258491860633974,-0.2415081393660259,,
confirmation_5,A_conditional,JOINT,161.142274209,31.5,31.25717140273806,-0.24282859726194062,,
confirmation_5,A_conditional,JOINT,164.197274209,31.5,31.25590179990946,-0.24409820009054073,,
confirmation_5,A_conditional,JOINT,167.107274209,31.5,31.254907838414685,-0.24509216158531544,,
confirmation_5,A_conditional,JOINT,169.717274209,31.5,31.25416557187387,-0.24583442812613043,,
confirmation_5,A_conditional,JOINT,172.742274209,31.5,31.253452717651506,-0.24654728234849443,,
confirmation_5,A_conditional,JOINT,175.777274209,31.5,31.25286992773685,-0.24713007226315042,,
confirmation_5,A_conditional,JOINT,178.687274209,31.4,31.252414011880333,-0.1475859881196655,,
confirmation_5,A_conditional,JOINT,0,,,,0.0,0.0
confirmation_5,A_conditional,JOINT,1,,,,1.4575490693437056,1.1358651907507378
confirmation_5,A_conditional,JOINT,2,,,,3.153583848310781,2.2717303815014755
confirmation_5,A_conditional,JOINT,3,,,,5.2323141134453595,3.4075955722522133
confirmation_5,A_conditional,JOINT,4,,,,6.676036514946055,4.543460763002951
confirmation_5,A_conditional,JOINT,5,,,,8.125353454624891,5.679325953753689
confirmation_5,A_conditional,JOINT,6,,,,9.295448197285543,6.815191144504427
confirmation_5,A_conditional,JOINT,7,,,,10.968853421801974,7.951056335255164
confirmation_5,A_conditional,JOINT,8,,,,11.97615360639073,9.086921526005902
confirmation_5,A_conditional,JOINT,9,,,,13.21741921080488,10.22278671675664
confirmation_5,A_conditional,JOINT,10,,,,14.535717564468825,11.358651907507378
confirmation_5,A_conditional,JOINT,11,,,,15.322782742116942,12.494517098258115
confirmation_5,A_conditional,JOINT,12,,,,16.569100221960277,13.630382289008853
confirmation_5,A_conditional,JOINT,13,,,,17.686126217935453,14.766247479759592
confirmation_5,A_conditional,JOINT,14,,,,18.64283145231736,15.902112670510329
confirmation_5,A_conditional,JOINT,15,,,,19.625237889279013,17.037977861261066
confirmation_5,A_conditional,JOINT,16,,,,20.53465506606657,18.173843052011804
confirmation_5,A_conditional,JOINT,17,,,,21.393206271017323,19.309708242762543
confirmation_5,A_conditional,JOINT,18,,,,22.399684535822473,20.44557343351328
confirmation_5,A_conditional,JOINT,19,,,,23.59574413076958,21.581438624264017
confirmation_5,A_conditional,JOINT,20,,,,24.857711464581573,22.717303815014755
confirmation_5,A_conditional,JOINT,21,,,,25.809318851345797,23.853169005765494
confirmation_5,A_conditional,JOINT,22,,,,26.750657828252095,24.98903419651623
confirmation_5,A_conditional,JOINT,23,,,,27.64503415425708,26.124899387266968
confirmation_5,A_conditional,JOINT,24,,,,28.613842749963577,27.260764578017707
confirmation_5,A_conditional,JOINT,25,,,,30.146983762196847,28.396629768768445
confirmation_5,A_conditional,JOINT,26,,,,31.453798717445814,29.532494959519184
confirmation_5,A_conditional,JOINT,27,,,,32.5705085689064,30.66836015026992
confirmation_5,A_conditional,JOINT,28,,,,33.58772191600714,31.804225341020658
confirmation_5,A_conditional,JOINT,29,,,,34.46245348786012,32.940090531771396
confirmation_5,A_conditional,JOINT,30,,,,35.75098242006604,34.07595572252213
confirmation_5,A_conditional,JOINT,31,,,,37.429111245948484,35.211820913272874
confirmation_5,A_conditional,JOINT,32,,,,38.564307713169015,36.34768610402361
confirmation_5,A_conditional,JOINT,33,,,,39.786910675404386,37.483551294774344
confirmation_5,A_conditional,JOINT,34,,,,40.82390225695758,38.619416485525086
confirmation_5,A_conditional,JOINT,35,,,,42.242114707516116,39.75528167627582
confirmation_5,A_conditional,JOINT,36,,,,44.1615413368135,41.43458274662429
confirmation_5,A_conditional,JOINT,37,,,,46.06477114979894,43.226090012040025
confirmation_5,A_conditional,JOINT,38,,,,48.04111380327978,45.04429112479359
confirmation_5,A_conditional,JOINT,39,,,,49.68378564287855,46.83226796328546
confirmation_5,A_conditional,JOINT,40,,,,51.790442663960036,48.64978012754423
confirmation_5,A_conditional,JOINT,41,,,,54.00568995349947,50.46068128482654
confirmation_5,A_conditional,JOINT,42,,,,55.85496187489817,52.25972879918406
confirmation_5,A_conditional,JOINT,43,,,,57.78629744984025,54.049734689582166
confirmation_5,A_conditional,JOINT,44,,,,59.33712473059952,55.86958497538009
confirmation_5,A_conditional,JOINT,45,,,,60.91858900420332,57.685323728155645
confirmation_5,A_conditional,JOINT,46,,,,62.92775215914629,59.48342690088892
confirmation_5,A_conditional,JOINT,47,,,,65.25733261649336,61.294464985315784
confirmation_5,A_conditional,JOINT,48,,,,67.27053582777988,63.114470022543486
confirmation_5,A_conditional,JOINT,49,,,,68.94212309822187,64.90510908491181
confirmation_5,A_conditional,JOINT,50,,,,70.48010991500816,66.71993382099595
confirmation_5,A_conditional,JOINT,51,,,,72.18486839431976,68.51380431346925
confirmation_5,A_conditional,JOINT,52,,,,73.7465406801186,70.33553735251556
confirmation_5,A_conditional,JOINT,53,,,,75.14832259628862,72.15343755091811
confirmation_5,A_conditional,JOINT,54,,,,76.44476609127855,73.94204553421457
confirmation_5,A_conditional,JOINT,55,,,,77.88985119085855,75.73967330848319
confirmation_5,A_conditional,JOINT,56,,,,79.09743678885842,77.55033086080154
confirmation_5,A_conditional,JOINT,57,,,,80.50297843422986,79.36590477770046
confirmation_5,A_conditional,JOINT,58,,,,82.25974255530315,81.15205218908962
confirmation_5,A_conditional,JOINT,59,,,,83.87790526582413,82.97303824457943
confirmation_5,A_conditional,JOINT,60,,,,85.36069080135348,84.76357244164683
confirmation_5,A_conditional,JOINT,61,,,,86.96596110585736,86.58387582777314
confirmation_5,A_conditional,JOINT,62,,,,88.72485198653715,88.40434359816791
confirmation_5,A_conditional,JOINT,63,,,,90.24076091335857,90.19673200361771
confirmation_5,A_conditional,JOINT,64,,,,91.58949821748357,91.99794282443631
confirmation_5,A_conditional,JOINT,65,,,,94.04917005821042,93.81063006112103
confirmation_5,A_conditional,JOINT,66,,,,97.9368293548958,95.63238513855032
confirmation_5,A_conditional,JOINT,67,,,,100.62783737741493,97.43990493566622
confirmation_5,A_conditional,JOINT,68,,,,102.90896365978911,99.25798007635751
confirmation_5,A_conditional,JOINT,69,,,,104.77993320102168,101.0830104602549
confirmation_5,A_conditional,JOINT,70,,,,107.39900799696782,102.93143920125836
confirmation_5,A_conditional,JOINT,71,,,,109.56900200976025,104.77969125535293
confirmation_5,A_conditional,JOINT,72,,,,111.49171956201877,106.62874237855078
confirmation_5,A_conditional,JOINT,73,,,,113.09015611797622,108.3114014450447
confirmation_5,A_conditional,JOINT,74,,,,114.39504773214053,109.44726663579543
confirmation_5,A_conditional,JOINT,75,,,,115.57482224957973,110.58313182654616
confirmation_5,A_conditional,JOINT,76,,,,116.84008211613497,111.7189970172969
confirmation_5,A_conditional,JOINT,77,,,,118.65456849011233,112.85486220804763
confirmation_5,A_conditional,JOINT,78,,,,120.14060924827022,113.99072739879838
confirmation_5,A_conditional,JOINT,79,,,,122.71635586927363,115.12659258954912
confirmation_5,A_conditional,JOINT,80,,,,124.30981987757653,116.26245778029985
confirmation_5,A_conditional,JOINT,81,,,,125.7523991203824,117.39832297105059
confirmation_5,A_conditional,JOINT,82,,,,127.01281477905883,118.53418816180132
confirmation_5,A_conditional,JOINT,83,,,,128.17134850526776,119.67005335255207
confirmation_5,A_conditional,JOINT,84,,,,129.23306390618677,120.80591854330281
confirmation_5,A_conditional,JOINT,85,,,,130.36237149629187,121.94178373405354
confirmation_5,A_conditional,JOINT,86,,,,131.457599654422,123.07764892480428
confirmation_5,A_conditional,JOINT,87,,,,132.90386459471102,124.21351411555501
confirmation_5,A_conditional,JOINT,88,,,,134.9638111883585,125.34937930630575
confirmation_5,A_conditional,JOINT,89,,,,136.90424326504112,126.4852444970565
confirmation_5,A_conditional,JOINT,90,,,,138.89399983041108,127.62110968780723
confirmation_5,A_conditional,JOINT,91,,,,141.3321928123652,128.75697487855797
confirmation_5,A_conditional,JOINT,92,,,,144.67031646939407,129.8928400693087
confirmation_5,A_conditional,JOINT,93,,,,147.839508809506,131.02870526005944
confirmation_5,A_conditional,JOINT,94,,,,151.1662693576607,132.1645704508102
confirmation_5,A_conditional,JOINT,95,,,,154.4791890615068,133.30043564156094
confirmation_5,A_conditional,JOINT,96,,,,157.6396229661124,134.43630083231167
confirmation_5,A_conditional,JOINT,97,,,,160.55453642994345,135.5721660230624
confirmation_5,A_conditional,JOINT,98,,,,162.6296839175076,136.70803121381314
confirmation_5,A_conditional,JOINT,99,,,,164.81983535006862,137.84389640456388
confirmation_5,A_conditional,JOINT,100,,,,167.5682309147541,138.9797615953146
confirmation_5,A_conditional,JOINT,101,,,,171.57508045692225,140.11562678606535
confirmation_5,A_conditional,JOINT,102,,,,174.3669132674803,141.25149197681608
confirmation_5,A_conditional,JOINT,103,,,,175.77162626978603,142.38735716756682
confirmation_5,A_conditional,JOINT,104,,,,177.19542087161003,143.52322235831758
confirmation_5,A_conditional,JOINT,105,,,,178.38285494157174,144.65908754906832
confirmation_5,A_conditional,JOINT,106,,,,180.01167851474807,145.79495273981905
confirmation_5,A_conditional,JOINT,107,,,,181.54726032454226,146.9308179305698
confirmation_5,A_conditional,JOINT,108,,,,183.09145714050518,148.06668312132052
confirmation_5,A_conditional,JOINT,109,,,,185.0362170713737,149.20254831207126
confirmation_5,A_conditional,JOINT,110,,,,186.19063546832115,150.338413502822
confirmation_5,A_conditional,JOINT,111,,,,187.7176281366631,151.47427869357273
confirmation_5,A_conditional,JOINT,112,,,,189.01831696371525,152.61014388432346
confirmation_5,A_conditional,JOINT,113,,,,190.0511012127374,153.74600907507423
confirmation_5,A_conditional,JOINT,114,,,,191.56092704838758,154.88187426582496
confirmation_5,A_conditional,JOINT,115,,,,192.53923105995284,156.0177394565757
confirmation_5,A_conditional,JOINT,116,,,,193.26740365876378,157.15360464732643
confirmation_5,A_conditional,JOINT,117,,,,194.18998484024308,158.28946983807717
confirmation_5,A_conditional,JOINT,118,,,,195.48876787195096,159.4253350288279
confirmation_5,A_conditional,JOINT,119,,,,196.74761008780195,160.56120021957864
confirmation_5,A_conditional,JOINT,120,,,,197.71272744433338,161.69706541032937
confirmation_5,B_arrival,FROZEN,36.092274209,31.1,31.19861092703132,0.09861092703132002,,
confirmation_5,B_arrival,FROZEN,38.987274209,31.5,31.487653201111204,-0.012346798888795973,,
confirmation_5,B_arrival,FROZEN,42.062274209,31.5,31.730508051995823,0.23050805199582314,,
confirmation_5,B_arrival,FROZEN,44.752274209,31.5,31.92327762278203,0.42327762278203096,,
confirmation_5,B_arrival,FROZEN,47.717274209,32.6,32.11899229342501,-0.48100770657499226,,
confirmation_5,B_arrival,FROZEN,50.327274209,32.6,32.26270009326325,-0.33729990673675303,,
confirmation_5,B_arrival,FROZEN,53.447274209,32.6,32.42852649029126,-0.17147350970873987,,
confirmation_5,B_arrival,FROZEN,56.082274209,32.6,32.54143780981151,-0.05856219018848918,,
confirmation_5,B_arrival,FROZEN,58.952274209,32.9,32.64241725495422,-0.2575827450457808,,
confirmation_5,B_arrival,FROZEN,61.607274209,32.9,32.745689376155525,-0.15431062384447358,,
confirmation_5,B_arrival,FROZEN,64.632274209,32.9,32.83094406658739,-0.06905593341260641,,
confirmation_5,B_arrival,FROZEN,67.182274209,32.9,32.90879329530432,0.008793295304322157,,
confirmation_5,B_arrival,FROZEN,69.977274209,33.9,33.01408001791785,-0.8859199820821502,,
confirmation_5,B_arrival,FROZEN,73.092274209,33.9,33.139807656003924,-0.7601923439960743,,
confirmation_5,B_arrival,FROZEN,76.142274209,33.9,32.908224753395515,-0.9917752466044831,,
confirmation_5,B_arrival,FROZEN,78.917274209,33.4,32.72435002304807,-0.6756499769519309,,
confirmation_5,B_arrival,FROZEN,81.977274209,33.4,32.54741227660933,-0.8525877233906698,,
confirmation_5,B_arrival,FROZEN,84.942274209,33.4,32.39850898271966,-1.0014910172803368,,
confirmation_5,B_arrival,FROZEN,88.037274209,32.9,32.263621122715236,-0.6363788772847627,,
confirmation_5,B_arrival,FROZEN,90.882274209,32.9,32.15574871475738,-0.7442512852426191,,
confirmation_5,B_arrival,FROZEN,93.957274209,32.9,32.054250851403836,-0.8457491485961626,,
confirmation_5,B_arrival,FROZEN,96.582274209,32.9,31.97846959842538,-0.9215304015746177,,
confirmation_5,B_arrival,FROZEN,99.197274209,36.0,31.911716945123505,-4.088283054876495,,
confirmation_5,B_arrival,FROZEN,102.137274209,36.0,31.845841480199738,-4.154158519800262,,
confirmation_5,B_arrival,FROZEN,105.132274209,36.0,31.78747535535553,-4.212524644644471,,
confirmation_5,B_arrival,FROZEN,108.007274209,34.9,31.738682746990822,-3.1613172530091767,,
confirmation_5,B_arrival,FROZEN,111.102274209,34.9,31.693044950680967,-3.2069550493190313,,
confirmation_5,B_arrival,FROZEN,114.047274209,34.9,31.65538972824309,-3.2446102717569083,,
confirmation_5,B_arrival,FROZEN,117.027274209,34.9,31.622262390610384,-3.2777376093896144,,
confirmation_5,B_arrival,FROZEN,120.022274209,33.1,31.59335505279909,-1.5066449472009111,,
confirmation_5,B_arrival,FROZEN,122.742274209,33.1,31.570427696484362,-1.5295723035156392,,
confirmation_5,B_arrival,FROZEN,125.847274209,33.1,31.54762591609888,-1.552374083901121,,
confirmation_5,B_arrival,FROZEN,128.867274209,32.3,31.52845019191951,-0.7715498080804863,,
confirmation_5,B_arrival,FROZEN,131.957274209,32.3,31.51148169623511,-0.7885183037648886,,
confirmation_5,B_arrival,FROZEN,134.837274209,32.3,31.497763318327458,-0.8022366816725395,,
confirmation_5,B_arrival,FROZEN,137.487274209,32.0,31.486701030029483,-0.513298969970517,,
confirmation_5,B_arrival,FROZEN,140.547274209,32.0,31.475552868113997,-0.5244471318860029,,
confirmation_5,B_arrival,FROZEN,143.642274209,32.0,31.465820528855964,-0.5341794711440357,,
confirmation_5,B_arrival,FROZEN,146.512274209,32.0,31.457998636256487,-0.5420013637435126,,
confirmation_5,B_arrival,FROZEN,149.592274209,31.7,31.450720802829238,-0.24927919717076108,,
confirmation_5,B_arrival,FROZEN,152.567274209,31.7,31.444644153974124,-0.2553558460258749,,
confirmation_5,B_arrival,FROZEN,155.427274209,31.7,31.43956909028536,-0.2604309097146391,,
confirmation_5,B_arrival,FROZEN,158.502274209,31.5,31.43484060726358,-0.06515939273641891,,
confirmation_5,B_arrival,FROZEN,161.142274209,31.5,31.431306326534013,-0.06869367346598665,,
confirmation_5,B_arrival,FROZEN,164.197274209,31.5,31.427743402581353,-0.07225659741864732,,
confirmation_5,B_arrival,FROZEN,167.107274209,31.5,31.4248080892046,-0.07519191079540022,,
confirmation_5,B_arrival,FROZEN,169.717274209,31.5,31.422507240850585,-0.07749275914941478,,
confirmation_5,B_arrival,FROZEN,172.742274209,31.5,31.42018312484752,-0.07981687515248126,,
confirmation_5,B_arrival,FROZEN,175.777274209,31.5,31.418173166741035,-0.08182683325896534,,
confirmation_5,B_arrival,FROZEN,178.687274209,31.4,31.416508168557527,0.01650816855752879,,
confirmation_5,B_arrival,FROZEN,0,,,,0.0,0.0
confirmation_5,B_arrival,FROZEN,1,,,,1.4575490693437056,1.1358651907507378
confirmation_5,B_arrival,FROZEN,2,,,,3.153583848310781,2.2717303815014755
confirmation_5,B_arrival,FROZEN,3,,,,5.2323141134453595,3.4075955722522133
confirmation_5,B_arrival,FROZEN,4,,,,6.676036514946055,4.543460763002951
confirmation_5,B_arrival,FROZEN,5,,,,8.125353454624891,5.679325953753689
confirmation_5,B_arrival,FROZEN,6,,,,9.295448197285543,6.815191144504427
confirmation_5,B_arrival,FROZEN,7,,,,10.968853421801974,7.951056335255164
confirmation_5,B_arrival,FROZEN,8,,,,11.97615360639073,9.086921526005902
confirmation_5,B_arrival,FROZEN,9,,,,13.21741921080488,10.22278671675664
confirmation_5,B_arrival,FROZEN,10,,,,14.535717564468825,11.358651907507378
confirmation_5,B_arrival,FROZEN,11,,,,15.322782742116942,12.494517098258115
confirmation_5,B_arrival,FROZEN,12,,,,16.569100221960277,13.630382289008853
confirmation_5,B_arrival,FROZEN,13,,,,17.686126217935453,14.766247479759592
confirmation_5,B_arrival,FROZEN,14,,,,18.64283145231736,15.902112670510329
confirmation_5,B_arrival,FROZEN,15,,,,19.625237889279013,17.037977861261066
confirmation_5,B_arrival,FROZEN,16,,,,20.53465506606657,18.173843052011804
confirmation_5,B_arrival,FROZEN,17,,,,21.393206271017323,19.309708242762543
confirmation_5,B_arrival,FROZEN,18,,,,22.399684535822473,20.44557343351328
confirmation_5,B_arrival,FROZEN,19,,,,23.59574413076958,21.581438624264017
confirmation_5,B_arrival,FROZEN,20,,,,24.857711464581573,22.717303815014755
confirmation_5,B_arrival,FROZEN,21,,,,25.809318851345797,23.853169005765494
confirmation_5,B_arrival,FROZEN,22,,,,26.750657828252095,24.98903419651623
confirmation_5,B_arrival,FROZEN,23,,,,27.64503415425708,26.124899387266968
confirmation_5,B_arrival,FROZEN,24,,,,28.613842749963577,27.260764578017707
confirmation_5,B_arrival,FROZEN,25,,,,30.146983762196847,28.396629768768445
confirmation_5,B_arrival,FROZEN,26,,,,31.453798717445814,29.532494959519184
confirmation_5,B_arrival,FROZEN,27,,,,32.5705085689064,30.66836015026992
confirmation_5,B_arrival,FROZEN,28,,,,33.58772191600714,31.804225341020658
confirmation_5,B_arrival,FROZEN,29,,,,34.46245348786012,32.940090531771396
confirmation_5,B_arrival,FROZEN,30,,,,35.75098242006604,34.07595572252213
confirmation_5,B_arrival,FROZEN,31,,,,37.429111245948484,35.211820913272874
confirmation_5,B_arrival,FROZEN,32,,,,38.564307713169015,36.34768610402361
confirmation_5,B_arrival,FROZEN,33,,,,39.786910675404386,37.483551294774344
confirmation_5,B_arrival,FROZEN,34,,,,40.82390225695758,38.619416485525086
confirmation_5,B_arrival,FROZEN,35,,,,42.242114707516116,39.75528167627582
confirmation_5,B_arrival,FROZEN,36,,,,44.1615413368135,41.447479193816996
confirmation_5,B_arrival,FROZEN,37,,,,46.06477114979894,43.257437635078944
confirmation_5,B_arrival,FROZEN,38,,,,48.04111380327978,45.08499901992639
confirmation_5,B_arrival,FROZEN,39,,,,49.68378564287855,46.912560404773856
confirmation_5,B_arrival,FROZEN,40,,,,51.790442663960036,48.71889208181856
confirmation_5,B_arrival,FROZEN,41,,,,54.00568995349947,50.52832795775927
confirmation_5,B_arrival,FROZEN,42,,,,55.85496187489817,52.35278514371072
confirmation_5,B_arrival,FROZEN,43,,,,57.78629744984025,54.180346528558175
confirmation_5,B_arrival,FROZEN,44,,,,59.33712473059952,56.007907913534126
confirmation_5,B_arrival,FROZEN,45,,,,60.91858900420332,57.80898615694422
confirmation_5,B_arrival,FROZEN,46,,,,62.92775215914629,59.620571267752034
confirmation_5,B_arrival,FROZEN,47,,,,65.25733261649336,61.4481326525995
confirmation_5,B_arrival,FROZEN,48,,,,67.27053582777988,63.27569403744695
confirmation_5,B_arrival,FROZEN,49,,,,68.94212309822187,65.08964435600068
confirmation_5,B_arrival,FROZEN,50,,,,70.48010991500816,66.8898349208865
confirmation_5,B_arrival,FROZEN,51,,,,72.18486839431976,68.71591877638382
confirmation_5,B_arrival,FROZEN,52,,,,73.7465406801186,70.54348016123127
confirmation_5,B_arrival,FROZEN,53,,,,75.14832259628862,72.37030255505712
confirmation_5,B_arrival,FROZEN,54,,,,76.44476609127855,74.17049311994295
confirmation_5,B_arrival,FROZEN,55,,,,77.88985119085855,75.98370490042512
confirmation_5,B_arrival,FROZEN,56,,,,79.09743678885842,77.81126628540108
confirmation_5,B_arrival,FROZEN,57,,,,80.50297843422986,79.63882767037704
confirmation_5,B_arrival,FROZEN,58,,,,82.25974255530315,81.4511513195134
confirmation_5,B_arrival,FROZEN,59,,,,83.87790526582413,83.25149102459494
confirmation_5,B_arrival,FROZEN,60,,,,85.36069080135348,85.0790524094424
confirmation_5,B_arrival,FROZEN,61,,,,86.96596110585736,86.90661379428985
confirmation_5,B_arrival,FROZEN,62,,,,88.72485198653715,88.73180951856985
confirmation_5,B_arrival,FROZEN,63,,,,90.24076091335857,90.54050685618202
confirmation_5,B_arrival,FROZEN,64,,,,91.58949821748357,92.34683853335521
confirmation_5,B_arrival,FROZEN,65,,,,94.04917005821042,94.17439991833116
confirmation_5,B_arrival,FROZEN,66,,,,97.9368293548958,96.00196130330711
confirmation_5,B_arrival,FROZEN,67,,,,100.62783737741493,97.81265828302611
confirmation_5,B_arrival,FROZEN,68,,,,102.90896365978911,99.63585436558478
confirmation_5,B_arrival,FROZEN,69,,,,104.77993320102168,101.46341575056073
confirmation_5,B_arrival,FROZEN,70,,,,107.39900799696782,103.31220684321093
confirmation_5,B_arrival,FROZEN,71,,,,109.56900200976025,105.16099793586113
confirmation_5,B_arrival,FROZEN,72,,,,111.49171956201877,107.00978902851136
confirmation_5,B_arrival,FROZEN,73,,,,113.09015611797622,108.83033621769249
confirmation_5,B_arrival,FROZEN,74,,,,114.39504773214053,109.96620140844323
confirmation_5,B_arrival,FROZEN,75,,,,115.57482224957973,111.10206659919396
confirmation_5,B_arrival,FROZEN,76,,,,116.84008211613497,112.2379317899447
confirmation_5,B_arrival,FROZEN,77,,,,118.65456849011233,113.37379698069543
confirmation_5,B_arrival,FROZEN,78,,,,120.14060924827022,114.50966217144618
confirmation_5,B_arrival,FROZEN,79,,,,122.71635586927363,115.64552736219692
confirmation_5,B_arrival,FROZEN,80,,,,124.30981987757653,116.78139255294765
confirmation_5,B_arrival,FROZEN,81,,,,125.7523991203824,117.91725774369839
confirmation_5,B_arrival,FROZEN,82,,,,127.01281477905883,119.05312293444912
confirmation_5,B_arrival,FROZEN,83,,,,128.17134850526776,120.18898812519987
confirmation_5,B_arrival,FROZEN,84,,,,129.23306390618677,121.3248533159506
confirmation_5,B_arrival,FROZEN,85,,,,130.36237149629187,122.46071850670134
confirmation_5,B_arrival,FROZEN,86,,,,131.457599654422,123.59658369745208
confirmation_5,B_arrival,FROZEN,87,,,,132.90386459471102,124.73244888820281
confirmation_5,B_arrival,FROZEN,88,,,,134.9638111883585,125.86831407895355
confirmation_5,B_arrival,FROZEN,89,,,,136.90424326504112,127.0041792697043
confirmation_5,B_arrival,FROZEN,90,,,,138.89399983041108,128.14004446045504
confirmation_5,B_arrival,FROZEN,91,,,,141.3321928123652,129.27590965120578
confirmation_5,B_arrival,FROZEN,92,,,,144.67031646939407,130.41177484195651
confirmation_5,B_arrival,FROZEN,93,,,,147.839508809506,131.54764003270725
confirmation_5,B_arrival,FROZEN,94,,,,151.1662693576607,132.68350522345798
confirmation_5,B_arrival,FROZEN,95,,,,154.4791890615068,133.81937041420872
confirmation_5,B_arrival,FROZEN,96,,,,157.6396229661124,134.95523560495946
confirmation_5,B_arrival,FROZEN,97,,,,160.55453642994345,136.0911007957102
confirmation_5,B_arrival,FROZEN,98,,,,162.6296839175076,137.22696598646093
confirmation_5,B_arrival,FROZEN,99,,,,164.81983535006862,138.36283117721166
confirmation_5,B_arrival,FROZEN,100,,,,167.5682309147541,139.4986963679624
confirmation_5,B_arrival,FROZEN,101,,,,171.57508045692225,140.63456155871313
confirmation_5,B_arrival,FROZEN,102,,,,174.3669132674803,141.77042674946387
confirmation_5,B_arrival,FROZEN,103,,,,175.77162626978603,142.9062919402146
confirmation_5,B_arrival,FROZEN,104,,,,177.19542087161003,144.04215713096536
confirmation_5,B_arrival,FROZEN,105,,,,178.38285494157174,145.1780223217161
confirmation_5,B_arrival,FROZEN,106,,,,180.01167851474807,146.31388751246683
confirmation_5,B_arrival,FROZEN,107,,,,181.54726032454226,147.44975270321757
confirmation_5,B_arrival,FROZEN,108,,,,183.09145714050518,148.5856178939683
confirmation_5,B_arrival,FROZEN,109,,,,185.0362170713737,149.72148308471904
confirmation_5,B_arrival,FROZEN,110,,,,186.19063546832115,150.8573482754698
confirmation_5,B_arrival,FROZEN,111,,,,187.7176281366631,151.99321346622054
confirmation_5,B_arrival,FROZEN,112,,,,189.01831696371525,153.12907865697127
confirmation_5,B_arrival,FROZEN,113,,,,190.0511012127374,154.264943847722
confirmation_5,B_arrival,FROZEN,114,,,,191.56092704838758,155.40080903847274
confirmation_5,B_arrival,FROZEN,115,,,,192.53923105995284,156.53667422922348
confirmation_5,B_arrival,FROZEN,116,,,,193.26740365876378,157.6725394199742
confirmation_5,B_arrival,FROZEN,117,,,,194.18998484024308,158.80840461072495
confirmation_5,B_arrival,FROZEN,118,,,,195.48876787195096,159.94426980147568
confirmation_5,B_arrival,FROZEN,119,,,,196.74761008780195,161.08013499222642
confirmation_5,B_arrival,FROZEN,120,,,,197.71272744433338,162.21600018297715
confirmation_5,B_arrival,JOINT,36.092274209,31.1,31.20374378988429,0.10374378988428745,,
confirmation_5,B_arrival,JOINT,38.987274209,31.5,31.524624952359357,0.02462495235935691,,
confirmation_5,B_arrival,JOINT,42.062274209,31.5,31.780273378025992,0.28027337802599206,,
confirmation_5,B_arrival,JOINT,44.752274209,31.5,31.975075198979077,0.47507519897907713,,
confirmation_5,B_arrival,JOINT,47.717274209,32.6,32.166485685852415,-0.4335143141475868,,
confirmation_5,B_arrival,JOINT,50.327274209,32.6,32.29933943455644,-0.30066056544356456,,
confirmation_5,B_arrival,JOINT,53.447274209,32.6,32.450271402207676,-0.1497285977923255,,
confirmation_5,B_arrival,JOINT,56.082274209,32.6,32.54593982326373,-0.054060176736271615,,
confirmation_5,B_arrival,JOINT,58.952274209,32.9,32.62468596691303,-0.2753140330869712,,
confirmation_5,B_arrival,JOINT,61.607274209,32.9,32.710802775119845,-0.18919722488015367,,
confirmation_5,B_arrival,JOINT,64.632274209,32.9,32.77208570233386,-0.1279142976661376,,
confirmation_5,B_arrival,JOINT,67.182274209,32.9,32.832674469036405,-0.0673255309635934,,
confirmation_5,B_arrival,JOINT,69.977274209,33.9,32.924115352813644,-0.9758846471863549,,
confirmation_5,B_arrival,JOINT,73.092274209,33.9,33.0355244663369,-0.8644755336630965,,
confirmation_5,B_arrival,JOINT,76.142274209,33.9,32.73324336939746,-1.166756630602542,,
confirmation_5,B_arrival,JOINT,78.917274209,33.4,32.50270916898264,-0.897290831017358,,
confirmation_5,B_arrival,JOINT,81.977274209,33.4,32.289604469041166,-1.110395530958833,,
confirmation_5,B_arrival,JOINT,84.942274209,33.4,32.11757717159826,-1.2824228284017352,,
confirmation_5,B_arrival,JOINT,88.037274209,32.9,31.968123925720167,-0.9318760742798311,,
confirmation_5,B_arrival,JOINT,90.882274209,32.9,31.853423198381407,-1.046576801618592,,
confirmation_5,B_arrival,JOINT,93.957274209,32.9,31.74982454463375,-1.1501754553662487,,
confirmation_5,B_arrival,JOINT,96.582274209,32.9,31.675482321193925,-1.2245176788060732,,
confirmation_5,B_arrival,JOINT,99.197274209,36.0,31.61233575895174,-4.38766424104826,,
confirmation_5,B_arrival,JOINT,102.137274209,36.0,31.55237217158802,-4.4476278284119815,,
confirmation_5,B_arrival,JOINT,105.132274209,36.0,31.50139365123653,-4.49860634876347,,
confirmation_5,B_arrival,JOINT,108.007274209,34.9,31.460489058215966,-3.4395109417840324,,
confirmation_5,B_arrival,JOINT,111.102274209,34.9,31.423791284530054,-3.4762087154699444,,
confirmation_5,B_arrival,JOINT,114.047274209,34.9,31.394770470230377,-3.505229529769622,,
confirmation_5,B_arrival,JOINT,117.027274209,34.9,31.370282104831713,-3.529717895168286,,
confirmation_5,B_arrival,JOINT,120.022274209,33.1,31.34979672093373,-1.7502032790662732,,
confirmation_5,B_arrival,JOINT,122.742274209,33.1,31.33419652106874,-1.7658034789312609,,
confirmation_5,B_arrival,JOINT,125.847274209,33.1,31.319310923611738,-1.7806890763882635,,
confirmation_5,B_arrival,JOINT,128.867274209,32.3,31.307330834496902,-0.992669165503095,,
confirmation_5,B_arrival,JOINT,131.957274209,32.3,31.297186722269934,-1.0028132777300627,,
confirmation_5,B_arrival,JOINT,134.837274209,32.3,31.289334465966945,-1.010665534033052,,
confirmation_5,B_arrival,JOINT,137.487274209,32.0,31.283254327958783,-0.7167456720412169,,
confirmation_5,B_arrival,JOINT,140.547274209,32.0,31.27737903445859,-0.7226209655414095,,
confirmation_5,B_arrival,JOINT,143.642274209,32.0,31.27247986565949,-0.7275201343405087,,
confirmation_5,B_arrival,JOINT,146.512274209,32.0,31.268715849691155,-0.731284150308845,,
confirmation_5,B_arrival,JOINT,149.592274209,31.7,31.26536878471984,-0.43463121528015947,,
confirmation_5,B_arrival,JOINT,152.567274209,31.7,31.26270210937808,-0.43729789062192026,,
confirmation_5,B_arrival,JOINT,155.427274209,31.7,31.26057479101173,-0.4394252089882684,,
confirmation_5,B_arrival,JOINT,158.502274209,31.5,31.258684279778493,-0.2413157202215075,,
confirmation_5,B_arrival,JOINT,161.142274209,31.5,31.257335606269308,-0.24266439373069204,,
confirmation_5,B_arrival,JOINT,164.197274209,31.5,31.25603847557978,-0.24396152442022156,,
confirmation_5,B_arrival,JOINT,167.107274209,31.5,31.255022596246366,-0.24497740375363364,,
confirmation_5,B_arrival,JOINT,169.717274209,31.5,31.254263678674377,-0.24573632132562295,,
confirmation_5,B_arrival,JOINT,172.742274209,31.5,31.25353452463865,-0.24646547536135088,,
confirmation_5,B_arrival,JOINT,175.777274209,31.5,31.25293810205907,-0.24706189794093092,,
confirmation_5,B_arrival,JOINT,178.687274209,31.4,31.252471253504794,-0.14752874649520464,,
confirmation_5,B_arrival,JOINT,0,,,,0.0,0.0
confirmation_5,B_arrival,JOINT,1,,,,1.4575490693437056,1.1358651907507378
confirmation_5,B_arrival,JOINT,2,,,,3.153583848310781,2.2717303815014755
confirmation_5,B_arrival,JOINT,3,,,,5.2323141134453595,3.4075955722522133
confirmation_5,B_arrival,JOINT,4,,,,6.676036514946055,4.543460763002951
confirmation_5,B_arrival,JOINT,5,,,,8.125353454624891,5.679325953753689
confirmation_5,B_arrival,JOINT,6,,,,9.295448197285543,6.815191144504427
confirmation_5,B_arrival,JOINT,7,,,,10.968853421801974,7.951056335255164
confirmation_5,B_arrival,JOINT,8,,,,11.97615360639073,9.086921526005902
confirmation_5,B_arrival,JOINT,9,,,,13.21741921080488,10.22278671675664
confirmation_5,B_arrival,JOINT,10,,,,14.535717564468825,11.358651907507378
confirmation_5,B_arrival,JOINT,11,,,,15.322782742116942,12.494517098258115
confirmation_5,B_arrival,JOINT,12,,,,16.569100221960277,13.630382289008853
confirmation_5,B_arrival,JOINT,13,,,,17.686126217935453,14.766247479759592
confirmation_5,B_arrival,JOINT,14,,,,18.64283145231736,15.902112670510329
confirmation_5,B_arrival,JOINT,15,,,,19.625237889279013,17.037977861261066
confirmation_5,B_arrival,JOINT,16,,,,20.53465506606657,18.173843052011804
confirmation_5,B_arrival,JOINT,17,,,,21.393206271017323,19.309708242762543
confirmation_5,B_arrival,JOINT,18,,,,22.399684535822473,20.44557343351328
confirmation_5,B_arrival,JOINT,19,,,,23.59574413076958,21.581438624264017
confirmation_5,B_arrival,JOINT,20,,,,24.857711464581573,22.717303815014755
confirmation_5,B_arrival,JOINT,21,,,,25.809318851345797,23.853169005765494
confirmation_5,B_arrival,JOINT,22,,,,26.750657828252095,24.98903419651623
confirmation_5,B_arrival,JOINT,23,,,,27.64503415425708,26.124899387266968
confirmation_5,B_arrival,JOINT,24,,,,28.613842749963577,27.260764578017707
confirmation_5,B_arrival,JOINT,25,,,,30.146983762196847,28.396629768768445
confirmation_5,B_arrival,JOINT,26,,,,31.453798717445814,29.532494959519184
confirmation_5,B_arrival,JOINT,27,,,,32.5705085689064,30.66836015026992
confirmation_5,B_arrival,JOINT,28,,,,33.58772191600714,31.804225341020658
confirmation_5,B_arrival,JOINT,29,,,,34.46245348786012,32.940090531771396
confirmation_5,B_arrival,JOINT,30,,,,35.75098242006604,34.07595572252213
confirmation_5,B_arrival,JOINT,31,,,,37.429111245948484,35.211820913272874
confirmation_5,B_arrival,JOINT,32,,,,38.564307713169015,36.34768610402361
confirmation_5,B_arrival,JOINT,33,,,,39.786910675404386,37.483551294774344
confirmation_5,B_arrival,JOINT,34,,,,40.82390225695758,38.619416485525086
confirmation_5,B_arrival,JOINT,35,,,,42.242114707516116,39.75528167627582
confirmation_5,B_arrival,JOINT,36,,,,44.1615413368135,41.442580939198955
confirmation_5,B_arrival,JOINT,37,,,,46.06477114979894,43.24459494333428
confirmation_5,B_arrival,JOINT,38,,,,48.04111380327978,45.06829695209846
confirmation_5,B_arrival,JOINT,39,,,,49.68378564287855,46.891998960862644
confirmation_5,B_arrival,JOINT,40,,,,51.790442663960036,48.68954454874989
confirmation_5,B_arrival,JOINT,41,,,,54.00568995349947,50.490914717435146
confirmation_5,B_arrival,JOINT,42,,,,55.85496187489817,52.31079214540133
confirmation_5,B_arrival,JOINT,43,,,,57.78629744984025,54.13449415416551
confirmation_5,B_arrival,JOINT,44,,,,59.33712473059952,55.95819616308801
confirmation_5,B_arrival,JOINT,45,,,,60.91858900420332,57.749269169135104
confirmation_5,B_arrival,JOINT,46,,,,62.92775215914629,59.553287339020834
confirmation_5,B_arrival,JOINT,47,,,,65.25733261649336,61.37698934778502
confirmation_5,B_arrival,JOINT,48,,,,67.27053582777988,63.2006913565492
confirmation_5,B_arrival,JOINT,49,,,,68.94212309822187,65.00762362067674
confirmation_5,B_arrival,JOINT,50,,,,70.48010991500816,66.7976029473713
confirmation_5,B_arrival,JOINT,51,,,,72.18486839431976,68.61948454108789
confirmation_5,B_arrival,JOINT,52,,,,73.7465406801186,70.44318654985207
confirmation_5,B_arrival,JOINT,53,,,,75.14832259628862,72.26597807221839
confirmation_5,B_arrival,JOINT,54,,,,76.44476609127855,74.05595739891294
confirmation_5,B_arrival,JOINT,55,,,,77.88985119085855,75.8619797347074
confirmation_5,B_arrival,JOINT,56,,,,79.09743678885842,77.68568174362989
confirmation_5,B_arrival,JOINT,57,,,,80.50297843422986,79.5093837525524
confirmation_5,B_arrival,JOINT,58,,,,82.25974255530315,81.31431185108785
confirmation_5,B_arrival,JOINT,59,,,,83.87790526582413,83.10447492848522
confirmation_5,B_arrival,JOINT,60,,,,85.36069080135348,84.92817693724939
confirmation_5,B_arrival,JOINT,61,,,,86.96596110585736,86.75187894601358
confirmation_5,B_arrival,JOINT,62,,,,88.72485198653715,88.5726663026295
confirmation_5,B_arrival,JOINT,63,,,,90.24076091335857,90.37312654266502
confirmation_5,B_arrival,JOINT,64,,,,91.58949821748357,92.17067213071059
confirmation_5,B_arrival,JOINT,65,,,,94.04917005821042,93.99437413963308
confirmation_5,B_arrival,JOINT,66,,,,97.9368293548958,95.81807614855558
confirmation_5,B_arrival,JOINT,67,,,,100.62783737741493,97.62100008149896
confirmation_5,B_arrival,JOINT,68,,,,102.90896365978911,99.43932374568197
confirmation_5,B_arrival,JOINT,69,,,,104.77993320102168,101.26302575460447
confirmation_5,B_arrival,JOINT,70,,,,107.39900799696782,103.11288418424559
confirmation_5,B_arrival,JOINT,71,,,,109.56900200976025,104.96274261388669
confirmation_5,B_arrival,JOINT,72,,,,111.49171956201877,106.81260104352782
confirmation_5,B_arrival,JOINT,73,,,,113.09015611797622,108.63417328513303
confirmation_5,B_arrival,JOINT,74,,,,114.39504773214053,109.77003847588377
confirmation_5,B_arrival,JOINT,75,,,,115.57482224957973,110.9059036666345
confirmation_5,B_arrival,JOINT,76,,,,116.84008211613497,112.04176885738524
confirmation_5,B_arrival,JOINT,77,,,,118.65456849011233,113.17763404813597
confirmation_5,B_arrival,JOINT,78,,,,120.14060924827022,114.31349923888672
confirmation_5,B_arrival,JOINT,79,,,,122.71635586927363,115.44936442963746
confirmation_5,B_arrival,JOINT,80,,,,124.30981987757653,116.58522962038819
confirmation_5,B_arrival,JOINT,81,,,,125.7523991203824,117.72109481113893
confirmation_5,B_arrival,JOINT,82,,,,127.01281477905883,118.85696000188966
confirmation_5,B_arrival,JOINT,83,,,,128.17134850526776,119.99282519264041
confirmation_5,B_arrival,JOINT,84,,,,129.23306390618677,121.12869038339115
confirmation_5,B_arrival,JOINT,85,,,,130.36237149629187,122.26455557414188
confirmation_5,B_arrival,JOINT,86,,,,131.457599654422,123.40042076489262
confirmation_5,B_arrival,JOINT,87,,,,132.90386459471102,124.53628595564335
confirmation_5,B_arrival,JOINT,88,,,,134.9638111883585,125.67215114639409
confirmation_5,B_arrival,JOINT,89,,,,136.90424326504112,126.80801633714484
confirmation_5,B_arrival,JOINT,90,,,,138.89399983041108,127.94388152789557
confirmation_5,B_arrival,JOINT,91,,,,141.3321928123652,129.0797467186463
confirmation_5,B_arrival,JOINT,92,,,,144.67031646939407,130.21561190939704
confirmation_5,B_arrival,JOINT,93,,,,147.839508809506,131.35147710014778
confirmation_5,B_arrival,JOINT,94,,,,151.1662693576607,132.4873422908985
confirmation_5,B_arrival,JOINT,95,,,,154.4791890615068,133.62320748164925
confirmation_5,B_arrival,JOINT,96,,,,157.6396229661124,134.75907267239998
confirmation_5,B_arrival,JOINT,97,,,,160.55453642994345,135.89493786315072
confirmation_5,B_arrival,JOINT,98,,,,162.6296839175076,137.03080305390145
confirmation_5,B_arrival,JOINT,99,,,,164.81983535006862,138.16666824465221
confirmation_5,B_arrival,JOINT,100,,,,167.5682309147541,139.30253343540295
confirmation_5,B_arrival,JOINT,101,,,,171.57508045692225,140.43839862615368
confirmation_5,B_arrival,JOINT,102,,,,174.3669132674803,141.57426381690442
confirmation_5,B_arrival,JOINT,103,,,,175.77162626978603,142.71012900765515
confirmation_5,B_arrival,JOINT,104,,,,177.19542087161003,143.8459941984059
confirmation_5,B_arrival,JOINT,105,,,,178.38285494157174,144.98185938915663
confirmation_5,B_arrival,JOINT,106,,,,180.01167851474807,146.11772457990736
confirmation_5,B_arrival,JOINT,107,,,,181.54726032454226,147.2535897706581
confirmation_5,B_arrival,JOINT,108,,,,183.09145714050518,148.38945496140883
confirmation_5,B_arrival,JOINT,109,,,,185.0362170713737,149.52532015215957
confirmation_5,B_arrival,JOINT,110,,,,186.19063546832115,150.66118534291033
confirmation_5,B_arrival,JOINT,111,,,,187.7176281366631,151.79705053366106
confirmation_5,B_arrival,JOINT,112,,,,189.01831696371525,152.9329157244118
confirmation_5,B_arrival,JOINT,113,,,,190.0511012127374,154.06878091516253
confirmation_5,B_arrival,JOINT,114,,,,191.56092704838758,155.20464610591327
confirmation_5,B_arrival,JOINT,115,,,,192.53923105995284,156.340511296664
confirmation_5,B_arrival,JOINT,116,,,,193.26740365876378,157.47637648741474
confirmation_5,B_arrival,JOINT,117,,,,194.18998484024308,158.61224167816547
confirmation_5,B_arrival,JOINT,118,,,,195.48876787195096,159.7481068689162
confirmation_5,B_arrival,JOINT,119,,,,196.74761008780195,160.88397205966695
confirmation_5,B_arrival,JOINT,120,,,,197.71272744433338,162.01983725041768
sustained_0,A_conditional,FROZEN,36.615546554,29.1,29.26549020395317,0.16549020395316916,,
sustained_0,A_conditional,FROZEN,39.185546554,29.1,29.52976567767725,0.42976567767724916,,
sustained_0,A_conditional,FROZEN,41.760546554,29.1,29.752930730026474,0.6529307300264726,,
sustained_0,A_conditional,FROZEN,44.500546554,30.3,29.975844706019508,-0.3241552939804926,,
sustained_0,A_conditional,FROZEN,47.050546554,30.3,30.16637580183176,-0.133624198168242,,
sustained_0,A_conditional,FROZEN,49.620546554,30.3,30.336694038385914,0.036694038385913785,,
sustained_0,A_conditional,FROZEN,52.200546554,30.3,30.473423626316457,0.17342362631645614,,
sustained_0,A_conditional,FROZEN,54.990546554,31.0,30.627619079177855,-0.37238092082214536,,
sustained_0,A_conditional,FROZEN,57.510546554,31.0,30.747359352495092,-0.2526406475049079,,
sustained_0,A_conditional,FROZEN,60.105546554,31.0,30.85606375594822,-0.14393624405177974,,
sustained_0,A_conditional,FROZEN,62.675546554,31.0,30.94287832144248,-0.057121678557521705,,
sustained_0,A_conditional,FROZEN,65.570546554,31.2,31.049507798795727,-0.15049220120427265,,
sustained_0,A_conditional,FROZEN,68.165546554,31.2,31.122571013706626,-0.07742898629337347,,
sustained_0,A_conditional,FROZEN,70.715546554,31.2,31.1892324825745,-0.010767517425499307,,
sustained_0,A_conditional,FROZEN,73.290546554,31.5,31.25687714033015,-0.2431228596698496,,
sustained_0,A_conditional,FROZEN,76.110546554,31.5,31.322126673245304,-0.17787332675469614,,
sustained_0,A_conditional,FROZEN,78.760546554,31.5,31.36747293491938,-0.13252706508061962,,
sustained_0,A_conditional,FROZEN,81.260546554,31.5,31.413784922654532,-0.08621507734546796,,
sustained_0,A_conditional,FROZEN,83.840546554,31.6,31.459860752596743,-0.14013924740325834,,
sustained_0,A_conditional,FROZEN,86.665546554,31.6,31.48992395154812,-0.11007604845188013,,
sustained_0,A_conditional,FROZEN,89.325546554,31.6,31.52886831706016,-0.07113168293984273,,
sustained_0,A_conditional,FROZEN,91.975546554,31.6,31.56241668315877,-0.03758331684123206,,
sustained_0,A_conditional,FROZEN,94.635546554,31.7,31.57960754228187,-0.12039245771812901,,
sustained_0,A_conditional,FROZEN,97.020546554,31.7,31.601859098238585,-0.09814090176141477,,
sustained_0,A_conditional,FROZEN,99.630546554,31.7,31.626779850800997,-0.07322014919900255,,
sustained_0,A_conditional,FROZEN,102.295546554,31.7,31.654074992173427,-0.04592500782657183,,
sustained_0,A_conditional,FROZEN,104.890546554,31.9,31.669096633795945,-0.23090336620405338,,
sustained_0,A_conditional,FROZEN,107.365546554,31.9,31.678064803128365,-0.22193519687163388,,
sustained_0,A_conditional,FROZEN,109.975546554,31.9,31.68938033743343,-0.21061966256656817,,
sustained_0,A_conditional,FROZEN,112.705546554,31.9,31.653166872361037,-0.24683312763896126,,
sustained_0,A_conditional,FROZEN,115.410546554,31.8,31.42118733396577,-0.37881266603423214,,
sustained_0,A_conditional,FROZEN,117.910546554,31.8,31.23113483080756,-0.568865169192442,,
sustained_0,A_conditional,FROZEN,120.625546554,31.8,31.04818785117025,-0.7518121488297496,,
sustained_0,A_conditional,FROZEN,123.320546554,30.5,30.88796903360944,0.3879690336094406,,
sustained_0,A_conditional,FROZEN,126.015546554,30.5,30.746551701366457,0.24655170136645665,,
sustained_0,A_conditional,FROZEN,128.610546554,30.5,30.626092488661346,0.12609248866134593,,
sustained_0,A_conditional,FROZEN,131.260546554,30.5,30.517155363340493,0.017155363340492613,,
sustained_0,A_conditional,FROZEN,133.615546554,30.0,30.430960784547725,0.43096078454772524,,
sustained_0,A_conditional,FROZEN,136.335546554,30.0,30.342443978912105,0.34244397891210454,,
sustained_0,A_conditional,FROZEN,138.895546554,30.0,30.268742149361227,0.268742149361227,,
sustained_0,A_conditional,FROZEN,141.590546554,30.0,30.200055468716787,0.20005546871678703,,
sustained_0,A_conditional,FROZEN,144.235546554,29.9,30.140502806310867,0.24050280631086807,,
sustained_0,A_conditional,FROZEN,146.900546554,29.9,30.087459400376517,0.1874594003765182,,
sustained_0,A_conditional,FROZEN,149.405546554,29.9,30.043245769799718,0.14324576979971937,,
sustained_0,A_conditional,FROZEN,152.105546554,29.9,30.001015423967825,0.10101542396782648,,
sustained_0,A_conditional,FROZEN,154.810546554,29.8,29.963702333384617,0.1637023333846166,,
sustained_0,A_conditional,FROZEN,157.280546554,29.8,29.933497586383616,0.13349758638361564,,
sustained_0,A_conditional,FROZEN,159.920546554,29.8,29.904830596160856,0.10483059616085555,,
sustained_0,A_conditional,FROZEN,162.280546554,29.8,29.882022404004417,0.08202240400441596,,
sustained_0,A_conditional,FROZEN,165.010546554,29.8,29.858583493853164,0.058583493853163304,,
sustained_0,A_conditional,FROZEN,167.680546554,29.8,29.838370350228082,0.03837035022808166,,
sustained_0,A_conditional,FROZEN,170.235546554,29.8,29.821246787293383,0.02124678729338214,,
sustained_0,A_conditional,FROZEN,172.945546554,29.8,29.805181970244274,0.005181970244272804,,
sustained_0,A_conditional,FROZEN,175.590546554,29.8,29.791344765991166,-0.008655234008834611,,
sustained_0,A_conditional,FROZEN,178.245546554,29.8,29.779071907147717,-0.020928092852283697,,
sustained_0,A_conditional,FROZEN,0,,,,0.0,0.0
sustained_0,A_conditional,FROZEN,1,,,,1.205340957410171,1.1130464243458211
sustained_0,A_conditional,FROZEN,2,,,,2.0917423997217246,2.2260928486916423
sustained_0,A_conditional,FROZEN,3,,,,2.982792908373154,3.339139273037463
sustained_0,A_conditional,FROZEN,4,,,,3.9613125133814515,4.4521856973832845
sustained_0,A_conditional,FROZEN,5,,,,4.835939218846537,5.565232121729106
sustained_0,A_conditional,FROZEN,6,,,,5.853066687643175,6.678278546074926
sustained_0,A_conditional,FROZEN,7,,,,6.855774862343555,7.791324970420748
sustained_0,A_conditional,FROZEN,8,,,,8.401608548911181,8.904371394766569
sustained_0,A_conditional,FROZEN,9,,,,9.88460825995169,10.01741781911239
sustained_0,A_conditional,FROZEN,10,,,,11.02959856730126,11.130464243458212
sustained_0,A_conditional,FROZEN,11,,,,12.052964762335641,12.243510667804033
sustained_0,A_conditional,FROZEN,12,,,,13.025772068237575,13.356557092149853
sustained_0,A_conditional,FROZEN,13,,,,14.330898585348567,14.469603516495674
sustained_0,A_conditional,FROZEN,14,,,,15.472102079986527,15.582649940841495
sustained_0,A_conditional,FROZEN,15,,,,16.821737132216217,16.695696365187317
sustained_0,A_conditional,FROZEN,16,,,,17.777243357177415,17.808742789533138
sustained_0,A_conditional,FROZEN,17,,,,19.02307677148724,18.92178921387896
sustained_0,A_conditional,FROZEN,18,,,,20.268658190030102,20.03483563822478
sustained_0,A_conditional,FROZEN,19,,,,21.358825443349097,21.147882062570602
sustained_0,A_conditional,FROZEN,20,,,,22.414482214828666,22.260928486916423
sustained_0,A_conditional,FROZEN,21,,,,24.3015691418921,23.373974911262245
sustained_0,A_conditional,FROZEN,22,,,,25.808474063394407,24.487021335608066
sustained_0,A_conditional,FROZEN,23,,,,26.78570067988543,25.600067759953888
sustained_0,A_conditional,FROZEN,24,,,,27.753479078687594,26.713114184299705
sustained_0,A_conditional,FROZEN,25,,,,28.75278495300257,27.826160608645527
sustained_0,A_conditional,FROZEN,26,,,,29.80776244172454,28.939207032991348
sustained_0,A_conditional,FROZEN,27,,,,30.824700526709204,30.05225345733717
sustained_0,A_conditional,FROZEN,28,,,,32.04705786007681,31.16529988168299
sustained_0,A_conditional,FROZEN,29,,,,33.235517293347954,32.278346306028816
sustained_0,A_conditional,FROZEN,30,,,,34.238930790653235,33.39139273037463
sustained_0,A_conditional,FROZEN,31,,,,35.35236438385949,34.50443915472046
sustained_0,A_conditional,FROZEN,32,,,,36.45898876546246,35.617485579066276
sustained_0,A_conditional,FROZEN,33,,,,37.864921847247885,36.730532003412094
sustained_0,A_conditional,FROZEN,34,,,,39.059889294199884,37.84357842775792
sustained_0,A_conditional,FROZEN,35,,,,40.77145960449361,38.95662485210374
sustained_0,A_conditional,FROZEN,36,,,,42.68908824393354,40.584465188264225
sustained_0,A_conditional,FROZEN,37,,,,44.447915756310195,42.36081797198492
sustained_0,A_conditional,FROZEN,38,,,,46.18120447157602,44.15660520985957
sustained_0,A_conditional,FROZEN,39,,,,47.73327691950774,45.95044167870613
sustained_0,A_conditional,FROZEN,40,,,,49.29693086988008,47.73246344690643
sustained_0,A_conditional,FROZEN,41,,,,51.64203344187571,49.51063887440127
sustained_0,A_conditional,FROZEN,42,,,,53.63002490816328,51.30670483769287
sustained_0,A_conditional,FROZEN,43,,,,55.179133375364,53.105038184896564
sustained_0,A_conditional,FROZEN,44,,,,56.89867298444632,54.90464281322647
sustained_0,A_conditional,FROZEN,45,,,,58.65551905010832,56.663466179335025
sustained_0,A_conditional,FROZEN,46,,,,60.12308952936139,58.4603197538758
sustained_0,A_conditional,FROZEN,47,,,,61.75806738484048,60.26086197276378
sustained_0,A_conditional,FROZEN,48,,,,63.870661081507556,62.05921861578946
sustained_0,A_conditional,FROZEN,49,,,,65.30205813588194,63.81410719016782
sustained_0,A_conditional,FROZEN,50,,,,67.1007790465298,65.60919575645535
sustained_0,A_conditional,FROZEN,51,,,,68.62498836168567,67.40652646839538
sustained_0,A_conditional,FROZEN,52,,,,70.06349003038022,69.20076924776293
sustained_0,A_conditional,FROZEN,53,,,,71.56450344913266,70.96281574893729
sustained_0,A_conditional,FROZEN,54,,,,73.06476448106166,72.74747761716526
sustained_0,A_conditional,FROZEN,55,,,,75.14736290672253,74.54006984158157
sustained_0,A_conditional,FROZEN,56,,,,76.96724755600685,76.33455131500523
sustained_0,A_conditional,FROZEN,57,,,,78.99995814374583,78.11036756576766
sustained_0,A_conditional,FROZEN,58,,,,80.42956936942443,79.9062974436465
sustained_0,A_conditional,FROZEN,59,,,,81.92188861380382,81.69727336122249
sustained_0,A_conditional,FROZEN,60,,,,83.36858789917751,83.4920672738283
sustained_0,A_conditional,FROZEN,61,,,,85.36969375298501,85.27039602484766
sustained_0,A_conditional,FROZEN,62,,,,87.40348413426207,87.06720331464707
sustained_0,A_conditional,FROZEN,63,,,,89.3718338189181,88.86573688449546
sustained_0,A_conditional,FROZEN,64,,,,91.57072799429847,90.66570264210593
sustained_0,A_conditional,FROZEN,65,,,,93.25326153814936,92.4340101819968
sustained_0,A_conditional,FROZEN,66,,,,94.80535051079725,94.23059143390381
sustained_0,A_conditional,FROZEN,67,,,,96.51037103049539,96.02981174426098
sustained_0,A_conditional,FROZEN,68,,,,99.03239599467037,97.83144083993722
sustained_0,A_conditional,FROZEN,69,,,,101.30971784905256,99.60296853769054
sustained_0,A_conditional,FROZEN,70,,,,103.60679188087988,101.39257480415928
sustained_0,A_conditional,FROZEN,71,,,,105.92309284541761,103.19089205953249
sustained_0,A_conditional,FROZEN,72,,,,107.76398233587592,104.97529487991889
sustained_0,A_conditional,FROZEN,73,,,,109.27813598061189,106.75139855235102
sustained_0,A_conditional,FROZEN,74,,,,110.9141525782356,108.54089483675519
sustained_0,A_conditional,FROZEN,75,,,,113.22181811488653,110.33615219296186
sustained_0,A_conditional,FROZEN,76,,,,115.55354488784091,112.12648831961297
sustained_0,A_conditional,FROZEN,77,,,,117.61309887404447,113.90394969321383
sustained_0,A_conditional,FROZEN,78,,,,119.15907308408484,115.69809839999708
sustained_0,A_conditional,FROZEN,79,,,,120.72740305977777,117.4945078526443
sustained_0,A_conditional,FROZEN,80,,,,122.15712712125904,119.29270378934356
sustained_0,A_conditional,FROZEN,81,,,,123.658520845225,121.05222643355867
sustained_0,A_conditional,FROZEN,82,,,,125.21967369295311,122.84166503412132
sustained_0,A_conditional,FROZEN,83,,,,126.94695511598083,124.64255832539827
sustained_0,A_conditional,FROZEN,84,,,,129.30536067613082,126.44281540337727
sustained_0,A_conditional,FROZEN,85,,,,131.05162232281302,128.21294926049893
sustained_0,A_conditional,FROZEN,86,,,,132.74086258532895,130.0068804503851
sustained_0,A_conditional,FROZEN,87,,,,134.83509808590304,131.7970605357474
sustained_0,A_conditional,FROZEN,88,,,,136.72017677989945,133.57990436109708
sustained_0,A_conditional,FROZEN,89,,,,138.84305844644302,135.3457020192582
sustained_0,A_conditional,FROZEN,90,,,,140.49103265331294,137.13447650787427
sustained_0,A_conditional,FROZEN,91,,,,141.97344243590928,138.92716561844196
sustained_0,A_conditional,FROZEN,92,,,,143.9966506441255,140.7260461298534
sustained_0,A_conditional,FROZEN,93,,,,145.66332879747205,142.50621529223596
sustained_0,A_conditional,FROZEN,94,,,,147.22555313640447,144.30314982242655
sustained_0,A_conditional,FROZEN,95,,,,148.8933856879616,146.10581089360954
sustained_0,A_conditional,FROZEN,96,,,,151.00258777795804,147.89016202067592
sustained_0,A_conditional,FROZEN,97,,,,152.60919774753881,149.67007165696563
sustained_0,A_conditional,FROZEN,98,,,,154.04731357230816,151.46292133579738
sustained_0,A_conditional,FROZEN,99,,,,156.44598805304733,153.24976740031724
sustained_0,A_conditional,FROZEN,100,,,,158.53395805800739,155.04456177895287
sustained_0,A_conditional,FROZEN,101,,,,160.13255442374106,156.81447744416636
sustained_0,A_conditional,FROZEN,102,,,,162.23573633388966,158.61017019204286
sustained_0,A_conditional,FROZEN,103,,,,164.53753293659489,160.38726275945842
sustained_0,A_conditional,FROZEN,104,,,,166.12284224352004,162.18600468690443
sustained_0,A_conditional,FROZEN,105,,,,167.72020073751608,163.96501446727444
sustained_0,A_conditional,FROZEN,106,,,,169.78103468411018,165.74868083204115
sustained_0,A_conditional,FROZEN,107,,,,172.35793975185504,167.5493212894819
sustained_0,A_conditional,FROZEN,108,,,,174.24864413475063,169.3508156876636
sustained_0,A_conditional,FROZEN,109,,,,176.24904075768376,171.10265734155453
sustained_0,A_conditional,FROZEN,110,,,,178.00893442484693,172.89656575248452
sustained_0,A_conditional,FROZEN,111,,,,179.54247823753064,174.69718416323394
sustained_0,A_conditional,FROZEN,112,,,,180.9683764327286,176.50003322422862
sustained_0,A_conditional,FROZEN,113,,,,181.94904581173247,177.6420056346321
sustained_0,A_conditional,FROZEN,114,,,,182.8267537012633,178.75505205897792
sustained_0,A_conditional,FROZEN,115,,,,184.1519975080094,179.86809848332373
sustained_0,A_conditional,FROZEN,116,,,,185.63839054377632,180.98114490766957
sustained_0,A_conditional,FROZEN,117,,,,186.6210331685878,182.09419133201538
sustained_0,A_conditional,FROZEN,118,,,,187.59647135993544,183.2072377563612
sustained_0,A_conditional,FROZEN,119,,,,189.11161925100294,184.32028418070703
sustained_0,A_conditional,FROZEN,120,,,,190.93044370931625,185.43333060505284
sustained_0,A_conditional,JOINT,36.615546554,29.1,29.277749246970625,0.1777492469706239,,
sustained_0,A_conditional,JOINT,39.185546554,29.1,29.56479887414835,0.4647988741483502,,
sustained_0,A_conditional,JOINT,41.760546554,29.1,29.796115068498,0.6961150684979991,,
sustained_0,A_conditional,JOINT,44.500546554,30.3,30.01970662433569,-0.2802933756643107,,
sustained_0,A_conditional,JOINT,47.050546554,30.3,30.20452981366027,-0.09547018633973181,,
sustained_0,A_conditional,JOINT,49.620546554,30.3,30.36324096168679,0.06324096168679105,,
sustained_0,A_conditional,JOINT,52.200546554,30.3,30.481175576692333,0.18117557669233264,,
sustained_0,A_conditional,JOINT,54.990546554,31.0,30.616352526257085,-0.38364747374291497,,
sustained_0,A_conditional,JOINT,57.510546554,31.0,30.716006403652486,-0.2839935963475142,,
sustained_0,A_conditional,JOINT,60.105546554,31.0,30.802436674829533,-0.19756332517046715,,
sustained_0,A_conditional,JOINT,62.675546554,31.0,30.864810267069217,-0.13518973293078318,,
sustained_0,A_conditional,JOINT,65.570546554,31.2,30.947697393917466,-0.25230260608253374,,
sustained_0,A_conditional,JOINT,68.165546554,31.2,30.99731772080872,-0.20268227919127924,,
sustained_0,A_conditional,JOINT,70.715546554,31.2,31.041932220855195,-0.15806777914480463,,
sustained_0,A_conditional,JOINT,73.290546554,31.5,31.089400599724215,-0.41059940027578534,,
sustained_0,A_conditional,JOINT,76.110546554,31.5,31.133177709718847,-0.3668222902811529,,
sustained_0,A_conditional,JOINT,78.760546554,31.5,31.157537429425126,-0.34246257057487384,,
sustained_0,A_conditional,JOINT,81.260546554,31.5,31.186626184045675,-0.3133738159543249,,
sustained_0,A_conditional,JOINT,83.840546554,31.6,31.216444243913315,-0.383555756086686,,
sustained_0,A_conditional,JOINT,86.665546554,31.6,31.226967668477123,-0.37303233152287874,,
sustained_0,A_conditional,JOINT,89.325546554,31.6,31.25147478574576,-0.34852521425424143,,
sustained_0,A_conditional,JOINT,91.975546554,31.6,31.271412335939317,-0.3285876640606844,,
sustained_0,A_conditional,JOINT,94.635546554,31.7,31.2734314577402,-0.42656854225979757,,
sustained_0,A_conditional,JOINT,97.020546554,31.7,31.284609062921646,-0.41539093707835306,,
sustained_0,A_conditional,JOINT,99.630546554,31.7,31.29881560173156,-0.40118439826843755,,
sustained_0,A_conditional,JOINT,102.295546554,31.7,31.316854221560696,-0.3831457784393031,,
sustained_0,A_conditional,JOINT,104.890546554,31.9,31.32191625294057,-0.5780837470594271,,
sustained_0,A_conditional,JOINT,107.365546554,31.9,31.321361960804186,-0.5786380391958126,,
sustained_0,A_conditional,JOINT,109.975546554,31.9,31.323995669584015,-0.5760043304159836,,
sustained_0,A_conditional,JOINT,112.705546554,31.9,31.271001056422502,-0.6289989435774963,,
sustained_0,A_conditional,JOINT,115.410546554,31.8,30.99421524263175,-0.8057847573682508,,
sustained_0,A_conditional,JOINT,117.910546554,31.8,30.775590446787533,-1.0244095532124682,,
sustained_0,A_conditional,JOINT,120.625546554,31.8,30.572679292493874,-1.2273207075061272,,
sustained_0,A_conditional,JOINT,123.320546554,30.5,30.401592875704246,-0.09840712429575404,,
sustained_0,A_conditional,JOINT,126.015546554,30.5,30.256187022431273,-0.24381297756872655,,
sustained_0,A_conditional,JOINT,128.610546554,30.5,30.13684922147767,-0.36315077852232847,,
sustained_0,A_conditional,JOINT,131.260546554,30.5,30.032827975284352,-0.4671720247156479,,
sustained_0,A_conditional,JOINT,133.615546554,30.0,29.953375377311797,-0.04662462268820278,,
sustained_0,A_conditional,JOINT,136.335546554,30.0,29.87463442952914,-0.1253655704708585,,
sustained_0,A_conditional,JOINT,138.895546554,30.0,29.81146797535065,-0.18853202464935137,,
sustained_0,A_conditional,JOINT,141.590546554,30.0,29.754737466941336,-0.2452625330586642,,
sustained_0,A_conditional,JOINT,144.235546554,29.9,29.707370425838885,-0.19262957416111348,,
sustained_0,A_conditional,JOINT,146.900546554,29.9,29.666733673831548,-0.2332663261684509,,
sustained_0,A_conditional,JOINT,149.405546554,29.9,29.634079517171664,-0.265920482828335,,
sustained_0,A_conditional,JOINT,152.105546554,29.9,29.604017359212907,-0.29598264078709136,,
sustained_0,A_conditional,JOINT,154.810546554,29.8,29.578455104814818,-0.2215448951851826,,
sustained_0,A_conditional,JOINT,157.280546554,29.8,29.558511659904035,-0.24148834009596598,,
sustained_0,A_conditional,JOINT,159.920546554,29.8,29.540259260756038,-0.2597407392439628,,
sustained_0,A_conditional,JOINT,162.280546554,29.8,29.526247726007753,-0.27375227399224755,,
sustained_0,A_conditional,JOINT,165.010546554,29.8,29.512362187727973,-0.28763781227202756,,
sustained_0,A_conditional,JOINT,167.680546554,29.8,29.500843068129804,-0.299156931870197,,
sustained_0,A_conditional,JOINT,170.235546554,29.8,29.49144523326629,-0.3085547667337103,,
sustained_0,A_conditional,JOINT,172.945546554,29.8,29.48295699261661,-0.31704300738338986,,
sustained_0,A_conditional,JOINT,175.590546554,29.8,29.475924289767857,-0.3240757102321439,,
sustained_0,A_conditional,JOINT,178.245546554,29.8,29.469922665868978,-0.3300773341310226,,
sustained_0,A_conditional,JOINT,0,,,,0.0,0.0
sustained_0,A_conditional,JOINT,1,,,,1.205340957410171,1.1130464243458211
sustained_0,A_conditional,JOINT,2,,,,2.0917423997217246,2.2260928486916423
sustained_0,A_conditional,JOINT,3,,,,2.982792908373154,3.339139273037463
sustained_0,A_conditional,JOINT,4,,,,3.9613125133814515,4.4521856973832845
sustained_0,A_conditional,JOINT,5,,,,4.835939218846537,5.565232121729106
sustained_0,A_conditional,JOINT,6,,,,5.853066687643175,6.678278546074926
sustained_0,A_conditional,JOINT,7,,,,6.855774862343555,7.791324970420748
sustained_0,A_conditional,JOINT,8,,,,8.401608548911181,8.904371394766569
sustained_0,A_conditional,JOINT,9,,,,9.88460825995169,10.01741781911239
sustained_0,A_conditional,JOINT,10,,,,11.02959856730126,11.130464243458212
sustained_0,A_conditional,JOINT,11,,,,12.052964762335641,12.243510667804033
sustained_0,A_conditional,JOINT,12,,,,13.025772068237575,13.356557092149853
sustained_0,A_conditional,JOINT,13,,,,14.330898585348567,14.469603516495674
sustained_0,A_conditional,JOINT,14,,,,15.472102079986527,15.582649940841495
sustained_0,A_conditional,JOINT,15,,,,16.821737132216217,16.695696365187317
sustained_0,A_conditional,JOINT,16,,,,17.777243357177415,17.808742789533138
sustained_0,A_conditional,JOINT,17,,,,19.02307677148724,18.92178921387896
sustained_0,A_conditional,JOINT,18,,,,20.268658190030102,20.03483563822478
sustained_0,A_conditional,JOINT,19,,,,21.358825443349097,21.147882062570602
sustained_0,A_conditional,JOINT,20,,,,22.414482214828666,22.260928486916423
sustained_0,A_conditional,JOINT,21,,,,24.3015691418921,23.373974911262245
sustained_0,A_conditional,JOINT,22,,,,25.808474063394407,24.487021335608066
sustained_0,A_conditional,JOINT,23,,,,26.78570067988543,25.600067759953888
sustained_0,A_conditional,JOINT,24,,,,27.753479078687594,26.713114184299705
sustained_0,A_conditional,JOINT,25,,,,28.75278495300257,27.826160608645527
sustained_0,A_conditional,JOINT,26,,,,29.80776244172454,28.939207032991348
sustained_0,A_conditional,JOINT,27,,,,30.824700526709204,30.05225345733717
sustained_0,A_conditional,JOINT,28,,,,32.04705786007681,31.16529988168299
sustained_0,A_conditional,JOINT,29,,,,33.235517293347954,32.278346306028816
sustained_0,A_conditional,JOINT,30,,,,34.238930790653235,33.39139273037463
sustained_0,A_conditional,JOINT,31,,,,35.35236438385949,34.50443915472046
sustained_0,A_conditional,JOINT,32,,,,36.45898876546246,35.617485579066276
sustained_0,A_conditional,JOINT,33,,,,37.864921847247885,36.730532003412094
sustained_0,A_conditional,JOINT,34,,,,39.059889294199884,37.84357842775792
sustained_0,A_conditional,JOINT,35,,,,40.77145960449361,38.95662485210374
sustained_0,A_conditional,JOINT,36,,,,42.68908824393354,40.58065407849656
sustained_0,A_conditional,JOINT,37,,,,44.447915756310195,42.34820822155514
sustained_0,A_conditional,JOINT,38,,,,46.18120447157602,44.13991362640966
sustained_0,A_conditional,JOINT,39,,,,47.73327691950774,45.93000079230795
sustained_0,A_conditional,JOINT,40,,,,49.29693086988008,47.708362875442674
sustained_0,A_conditional,JOINT,41,,,,51.64203344187571,49.47781799791227
sustained_0,A_conditional,JOINT,42,,,,53.63002490816328,51.26994860851979
sustained_0,A_conditional,JOINT,43,,,,55.179133375364,53.06390665543339
sustained_0,A_conditional,JOINT,44,,,,56.89867298444632,54.859693241046614
sustained_0,A_conditional,JOINT,45,,,,58.65551905010832,56.61005692393617
sustained_0,A_conditional,JOINT,46,,,,60.12308952936139,58.402486093921446
sustained_0,A_conditional,JOINT,47,,,,61.75806738484048,60.19916922227057
sustained_0,A_conditional,JOINT,48,,,,63.870661081507556,61.993652864163984
sustained_0,A_conditional,JOINT,49,,,,65.30205813588194,63.739953277603526
sustained_0,A_conditional,JOINT,50,,,,67.1007790465298,65.53142808977657
sustained_0,A_conditional,JOINT,51,,,,68.62498836168567,67.32471260804488
sustained_0,A_conditional,JOINT,52,,,,70.06349003038022,69.11529801126841
sustained_0,A_conditional,JOINT,53,,,,71.56450344913266,70.86879129160421
sustained_0,A_conditional,JOINT,54,,,,73.06476448106166,72.64962376053283
sustained_0,A_conditional,JOINT,55,,,,75.14736290672253,74.43848408384318
sustained_0,A_conditional,JOINT,56,,,,76.96724755600685,76.22896344986357
sustained_0,A_conditional,JOINT,57,,,,78.99995814374583,77.99547994336254
sustained_0,A_conditional,JOINT,58,,,,80.42956936942443,79.78738943924779
sustained_0,A_conditional,JOINT,59,,,,81.92188861380382,81.57454930302276
sustained_0,A_conditional,JOINT,60,,,,83.36858789917751,83.36588030019567
sustained_0,A_conditional,JOINT,61,,,,85.36969375298501,85.13520405356681
sustained_0,A_conditional,JOINT,62,,,,87.40348413426207,86.92766422895403
sustained_0,A_conditional,JOINT,63,,,,89.3718338189181,88.72179173049852
sustained_0,A_conditional,JOINT,64,,,,91.57072799429847,90.51751970764084
sustained_0,A_conditional,JOINT,65,,,,93.25326153814936,92.27714689320467
sustained_0,A_conditional,JOINT,66,,,,94.80535051079725,94.06885906985045
sustained_0,A_conditional,JOINT,67,,,,96.51037103049539,95.86375802836307
sustained_0,A_conditional,JOINT,68,,,,99.03239599467037,97.66165242527921
sustained_0,A_conditional,JOINT,69,,,,101.30971784905256,99.42459878648471
sustained_0,A_conditional,JOINT,70,,,,103.60679188087988,101.21026940304166
sustained_0,A_conditional,JOINT,71,,,,105.92309284541761,103.00480676056542
sustained_0,A_conditional,JOINT,72,,,,107.76398233587592,104.78531773809948
sustained_0,A_conditional,JOINT,73,,,,109.27813598061189,106.55290087399996
sustained_0,A_conditional,JOINT,74,,,,110.9141525782356,108.33859019795554
sustained_0,A_conditional,JOINT,75,,,,113.22181811488653,110.12991755683149
sustained_0,A_conditional,JOINT,76,,,,115.55354488784091,111.91650741295578
sustained_0,A_conditional,JOINT,77,,,,117.61309887404447,113.68530300255483
sustained_0,A_conditional,JOINT,78,,,,119.15907308408484,115.4757440901022
sustained_0,A_conditional,JOINT,79,,,,120.72740305977777,117.26778930072311
sustained_0,A_conditional,JOINT,80,,,,122.15712712125904,119.0619833193378
sustained_0,A_conditional,JOINT,81,,,,123.658520845225,120.81307608170218
sustained_0,A_conditional,JOINT,82,,,,125.21967369295311,122.59876297035444
sustained_0,A_conditional,JOINT,83,,,,126.94695511598083,124.39571984043155
sustained_0,A_conditional,JOINT,84,,,,129.30536067613082,126.19182222088776
sustained_0,A_conditional,JOINT,85,,,,131.05162232281302,127.95340497151591
sustained_0,A_conditional,JOINT,86,,,,132.74086258532895,129.74305862496396
sustained_0,A_conditional,JOINT,87,,,,134.83509808590304,131.5295446512867
sustained_0,A_conditional,JOINT,88,,,,136.72017677989945,133.3086167772213
sustained_0,A_conditional,JOINT,89,,,,138.84305844644302,135.0657011266556
sustained_0,A_conditional,JOINT,90,,,,140.49103265331294,136.85035180531835
sustained_0,A_conditional,JOINT,91,,,,141.97344243590928,138.63909192259737
sustained_0,A_conditional,JOINT,92,,,,143.9966506441255,140.4334846121244
sustained_0,A_conditional,JOINT,93,,,,145.66332879747205,142.20526716237953
sustained_0,A_conditional,JOINT,94,,,,147.22555313640447,143.99767719101976
sustained_0,A_conditional,JOINT,95,,,,148.8933856879616,145.79658024647995
sustained_0,A_conditional,JOINT,96,,,,151.00258777795804,147.57692597352522
sustained_0,A_conditional,JOINT,97,,,,152.60919774753881,149.34836695829688
sustained_0,A_conditional,JOINT,98,,,,154.04731357230816,151.13702146607648
sustained_0,A_conditional,JOINT,99,,,,156.44598805304733,152.92000120604104
sustained_0,A_conditional,JOINT,100,,,,158.53395805800739,154.71074632308336
sustained_0,A_conditional,JOINT,101,,,,160.13255442374106,156.47168546098038
sustained_0,A_conditional,JOINT,102,,,,162.23573633388966,158.26338348252045
sustained_0,A_conditional,JOINT,103,,,,164.53753293659489,160.0369997082424
sustained_0,A_conditional,JOINT,104,,,,166.12284224352004,161.83128477432797
sustained_0,A_conditional,JOINT,105,,,,167.72020073751608,163.6017307371917
sustained_0,A_conditional,JOINT,106,,,,169.78103468411018,165.3814773756489
sustained_0,A_conditional,JOINT,107,,,,172.35793975185504,167.17810784229806
sustained_0,A_conditional,JOINT,108,,,,174.24864413475063,168.97571732281898
sustained_0,A_conditional,JOINT,109,,,,176.24904075768376,170.71888829076775
sustained_0,A_conditional,JOINT,110,,,,178.00893442484693,172.50826226626134
sustained_0,A_conditional,JOINT,111,,,,179.54247823753064,174.304807594687
sustained_0,A_conditional,JOINT,112,,,,180.9683764327286,176.10409544226485
sustained_0,A_conditional,JOINT,113,,,,181.94904581173247,177.246111158396
sustained_0,A_conditional,JOINT,114,,,,182.8267537012633,178.3591575827418
sustained_0,A_conditional,JOINT,115,,,,184.1519975080094,179.4722040070876
sustained_0,A_conditional,JOINT,116,,,,185.63839054377632,180.58525043143345
sustained_0,A_conditional,JOINT,117,,,,186.6210331685878,181.69829685577926
sustained_0,A_conditional,JOINT,118,,,,187.59647135993544,182.81134328012507
sustained_0,A_conditional,JOINT,119,,,,189.11161925100294,183.9243897044709
sustained_0,A_conditional,JOINT,120,,,,190.93044370931625,185.03743612881672
sustained_0,B_arrival,FROZEN,36.615546554,29.1,29.265057655552372,0.16505765555237062,,
sustained_0,B_arrival,FROZEN,39.185546554,29.1,29.529045841582192,0.42904584158219095,,
sustained_0,B_arrival,FROZEN,41.760546554,29.1,29.7507682971248,0.6507682971247988,,
sustained_0,B_arrival,FROZEN,44.500546554,30.3,29.976993299194447,-0.3230067008055535,,
sustained_0,B_arrival,FROZEN,47.050546554,30.3,30.165733513006376,-0.1342664869936243,,
sustained_0,B_arrival,FROZEN,49.620546554,30.3,30.33743928985645,0.03743928985645084,,
sustained_0,B_arrival,FROZEN,52.200546554,30.3,30.472090634585474,0.1720906345854729,,
sustained_0,B_arrival,FROZEN,54.990546554,31.0,30.62809501658492,-0.3719049834150816,,
sustained_0,B_arrival,FROZEN,57.510546554,31.0,30.7490740764293,-0.2509259235707013,,
sustained_0,B_arrival,FROZEN,60.105546554,31.0,30.853494313031646,-0.14650568696835364,,
sustained_0,B_arrival,FROZEN,62.675546554,31.0,30.943966151381645,-0.056033848618355364,,
sustained_0,B_arrival,FROZEN,65.570546554,31.2,31.05454824571738,-0.14545175428261814,,
sustained_0,B_arrival,FROZEN,68.165546554,31.2,31.12104827474179,-0.07895172525821081,,
sustained_0,B_arrival,FROZEN,70.715546554,31.2,31.189975689436807,-0.010024310563192529,,
sustained_0,B_arrival,FROZEN,73.290546554,31.5,31.25735225666545,-0.24264774333455108,,
sustained_0,B_arrival,FROZEN,76.110546554,31.5,31.31946720736996,-0.1805327926300393,,
sustained_0,B_arrival,FROZEN,78.760546554,31.5,31.367259471508167,-0.1327405284918335,,
sustained_0,B_arrival,FROZEN,81.260546554,31.5,31.413812776320956,-0.08618722367904397,,
sustained_0,B_arrival,FROZEN,83.840546554,31.6,31.45938346317295,-0.14061653682705,,
sustained_0,B_arrival,FROZEN,86.665546554,31.6,31.489709951868146,-0.11029004813185495,,
sustained_0,B_arrival,FROZEN,89.325546554,31.6,31.53032648743826,-0.06967351256174226,,
sustained_0,B_arrival,FROZEN,91.975546554,31.6,31.567052834163704,-0.03294716583629764,,
sustained_0,B_arrival,FROZEN,94.635546554,31.7,31.58026735722452,-0.11973264277547813,,
sustained_0,B_arrival,FROZEN,97.020546554,31.7,31.60197754174473,-0.09802245825526867,,
sustained_0,B_arrival,FROZEN,99.630546554,31.7,31.629384470463577,-0.07061552953642192,,
sustained_0,B_arrival,FROZEN,102.295546554,31.7,31.656385789547826,-0.04361421045217284,,
sustained_0,B_arrival,FROZEN,104.890546554,31.9,31.671047072177277,-0.22895292782272136,,
sustained_0,B_arrival,FROZEN,107.365546554,31.9,31.679485913602903,-0.22051408639709535,,
sustained_0,B_arrival,FROZEN,109.975546554,31.9,31.69539345657047,-0.20460654342952722,,
sustained_0,B_arrival,FROZEN,112.705546554,31.9,31.653928238070634,-0.24607176192936464,,
sustained_0,B_arrival,FROZEN,115.410546554,31.8,31.421859742665323,-0.37814025733467815,,
sustained_0,B_arrival,FROZEN,117.910546554,31.8,31.231734294277704,-0.5682657057222968,,
sustained_0,B_arrival,FROZEN,120.625546554,31.8,31.04871703096254,-0.7512829690374616,,
sustained_0,B_arrival,FROZEN,123.320546554,30.5,30.888436599417105,0.38843659941710484,,
sustained_0,B_arrival,FROZEN,126.015546554,30.5,30.746964827089858,0.24696482708985812,,
sustained_0,B_arrival,FROZEN,128.610546554,30.5,30.62645919342715,0.12645919342714862,,
sustained_0,B_arrival,FROZEN,131.260546554,30.5,30.517480041980328,0.0174800419803276,,
sustained_0,B_arrival,FROZEN,133.615546554,30.0,30.431252175197884,0.4312521751978835,,
sustained_0,B_arrival,FROZEN,136.335546554,30.0,30.342701146599452,0.3427011465994525,,
sustained_0,B_arrival,FROZEN,138.895546554,30.0,30.268970787620344,0.26897078762034354,,
sustained_0,B_arrival,FROZEN,141.590546554,30.0,30.200257485940128,0.20025748594012782,,
sustained_0,B_arrival,FROZEN,144.235546554,29.9,30.14068171247428,0.24068171247428083,,
sustained_0,B_arrival,FROZEN,146.900546554,29.9,30.087617693935123,0.18761769393512395,,
sustained_0,B_arrival,FROZEN,149.405546554,29.9,30.04338685871714,0.14338685871714318,,
sustained_0,B_arrival,FROZEN,152.105546554,29.9,30.001140056854158,0.10114005685415961,,
sustained_0,B_arrival,FROZEN,154.810546554,29.8,29.963812404321576,0.1638124043215754,,
sustained_0,B_arrival,FROZEN,157.280546554,29.8,29.933595851757357,0.1335958517573559,,
sustained_0,B_arrival,FROZEN,159.920546554,29.8,29.90491763982336,0.10491763982335911,,
sustained_0,B_arrival,FROZEN,162.280546554,29.8,29.882100505492694,0.08210050549269354,,
sustained_0,B_arrival,FROZEN,165.010546554,29.8,29.858652390901153,0.05865239090115182,,
sustained_0,B_arrival,FROZEN,167.680546554,29.8,29.838431295330768,0.03843129533076706,,
sustained_0,B_arrival,FROZEN,170.235546554,29.8,29.82130098377078,0.021300983770778714,,
sustained_0,B_arrival,FROZEN,172.945546554,29.8,29.805229823482186,0.0052298234821854805,,
sustained_0,B_arrival,FROZEN,175.590546554,29.8,29.791387144750068,-0.008612855249932494,,
sustained_0,B_arrival,FROZEN,178.245546554,29.8,29.77910942048107,-0.020890579518930252,,
sustained_0,B_arrival,FROZEN,0,,,,0.0,0.0
sustained_0,B_arrival,FROZEN,1,,,,1.205340957410171,1.1130464243458211
sustained_0,B_arrival,FROZEN,2,,,,2.0917423997217246,2.2260928486916423
sustained_0,B_arrival,FROZEN,3,,,,2.982792908373154,3.339139273037463
sustained_0,B_arrival,FROZEN,4,,,,3.9613125133814515,4.4521856973832845
sustained_0,B_arrival,FROZEN,5,,,,4.835939218846537,5.565232121729106
sustained_0,B_arrival,FROZEN,6,,,,5.853066687643175,6.678278546074926
sustained_0,B_arrival,FROZEN,7,,,,6.855774862343555,7.791324970420748
sustained_0,B_arrival,FROZEN,8,,,,8.401608548911181,8.904371394766569
sustained_0,B_arrival,FROZEN,9,,,,9.88460825995169,10.01741781911239
sustained_0,B_arrival,FROZEN,10,,,,11.02959856730126,11.130464243458212
sustained_0,B_arrival,FROZEN,11,,,,12.052964762335641,12.243510667804033
sustained_0,B_arrival,FROZEN,12,,,,13.025772068237575,13.356557092149853
sustained_0,B_arrival,FROZEN,13,,,,14.330898585348567,14.469603516495674
sustained_0,B_arrival,FROZEN,14,,,,15.472102079986527,15.582649940841495
sustained_0,B_arrival,FROZEN,15,,,,16.821737132216217,16.695696365187317
sustained_0,B_arrival,FROZEN,16,,,,17.777243357177415,17.808742789533138
sustained_0,B_arrival,FROZEN,17,,,,19.02307677148724,18.92178921387896
sustained_0,B_arrival,FROZEN,18,,,,20.268658190030102,20.03483563822478
sustained_0,B_arrival,FROZEN,19,,,,21.358825443349097,21.147882062570602
sustained_0,B_arrival,FROZEN,20,,,,22.414482214828666,22.260928486916423
sustained_0,B_arrival,FROZEN,21,,,,24.3015691418921,23.373974911262245
sustained_0,B_arrival,FROZEN,22,,,,25.808474063394407,24.487021335608066
sustained_0,B_arrival,FROZEN,23,,,,26.78570067988543,25.600067759953888
sustained_0,B_arrival,FROZEN,24,,,,27.753479078687594,26.713114184299705
sustained_0,B_arrival,FROZEN,25,,,,28.75278495300257,27.826160608645527
sustained_0,B_arrival,FROZEN,26,,,,29.80776244172454,28.939207032991348
sustained_0,B_arrival,FROZEN,27,,,,30.824700526709204,30.05225345733717
sustained_0,B_arrival,FROZEN,28,,,,32.04705786007681,31.16529988168299
sustained_0,B_arrival,FROZEN,29,,,,33.235517293347954,32.278346306028816
sustained_0,B_arrival,FROZEN,30,,,,34.238930790653235,33.39139273037463
sustained_0,B_arrival,FROZEN,31,,,,35.35236438385949,34.50443915472046
sustained_0,B_arrival,FROZEN,32,,,,36.45898876546246,35.617485579066276
sustained_0,B_arrival,FROZEN,33,,,,37.864921847247885,36.730532003412094
sustained_0,B_arrival,FROZEN,34,,,,39.059889294199884,37.84357842775792
sustained_0,B_arrival,FROZEN,35,,,,40.77145960449361,38.95662485210374
sustained_0,B_arrival,FROZEN,36,,,,42.68908824393354,40.59398407236227
sustained_0,B_arrival,FROZEN,37,,,,44.447915756310195,42.35894900939351
sustained_0,B_arrival,FROZEN,38,,,,46.18120447157602,44.154417641031785
sustained_0,B_arrival,FROZEN,39,,,,47.73327691950774,45.94988627267005
sustained_0,B_arrival,FROZEN,40,,,,49.29693086988008,47.74535490430832
sustained_0,B_arrival,FROZEN,41,,,,51.64203344187571,49.510319841339566
sustained_0,B_arrival,FROZEN,42,,,,53.63002490816328,51.305788472977845
sustained_0,B_arrival,FROZEN,43,,,,55.179133375364,53.10125710461611
sustained_0,B_arrival,FROZEN,44,,,,56.89867298444632,54.89672573625438
sustained_0,B_arrival,FROZEN,45,,,,58.65551905010832,56.66169067328563
sustained_0,B_arrival,FROZEN,46,,,,60.12308952936139,58.4571593049239
sustained_0,B_arrival,FROZEN,47,,,,61.75806738484048,60.25262793656216
sustained_0,B_arrival,FROZEN,48,,,,63.870661081507556,62.048096568200435
sustained_0,B_arrival,FROZEN,49,,,,65.30205813588194,63.81306150523169
sustained_0,B_arrival,FROZEN,50,,,,67.1007790465298,65.60853013686994
sustained_0,B_arrival,FROZEN,51,,,,68.62498836168567,67.40399876850823
sustained_0,B_arrival,FROZEN,52,,,,70.06349003038022,69.19946740014649
sustained_0,B_arrival,FROZEN,53,,,,71.56450344913266,70.96443233717774
sustained_0,B_arrival,FROZEN,54,,,,73.06476448106166,72.75990096881601
sustained_0,B_arrival,FROZEN,55,,,,75.14736290672253,74.55536960045428
sustained_0,B_arrival,FROZEN,56,,,,76.96724755600685,76.35083823209254
sustained_0,B_arrival,FROZEN,57,,,,78.99995814374583,78.1158031691238
sustained_0,B_arrival,FROZEN,58,,,,80.42956936942443,79.91127180076208
sustained_0,B_arrival,FROZEN,59,,,,81.92188861380382,81.70674043240034
sustained_0,B_arrival,FROZEN,60,,,,83.36858789917751,83.50220906403861
sustained_0,B_arrival,FROZEN,61,,,,85.36969375298501,85.26717400106986
sustained_0,B_arrival,FROZEN,62,,,,87.40348413426207,87.06264263270813
sustained_0,B_arrival,FROZEN,63,,,,89.3718338189181,88.85811126434639
sustained_0,B_arrival,FROZEN,64,,,,91.57072799429847,90.65357989598466
sustained_0,B_arrival,FROZEN,65,,,,93.25326153814936,92.41854483301591
sustained_0,B_arrival,FROZEN,66,,,,94.80535051079725,94.21401346465417
sustained_0,B_arrival,FROZEN,67,,,,96.51037103049539,96.00948209629246
sustained_0,B_arrival,FROZEN,68,,,,99.03239599467037,97.80495072793072
sustained_0,B_arrival,FROZEN,69,,,,101.30971784905256,99.56991566496197
sustained_0,B_arrival,FROZEN,70,,,,103.60679188087988,101.36538429660023
sustained_0,B_arrival,FROZEN,71,,,,105.92309284541761,103.16085292823851
sustained_0,B_arrival,FROZEN,72,,,,107.76398233587592,104.95632155987677
sustained_0,B_arrival,FROZEN,73,,,,109.27813598061189,106.72128649690802
sustained_0,B_arrival,FROZEN,74,,,,110.9141525782356,108.51675512854628
sustained_0,B_arrival,FROZEN,75,,,,113.22181811488653,110.31222376018457
sustained_0,B_arrival,FROZEN,76,,,,115.55354488784091,112.10769239182284
sustained_0,B_arrival,FROZEN,77,,,,117.61309887404447,113.87265732885407
sustained_0,B_arrival,FROZEN,78,,,,119.15907308408484,115.66812596049233
sustained_0,B_arrival,FROZEN,79,,,,120.72740305977777,117.46359459213062
sustained_0,B_arrival,FROZEN,80,,,,122.15712712125904,119.25906322376889
sustained_0,B_arrival,FROZEN,81,,,,123.658520845225,121.02402816080011
sustained_0,B_arrival,FROZEN,82,,,,125.21967369295311,122.81949679243839
sustained_0,B_arrival,FROZEN,83,,,,126.94695511598083,124.61496542407667
sustained_0,B_arrival,FROZEN,84,,,,129.30536067613082,126.41043405571494
sustained_0,B_arrival,FROZEN,85,,,,131.05162232281302,128.17539899274618
sustained_0,B_arrival,FROZEN,86,,,,132.74086258532895,129.97086762438445
sustained_0,B_arrival,FROZEN,87,,,,134.83509808590304,131.76633625602273
sustained_0,B_arrival,FROZEN,88,,,,136.72017677989945,133.561804887661
sustained_0,B_arrival,FROZEN,89,,,,138.84305844644302,135.32676982469224
sustained_0,B_arrival,FROZEN,90,,,,140.49103265331294,137.1222384563305
sustained_0,B_arrival,FROZEN,91,,,,141.97344243590928,138.91770708796878
sustained_0,B_arrival,FROZEN,92,,,,143.9966506441255,140.71317571960705
sustained_0,B_arrival,FROZEN,93,,,,145.66332879747205,142.4781406566383
sustained_0,B_arrival,FROZEN,94,,,,147.22555313640447,144.27360928827656
sustained_0,B_arrival,FROZEN,95,,,,148.8933856879616,146.06907791991483
sustained_0,B_arrival,FROZEN,96,,,,151.00258777795804,147.86454655155308
sustained_0,B_arrival,FROZEN,97,,,,152.60919774753881,149.62951148858434
sustained_0,B_arrival,FROZEN,98,,,,154.04731357230816,151.4249801202226
sustained_0,B_arrival,FROZEN,99,,,,156.44598805304733,153.22044875186089
sustained_0,B_arrival,FROZEN,100,,,,158.53395805800739,155.01591738349913
sustained_0,B_arrival,FROZEN,101,,,,160.13255442374106,156.7808823205304
sustained_0,B_arrival,FROZEN,102,,,,162.23573633388966,158.57635095216867
sustained_0,B_arrival,FROZEN,103,,,,164.53753293659489,160.37181958380694
sustained_0,B_arrival,FROZEN,104,,,,166.12284224352004,162.16728821544518
sustained_0,B_arrival,FROZEN,105,,,,167.72020073751608,163.93225315247645
sustained_0,B_arrival,FROZEN,106,,,,169.78103468411018,165.72772178411472
sustained_0,B_arrival,FROZEN,107,,,,172.35793975185504,167.523190415753
sustained_0,B_arrival,FROZEN,108,,,,174.24864413475063,169.31865904739124
sustained_0,B_arrival,FROZEN,109,,,,176.24904075768376,171.0836239844225
sustained_0,B_arrival,FROZEN,110,,,,178.00893442484693,172.87909261606077
sustained_0,B_arrival,FROZEN,111,,,,179.54247823753064,174.67456124769905
sustained_0,B_arrival,FROZEN,112,,,,180.9683764327286,176.4700298793373
sustained_0,B_arrival,FROZEN,113,,,,181.94904581173247,177.598600534683
sustained_0,B_arrival,FROZEN,114,,,,182.8267537012633,178.71164695902883
sustained_0,B_arrival,FROZEN,115,,,,184.1519975080094,179.8246933833746
sustained_0,B_arrival,FROZEN,116,,,,185.63839054377632,180.93773980772045
sustained_0,B_arrival,FROZEN,117,,,,186.6210331685878,182.0507862320663
sustained_0,B_arrival,FROZEN,118,,,,187.59647135993544,183.16383265641207
sustained_0,B_arrival,FROZEN,119,,,,189.11161925100294,184.2768790807579
sustained_0,B_arrival,FROZEN,120,,,,190.93044370931625,185.38992550510375
sustained_0,B_arrival,JOINT,36.615546554,29.1,29.277236483157555,0.1772364831575537,,
sustained_0,B_arrival,JOINT,39.185546554,29.1,29.563979697875137,0.4639796978751356,,
sustained_0,B_arrival,JOINT,41.760546554,29.1,29.793599421746563,0.693599421746562,,
sustained_0,B_arrival,JOINT,44.500546554,30.3,30.021146260221684,-0.2788537397783166,,
sustained_0,B_arrival,JOINT,47.050546554,30.3,30.203836102820915,-0.09616389717908547,,
sustained_0,B_arrival,JOINT,49.620546554,30.3,30.364200938540954,0.06420093854095299,,
sustained_0,B_arrival,JOINT,52.200546554,30.3,30.47969834276403,0.17969834276403063,,
sustained_0,B_arrival,JOINT,54.990546554,31.0,30.617013209347,-0.3829867906529998,,
sustained_0,B_arrival,JOINT,57.510546554,31.0,30.71807650795322,-0.28192349204677924,,
sustained_0,B_arrival,JOINT,60.105546554,31.0,30.799391574662003,-0.20060842533799672,,
sustained_0,B_arrival,JOINT,62.675546554,31.0,30.86610551978726,-0.13389448021273864,,
sustained_0,B_arrival,JOINT,65.570546554,31.2,30.95359753869515,-0.2464024613048501,,
sustained_0,B_arrival,JOINT,68.165546554,31.2,30.995366923212025,-0.2046330767879745,,
sustained_0,B_arrival,JOINT,70.715546554,31.2,31.04265824056948,-0.1573417594305191,,
sustained_0,B_arrival,JOINT,73.290546554,31.5,31.08978603641407,-0.41021396358593165,,
sustained_0,B_arrival,JOINT,76.110546554,31.5,31.129848427574448,-0.3701515724255522,,
sustained_0,B_arrival,JOINT,78.760546554,31.5,31.15718262135024,-0.3428173786497588,,
sustained_0,B_arrival,JOINT,81.260546554,31.5,31.186580150757834,-0.31341984924216604,,
sustained_0,B_arrival,JOINT,83.840546554,31.6,31.21583226762987,-0.38416773237013047,,
sustained_0,B_arrival,JOINT,86.665546554,31.6,31.22670875930042,-0.37329124069958297,,
sustained_0,B_arrival,JOINT,89.325546554,31.6,31.253149733524168,-0.3468502664758333,,
sustained_0,B_arrival,JOINT,91.975546554,31.6,31.276733509326462,-0.3232664906735394,,
sustained_0,B_arrival,JOINT,94.635546554,31.7,31.273976541486505,-0.42602345851349455,,
sustained_0,B_arrival,JOINT,97.020546554,31.7,31.284484018819636,-0.4155159811803628,,
sustained_0,B_arrival,JOINT,99.630546554,31.7,31.301629981819545,-0.39837001818045437,,
sustained_0,B_arrival,JOINT,102.295546554,31.7,31.319255490060836,-0.38074450993916287,,
sustained_0,B_arrival,JOINT,104.890546554,31.9,31.32378879808369,-0.5762112019163084,,
sustained_0,B_arrival,JOINT,107.365546554,31.9,31.322561476762893,-0.577438523237106,,
sustained_0,B_arrival,JOINT,109.975546554,31.9,31.330582104838896,-0.5694178951611022,,
sustained_0,B_arrival,JOINT,112.705546554,31.9,31.271303715615222,-0.6286962843847768,,
sustained_0,B_arrival,JOINT,115.410546554,31.8,30.994472514632097,-0.8055274853679038,,
sustained_0,B_arrival,JOINT,117.910546554,31.8,30.7758118473449,-1.0241881526550998,,
sustained_0,B_arrival,JOINT,120.625546554,31.8,30.57286737851036,-1.2271326214896412,,
sustained_0,B_arrival,JOINT,123.320546554,30.5,30.40175285214042,-0.09824714785958122,,
sustained_0,B_arrival,JOINT,126.015546554,30.5,30.25632309028261,-0.2436769097173901,,
sustained_0,B_arrival,JOINT,128.610546554,30.5,30.136965651126765,-0.36303434887323505,,
sustained_0,B_arrival,JOINT,131.260546554,30.5,30.03292727247155,-0.46707272752844986,,
sustained_0,B_arrival,JOINT,133.615546554,30.0,29.953461576968092,-0.04653842303190814,,
sustained_0,B_arrival,JOINT,136.335546554,30.0,29.8747076365789,-0.1252923634210994,,
sustained_0,B_arrival,JOINT,138.895546554,30.0,29.811530748506126,-0.18846925149387417,,
sustained_0,B_arrival,JOINT,141.590546554,30.0,29.754790858606956,-0.24520914139304395,,
sustained_0,B_arrival,JOINT,144.235546554,29.9,29.707415974671925,-0.19258402532807395,,
sustained_0,B_arrival,JOINT,146.900546554,29.9,29.66677248523342,-0.233227514766579,,
sustained_0,B_arrival,JOINT,149.405546554,29.9,29.634112907069387,-0.26588709293061186,,
sustained_0,B_arrival,JOINT,152.105546554,29.9,29.60404575044044,-0.29595424955955707,,
sustained_0,B_arrival,JOINT,154.810546554,29.8,29.57847923845449,-0.22152076154550926,,
sustained_0,B_arrival,JOINT,157.280546554,29.8,29.558532466046916,-0.2414675339530845,,
sustained_0,B_arrival,JOINT,159.920546554,29.8,29.540277015965067,-0.25972298403493355,,
sustained_0,B_arrival,JOINT,162.280546554,29.8,29.52626313463502,-0.273736865364981,,
sustained_0,B_arrival,JOINT,165.010546554,29.8,29.512375266002987,-0.2876247339970135,,
sustained_0,B_arrival,JOINT,167.680546554,29.8,29.500854208563872,-0.2991457914361284,,
sustained_0,B_arrival,JOINT,170.235546554,29.8,29.491454788770223,-0.3085452112297773,,
sustained_0,B_arrival,JOINT,172.945546554,29.8,29.482965112724916,-0.317034887275085,,
sustained_0,B_arrival,JOINT,175.590546554,29.8,29.475931217093557,-0.32406878290644414,,
sustained_0,B_arrival,JOINT,178.245546554,29.8,29.469928572074256,-0.33007142792574484,,
sustained_0,B_arrival,JOINT,0,,,,0.0,0.0
sustained_0,B_arrival,JOINT,1,,,,1.205340957410171,1.1130464243458211
sustained_0,B_arrival,JOINT,2,,,,2.0917423997217246,2.2260928486916423
sustained_0,B_arrival,JOINT,3,,,,2.982792908373154,3.339139273037463
sustained_0,B_arrival,JOINT,4,,,,3.9613125133814515,4.4521856973832845
sustained_0,B_arrival,JOINT,5,,,,4.835939218846537,5.565232121729106
sustained_0,B_arrival,JOINT,6,,,,5.853066687643175,6.678278546074926
sustained_0,B_arrival,JOINT,7,,,,6.855774862343555,7.791324970420748
sustained_0,B_arrival,JOINT,8,,,,8.401608548911181,8.904371394766569
sustained_0,B_arrival,JOINT,9,,,,9.88460825995169,10.01741781911239
sustained_0,B_arrival,JOINT,10,,,,11.02959856730126,11.130464243458212
sustained_0,B_arrival,JOINT,11,,,,12.052964762335641,12.243510667804033
sustained_0,B_arrival,JOINT,12,,,,13.025772068237575,13.356557092149853
sustained_0,B_arrival,JOINT,13,,,,14.330898585348567,14.469603516495674
sustained_0,B_arrival,JOINT,14,,,,15.472102079986527,15.582649940841495
sustained_0,B_arrival,JOINT,15,,,,16.821737132216217,16.695696365187317
sustained_0,B_arrival,JOINT,16,,,,17.777243357177415,17.808742789533138
sustained_0,B_arrival,JOINT,17,,,,19.02307677148724,18.92178921387896
sustained_0,B_arrival,JOINT,18,,,,20.268658190030102,20.03483563822478
sustained_0,B_arrival,JOINT,19,,,,21.358825443349097,21.147882062570602
sustained_0,B_arrival,JOINT,20,,,,22.414482214828666,22.260928486916423
sustained_0,B_arrival,JOINT,21,,,,24.3015691418921,23.373974911262245
sustained_0,B_arrival,JOINT,22,,,,25.808474063394407,24.487021335608066
sustained_0,B_arrival,JOINT,23,,,,26.78570067988543,25.600067759953888
sustained_0,B_arrival,JOINT,24,,,,27.753479078687594,26.713114184299705
sustained_0,B_arrival,JOINT,25,,,,28.75278495300257,27.826160608645527
sustained_0,B_arrival,JOINT,26,,,,29.80776244172454,28.939207032991348
sustained_0,B_arrival,JOINT,27,,,,30.824700526709204,30.05225345733717
sustained_0,B_arrival,JOINT,28,,,,32.04705786007681,31.16529988168299
sustained_0,B_arrival,JOINT,29,,,,33.235517293347954,32.278346306028816
sustained_0,B_arrival,JOINT,30,,,,34.238930790653235,33.39139273037463
sustained_0,B_arrival,JOINT,31,,,,35.35236438385949,34.50443915472046
sustained_0,B_arrival,JOINT,32,,,,36.45898876546246,35.617485579066276
sustained_0,B_arrival,JOINT,33,,,,37.864921847247885,36.730532003412094
sustained_0,B_arrival,JOINT,34,,,,39.059889294199884,37.84357842775792
sustained_0,B_arrival,JOINT,35,,,,40.77145960449361,38.95662485210374
sustained_0,B_arrival,JOINT,36,,,,42.68908824393354,40.589874102925506
sustained_0,B_arrival,JOINT,37,,,,44.447915756310195,42.346025182221545
sustained_0,B_arrival,JOINT,38,,,,46.18120447157602,44.13762055348767
sustained_0,B_arrival,JOINT,39,,,,47.73327691950774,45.929215924753784
sustained_0,B_arrival,JOINT,40,,,,49.29693086988008,47.72081129601991
sustained_0,B_arrival,JOINT,41,,,,51.64203344187571,49.47696237531595
sustained_0,B_arrival,JOINT,42,,,,53.63002490816328,51.268557746582076
sustained_0,B_arrival,JOINT,43,,,,55.179133375364,53.06015311784819
sustained_0,B_arrival,JOINT,44,,,,56.89867298444632,54.851748489114314
sustained_0,B_arrival,JOINT,45,,,,58.65551905010832,56.60789956841035
sustained_0,B_arrival,JOINT,46,,,,60.12308952936139,58.39949493967648
sustained_0,B_arrival,JOINT,47,,,,61.75806738484048,60.1910903109426
sustained_0,B_arrival,JOINT,48,,,,63.870661081507556,61.98268568220871
sustained_0,B_arrival,JOINT,49,,,,65.30205813588194,63.73883676150476
sustained_0,B_arrival,JOINT,50,,,,67.1007790465298,65.53043213277087
sustained_0,B_arrival,JOINT,51,,,,68.62498836168567,67.322027504037
sustained_0,B_arrival,JOINT,52,,,,70.06349003038022,69.11362287530312
sustained_0,B_arrival,JOINT,53,,,,71.56450344913266,70.86977395459917
sustained_0,B_arrival,JOINT,54,,,,73.06476448106166,72.66136932586528
sustained_0,B_arrival,JOINT,55,,,,75.14736290672253,74.4529646971314
sustained_0,B_arrival,JOINT,56,,,,76.96724755600685,76.24456006839752
sustained_0,B_arrival,JOINT,57,,,,78.99995814374583,78.00071114769356
sustained_0,B_arrival,JOINT,58,,,,80.42956936942443,79.79230651895969
sustained_0,B_arrival,JOINT,59,,,,81.92188861380382,81.5839018902258
sustained_0,B_arrival,JOINT,60,,,,83.36858789917751,83.37549726149193
sustained_0,B_arrival,JOINT,61,,,,85.36969375298501,85.13164834078798
sustained_0,B_arrival,JOINT,62,,,,87.40348413426207,86.9232437120541
sustained_0,B_arrival,JOINT,63,,,,89.3718338189181,88.71483908332021
sustained_0,B_arrival,JOINT,64,,,,91.57072799429847,90.50643445458633
sustained_0,B_arrival,JOINT,65,,,,93.25326153814936,92.26258553388237
sustained_0,B_arrival,JOINT,66,,,,94.80535051079725,94.05418090514848
sustained_0,B_arrival,JOINT,67,,,,96.51037103049539,95.84577627641461
sustained_0,B_arrival,JOINT,68,,,,99.03239599467037,97.63737164768074
sustained_0,B_arrival,JOINT,69,,,,101.30971784905256,99.39352272697677
sustained_0,B_arrival,JOINT,70,,,,103.60679188087988,101.18511809824288
sustained_0,B_arrival,JOINT,71,,,,105.92309284541761,102.97671346950901
sustained_0,B_arrival,JOINT,72,,,,107.76398233587592,104.76830884077513
sustained_0,B_arrival,JOINT,73,,,,109.27813598061189,106.52445992007117
sustained_0,B_arrival,JOINT,74,,,,110.9141525782356,108.31605529133728
sustained_0,B_arrival,JOINT,75,,,,113.22181811488653,110.10765066260342
sustained_0,B_arrival,JOINT,76,,,,115.55354488784091,111.89924603386953
sustained_0,B_arrival,JOINT,77,,,,117.61309887404447,113.65539711316558
sustained_0,B_arrival,JOINT,78,,,,119.15907308408484,115.44699248443169
sustained_0,B_arrival,JOINT,79,,,,120.72740305977777,117.23858785569782
sustained_0,B_arrival,JOINT,80,,,,122.15712712125904,119.03018322696394
sustained_0,B_arrival,JOINT,81,,,,123.658520845225,120.78633430625996
sustained_0,B_arrival,JOINT,82,,,,125.21967369295311,122.57792967752609
sustained_0,B_arrival,JOINT,83,,,,126.94695511598083,124.36952504879221
sustained_0,B_arrival,JOINT,84,,,,129.30536067613082,126.16112042005834
sustained_0,B_arrival,JOINT,85,,,,131.05162232281302,127.91727149935437
sustained_0,B_arrival,JOINT,86,,,,132.74086258532895,129.70886687062048
sustained_0,B_arrival,JOINT,87,,,,134.83509808590304,131.50046224188662
sustained_0,B_arrival,JOINT,88,,,,136.72017677989945,133.29205761315274
sustained_0,B_arrival,JOINT,89,,,,138.84305844644302,135.04820869244878
sustained_0,B_arrival,JOINT,90,,,,140.49103265331294,136.8398040637149
sustained_0,B_arrival,JOINT,91,,,,141.97344243590928,138.63139943498103
sustained_0,B_arrival,JOINT,92,,,,143.9966506441255,140.42299480624715
sustained_0,B_arrival,JOINT,93,,,,145.66332879747205,142.17914588554316
sustained_0,B_arrival,JOINT,94,,,,147.22555313640447,143.9707412568093
sustained_0,B_arrival,JOINT,95,,,,148.8933856879616,145.76233662807542
sustained_0,B_arrival,JOINT,96,,,,151.00258777795804,147.55393199934153
sustained_0,B_arrival,JOINT,97,,,,152.60919774753881,149.31008307863758
sustained_0,B_arrival,JOINT,98,,,,154.04731357230816,151.1016784499037
sustained_0,B_arrival,JOINT,99,,,,156.44598805304733,152.89327382116983
sustained_0,B_arrival,JOINT,100,,,,158.53395805800739,154.68486919243594
sustained_0,B_arrival,JOINT,101,,,,160.13255442374106,156.441020271732
sustained_0,B_arrival,JOINT,102,,,,162.23573633388966,158.2326156429981
sustained_0,B_arrival,JOINT,103,,,,164.53753293659489,160.02421101426424
sustained_0,B_arrival,JOINT,104,,,,166.12284224352004,161.81580638553032
sustained_0,B_arrival,JOINT,105,,,,167.72020073751608,163.57195746482637
sustained_0,B_arrival,JOINT,106,,,,169.78103468411018,165.3635528360925
sustained_0,B_arrival,JOINT,107,,,,172.35793975185504,167.15514820735862
sustained_0,B_arrival,JOINT,108,,,,174.24864413475063,168.94674357862473
sustained_0,B_arrival,JOINT,109,,,,176.24904075768376,170.70289465792078
sustained_0,B_arrival,JOINT,110,,,,178.00893442484693,172.49449002918692
sustained_0,B_arrival,JOINT,111,,,,179.54247823753064,174.28608540045303
sustained_0,B_arrival,JOINT,112,,,,180.9683764327286,176.07768077171914
sustained_0,B_arrival,JOINT,113,,,,181.94904581173247,177.20627466873125
sustained_0,B_arrival,JOINT,114,,,,182.8267537012633,178.31932109307706
sustained_0,B_arrival,JOINT,115,,,,184.1519975080094,179.43236751742288
sustained_0,B_arrival,JOINT,116,,,,185.63839054377632,180.54541394176871
sustained_0,B_arrival,JOINT,117,,,,186.6210331685878,181.65846036611453
sustained_0,B_arrival,JOINT,118,,,,187.59647135993544,182.77150679046034
sustained_0,B_arrival,JOINT,119,,,,189.11161925100294,183.88455321480617
sustained_0,B_arrival,JOINT,120,,,,190.93044370931625,184.99759963915199
sustained_1,A_conditional,FROZEN,36.769676996,29.8,29.932467323116946,0.13246732311694487,,
sustained_1,A_conditional,FROZEN,39.384676996,29.8,30.247276629048994,0.4472766290489929,,
sustained_1,A_conditional,FROZEN,41.929676996,29.8,30.53016369621942,0.7301636962194209,,
sustained_1,A_conditional,FROZEN,44.739676996,29.8,30.826541961155478,1.026541961155477,,
sustained_1,A_conditional,FROZEN,47.359676996,31.2,31.056529748585,-0.1434702514149997,,
sustained_1,A_conditional,FROZEN,49.934676996,31.2,31.25721843726668,0.05721843726668041,,
sustained_1,A_conditional,FROZEN,52.469676996,31.2,31.437257909115864,0.23725790911586486,,
sustained_1,A_conditional,FROZEN,55.299676996,31.2,31.633542518003534,0.4335425180035344,,
sustained_1,A_conditional,FROZEN,57.854676996,31.6,31.762507447157894,0.16250744715789267,,
sustained_1,A_conditional,FROZEN,60.404676996,31.6,31.88569461097428,0.2856946109742786,,
sustained_1,A_conditional,FROZEN,62.944676996,31.6,31.999982491965763,0.39998249196576197,,
sustained_1,A_conditional,FROZEN,65.909676996,31.6,32.11889895365078,0.5188989536507762,,
sustained_1,A_conditional,FROZEN,68.469676996,31.9,32.20986022529219,0.3098602252921907,,
sustained_1,A_conditional,FROZEN,71.049676996,31.9,32.297372909382915,0.39737290938291636,,
sustained_1,A_conditional,FROZEN,73.729676996,31.9,32.39193604754078,0.4919360475407828,,
sustained_1,A_conditional,FROZEN,76.364676996,31.9,32.45710552652118,0.557105526521184,,
sustained_1,A_conditional,FROZEN,79.019676996,32.1,32.515861305087725,0.41586130508772357,,
sustained_1,A_conditional,FROZEN,81.804676996,32.1,32.58258240148735,0.482582401487349,,
sustained_1,A_conditional,FROZEN,84.379676996,32.1,32.623856382792326,0.5238563827923244,,
sustained_1,A_conditional,FROZEN,86.754676996,32.2,32.66630679748972,0.4663067974897146,,
sustained_1,A_conditional,FROZEN,89.324676996,32.2,32.69985566893558,0.49985566893557376,,
sustained_1,A_conditional,FROZEN,91.904676996,32.2,32.74601481614765,0.5460148161476468,,
sustained_1,A_conditional,FROZEN,94.219676996,32.2,32.77387465171564,0.5738746517156343,,
sustained_1,A_conditional,FROZEN,97.039676996,32.3,32.80293864611919,0.5029386461191905,,
sustained_1,A_conditional,FROZEN,99.629676996,32.3,32.822775584327786,0.522775584327789,,
sustained_1,A_conditional,FROZEN,102.274676996,32.3,32.849361788804444,0.5493617888044469,,
sustained_1,A_conditional,FROZEN,104.899676996,32.3,32.87078899346007,0.5707889934600701,,
sustained_1,A_conditional,FROZEN,107.324676996,32.3,32.88301871727116,0.583018717271166,,
sustained_1,A_conditional,FROZEN,109.914676996,32.3,32.898743261910035,0.5987432619100375,,
sustained_1,A_conditional,FROZEN,112.519676996,32.3,32.84154201757238,0.5415420175723824,,
sustained_1,A_conditional,FROZEN,115.149676996,32.3,32.5301158523989,0.2301158523989031,,
sustained_1,A_conditional,FROZEN,118.024676996,31.6,32.23023351704333,0.6302335170433295,,
sustained_1,A_conditional,FROZEN,120.634676996,31.6,31.990376968388944,0.3903769683889422,,
sustained_1,A_conditional,FROZEN,123.324676996,31.6,31.771611509148936,0.17161150914893497,,
sustained_1,A_conditional,FROZEN,126.009676996,31.6,31.578721827574928,-0.021278172425073905,,
sustained_1,A_conditional,FROZEN,128.504676996,30.7,31.419690613055067,0.719690613055068,,
sustained_1,A_conditional,FROZEN,131.149676996,30.7,31.269948224982954,0.569948224982955,,
sustained_1,A_conditional,FROZEN,133.814676996,30.7,31.136477840648684,0.4364778406486849,,
sustained_1,A_conditional,FROZEN,136.419676996,30.7,31.0209625598013,0.32096255980130195,,
sustained_1,A_conditional,FROZEN,138.899676996,30.5,30.92318009227974,0.42318009227973974,,
sustained_1,A_conditional,FROZEN,141.559676996,30.5,30.830033351248485,0.33003335124848476,,
sustained_1,A_conditional,FROZEN,144.139676996,30.5,30.74999144337095,0.24999144337094847,,
sustained_1,A_conditional,FROZEN,146.694676996,30.4,30.679594347141038,0.2795943471410389,,
sustained_1,A_conditional,FROZEN,149.189676996,30.4,30.61842462619177,0.21842462619177283,,
sustained_1,A_conditional,FROZEN,151.539676996,30.4,30.56691739617031,0.16691739617031232,,
sustained_1,A_conditional,FROZEN,154.109676996,30.4,30.516639901016845,0.11663990101684618,,
sustained_1,A_conditional,FROZEN,156.479676996,30.4,30.475283991461183,0.07528399146118403,,
sustained_1,A_conditional,FROZEN,159.239676996,30.3,30.432503811696453,0.1325038116964521,,
sustained_1,A_conditional,FROZEN,161.799676996,30.3,30.39742234964348,0.09742234964348029,,
sustained_1,A_conditional,FROZEN,164.534676996,30.3,30.36426240791399,0.06426240791398996,,
sustained_1,A_conditional,FROZEN,167.199676996,30.3,30.335748806935023,0.035748806935021804,,
sustained_1,A_conditional,FROZEN,169.844676996,30.3,30.310723499394587,0.01072349939458661,,
sustained_1,A_conditional,FROZEN,172.479676996,30.3,30.28866266693147,-0.011337333068532018,,
sustained_1,A_conditional,FROZEN,174.919676996,30.3,30.270502088632057,-0.029497911367943885,,
sustained_1,A_conditional,FROZEN,177.664676996,30.2,30.25238208703413,0.052382087034128944,,
sustained_1,A_conditional,FROZEN,0,,,,0.0,0.0
sustained_1,A_conditional,FROZEN,1,,,,1.0349347236339224,1.1713437351896754
sustained_1,A_conditional,FROZEN,2,,,,1.8247596002447233,2.3426874703793508
sustained_1,A_conditional,FROZEN,3,,,,2.733336923914385,3.514031205569026
sustained_1,A_conditional,FROZEN,4,,,,3.587319963496216,4.6853749407587015
sustained_1,A_conditional,FROZEN,5,,,,4.471797212984082,5.856718675948377
sustained_1,A_conditional,FROZEN,6,,,,5.87222742720624,7.028062411138052
sustained_1,A_conditional,FROZEN,7,,,,6.832311259524897,8.199406146327728
sustained_1,A_conditional,FROZEN,8,,,,7.7596992924611055,9.370749881517403
sustained_1,A_conditional,FROZEN,9,,,,8.739380595812671,10.542093616707078
sustained_1,A_conditional,FROZEN,10,,,,9.685362415113532,11.713437351896754
sustained_1,A_conditional,FROZEN,11,,,,10.69326805447341,12.884781087086429
sustained_1,A_conditional,FROZEN,12,,,,11.839516221774932,14.056124822276104
sustained_1,A_conditional,FROZEN,13,,,,13.14689688440771,15.22746855746578
sustained_1,A_conditional,FROZEN,14,,,,14.188773740288125,16.398812292655457
sustained_1,A_conditional,FROZEN,15,,,,15.360174161066364,17.57015602784513
sustained_1,A_conditional,FROZEN,16,,,,16.730764464496346,18.741499763034806
sustained_1,A_conditional,FROZEN,17,,,,17.7595998639802,19.912843498224483
sustained_1,A_conditional,FROZEN,18,,,,19.33518411372207,21.084187233414156
sustained_1,A_conditional,FROZEN,19,,,,20.973426526013895,22.255530968603832
sustained_1,A_conditional,FROZEN,20,,,,23.300689875504727,23.42687470379351
sustained_1,A_conditional,FROZEN,21,,,,24.47517327630881,24.59821843898318
sustained_1,A_conditional,FROZEN,22,,,,25.42418977387269,25.769562174172858
sustained_1,A_conditional,FROZEN,23,,,,26.57460280476628,26.940905909362534
sustained_1,A_conditional,FROZEN,24,,,,27.94934081842674,28.112249644552207
sustained_1,A_conditional,FROZEN,25,,,,29.061098790442955,29.283593379741884
sustained_1,A_conditional,FROZEN,26,,,,30.159953561367104,30.45493711493156
sustained_1,A_conditional,FROZEN,27,,,,31.342631245031917,31.626280850121237
sustained_1,A_conditional,FROZEN,28,,,,32.46415273884804,32.79762458531091
sustained_1,A_conditional,FROZEN,29,,,,33.60957869792183,33.968968320500586
sustained_1,A_conditional,FROZEN,30,,,,34.58072802099837,35.14031205569026
sustained_1,A_conditional,FROZEN,31,,,,35.572289762448015,36.31165579087994
sustained_1,A_conditional,FROZEN,32,,,,36.83797009979486,37.48299952606961
sustained_1,A_conditional,FROZEN,33,,,,38.155101340630196,38.654343261259285
sustained_1,A_conditional,FROZEN,34,,,,39.082969713614325,39.825686996448965
sustained_1,A_conditional,FROZEN,35,,,,40.430228773970775,40.99703073163864
sustained_1,A_conditional,FROZEN,36,,,,41.99828017095157,42.77969412571546
sustained_1,A_conditional,FROZEN,37,,,,44.035816734528645,44.5199267748037
sustained_1,A_conditional,FROZEN,38,,,,45.807123632968455,46.335429725959756
sustained_1,A_conditional,FROZEN,39,,,,46.989270749939564,48.14002707590658
sustained_1,A_conditional,FROZEN,40,,,,48.537470874309484,49.98873606494372
sustained_1,A_conditional,FROZEN,41,,,,49.6017298696405,51.70711934123961
sustained_1,A_conditional,FROZEN,42,,,,51.02289658978362,53.522077827996455
sustained_1,A_conditional,FROZEN,43,,,,53.18024056209758,55.34022306790366
sustained_1,A_conditional,FROZEN,44,,,,55.13992574642033,57.21566937586124
sustained_1,A_conditional,FROZEN,45,,,,57.048652865879454,58.93027729271377
sustained_1,A_conditional,FROZEN,46,,,,58.63893463650786,60.74557335063981
sustained_1,A_conditional,FROZEN,47,,,,60.31068457601284,62.57698719580892
sustained_1,A_conditional,FROZEN,48,,,,61.48261220321175,64.4245123781411
sustained_1,A_conditional,FROZEN,49,,,,63.4075010772453,66.14889046020184
sustained_1,A_conditional,FROZEN,50,,,,65.88421230793688,67.97920333656188
sustained_1,A_conditional,FROZEN,51,,,,67.67292062874363,69.79770680000429
sustained_1,A_conditional,FROZEN,52,,,,69.83426611637076,71.658783838434
sustained_1,A_conditional,FROZEN,53,,,,72.29793349958976,73.38106873815
sustained_1,A_conditional,FROZEN,54,,,,74.18935195757642,75.2105976328187
sustained_1,A_conditional,FROZEN,55,,,,75.33831201990866,77.0284491580537
sustained_1,A_conditional,FROZEN,56,,,,76.74328638143437,78.86601686744903
sustained_1,A_conditional,FROZEN,57,,,,78.62326512081498,80.59783684041079
sustained_1,A_conditional,FROZEN,58,,,,80.32471411723061,82.40974172690952
sustained_1,A_conditional,FROZEN,59,,,,82.40569545315554,84.22170960440316
sustained_1,A_conditional,FROZEN,60,,,,84.62673903944003,86.05631848282135
sustained_1,A_conditional,FROZEN,61,,,,86.48099995973371,87.7873492203078
sustained_1,A_conditional,FROZEN,62,,,,87.81863491253978,89.59193543991353
sustained_1,A_conditional,FROZEN,63,,,,89.18827885798947,91.41092233504244
sustained_1,A_conditional,FROZEN,64,,,,91.13580229516263,93.26594056441857
sustained_1,A_conditional,FROZEN,65,,,,93.12446981202027,94.98807105834419
sustained_1,A_conditional,FROZEN,66,,,,95.60660659872744,96.77949214542183
sustained_1,A_conditional,FROZEN,67,,,,97.35886114245851,98.58704280012368
sustained_1,A_conditional,FROZEN,68,,,,99.53162710681586,100.44301932748442
sustained_1,A_conditional,FROZEN,69,,,,101.49564727411978,102.16468151465602
sustained_1,A_conditional,FROZEN,70,,,,102.54226932124095,103.97841960114322
sustained_1,A_conditional,FROZEN,71,,,,104.17535982339378,105.8166373122905
sustained_1,A_conditional,FROZEN,72,,,,105.96842233374676,107.66689164541435
sustained_1,A_conditional,FROZEN,73,,,,107.8174432930273,109.42186388266406
sustained_1,A_conditional,FROZEN,74,,,,109.4576930403733,111.22807740039323
sustained_1,A_conditional,FROZEN,75,,,,111.27158174536198,113.03823787276133
sustained_1,A_conditional,FROZEN,76,,,,112.89947847619156,114.91591933252259
sustained_1,A_conditional,FROZEN,77,,,,113.98104933677214,116.69835615606138
sustained_1,A_conditional,FROZEN,78,,,,115.66949338184313,118.51297509742244
sustained_1,A_conditional,FROZEN,79,,,,117.81808619215478,120.33421259603625
sustained_1,A_conditional,FROZEN,80,,,,119.95141661468718,122.18877784036762
sustained_1,A_conditional,FROZEN,81,,,,121.61818735406034,123.92940627580919
sustained_1,A_conditional,FROZEN,82,,,,123.30236999120476,125.75084420761979
sustained_1,A_conditional,FROZEN,83,,,,124.60778495222556,127.58518623176028
sustained_1,A_conditional,FROZEN,84,,,,125.70797237502875,129.42711115677238
sustained_1,A_conditional,FROZEN,85,,,,127.25826655029955,131.14551613478403
sustained_1,A_conditional,FROZEN,86,,,,128.99667209789953,132.95142640458602
sustained_1,A_conditional,FROZEN,87,,,,131.25555262664304,134.80114955348049
sustained_1,A_conditional,FROZEN,88,,,,133.18533229582667,136.6631008405762
sustained_1,A_conditional,FROZEN,89,,,,134.8947763612207,138.37561974964908
sustained_1,A_conditional,FROZEN,90,,,,136.36779057663546,140.1972997317415
sustained_1,A_conditional,FROZEN,91,,,,137.76592913283483,142.03286352156434
sustained_1,A_conditional,FROZEN,92,,,,139.90781437183213,143.89574596265757
sustained_1,A_conditional,FROZEN,93,,,,142.20061444026933,145.635143729324
sustained_1,A_conditional,FROZEN,94,,,,143.8025693063151,147.4699573005517
sustained_1,A_conditional,FROZEN,95,,,,145.77805184996808,149.28970377673335
sustained_1,A_conditional,FROZEN,96,,,,147.52463296902508,151.1388204156792
sustained_1,A_conditional,FROZEN,97,,,,148.8163407016701,152.87341095566487
sustained_1,A_conditional,FROZEN,98,,,,149.9843538928914,154.68622657932252
sustained_1,A_conditional,FROZEN,99,,,,152.2293399272047,156.4944896849694
sustained_1,A_conditional,FROZEN,100,,,,154.69219946188082,158.34336689722886
sustained_1,A_conditional,FROZEN,101,,,,156.82376640449075,160.0933158390834
sustained_1,A_conditional,FROZEN,102,,,,158.51993401257678,161.91837523562737
sustained_1,A_conditional,FROZEN,103,,,,160.62555045757958,163.73160100453342
sustained_1,A_conditional,FROZEN,104,,,,162.40495310813745,165.58955463327882
sustained_1,A_conditional,FROZEN,105,,,,163.62607101242293,167.28959179778164
sustained_1,A_conditional,FROZEN,106,,,,165.63944136480472,169.10191430453557
sustained_1,A_conditional,FROZEN,107,,,,167.8157113116284,170.92505387539046
sustained_1,A_conditional,FROZEN,108,,,,170.32962714978927,172.77756638553475
sustained_1,A_conditional,FROZEN,109,,,,172.2275152885284,174.53266125334736
sustained_1,A_conditional,FROZEN,110,,,,174.22182863339373,176.36804642285293
sustained_1,A_conditional,FROZEN,111,,,,175.94772314047376,178.19137009043033
sustained_1,A_conditional,FROZEN,112,,,,176.94404165730137,180.0153028675492
sustained_1,A_conditional,FROZEN,113,,,,177.7945339948553,181.19690725617772
sustained_1,A_conditional,FROZEN,114,,,,178.96449161112147,182.3682509913674
sustained_1,A_conditional,FROZEN,115,,,,179.82837604234743,183.53959472655708
sustained_1,A_conditional,FROZEN,116,,,,181.00422034909752,184.71093846174676
sustained_1,A_conditional,FROZEN,117,,,,182.13050747075278,185.88228219693644
sustained_1,A_conditional,FROZEN,118,,,,183.09660756460954,187.05362593212612
sustained_1,A_conditional,FROZEN,119,,,,183.8892828183883,188.22496966731578
sustained_1,A_conditional,FROZEN,120,,,,185.6266277735727,189.39631340250546
sustained_1,A_conditional,JOINT,36.769676996,29.8,29.959743620597123,0.15974362059712277,,
sustained_1,A_conditional,JOINT,39.384676996,29.8,30.305711308052302,0.5057113080523017,,
sustained_1,A_conditional,JOINT,41.929676996,29.8,30.605863934901176,0.8058639349011756,,
sustained_1,A_conditional,JOINT,44.739676996,29.8,30.911120151956823,1.111120151956822,,
sustained_1,A_conditional,JOINT,47.359676996,31.2,31.136252746871943,-0.06374725312805651,,
sustained_1,A_conditional,JOINT,49.934676996,31.2,31.32504367453575,0.12504367453574972,,
sustained_1,A_conditional,JOINT,52.469676996,31.2,31.488951240811463,0.28895124081146406,,
sustained_1,A_conditional,JOINT,55.299676996,31.2,31.666052087015668,0.4660520870156688,,
sustained_1,A_conditional,JOINT,57.854676996,31.6,31.76969851752093,0.1696985175209278,,
sustained_1,A_conditional,JOINT,60.404676996,31.6,31.868031367387754,0.2680313673877528,,
sustained_1,A_conditional,JOINT,62.944676996,31.6,31.95772904342413,0.35772904342412915,,
sustained_1,A_conditional,JOINT,65.909676996,31.6,32.04764576902749,0.4476457690274884,,
sustained_1,A_conditional,JOINT,68.469676996,31.9,32.11391948235858,0.21391948235858393,,
sustained_1,A_conditional,JOINT,71.049676996,31.9,32.17815801457745,0.2781580145774498,,
sustained_1,A_conditional,JOINT,73.729676996,31.9,32.251313497476836,0.3513134974768377,,
sustained_1,A_conditional,JOINT,76.364676996,31.9,32.292639763480814,0.3926397634808154,,
sustained_1,A_conditional,JOINT,79.019676996,32.1,32.32832925589067,0.22832925589067088,,
sustained_1,A_conditional,JOINT,81.804676996,32.1,32.37420812528494,0.274208125284936,,
sustained_1,A_conditional,JOINT,84.379676996,32.1,32.39473822628823,0.29473822628823143,,
sustained_1,A_conditional,JOINT,86.754676996,32.2,32.42092820936074,0.22092820936073565,,
sustained_1,A_conditional,JOINT,89.324676996,32.2,32.43644630725647,0.23644630725646465,,
sustained_1,A_conditional,JOINT,91.904676996,32.2,32.4687917534139,0.2687917534139004,,
sustained_1,A_conditional,JOINT,94.219676996,32.2,32.48310987339872,0.28310987339871474,,
sustained_1,A_conditional,JOINT,97.039676996,32.3,32.49650868593698,0.19650868593698334,,
sustained_1,A_conditional,JOINT,99.629676996,32.3,32.502537896789775,0.20253789678977796,,
sustained_1,A_conditional,JOINT,102.274676996,32.3,32.51782756267157,0.2178275626715731,,
sustained_1,A_conditional,JOINT,104.899676996,32.3,32.528640424323015,0.228640424323018,,
sustained_1,A_conditional,JOINT,107.324676996,32.3,32.531074260623754,0.2310742606237568,,
sustained_1,A_conditional,JOINT,109.914676996,32.3,32.537858428007986,0.23785842800798918,,
sustained_1,A_conditional,JOINT,112.519676996,32.3,32.459222919701595,0.1592229197015982,,
sustained_1,A_conditional,JOINT,115.149676996,32.3,32.0895410113736,-0.21045898862639945,,
sustained_1,A_conditional,JOINT,118.024676996,31.6,31.747065074772152,0.1470650747721507,,
sustained_1,A_conditional,JOINT,120.634676996,31.6,31.483542661401028,-0.11645733859897334,,
sustained_1,A_conditional,JOINT,123.324676996,31.6,31.25199358214502,-0.34800641785498243,,
sustained_1,A_conditional,JOINT,126.009676996,31.6,31.055420410332058,-0.5445795896679435,,
sustained_1,A_conditional,JOINT,128.504676996,30.7,30.89917288035128,0.19917288035128067,,
sustained_1,A_conditional,JOINT,131.149676996,30.7,30.757282055124808,0.05728205512480855,,
sustained_1,A_conditional,JOINT,133.814676996,30.7,30.635459796388318,-0.06454020361168133,,
sustained_1,A_conditional,JOINT,136.419676996,30.7,30.533878080101122,-0.16612191989887748,,
sustained_1,A_conditional,JOINT,138.899676996,30.5,30.450927277898984,-0.0490727221010161,,
sustained_1,A_conditional,JOINT,141.559676996,30.5,30.374723934993025,-0.1252760650069753,,
sustained_1,A_conditional,JOINT,144.139676996,30.5,30.311626000712067,-0.18837399928793275,,
sustained_1,A_conditional,JOINT,146.694676996,30.4,30.258112747424043,-0.14188725257595536,,
sustained_1,A_conditional,JOINT,149.189676996,30.4,30.21324907421311,-0.1867509257868889,,
sustained_1,A_conditional,JOINT,151.539676996,30.4,30.176749812071034,-0.223250187928965,,
sustained_1,A_conditional,JOINT,154.109676996,30.4,30.142342615376325,-0.2576573846236734,,
sustained_1,A_conditional,JOINT,156.479676996,30.4,30.115019031116336,-0.2849809688836622,,
sustained_1,A_conditional,JOINT,159.239676996,30.3,30.087764266130087,-0.2122357338699139,,
sustained_1,A_conditional,JOINT,161.799676996,30.3,30.06624721587049,-0.23375278412951062,,
sustained_1,A_conditional,JOINT,164.534676996,30.3,30.046661931794958,-0.2533380682050428,,
sustained_1,A_conditional,JOINT,167.199676996,30.3,30.03045918776998,-0.26954081223001936,,
sustained_1,A_conditional,JOINT,169.844676996,30.3,30.016769564997077,-0.283230435002924,,
sustained_1,A_conditional,JOINT,172.479676996,30.3,30.00515052963545,-0.2948494703645501,,
sustained_1,A_conditional,JOINT,174.919676996,30.3,29.995929232172866,-0.3040707678271346,,
sustained_1,A_conditional,JOINT,177.664676996,30.2,29.98706536398281,-0.21293463601718798,,
sustained_1,A_conditional,JOINT,0,,,,0.0,0.0
sustained_1,A_conditional,JOINT,1,,,,1.0349347236339224,1.1713437351896754
sustained_1,A_conditional,JOINT,2,,,,1.8247596002447233,2.3426874703793508
sustained_1,A_conditional,JOINT,3,,,,2.733336923914385,3.514031205569026
sustained_1,A_conditional,JOINT,4,,,,3.587319963496216,4.6853749407587015
sustained_1,A_conditional,JOINT,5,,,,4.471797212984082,5.856718675948377
sustained_1,A_conditional,JOINT,6,,,,5.87222742720624,7.028062411138052
sustained_1,A_conditional,JOINT,7,,,,6.832311259524897,8.199406146327728
sustained_1,A_conditional,JOINT,8,,,,7.7596992924611055,9.370749881517403
sustained_1,A_conditional,JOINT,9,,,,8.739380595812671,10.542093616707078
sustained_1,A_conditional,JOINT,10,,,,9.685362415113532,11.713437351896754
sustained_1,A_conditional,JOINT,11,,,,10.69326805447341,12.884781087086429
sustained_1,A_conditional,JOINT,12,,,,11.839516221774932,14.056124822276104
sustained_1,A_conditional,JOINT,13,,,,13.14689688440771,15.22746855746578
sustained_1,A_conditional,JOINT,14,,,,14.188773740288125,16.398812292655457
sustained_1,A_conditional,JOINT,15,,,,15.360174161066364,17.57015602784513
sustained_1,A_conditional,JOINT,16,,,,16.730764464496346,18.741499763034806
sustained_1,A_conditional,JOINT,17,,,,17.7595998639802,19.912843498224483
sustained_1,A_conditional,JOINT,18,,,,19.33518411372207,21.084187233414156
sustained_1,A_conditional,JOINT,19,,,,20.973426526013895,22.255530968603832
sustained_1,A_conditional,JOINT,20,,,,23.300689875504727,23.42687470379351
sustained_1,A_conditional,JOINT,21,,,,24.47517327630881,24.59821843898318
sustained_1,A_conditional,JOINT,22,,,,25.42418977387269,25.769562174172858
sustained_1,A_conditional,JOINT,23,,,,26.57460280476628,26.940905909362534
sustained_1,A_conditional,JOINT,24,,,,27.94934081842674,28.112249644552207
sustained_1,A_conditional,JOINT,25,,,,29.061098790442955,29.283593379741884
sustained_1,A_conditional,JOINT,26,,,,30.159953561367104,30.45493711493156
sustained_1,A_conditional,JOINT,27,,,,31.342631245031917,31.626280850121237
sustained_1,A_conditional,JOINT,28,,,,32.46415273884804,32.79762458531091
sustained_1,A_conditional,JOINT,29,,,,33.60957869792183,33.968968320500586
sustained_1,A_conditional,JOINT,30,,,,34.58072802099837,35.14031205569026
sustained_1,A_conditional,JOINT,31,,,,35.572289762448015,36.31165579087994
sustained_1,A_conditional,JOINT,32,,,,36.83797009979486,37.48299952606961
sustained_1,A_conditional,JOINT,33,,,,38.155101340630196,38.654343261259285
sustained_1,A_conditional,JOINT,34,,,,39.082969713614325,39.825686996448965
sustained_1,A_conditional,JOINT,35,,,,40.430228773970775,40.99703073163864
sustained_1,A_conditional,JOINT,36,,,,41.99828017095157,42.838239592613284
sustained_1,A_conditional,JOINT,37,,,,44.035816734528645,44.65497509870931
sustained_1,A_conditional,JOINT,38,,,,45.807123632968455,46.53586525619151
sustained_1,A_conditional,JOINT,39,,,,46.989270749939564,48.4030598573336
sustained_1,A_conditional,JOINT,40,,,,48.537470874309484,50.37301322603392
sustained_1,A_conditional,JOINT,41,,,,49.6017298696405,52.16810637473204
sustained_1,A_conditional,JOINT,42,,,,51.02289658978362,54.04955062341711
sustained_1,A_conditional,JOINT,43,,,,53.18024056209758,55.93523168229495
sustained_1,A_conditional,JOINT,44,,,,55.13992574642033,57.93499421623463
sustained_1,A_conditional,JOINT,45,,,,57.048652865879454,59.722693851095194
sustained_1,A_conditional,JOINT,46,,,,58.63893463650786,61.605456768763105
sustained_1,A_conditional,JOINT,47,,,,60.31068457601284,63.507701411710684
sustained_1,A_conditional,JOINT,48,,,,61.48261220321175,65.47576458042973
sustained_1,A_conditional,JOINT,49,,,,63.4075010772453,67.27385325243716
sustained_1,A_conditional,JOINT,50,,,,65.88421230793688,69.17647956306713
sustained_1,A_conditional,JOINT,51,,,,67.67292062874363,71.05964554639891
sustained_1,A_conditional,JOINT,52,,,,69.83426611637076,73.04491117864688
sustained_1,A_conditional,JOINT,53,,,,72.29793349958976,74.84997963302418
sustained_1,A_conditional,JOINT,54,,,,74.18935195757642,76.75403632519196
sustained_1,A_conditional,JOINT,55,,,,75.33831201990866,78.63400600054308
sustained_1,A_conditional,JOINT,56,,,,76.74328638143437,80.58810325245805
sustained_1,A_conditional,JOINT,57,,,,78.62326512081498,82.39558925869716
sustained_1,A_conditional,JOINT,58,,,,80.32471411723061,84.27362422507416
sustained_1,A_conditional,JOINT,59,,,,82.40569545315554,86.15044088009994
sustained_1,A_conditional,JOINT,60,,,,84.62673903944003,88.10651205930255
sustained_1,A_conditional,JOINT,61,,,,86.48099995973371,89.91678572774623
sustained_1,A_conditional,JOINT,62,,,,87.81863491253978,91.78363507864853
sustained_1,A_conditional,JOINT,63,,,,89.18827885798947,93.67284853663931
sustained_1,A_conditional,JOINT,64,,,,91.13580229516263,95.65273874180029
sustained_1,A_conditional,JOINT,65,,,,93.12446981202027,97.4522548005549
sustained_1,A_conditional,JOINT,66,,,,95.60660659872744,99.30763842412267
sustained_1,A_conditional,JOINT,67,,,,97.35886114245851,101.1820061973672
sustained_1,A_conditional,JOINT,68,,,,99.53162710681586,103.1617126857866
sustained_1,A_conditional,JOINT,69,,,,101.49564727411978,104.95351764654582
sustained_1,A_conditional,JOINT,70,,,,102.54226932124095,106.83000938445882
sustained_1,A_conditional,JOINT,71,,,,104.17535982339378,108.74424944833275
sustained_1,A_conditional,JOINT,72,,,,105.96842233374676,110.71681536135746
sustained_1,A_conditional,JOINT,73,,,,107.8174432930273,112.56466263496168
sustained_1,A_conditional,JOINT,74,,,,109.4576930403733,114.43663660538374
sustained_1,A_conditional,JOINT,75,,,,111.27158174536198,116.30934473245739
sustained_1,A_conditional,JOINT,76,,,,112.89947847619156,118.3161877533859
sustained_1,A_conditional,JOINT,77,,,,113.98104933677214,120.17527111754289
sustained_1,A_conditional,JOINT,78,,,,115.66949338184313,122.05662317857792
sustained_1,A_conditional,JOINT,79,,,,117.81808619215478,123.94650160073935
sustained_1,A_conditional,JOINT,80,,,,119.95141661468718,125.92942779334174
sustained_1,A_conditional,JOINT,81,,,,121.61818735406034,127.7541483310804
sustained_1,A_conditional,JOINT,82,,,,123.30236999120476,129.64694769772055
sustained_1,A_conditional,JOINT,83,,,,124.60778495222556,131.54894333572273
sustained_1,A_conditional,JOINT,84,,,,125.70797237502875,133.5122369498519
sustained_1,A_conditional,JOINT,85,,,,127.25826655029955,135.3054766370302
sustained_1,A_conditional,JOINT,86,,,,128.99667209789953,137.17975975907447
sustained_1,A_conditional,JOINT,87,,,,131.25555262664304,139.10139770281592
sustained_1,A_conditional,JOINT,88,,,,133.18533229582667,141.08443872663403
sustained_1,A_conditional,JOINT,89,,,,134.8947763612207,142.87582428891503
sustained_1,A_conditional,JOINT,90,,,,136.36779057663546,144.76545850910625
sustained_1,A_conditional,JOINT,91,,,,137.76592913283483,146.66702830413638
sustained_1,A_conditional,JOINT,92,,,,139.90781437183213,148.6544495202299
sustained_1,A_conditional,JOINT,93,,,,142.20061444026933,150.47844248999178
sustained_1,A_conditional,JOINT,94,,,,143.8025693063151,152.3891277426819
sustained_1,A_conditional,JOINT,95,,,,145.77805184996808,154.27239098731704
sustained_1,A_conditional,JOINT,96,,,,147.52463296902508,156.2448488542463
sustained_1,A_conditional,JOINT,97,,,,148.8163407016701,158.05964737565097
sustained_1,A_conditional,JOINT,98,,,,149.9843538928914,159.93881936406012
sustained_1,A_conditional,JOINT,99,,,,152.2293399272047,161.8146310831794
sustained_1,A_conditional,JOINT,100,,,,154.69219946188082,163.79058045697496
sustained_1,A_conditional,JOINT,101,,,,156.82376640449075,165.6136307785353
sustained_1,A_conditional,JOINT,102,,,,158.51993401257678,167.50305466659108
sustained_1,A_conditional,JOINT,103,,,,160.62555045757958,169.38179224307
sustained_1,A_conditional,JOINT,104,,,,162.40495310813745,171.36285714205405
sustained_1,A_conditional,JOINT,105,,,,163.62607101242293,173.1326788146575
sustained_1,A_conditional,JOINT,106,,,,165.63944136480472,175.0123636493001
sustained_1,A_conditional,JOINT,107,,,,167.8157113116284,176.9061774414278
sustained_1,A_conditional,JOINT,108,,,,170.32962714978927,178.8784238222575
sustained_1,A_conditional,JOINT,109,,,,172.2275152885284,180.71776796390014
sustained_1,A_conditional,JOINT,110,,,,174.22182863339373,182.6278542453956
sustained_1,A_conditional,JOINT,111,,,,175.94772314047376,184.5164171668268
sustained_1,A_conditional,JOINT,112,,,,176.94404165730137,186.41047905097832
sustained_1,A_conditional,JOINT,113,,,,177.7945339948553,187.59209880105595
sustained_1,A_conditional,JOINT,114,,,,178.96449161112147,188.76344253624563
sustained_1,A_conditional,JOINT,115,,,,179.82837604234743,189.9347862714353
sustained_1,A_conditional,JOINT,116,,,,181.00422034909752,191.106130006625
sustained_1,A_conditional,JOINT,117,,,,182.13050747075278,192.27747374181467
sustained_1,A_conditional,JOINT,118,,,,183.09660756460954,193.44881747700435
sustained_1,A_conditional,JOINT,119,,,,183.8892828183883,194.62016121219403
sustained_1,A_conditional,JOINT,120,,,,185.6266277735727,195.79150494738371
sustained_1,B_arrival,FROZEN,36.769676996,29.8,29.931597394074256,0.1315973940742552,,
sustained_1,B_arrival,FROZEN,39.384676996,29.8,30.25086686815239,0.45086686815238863,,
sustained_1,B_arrival,FROZEN,41.929676996,29.8,30.536050222900492,0.7360502229004915,,
sustained_1,B_arrival,FROZEN,44.739676996,29.8,30.831854854507966,1.0318548545079658,,
sustained_1,B_arrival,FROZEN,47.359676996,31.2,31.06065412756995,-0.1393458724300487,,
sustained_1,B_arrival,FROZEN,49.934676996,31.2,31.260070266210864,0.06007026621086453,,
sustained_1,B_arrival,FROZEN,52.469676996,31.2,31.44038058615809,0.24038058615808922,,
sustained_1,B_arrival,FROZEN,55.299676996,31.2,31.6366346820223,0.4366346820223015,,
sustained_1,B_arrival,FROZEN,57.854676996,31.6,31.76762868992643,0.16762868992642765,,
sustained_1,B_arrival,FROZEN,60.404676996,31.6,31.89582582040375,0.29582582040374916,,
sustained_1,B_arrival,FROZEN,62.944676996,31.6,32.010189649003244,0.41018964900324306,,
sustained_1,B_arrival,FROZEN,65.909676996,31.6,32.132154442578546,0.5321544425785447,,
sustained_1,B_arrival,FROZEN,68.469676996,31.9,32.222622316328646,0.3226223163286477,,
sustained_1,B_arrival,FROZEN,71.049676996,31.9,32.309699067721894,0.40969906772189546,,
sustained_1,B_arrival,FROZEN,73.729676996,31.9,32.394350902548574,0.4943509025485753,,
sustained_1,B_arrival,FROZEN,76.364676996,31.9,32.45100155673494,0.5510015567349384,,
sustained_1,B_arrival,FROZEN,79.019676996,32.1,32.51180230989409,0.4118023098940853,,
sustained_1,B_arrival,FROZEN,81.804676996,32.1,32.570006417675444,0.4700064176754424,,
sustained_1,B_arrival,FROZEN,84.379676996,32.1,32.61528669075321,0.5152866907532072,,
sustained_1,B_arrival,FROZEN,86.754676996,32.2,32.65440271986496,0.4544027198649587,,
sustained_1,B_arrival,FROZEN,89.324676996,32.2,32.69079669511882,0.4907966951188172,,
sustained_1,B_arrival,FROZEN,91.904676996,32.2,32.73539682470365,0.5353968247036462,,
sustained_1,B_arrival,FROZEN,94.219676996,32.2,32.753965517542525,0.5539655175425224,,
sustained_1,B_arrival,FROZEN,97.039676996,32.3,32.78526055802123,0.48526055802123125,,
sustained_1,B_arrival,FROZEN,99.629676996,32.3,32.808312324776104,0.5083123247761065,,
sustained_1,B_arrival,FROZEN,102.274676996,32.3,32.83740340831254,0.5374034083125423,,
sustained_1,B_arrival,FROZEN,104.899676996,32.3,32.86658060219849,0.566580602198492,,
sustained_1,B_arrival,FROZEN,107.324676996,32.3,32.87995430547421,0.5799543054742102,,
sustained_1,B_arrival,FROZEN,109.914676996,32.3,32.8849340029023,0.5849340029023011,,
sustained_1,B_arrival,FROZEN,112.519676996,32.3,32.82919403847607,0.5291940384760707,,
sustained_1,B_arrival,FROZEN,115.149676996,32.3,32.519172962890785,0.21917296289078791,,
sustained_1,B_arrival,FROZEN,118.024676996,31.6,32.2206443513316,0.6206443513315989,,
sustained_1,B_arrival,FROZEN,120.634676996,31.6,31.981871153693298,0.3818711536932966,,
sustained_1,B_arrival,FROZEN,123.324676996,31.6,31.76409432565947,0.16409432565946958,,
sustained_1,B_arrival,FROZEN,126.009676996,31.6,31.57207684071448,-0.027923159285521137,,
sustained_1,B_arrival,FROZEN,128.504676996,30.7,31.413765136727456,0.7137651367274565,,
sustained_1,B_arrival,FROZEN,131.149676996,30.7,31.264700631641126,0.5647006316411272,,
sustained_1,B_arrival,FROZEN,133.814676996,30.7,31.13183484675533,0.43183484675532924,,
sustained_1,B_arrival,FROZEN,136.419676996,30.7,31.01684316945424,0.3168431694542413,,
sustained_1,B_arrival,FROZEN,138.899676996,30.5,30.919504212396447,0.419504212396447,,
sustained_1,B_arrival,FROZEN,141.559676996,30.5,30.826780239419737,0.3267802394197368,,
sustained_1,B_arrival,FROZEN,144.139676996,30.5,30.74710187793793,0.24710187793792926,,
sustained_1,B_arrival,FROZEN,146.694676996,30.4,30.67702475154157,0.27702475154157113,,
sustained_1,B_arrival,FROZEN,149.189676996,30.4,30.616133263061048,0.21613326306104952,,
sustained_1,B_arrival,FROZEN,151.539676996,30.4,30.564860484906,0.1648604849060007,,
sustained_1,B_arrival,FROZEN,154.109676996,30.4,30.514812017235347,0.11481201723534795,,
sustained_1,B_arrival,FROZEN,156.479676996,30.4,30.473644643101824,0.07364464310182584,,
sustained_1,B_arrival,FROZEN,159.239676996,30.3,30.43105965570065,0.1310596557006498,,
sustained_1,B_arrival,FROZEN,161.799676996,30.3,30.396138404074026,0.09613840407402563,,
sustained_1,B_arrival,FROZEN,164.534676996,30.3,30.36313003838003,0.06313003838003084,,
sustained_1,B_arrival,FROZEN,167.199676996,30.3,30.334746902921367,0.034746902921366285,,
sustained_1,B_arrival,FROZEN,169.844676996,30.3,30.309836214636277,0.009836214636276708,,
sustained_1,B_arrival,FROZEN,172.479676996,30.3,30.287876527810802,-0.012123472189198736,,
sustained_1,B_arrival,FROZEN,174.919676996,30.3,30.26979929842255,-0.03020070157744925,,
sustained_1,B_arrival,FROZEN,177.664676996,30.2,30.251762549270605,0.05176254927060597,,
sustained_1,B_arrival,FROZEN,0,,,,0.0,0.0
sustained_1,B_arrival,FROZEN,1,,,,1.0349347236339224,1.1713437351896754
sustained_1,B_arrival,FROZEN,2,,,,1.8247596002447233,2.3426874703793508
sustained_1,B_arrival,FROZEN,3,,,,2.733336923914385,3.514031205569026
sustained_1,B_arrival,FROZEN,4,,,,3.587319963496216,4.6853749407587015
sustained_1,B_arrival,FROZEN,5,,,,4.471797212984082,5.856718675948377
sustained_1,B_arrival,FROZEN,6,,,,5.87222742720624,7.028062411138052
sustained_1,B_arrival,FROZEN,7,,,,6.832311259524897,8.199406146327728
sustained_1,B_arrival,FROZEN,8,,,,7.7596992924611055,9.370749881517403
sustained_1,B_arrival,FROZEN,9,,,,8.739380595812671,10.542093616707078
sustained_1,B_arrival,FROZEN,10,,,,9.685362415113532,11.713437351896754
sustained_1,B_arrival,FROZEN,11,,,,10.69326805447341,12.884781087086429
sustained_1,B_arrival,FROZEN,12,,,,11.839516221774932,14.056124822276104
sustained_1,B_arrival,FROZEN,13,,,,13.14689688440771,15.22746855746578
sustained_1,B_arrival,FROZEN,14,,,,14.188773740288125,16.398812292655457
sustained_1,B_arrival,FROZEN,15,,,,15.360174161066364,17.57015602784513
sustained_1,B_arrival,FROZEN,16,,,,16.730764464496346,18.741499763034806
sustained_1,B_arrival,FROZEN,17,,,,17.7595998639802,19.912843498224483
sustained_1,B_arrival,FROZEN,18,,,,19.33518411372207,21.084187233414156
sustained_1,B_arrival,FROZEN,19,,,,20.973426526013895,22.255530968603832
sustained_1,B_arrival,FROZEN,20,,,,23.300689875504727,23.42687470379351
sustained_1,B_arrival,FROZEN,21,,,,24.47517327630881,24.59821843898318
sustained_1,B_arrival,FROZEN,22,,,,25.42418977387269,25.769562174172858
sustained_1,B_arrival,FROZEN,23,,,,26.57460280476628,26.940905909362534
sustained_1,B_arrival,FROZEN,24,,,,27.94934081842674,28.112249644552207
sustained_1,B_arrival,FROZEN,25,,,,29.061098790442955,29.283593379741884
sustained_1,B_arrival,FROZEN,26,,,,30.159953561367104,30.45493711493156
sustained_1,B_arrival,FROZEN,27,,,,31.342631245031917,31.626280850121237
sustained_1,B_arrival,FROZEN,28,,,,32.46415273884804,32.79762458531091
sustained_1,B_arrival,FROZEN,29,,,,33.60957869792183,33.968968320500586
sustained_1,B_arrival,FROZEN,30,,,,34.58072802099837,35.14031205569026
sustained_1,B_arrival,FROZEN,31,,,,35.572289762448015,36.31165579087994
sustained_1,B_arrival,FROZEN,32,,,,36.83797009979486,37.48299952606961
sustained_1,B_arrival,FROZEN,33,,,,38.155101340630196,38.654343261259285
sustained_1,B_arrival,FROZEN,34,,,,39.082969713614325,39.825686996448965
sustained_1,B_arrival,FROZEN,35,,,,40.430228773970775,40.99703073163864
sustained_1,B_arrival,FROZEN,36,,,,41.99828017095157,42.77160403997372
sustained_1,B_arrival,FROZEN,37,,,,44.035816734528645,44.51495881158757
sustained_1,B_arrival,FROZEN,38,,,,45.807123632968455,46.34625961506287
sustained_1,B_arrival,FROZEN,39,,,,46.989270749939564,48.177560418538164
sustained_1,B_arrival,FROZEN,40,,,,48.537470874309484,50.04383842026108
sustained_1,B_arrival,FROZEN,41,,,,49.6017298696405,51.78719319187492
sustained_1,B_arrival,FROZEN,42,,,,51.02289658978362,53.61849399535022
sustained_1,B_arrival,FROZEN,43,,,,53.18024056209758,55.44979479882552
sustained_1,B_arrival,FROZEN,44,,,,55.13992574642033,57.31607280054843
sustained_1,B_arrival,FROZEN,45,,,,57.048652865879454,59.05942757216228
sustained_1,B_arrival,FROZEN,46,,,,58.63893463650786,60.890728375637586
sustained_1,B_arrival,FROZEN,47,,,,60.31068457601284,62.72202917911288
sustained_1,B_arrival,FROZEN,48,,,,61.48261220321175,64.58830718083578
sustained_1,B_arrival,FROZEN,49,,,,63.4075010772453,66.33166195244964
sustained_1,B_arrival,FROZEN,50,,,,65.88421230793688,68.16296275592494
sustained_1,B_arrival,FROZEN,51,,,,67.67292062874363,69.99426355940024
sustained_1,B_arrival,FROZEN,52,,,,69.83426611637076,71.86054156112314
sustained_1,B_arrival,FROZEN,53,,,,72.29793349958976,73.603896332737
sustained_1,B_arrival,FROZEN,54,,,,74.18935195757642,75.4351971362123
sustained_1,B_arrival,FROZEN,55,,,,75.33831201990866,77.2664979396876
sustained_1,B_arrival,FROZEN,56,,,,76.74328638143437,79.1327759414105
sustained_1,B_arrival,FROZEN,57,,,,78.62326512081498,80.87613071302434
sustained_1,B_arrival,FROZEN,58,,,,80.32471411723061,82.70743151649965
sustained_1,B_arrival,FROZEN,59,,,,82.40569545315554,84.53873231997495
sustained_1,B_arrival,FROZEN,60,,,,84.62673903944003,86.40501032169786
sustained_1,B_arrival,FROZEN,61,,,,86.48099995973371,88.1483650933117
sustained_1,B_arrival,FROZEN,62,,,,87.81863491253978,89.97966589678701
sustained_1,B_arrival,FROZEN,63,,,,89.18827885798947,91.8109667002623
sustained_1,B_arrival,FROZEN,64,,,,91.13580229516263,93.67724470198522
sustained_1,B_arrival,FROZEN,65,,,,93.12446981202027,95.42059947359907
sustained_1,B_arrival,FROZEN,66,,,,95.60660659872744,97.25190027707437
sustained_1,B_arrival,FROZEN,67,,,,97.35886114245851,99.08320108054967
sustained_1,B_arrival,FROZEN,68,,,,99.53162710681586,100.94947908227257
sustained_1,B_arrival,FROZEN,69,,,,101.49564727411978,102.69283385388643
sustained_1,B_arrival,FROZEN,70,,,,102.54226932124095,104.52413465736173
sustained_1,B_arrival,FROZEN,71,,,,104.17535982339378,106.35543546083704
sustained_1,B_arrival,FROZEN,72,,,,105.96842233374676,108.22171346255992
sustained_1,B_arrival,FROZEN,73,,,,107.8174432930273,109.96506823417378
sustained_1,B_arrival,FROZEN,74,,,,109.4576930403733,111.7963690376491
sustained_1,B_arrival,FROZEN,75,,,,111.27158174536198,113.62766984112439
sustained_1,B_arrival,FROZEN,76,,,,112.89947847619156,115.49394784284729
sustained_1,B_arrival,FROZEN,77,,,,113.98104933677214,117.23730261446116
sustained_1,B_arrival,FROZEN,78,,,,115.66949338184313,119.06860341793644
sustained_1,B_arrival,FROZEN,79,,,,117.81808619215478,120.89990422141175
sustained_1,B_arrival,FROZEN,80,,,,119.95141661468718,122.76618222313465
sustained_1,B_arrival,FROZEN,81,,,,121.61818735406034,124.5095369947485
sustained_1,B_arrival,FROZEN,82,,,,123.30236999120476,126.3408377982238
sustained_1,B_arrival,FROZEN,83,,,,124.60778495222556,128.17213860169912
sustained_1,B_arrival,FROZEN,84,,,,125.70797237502875,130.038416603422
sustained_1,B_arrival,FROZEN,85,,,,127.25826655029955,131.78177137503587
sustained_1,B_arrival,FROZEN,86,,,,128.99667209789953,133.61307217851117
sustained_1,B_arrival,FROZEN,87,,,,131.25555262664304,135.44437298198648
sustained_1,B_arrival,FROZEN,88,,,,133.18533229582667,137.31065098370937
sustained_1,B_arrival,FROZEN,89,,,,134.8947763612207,139.05400575532323
sustained_1,B_arrival,FROZEN,90,,,,136.36779057663546,140.8853065587985
sustained_1,B_arrival,FROZEN,91,,,,137.76592913283483,142.7166073622738
sustained_1,B_arrival,FROZEN,92,,,,139.90781437183213,144.58288536399672
sustained_1,B_arrival,FROZEN,93,,,,142.20061444026933,146.3262401356106
sustained_1,B_arrival,FROZEN,94,,,,143.8025693063151,148.1575409390859
sustained_1,B_arrival,FROZEN,95,,,,145.77805184996808,149.9888417425612
sustained_1,B_arrival,FROZEN,96,,,,147.52463296902508,151.85511974428408
sustained_1,B_arrival,FROZEN,97,,,,148.8163407016701,153.59847451589795
sustained_1,B_arrival,FROZEN,98,,,,149.9843538928914,155.42977531937325
sustained_1,B_arrival,FROZEN,99,,,,152.2293399272047,157.26107612284855
sustained_1,B_arrival,FROZEN,100,,,,154.69219946188082,159.12735412457144
sustained_1,B_arrival,FROZEN,101,,,,156.82376640449075,160.8707088961853
sustained_1,B_arrival,FROZEN,102,,,,158.51993401257678,162.7020096996606
sustained_1,B_arrival,FROZEN,103,,,,160.62555045757958,164.5333105031359
sustained_1,B_arrival,FROZEN,104,,,,162.40495310813745,166.3995885048588
sustained_1,B_arrival,FROZEN,105,,,,163.62607101242293,168.14294327647266
sustained_1,B_arrival,FROZEN,106,,,,165.63944136480472,169.97424407994797
sustained_1,B_arrival,FROZEN,107,,,,167.8157113116284,171.80554488342327
sustained_1,B_arrival,FROZEN,108,,,,170.32962714978927,173.67182288514618
sustained_1,B_arrival,FROZEN,109,,,,172.2275152885284,175.41517765676002
sustained_1,B_arrival,FROZEN,110,,,,174.22182863339373,177.24647846023532
sustained_1,B_arrival,FROZEN,111,,,,175.94772314047376,179.07777926371062
sustained_1,B_arrival,FROZEN,112,,,,176.94404165730137,180.90908006718593
sustained_1,B_arrival,FROZEN,113,,,,177.7945339948553,182.0954050597405
sustained_1,B_arrival,FROZEN,114,,,,178.96449161112147,183.26674879493018
sustained_1,B_arrival,FROZEN,115,,,,179.82837604234743,184.43809253011986
sustained_1,B_arrival,FROZEN,116,,,,181.00422034909752,185.60943626530954
sustained_1,B_arrival,FROZEN,117,,,,182.13050747075278,186.78078000049922
sustained_1,B_arrival,FROZEN,118,,,,183.09660756460954,187.9521237356889
sustained_1,B_arrival,FROZEN,119,,,,183.8892828183883,189.12346747087855
sustained_1,B_arrival,FROZEN,120,,,,185.6266277735727,190.29481120606823
sustained_1,B_arrival,JOINT,36.769676996,29.8,29.95873692154883,0.15873692154882946,,
sustained_1,B_arrival,JOINT,39.384676996,29.8,30.30998213621621,0.5099821362162089,,
sustained_1,B_arrival,JOINT,41.929676996,29.8,30.612635864765444,0.8126358647654435,,
sustained_1,B_arrival,JOINT,44.739676996,29.8,30.91704224928729,1.117042249287291,,
sustained_1,B_arrival,JOINT,47.359676996,31.2,31.140616612869024,-0.059383387130974796,,
sustained_1,B_arrival,JOINT,49.934676996,31.2,31.327780066709344,0.12778006670934516,,
sustained_1,B_arrival,JOINT,52.469676996,31.2,31.491971891539073,0.2919718915390739,,
sustained_1,B_arrival,JOINT,55.299676996,31.2,31.669182890977233,0.4691828909772333,,
sustained_1,B_arrival,JOINT,57.854676996,31.6,31.77515364873513,0.1751536487351295,,
sustained_1,B_arrival,JOINT,60.404676996,31.6,31.87920510641698,0.2792051064169776,,
sustained_1,B_arrival,JOINT,62.944676996,31.6,31.968722774209155,0.36872277420915367,,
sustained_1,B_arrival,JOINT,65.909676996,31.6,32.06199653954787,0.4619965395478687,,
sustained_1,B_arrival,JOINT,68.469676996,31.9,32.12734416028803,0.22734416028803395,,
sustained_1,B_arrival,JOINT,71.049676996,31.9,32.190689927722445,0.29068992772244684,,
sustained_1,B_arrival,JOINT,73.729676996,31.9,32.25209325508601,0.35209325508601097,,
sustained_1,B_arrival,JOINT,76.364676996,31.9,32.283516775586406,0.38351677558640773,,
sustained_1,B_arrival,JOINT,79.019676996,32.1,32.322096670865534,0.22209667086553253,,
sustained_1,B_arrival,JOINT,81.804676996,32.1,32.3584956217167,0.2584956217166976,,
sustained_1,B_arrival,JOINT,84.379676996,32.1,32.38436290874869,0.2843629087486903,,
sustained_1,B_arrival,JOINT,86.754676996,32.2,32.40692591040032,0.20692591040031516,,
sustained_1,B_arrival,JOINT,89.324676996,32.2,32.42623440062696,0.2262344006269572,,
sustained_1,B_arrival,JOINT,91.904676996,32.2,32.45706722182168,0.2570672218216785,,
sustained_1,B_arrival,JOINT,94.219676996,32.2,32.46079768071965,0.26079768071964793,,
sustained_1,B_arrival,JOINT,97.039676996,32.3,32.47741146209114,0.17741146209114333,,
sustained_1,B_arrival,JOINT,99.629676996,32.3,32.487609842598005,0.1876098425980075,,
sustained_1,B_arrival,JOINT,102.274676996,32.3,32.50611479514877,0.20611479514877118,,
sustained_1,B_arrival,JOINT,104.899676996,32.3,32.52617101448479,0.22617101448479104,,
sustained_1,B_arrival,JOINT,107.324676996,32.3,32.529760424843275,0.22976042484327763,,
sustained_1,B_arrival,JOINT,109.914676996,32.3,32.52368370766845,0.22368370766844947,,
sustained_1,B_arrival,JOINT,112.519676996,32.3,32.446992855055846,0.14699285505584925,,
sustained_1,B_arrival,JOINT,115.149676996,32.3,32.079098046409705,-0.22090195359029252,,
sustained_1,B_arrival,JOINT,118.024676996,31.6,31.738278331540066,0.13827833154006441,,
sustained_1,B_arrival,JOINT,120.634676996,31.6,31.4760308493289,-0.12396915067110115,,
sustained_1,B_arrival,JOINT,123.324676996,31.6,31.2456024962981,-0.35439750370190026,,
sustained_1,B_arrival,JOINT,126.009676996,31.6,31.049981210489765,-0.5500187895102364,,
sustained_1,B_arrival,JOINT,128.504676996,30.7,30.894490662355555,0.19449066235555534,,
sustained_1,B_arrival,JOINT,131.149676996,30.7,30.753287619602343,0.05328761960234374,,
sustained_1,B_arrival,JOINT,133.814676996,30.7,30.632056204419914,-0.06794379558008501,,
sustained_1,B_arrival,JOINT,136.419676996,30.7,30.530967465547235,-0.16903253445276434,,
sustained_1,B_arrival,JOINT,138.899676996,30.5,30.44841947965626,-0.05158052034374094,,
sustained_1,B_arrival,JOINT,141.559676996,30.5,30.372586440048302,-0.12741355995169812,,
sustained_1,B_arrival,JOINT,144.139676996,30.5,30.30979535441763,-0.19020464558236938,,
sustained_1,B_arrival,JOINT,146.694676996,30.4,30.256542543987333,-0.14345745601266557,,
sustained_1,B_arrival,JOINT,149.189676996,30.4,30.211897398414923,-0.18810260158507575,,
sustained_1,B_arrival,JOINT,151.539676996,30.4,30.175576073022324,-0.22442392697767488,,
sustained_1,B_arrival,JOINT,154.109676996,30.4,30.14133676877445,-0.25866323122554746,,
sustained_1,B_arrival,JOINT,156.479676996,30.4,30.114146644372056,-0.28585335562794256,,
sustained_1,B_arrival,JOINT,159.239676996,30.3,30.087025149442184,-0.21297485055781706,,
sustained_1,B_arrival,JOINT,161.799676996,30.3,30.065613442389477,-0.23438655761052374,,
sustained_1,B_arrival,JOINT,164.534676996,30.3,30.04612416974434,-0.2538758302556623,,
sustained_1,B_arrival,JOINT,167.199676996,30.3,30.03000096968482,-0.26999903031518,,
sustained_1,B_arrival,JOINT,169.844676996,30.3,30.01637865568912,-0.2836213443108804,,
sustained_1,B_arrival,JOINT,172.479676996,30.3,30.004816841586827,-0.2951831584131739,,
sustained_1,B_arrival,JOINT,174.919676996,30.3,29.995641033504132,-0.3043589664958688,,
sustained_1,B_arrival,JOINT,177.664676996,30.2,29.986820971860258,-0.21317902813974143,,
sustained_1,B_arrival,JOINT,0,,,,0.0,0.0
sustained_1,B_arrival,JOINT,1,,,,1.0349347236339224,1.1713437351896754
sustained_1,B_arrival,JOINT,2,,,,1.8247596002447233,2.3426874703793508
sustained_1,B_arrival,JOINT,3,,,,2.733336923914385,3.514031205569026
sustained_1,B_arrival,JOINT,4,,,,3.587319963496216,4.6853749407587015
sustained_1,B_arrival,JOINT,5,,,,4.471797212984082,5.856718675948377
sustained_1,B_arrival,JOINT,6,,,,5.87222742720624,7.028062411138052
sustained_1,B_arrival,JOINT,7,,,,6.832311259524897,8.199406146327728
sustained_1,B_arrival,JOINT,8,,,,7.7596992924611055,9.370749881517403
sustained_1,B_arrival,JOINT,9,,,,8.739380595812671,10.542093616707078
sustained_1,B_arrival,JOINT,10,,,,9.685362415113532,11.713437351896754
sustained_1,B_arrival,JOINT,11,,,,10.69326805447341,12.884781087086429
sustained_1,B_arrival,JOINT,12,,,,11.839516221774932,14.056124822276104
sustained_1,B_arrival,JOINT,13,,,,13.14689688440771,15.22746855746578
sustained_1,B_arrival,JOINT,14,,,,14.188773740288125,16.398812292655457
sustained_1,B_arrival,JOINT,15,,,,15.360174161066364,17.57015602784513
sustained_1,B_arrival,JOINT,16,,,,16.730764464496346,18.741499763034806
sustained_1,B_arrival,JOINT,17,,,,17.7595998639802,19.912843498224483
sustained_1,B_arrival,JOINT,18,,,,19.33518411372207,21.084187233414156
sustained_1,B_arrival,JOINT,19,,,,20.973426526013895,22.255530968603832
sustained_1,B_arrival,JOINT,20,,,,23.300689875504727,23.42687470379351
sustained_1,B_arrival,JOINT,21,,,,24.47517327630881,24.59821843898318
sustained_1,B_arrival,JOINT,22,,,,25.42418977387269,25.769562174172858
sustained_1,B_arrival,JOINT,23,,,,26.57460280476628,26.940905909362534
sustained_1,B_arrival,JOINT,24,,,,27.94934081842674,28.112249644552207
sustained_1,B_arrival,JOINT,25,,,,29.061098790442955,29.283593379741884
sustained_1,B_arrival,JOINT,26,,,,30.159953561367104,30.45493711493156
sustained_1,B_arrival,JOINT,27,,,,31.342631245031917,31.626280850121237
sustained_1,B_arrival,JOINT,28,,,,32.46415273884804,32.79762458531091
sustained_1,B_arrival,JOINT,29,,,,33.60957869792183,33.968968320500586
sustained_1,B_arrival,JOINT,30,,,,34.58072802099837,35.14031205569026
sustained_1,B_arrival,JOINT,31,,,,35.572289762448015,36.31165579087994
sustained_1,B_arrival,JOINT,32,,,,36.83797009979486,37.48299952606961
sustained_1,B_arrival,JOINT,33,,,,38.155101340630196,38.654343261259285
sustained_1,B_arrival,JOINT,34,,,,39.082969713614325,39.825686996448965
sustained_1,B_arrival,JOINT,35,,,,40.430228773970775,40.99703073163864
sustained_1,B_arrival,JOINT,36,,,,41.99828017095157,42.83100163350814
sustained_1,B_arrival,JOINT,37,,,,44.035816734528645,44.64534182953914
sustained_1,B_arrival,JOINT,38,,,,45.807123632968455,46.541471518068484
sustained_1,B_arrival,JOINT,39,,,,46.989270749939564,48.43760120659782
sustained_1,B_arrival,JOINT,40,,,,48.537470874309484,50.42631310207481
sustained_1,B_arrival,JOINT,41,,,,49.6017298696405,52.240653298105805
sustained_1,B_arrival,JOINT,42,,,,51.02289658978362,54.13678298663515
sustained_1,B_arrival,JOINT,43,,,,53.18024056209758,56.032912675164496
sustained_1,B_arrival,JOINT,44,,,,55.13992574642033,58.02162457064147
sustained_1,B_arrival,JOINT,45,,,,57.048652865879454,59.83596476667247
sustained_1,B_arrival,JOINT,46,,,,58.63893463650786,61.73209445520182
sustained_1,B_arrival,JOINT,47,,,,60.31068457601284,63.62822414373116
sustained_1,B_arrival,JOINT,48,,,,61.48261220321175,65.61693603920813
sustained_1,B_arrival,JOINT,49,,,,63.4075010772453,67.43127623523914
sustained_1,B_arrival,JOINT,50,,,,65.88421230793688,69.32740592376848
sustained_1,B_arrival,JOINT,51,,,,67.67292062874363,71.22353561229782
sustained_1,B_arrival,JOINT,52,,,,69.83426611637076,73.2122475077748
sustained_1,B_arrival,JOINT,53,,,,72.29793349958976,75.0265877038058
sustained_1,B_arrival,JOINT,54,,,,74.18935195757642,76.92271739233516
sustained_1,B_arrival,JOINT,55,,,,75.33831201990866,78.81884708086449
sustained_1,B_arrival,JOINT,56,,,,76.74328638143437,80.80755897634148
sustained_1,B_arrival,JOINT,57,,,,78.62326512081498,82.62189917237247
sustained_1,B_arrival,JOINT,58,,,,80.32471411723061,84.51802886090182
sustained_1,B_arrival,JOINT,59,,,,82.40569545315554,86.41415854943116
sustained_1,B_arrival,JOINT,60,,,,84.62673903944003,88.40287044490813
sustained_1,B_arrival,JOINT,61,,,,86.48099995973371,90.21721064093914
sustained_1,B_arrival,JOINT,62,,,,87.81863491253978,92.11334032946849
sustained_1,B_arrival,JOINT,63,,,,89.18827885798947,94.00947001799781
sustained_1,B_arrival,JOINT,64,,,,91.13580229516263,95.99818191347481
sustained_1,B_arrival,JOINT,65,,,,93.12446981202027,97.81252210950584
sustained_1,B_arrival,JOINT,66,,,,95.60660659872744,99.70865179803516
sustained_1,B_arrival,JOINT,67,,,,97.35886114245851,101.6047814865645
sustained_1,B_arrival,JOINT,68,,,,99.53162710681586,103.59349338204149
sustained_1,B_arrival,JOINT,69,,,,101.49564727411978,105.40783357807248
sustained_1,B_arrival,JOINT,70,,,,102.54226932124095,107.30396326660184
sustained_1,B_arrival,JOINT,71,,,,104.17535982339378,109.20009295513118
sustained_1,B_arrival,JOINT,72,,,,105.96842233374676,111.18880485060814
sustained_1,B_arrival,JOINT,73,,,,107.8174432930273,113.00314504663916
sustained_1,B_arrival,JOINT,74,,,,109.4576930403733,114.89927473516852
sustained_1,B_arrival,JOINT,75,,,,111.27158174536198,116.79540442369785
sustained_1,B_arrival,JOINT,76,,,,112.89947847619156,118.78411631917481
sustained_1,B_arrival,JOINT,77,,,,113.98104933677214,120.59845651520584
sustained_1,B_arrival,JOINT,78,,,,115.66949338184313,122.49458620373517
sustained_1,B_arrival,JOINT,79,,,,117.81808619215478,124.39071589226452
sustained_1,B_arrival,JOINT,80,,,,119.95141661468718,126.37942778774149
sustained_1,B_arrival,JOINT,81,,,,121.61818735406034,128.1937679837725
sustained_1,B_arrival,JOINT,82,,,,123.30236999120476,130.08989767230184
sustained_1,B_arrival,JOINT,83,,,,124.60778495222556,131.9860273608312
sustained_1,B_arrival,JOINT,84,,,,125.70797237502875,133.97473925630817
sustained_1,B_arrival,JOINT,85,,,,127.25826655029955,135.7890794523392
sustained_1,B_arrival,JOINT,86,,,,128.99667209789953,137.68520914086852
sustained_1,B_arrival,JOINT,87,,,,131.25555262664304,139.58133882939785
sustained_1,B_arrival,JOINT,88,,,,133.18533229582667,141.57005072487482
sustained_1,B_arrival,JOINT,89,,,,134.8947763612207,143.38439092090584
sustained_1,B_arrival,JOINT,90,,,,136.36779057663546,145.2805206094352
sustained_1,B_arrival,JOINT,91,,,,137.76592913283483,147.17665029796456
sustained_1,B_arrival,JOINT,92,,,,139.90781437183213,149.16536219344152
sustained_1,B_arrival,JOINT,93,,,,142.20061444026933,150.97970238947252
sustained_1,B_arrival,JOINT,94,,,,143.8025693063151,152.87583207800185
sustained_1,B_arrival,JOINT,95,,,,145.77805184996808,154.7719617665312
sustained_1,B_arrival,JOINT,96,,,,147.52463296902508,156.76067366200817
sustained_1,B_arrival,JOINT,97,,,,148.8163407016701,158.5750138580392
sustained_1,B_arrival,JOINT,98,,,,149.9843538928914,160.47114354656856
sustained_1,B_arrival,JOINT,99,,,,152.2293399272047,162.36727323509788
sustained_1,B_arrival,JOINT,100,,,,154.69219946188082,164.35598513057485
sustained_1,B_arrival,JOINT,101,,,,156.82376640449075,166.17032532660588
sustained_1,B_arrival,JOINT,102,,,,158.51993401257678,168.0664550151352
sustained_1,B_arrival,JOINT,103,,,,160.62555045757958,169.96258470366456
sustained_1,B_arrival,JOINT,104,,,,162.40495310813745,171.95129659914153
sustained_1,B_arrival,JOINT,105,,,,163.62607101242293,173.76563679517255
sustained_1,B_arrival,JOINT,106,,,,165.63944136480472,175.66176648370188
sustained_1,B_arrival,JOINT,107,,,,167.8157113116284,177.55789617223124
sustained_1,B_arrival,JOINT,108,,,,170.32962714978927,179.5466080677082
sustained_1,B_arrival,JOINT,109,,,,172.2275152885284,181.3609482637392
sustained_1,B_arrival,JOINT,110,,,,174.22182863339373,183.25707795226856
sustained_1,B_arrival,JOINT,111,,,,175.94772314047376,185.15320764079792
sustained_1,B_arrival,JOINT,112,,,,176.94404165730137,187.04933732932724
sustained_1,B_arrival,JOINT,113,,,,177.7945339948553,188.23568475065053
sustained_1,B_arrival,JOINT,114,,,,178.96449161112147,189.40702848584021
sustained_1,B_arrival,JOINT,115,,,,179.82837604234743,190.5783722210299
sustained_1,B_arrival,JOINT,116,,,,181.00422034909752,191.74971595621957
sustained_1,B_arrival,JOINT,117,,,,182.13050747075278,192.92105969140925
sustained_1,B_arrival,JOINT,118,,,,183.09660756460954,194.09240342659893
sustained_1,B_arrival,JOINT,119,,,,183.8892828183883,195.2637471617886
sustained_1,B_arrival,JOINT,120,,,,185.6266277735727,196.43509089697827
sustained_2,A_conditional,FROZEN,37.209054208,30.0,30.215388783495285,0.21538878349528545,,
sustained_2,A_conditional,FROZEN,39.819054208,30.9,30.486269958511645,-0.41373004148835335,,
sustained_2,A_conditional,FROZEN,42.389054208,30.9,30.732505624146206,-0.16749437585379212,,
sustained_2,A_conditional,FROZEN,45.229054208,30.9,30.940976201854443,0.04097620185444484,,
sustained_2,A_conditional,FROZEN,47.829054208,30.9,31.12930889254757,0.22930889254757147,,
sustained_2,A_conditional,FROZEN,50.364054208,31.8,31.29352268984872,-0.5064773101512792,,
sustained_2,A_conditional,FROZEN,52.984054208,31.8,31.42793359395573,-0.3720664060442722,,
sustained_2,A_conditional,FROZEN,55.584054208,31.8,31.542169291639645,-0.2578307083603555,,
sustained_2,A_conditional,FROZEN,58.254054208,31.8,31.659127791251695,-0.14087220874830564,,
sustained_2,A_conditional,FROZEN,60.924054208,32.1,31.765938237616027,-0.3340617623839748,,
sustained_2,A_conditional,FROZEN,63.479054208,32.1,31.842269645465155,-0.2577303545348464,,
sustained_2,A_conditional,FROZEN,66.029054208,32.1,31.919762324970545,-0.1802376750294563,,
sustained_2,A_conditional,FROZEN,68.574054208,32.1,31.984877249597023,-0.11512275040297837,,
sustained_2,A_conditional,FROZEN,71.224054208,32.3,32.06422531512118,-0.23577468487881958,,
sustained_2,A_conditional,FROZEN,73.859054208,32.3,32.095297967845426,-0.2047020321545716,,
sustained_2,A_conditional,FROZEN,76.354054208,32.3,32.13846106142644,-0.16153893857355683,,
sustained_2,A_conditional,FROZEN,78.994054208,32.3,32.174504546859914,-0.1254954531400827,,
sustained_2,A_conditional,FROZEN,83.429054208,32.5,32.22728951623569,-0.27271048376430684,,
sustained_2,A_conditional,FROZEN,86.084054208,32.5,32.250028141224774,-0.24997185877522554,,
sustained_2,A_conditional,FROZEN,88.604054208,32.5,32.27613075568324,-0.22386924431675936,,
sustained_2,A_conditional,FROZEN,91.309054208,32.6,32.32646398115908,-0.2735360188409217,,
sustained_2,A_conditional,FROZEN,93.894054208,32.6,32.32695819665796,-0.2730418033420392,,
sustained_2,A_conditional,FROZEN,96.459054208,32.6,32.34749211531769,-0.2525078846823092,,
sustained_2,A_conditional,FROZEN,99.114054208,32.6,32.37276205933519,-0.22723794066481418,,
sustained_2,A_conditional,FROZEN,101.694054208,32.7,32.38877392227246,-0.3112260777275395,,
sustained_2,A_conditional,FROZEN,104.409054208,32.7,32.37493862260462,-0.3250613773953859,,
sustained_2,A_conditional,FROZEN,107.059054208,32.7,32.385164019769924,-0.31483598023007886,,
sustained_2,A_conditional,FROZEN,109.589054208,32.7,32.41156792032416,-0.28843207967584306,,
sustained_2,A_conditional,FROZEN,112.219054208,32.7,32.36822903938627,-0.33177096061373135,,
sustained_2,A_conditional,FROZEN,114.869054208,32.7,32.04286921346817,-0.6571307865318303,,
sustained_2,A_conditional,FROZEN,117.489054208,32.7,31.75778463125092,-0.942215368749082,,
sustained_2,A_conditional,FROZEN,120.209054208,31.5,31.49588811226838,-0.004111887731621522,,
sustained_2,A_conditional,FROZEN,123.074054208,31.5,31.253142539439843,-0.24685746056015745,,
sustained_2,A_conditional,FROZEN,126.279054208,31.5,31.016796331381173,-0.48320366861882746,,
sustained_2,A_conditional,FROZEN,129.579054208,31.5,30.807118307901682,-0.6928816920983181,,
sustained_2,A_conditional,FROZEN,132.279054208,31.6,30.65763571726066,-0.9423642827393408,,
sustained_2,A_conditional,FROZEN,134.954054208,31.6,30.526689845766043,-1.0733101542339583,,
sustained_2,A_conditional,FROZEN,137.579054208,31.6,30.41287873727308,-1.1871212627269223,,
sustained_2,A_conditional,FROZEN,140.089054208,31.0,30.316128975529757,-0.6838710244702426,,
sustained_2,A_conditional,FROZEN,142.754054208,31.0,30.22487439941909,-0.7751256005809104,,
sustained_2,A_conditional,FROZEN,145.454054208,31.0,30.143104031984876,-0.8568959680151238,,
sustained_2,A_conditional,FROZEN,148.119054208,31.0,30.071720840220937,-0.9282791597790627,,
sustained_2,A_conditional,FROZEN,150.609054208,30.8,30.012451403049152,-0.7875485969508489,,
sustained_2,A_conditional,FROZEN,153.364054208,30.8,29.954283371487243,-0.8457166285127578,,
sustained_2,A_conditional,FROZEN,155.819054208,30.8,29.90828020556353,-0.8917197944364723,,
sustained_2,A_conditional,FROZEN,158.489054208,30.8,29.863778884241473,-0.9362211157585278,,
sustained_2,A_conditional,FROZEN,160.964054208,30.7,29.827110623706893,-0.8728893762931058,,
sustained_2,A_conditional,FROZEN,163.589054208,30.7,29.792499271170595,-0.9075007288294046,,
sustained_2,A_conditional,FROZEN,166.279054208,30.7,29.76108900333077,-0.9389109966692288,,
sustained_2,A_conditional,FROZEN,168.979054208,30.7,29.73321719152484,-0.9667828084751591,,
sustained_2,A_conditional,FROZEN,171.489054208,30.7,29.710217988579693,-0.9897820114203064,,
sustained_2,A_conditional,FROZEN,174.144054208,30.7,29.688597695097293,-1.011402304902706,,
sustained_2,A_conditional,FROZEN,176.819054208,30.7,29.669312456012882,-1.030687543987117,,
sustained_2,A_conditional,FROZEN,179.504054208,30.7,29.652186342450943,-1.0478136575490566,,
sustained_2,A_conditional,FROZEN,0,,,,0.0,0.0
sustained_2,A_conditional,FROZEN,1,,,,0.9776923237384328,1.1081015679088884
sustained_2,A_conditional,FROZEN,2,,,,1.74242265749917,2.2162031358177767
sustained_2,A_conditional,FROZEN,3,,,,2.620170094920657,3.324304703726665
sustained_2,A_conditional,FROZEN,4,,,,3.382323721678181,4.4324062716355535
sustained_2,A_conditional,FROZEN,5,,,,4.581456636376562,5.540507839544442
sustained_2,A_conditional,FROZEN,6,,,,5.749187068917204,6.64860940745333
sustained_2,A_conditional,FROZEN,7,,,,7.047011244347336,7.7567109753622185
sustained_2,A_conditional,FROZEN,8,,,,8.292316024893754,8.864812543271107
sustained_2,A_conditional,FROZEN,9,,,,9.250781234524135,9.972914111179996
sustained_2,A_conditional,FROZEN,10,,,,10.338287362297631,11.081015679088884
sustained_2,A_conditional,FROZEN,11,,,,11.710845717829658,12.189117246997771
sustained_2,A_conditional,FROZEN,12,,,,12.9806228794952,13.29721881490666
sustained_2,A_conditional,FROZEN,13,,,,13.986630593868528,14.40532038281555
sustained_2,A_conditional,FROZEN,14,,,,14.85296750017861,15.513421950724437
sustained_2,A_conditional,FROZEN,15,,,,15.68256603870869,16.621523518633325
sustained_2,A_conditional,FROZEN,16,,,,16.747990804785353,17.729625086542214
sustained_2,A_conditional,FROZEN,17,,,,17.774350835588745,18.837726654451103
sustained_2,A_conditional,FROZEN,18,,,,18.79685314714613,19.945828222359992
sustained_2,A_conditional,FROZEN,19,,,,20.439678710980896,21.053929790268878
sustained_2,A_conditional,FROZEN,20,,,,21.537118785818137,22.162031358177767
sustained_2,A_conditional,FROZEN,21,,,,22.638480237754305,23.270132926086657
sustained_2,A_conditional,FROZEN,22,,,,23.76037680721033,24.378234493995542
sustained_2,A_conditional,FROZEN,23,,,,24.81107218071205,25.48633606190443
sustained_2,A_conditional,FROZEN,24,,,,26.00832831758013,26.59443762981332
sustained_2,A_conditional,FROZEN,25,,,,27.40174374790928,27.70253919772221
sustained_2,A_conditional,FROZEN,26,,,,28.454185235310256,28.8106407656311
sustained_2,A_conditional,FROZEN,27,,,,29.528368924730245,29.918742333539985
sustained_2,A_conditional,FROZEN,28,,,,30.613808957708297,31.026843901448874
sustained_2,A_conditional,FROZEN,29,,,,31.619268173446216,32.13494546935776
sustained_2,A_conditional,FROZEN,30,,,,32.571706750773174,33.24304703726665
sustained_2,A_conditional,FROZEN,31,,,,33.520995630382494,34.35114860517554
sustained_2,A_conditional,FROZEN,32,,,,34.74008738332786,35.45925017308443
sustained_2,A_conditional,FROZEN,33,,,,36.311745609787174,36.56735174099332
sustained_2,A_conditional,FROZEN,34,,,,37.597901732866646,37.675453308902206
sustained_2,A_conditional,FROZEN,35,,,,38.669197436115994,38.783554876811095
sustained_2,A_conditional,FROZEN,36,,,,40.37764918005953,40.48906145089891
sustained_2,A_conditional,FROZEN,37,,,,41.802030728550506,42.18917743899356
sustained_2,A_conditional,FROZEN,38,,,,43.874174707355145,43.946863528714715
sustained_2,A_conditional,FROZEN,39,,,,46.23017839824174,45.72286013165201
sustained_2,A_conditional,FROZEN,40,,,,48.39972038811195,47.51717422090859
sustained_2,A_conditional,FROZEN,41,,,,50.01811442436675,49.17850763950317
sustained_2,A_conditional,FROZEN,42,,,,51.280989958843044,50.92776740387113
sustained_2,A_conditional,FROZEN,43,,,,53.14165448436529,52.67955262137427
sustained_2,A_conditional,FROZEN,44,,,,54.889846882483546,54.47684025558618
sustained_2,A_conditional,FROZEN,45,,,,56.827889079100046,56.1588882441042
sustained_2,A_conditional,FROZEN,46,,,,58.873756619481135,57.910292748364114
sustained_2,A_conditional,FROZEN,47,,,,61.02999414489356,59.68129560253608
sustained_2,A_conditional,FROZEN,48,,,,63.162794405820485,61.48085913813645
sustained_2,A_conditional,FROZEN,49,,,,64.44479626877676,63.139156262037524
sustained_2,A_conditional,FROZEN,50,,,,66.15813866926378,64.87992005642593
sustained_2,A_conditional,FROZEN,51,,,,67.94846278886061,66.63945911992681
sustained_2,A_conditional,FROZEN,52,,,,69.88022923618539,68.43110188518997
sustained_2,A_conditional,FROZEN,53,,,,71.83598543336137,70.09806783792939
sustained_2,A_conditional,FROZEN,54,,,,73.62135861755051,71.8532734555163
sustained_2,A_conditional,FROZEN,55,,,,75.12782162920655,73.59959328429457
sustained_2,A_conditional,FROZEN,56,,,,76.24757868276919,75.3915600706315
sustained_2,A_conditional,FROZEN,57,,,,77.744044985128,77.0638169172025
sustained_2,A_conditional,FROZEN,58,,,,79.3906883883535,78.82708738561196
sustained_2,A_conditional,FROZEN,59,,,,81.66537245313721,80.57162758835406
sustained_2,A_conditional,FROZEN,60,,,,83.85437373638206,82.35477189601653
sustained_2,A_conditional,FROZEN,61,,,,85.5372515112338,84.02134039283737
sustained_2,A_conditional,FROZEN,62,,,,86.81202255025458,85.77438878664029
sustained_2,A_conditional,FROZEN,63,,,,87.79764792037636,87.53290717067848
sustained_2,A_conditional,FROZEN,64,,,,89.30887525406024,89.3410010544273
sustained_2,A_conditional,FROZEN,65,,,,90.90619623887488,91.00440117371602
sustained_2,A_conditional,FROZEN,66,,,,93.25768743765796,92.77345692152099
sustained_2,A_conditional,FROZEN,67,,,,95.50228144488061,94.53811144967645
sustained_2,A_conditional,FROZEN,68,,,,97.5177368181709,96.33814074009061
sustained_2,A_conditional,FROZEN,69,,,,99.00871491302364,98.0043573990526
sustained_2,A_conditional,FROZEN,70,,,,100.04031580693153,99.75330524131208
sustained_2,A_conditional,FROZEN,71,,,,102.17607975208851,101.50045139715601
sustained_2,A_conditional,FROZEN,72,,,,104.09259734657432,103.28915570369587
sustained_2,A_conditional,FROZEN,73,,,,106.22324657482513,104.96577253042702
sustained_2,A_conditional,FROZEN,74,,,,108.14419571990166,106.71607768976254
sustained_2,A_conditional,FROZEN,75,,,,110.18573532904365,108.4626337808715
sustained_2,A_conditional,FROZEN,76,,,,111.9390771970365,110.26825637346647
sustained_2,A_conditional,FROZEN,77,,,,113.50935299812352,111.94336155802277
sustained_2,A_conditional,FROZEN,78,,,,114.99264345593089,113.68385596030618
sustained_2,A_conditional,FROZEN,79,,,,116.6426450721293,115.43913154254182
sustained_2,A_conditional,FROZEN,80,,,,118.78064247230544,117.22835724931518
sustained_2,A_conditional,FROZEN,81,,,,120.6191104793829,118.88374738089492
sustained_2,A_conditional,FROZEN,82,,,,122.56471776808515,120.62492694420672
sustained_2,A_conditional,FROZEN,83,,,,124.33720384049859,122.3730214845954
sustained_2,A_conditional,FROZEN,84,,,,125.57715775987754,124.1618301397017
sustained_2,A_conditional,FROZEN,85,,,,127.23546844829006,125.82027396322371
sustained_2,A_conditional,FROZEN,86,,,,129.66719021613403,127.56329583561836
sustained_2,A_conditional,FROZEN,87,,,,131.83965414972917,129.32009038146617
sustained_2,A_conditional,FROZEN,88,,,,133.9361178878635,131.10564115551753
sustained_2,A_conditional,FROZEN,89,,,,136.07284989974212,132.79221369618185
sustained_2,A_conditional,FROZEN,90,,,,137.97493297736975,134.5456212122936
sustained_2,A_conditional,FROZEN,91,,,,139.1971364434923,136.3137933686775
sustained_2,A_conditional,FROZEN,92,,,,140.70722023839568,138.12428171167053
sustained_2,A_conditional,FROZEN,93,,,,142.77641159581364,139.76309006654378
sustained_2,A_conditional,FROZEN,94,,,,145.09587218445463,141.53964602394785
sustained_2,A_conditional,FROZEN,95,,,,147.2988074441547,143.31576326509918
sustained_2,A_conditional,FROZEN,96,,,,148.95391972739796,145.10944695058592
sustained_2,A_conditional,FROZEN,97,,,,150.83214847887814,146.79299361356956
sustained_2,A_conditional,FROZEN,98,,,,152.00149983930294,148.54436979230735
sustained_2,A_conditional,FROZEN,99,,,,153.2702871214319,150.2995619117587
sustained_2,A_conditional,FROZEN,100,,,,155.5482530631709,152.08698063600505
sustained_2,A_conditional,FROZEN,101,,,,157.2028546440692,153.73105517533781
sustained_2,A_conditional,FROZEN,102,,,,159.46804289879577,155.4946574672872
sustained_2,A_conditional,FROZEN,103,,,,161.46028834260923,157.24474264641447
sustained_2,A_conditional,FROZEN,104,,,,164.2218407864998,159.01934212364367
sustained_2,A_conditional,FROZEN,105,,,,165.9061580871517,160.66487659943482
sustained_2,A_conditional,FROZEN,106,,,,167.146266337666,162.43726309395396
sustained_2,A_conditional,FROZEN,107,,,,168.9803907535893,164.19567247941836
sustained_2,A_conditional,FROZEN,108,,,,171.34190468585925,165.98613697746597
sustained_2,A_conditional,FROZEN,109,,,,173.46583959039393,167.66930853046355
sustained_2,A_conditional,FROZEN,110,,,,175.1438097543084,169.4108008613537
sustained_2,A_conditional,FROZEN,111,,,,176.98384204906645,171.1680385295499
sustained_2,A_conditional,FROZEN,112,,,,178.2779984338553,172.91247715491295
sustained_2,A_conditional,FROZEN,113,,,,179.69617587318126,174.05568254119126
sustained_2,A_conditional,FROZEN,114,,,,180.81554264267106,175.16378410910013
sustained_2,A_conditional,FROZEN,115,,,,181.74101383557044,176.27188567700904
sustained_2,A_conditional,FROZEN,116,,,,182.63470768688887,177.3799872449179
sustained_2,A_conditional,FROZEN,117,,,,183.69217678213943,178.48808881282682
sustained_2,A_conditional,FROZEN,118,,,,184.7119272219873,179.5961903807357
sustained_2,A_conditional,FROZEN,119,,,,185.64746939642026,180.7042919486446
sustained_2,A_conditional,FROZEN,120,,,,186.7408910651637,181.81239351655347
sustained_2,A_conditional,JOINT,37.209054208,30.0,30.253378474874097,0.25337847487409704,,
sustained_2,A_conditional,JOINT,39.819054208,30.9,30.561457838422122,-0.33854216157787675,,
sustained_2,A_conditional,JOINT,42.389054208,30.9,30.832384024146897,-0.06761597585310142,,
sustained_2,A_conditional,JOINT,45.229054208,30.9,31.04988400361527,0.14988400361527,,
sustained_2,A_conditional,JOINT,47.829054208,30.9,31.241838606966066,0.3418386069660677,,
sustained_2,A_conditional,JOINT,50.364054208,31.8,31.403663550347602,-0.39633644965239867,,
sustained_2,A_conditional,JOINT,52.984054208,31.8,31.52793672848458,-0.272063271515421,,
sustained_2,A_conditional,JOINT,55.584054208,31.8,31.6282710270527,-0.1717289729472995,,
sustained_2,A_conditional,JOINT,58.254054208,31.8,31.731389031239026,-0.06861096876097506,,
sustained_2,A_conditional,JOINT,60.924054208,32.1,31.823362993853664,-0.2766370061463377,,
sustained_2,A_conditional,JOINT,63.479054208,32.1,31.881850201781145,-0.21814979821885672,,
sustained_2,A_conditional,JOINT,66.029054208,32.1,31.94305370821475,-0.15694629178524977,,
sustained_2,A_conditional,JOINT,68.574054208,32.1,31.991037408045823,-0.10896259195417812,,
sustained_2,A_conditional,JOINT,71.224054208,32.3,32.05649527643278,-0.24350472356722008,,
sustained_2,A_conditional,JOINT,73.859054208,32.3,32.06683627172688,-0.23316372827311937,,
sustained_2,A_conditional,JOINT,76.354054208,32.3,32.094757952323874,-0.20524204767612275,,
sustained_2,A_conditional,JOINT,78.994054208,32.3,32.114720641697055,-0.1852793583029424,,
sustained_2,A_conditional,JOINT,83.429054208,32.5,32.143196128919236,-0.35680387108076417,,
sustained_2,A_conditional,JOINT,86.084054208,32.5,32.15230460842057,-0.3476953915794283,,
sustained_2,A_conditional,JOINT,88.604054208,32.5,32.16775703330795,-0.3322429666920499,,
sustained_2,A_conditional,JOINT,91.309054208,32.6,32.21198554381353,-0.38801445618646824,,
sustained_2,A_conditional,JOINT,93.894054208,32.6,32.199014022204494,-0.40098597779550715,,
sustained_2,A_conditional,JOINT,96.459054208,32.6,32.21097848500374,-0.3890215149962586,,
sustained_2,A_conditional,JOINT,99.114054208,32.6,32.22917518719658,-0.37082481280341995,,
sustained_2,A_conditional,JOINT,101.694054208,32.7,32.23798720449689,-0.4620127955031137,,
sustained_2,A_conditional,JOINT,104.409054208,32.7,32.21216867328171,-0.4878313267182932,,
sustained_2,A_conditional,JOINT,107.059054208,32.7,32.2163166352327,-0.4836833647673018,,
sustained_2,A_conditional,JOINT,109.589054208,32.7,32.240697461504176,-0.4593025384958267,,
sustained_2,A_conditional,JOINT,112.219054208,32.7,32.18299739539722,-0.51700260460278,,
sustained_2,A_conditional,JOINT,114.869054208,32.7,31.799843735103792,-0.9001562648962107,,
sustained_2,A_conditional,JOINT,117.489054208,32.7,31.476389322302587,-1.2236106776974154,,
sustained_2,A_conditional,JOINT,120.209054208,31.5,31.19022940921105,-0.30977059078895053,,
sustained_2,A_conditional,JOINT,123.074054208,31.5,30.935233780703644,-0.5647662192963558,,
sustained_2,A_conditional,JOINT,126.279054208,31.5,30.697337366177095,-0.802662633822905,,
sustained_2,A_conditional,JOINT,129.579054208,31.5,30.495738157737566,-1.0042618422624336,,
sustained_2,A_conditional,JOINT,132.279054208,31.6,30.357996042355307,-1.2420039576446946,,
sustained_2,A_conditional,JOINT,134.954054208,31.6,30.241817916688802,-1.358182083311199,,
sustained_2,A_conditional,JOINT,137.579054208,31.6,30.14454105463384,-1.4554589453661606,,
sustained_2,A_conditional,JOINT,140.089054208,31.0,30.06478326077297,-0.9352167392270303,,
sustained_2,A_conditional,JOINT,142.754054208,31.0,29.992239043249537,-1.007760956750463,,
sustained_2,A_conditional,JOINT,145.454054208,31.0,29.92963743376818,-1.0703625662318217,,
sustained_2,A_conditional,JOINT,148.119054208,31.0,29.877007691532697,-1.1229923084673032,,
sustained_2,A_conditional,JOINT,150.609054208,30.8,29.834862562592342,-0.9651374374076589,,
sustained_2,A_conditional,JOINT,153.364054208,30.8,29.794988918023936,-1.0050110819760647,,
sustained_2,A_conditional,JOINT,155.819054208,30.8,29.764585735882097,-1.0354142641179038,,
sustained_2,A_conditional,JOINT,158.489054208,30.8,29.736207716574278,-1.0637922834257232,,
sustained_2,A_conditional,JOINT,160.964054208,30.7,29.71365077390051,-0.9863492260994882,,
sustained_2,A_conditional,JOINT,163.589054208,30.7,29.693101607854413,-1.0068983921455867,,
sustained_2,A_conditional,JOINT,166.279054208,30.7,29.675129647246262,-1.0248703527537373,,
sustained_2,A_conditional,JOINT,168.979054208,30.7,29.659768264696705,-1.0402317353032942,,
sustained_2,A_conditional,JOINT,171.489054208,30.7,29.647542868305248,-1.0524571316947515,,
sustained_2,A_conditional,JOINT,174.144054208,30.7,29.63645345961729,-1.0635465403827098,,
sustained_2,A_conditional,JOINT,176.819054208,30.7,29.626919152194986,-1.073080847805013,,
sustained_2,A_conditional,JOINT,179.504054208,30.7,29.618759228659343,-1.0812407713406564,,
sustained_2,A_conditional,JOINT,0,,,,0.0,0.0
sustained_2,A_conditional,JOINT,1,,,,0.9776923237384328,1.1081015679088884
sustained_2,A_conditional,JOINT,2,,,,1.74242265749917,2.2162031358177767
sustained_2,A_conditional,JOINT,3,,,,2.620170094920657,3.324304703726665
sustained_2,A_conditional,JOINT,4,,,,3.382323721678181,4.4324062716355535
sustained_2,A_conditional,JOINT,5,,,,4.581456636376562,5.540507839544442
sustained_2,A_conditional,JOINT,6,,,,5.749187068917204,6.64860940745333
sustained_2,A_conditional,JOINT,7,,,,7.047011244347336,7.7567109753622185
sustained_2,A_conditional,JOINT,8,,,,8.292316024893754,8.864812543271107
sustained_2,A_conditional,JOINT,9,,,,9.250781234524135,9.972914111179996
sustained_2,A_conditional,JOINT,10,,,,10.338287362297631,11.081015679088884
sustained_2,A_conditional,JOINT,11,,,,11.710845717829658,12.189117246997771
sustained_2,A_conditional,JOINT,12,,,,12.9806228794952,13.29721881490666
sustained_2,A_conditional,JOINT,13,,,,13.986630593868528,14.40532038281555
sustained_2,A_conditional,JOINT,14,,,,14.85296750017861,15.513421950724437
sustained_2,A_conditional,JOINT,15,,,,15.68256603870869,16.621523518633325
sustained_2,A_conditional,JOINT,16,,,,16.747990804785353,17.729625086542214
sustained_2,A_conditional,JOINT,17,,,,17.774350835588745,18.837726654451103
sustained_2,A_conditional,JOINT,18,,,,18.79685314714613,19.945828222359992
sustained_2,A_conditional,JOINT,19,,,,20.439678710980896,21.053929790268878
sustained_2,A_conditional,JOINT,20,,,,21.537118785818137,22.162031358177767
sustained_2,A_conditional,JOINT,21,,,,22.638480237754305,23.270132926086657
sustained_2,A_conditional,JOINT,22,,,,23.76037680721033,24.378234493995542
sustained_2,A_conditional,JOINT,23,,,,24.81107218071205,25.48633606190443
sustained_2,A_conditional,JOINT,24,,,,26.00832831758013,26.59443762981332
sustained_2,A_conditional,JOINT,25,,,,27.40174374790928,27.70253919772221
sustained_2,A_conditional,JOINT,26,,,,28.454185235310256,28.8106407656311
sustained_2,A_conditional,JOINT,27,,,,29.528368924730245,29.918742333539985
sustained_2,A_conditional,JOINT,28,,,,30.613808957708297,31.026843901448874
sustained_2,A_conditional,JOINT,29,,,,31.619268173446216,32.13494546935776
sustained_2,A_conditional,JOINT,30,,,,32.571706750773174,33.24304703726665
sustained_2,A_conditional,JOINT,31,,,,33.520995630382494,34.35114860517554
sustained_2,A_conditional,JOINT,32,,,,34.74008738332786,35.45925017308443
sustained_2,A_conditional,JOINT,33,,,,36.311745609787174,36.56735174099332
sustained_2,A_conditional,JOINT,34,,,,37.597901732866646,37.675453308902206
sustained_2,A_conditional,JOINT,35,,,,38.669197436115994,38.783554876811095
sustained_2,A_conditional,JOINT,36,,,,40.37764918005953,40.54722110802211
sustained_2,A_conditional,JOINT,37,,,,41.802030728550506,42.34271201421865
sustained_2,A_conditional,JOINT,38,,,,43.874174707355145,44.17248140754606
sustained_2,A_conditional,JOINT,39,,,,46.23017839824174,46.020693071444846
sustained_2,A_conditional,JOINT,40,,,,48.39972038811195,47.942962107372146
sustained_2,A_conditional,JOINT,41,,,,50.01811442436675,49.68689959825067
sustained_2,A_conditional,JOINT,42,,,,51.280989958843044,51.50344472478851
sustained_2,A_conditional,JOINT,43,,,,53.14165448436529,53.319958983160404
sustained_2,A_conditional,JOINT,44,,,,54.889846882483546,55.24526292210508
sustained_2,A_conditional,JOINT,45,,,,56.827889079100046,57.011274256062634
sustained_2,A_conditional,JOINT,46,,,,58.873756619481135,58.830221600494674
sustained_2,A_conditional,JOINT,47,,,,61.02999414489356,60.67836624511986
sustained_2,A_conditional,JOINT,48,,,,63.162794405820485,62.609996751411614
sustained_2,A_conditional,JOINT,49,,,,64.44479626877676,64.34501604121718
sustained_2,A_conditional,JOINT,50,,,,66.15813866926378,66.15530431125396
sustained_2,A_conditional,JOINT,51,,,,67.94846278886061,67.98333561560624
sustained_2,A_conditional,JOINT,52,,,,69.88022923618539,69.90141597113978
sustained_2,A_conditional,JOINT,53,,,,71.83598543336137,71.65432758081593
sustained_2,A_conditional,JOINT,54,,,,73.62135861755051,73.47734587523207
sustained_2,A_conditional,JOINT,55,,,,75.12782162920655,75.28927932413052
sustained_2,A_conditional,JOINT,56,,,,76.24757868276919,77.20418974601462
sustained_2,A_conditional,JOINT,57,,,,77.744044985128,78.95525761290608
sustained_2,A_conditional,JOINT,58,,,,79.3906883883535,80.79066733814788
sustained_2,A_conditional,JOINT,59,,,,81.66537245313721,82.60244754175889
sustained_2,A_conditional,JOINT,60,,,,83.85437373638206,84.51140928216599
sustained_2,A_conditional,JOINT,61,,,,85.5372515112338,86.26172146010855
sustained_2,A_conditional,JOINT,62,,,,86.81202255025458,88.08635557875736
sustained_2,A_conditional,JOINT,63,,,,87.79764792037636,89.91715309354163
sustained_2,A_conditional,JOINT,64,,,,89.30887525406024,91.8524436595971
sustained_2,A_conditional,JOINT,65,,,,90.90619623887488,93.60117215638648
sustained_2,A_conditional,JOINT,66,,,,93.25768743765796,95.44521024699836
sustained_2,A_conditional,JOINT,67,,,,95.50228144488061,97.28131740388734
sustained_2,A_conditional,JOINT,68,,,,97.5177368181709,99.20384304940052
sustained_2,A_conditional,JOINT,69,,,,99.00871491302364,100.95823250982342
sustained_2,A_conditional,JOINT,70,,,,100.04031580693153,102.77608533018606
sustained_2,A_conditional,JOINT,71,,,,102.17607975208851,104.59002172730524
sustained_2,A_conditional,JOINT,72,,,,104.09259734657432,106.50371137019643
sustained_2,A_conditional,JOINT,73,,,,106.22324657482513,108.26281044703508
sustained_2,A_conditional,JOINT,74,,,,108.14419571990166,110.08000415679973
sustained_2,A_conditional,JOINT,75,,,,110.18573532904365,111.89291686846379
sustained_2,A_conditional,JOINT,76,,,,111.9390771970365,113.83114325509503
sustained_2,A_conditional,JOINT,77,,,,113.50935299812352,115.5819691943673
sustained_2,A_conditional,JOINT,78,,,,114.99264345593089,117.39184779398857
sustained_2,A_conditional,JOINT,79,,,,116.6426450721293,119.21848472771859
sustained_2,A_conditional,JOINT,80,,,,118.78064247230544,121.13284241508677
sustained_2,A_conditional,JOINT,81,,,,120.6191104793829,122.86859134324732
sustained_2,A_conditional,JOINT,82,,,,122.56471776808515,124.67685212771731
sustained_2,A_conditional,JOINT,83,,,,124.33720384049859,126.49116838607138
sustained_2,A_conditional,JOINT,84,,,,125.57715775987754,128.40403390098828
sustained_2,A_conditional,JOINT,85,,,,127.23546844829006,130.13849855136834
sustained_2,A_conditional,JOINT,86,,,,129.66719021613403,131.95175757044208
sustained_2,A_conditional,JOINT,87,,,,131.83965414972917,133.77698169392414
sustained_2,A_conditional,JOINT,88,,,,133.9361178878635,135.68243375414636
sustained_2,A_conditional,JOINT,89,,,,136.07284989974212,137.4577525242372
sustained_2,A_conditional,JOINT,90,,,,137.97493297736975,139.27892237404336
sustained_2,A_conditional,JOINT,91,,,,139.1971364434923,141.1236948399464
sustained_2,A_conditional,JOINT,92,,,,140.70722023839568,143.06756084710042
sustained_2,A_conditional,JOINT,93,,,,142.77641159581364,144.7757757798543
sustained_2,A_conditional,JOINT,94,,,,145.09587218445463,146.6256673553214
sustained_2,A_conditional,JOINT,95,,,,147.2988074441547,148.47442842118213
sustained_2,A_conditional,JOINT,96,,,,148.95391972739796,150.39575571523972
sustained_2,A_conditional,JOINT,97,,,,150.83214847887814,152.16677406850926
sustained_2,A_conditional,JOINT,98,,,,152.00149983930294,153.987785826182
sustained_2,A_conditional,JOINT,99,,,,153.2702871214319,155.80859018528454
sustained_2,A_conditional,JOINT,100,,,,155.5482530631709,157.72155947658723
sustained_2,A_conditional,JOINT,101,,,,157.2028546440692,159.44357241085055
sustained_2,A_conditional,JOINT,102,,,,159.46804289879577,161.27548803750437
sustained_2,A_conditional,JOINT,103,,,,161.46028834260923,163.09040162322444
sustained_2,A_conditional,JOINT,104,,,,164.2218407864998,164.9869699906671
sustained_2,A_conditional,JOINT,105,,,,165.9061580871517,166.70827808935775
sustained_2,A_conditional,JOINT,106,,,,167.146266337666,168.54735637735558
sustained_2,A_conditional,JOINT,107,,,,168.9803907535893,170.37013213983624
sustained_2,A_conditional,JOINT,108,,,,171.34190468585925,172.28509870802145
sustained_2,A_conditional,JOINT,109,,,,173.46583959039393,174.05104669492331
sustained_2,A_conditional,JOINT,110,,,,175.1438097543084,175.8575185489494
sustained_2,A_conditional,JOINT,111,,,,176.98384204906645,177.68121097092663
sustained_2,A_conditional,JOINT,112,,,,178.2779984338553,179.4925162433042
sustained_2,A_conditional,JOINT,113,,,,179.69617587318126,180.63577418427826
sustained_2,A_conditional,JOINT,114,,,,180.81554264267106,181.74387575218717
sustained_2,A_conditional,JOINT,115,,,,181.74101383557044,182.85197732009604
sustained_2,A_conditional,JOINT,116,,,,182.63470768688887,183.96007888800492
sustained_2,A_conditional,JOINT,117,,,,183.69217678213943,185.06818045591382
sustained_2,A_conditional,JOINT,118,,,,184.7119272219873,186.1762820238227
sustained_2,A_conditional,JOINT,119,,,,185.64746939642026,187.2843835917316
sustained_2,A_conditional,JOINT,120,,,,186.7408910651637,188.39248515964047
sustained_2,B_arrival,FROZEN,37.209054208,30.0,30.203690573575113,0.20369057357511267,,
sustained_2,B_arrival,FROZEN,39.819054208,30.9,30.46735181734531,-0.4326481826546882,,
sustained_2,B_arrival,FROZEN,42.389054208,30.9,30.71464088492291,-0.18535911507708747,,
sustained_2,B_arrival,FROZEN,45.229054208,30.9,30.918815812362084,0.018815812362085182,,
sustained_2,B_arrival,FROZEN,47.829054208,30.9,31.099501110101585,0.19950111010158622,,
sustained_2,B_arrival,FROZEN,50.364054208,31.8,31.268313665232547,-0.5316863347674534,,
sustained_2,B_arrival,FROZEN,52.984054208,31.8,31.3977174588563,-0.4022825411437019,,
sustained_2,B_arrival,FROZEN,55.584054208,31.8,31.517555753511548,-0.2824442464884527,,
sustained_2,B_arrival,FROZEN,58.254054208,31.8,31.63328262788877,-0.16671737211122917,,
sustained_2,B_arrival,FROZEN,60.924054208,32.1,31.73966656886532,-0.36033343113468064,,
sustained_2,B_arrival,FROZEN,63.479054208,32.1,31.811828543585825,-0.28817145641417596,,
sustained_2,B_arrival,FROZEN,66.029054208,32.1,31.883777730651637,-0.2162222693483642,,
sustained_2,B_arrival,FROZEN,68.574054208,32.1,31.947169469555725,-0.15283053044427675,,
sustained_2,B_arrival,FROZEN,71.224054208,32.3,32.02954889724015,-0.27045110275984996,,
sustained_2,B_arrival,FROZEN,73.859054208,32.3,32.06131643769638,-0.23868356230362053,,
sustained_2,B_arrival,FROZEN,76.354054208,32.3,32.10389500752177,-0.19610499247822588,,
sustained_2,B_arrival,FROZEN,78.994054208,32.3,32.14232147565937,-0.1576785243406249,,
sustained_2,B_arrival,FROZEN,83.429054208,32.5,32.20295653844593,-0.29704346155406824,,
sustained_2,B_arrival,FROZEN,86.084054208,32.5,32.22952810414297,-0.27047189585702824,,
sustained_2,B_arrival,FROZEN,88.604054208,32.5,32.25304275838471,-0.24695724161529142,,
sustained_2,B_arrival,FROZEN,91.309054208,32.6,32.29110777510073,-0.3088922248992745,,
sustained_2,B_arrival,FROZEN,93.894054208,32.6,32.297155653918864,-0.3028443460811374,,
sustained_2,B_arrival,FROZEN,96.459054208,32.6,32.31234823183766,-0.28765176816234117,,
sustained_2,B_arrival,FROZEN,99.114054208,32.6,32.338385917173014,-0.2616140828269877,,
sustained_2,B_arrival,FROZEN,101.694054208,32.7,32.35676116213799,-0.34323883786201037,,
sustained_2,B_arrival,FROZEN,104.409054208,32.7,32.352762744693884,-0.34723725530611915,,
sustained_2,B_arrival,FROZEN,107.059054208,32.7,32.367519287780716,-0.33248071221928654,,
sustained_2,B_arrival,FROZEN,109.589054208,32.7,32.3898161982163,-0.3101838017837011,,
sustained_2,B_arrival,FROZEN,112.219054208,32.7,32.349242140326076,-0.3507578596739265,,
sustained_2,B_arrival,FROZEN,114.869054208,32.7,32.02605830415787,-0.6739416958421316,,
sustained_2,B_arrival,FROZEN,117.489054208,32.7,31.742879808484698,-0.9571201915153047,,
sustained_2,B_arrival,FROZEN,120.209054208,31.5,31.48273381648357,-0.017266183516429834,,
sustained_2,B_arrival,FROZEN,123.074054208,31.5,31.241610240405798,-0.25838975959420196,,
sustained_2,B_arrival,FROZEN,126.279054208,31.5,31.00684269467343,-0.49315730532656943,,
sustained_2,B_arrival,FROZEN,129.579054208,31.5,30.798564635891367,-0.701435364108633,,
sustained_2,B_arrival,FROZEN,132.279054208,31.6,30.650079710375856,-0.9499202896241457,,
sustained_2,B_arrival,FROZEN,134.954054208,31.6,30.520007471396163,-1.0799925286038388,,
sustained_2,B_arrival,FROZEN,137.579054208,31.6,30.40695539712981,-1.1930446028701915,,
sustained_2,B_arrival,FROZEN,140.089054208,31.0,30.310850644910108,-0.6891493550898922,,
sustained_2,B_arrival,FROZEN,142.754054208,31.0,30.220204209631557,-0.7797957903684427,,
sustained_2,B_arrival,FROZEN,145.454054208,31.0,30.138978553927572,-0.8610214460724279,,
sustained_2,B_arrival,FROZEN,148.119054208,31.0,30.0680706775312,-0.9319293224688003,,
sustained_2,B_arrival,FROZEN,150.609054208,30.8,30.009195727605956,-0.7908042723940447,,
sustained_2,B_arrival,FROZEN,153.364054208,30.8,29.95141468094064,-0.8485853190593602,,
sustained_2,B_arrival,FROZEN,155.819054208,30.8,29.90571742882858,-0.89428257117142,,
sustained_2,B_arrival,FROZEN,158.489054208,30.8,29.861511897544162,-0.9384881024558389,,
sustained_2,B_arrival,FROZEN,160.964054208,30.7,29.82508724545633,-0.8749127545436686,,
sustained_2,B_arrival,FROZEN,163.589054208,30.7,29.790705723405512,-0.9092942765944869,,
sustained_2,B_arrival,FROZEN,166.279054208,30.7,29.759503919699192,-0.9404960803008073,,
sustained_2,B_arrival,FROZEN,168.979054208,30.7,29.731816985529246,-0.9681830144707533,,
sustained_2,B_arrival,FROZEN,171.489054208,30.7,29.7089702550372,-0.9910297449627983,,
sustained_2,B_arrival,FROZEN,174.144054208,30.7,29.687493211494317,-1.0125067885056822,,
sustained_2,B_arrival,FROZEN,176.819054208,30.7,29.668335673827134,-1.0316643261728657,,
sustained_2,B_arrival,FROZEN,179.504054208,30.7,29.651322893421273,-1.048677106578726,,
sustained_2,B_arrival,FROZEN,0,,,,0.0,0.0
sustained_2,B_arrival,FROZEN,1,,,,0.9776923237384328,1.1081015679088884
sustained_2,B_arrival,FROZEN,2,,,,1.74242265749917,2.2162031358177767
sustained_2,B_arrival,FROZEN,3,,,,2.620170094920657,3.324304703726665
sustained_2,B_arrival,FROZEN,4,,,,3.382323721678181,4.4324062716355535
sustained_2,B_arrival,FROZEN,5,,,,4.581456636376562,5.540507839544442
sustained_2,B_arrival,FROZEN,6,,,,5.749187068917204,6.64860940745333
sustained_2,B_arrival,FROZEN,7,,,,7.047011244347336,7.7567109753622185
sustained_2,B_arrival,FROZEN,8,,,,8.292316024893754,8.864812543271107
sustained_2,B_arrival,FROZEN,9,,,,9.250781234524135,9.972914111179996
sustained_2,B_arrival,FROZEN,10,,,,10.338287362297631,11.081015679088884
sustained_2,B_arrival,FROZEN,11,,,,11.710845717829658,12.189117246997771
sustained_2,B_arrival,FROZEN,12,,,,12.9806228794952,13.29721881490666
sustained_2,B_arrival,FROZEN,13,,,,13.986630593868528,14.40532038281555
sustained_2,B_arrival,FROZEN,14,,,,14.85296750017861,15.513421950724437
sustained_2,B_arrival,FROZEN,15,,,,15.68256603870869,16.621523518633325
sustained_2,B_arrival,FROZEN,16,,,,16.747990804785353,17.729625086542214
sustained_2,B_arrival,FROZEN,17,,,,17.774350835588745,18.837726654451103
sustained_2,B_arrival,FROZEN,18,,,,18.79685314714613,19.945828222359992
sustained_2,B_arrival,FROZEN,19,,,,20.439678710980896,21.053929790268878
sustained_2,B_arrival,FROZEN,20,,,,21.537118785818137,22.162031358177767
sustained_2,B_arrival,FROZEN,21,,,,22.638480237754305,23.270132926086657
sustained_2,B_arrival,FROZEN,22,,,,23.76037680721033,24.378234493995542
sustained_2,B_arrival,FROZEN,23,,,,24.81107218071205,25.48633606190443
sustained_2,B_arrival,FROZEN,24,,,,26.00832831758013,26.59443762981332
sustained_2,B_arrival,FROZEN,25,,,,27.40174374790928,27.70253919772221
sustained_2,B_arrival,FROZEN,26,,,,28.454185235310256,28.8106407656311
sustained_2,B_arrival,FROZEN,27,,,,29.528368924730245,29.918742333539985
sustained_2,B_arrival,FROZEN,28,,,,30.613808957708297,31.026843901448874
sustained_2,B_arrival,FROZEN,29,,,,31.619268173446216,32.13494546935776
sustained_2,B_arrival,FROZEN,30,,,,32.571706750773174,33.24304703726665
sustained_2,B_arrival,FROZEN,31,,,,33.520995630382494,34.35114860517554
sustained_2,B_arrival,FROZEN,32,,,,34.74008738332786,35.45925017308443
sustained_2,B_arrival,FROZEN,33,,,,36.311745609787174,36.56735174099332
sustained_2,B_arrival,FROZEN,34,,,,37.597901732866646,37.675453308902206
sustained_2,B_arrival,FROZEN,35,,,,38.669197436115994,38.783554876811095
sustained_2,B_arrival,FROZEN,36,,,,40.37764918005953,40.49488601786539
sustained_2,B_arrival,FROZEN,37,,,,41.802030728550506,42.174998622198444
sustained_2,B_arrival,FROZEN,38,,,,43.874174707355145,43.94305725839296
sustained_2,B_arrival,FROZEN,39,,,,46.23017839824174,45.71111589458747
sustained_2,B_arrival,FROZEN,40,,,,48.39972038811195,47.51415172902959
sustained_2,B_arrival,FROZEN,41,,,,50.01811442436675,49.19426433336265
sustained_2,B_arrival,FROZEN,42,,,,51.280989958843044,50.96232296955717
sustained_2,B_arrival,FROZEN,43,,,,53.14165448436529,52.73038160575168
sustained_2,B_arrival,FROZEN,44,,,,54.889846882483546,54.5334174401938
sustained_2,B_arrival,FROZEN,45,,,,56.827889079100046,56.21353004452686
sustained_2,B_arrival,FROZEN,46,,,,58.873756619481135,57.98158868072138
sustained_2,B_arrival,FROZEN,47,,,,61.02999414489356,59.74964731691589
sustained_2,B_arrival,FROZEN,48,,,,63.162794405820485,61.55268315135801
sustained_2,B_arrival,FROZEN,49,,,,64.44479626877676,63.23279575569107
sustained_2,B_arrival,FROZEN,50,,,,66.15813866926378,65.00085439188558
sustained_2,B_arrival,FROZEN,51,,,,67.94846278886061,66.7689130280801
sustained_2,B_arrival,FROZEN,52,,,,69.88022923618539,68.57194886252222
sustained_2,B_arrival,FROZEN,53,,,,71.83598543336137,70.25206146685528
sustained_2,B_arrival,FROZEN,54,,,,73.62135861755051,72.02012010304979
sustained_2,B_arrival,FROZEN,55,,,,75.12782162920655,73.7881787392443
sustained_2,B_arrival,FROZEN,56,,,,76.24757868276919,75.59121457368643
sustained_2,B_arrival,FROZEN,57,,,,77.744044985128,77.27132717801949
sustained_2,B_arrival,FROZEN,58,,,,79.3906883883535,79.039385814214
sustained_2,B_arrival,FROZEN,59,,,,81.66537245313721,80.80744445040851
sustained_2,B_arrival,FROZEN,60,,,,83.85437373638206,82.61048028485064
sustained_2,B_arrival,FROZEN,61,,,,85.5372515112338,84.2905928891837
sustained_2,B_arrival,FROZEN,62,,,,86.81202255025458,86.05865152537821
sustained_2,B_arrival,FROZEN,63,,,,87.79764792037636,87.82671016157272
sustained_2,B_arrival,FROZEN,64,,,,89.30887525406024,89.62974599601485
sustained_2,B_arrival,FROZEN,65,,,,90.90619623887488,91.30985860034791
sustained_2,B_arrival,FROZEN,66,,,,93.25768743765796,93.07791723654243
sustained_2,B_arrival,FROZEN,67,,,,95.50228144488061,94.84597587273694
sustained_2,B_arrival,FROZEN,68,,,,97.5177368181709,96.64901170717906
sustained_2,B_arrival,FROZEN,69,,,,99.00871491302364,98.32912431151213
sustained_2,B_arrival,FROZEN,70,,,,100.04031580693153,100.09718294770664
sustained_2,B_arrival,FROZEN,71,,,,102.17607975208851,101.86524158390117
sustained_2,B_arrival,FROZEN,72,,,,104.09259734657432,103.66827741834327
sustained_2,B_arrival,FROZEN,73,,,,106.22324657482513,105.34839002267633
sustained_2,B_arrival,FROZEN,74,,,,108.14419571990166,107.11644865887084
sustained_2,B_arrival,FROZEN,75,,,,110.18573532904365,108.88450729506536
sustained_2,B_arrival,FROZEN,76,,,,111.9390771970365,110.68754312950747
sustained_2,B_arrival,FROZEN,77,,,,113.50935299812352,112.36765573384054
sustained_2,B_arrival,FROZEN,78,,,,114.99264345593089,114.13571437003506
sustained_2,B_arrival,FROZEN,79,,,,116.6426450721293,115.90377300622957
sustained_2,B_arrival,FROZEN,80,,,,118.78064247230544,117.70680884067168
sustained_2,B_arrival,FROZEN,81,,,,120.6191104793829,119.38692144500476
sustained_2,B_arrival,FROZEN,82,,,,122.56471776808515,121.15498008119927
sustained_2,B_arrival,FROZEN,83,,,,124.33720384049859,122.92303871739378
sustained_2,B_arrival,FROZEN,84,,,,125.57715775987754,124.7260745518359
sustained_2,B_arrival,FROZEN,85,,,,127.23546844829006,126.40618715616897
sustained_2,B_arrival,FROZEN,86,,,,129.66719021613403,128.17424579236348
sustained_2,B_arrival,FROZEN,87,,,,131.83965414972917,129.942304428558
sustained_2,B_arrival,FROZEN,88,,,,133.9361178878635,131.74534026300012
sustained_2,B_arrival,FROZEN,89,,,,136.07284989974212,133.42545286733318
sustained_2,B_arrival,FROZEN,90,,,,137.97493297736975,135.1935115035277
sustained_2,B_arrival,FROZEN,91,,,,139.1971364434923,136.9615701397222
sustained_2,B_arrival,FROZEN,92,,,,140.70722023839568,138.7646059741643
sustained_2,B_arrival,FROZEN,93,,,,142.77641159581364,140.44471857849737
sustained_2,B_arrival,FROZEN,94,,,,145.09587218445463,142.2127772146919
sustained_2,B_arrival,FROZEN,95,,,,147.2988074441547,143.98083585088642
sustained_2,B_arrival,FROZEN,96,,,,148.95391972739796,145.78387168532853
sustained_2,B_arrival,FROZEN,97,,,,150.83214847887814,147.4639842896616
sustained_2,B_arrival,FROZEN,98,,,,152.00149983930294,149.23204292585612
sustained_2,B_arrival,FROZEN,99,,,,153.2702871214319,151.00010156205065
sustained_2,B_arrival,FROZEN,100,,,,155.5482530631709,152.80313739649273
sustained_2,B_arrival,FROZEN,101,,,,157.2028546440692,154.48325000082582
sustained_2,B_arrival,FROZEN,102,,,,159.46804289879577,156.25130863702032
sustained_2,B_arrival,FROZEN,103,,,,161.46028834260923,158.01936727321484
sustained_2,B_arrival,FROZEN,104,,,,164.2218407864998,159.82240310765695
sustained_2,B_arrival,FROZEN,105,,,,165.9061580871517,161.50251571199001
sustained_2,B_arrival,FROZEN,106,,,,167.146266337666,163.27057434818454
sustained_2,B_arrival,FROZEN,107,,,,168.9803907535893,165.03863298437903
sustained_2,B_arrival,FROZEN,108,,,,171.34190468585925,166.84166881882118
sustained_2,B_arrival,FROZEN,109,,,,173.46583959039393,168.52178142315424
sustained_2,B_arrival,FROZEN,110,,,,175.1438097543084,170.28984005934876
sustained_2,B_arrival,FROZEN,111,,,,176.98384204906645,172.05789869554326
sustained_2,B_arrival,FROZEN,112,,,,178.2779984338553,173.82595733173775
sustained_2,B_arrival,FROZEN,113,,,,179.69617587318126,174.94904015701158
sustained_2,B_arrival,FROZEN,114,,,,180.81554264267106,176.05714172492048
sustained_2,B_arrival,FROZEN,115,,,,181.74101383557044,177.16524329282936
sustained_2,B_arrival,FROZEN,116,,,,182.63470768688887,178.27334486073823
sustained_2,B_arrival,FROZEN,117,,,,183.69217678213943,179.38144642864714
sustained_2,B_arrival,FROZEN,118,,,,184.7119272219873,180.489547996556
sustained_2,B_arrival,FROZEN,119,,,,185.64746939642026,181.59764956446492
sustained_2,B_arrival,FROZEN,120,,,,186.7408910651637,182.7057511323738
sustained_2,B_arrival,JOINT,37.209054208,30.0,30.239637200319397,0.23963720031939673,,
sustained_2,B_arrival,JOINT,39.819054208,30.9,30.53978977116453,-0.36021022883547005,,
sustained_2,B_arrival,JOINT,42.389054208,30.9,30.812647019512852,-0.08735298048714668,,
sustained_2,B_arrival,JOINT,45.229054208,30.9,31.02566842774567,0.12566842774567277,,
sustained_2,B_arrival,JOINT,47.829054208,30.9,31.209278046374823,0.3092780463748248,,
sustained_2,B_arrival,JOINT,50.364054208,31.8,31.377258917618178,-0.4227410823818225,,
sustained_2,B_arrival,JOINT,52.984054208,31.8,31.496148792410253,-0.30385120758974793,,
sustained_2,B_arrival,JOINT,55.584054208,31.8,31.603642188355284,-0.19635781164471666,,
sustained_2,B_arrival,JOINT,58.254054208,31.8,31.705669098061406,-0.09433090193859428,,
sustained_2,B_arrival,JOINT,60.924054208,32.1,31.797421553626666,-0.3025784463733352,,
sustained_2,B_arrival,JOINT,63.479054208,32.1,31.851294238292525,-0.24870576170747682,,
sustained_2,B_arrival,JOINT,66.029054208,32.1,31.90638502358959,-0.19361497641041225,,
sustained_2,B_arrival,JOINT,68.574054208,32.1,31.952941257949252,-0.1470587420507492,,
sustained_2,B_arrival,JOINT,71.224054208,32.3,32.02255766630944,-0.2774423336905585,,
sustained_2,B_arrival,JOINT,73.859054208,32.3,32.034122877573196,-0.26587712242680084,,
sustained_2,B_arrival,JOINT,76.354054208,32.3,32.0616014198075,-0.23839858019249505,,
sustained_2,B_arrival,JOINT,78.994054208,32.3,32.08458882565284,-0.21541117434716028,,
sustained_2,B_arrival,JOINT,83.429054208,32.5,32.12239473438835,-0.3776052656116491,,
sustained_2,B_arrival,JOINT,86.084054208,32.5,32.13576081812535,-0.36423918187465176,,
sustained_2,B_arrival,JOINT,88.604054208,32.5,32.14786292324663,-0.35213707675337247,,
sustained_2,B_arrival,JOINT,91.309054208,32.6,32.17748833072539,-0.4225116692746127,,
sustained_2,B_arrival,JOINT,93.894054208,32.6,32.171200657096136,-0.428799342903865,,
sustained_2,B_arrival,JOINT,96.459054208,32.6,32.177075443635566,-0.4229245563644355,,
sustained_2,B_arrival,JOINT,99.114054208,32.6,32.1965577101217,-0.4034422898782992,,
sustained_2,B_arrival,JOINT,101.694054208,32.7,32.208272733953464,-0.4917272660465386,,
sustained_2,B_arrival,JOINT,104.409054208,32.7,32.1940004207503,-0.5059995792497034,,
sustained_2,B_arrival,JOINT,107.059054208,32.7,32.203146755167076,-0.49685324483292703,,
sustained_2,B_arrival,JOINT,109.589054208,32.7,32.22236347155912,-0.47763652844088256,,
sustained_2,B_arrival,JOINT,112.219054208,32.7,32.16759483112648,-0.5324051688735238,,
sustained_2,B_arrival,JOINT,114.869054208,32.7,31.786707636871274,-0.9132923631287291,,
sustained_2,B_arrival,JOINT,117.489054208,32.7,31.465165977356488,-1.2348340226435148,,
sustained_2,B_arrival,JOINT,120.209054208,31.5,31.180697724198513,-0.31930227580148696,,
sustained_2,B_arrival,JOINT,123.074054208,31.5,30.92720897267485,-0.5727910273251489,,
sustained_2,B_arrival,JOINT,126.279054208,31.5,30.690717784530854,-0.8092822154691461,,
sustained_2,B_arrival,JOINT,129.579054208,31.5,30.490308801857353,-1.0096911981426473,,
sustained_2,B_arrival,JOINT,132.279054208,31.6,30.353379493977318,-1.2466205060226834,,
sustained_2,B_arrival,JOINT,134.954054208,31.6,30.237886594743596,-1.3621134052564052,,
sustained_2,B_arrival,JOINT,137.579054208,31.6,30.141183182869423,-1.4588168171305789,,
sustained_2,B_arrival,JOINT,140.089054208,31.0,30.061895312315162,-0.938104687684838,,
sustained_2,B_arrival,JOINT,142.754054208,31.0,29.98977827047679,-1.0102217295232094,,
sustained_2,B_arrival,JOINT,145.454054208,31.0,29.927545053603158,-1.0724549463968422,,
sustained_2,B_arrival,JOINT,148.119054208,31.0,29.875224809249463,-1.1247751907505368,,
sustained_2,B_arrival,JOINT,150.609054208,30.8,29.833327345803166,-0.9666726541968345,,
sustained_2,B_arrival,JOINT,153.364054208,30.8,29.793687837760782,-1.0063121622392188,,
sustained_2,B_arrival,JOINT,155.819054208,30.8,29.763463034844285,-1.0365369651557153,,
sustained_2,B_arrival,JOINT,158.489054208,30.8,29.73525136897631,-1.06474863102369,,
sustained_2,B_arrival,JOINT,160.964054208,30.7,29.712826533123664,-0.9871734668763352,,
sustained_2,B_arrival,JOINT,163.589054208,30.7,29.692397596615894,-1.0076024033841051,,
sustained_2,B_arrival,JOINT,166.279054208,30.7,29.67453067109785,-1.025469328902151,,
sustained_2,B_arrival,JOINT,168.979054208,30.7,29.659258958910268,-1.0407410410897313,,
sustained_2,B_arrival,JOINT,171.489054208,30.7,29.647104838218432,-1.0528951617815672,,
sustained_2,B_arrival,JOINT,174.144054208,30.7,29.6360799972275,-1.0639200027724982,,
sustained_2,B_arrival,JOINT,176.819054208,30.7,29.626601122193247,-1.0733988778067527,,
sustained_2,B_arrival,JOINT,179.504054208,30.7,29.61848856593054,-1.0815114340694585,,
sustained_2,B_arrival,JOINT,0,,,,0.0,0.0
sustained_2,B_arrival,JOINT,1,,,,0.9776923237384328,1.1081015679088884
sustained_2,B_arrival,JOINT,2,,,,1.74242265749917,2.2162031358177767
sustained_2,B_arrival,JOINT,3,,,,2.620170094920657,3.324304703726665
sustained_2,B_arrival,JOINT,4,,,,3.382323721678181,4.4324062716355535
sustained_2,B_arrival,JOINT,5,,,,4.581456636376562,5.540507839544442
sustained_2,B_arrival,JOINT,6,,,,5.749187068917204,6.64860940745333
sustained_2,B_arrival,JOINT,7,,,,7.047011244347336,7.7567109753622185
sustained_2,B_arrival,JOINT,8,,,,8.292316024893754,8.864812543271107
sustained_2,B_arrival,JOINT,9,,,,9.250781234524135,9.972914111179996
sustained_2,B_arrival,JOINT,10,,,,10.338287362297631,11.081015679088884
sustained_2,B_arrival,JOINT,11,,,,11.710845717829658,12.189117246997771
sustained_2,B_arrival,JOINT,12,,,,12.9806228794952,13.29721881490666
sustained_2,B_arrival,JOINT,13,,,,13.986630593868528,14.40532038281555
sustained_2,B_arrival,JOINT,14,,,,14.85296750017861,15.513421950724437
sustained_2,B_arrival,JOINT,15,,,,15.68256603870869,16.621523518633325
sustained_2,B_arrival,JOINT,16,,,,16.747990804785353,17.729625086542214
sustained_2,B_arrival,JOINT,17,,,,17.774350835588745,18.837726654451103
sustained_2,B_arrival,JOINT,18,,,,18.79685314714613,19.945828222359992
sustained_2,B_arrival,JOINT,19,,,,20.439678710980896,21.053929790268878
sustained_2,B_arrival,JOINT,20,,,,21.537118785818137,22.162031358177767
sustained_2,B_arrival,JOINT,21,,,,22.638480237754305,23.270132926086657
sustained_2,B_arrival,JOINT,22,,,,23.76037680721033,24.378234493995542
sustained_2,B_arrival,JOINT,23,,,,24.81107218071205,25.48633606190443
sustained_2,B_arrival,JOINT,24,,,,26.00832831758013,26.59443762981332
sustained_2,B_arrival,JOINT,25,,,,27.40174374790928,27.70253919772221
sustained_2,B_arrival,JOINT,26,,,,28.454185235310256,28.8106407656311
sustained_2,B_arrival,JOINT,27,,,,29.528368924730245,29.918742333539985
sustained_2,B_arrival,JOINT,28,,,,30.613808957708297,31.026843901448874
sustained_2,B_arrival,JOINT,29,,,,31.619268173446216,32.13494546935776
sustained_2,B_arrival,JOINT,30,,,,32.571706750773174,33.24304703726665
sustained_2,B_arrival,JOINT,31,,,,33.520995630382494,34.35114860517554
sustained_2,B_arrival,JOINT,32,,,,34.74008738332786,35.45925017308443
sustained_2,B_arrival,JOINT,33,,,,36.311745609787174,36.56735174099332
sustained_2,B_arrival,JOINT,34,,,,37.597901732866646,37.675453308902206
sustained_2,B_arrival,JOINT,35,,,,38.669197436115994,38.783554876811095
sustained_2,B_arrival,JOINT,36,,,,40.37764918005953,40.55428361139981
sustained_2,B_arrival,JOINT,37,,,,41.802030728550506,42.30538164015002
sustained_2,B_arrival,JOINT,38,,,,43.874174707355145,44.138269161398576
sustained_2,B_arrival,JOINT,39,,,,46.23017839824174,45.97115668264713
sustained_2,B_arrival,JOINT,40,,,,48.39972038811195,47.896626410843325
sustained_2,B_arrival,JOINT,41,,,,50.01811442436675,49.64772443959354
sustained_2,B_arrival,JOINT,42,,,,51.280989958843044,51.4806119608421
sustained_2,B_arrival,JOINT,43,,,,53.14165448436529,53.31349948209065
sustained_2,B_arrival,JOINT,44,,,,54.889846882483546,55.23896921028684
sustained_2,B_arrival,JOINT,45,,,,56.827889079100046,56.99006723903705
sustained_2,B_arrival,JOINT,46,,,,58.873756619481135,58.82295476028561
sustained_2,B_arrival,JOINT,47,,,,61.02999414489356,60.65584228153417
sustained_2,B_arrival,JOINT,48,,,,63.162794405820485,62.58131200973036
sustained_2,B_arrival,JOINT,49,,,,64.44479626877676,64.33241003848057
sustained_2,B_arrival,JOINT,50,,,,66.15813866926378,66.16529755972914
sustained_2,B_arrival,JOINT,51,,,,67.94846278886061,67.99818508097769
sustained_2,B_arrival,JOINT,52,,,,69.88022923618539,69.92365480917388
sustained_2,B_arrival,JOINT,53,,,,71.83598543336137,71.67475283792409
sustained_2,B_arrival,JOINT,54,,,,73.62135861755051,73.50764035917265
sustained_2,B_arrival,JOINT,55,,,,75.12782162920655,75.3405278804212
sustained_2,B_arrival,JOINT,56,,,,76.24757868276919,77.2659976086174
sustained_2,B_arrival,JOINT,57,,,,77.744044985128,79.01709563736762
sustained_2,B_arrival,JOINT,58,,,,79.3906883883535,80.84998315861617
sustained_2,B_arrival,JOINT,59,,,,81.66537245313721,82.68287067986472
sustained_2,B_arrival,JOINT,60,,,,83.85437373638206,84.60834040806091
sustained_2,B_arrival,JOINT,61,,,,85.5372515112338,86.35943843681113
sustained_2,B_arrival,JOINT,62,,,,86.81202255025458,88.19232595805968
sustained_2,B_arrival,JOINT,63,,,,87.79764792037636,90.02521347930823
sustained_2,B_arrival,JOINT,64,,,,89.30887525406024,91.95068320750444
sustained_2,B_arrival,JOINT,65,,,,90.90619623887488,93.70178123625467
sustained_2,B_arrival,JOINT,66,,,,93.25768743765796,95.53466875750323
sustained_2,B_arrival,JOINT,67,,,,95.50228144488061,97.36755627875178
sustained_2,B_arrival,JOINT,68,,,,97.5177368181709,99.29302600694797
sustained_2,B_arrival,JOINT,69,,,,99.00871491302364,101.04412403569819
sustained_2,B_arrival,JOINT,70,,,,100.04031580693153,102.87701155694675
sustained_2,B_arrival,JOINT,71,,,,102.17607975208851,104.7098990781953
sustained_2,B_arrival,JOINT,72,,,,104.09259734657432,106.63536880639148
sustained_2,B_arrival,JOINT,73,,,,106.22324657482513,108.3864668351417
sustained_2,B_arrival,JOINT,74,,,,108.14419571990166,110.21935435639027
sustained_2,B_arrival,JOINT,75,,,,110.18573532904365,112.05224187763882
sustained_2,B_arrival,JOINT,76,,,,111.9390771970365,113.977711605835
sustained_2,B_arrival,JOINT,77,,,,113.50935299812352,115.72880963458523
sustained_2,B_arrival,JOINT,78,,,,114.99264345593089,117.5616971558338
sustained_2,B_arrival,JOINT,79,,,,116.6426450721293,119.39458467708235
sustained_2,B_arrival,JOINT,80,,,,118.78064247230544,121.32005440527854
sustained_2,B_arrival,JOINT,81,,,,120.6191104793829,123.07115243402876
sustained_2,B_arrival,JOINT,82,,,,122.56471776808515,124.90403995527731
sustained_2,B_arrival,JOINT,83,,,,124.33720384049859,126.73692747652588
sustained_2,B_arrival,JOINT,84,,,,125.57715775987754,128.66239720472205
sustained_2,B_arrival,JOINT,85,,,,127.23546844829006,130.4134952334723
sustained_2,B_arrival,JOINT,86,,,,129.66719021613403,132.24638275472086
sustained_2,B_arrival,JOINT,87,,,,131.83965414972917,134.0792702759694
sustained_2,B_arrival,JOINT,88,,,,133.9361178878635,136.00474000416557
sustained_2,B_arrival,JOINT,89,,,,136.07284989974212,137.7558380329158
sustained_2,B_arrival,JOINT,90,,,,137.97493297736975,139.58872555416437
sustained_2,B_arrival,JOINT,91,,,,139.1971364434923,141.42161307541292
sustained_2,B_arrival,JOINT,92,,,,140.70722023839568,143.3470828036091
sustained_2,B_arrival,JOINT,93,,,,142.77641159581364,145.09818083235933
sustained_2,B_arrival,JOINT,94,,,,145.09587218445463,146.93106835360788
sustained_2,B_arrival,JOINT,95,,,,147.2988074441547,148.76395587485644
sustained_2,B_arrival,JOINT,96,,,,148.95391972739796,150.68942560305263
sustained_2,B_arrival,JOINT,97,,,,150.83214847887814,152.44052363180285
sustained_2,B_arrival,JOINT,98,,,,152.00149983930294,154.27341115305143
sustained_2,B_arrival,JOINT,99,,,,153.2702871214319,156.10629867429998
sustained_2,B_arrival,JOINT,100,,,,155.5482530631709,158.03176840249614
sustained_2,B_arrival,JOINT,101,,,,157.2028546440692,159.7828664312464
sustained_2,B_arrival,JOINT,102,,,,159.46804289879577,161.61575395249494
sustained_2,B_arrival,JOINT,103,,,,161.46028834260923,163.4486414737435
sustained_2,B_arrival,JOINT,104,,,,164.2218407864998,165.37411120193968
sustained_2,B_arrival,JOINT,105,,,,165.9061580871517,167.1252092306899
sustained_2,B_arrival,JOINT,106,,,,167.146266337666,168.95809675193846
sustained_2,B_arrival,JOINT,107,,,,168.9803907535893,170.790984273187
sustained_2,B_arrival,JOINT,108,,,,171.34190468585925,172.7164540013832
sustained_2,B_arrival,JOINT,109,,,,173.46583959039393,174.46755203013342
sustained_2,B_arrival,JOINT,110,,,,175.1438097543084,176.30043955138197
sustained_2,B_arrival,JOINT,111,,,,176.98384204906645,178.13332707263055
sustained_2,B_arrival,JOINT,112,,,,178.2779984338553,179.9662145938791
sustained_2,B_arrival,JOINT,113,,,,179.69617587318126,181.08931984792162
sustained_2,B_arrival,JOINT,114,,,,180.81554264267106,182.1974214158305
sustained_2,B_arrival,JOINT,115,,,,181.74101383557044,183.3055229837394
sustained_2,B_arrival,JOINT,116,,,,182.63470768688887,184.41362455164827
sustained_2,B_arrival,JOINT,117,,,,183.69217678213943,185.52172611955717
sustained_2,B_arrival,JOINT,118,,,,184.7119272219873,186.62982768746605
sustained_2,B_arrival,JOINT,119,,,,185.64746939642026,187.73792925537495
sustained_2,B_arrival,JOINT,120,,,,186.7408910651637,188.84603082328383
sustained_3,A_conditional,FROZEN,35.866473803,30.2,30.27838997336651,0.07838997336651232,,
sustained_3,A_conditional,FROZEN,38.426473803,30.2,30.533189855750727,0.333189855750728,,
sustained_3,A_conditional,FROZEN,41.131473803,30.2,30.754861541686907,0.5548615416869076,,
sustained_3,A_conditional,FROZEN,43.871473803,31.4,30.976680398390513,-0.4233196016094851,,
sustained_3,A_conditional,FROZEN,46.401473803,31.4,31.153572906181445,-0.24642709381855354,,
sustained_3,A_conditional,FROZEN,49.021473803,31.4,31.302375765443156,-0.09762423455684299,,
sustained_3,A_conditional,FROZEN,51.666473803,31.4,31.453334990567654,0.05333499056765589,,
sustained_3,A_conditional,FROZEN,54.631473803,32.2,31.591418910081984,-0.6085810899180188,,
sustained_3,A_conditional,FROZEN,57.236473803,32.2,31.70572187923827,-0.4942781207617344,,
sustained_3,A_conditional,FROZEN,59.676473803,32.2,31.802354640522342,-0.3976453594776608,,
sustained_3,A_conditional,FROZEN,62.031473803,32.2,31.881521707058667,-0.3184782929413359,,
sustained_3,A_conditional,FROZEN,64.866473803,32.7,31.975530521603968,-0.7244694783960348,,
sustained_3,A_conditional,FROZEN,67.566473803,32.7,32.03857465728072,-0.6614253427192835,,
sustained_3,A_conditional,FROZEN,70.391473803,32.7,32.11665418904777,-0.5833458109522311,,
sustained_3,A_conditional,FROZEN,73.071473803,32.7,32.15865927294767,-0.5413407270523294,,
sustained_3,A_conditional,FROZEN,75.856473803,32.7,32.22113504807626,-0.47886495192373957,,
sustained_3,A_conditional,FROZEN,78.526473803,32.7,32.26339323519726,-0.43660676480273963,,
sustained_3,A_conditional,FROZEN,81.156473803,32.7,32.29876698872094,-0.40123301127906075,,
sustained_3,A_conditional,FROZEN,83.691473803,32.8,32.33457939323581,-0.46542060676418373,,
sustained_3,A_conditional,FROZEN,86.061473803,32.8,32.36478377160987,-0.4352162283901251,,
sustained_3,A_conditional,FROZEN,88.591473803,32.8,32.396350353145735,-0.4036496468542623,,
sustained_3,A_conditional,FROZEN,91.156473803,32.8,32.425081335048695,-0.3749186649513021,,
sustained_3,A_conditional,FROZEN,93.841473803,32.9,32.4365063982709,-0.46349360172909826,,
sustained_3,A_conditional,FROZEN,96.266473803,32.9,32.455712345073266,-0.4442876549267325,,
sustained_3,A_conditional,FROZEN,98.756473803,32.9,32.47649866413587,-0.4235013358641311,,
sustained_3,A_conditional,FROZEN,101.286473803,32.9,32.50104860337238,-0.39895139662761636,,
sustained_3,A_conditional,FROZEN,103.906473803,33.0,32.51855732941376,-0.48144267058624024,,
sustained_3,A_conditional,FROZEN,106.876473803,33.0,32.530750678712685,-0.46924932128731456,,
sustained_3,A_conditional,FROZEN,109.436473803,33.0,32.549735479717604,-0.4502645202823956,,
sustained_3,A_conditional,FROZEN,111.991473803,33.0,32.563587602475,-0.4364123975249967,,
sustained_3,A_conditional,FROZEN,114.696473803,33.1,32.32602793774757,-0.7739720622524331,,
sustained_3,A_conditional,FROZEN,117.266473803,33.1,32.12144030960044,-0.9785596903995639,,
sustained_3,A_conditional,FROZEN,119.961473803,33.1,31.931402474476055,-1.1685975255239462,,
sustained_3,A_conditional,FROZEN,122.716473803,31.7,31.760059027251614,0.06005902725161505,,
sustained_3,A_conditional,FROZEN,125.076473803,31.7,31.629628514630248,-0.07037148536975124,,
sustained_3,A_conditional,FROZEN,127.526473803,31.7,31.508430278558844,-0.19156972144115514,,
sustained_3,A_conditional,FROZEN,130.096473803,31.7,31.395183826076085,-0.30481617392391414,,
sustained_3,A_conditional,FROZEN,132.886473803,31.2,31.286524242489904,0.08652424248990442,,
sustained_3,A_conditional,FROZEN,135.521473803,31.2,31.195975845127073,-0.004024154872926289,,
sustained_3,A_conditional,FROZEN,138.091473803,31.2,31.117653652110278,-0.08234634788972173,,
sustained_3,A_conditional,FROZEN,140.736473803,31.2,31.046179441262623,-0.153820558737376,,
sustained_3,A_conditional,FROZEN,143.356473803,31.1,30.983479359008218,-0.11652064099178361,,
sustained_3,A_conditional,FROZEN,146.081473803,31.1,30.925830168790192,-0.17416983120980944,,
sustained_3,A_conditional,FROZEN,148.551473803,31.1,30.87948486372288,-0.22051513627712183,,
sustained_3,A_conditional,FROZEN,151.271473803,31.1,30.834205289733728,-0.2657947102662739,,
sustained_3,A_conditional,FROZEN,153.966473803,31.0,30.79461425385925,-0.2053857461407489,,
sustained_3,A_conditional,FROZEN,156.541473803,31.0,30.761121945790883,-0.2388780542091169,,
sustained_3,A_conditional,FROZEN,159.186473803,31.0,30.730625199214817,-0.26937480078518306,,
sustained_3,A_conditional,FROZEN,161.826473803,31.0,30.703684139185548,-0.2963158608144525,,
sustained_3,A_conditional,FROZEN,164.471473803,31.0,30.679794427390476,-0.32020557260952387,,
sustained_3,A_conditional,FROZEN,167.156473803,31.0,30.658353245338954,-0.34164675466104555,,
sustained_3,A_conditional,FROZEN,169.611473803,31.0,30.640946514902943,-0.35905348509705703,,
sustained_3,A_conditional,FROZEN,172.301473803,30.9,30.624010533882497,-0.2759894661175011,,
sustained_3,A_conditional,FROZEN,174.946473803,30.9,30.60929077796618,-0.29070922203381855,,
sustained_3,A_conditional,FROZEN,177.606473803,30.9,30.59619671441554,-0.3038032855844577,,
sustained_3,A_conditional,FROZEN,0,,,,0.0,0.0
sustained_3,A_conditional,FROZEN,1,,,,0.9475469481440076,1.1414708220665384
sustained_3,A_conditional,FROZEN,2,,,,2.001168611665393,2.2829416441330768
sustained_3,A_conditional,FROZEN,3,,,,2.9980878685560617,3.424412466199615
sustained_3,A_conditional,FROZEN,4,,,,4.131969472247169,4.5658832882661535
sustained_3,A_conditional,FROZEN,5,,,,5.190448184153879,5.707354110332692
sustained_3,A_conditional,FROZEN,6,,,,6.207318728068351,6.84882493239923
sustained_3,A_conditional,FROZEN,7,,,,7.166437939332873,7.990295754465769
sustained_3,A_conditional,FROZEN,8,,,,8.073710413482093,9.131766576532307
sustained_3,A_conditional,FROZEN,9,,,,8.987822792299724,10.273237398598845
sustained_3,A_conditional,FROZEN,10,,,,10.529794779345194,11.414708220665384
sustained_3,A_conditional,FROZEN,11,,,,11.924657045098659,12.556179042731923
sustained_3,A_conditional,FROZEN,12,,,,12.68570685260426,13.69764986479846
sustained_3,A_conditional,FROZEN,13,,,,13.68625976424619,14.839120686864998
sustained_3,A_conditional,FROZEN,14,,,,14.721250520031614,15.980591508931537
sustained_3,A_conditional,FROZEN,15,,,,15.705622878731262,17.122062330998077
sustained_3,A_conditional,FROZEN,16,,,,16.87236177485864,18.263533153064614
sustained_3,A_conditional,FROZEN,17,,,,18.505463652373418,19.40500397513115
sustained_3,A_conditional,FROZEN,18,,,,19.81782756394819,20.54647479719769
sustained_3,A_conditional,FROZEN,19,,,,21.129023367287367,21.68794561926423
sustained_3,A_conditional,FROZEN,20,,,,22.389155356764014,22.829416441330768
sustained_3,A_conditional,FROZEN,21,,,,23.50437965545006,23.970887263397305
sustained_3,A_conditional,FROZEN,22,,,,24.477681966086582,25.112358085463846
sustained_3,A_conditional,FROZEN,23,,,,25.444430237658572,26.253828907530384
sustained_3,A_conditional,FROZEN,24,,,,26.62340490993988,27.39529972959692
sustained_3,A_conditional,FROZEN,25,,,,27.435133379033605,28.53677055166346
sustained_3,A_conditional,FROZEN,26,,,,28.505463875624137,29.678241373729996
sustained_3,A_conditional,FROZEN,27,,,,29.433669644585784,30.819712195796537
sustained_3,A_conditional,FROZEN,28,,,,30.394821879252234,31.961183017863075
sustained_3,A_conditional,FROZEN,29,,,,31.369601104582422,33.102653839929616
sustained_3,A_conditional,FROZEN,30,,,,32.39470713646874,34.24412466199615
sustained_3,A_conditional,FROZEN,31,,,,34.24342244028942,35.38559548406269
sustained_3,A_conditional,FROZEN,32,,,,35.3586462111271,36.52706630612923
sustained_3,A_conditional,FROZEN,33,,,,36.35134859530262,37.668537128195766
sustained_3,A_conditional,FROZEN,34,,,,37.510664556735485,38.8100079502623
sustained_3,A_conditional,FROZEN,35,,,,38.68696157932486,39.95147877232884
sustained_3,A_conditional,FROZEN,36,,,,40.42005329925429,41.61731176961942
sustained_3,A_conditional,FROZEN,37,,,,42.13743609760219,43.409706923598975
sustained_3,A_conditional,FROZEN,38,,,,43.67893687308394,45.23354092015996
sustained_3,A_conditional,FROZEN,39,,,,44.998059939985424,47.06236512142827
sustained_3,A_conditional,FROZEN,40,,,,46.412749413516984,48.8843147602591
sustained_3,A_conditional,FROZEN,41,,,,48.80802297021318,50.67839422858349
sustained_3,A_conditional,FROZEN,42,,,,50.53493191352206,52.5019836751172
sustained_3,A_conditional,FROZEN,43,,,,52.15708607641735,54.32957444622172
sustained_3,A_conditional,FROZEN,44,,,,54.072719522700645,56.16056398894199
sustained_3,A_conditional,FROZEN,45,,,,56.387756925728176,57.95186575785376
sustained_3,A_conditional,FROZEN,46,,,,58.105357917096306,59.775332125286674
sustained_3,A_conditional,FROZEN,47,,,,59.66200072418169,61.6003856378815
sustained_3,A_conditional,FROZEN,48,,,,61.55432698575925,63.422536739020956
sustained_3,A_conditional,FROZEN,49,,,,63.0837841311602,65.22958542437651
sustained_3,A_conditional,FROZEN,50,,,,64.81272020290855,67.04123056700976
sustained_3,A_conditional,FROZEN,51,,,,67.68473578702108,68.86807016158708
sustained_3,A_conditional,FROZEN,52,,,,69.34954738976218,70.69279326415156
sustained_3,A_conditional,FROZEN,53,,,,71.16038281563735,72.48382530319938
sustained_3,A_conditional,FROZEN,54,,,,73.55751414754754,74.3078330725782
sustained_3,A_conditional,FROZEN,55,,,,76.29790160051499,76.13525905029931
sustained_3,A_conditional,FROZEN,56,,,,78.35988777612519,77.9642235949607
sustained_3,A_conditional,FROZEN,57,,,,79.73846979688514,79.77374693295683
sustained_3,A_conditional,FROZEN,58,,,,81.65560855363023,81.59625953699152
sustained_3,A_conditional,FROZEN,59,,,,83.65089625205358,83.42121022479768
sustained_3,A_conditional,FROZEN,60,,,,85.88530442702663,85.24394909035085
sustained_3,A_conditional,FROZEN,61,,,,88.65573601350398,87.02286361311192
sustained_3,A_conditional,FROZEN,62,,,,90.73113091635817,88.84824929987927
sustained_3,A_conditional,FROZEN,63,,,,93.14094314302372,90.67710261105528
sustained_3,A_conditional,FROZEN,64,,,,94.95714090436243,92.49454379508049
sustained_3,A_conditional,FROZEN,65,,,,96.51766770037672,94.29989975668452
sustained_3,A_conditional,FROZEN,66,,,,98.51954499580022,96.10608551694826
sustained_3,A_conditional,FROZEN,67,,,,100.31015496905897,97.92969955885646
sustained_3,A_conditional,FROZEN,68,,,,102.3326212670949,99.75197824401008
sustained_3,A_conditional,FROZEN,69,,,,104.1928515080648,101.53014346865231
sustained_3,A_conditional,FROZEN,70,,,,106.01101310060083,103.35575669502772
sustained_3,A_conditional,FROZEN,71,,,,107.61284329743113,105.1818753454539
sustained_3,A_conditional,FROZEN,72,,,,109.60185481255006,106.98635168319481
sustained_3,A_conditional,FROZEN,73,,,,111.27216975726361,108.78550010548338
sustained_3,A_conditional,FROZEN,74,,,,112.84793325800713,110.60645027891196
sustained_3,A_conditional,FROZEN,75,,,,114.4083321640477,112.42277678576623
sustained_3,A_conditional,FROZEN,76,,,,115.96587586458624,114.24914923409906
sustained_3,A_conditional,FROZEN,77,,,,117.33427929158844,116.0440214960247
sustained_3,A_conditional,FROZEN,78,,,,119.2678494831137,117.86879911408222
sustained_3,A_conditional,FROZEN,79,,,,121.2655812929018,119.69963513723101
sustained_3,A_conditional,FROZEN,80,,,,123.02901097668564,121.5068592561077
sustained_3,A_conditional,FROZEN,81,,,,124.96354044901533,123.3046446628655
sustained_3,A_conditional,FROZEN,82,,,,126.29370071562934,125.1085693165131
sustained_3,A_conditional,FROZEN,83,,,,127.61651394043778,126.93342648034718
sustained_3,A_conditional,FROZEN,84,,,,129.57715932895564,128.74993564178
sustained_3,A_conditional,FROZEN,85,,,,131.76192503336793,130.54611101871325
sustained_3,A_conditional,FROZEN,86,,,,134.12301508503697,132.37046091182168
sustained_3,A_conditional,FROZEN,87,,,,135.79916932722904,134.17855377530597
sustained_3,A_conditional,FROZEN,88,,,,137.46813582634988,136.00718830970453
sustained_3,A_conditional,FROZEN,89,,,,139.40436315160758,137.80170651395255
sustained_3,A_conditional,FROZEN,90,,,,141.51091274647743,139.6192096442173
sustained_3,A_conditional,FROZEN,91,,,,143.79221364588497,141.44841936721372
sustained_3,A_conditional,FROZEN,92,,,,145.62415003858263,143.27732913346196
sustained_3,A_conditional,FROZEN,93,,,,147.28433464625488,145.07021752843596
sustained_3,A_conditional,FROZEN,94,,,,148.95859314556148,146.89630627757728
sustained_3,A_conditional,FROZEN,95,,,,150.26090033691798,148.7237855300121
sustained_3,A_conditional,FROZEN,96,,,,151.49030742121968,150.5490038287047
sustained_3,A_conditional,FROZEN,97,,,,153.15117822365917,152.33903457890574
sustained_3,A_conditional,FROZEN,98,,,,155.37399860055737,154.1635526455088
sustained_3,A_conditional,FROZEN,99,,,,157.6185514159645,155.9924360241248
sustained_3,A_conditional,FROZEN,100,,,,159.90088493784395,157.8184586355925
sustained_3,A_conditional,FROZEN,101,,,,161.70118937021488,159.62873246740864
sustained_3,A_conditional,FROZEN,102,,,,163.2379463734588,161.4476953581318
sustained_3,A_conditional,FROZEN,103,,,,164.82220593918703,163.27077140942566
sustained_3,A_conditional,FROZEN,104,,,,166.68302740149866,165.08773313359973
sustained_3,A_conditional,FROZEN,105,,,,168.8171291279062,166.89390689108598
sustained_3,A_conditional,FROZEN,106,,,,171.03781968118327,168.70935897287123
sustained_3,A_conditional,FROZEN,107,,,,173.44571793822837,170.54012117819582
sustained_3,A_conditional,FROZEN,108,,,,175.42899259344955,172.37014675642058
sustained_3,A_conditional,FROZEN,109,,,,177.33001862587278,174.17045980396725
sustained_3,A_conditional,FROZEN,110,,,,179.2972556928706,175.97994225991985
sustained_3,A_conditional,FROZEN,111,,,,181.0446131302896,177.80987243195958
sustained_3,A_conditional,FROZEN,112,,,,183.11922987694678,179.63895283656592
sustained_3,A_conditional,FROZEN,113,,,,184.51877021690777,180.80642176780162
sustained_3,A_conditional,FROZEN,114,,,,185.41469643774093,181.94789258986816
sustained_3,A_conditional,FROZEN,115,,,,186.18643709886055,183.0893634119347
sustained_3,A_conditional,FROZEN,116,,,,187.11785799435972,184.23083423400124
sustained_3,A_conditional,FROZEN,117,,,,188.06891399390352,185.37230505606777
sustained_3,A_conditional,FROZEN,118,,,,189.13002585323193,186.5137758781343
sustained_3,A_conditional,FROZEN,119,,,,190.36296909360829,187.65524670020085
sustained_3,A_conditional,FROZEN,120,,,,191.73214666785708,188.7967175222674
sustained_3,A_conditional,JOINT,35.866473803,30.2,30.285235395852705,0.08523539585270612,,
sustained_3,A_conditional,JOINT,38.426473803,30.2,30.572918356207246,0.3729183562072471,,
sustained_3,A_conditional,JOINT,41.131473803,30.2,30.81210119330375,0.6121011933037508,,
sustained_3,A_conditional,JOINT,43.871473803,31.4,31.044845817757718,-0.35515418224228057,,
sustained_3,A_conditional,JOINT,46.401473803,31.4,31.22276857733482,-0.1772314226651801,,
sustained_3,A_conditional,JOINT,49.021473803,31.4,31.363731489669465,-0.03626851033053313,,
sustained_3,A_conditional,JOINT,51.666473803,31.4,31.50553160386282,0.10553160386282201,,
sustained_3,A_conditional,JOINT,54.631473803,32.2,31.627064307272743,-0.5729356927272597,,
sustained_3,A_conditional,JOINT,57.236473803,32.2,31.72586103822062,-0.4741389617793814,,
sustained_3,A_conditional,JOINT,59.676473803,32.2,31.80671229339886,-0.3932877066011429,,
sustained_3,A_conditional,JOINT,62.031473803,32.2,31.869004961202567,-0.3309950387974361,,
sustained_3,A_conditional,JOINT,64.866473803,32.7,31.94397950551879,-0.7560204944812128,,
sustained_3,A_conditional,JOINT,67.566473803,32.7,31.98580363434346,-0.7141963656565444,,
sustained_3,A_conditional,JOINT,70.391473803,32.7,32.04599280148234,-0.654007198517661,,
sustained_3,A_conditional,JOINT,73.071473803,32.7,32.06701517953743,-0.6329848204625748,,
sustained_3,A_conditional,JOINT,75.856473803,32.7,32.11324903662406,-0.5867509633759411,,
sustained_3,A_conditional,JOINT,78.526473803,32.7,32.138491715973785,-0.5615082840262176,,
sustained_3,A_conditional,JOINT,81.156473803,32.7,32.157697850848706,-0.5423021491512969,,
sustained_3,A_conditional,JOINT,83.691473803,32.8,32.17986693260926,-0.6201330673907393,,
sustained_3,A_conditional,JOINT,86.061473803,32.8,32.198031064599896,-0.6019689354001017,,
sustained_3,A_conditional,JOINT,88.591473803,32.8,32.21796478362132,-0.5820352163786779,,
sustained_3,A_conditional,JOINT,91.156473803,32.8,32.23567401244117,-0.5643259875588242,,
sustained_3,A_conditional,JOINT,93.841473803,32.9,32.23345848699343,-0.666541513006571,,
sustained_3,A_conditional,JOINT,96.266473803,32.9,32.24311184923143,-0.656888150768566,,
sustained_3,A_conditional,JOINT,98.756473803,32.9,32.25537354731603,-0.6446264526839656,,
sustained_3,A_conditional,JOINT,101.286473803,32.9,32.27284546886346,-0.6271545311365401,,
sustained_3,A_conditional,JOINT,103.906473803,33.0,32.28251537990357,-0.7174846200964282,,
sustained_3,A_conditional,JOINT,106.876473803,33.0,32.28562388019318,-0.7143761198068219,,
sustained_3,A_conditional,JOINT,109.436473803,33.0,32.29913959835077,-0.7008604016492299,,
sustained_3,A_conditional,JOINT,111.991473803,33.0,32.307334653964624,-0.6926653460353762,,
sustained_3,A_conditional,JOINT,114.696473803,33.1,32.02269252473057,-1.0773074752694285,,
sustained_3,A_conditional,JOINT,117.266473803,33.1,31.786552073710315,-1.3134479262896868,,
sustained_3,A_conditional,JOINT,119.961473803,33.1,31.57517390018177,-1.524826099818231,,
sustained_3,A_conditional,JOINT,122.716473803,31.7,31.391756598066994,-0.30824340193300515,,
sustained_3,A_conditional,JOINT,125.076473803,31.7,31.25708909015887,-0.44291090984112813,,
sustained_3,A_conditional,JOINT,127.526473803,31.7,31.136116495377575,-0.5638835046224244,,
sustained_3,A_conditional,JOINT,130.096473803,31.7,31.027002068044055,-0.672997931955944,,
sustained_3,A_conditional,JOINT,132.886473803,31.2,30.92617784969901,-0.27382215030099033,,
sustained_3,A_conditional,JOINT,135.521473803,31.2,30.845313141332984,-0.35468685866701577,,
sustained_3,A_conditional,JOINT,138.091473803,31.2,30.77788729708974,-0.42211270291025826,,
sustained_3,A_conditional,JOINT,140.736473803,31.2,30.71857590802527,-0.4814240919747306,,
sustained_3,A_conditional,JOINT,143.356473803,31.1,30.66844209268553,-0.4315579073144704,,
sustained_3,A_conditional,JOINT,146.081473803,31.1,30.624050922507195,-0.4759490774928068,,
sustained_3,A_conditional,JOINT,148.551473803,31.1,30.58965153643949,-0.5103484635605113,,
sustained_3,A_conditional,JOINT,151.271473803,31.1,30.55724989737433,-0.5427501026256714,,
sustained_3,A_conditional,JOINT,153.966473803,31.0,30.52998257451719,-0.47001742548280845,,
sustained_3,A_conditional,JOINT,156.541473803,31.0,30.507760103643072,-0.4922398963569279,,
sustained_3,A_conditional,JOINT,159.186473803,31.0,30.48825845042592,-0.5117415495740794,,
sustained_3,A_conditional,JOINT,161.826473803,31.0,30.471663351545303,-0.5283366484546974,,
sustained_3,A_conditional,JOINT,164.471473803,31.0,30.457488769215296,-0.5425112307847044,,
sustained_3,A_conditional,JOINT,167.156473803,31.0,30.44523886563833,-0.5547611343616694,,
sustained_3,A_conditional,JOINT,169.611473803,31.0,30.43565112988339,-0.5643488701166106,,
sustained_3,A_conditional,JOINT,172.301473803,30.9,30.426657072871123,-0.4733429271288756,,
sustained_3,A_conditional,JOINT,174.946473803,30.9,30.41913140952659,-0.4808685904734098,,
sustained_3,A_conditional,JOINT,177.606473803,30.9,30.4126853332579,-0.48731466674209756,,
sustained_3,A_conditional,JOINT,0,,,,0.0,0.0
sustained_3,A_conditional,JOINT,1,,,,0.9475469481440076,1.1414708220665384
sustained_3,A_conditional,JOINT,2,,,,2.001168611665393,2.2829416441330768
sustained_3,A_conditional,JOINT,3,,,,2.9980878685560617,3.424412466199615
sustained_3,A_conditional,JOINT,4,,,,4.131969472247169,4.5658832882661535
sustained_3,A_conditional,JOINT,5,,,,5.190448184153879,5.707354110332692
sustained_3,A_conditional,JOINT,6,,,,6.207318728068351,6.84882493239923
sustained_3,A_conditional,JOINT,7,,,,7.166437939332873,7.990295754465769
sustained_3,A_conditional,JOINT,8,,,,8.073710413482093,9.131766576532307
sustained_3,A_conditional,JOINT,9,,,,8.987822792299724,10.273237398598845
sustained_3,A_conditional,JOINT,10,,,,10.529794779345194,11.414708220665384
sustained_3,A_conditional,JOINT,11,,,,11.924657045098659,12.556179042731923
sustained_3,A_conditional,JOINT,12,,,,12.68570685260426,13.69764986479846
sustained_3,A_conditional,JOINT,13,,,,13.68625976424619,14.839120686864998
sustained_3,A_conditional,JOINT,14,,,,14.721250520031614,15.980591508931537
sustained_3,A_conditional,JOINT,15,,,,15.705622878731262,17.122062330998077
sustained_3,A_conditional,JOINT,16,,,,16.87236177485864,18.263533153064614
sustained_3,A_conditional,JOINT,17,,,,18.505463652373418,19.40500397513115
sustained_3,A_conditional,JOINT,18,,,,19.81782756394819,20.54647479719769
sustained_3,A_conditional,JOINT,19,,,,21.129023367287367,21.68794561926423
sustained_3,A_conditional,JOINT,20,,,,22.389155356764014,22.829416441330768
sustained_3,A_conditional,JOINT,21,,,,23.50437965545006,23.970887263397305
sustained_3,A_conditional,JOINT,22,,,,24.477681966086582,25.112358085463846
sustained_3,A_conditional,JOINT,23,,,,25.444430237658572,26.253828907530384
sustained_3,A_conditional,JOINT,24,,,,26.62340490993988,27.39529972959692
sustained_3,A_conditional,JOINT,25,,,,27.435133379033605,28.53677055166346
sustained_3,A_conditional,JOINT,26,,,,28.505463875624137,29.678241373729996
sustained_3,A_conditional,JOINT,27,,,,29.433669644585784,30.819712195796537
sustained_3,A_conditional,JOINT,28,,,,30.394821879252234,31.961183017863075
sustained_3,A_conditional,JOINT,29,,,,31.369601104582422,33.102653839929616
sustained_3,A_conditional,JOINT,30,,,,32.39470713646874,34.24412466199615
sustained_3,A_conditional,JOINT,31,,,,34.24342244028942,35.38559548406269
sustained_3,A_conditional,JOINT,32,,,,35.3586462111271,36.52706630612923
sustained_3,A_conditional,JOINT,33,,,,36.35134859530262,37.668537128195766
sustained_3,A_conditional,JOINT,34,,,,37.510664556735485,38.8100079502623
sustained_3,A_conditional,JOINT,35,,,,38.68696157932486,39.95147877232884
sustained_3,A_conditional,JOINT,36,,,,40.42005329925429,41.61297723135821
sustained_3,A_conditional,JOINT,37,,,,42.13743609760219,43.397463013790315
sustained_3,A_conditional,JOINT,38,,,,43.67893687308394,45.21657005403414
sustained_3,A_conditional,JOINT,39,,,,44.998059939985424,47.04119295559386
sustained_3,A_conditional,JOINT,40,,,,46.412749413516984,48.859034666639104
sustained_3,A_conditional,JOINT,41,,,,48.80802297021318,50.6442988495012
sustained_3,A_conditional,JOINT,42,,,,50.53493191352206,52.46358429684068
sustained_3,A_conditional,JOINT,43,,,,52.15708607641735,54.286964938669165
sustained_3,A_conditional,JOINT,44,,,,54.072719522700645,56.11431028502435
sustained_3,A_conditional,JOINT,45,,,,56.387756925728176,57.89752390094843
sustained_3,A_conditional,JOINT,46,,,,58.105357917096306,59.71623534035926
sustained_3,A_conditional,JOINT,47,,,,59.66200072418169,61.53766079566067
sustained_3,A_conditional,JOINT,48,,,,61.55432698575925,63.35592668359132
sustained_3,A_conditional,JOINT,49,,,,63.0837841311602,65.15438853963953
sustained_3,A_conditional,JOINT,50,,,,64.81272020290855,66.96210411107538
sustained_3,A_conditional,JOINT,51,,,,67.68473578702108,68.78525149204006
sustained_3,A_conditional,JOINT,52,,,,69.34954738976218,70.60607426133063
sustained_3,A_conditional,JOINT,53,,,,71.16038281563735,72.38801807153432
sustained_3,A_conditional,JOINT,54,,,,73.55751414754754,74.20784046711161
sustained_3,A_conditional,JOINT,55,,,,76.29790160051499,76.03101585991857
sustained_3,A_conditional,JOINT,56,,,,78.35988777612519,77.85607889136794
sustained_3,A_conditional,JOINT,57,,,,79.73846979688514,79.65749141132493
sustained_3,A_conditional,JOINT,58,,,,81.65560855363023,81.47502365340873
sustained_3,A_conditional,JOINT,59,,,,83.65089625205358,83.29624907059963
sustained_3,A_conditional,JOINT,60,,,,85.88530442702663,85.11522059924219
sustained_3,A_conditional,JOINT,61,,,,88.65573601350398,86.88574508545278
sustained_3,A_conditional,JOINT,62,,,,90.73113091635817,88.70721568966758
sustained_3,A_conditional,JOINT,63,,,,93.14094314302372,90.53209265088462
sustained_3,A_conditional,JOINT,64,,,,94.95714090436243,92.3458183411407
sustained_3,A_conditional,JOINT,65,,,,96.51766770037672,94.1419185413377
sustained_3,A_conditional,JOINT,66,,,,98.51954499580022,95.94447572592318
sustained_3,A_conditional,JOINT,67,,,,100.31015496905897,97.76428513209443
sustained_3,A_conditional,JOINT,68,,,,102.3326212670949,99.58241262015524
sustained_3,A_conditional,JOINT,69,,,,104.1928515080648,101.35188216460513
sustained_3,A_conditional,JOINT,70,,,,106.01101310060083,103.17361052944688
sustained_3,A_conditional,JOINT,71,,,,107.61284329743113,104.99593195851344
sustained_3,A_conditional,JOINT,72,,,,109.60185481255006,106.79661776594995
sustained_3,A_conditional,JOINT,73,,,,111.27216975726361,108.58688028448174
sustained_3,A_conditional,JOINT,74,,,,112.84793325800713,110.40352557487591
sustained_3,A_conditional,JOINT,75,,,,114.4083321640477,112.21587790825416
sustained_3,A_conditional,JOINT,76,,,,115.96587586458624,114.03850553410362
sustained_3,A_conditional,JOINT,77,,,,117.33427929158844,115.82432915780801
sustained_3,A_conditional,JOINT,78,,,,119.2678494831137,117.64487656607362
sustained_3,A_conditional,JOINT,79,,,,121.2655812929018,119.47196079327244
sustained_3,A_conditional,JOINT,80,,,,123.02901097668564,121.27561277013028
sustained_3,A_conditional,JOINT,81,,,,124.96354044901533,123.06476054070367
sustained_3,A_conditional,JOINT,82,,,,126.29370071562934,124.8650461070039
sustained_3,A_conditional,JOINT,83,,,,127.61651394043778,126.68610866424478
sustained_3,A_conditional,JOINT,84,,,,129.57715932895564,128.4987090535391
sustained_3,A_conditional,JOINT,85,,,,131.76192503336793,130.28622035376975
sustained_3,A_conditional,JOINT,86,,,,134.12301508503697,132.1068111470646
sustained_3,A_conditional,JOINT,87,,,,135.79916932722904,133.91135093874607
sustained_3,A_conditional,JOINT,88,,,,137.46813582634988,135.73639060630683
sustained_3,A_conditional,JOINT,89,,,,139.40436315160758,137.52175141563492
sustained_3,A_conditional,JOINT,90,,,,141.51091274647743,139.3352142006127
sustained_3,A_conditional,JOINT,91,,,,143.79221364588497,141.1605034785818
sustained_3,A_conditional,JOINT,92,,,,145.62415003858263,142.98529224267114
sustained_3,A_conditional,JOINT,93,,,,147.28433464625488,144.76949445375334
sustained_3,A_conditional,JOINT,94,,,,148.95859314556148,146.59166096837254
sustained_3,A_conditional,JOINT,95,,,,150.26090033691798,148.4153235428779
sustained_3,A_conditional,JOINT,96,,,,151.49030742121968,150.2365406983259
sustained_3,A_conditional,JOINT,97,,,,153.15117822365917,152.0182546040939
sustained_3,A_conditional,JOINT,98,,,,155.37399860055737,153.8380458381688
sustained_3,A_conditional,JOINT,99,,,,157.6185514159645,155.66287436730704
sustained_3,A_conditional,JOINT,100,,,,159.90088493784395,157.4852095928438
sustained_3,A_conditional,JOINT,101,,,,161.70118937021488,159.28742545974055
sustained_3,A_conditional,JOINT,102,,,,163.2379463734588,161.10231832960042
sustained_3,A_conditional,JOINT,103,,,,164.82220593918703,162.92140496037524
sustained_3,A_conditional,JOINT,104,,,,166.68302740149866,164.73403323157214
sustained_3,A_conditional,JOINT,105,,,,168.8171291279062,166.5314546205465
sustained_3,A_conditional,JOINT,106,,,,171.03781968118327,168.3431160856498
sustained_3,A_conditional,JOINT,107,,,,173.44571793822837,170.17020303517097
sustained_3,A_conditional,JOINT,108,,,,175.42899259344955,171.99642191243777
sustained_3,A_conditional,JOINT,109,,,,177.33001862587278,173.78854609357478
sustained_3,A_conditional,JOINT,110,,,,179.2972556928706,175.5943072208563
sustained_3,A_conditional,JOINT,111,,,,181.0446131302896,177.42037702832107
sustained_3,A_conditional,JOINT,112,,,,183.11922987694678,179.2453035012594
sustained_3,A_conditional,JOINT,113,,,,184.51877021690777,180.41281135483408
sustained_3,A_conditional,JOINT,114,,,,185.41469643774093,181.5542821769006
sustained_3,A_conditional,JOINT,115,,,,186.18643709886055,182.69575299896715
sustained_3,A_conditional,JOINT,116,,,,187.11785799435972,183.8372238210337
sustained_3,A_conditional,JOINT,117,,,,188.06891399390352,184.97869464310023
sustained_3,A_conditional,JOINT,118,,,,189.13002585323193,186.12016546516676
sustained_3,A_conditional,JOINT,119,,,,190.36296909360829,187.2616362872333
sustained_3,A_conditional,JOINT,120,,,,191.73214666785708,188.40310710929984
sustained_3,B_arrival,FROZEN,35.866473803,30.2,30.279077911860327,0.07907791186032753,,
sustained_3,B_arrival,FROZEN,38.426473803,30.2,30.533496443676658,0.3334964436766583,,
sustained_3,B_arrival,FROZEN,41.131473803,30.2,30.75713557246096,0.557135572460961,,
sustained_3,B_arrival,FROZEN,43.871473803,31.4,30.977935794276856,-0.4220642057231423,,
sustained_3,B_arrival,FROZEN,46.401473803,31.4,31.155498780981368,-0.24450121901863042,,
sustained_3,B_arrival,FROZEN,49.021473803,31.4,31.301457359391286,-0.09854264060871287,,
sustained_3,B_arrival,FROZEN,51.666473803,31.4,31.452716866541994,0.0527168665419957,,
sustained_3,B_arrival,FROZEN,54.631473803,32.2,31.59009378588739,-0.6099062141126126,,
sustained_3,B_arrival,FROZEN,57.236473803,32.2,31.707070906742825,-0.49292909325717815,,
sustained_3,B_arrival,FROZEN,59.676473803,32.2,31.80169609983296,-0.3983039001670434,,
sustained_3,B_arrival,FROZEN,62.031473803,32.2,31.881842111041237,-0.3181578889587655,,
sustained_3,B_arrival,FROZEN,64.866473803,32.7,31.975327214390433,-0.7246727856095703,,
sustained_3,B_arrival,FROZEN,67.566473803,32.7,32.04133603857746,-0.6586639614225405,,
sustained_3,B_arrival,FROZEN,70.391473803,32.7,32.12081777136639,-0.5791822286336128,,
sustained_3,B_arrival,FROZEN,73.071473803,32.7,32.164879554862935,-0.5351204451370677,,
sustained_3,B_arrival,FROZEN,75.856473803,32.7,32.22808990886818,-0.471910091131825,,
sustained_3,B_arrival,FROZEN,78.526473803,32.7,32.2681575291406,-0.43184247085940086,,
sustained_3,B_arrival,FROZEN,81.156473803,32.7,32.30530720141992,-0.3946927985800812,,
sustained_3,B_arrival,FROZEN,83.691473803,32.8,32.343113363285255,-0.45688663671474217,,
sustained_3,B_arrival,FROZEN,86.061473803,32.8,32.371153640064186,-0.428846359935811,,
sustained_3,B_arrival,FROZEN,88.591473803,32.8,32.4022258804432,-0.3977741195568001,,
sustained_3,B_arrival,FROZEN,91.156473803,32.8,32.431649527071315,-0.3683504729286824,,
sustained_3,B_arrival,FROZEN,93.841473803,32.9,32.441750458274434,-0.4582495417255643,,
sustained_3,B_arrival,FROZEN,96.266473803,32.9,32.46145128211072,-0.43854871788927596,,
sustained_3,B_arrival,FROZEN,98.756473803,32.9,32.481418066081936,-0.41858193391806253,,
sustained_3,B_arrival,FROZEN,101.286473803,32.9,32.500883625542436,-0.399116374457563,,
sustained_3,B_arrival,FROZEN,103.906473803,33.0,32.52149927470942,-0.47850072529057996,,
sustained_3,B_arrival,FROZEN,106.876473803,33.0,32.53053280083726,-0.46946719916274304,,
sustained_3,B_arrival,FROZEN,109.436473803,33.0,32.54619025279246,-0.4538097472075435,,
sustained_3,B_arrival,FROZEN,111.991473803,33.0,32.56048695527214,-0.43951304472786035,,
sustained_3,B_arrival,FROZEN,114.696473803,33.1,32.32166808583229,-0.7783319141677083,,
sustained_3,B_arrival,FROZEN,117.266473803,33.1,32.11756590687634,-0.9824340931236648,,
sustained_3,B_arrival,FROZEN,119.961473803,33.1,31.92797918003943,-1.1720208199605722,,
sustained_3,B_arrival,FROZEN,122.716473803,31.7,31.757042641693552,0.057042641693552554,,
sustained_3,B_arrival,FROZEN,125.076473803,31.7,31.626922008555912,-0.07307799144408733,,
sustained_3,B_arrival,FROZEN,127.526473803,31.7,31.506011835771247,-0.19398816422875242,,
sustained_3,B_arrival,FROZEN,130.096473803,31.7,31.393034665621464,-0.30696533437853546,,
sustained_3,B_arrival,FROZEN,132.886473803,31.2,31.284633583296205,0.08463358329620618,,
sustained_3,B_arrival,FROZEN,135.521473803,31.2,31.194300710800576,-0.0056992891994234185,,
sustained_3,B_arrival,FROZEN,138.091473803,31.2,31.116165036183887,-0.08383496381611266,,
sustained_3,B_arrival,FROZEN,140.736473803,31.2,31.044861125132073,-0.15513887486792655,,
sustained_3,B_arrival,FROZEN,143.356473803,31.1,30.982310518708566,-0.11768948129143553,,
sustained_3,B_arrival,FROZEN,146.081473803,31.1,30.924798842182106,-0.17520115781789514,,
sustained_3,B_arrival,FROZEN,148.551473803,31.1,30.878564151158866,-0.22143584884113565,,
sustained_3,B_arrival,FROZEN,151.271473803,31.1,30.833392712114403,-0.2666072878855985,,
sustained_3,B_arrival,FROZEN,153.966473803,31.0,30.79389628708046,-0.2061037129195391,,
sustained_3,B_arrival,FROZEN,156.541473803,31.0,30.76048406778029,-0.23951593221971024,,
sustained_3,B_arrival,FROZEN,159.186473803,31.0,30.730060295363003,-0.2699397046369967,,
sustained_3,B_arrival,FROZEN,161.826473803,31.0,30.703183746235798,-0.2968162537642023,,
sustained_3,B_arrival,FROZEN,164.471473803,31.0,30.67935128011147,-0.3206487198885313,,
sustained_3,B_arrival,FROZEN,167.156473803,31.0,30.657961515131703,-0.34203848486829713,,
sustained_3,B_arrival,FROZEN,169.611473803,31.0,30.640596558347784,-0.3594034416522156,,
sustained_3,B_arrival,FROZEN,172.301473803,30.9,30.623701252792724,-0.27629874720727443,,
sustained_3,B_arrival,FROZEN,174.946473803,30.9,30.609016879076414,-0.2909831209235847,,
sustained_3,B_arrival,FROZEN,177.606473803,30.9,30.59595431701778,-0.3040456829822169,,
sustained_3,B_arrival,FROZEN,0,,,,0.0,0.0
sustained_3,B_arrival,FROZEN,1,,,,0.9475469481440076,1.1414708220665384
sustained_3,B_arrival,FROZEN,2,,,,2.001168611665393,2.2829416441330768
sustained_3,B_arrival,FROZEN,3,,,,2.9980878685560617,3.424412466199615
sustained_3,B_arrival,FROZEN,4,,,,4.131969472247169,4.5658832882661535
sustained_3,B_arrival,FROZEN,5,,,,5.190448184153879,5.707354110332692
sustained_3,B_arrival,FROZEN,6,,,,6.207318728068351,6.84882493239923
sustained_3,B_arrival,FROZEN,7,,,,7.166437939332873,7.990295754465769
sustained_3,B_arrival,FROZEN,8,,,,8.073710413482093,9.131766576532307
sustained_3,B_arrival,FROZEN,9,,,,8.987822792299724,10.273237398598845
sustained_3,B_arrival,FROZEN,10,,,,10.529794779345194,11.414708220665384
sustained_3,B_arrival,FROZEN,11,,,,11.924657045098659,12.556179042731923
sustained_3,B_arrival,FROZEN,12,,,,12.68570685260426,13.69764986479846
sustained_3,B_arrival,FROZEN,13,,,,13.68625976424619,14.839120686864998
sustained_3,B_arrival,FROZEN,14,,,,14.721250520031614,15.980591508931537
sustained_3,B_arrival,FROZEN,15,,,,15.705622878731262,17.122062330998077
sustained_3,B_arrival,FROZEN,16,,,,16.87236177485864,18.263533153064614
sustained_3,B_arrival,FROZEN,17,,,,18.505463652373418,19.40500397513115
sustained_3,B_arrival,FROZEN,18,,,,19.81782756394819,20.54647479719769
sustained_3,B_arrival,FROZEN,19,,,,21.129023367287367,21.68794561926423
sustained_3,B_arrival,FROZEN,20,,,,22.389155356764014,22.829416441330768
sustained_3,B_arrival,FROZEN,21,,,,23.50437965545006,23.970887263397305
sustained_3,B_arrival,FROZEN,22,,,,24.477681966086582,25.112358085463846
sustained_3,B_arrival,FROZEN,23,,,,25.444430237658572,26.253828907530384
sustained_3,B_arrival,FROZEN,24,,,,26.62340490993988,27.39529972959692
sustained_3,B_arrival,FROZEN,25,,,,27.435133379033605,28.53677055166346
sustained_3,B_arrival,FROZEN,26,,,,28.505463875624137,29.678241373729996
sustained_3,B_arrival,FROZEN,27,,,,29.433669644585784,30.819712195796537
sustained_3,B_arrival,FROZEN,28,,,,30.394821879252234,31.961183017863075
sustained_3,B_arrival,FROZEN,29,,,,31.369601104582422,33.102653839929616
sustained_3,B_arrival,FROZEN,30,,,,32.39470713646874,34.24412466199615
sustained_3,B_arrival,FROZEN,31,,,,34.24342244028942,35.38559548406269
sustained_3,B_arrival,FROZEN,32,,,,35.3586462111271,36.52706630612923
sustained_3,B_arrival,FROZEN,33,,,,36.35134859530262,37.668537128195766
sustained_3,B_arrival,FROZEN,34,,,,37.510664556735485,38.8100079502623
sustained_3,B_arrival,FROZEN,35,,,,38.68696157932486,39.95147877232884
sustained_3,B_arrival,FROZEN,36,,,,40.42005329925429,41.617262390308085
sustained_3,B_arrival,FROZEN,37,,,,42.13743609760219,43.410651725060056
sustained_3,B_arrival,FROZEN,38,,,,43.67893687308394,45.23454475441904
sustained_3,B_arrival,FROZEN,39,,,,44.998059939985424,47.058437783778025
sustained_3,B_arrival,FROZEN,40,,,,46.412749413516984,48.88233081313701
sustained_3,B_arrival,FROZEN,41,,,,48.80802297021318,50.675720147888974
sustained_3,B_arrival,FROZEN,42,,,,50.53493191352206,52.499613177247966
sustained_3,B_arrival,FROZEN,43,,,,52.15708607641735,54.32350620660695
sustained_3,B_arrival,FROZEN,44,,,,54.072719522700645,56.14739923596594
sustained_3,B_arrival,FROZEN,45,,,,56.387756925728176,57.940788570717906
sustained_3,B_arrival,FROZEN,46,,,,58.105357917096306,59.76468160007689
sustained_3,B_arrival,FROZEN,47,,,,59.66200072418169,61.58857462943588
sustained_3,B_arrival,FROZEN,48,,,,61.55432698575925,63.41246765879487
sustained_3,B_arrival,FROZEN,49,,,,63.0837841311602,65.20585699354683
sustained_3,B_arrival,FROZEN,50,,,,64.81272020290855,67.02975002290582
sustained_3,B_arrival,FROZEN,51,,,,67.68473578702108,68.8536430522648
sustained_3,B_arrival,FROZEN,52,,,,69.34954738976218,70.67753608162378
sustained_3,B_arrival,FROZEN,53,,,,71.16038281563735,72.47092541637576
sustained_3,B_arrival,FROZEN,54,,,,73.55751414754754,74.29481844573475
sustained_3,B_arrival,FROZEN,55,,,,76.29790160051499,76.11871147509373
sustained_3,B_arrival,FROZEN,56,,,,78.35988777612519,77.94260450445272
sustained_3,B_arrival,FROZEN,57,,,,79.73846979688514,79.73599383920468
sustained_3,B_arrival,FROZEN,58,,,,81.65560855363023,81.55988686856368
sustained_3,B_arrival,FROZEN,59,,,,83.65089625205358,83.38377989792266
sustained_3,B_arrival,FROZEN,60,,,,85.88530442702663,85.20767292728165
sustained_3,B_arrival,FROZEN,61,,,,88.65573601350398,87.00106226203361
sustained_3,B_arrival,FROZEN,62,,,,90.73113091635817,88.8249552913926
sustained_3,B_arrival,FROZEN,63,,,,93.14094314302372,90.64884832075158
sustained_3,B_arrival,FROZEN,64,,,,94.95714090436243,92.47274135011057
sustained_3,B_arrival,FROZEN,65,,,,96.51766770037672,94.26613068486253
sustained_3,B_arrival,FROZEN,66,,,,98.51954499580022,96.09002371422152
sustained_3,B_arrival,FROZEN,67,,,,100.31015496905897,97.9139167435805
sustained_3,B_arrival,FROZEN,68,,,,102.3326212670949,99.73780977293949
sustained_3,B_arrival,FROZEN,69,,,,104.1928515080648,101.53119910769144
sustained_3,B_arrival,FROZEN,70,,,,106.01101310060083,103.35509213705043
sustained_3,B_arrival,FROZEN,71,,,,107.61284329743113,105.17898516640943
sustained_3,B_arrival,FROZEN,72,,,,109.60185481255006,107.0028781957684
sustained_3,B_arrival,FROZEN,73,,,,111.27216975726361,108.79626753052038
sustained_3,B_arrival,FROZEN,74,,,,112.84793325800713,110.62016055987937
sustained_3,B_arrival,FROZEN,75,,,,114.4083321640477,112.44405358923837
sustained_3,B_arrival,FROZEN,76,,,,115.96587586458624,114.26794661859734
sustained_3,B_arrival,FROZEN,77,,,,117.33427929158844,116.0613359533493
sustained_3,B_arrival,FROZEN,78,,,,119.2678494831137,117.88522898270828
sustained_3,B_arrival,FROZEN,79,,,,121.2655812929018,119.70912201206728
sustained_3,B_arrival,FROZEN,80,,,,123.02901097668564,121.53301504142627
sustained_3,B_arrival,FROZEN,81,,,,124.96354044901533,123.32640437617822
sustained_3,B_arrival,FROZEN,82,,,,126.29370071562934,125.1502974055372
sustained_3,B_arrival,FROZEN,83,,,,127.61651394043778,126.9741904348962
sustained_3,B_arrival,FROZEN,84,,,,129.57715932895564,128.79808346425517
sustained_3,B_arrival,FROZEN,85,,,,131.76192503336793,130.59147279900714
sustained_3,B_arrival,FROZEN,86,,,,134.12301508503697,132.41536582836613
sustained_3,B_arrival,FROZEN,87,,,,135.79916932722904,134.23925885772513
sustained_3,B_arrival,FROZEN,88,,,,137.46813582634988,136.0631518870841
sustained_3,B_arrival,FROZEN,89,,,,139.40436315160758,137.85654122183607
sustained_3,B_arrival,FROZEN,90,,,,141.51091274647743,139.68043425119507
sustained_3,B_arrival,FROZEN,91,,,,143.79221364588497,141.50432728055404
sustained_3,B_arrival,FROZEN,92,,,,145.62415003858263,143.32822030991304
sustained_3,B_arrival,FROZEN,93,,,,147.28433464625488,145.121609644665
sustained_3,B_arrival,FROZEN,94,,,,148.95859314556148,146.94550267402397
sustained_3,B_arrival,FROZEN,95,,,,150.26090033691798,148.76939570338297
sustained_3,B_arrival,FROZEN,96,,,,151.49030742121968,150.59328873274194
sustained_3,B_arrival,FROZEN,97,,,,153.15117822365917,152.3866780674939
sustained_3,B_arrival,FROZEN,98,,,,155.37399860055737,154.2105710968529
sustained_3,B_arrival,FROZEN,99,,,,157.6185514159645,156.0344641262119
sustained_3,B_arrival,FROZEN,100,,,,159.90088493784395,157.85835715557087
sustained_3,B_arrival,FROZEN,101,,,,161.70118937021488,159.65174649032284
sustained_3,B_arrival,FROZEN,102,,,,163.2379463734588,161.4756395196818
sustained_3,B_arrival,FROZEN,103,,,,164.82220593918703,163.2995325490408
sustained_3,B_arrival,FROZEN,104,,,,166.68302740149866,165.1234255783998
sustained_3,B_arrival,FROZEN,105,,,,168.8171291279062,166.91681491315177
sustained_3,B_arrival,FROZEN,106,,,,171.03781968118327,168.74070794251074
sustained_3,B_arrival,FROZEN,107,,,,173.44571793822837,170.56460097186974
sustained_3,B_arrival,FROZEN,108,,,,175.42899259344955,172.3884940012287
sustained_3,B_arrival,FROZEN,109,,,,177.33001862587278,174.18188333598067
sustained_3,B_arrival,FROZEN,110,,,,179.2972556928706,176.00577636533967
sustained_3,B_arrival,FROZEN,111,,,,181.0446131302896,177.82966939469867
sustained_3,B_arrival,FROZEN,112,,,,183.11922987694678,179.65356242405764
sustained_3,B_arrival,FROZEN,113,,,,184.51877021690777,180.81055747712406
sustained_3,B_arrival,FROZEN,114,,,,185.41469643774093,181.9520282991906
sustained_3,B_arrival,FROZEN,115,,,,186.18643709886055,183.09349912125714
sustained_3,B_arrival,FROZEN,116,,,,187.11785799435972,184.23496994332368
sustained_3,B_arrival,FROZEN,117,,,,188.06891399390352,185.3764407653902
sustained_3,B_arrival,FROZEN,118,,,,189.13002585323193,186.51791158745675
sustained_3,B_arrival,FROZEN,119,,,,190.36296909360829,187.6593824095233
sustained_3,B_arrival,FROZEN,120,,,,191.73214666785708,188.80085323158983
sustained_3,B_arrival,JOINT,35.866473803,30.2,30.286045911347834,0.0860459113478349,,
sustained_3,B_arrival,JOINT,38.426473803,30.2,30.57325520580183,0.37325520580182925,,
sustained_3,B_arrival,JOINT,41.131473803,30.2,30.814713671306993,0.6147136713069941,,
sustained_3,B_arrival,JOINT,43.871473803,31.4,31.046167888210753,-0.3538321117892451,,
sustained_3,B_arrival,JOINT,46.401473803,31.4,31.22482462794129,-0.1751753720587068,,
sustained_3,B_arrival,JOINT,49.021473803,31.4,31.3624318037163,-0.03756819628369712,,
sustained_3,B_arrival,JOINT,51.666473803,31.4,31.50463825598221,0.10463825598221277,,
sustained_3,B_arrival,JOINT,54.631473803,32.2,31.625338481406974,-0.5746615185930288,,
sustained_3,B_arrival,JOINT,57.236473803,32.2,31.727310747806243,-0.47268925219376,,
sustained_3,B_arrival,JOINT,59.676473803,32.2,31.805814493486995,-0.39418550651300777,,
sustained_3,B_arrival,JOINT,62.031473803,32.2,31.869276103370588,-0.33072389662941504,,
sustained_3,B_arrival,JOINT,64.866473803,32.7,31.943625029315974,-0.7563749706840284,,
sustained_3,B_arrival,JOINT,67.566473803,32.7,31.988924702055627,-0.711075297944376,,
sustained_3,B_arrival,JOINT,70.391473803,32.7,32.05061264739704,-0.6493873526029645,,
sustained_3,B_arrival,JOINT,73.071473803,32.7,32.07390734870458,-0.6260926512954228,,
sustained_3,B_arrival,JOINT,75.856473803,32.7,32.12078526615007,-0.5792147338499305,,
sustained_3,B_arrival,JOINT,78.526473803,32.7,32.1432421391788,-0.5567578608212003,,
sustained_3,B_arrival,JOINT,81.156473803,32.7,32.16442772227192,-0.535572277728086,,
sustained_3,B_arrival,JOINT,83.691473803,32.8,32.18880775780454,-0.6111922421954574,,
sustained_3,B_arrival,JOINT,86.061473803,32.8,32.20429846236111,-0.5957015376388881,,
sustained_3,B_arrival,JOINT,88.591473803,32.8,32.223574709781886,-0.5764252902181113,,
sustained_3,B_arrival,JOINT,91.156473803,32.8,32.242029847534134,-0.5579701524658631,,
sustained_3,B_arrival,JOINT,93.841473803,32.9,32.238216542791854,-0.6617834572081449,,
sustained_3,B_arrival,JOINT,96.266473803,32.9,32.24848454182651,-0.6515154581734919,,
sustained_3,B_arrival,JOINT,98.756473803,32.9,32.25979339666878,-0.6402066033312153,,
sustained_3,B_arrival,JOINT,101.286473803,32.9,32.27134349103916,-0.6286565089608374,,
sustained_3,B_arrival,JOINT,103.906473803,33.0,32.28485718873414,-0.7151428112658635,,
sustained_3,B_arrival,JOINT,106.876473803,33.0,32.284351236891794,-0.7156487631082058,,
sustained_3,B_arrival,JOINT,109.436473803,33.0,32.29414967438789,-0.7058503256121114,,
sustained_3,B_arrival,JOINT,111.991473803,33.0,32.3031112705774,-0.6968887294225965,,
sustained_3,B_arrival,JOINT,114.696473803,33.1,32.01725046489807,-1.0827495351019323,,
sustained_3,B_arrival,JOINT,117.266473803,33.1,31.781888449887184,-1.3181115501128176,,
sustained_3,B_arrival,JOINT,119.961473803,33.1,31.571207258042126,-1.5287927419578757,,
sustained_3,B_arrival,JOINT,122.716473803,31.7,31.388394910105216,-0.3116050898947833,,
sustained_3,B_arrival,JOINT,125.076473803,31.7,31.254171692977025,-0.4458283070229747,,
sustained_3,B_arrival,JOINT,127.526473803,31.7,31.133598319716818,-0.5664016802831817,,
sustained_3,B_arrival,JOINT,130.096473803,31.7,31.024844093974718,-0.6751559060252816,,
sustained_3,B_arrival,JOINT,132.886473803,31.2,30.924352829791864,-0.2756471702081349,,
sustained_3,B_arrival,JOINT,135.521473803,31.2,30.84375526762896,-0.3562447323710387,,
sustained_3,B_arrival,JOINT,138.091473803,31.2,30.77655226271983,-0.4234477372801706,,
sustained_3,B_arrival,JOINT,140.736473803,31.2,30.717436980124912,-0.4825630198750872,,
sustained_3,B_arrival,JOINT,143.356473803,31.1,30.667469004598935,-0.4325309954010663,,
sustained_3,B_arrival,JOINT,146.081473803,31.1,30.623224753119338,-0.4767752468806634,,
sustained_3,B_arrival,JOINT,148.551473803,31.1,30.588939277594122,-0.5110607224058796,,
sustained_3,B_arrival,JOINT,151.271473803,31.1,30.55664499509305,-0.5433550049069531,,
sustained_3,B_arrival,JOINT,153.966473803,31.0,30.529468075284345,-0.4705319247156545,,
sustained_3,B_arrival,JOINT,156.541473803,31.0,30.507319331129988,-0.49268066887001183,,
sustained_3,B_arrival,JOINT,159.186473803,31.0,30.48788242406722,-0.5121175759327805,,
sustained_3,B_arrival,JOINT,161.826473803,31.0,30.471342464265103,-0.5286575357348973,,
sustained_3,B_arrival,JOINT,164.471473803,31.0,30.457215017853887,-0.542784982146113,,
sustained_3,B_arrival,JOINT,167.156473803,31.0,30.44500588670526,-0.5549941132947396,,
sustained_3,B_arrival,JOINT,169.611473803,31.0,30.43545009256282,-0.5645499074371791,,
sustained_3,B_arrival,JOINT,172.301473803,30.9,30.426486029351686,-0.47351397064831247,,
sustained_3,B_arrival,JOINT,174.946473803,30.9,30.418985491008794,-0.4810145089912048,,
sustained_3,B_arrival,JOINT,177.606473803,30.9,30.412560961173728,-0.4874390388262704,,
sustained_3,B_arrival,JOINT,0,,,,0.0,0.0
sustained_3,B_arrival,JOINT,1,,,,0.9475469481440076,1.1414708220665384
sustained_3,B_arrival,JOINT,2,,,,2.001168611665393,2.2829416441330768
sustained_3,B_arrival,JOINT,3,,,,2.9980878685560617,3.424412466199615
sustained_3,B_arrival,JOINT,4,,,,4.131969472247169,4.5658832882661535
sustained_3,B_arrival,JOINT,5,,,,5.190448184153879,5.707354110332692
sustained_3,B_arrival,JOINT,6,,,,6.207318728068351,6.84882493239923
sustained_3,B_arrival,JOINT,7,,,,7.166437939332873,7.990295754465769
sustained_3,B_arrival,JOINT,8,,,,8.073710413482093,9.131766576532307
sustained_3,B_arrival,JOINT,9,,,,8.987822792299724,10.273237398598845
sustained_3,B_arrival,JOINT,10,,,,10.529794779345194,11.414708220665384
sustained_3,B_arrival,JOINT,11,,,,11.924657045098659,12.556179042731923
sustained_3,B_arrival,JOINT,12,,,,12.68570685260426,13.69764986479846
sustained_3,B_arrival,JOINT,13,,,,13.68625976424619,14.839120686864998
sustained_3,B_arrival,JOINT,14,,,,14.721250520031614,15.980591508931537
sustained_3,B_arrival,JOINT,15,,,,15.705622878731262,17.122062330998077
sustained_3,B_arrival,JOINT,16,,,,16.87236177485864,18.263533153064614
sustained_3,B_arrival,JOINT,17,,,,18.505463652373418,19.40500397513115
sustained_3,B_arrival,JOINT,18,,,,19.81782756394819,20.54647479719769
sustained_3,B_arrival,JOINT,19,,,,21.129023367287367,21.68794561926423
sustained_3,B_arrival,JOINT,20,,,,22.389155356764014,22.829416441330768
sustained_3,B_arrival,JOINT,21,,,,23.50437965545006,23.970887263397305
sustained_3,B_arrival,JOINT,22,,,,24.477681966086582,25.112358085463846
sustained_3,B_arrival,JOINT,23,,,,25.444430237658572,26.253828907530384
sustained_3,B_arrival,JOINT,24,,,,26.62340490993988,27.39529972959692
sustained_3,B_arrival,JOINT,25,,,,27.435133379033605,28.53677055166346
sustained_3,B_arrival,JOINT,26,,,,28.505463875624137,29.678241373729996
sustained_3,B_arrival,JOINT,27,,,,29.433669644585784,30.819712195796537
sustained_3,B_arrival,JOINT,28,,,,30.394821879252234,31.961183017863075
sustained_3,B_arrival,JOINT,29,,,,31.369601104582422,33.102653839929616
sustained_3,B_arrival,JOINT,30,,,,32.39470713646874,34.24412466199615
sustained_3,B_arrival,JOINT,31,,,,34.24342244028942,35.38559548406269
sustained_3,B_arrival,JOINT,32,,,,35.3586462111271,36.52706630612923
sustained_3,B_arrival,JOINT,33,,,,36.35134859530262,37.668537128195766
sustained_3,B_arrival,JOINT,34,,,,37.510664556735485,38.8100079502623
sustained_3,B_arrival,JOINT,35,,,,38.68696157932486,39.95147877232884
sustained_3,B_arrival,JOINT,36,,,,40.42005329925429,41.61315242087132
sustained_3,B_arrival,JOINT,37,,,,42.13743609760219,43.39772789788809
sustained_3,B_arrival,JOINT,38,,,,43.67893687308394,45.21774766687493
sustained_3,B_arrival,JOINT,39,,,,44.998059939985424,47.03776743586176
sustained_3,B_arrival,JOINT,40,,,,46.412749413516984,48.8577872048486
sustained_3,B_arrival,JOINT,41,,,,48.80802297021318,50.64236268186536
sustained_3,B_arrival,JOINT,42,,,,50.53493191352206,52.462382450852196
sustained_3,B_arrival,JOINT,43,,,,52.15708607641735,54.28240221983903
sustained_3,B_arrival,JOINT,44,,,,54.072719522700645,56.102421988825874
sustained_3,B_arrival,JOINT,45,,,,56.387756925728176,57.88699746584263
sustained_3,B_arrival,JOINT,46,,,,58.105357917096306,59.70701723482947
sustained_3,B_arrival,JOINT,47,,,,59.66200072418169,61.52703700381631
sustained_3,B_arrival,JOINT,48,,,,61.55432698575925,63.34705677280314
sustained_3,B_arrival,JOINT,49,,,,63.0837841311602,65.1316322498199
sustained_3,B_arrival,JOINT,50,,,,64.81272020290855,66.95165201880674
sustained_3,B_arrival,JOINT,51,,,,67.68473578702108,68.77167178779358
sustained_3,B_arrival,JOINT,52,,,,69.34954738976218,70.59169155678042
sustained_3,B_arrival,JOINT,53,,,,71.16038281563735,72.37626703379718
sustained_3,B_arrival,JOINT,54,,,,73.55751414754754,74.19628680278402
sustained_3,B_arrival,JOINT,55,,,,76.29790160051499,76.01630657177085
sustained_3,B_arrival,JOINT,56,,,,78.35988777612519,77.8363263407577
sustained_3,B_arrival,JOINT,57,,,,79.73846979688514,79.62090181777445
sustained_3,B_arrival,JOINT,58,,,,81.65560855363023,81.44092158676129
sustained_3,B_arrival,JOINT,59,,,,83.65089625205358,83.26094135574813
sustained_3,B_arrival,JOINT,60,,,,85.88530442702663,85.08096112473497
sustained_3,B_arrival,JOINT,61,,,,88.65573601350398,86.86553660175173
sustained_3,B_arrival,JOINT,62,,,,90.73113091635817,88.68555637073857
sustained_3,B_arrival,JOINT,63,,,,93.14094314302372,90.5055761397254
sustained_3,B_arrival,JOINT,64,,,,94.95714090436243,92.32559590871223
sustained_3,B_arrival,JOINT,65,,,,96.51766770037672,94.11017138572899
sustained_3,B_arrival,JOINT,66,,,,98.51954499580022,95.93019115471583
sustained_3,B_arrival,JOINT,67,,,,100.31015496905897,97.75021092370267
sustained_3,B_arrival,JOINT,68,,,,102.3326212670949,99.5702306926895
sustained_3,B_arrival,JOINT,69,,,,104.1928515080648,101.35480616970625
sustained_3,B_arrival,JOINT,70,,,,106.01101310060083,103.17482593869309
sustained_3,B_arrival,JOINT,71,,,,107.61284329743113,104.99484570767993
sustained_3,B_arrival,JOINT,72,,,,109.60185481255006,106.81486547666677
sustained_3,B_arrival,JOINT,73,,,,111.27216975726361,108.59944095368354
sustained_3,B_arrival,JOINT,74,,,,112.84793325800713,110.41946072267038
sustained_3,B_arrival,JOINT,75,,,,114.4083321640477,112.23948049165722
sustained_3,B_arrival,JOINT,76,,,,115.96587586458624,114.05950026064404
sustained_3,B_arrival,JOINT,77,,,,117.33427929158844,115.8440757376608
sustained_3,B_arrival,JOINT,78,,,,119.2678494831137,117.66409550664764
sustained_3,B_arrival,JOINT,79,,,,121.2655812929018,119.48411527563448
sustained_3,B_arrival,JOINT,80,,,,123.02901097668564,121.30413504462132
sustained_3,B_arrival,JOINT,81,,,,124.96354044901533,123.08871052163806
sustained_3,B_arrival,JOINT,82,,,,126.29370071562934,124.9087302906249
sustained_3,B_arrival,JOINT,83,,,,127.61651394043778,126.72875005961174
sustained_3,B_arrival,JOINT,84,,,,129.57715932895564,128.54876982859858
sustained_3,B_arrival,JOINT,85,,,,131.76192503336793,130.33334530561532
sustained_3,B_arrival,JOINT,86,,,,134.12301508503697,132.15336507460216
sustained_3,B_arrival,JOINT,87,,,,135.79916932722904,133.97338484358903
sustained_3,B_arrival,JOINT,88,,,,137.46813582634988,135.79340461257587
sustained_3,B_arrival,JOINT,89,,,,139.40436315160758,137.57798008959261
sustained_3,B_arrival,JOINT,90,,,,141.51091274647743,139.39799985857945
sustained_3,B_arrival,JOINT,91,,,,143.79221364588497,141.2180196275663
sustained_3,B_arrival,JOINT,92,,,,145.62415003858263,143.03803939655313
sustained_3,B_arrival,JOINT,93,,,,147.28433464625488,144.82261487356988
sustained_3,B_arrival,JOINT,94,,,,148.95859314556148,146.64263464255671
sustained_3,B_arrival,JOINT,95,,,,150.26090033691798,148.46265441154355
sustained_3,B_arrival,JOINT,96,,,,151.49030742121968,150.2826741805304
sustained_3,B_arrival,JOINT,97,,,,153.15117822365917,152.06724965754714
sustained_3,B_arrival,JOINT,98,,,,155.37399860055737,153.88726942653398
sustained_3,B_arrival,JOINT,99,,,,157.6185514159645,155.70728919552084
sustained_3,B_arrival,JOINT,100,,,,159.90088493784395,157.52730896450765
sustained_3,B_arrival,JOINT,101,,,,161.70118937021488,159.3118844415244
sustained_3,B_arrival,JOINT,102,,,,163.2379463734588,161.13190421051127
sustained_3,B_arrival,JOINT,103,,,,164.82220593918703,162.9519239794981
sustained_3,B_arrival,JOINT,104,,,,166.68302740149866,164.77194374848494
sustained_3,B_arrival,JOINT,105,,,,168.8171291279062,166.5565192255017
sustained_3,B_arrival,JOINT,106,,,,171.03781968118327,168.37653899448853
sustained_3,B_arrival,JOINT,107,,,,173.44571793822837,170.19655876347537
sustained_3,B_arrival,JOINT,108,,,,175.42899259344955,172.0165785324622
sustained_3,B_arrival,JOINT,109,,,,177.33001862587278,173.80115400947895
sustained_3,B_arrival,JOINT,110,,,,179.2972556928706,175.6211737784658
sustained_3,B_arrival,JOINT,111,,,,181.0446131302896,177.44119354745266
sustained_3,B_arrival,JOINT,112,,,,183.11922987694678,179.26121331643947
sustained_3,B_arrival,JOINT,113,,,,184.51877021690777,180.4182316111723
sustained_3,B_arrival,JOINT,114,,,,185.41469643774093,181.55970243323884
sustained_3,B_arrival,JOINT,115,,,,186.18643709886055,182.70117325530538
sustained_3,B_arrival,JOINT,116,,,,187.11785799435972,183.84264407737192
sustained_3,B_arrival,JOINT,117,,,,188.06891399390352,184.98411489943845
sustained_3,B_arrival,JOINT,118,,,,189.13002585323193,186.125585721505
sustained_3,B_arrival,JOINT,119,,,,190.36296909360829,187.26705654357153
sustained_3,B_arrival,JOINT,120,,,,191.73214666785708,188.40852736563807
sustained_4,A_conditional,FROZEN,36.241449553,30.6,30.648677642869224,0.04867764286922238,,
sustained_4,A_conditional,FROZEN,38.771449553,30.6,30.982322581984022,0.38232258198402036,,
sustained_4,A_conditional,FROZEN,41.301449553,30.6,31.271272182044676,0.6712721820446745,,
sustained_4,A_conditional,FROZEN,44.246449553,30.6,31.576883002128778,0.9768830021287762,,
sustained_4,A_conditional,FROZEN,46.906449553,32.1,31.819739877860666,-0.28026012213933527,,
sustained_4,A_conditional,FROZEN,49.451449553,32.1,32.037463023619594,-0.06253697638040734,,
sustained_4,A_conditional,FROZEN,52.116449553,32.1,32.24864223840188,0.14864223840187663,,
sustained_4,A_conditional,FROZEN,54.631449553,32.1,32.396350338934944,0.29635033893494267,,
sustained_4,A_conditional,FROZEN,57.221449553,32.5,32.5454541088232,0.045454108823200556,,
sustained_4,A_conditional,FROZEN,59.846449553,32.5,32.68635695093984,0.18635695093983884,,
sustained_4,A_conditional,FROZEN,62.431449553,32.5,32.82369356373225,0.3236935637322489,,
sustained_4,A_conditional,FROZEN,65.181449553,32.5,32.911508511189886,0.4115085111898864,,
sustained_4,A_conditional,FROZEN,67.691449553,32.7,33.0060275551758,0.3060275551757954,,
sustained_4,A_conditional,FROZEN,70.346449553,32.7,33.1072807074217,0.4072807074216982,,
sustained_4,A_conditional,FROZEN,73.001449553,32.7,33.178065938839445,0.4780659388394426,,
sustained_4,A_conditional,FROZEN,75.861449553,32.7,33.24827255165024,0.5482725516502356,,
sustained_4,A_conditional,FROZEN,78.496449553,32.9,33.32935549938241,0.42935549938241024,,
sustained_4,A_conditional,FROZEN,81.171449553,32.9,33.36917501562629,0.46917501562629127,,
sustained_4,A_conditional,FROZEN,83.826449553,32.9,33.41234327081593,0.5123432708159328,,
sustained_4,A_conditional,FROZEN,86.236449553,32.9,33.452052326422574,0.5520523264225758,,
sustained_4,A_conditional,FROZEN,88.836449553,33.0,33.50879611663536,0.5087961166353594,,
sustained_4,A_conditional,FROZEN,91.346449553,33.0,33.53197264296598,0.5319726429659823,,
sustained_4,A_conditional,FROZEN,94.046449553,33.0,33.550411067304566,0.5504110673045659,,
sustained_4,A_conditional,FROZEN,96.566449553,33.0,33.575563971161884,0.5755639711618841,,
sustained_4,A_conditional,FROZEN,98.981449553,33.0,33.5953720905695,0.5953720905694979,,
sustained_4,A_conditional,FROZEN,101.576449553,33.0,33.63546758187835,0.635467581878352,,
sustained_4,A_conditional,FROZEN,103.896449553,33.0,33.646795753724106,0.6467957537241062,,
sustained_4,A_conditional,FROZEN,106.591449553,33.1,33.66132739012951,0.5613273901295059,,
sustained_4,A_conditional,FROZEN,109.066449553,33.1,33.67312113808896,0.5731211380889576,,
sustained_4,A_conditional,FROZEN,111.791449553,33.1,33.68987272785037,0.5898727278503699,,
sustained_4,A_conditional,FROZEN,114.466449553,33.1,33.39346964596891,0.2934696459689121,,
sustained_4,A_conditional,FROZEN,117.131449553,32.5,33.10509039055486,0.6050903905548566,,
sustained_4,A_conditional,FROZEN,119.661449553,32.5,32.86224014585228,0.36224014585228304,,
sustained_4,A_conditional,FROZEN,122.351449553,32.5,32.633299331899075,0.1332993318990745,,
sustained_4,A_conditional,FROZEN,125.006449553,32.5,32.43354801316877,-0.06645198683123255,,
sustained_4,A_conditional,FROZEN,127.711449553,31.5,32.25369989097931,0.7536998909793127,,
sustained_4,A_conditional,FROZEN,130.266449553,31.5,32.103248501336,0.6032485013359974,,
sustained_4,A_conditional,FROZEN,132.976449553,31.5,31.961915135903745,0.46191513590374456,,
sustained_4,A_conditional,FROZEN,135.331449553,31.5,31.852662473637174,0.3526624736371744,,
sustained_4,A_conditional,FROZEN,138.006449553,31.3,31.742151719615432,0.4421517196154312,,
sustained_4,A_conditional,FROZEN,140.556449553,31.3,31.6487811649717,0.348781164971701,,
sustained_4,A_conditional,FROZEN,143.216449553,31.3,31.562417948496254,0.2624179484962532,,
sustained_4,A_conditional,FROZEN,145.571449553,31.3,31.49432832982497,0.19432832982496961,,
sustained_4,A_conditional,FROZEN,148.251449553,31.2,31.425339326852725,0.22533932685272617,,
sustained_4,A_conditional,FROZEN,151.646449553,31.2,31.349359362691942,0.14935936269194272,,
sustained_4,A_conditional,FROZEN,154.946449553,31.2,31.28609515446075,0.08609515446075022,,
sustained_4,A_conditional,FROZEN,157.556449553,31.2,31.242463701702082,0.0424637017020828,,
sustained_4,A_conditional,FROZEN,160.431449553,31.2,31.200120990437842,0.00012099043784274954,,
sustained_4,A_conditional,FROZEN,163.121449553,31.2,31.165290299806056,-0.03470970019394315,,
sustained_4,A_conditional,FROZEN,165.736449553,31.2,31.135341941870685,-0.06465805812931436,,
sustained_4,A_conditional,FROZEN,168.421449553,31.0,31.108139755326935,0.10813975532693476,,
sustained_4,A_conditional,FROZEN,170.941449553,31.0,31.085508328350045,0.08550832835004485,,
sustained_4,A_conditional,FROZEN,173.621449553,31.0,31.064168051931702,0.06416805193170205,,
sustained_4,A_conditional,FROZEN,176.306449553,31.0,31.045285592640056,0.04528559264005594,,
sustained_4,A_conditional,FROZEN,178.936449553,31.0,31.028932718980677,0.028932718980676952,,
sustained_4,A_conditional,FROZEN,0,,,,0.0,0.0
sustained_4,A_conditional,FROZEN,1,,,,1.0017724605040834,1.1122264225508003
sustained_4,A_conditional,FROZEN,2,,,,1.9295120332982454,2.2244528451016006
sustained_4,A_conditional,FROZEN,3,,,,3.155502171822031,3.336679267652401
sustained_4,A_conditional,FROZEN,4,,,,4.054900658502264,4.448905690203201
sustained_4,A_conditional,FROZEN,5,,,,4.950973786546834,5.561132112754001
sustained_4,A_conditional,FROZEN,6,,,,6.049336186358966,6.673358535304802
sustained_4,A_conditional,FROZEN,7,,,,7.0710793349629215,7.785584957855602
sustained_4,A_conditional,FROZEN,8,,,,8.218185374338864,8.897811380406402
sustained_4,A_conditional,FROZEN,9,,,,9.357969144560002,10.010037802957203
sustained_4,A_conditional,FROZEN,10,,,,10.28116110728838,11.122264225508003
sustained_4,A_conditional,FROZEN,11,,,,11.2327411399976,12.234490648058802
sustained_4,A_conditional,FROZEN,12,,,,12.183767282075227,13.346717070609603
sustained_4,A_conditional,FROZEN,13,,,,13.097920543079708,14.458943493160405
sustained_4,A_conditional,FROZEN,14,,,,14.121643013772085,15.571169915711204
sustained_4,A_conditional,FROZEN,15,,,,15.626360111583768,16.683396338262003
sustained_4,A_conditional,FROZEN,16,,,,16.6799761547887,17.795622760812805
sustained_4,A_conditional,FROZEN,17,,,,17.649098231563425,18.907849183363606
sustained_4,A_conditional,FROZEN,18,,,,18.47664448569582,20.020075605914407
sustained_4,A_conditional,FROZEN,19,,,,19.25296261473694,21.132302028465205
sustained_4,A_conditional,FROZEN,20,,,,20.10054393205879,22.244528451016006
sustained_4,A_conditional,FROZEN,21,,,,21.079752337755636,23.356754873566807
sustained_4,A_conditional,FROZEN,22,,,,22.005707936098627,24.468981296117605
sustained_4,A_conditional,FROZEN,23,,,,22.981652598240284,25.581207718668406
sustained_4,A_conditional,FROZEN,24,,,,24.244827960518553,26.693434141219207
sustained_4,A_conditional,FROZEN,25,,,,25.062863503367968,27.805660563770008
sustained_4,A_conditional,FROZEN,26,,,,26.14373839888997,28.91788698632081
sustained_4,A_conditional,FROZEN,27,,,,27.530438708973804,30.030113408871607
sustained_4,A_conditional,FROZEN,28,,,,28.81181070120322,31.142339831422408
sustained_4,A_conditional,FROZEN,29,,,,30.207367188375006,32.25456625397321
sustained_4,A_conditional,FROZEN,30,,,,31.174428394169205,33.36679267652401
sustained_4,A_conditional,FROZEN,31,,,,32.12252312752587,34.47901909907481
sustained_4,A_conditional,FROZEN,32,,,,33.733443041258376,35.59124552162561
sustained_4,A_conditional,FROZEN,33,,,,34.85522351860352,36.70347194417641
sustained_4,A_conditional,FROZEN,34,,,,35.98013868178538,37.81569836672721
sustained_4,A_conditional,FROZEN,35,,,,37.698119181842,38.92792478927801
sustained_4,A_conditional,FROZEN,36,,,,39.64169137955571,40.64730101443421
sustained_4,A_conditional,FROZEN,37,,,,41.595770086966844,42.31485266274776
sustained_4,A_conditional,FROZEN,38,,,,42.95104694156491,44.06860333397137
sustained_4,A_conditional,FROZEN,39,,,,44.584442472466364,45.86300042491896
sustained_4,A_conditional,FROZEN,40,,,,46.60200415920979,47.655462553584066
sustained_4,A_conditional,FROZEN,41,,,,48.334213263319874,49.31016174230962
sustained_4,A_conditional,FROZEN,42,,,,50.528758519678355,51.084332073430694
sustained_4,A_conditional,FROZEN,43,,,,52.036504276171044,52.848372620739276
sustained_4,A_conditional,FROZEN,44,,,,53.95702183633293,54.63426829905165
sustained_4,A_conditional,FROZEN,45,,,,55.481089563963664,56.27561537296848
sustained_4,A_conditional,FROZEN,46,,,,56.57766162236731,58.03449123947526
sustained_4,A_conditional,FROZEN,47,,,,58.270450952617374,59.79534361374774
sustained_4,A_conditional,FROZEN,48,,,,60.10759481384783,61.601216237608625
sustained_4,A_conditional,FROZEN,49,,,,62.12452431814455,63.305464295692104
sustained_4,A_conditional,FROZEN,50,,,,63.991428114017104,65.06494593793812
sustained_4,A_conditional,FROZEN,51,,,,66.25131478581844,66.8239065683319
sustained_4,A_conditional,FROZEN,52,,,,68.26445301156586,68.61981857546797
sustained_4,A_conditional,FROZEN,53,,,,69.48827610179721,70.29084253982357
sustained_4,A_conditional,FROZEN,54,,,,71.4170158542939,72.04730174956296
sustained_4,A_conditional,FROZEN,55,,,,73.54931074424292,73.80289855050923
sustained_4,A_conditional,FROZEN,56,,,,75.41141864275993,75.59998715035218
sustained_4,A_conditional,FROZEN,57,,,,77.19503621766805,77.2713069760583
sustained_4,A_conditional,FROZEN,58,,,,79.49863830983841,79.02000201961718
sustained_4,A_conditional,FROZEN,59,,,,81.69929984484382,80.78294549113289
sustained_4,A_conditional,FROZEN,60,,,,83.4572106705139,82.58998880022659
sustained_4,A_conditional,FROZEN,61,,,,85.17932325512278,84.24158568743766
sustained_4,A_conditional,FROZEN,62,,,,87.15809793014535,85.99968679600974
sustained_4,A_conditional,FROZEN,63,,,,89.10560589677179,87.7537849607033
sustained_4,A_conditional,FROZEN,64,,,,91.37684563053057,89.54063855616134
sustained_4,A_conditional,FROZEN,65,,,,93.50761516765341,91.21743279726785
sustained_4,A_conditional,FROZEN,66,,,,95.07865260733828,92.97460180363234
sustained_4,A_conditional,FROZEN,67,,,,96.13509312263555,94.73447619690506
sustained_4,A_conditional,FROZEN,68,,,,97.71171832424602,96.52702237757077
sustained_4,A_conditional,FROZEN,69,,,,99.68342862141472,98.19913721023539
sustained_4,A_conditional,FROZEN,70,,,,101.69810332597932,99.96220796595316
sustained_4,A_conditional,FROZEN,71,,,,103.62103571463047,101.7002477966825
sustained_4,A_conditional,FROZEN,72,,,,105.74456022518314,103.4958348693581
sustained_4,A_conditional,FROZEN,73,,,,107.71521931617698,105.17693294507677
sustained_4,A_conditional,FROZEN,74,,,,109.15381728004112,106.93462345122462
sustained_4,A_conditional,FROZEN,75,,,,110.76275365574614,108.69055278919565
sustained_4,A_conditional,FROZEN,76,,,,112.60574751438166,110.4679097518623
sustained_4,A_conditional,FROZEN,77,,,,114.7829605001117,112.12677915470258
sustained_4,A_conditional,FROZEN,78,,,,116.91503953883918,113.89358685734283
sustained_4,A_conditional,FROZEN,79,,,,118.83135521022108,115.66923489230507
sustained_4,A_conditional,FROZEN,80,,,,121.08522782755234,117.4588709491434
sustained_4,A_conditional,FROZEN,81,,,,122.36945869537368,119.14781352092155
sustained_4,A_conditional,FROZEN,82,,,,123.90667325165161,120.89943276510311
sustained_4,A_conditional,FROZEN,83,,,,126.17515075110492,122.64730421838308
sustained_4,A_conditional,FROZEN,84,,,,128.45356599799842,124.43595179542042
sustained_4,A_conditional,FROZEN,85,,,,130.2967500366461,126.12487157209398
sustained_4,A_conditional,FROZEN,86,,,,132.34316748359433,127.87224609651776
sustained_4,A_conditional,FROZEN,87,,,,134.13874109321011,129.63991847088064
sustained_4,A_conditional,FROZEN,88,,,,135.2770895897685,131.4334089398924
sustained_4,A_conditional,FROZEN,89,,,,136.85956339963147,133.1032420605276
sustained_4,A_conditional,FROZEN,90,,,,139.169314507075,134.86480620554104
sustained_4,A_conditional,FROZEN,91,,,,141.61373532132586,136.62273303636755
sustained_4,A_conditional,FROZEN,92,,,,143.61168372355866,138.42624195875172
sustained_4,A_conditional,FROZEN,93,,,,145.585389011522,140.07795188928728
sustained_4,A_conditional,FROZEN,94,,,,147.8787708411561,141.83284862250258
sustained_4,A_conditional,FROZEN,95,,,,149.21834187235575,143.58714513795763
sustained_4,A_conditional,FROZEN,96,,,,150.98369451284654,145.3802023930378
sustained_4,A_conditional,FROZEN,97,,,,152.92376561300506,147.0831857926098
sustained_4,A_conditional,FROZEN,98,,,,154.8429461513733,148.81855759538806
sustained_4,A_conditional,FROZEN,99,,,,156.89957553908303,150.58411106103864
sustained_4,A_conditional,FROZEN,100,,,,158.55536042239208,152.37679140146778
sustained_4,A_conditional,FROZEN,101,,,,160.37833134213483,154.03367015672217
sustained_4,A_conditional,FROZEN,102,,,,161.72113081368175,155.79930021489216
sustained_4,A_conditional,FROZEN,103,,,,163.117953394131,157.55483919786982
sustained_4,A_conditional,FROZEN,104,,,,165.39859540662013,159.34961790051122
sustained_4,A_conditional,FROZEN,105,,,,167.05658467106568,161.00964509153022
sustained_4,A_conditional,FROZEN,106,,,,169.15338270091485,162.77310016656946
sustained_4,A_conditional,FROZEN,107,,,,170.82498092031022,164.5383857451624
sustained_4,A_conditional,FROZEN,108,,,,172.7936758626857,166.31662526089934
sustained_4,A_conditional,FROZEN,109,,,,174.344403444994,168.00002048341355
sustained_4,A_conditional,FROZEN,110,,,,175.550569218352,169.75404119940254
sustained_4,A_conditional,FROZEN,111,,,,177.7076089637974,171.52545603846923
sustained_4,A_conditional,FROZEN,112,,,,179.6304216389442,173.28678158485516
sustained_4,A_conditional,FROZEN,113,,,,180.92721959708734,174.42637734684803
sustained_4,A_conditional,FROZEN,114,,,,181.86708448728427,175.53860376939883
sustained_4,A_conditional,FROZEN,115,,,,182.58178730786716,176.65083019194964
sustained_4,A_conditional,FROZEN,116,,,,183.5106352407986,177.76305661450044
sustained_4,A_conditional,FROZEN,117,,,,184.57327307328916,178.87528303705125
sustained_4,A_conditional,FROZEN,118,,,,185.87797686987733,179.98750945960205
sustained_4,A_conditional,FROZEN,119,,,,186.90927118233532,181.09973588215283
sustained_4,A_conditional,FROZEN,120,,,,187.8837993867774,182.21196230470363
sustained_4,A_conditional,JOINT,36.241449553,30.6,30.663295947873006,0.06329594787300508,,
sustained_4,A_conditional,JOINT,38.771449553,30.6,31.036202918039812,0.43620291803981104,,
sustained_4,A_conditional,JOINT,41.301449553,30.6,31.346221338387686,0.7462213383876843,,
sustained_4,A_conditional,JOINT,44.246449553,30.6,31.661933966786766,1.0619339667867642,,
sustained_4,A_conditional,JOINT,46.906449553,32.1,31.902722151469977,-0.1972778485300246,,
sustained_4,A_conditional,JOINT,49.451449553,32.1,32.112718858583285,0.012718858583284032,,
sustained_4,A_conditional,JOINT,52.116449553,32.1,32.31086900754365,0.2108690075436499,,
sustained_4,A_conditional,JOINT,54.631449553,32.1,32.43633276246812,0.3363327624681176,,
sustained_4,A_conditional,JOINT,57.221449553,32.5,32.562601456023636,0.06260145602363565,,
sustained_4,A_conditional,JOINT,59.846449553,32.5,32.67971168213151,0.17971168213151145,,
sustained_4,A_conditional,JOINT,62.431449553,32.5,32.794935316509545,0.2949353165095445,,
sustained_4,A_conditional,JOINT,65.181449553,32.5,32.8508167751238,0.3508167751238034,,
sustained_4,A_conditional,JOINT,67.691449553,32.7,32.92096087556954,0.22096087556953847,,
sustained_4,A_conditional,JOINT,70.346449553,32.7,32.99899099634596,0.2989909963459567,,
sustained_4,A_conditional,JOINT,73.001449553,32.7,33.04342617236815,0.3434261723681473,,
sustained_4,A_conditional,JOINT,75.861449553,32.7,33.08703868885451,0.38703868885450987,,
sustained_4,A_conditional,JOINT,78.496449553,32.9,33.14934071516039,0.24934071516039324,,
sustained_4,A_conditional,JOINT,81.171449553,32.9,33.164367869992866,0.2643678699928671,,
sustained_4,A_conditional,JOINT,83.826449553,32.9,33.18613500702075,0.28613500702075356,,
sustained_4,A_conditional,JOINT,86.236449553,32.9,33.208568895414494,0.3085688954144956,,
sustained_4,A_conditional,JOINT,88.836449553,33.0,33.25136131827387,0.2513613182738723,,
sustained_4,A_conditional,JOINT,91.346449553,33.0,33.25703877475618,0.2570387747561824,,
sustained_4,A_conditional,JOINT,94.046449553,33.0,33.257400890693084,0.25740089069308425,,
sustained_4,A_conditional,JOINT,96.566449553,33.0,33.26895908961847,0.2689590896184697,,
sustained_4,A_conditional,JOINT,98.981449553,33.0,33.2762801898655,0.27628018986550273,,
sustained_4,A_conditional,JOINT,101.576449553,33.0,33.307921944122434,0.3079219441224339,,
sustained_4,A_conditional,JOINT,103.896449553,33.0,33.308247491655024,0.30824749165502396,,
sustained_4,A_conditional,JOINT,106.591449553,33.1,33.311494373746484,0.21149437374648272,,
sustained_4,A_conditional,JOINT,109.066449553,33.1,33.313882351792515,0.21388235179251325,,
sustained_4,A_conditional,JOINT,111.791449553,33.1,33.32199673125799,0.22199673125798824,,
sustained_4,A_conditional,JOINT,114.466449553,33.1,32.96632272745955,-0.13367727254045292,,
sustained_4,A_conditional,JOINT,117.131449553,32.5,32.63334471284963,0.13334471284962746,,
sustained_4,A_conditional,JOINT,119.661449553,32.5,32.363010599226904,-0.1369894007730963,,
sustained_4,A_conditional,JOINT,122.351449553,32.5,32.117336908430964,-0.3826630915690359,,
sustained_4,A_conditional,JOINT,125.006449553,32.5,31.910901007830653,-0.5890989921693475,,
sustained_4,A_conditional,JOINT,127.711449553,31.5,31.731912946403988,0.23191294640398752,,
sustained_4,A_conditional,JOINT,130.266449553,31.5,31.587631821900345,0.08763182190034513,,
sustained_4,A_conditional,JOINT,132.976449553,31.5,31.457021890897824,-0.04297810910217592,,
sustained_4,A_conditional,JOINT,135.331449553,31.5,31.359608831414196,-0.14039116858580414,,
sustained_4,A_conditional,JOINT,138.006449553,31.3,31.26449652109653,-0.03550347890347183,,
sustained_4,A_conditional,JOINT,140.556449553,31.3,31.187046083478016,-0.11295391652198461,,
sustained_4,A_conditional,JOINT,143.216449553,31.3,31.11799100954088,-0.18200899045912067,,
sustained_4,A_conditional,JOINT,145.571449553,31.3,31.06544588251658,-0.2345541174834196,,
sustained_4,A_conditional,JOINT,148.251449553,31.2,31.014061462368723,-0.18593853763127655,,
sustained_4,A_conditional,JOINT,151.646449553,31.2,30.959833864019448,-0.2401661359805516,,
sustained_4,A_conditional,JOINT,154.946449553,31.2,30.916772191502186,-0.2832278084978128,,
sustained_4,A_conditional,JOINT,157.556449553,31.2,30.888298561296335,-0.31170143870366473,,
sustained_4,A_conditional,JOINT,160.431449553,31.2,30.861717537182404,-0.33828246281759533,,
sustained_4,A_conditional,JOINT,163.121449553,31.2,30.840700524100857,-0.35929947589914235,,
sustained_4,A_conditional,JOINT,165.736449553,31.2,30.82329865936313,-0.37670134063687044,,
sustained_4,A_conditional,JOINT,168.421449553,31.0,30.80807725883244,-0.19192274116755925,,
sustained_4,A_conditional,JOINT,170.941449553,31.0,30.795875374680577,-0.2041246253194231,,
sustained_4,A_conditional,JOINT,173.621449553,31.0,30.78478834781099,-0.21521165218900862,,
sustained_4,A_conditional,JOINT,176.306449553,31.0,30.775347514488057,-0.2246524855119425,,
sustained_4,A_conditional,JOINT,178.936449553,31.0,30.76747712141727,-0.23252287858273135,,
sustained_4,A_conditional,JOINT,0,,,,0.0,0.0
sustained_4,A_conditional,JOINT,1,,,,1.0017724605040834,1.1122264225508003
sustained_4,A_conditional,JOINT,2,,,,1.9295120332982454,2.2244528451016006
sustained_4,A_conditional,JOINT,3,,,,3.155502171822031,3.336679267652401
sustained_4,A_conditional,JOINT,4,,,,4.054900658502264,4.448905690203201
sustained_4,A_conditional,JOINT,5,,,,4.950973786546834,5.561132112754001
sustained_4,A_conditional,JOINT,6,,,,6.049336186358966,6.673358535304802
sustained_4,A_conditional,JOINT,7,,,,7.0710793349629215,7.785584957855602
sustained_4,A_conditional,JOINT,8,,,,8.218185374338864,8.897811380406402
sustained_4,A_conditional,JOINT,9,,,,9.357969144560002,10.010037802957203
sustained_4,A_conditional,JOINT,10,,,,10.28116110728838,11.122264225508003
sustained_4,A_conditional,JOINT,11,,,,11.2327411399976,12.234490648058802
sustained_4,A_conditional,JOINT,12,,,,12.183767282075227,13.346717070609603
sustained_4,A_conditional,JOINT,13,,,,13.097920543079708,14.458943493160405
sustained_4,A_conditional,JOINT,14,,,,14.121643013772085,15.571169915711204
sustained_4,A_conditional,JOINT,15,,,,15.626360111583768,16.683396338262003
sustained_4,A_conditional,JOINT,16,,,,16.6799761547887,17.795622760812805
sustained_4,A_conditional,JOINT,17,,,,17.649098231563425,18.907849183363606
sustained_4,A_conditional,JOINT,18,,,,18.47664448569582,20.020075605914407
sustained_4,A_conditional,JOINT,19,,,,19.25296261473694,21.132302028465205
sustained_4,A_conditional,JOINT,20,,,,20.10054393205879,22.244528451016006
sustained_4,A_conditional,JOINT,21,,,,21.079752337755636,23.356754873566807
sustained_4,A_conditional,JOINT,22,,,,22.005707936098627,24.468981296117605
sustained_4,A_conditional,JOINT,23,,,,22.981652598240284,25.581207718668406
sustained_4,A_conditional,JOINT,24,,,,24.244827960518553,26.693434141219207
sustained_4,A_conditional,JOINT,25,,,,25.062863503367968,27.805660563770008
sustained_4,A_conditional,JOINT,26,,,,26.14373839888997,28.91788698632081
sustained_4,A_conditional,JOINT,27,,,,27.530438708973804,30.030113408871607
sustained_4,A_conditional,JOINT,28,,,,28.81181070120322,31.142339831422408
sustained_4,A_conditional,JOINT,29,,,,30.207367188375006,32.25456625397321
sustained_4,A_conditional,JOINT,30,,,,31.174428394169205,33.36679267652401
sustained_4,A_conditional,JOINT,31,,,,32.12252312752587,34.47901909907481
sustained_4,A_conditional,JOINT,32,,,,33.733443041258376,35.59124552162561
sustained_4,A_conditional,JOINT,33,,,,34.85522351860352,36.70347194417641
sustained_4,A_conditional,JOINT,34,,,,35.98013868178538,37.81569836672721
sustained_4,A_conditional,JOINT,35,,,,37.698119181842,38.92792478927801
sustained_4,A_conditional,JOINT,36,,,,39.64169137955571,40.705328422484264
sustained_4,A_conditional,JOINT,37,,,,41.595770086966844,42.445114970392815
sustained_4,A_conditional,JOINT,38,,,,42.95104694156491,44.26327050967769
sustained_4,A_conditional,JOINT,39,,,,44.584442472466364,46.137402346361306
sustained_4,A_conditional,JOINT,40,,,,46.60200415920979,48.053503316854204
sustained_4,A_conditional,JOINT,41,,,,48.334213263319874,49.78355994501248
sustained_4,A_conditional,JOINT,42,,,,50.528758519678355,51.63005534220207
sustained_4,A_conditional,JOINT,43,,,,52.036504276171044,53.467353328588956
sustained_4,A_conditional,JOINT,44,,,,53.95702183633293,55.372310349496075
sustained_4,A_conditional,JOINT,45,,,,55.481089563963664,57.083646137453975
sustained_4,A_conditional,JOINT,46,,,,56.57766162236731,58.91735356075569
sustained_4,A_conditional,JOINT,47,,,,58.270450952617374,60.75084727835729
sustained_4,A_conditional,JOINT,48,,,,60.10759481384783,62.67811886844639
sustained_4,A_conditional,JOINT,49,,,,62.12452431814455,64.46739324810606
sustained_4,A_conditional,JOINT,50,,,,63.991428114017104,66.29657162392945
sustained_4,A_conditional,JOINT,51,,,,66.25131478581844,68.1255941817753
sustained_4,A_conditional,JOINT,52,,,,68.26445301156586,70.04941716902312
sustained_4,A_conditional,JOINT,53,,,,69.48827610179721,71.80265462560018
sustained_4,A_conditional,JOINT,54,,,,71.4170158542939,73.62807874149017
sustained_4,A_conditional,JOINT,55,,,,73.54931074424292,75.45103470085783
sustained_4,A_conditional,JOINT,56,,,,75.41141864275993,77.37417271759557
sustained_4,A_conditional,JOINT,57,,,,77.19503621766805,79.12564629927783
sustained_4,A_conditional,JOINT,58,,,,79.49863830983841,80.94023361538592
sustained_4,A_conditional,JOINT,59,,,,81.69929984484382,82.77316756597652
sustained_4,A_conditional,JOINT,60,,,,83.4572106705139,84.70816620583871
sustained_4,A_conditional,JOINT,61,,,,85.17932325512278,86.43933415496237
sustained_4,A_conditional,JOINT,62,,,,87.15809793014535,88.26752055519096
sustained_4,A_conditional,JOINT,63,,,,89.10560589677179,90.08709738349276
sustained_4,A_conditional,JOINT,64,,,,91.37684563053057,91.99506206385556
sustained_4,A_conditional,JOINT,65,,,,93.50761516765341,93.75084946463707
sustained_4,A_conditional,JOINT,66,,,,95.07865260733828,95.57768083961096
sustained_4,A_conditional,JOINT,67,,,,96.13509312263555,97.40819384121288
sustained_4,A_conditional,JOINT,68,,,,97.71171832424602,99.32889069404402
sustained_4,A_conditional,JOINT,69,,,,99.68342862141472,101.07978127603845
sustained_4,A_conditional,JOINT,70,,,,101.69810332597932,102.91093689558475
sustained_4,A_conditional,JOINT,71,,,,103.62103571463047,104.71433402278996
sustained_4,A_conditional,JOINT,72,,,,105.74456022518314,106.63734952888287
sustained_4,A_conditional,JOINT,73,,,,107.71521931617698,108.4073056525221
sustained_4,A_conditional,JOINT,74,,,,109.15381728004112,110.22602086770405
sustained_4,A_conditional,JOINT,75,,,,110.76275365574614,112.05331799998497
sustained_4,A_conditional,JOINT,76,,,,112.60574751438166,113.95319909160591
sustained_4,A_conditional,JOINT,77,,,,114.7829605001117,115.68618976480663
sustained_4,A_conditional,JOINT,78,,,,116.91503953883918,117.5299332477731
sustained_4,A_conditional,JOINT,79,,,,118.83135521022108,119.38227080804799
sustained_4,A_conditional,JOINT,80,,,,121.08522782755234,121.29639468963234
sustained_4,A_conditional,JOINT,81,,,,122.36945869537368,123.06515384913064
sustained_4,A_conditional,JOINT,82,,,,123.90667325165161,124.8819280754872
sustained_4,A_conditional,JOINT,83,,,,126.17515075110492,126.69626168054177
sustained_4,A_conditional,JOINT,84,,,,128.45356599799842,128.6097421170044
sustained_4,A_conditional,JOINT,85,,,,130.2967500366461,130.37570258522192
sustained_4,A_conditional,JOINT,86,,,,132.34316748359433,132.18931039422202
sustained_4,A_conditional,JOINT,87,,,,134.13874109321011,134.01868948100966
sustained_4,A_conditional,JOINT,88,,,,135.2770895897685,135.9362678229164
sustained_4,A_conditional,JOINT,89,,,,136.85956339963147,137.68379436264655
sustained_4,A_conditional,JOINT,90,,,,139.169314507075,139.51608214807533
sustained_4,A_conditional,JOINT,91,,,,141.61373532132586,141.3377075516978
sustained_4,A_conditional,JOINT,92,,,,143.61168372355866,143.2702766746849
sustained_4,A_conditional,JOINT,93,,,,145.585389011522,144.99718677672405
sustained_4,A_conditional,JOINT,94,,,,147.8787708411561,146.82181626155335
sustained_4,A_conditional,JOINT,95,,,,149.21834187235575,148.63862592717987
sustained_4,A_conditional,JOINT,96,,,,150.98369451284654,150.55348712563028
sustained_4,A_conditional,JOINT,97,,,,152.92376561300506,152.33832550681385
sustained_4,A_conditional,JOINT,98,,,,154.8429461513733,154.137650032754
sustained_4,A_conditional,JOINT,99,,,,156.89957553908303,155.97000780576482
sustained_4,A_conditional,JOINT,100,,,,158.55536042239208,157.88744169676107
sustained_4,A_conditional,JOINT,101,,,,160.37833134213483,159.62400123683244
sustained_4,A_conditional,JOINT,102,,,,161.72113081368175,161.46039570745927
sustained_4,A_conditional,JOINT,103,,,,163.117953394131,163.28415424640744
sustained_4,A_conditional,JOINT,104,,,,165.39859540662013,165.20249077982677
sustained_4,A_conditional,JOINT,105,,,,167.05658467106568,166.94111540426897
sustained_4,A_conditional,JOINT,106,,,,169.15338270091485,168.77592341945908
sustained_4,A_conditional,JOINT,107,,,,170.82498092031022,170.60510551735186
sustained_4,A_conditional,JOINT,108,,,,172.7936758626857,172.5018605210648
sustained_4,A_conditional,JOINT,109,,,,174.344403444994,174.26577609381627
sustained_4,A_conditional,JOINT,110,,,,175.550569218352,176.08670149282426
sustained_4,A_conditional,JOINT,111,,,,177.7076089637974,177.9341763117683
sustained_4,A_conditional,JOINT,112,,,,179.6304216389442,179.76382628224204
sustained_4,A_conditional,JOINT,113,,,,180.92721959708734,180.90346301947278
sustained_4,A_conditional,JOINT,114,,,,181.86708448728427,182.01568944202356
sustained_4,A_conditional,JOINT,115,,,,182.58178730786716,183.12791586457436
sustained_4,A_conditional,JOINT,116,,,,183.5106352407986,184.24014228712517
sustained_4,A_conditional,JOINT,117,,,,184.57327307328916,185.35236870967597
sustained_4,A_conditional,JOINT,118,,,,185.87797686987733,186.46459513222678
sustained_4,A_conditional,JOINT,119,,,,186.90927118233532,187.57682155477755
sustained_4,A_conditional,JOINT,120,,,,187.8837993867774,188.68904797732836
sustained_4,B_arrival,FROZEN,36.241449553,30.6,30.649459029697926,0.049459029697924706,,
sustained_4,B_arrival,FROZEN,38.771449553,30.6,30.976570523204224,0.37657052320422224,,
sustained_4,B_arrival,FROZEN,41.301449553,30.6,31.26920568206731,0.6692056820673074,,
sustained_4,B_arrival,FROZEN,44.246449553,30.6,31.574863621467287,0.9748636214672857,,
sustained_4,B_arrival,FROZEN,46.906449553,32.1,31.814927683922413,-0.28507231607758854,,
sustained_4,B_arrival,FROZEN,49.451449553,32.1,32.02655346050705,-0.07344653949294866,,
sustained_4,B_arrival,FROZEN,52.116449553,32.1,32.22928047144173,0.1292804714417315,,
sustained_4,B_arrival,FROZEN,54.631449553,32.1,32.38088435715937,0.28088435715936555,,
sustained_4,B_arrival,FROZEN,57.221449553,32.5,32.529489114239816,0.029489114239815706,,
sustained_4,B_arrival,FROZEN,59.846449553,32.5,32.668882197570355,0.16888219757035472,,
sustained_4,B_arrival,FROZEN,62.431449553,32.5,32.80619167564951,0.306191675649508,,
sustained_4,B_arrival,FROZEN,65.181449553,32.5,32.89890766391975,0.39890766391975063,,
sustained_4,B_arrival,FROZEN,67.691449553,32.7,32.99030312166266,0.29030312166266015,,
sustained_4,B_arrival,FROZEN,70.346449553,32.7,33.092324331601766,0.3923243316017633,,
sustained_4,B_arrival,FROZEN,73.001449553,32.7,33.15825742326953,0.45825742326952934,,
sustained_4,B_arrival,FROZEN,75.861449553,32.7,33.235854535778984,0.5358545357789808,,
sustained_4,B_arrival,FROZEN,78.496449553,32.9,33.30778424569782,0.4077842456978189,,
sustained_4,B_arrival,FROZEN,81.171449553,32.9,33.34774078548486,0.44774078548486074,,
sustained_4,B_arrival,FROZEN,83.826449553,32.9,33.39753985414328,0.49753985414328383,,
sustained_4,B_arrival,FROZEN,86.236449553,32.9,33.438524176715525,0.5385241767155264,,
sustained_4,B_arrival,FROZEN,88.836449553,33.0,33.49556552082765,0.4955655208276468,,
sustained_4,B_arrival,FROZEN,91.346449553,33.0,33.51759288588946,0.5175928858894565,,
sustained_4,B_arrival,FROZEN,94.046449553,33.0,33.54050635398177,0.5405063539817689,,
sustained_4,B_arrival,FROZEN,96.566449553,33.0,33.56641848292258,0.5664184829225789,,
sustained_4,B_arrival,FROZEN,98.981449553,33.0,33.589573707746155,0.5895737077461547,,
sustained_4,B_arrival,FROZEN,101.576449553,33.0,33.63067263543122,0.6306726354312175,,
sustained_4,B_arrival,FROZEN,103.896449553,33.0,33.64033770956632,0.6403377095663174,,
sustained_4,B_arrival,FROZEN,106.591449553,33.1,33.65374474542651,0.5537447454265063,,
sustained_4,B_arrival,FROZEN,109.066449553,33.1,33.667637600142456,0.5676376001424543,,
sustained_4,B_arrival,FROZEN,111.791449553,33.1,33.68018851179105,0.5801885117910501,,
sustained_4,B_arrival,FROZEN,114.466449553,33.1,33.38296688399541,0.2829668839954067,,
sustained_4,B_arrival,FROZEN,117.131449553,32.5,33.09579770026241,0.5957977002624091,,
sustained_4,B_arrival,FROZEN,119.661449553,32.5,32.853966966951184,0.3539669669511838,,
sustained_4,B_arrival,FROZEN,122.351449553,32.5,32.625987744935784,0.12598774493578446,,
sustained_4,B_arrival,FROZEN,125.006449553,32.5,32.42707585574279,-0.0729241442572075,,
sustained_4,B_arrival,FROZEN,127.711449553,31.5,32.24798393227085,0.7479839322708486,,
sustained_4,B_arrival,FROZEN,130.266449553,31.5,32.09816548706119,0.5981654870611877,,
sustained_4,B_arrival,FROZEN,132.976449553,31.5,31.957427045476148,0.4574270454761482,,
sustained_4,B_arrival,FROZEN,135.331449553,31.5,31.848634528995262,0.34863452899526237,,
sustained_4,B_arrival,FROZEN,138.006449553,31.3,31.738589489663983,0.4385894896639826,,
sustained_4,B_arrival,FROZEN,140.556449553,31.3,31.64561266331441,0.34561266331440876,,
sustained_4,B_arrival,FROZEN,143.216449553,31.3,31.559613860618523,0.2596138606185221,,
sustained_4,B_arrival,FROZEN,145.571449553,31.3,31.49181173375259,0.19181173375259064,,
sustained_4,B_arrival,FROZEN,148.251449553,31.2,31.423114213033397,0.22311421303339785,,
sustained_4,B_arrival,FROZEN,151.646449553,31.2,31.347455533613495,0.1474555336134955,,
sustained_4,B_arrival,FROZEN,154.946449553,31.2,31.284459096205975,0.08445909620597547,,
sustained_4,B_arrival,FROZEN,157.556449553,31.2,31.241012479691246,0.041012479691246995,,
sustained_4,B_arrival,FROZEN,160.431449553,31.2,31.19884929630842,-0.0011507036915787694,,
sustained_4,B_arrival,FROZEN,163.121449553,31.2,31.16416641473973,-0.035833585260270695,,
sustained_4,B_arrival,FROZEN,165.736449553,31.2,31.13434525840731,-0.06565474159268803,,
sustained_4,B_arrival,FROZEN,168.421449553,31.0,31.107258714106184,0.10725871410618382,,
sustained_4,B_arrival,FROZEN,170.941449553,31.0,31.084723586773087,0.08472358677308733,,
sustained_4,B_arrival,FROZEN,173.621449553,31.0,31.063474202272374,0.06347420227237421,,
sustained_4,B_arrival,FROZEN,176.306449553,31.0,31.04467224831025,0.044672248310249074,,
sustained_4,B_arrival,FROZEN,178.936449553,31.0,31.02838916775022,0.028389167750219713,,
sustained_4,B_arrival,FROZEN,0,,,,0.0,0.0
sustained_4,B_arrival,FROZEN,1,,,,1.0017724605040834,1.1122264225508003
sustained_4,B_arrival,FROZEN,2,,,,1.9295120332982454,2.2244528451016006
sustained_4,B_arrival,FROZEN,3,,,,3.155502171822031,3.336679267652401
sustained_4,B_arrival,FROZEN,4,,,,4.054900658502264,4.448905690203201
sustained_4,B_arrival,FROZEN,5,,,,4.950973786546834,5.561132112754001
sustained_4,B_arrival,FROZEN,6,,,,6.049336186358966,6.673358535304802
sustained_4,B_arrival,FROZEN,7,,,,7.0710793349629215,7.785584957855602
sustained_4,B_arrival,FROZEN,8,,,,8.218185374338864,8.897811380406402
sustained_4,B_arrival,FROZEN,9,,,,9.357969144560002,10.010037802957203
sustained_4,B_arrival,FROZEN,10,,,,10.28116110728838,11.122264225508003
sustained_4,B_arrival,FROZEN,11,,,,11.2327411399976,12.234490648058802
sustained_4,B_arrival,FROZEN,12,,,,12.183767282075227,13.346717070609603
sustained_4,B_arrival,FROZEN,13,,,,13.097920543079708,14.458943493160405
sustained_4,B_arrival,FROZEN,14,,,,14.121643013772085,15.571169915711204
sustained_4,B_arrival,FROZEN,15,,,,15.626360111583768,16.683396338262003
sustained_4,B_arrival,FROZEN,16,,,,16.6799761547887,17.795622760812805
sustained_4,B_arrival,FROZEN,17,,,,17.649098231563425,18.907849183363606
sustained_4,B_arrival,FROZEN,18,,,,18.47664448569582,20.020075605914407
sustained_4,B_arrival,FROZEN,19,,,,19.25296261473694,21.132302028465205
sustained_4,B_arrival,FROZEN,20,,,,20.10054393205879,22.244528451016006
sustained_4,B_arrival,FROZEN,21,,,,21.079752337755636,23.356754873566807
sustained_4,B_arrival,FROZEN,22,,,,22.005707936098627,24.468981296117605
sustained_4,B_arrival,FROZEN,23,,,,22.981652598240284,25.581207718668406
sustained_4,B_arrival,FROZEN,24,,,,24.244827960518553,26.693434141219207
sustained_4,B_arrival,FROZEN,25,,,,25.062863503367968,27.805660563770008
sustained_4,B_arrival,FROZEN,26,,,,26.14373839888997,28.91788698632081
sustained_4,B_arrival,FROZEN,27,,,,27.530438708973804,30.030113408871607
sustained_4,B_arrival,FROZEN,28,,,,28.81181070120322,31.142339831422408
sustained_4,B_arrival,FROZEN,29,,,,30.207367188375006,32.25456625397321
sustained_4,B_arrival,FROZEN,30,,,,31.174428394169205,33.36679267652401
sustained_4,B_arrival,FROZEN,31,,,,32.12252312752587,34.47901909907481
sustained_4,B_arrival,FROZEN,32,,,,33.733443041258376,35.59124552162561
sustained_4,B_arrival,FROZEN,33,,,,34.85522351860352,36.70347194417641
sustained_4,B_arrival,FROZEN,34,,,,35.98013868178538,37.81569836672721
sustained_4,B_arrival,FROZEN,35,,,,37.698119181842,38.92792478927801
sustained_4,B_arrival,FROZEN,36,,,,39.64169137955571,40.64338078497422
sustained_4,B_arrival,FROZEN,37,,,,41.595770086966844,42.32761824394919
sustained_4,B_arrival,FROZEN,38,,,,42.95104694156491,44.099801734785615
sustained_4,B_arrival,FROZEN,39,,,,44.584442472466364,45.87198522562204
sustained_4,B_arrival,FROZEN,40,,,,46.60200415920979,47.67914591470607
sustained_4,B_arrival,FROZEN,41,,,,48.334213263319874,49.36338337368104
sustained_4,B_arrival,FROZEN,42,,,,50.528758519678355,51.13556686451747
sustained_4,B_arrival,FROZEN,43,,,,52.036504276171044,52.90775035535389
sustained_4,B_arrival,FROZEN,44,,,,53.95702183633293,54.714911044437926
sustained_4,B_arrival,FROZEN,45,,,,55.481089563963664,56.3991485034129
sustained_4,B_arrival,FROZEN,46,,,,56.57766162236731,58.17133199424933
sustained_4,B_arrival,FROZEN,47,,,,58.270450952617374,59.943515485085754
sustained_4,B_arrival,FROZEN,48,,,,60.10759481384783,61.75067617416978
sustained_4,B_arrival,FROZEN,49,,,,62.12452431814455,63.43491363314475
sustained_4,B_arrival,FROZEN,50,,,,63.991428114017104,65.20709712398119
sustained_4,B_arrival,FROZEN,51,,,,66.25131478581844,66.97928061481761
sustained_4,B_arrival,FROZEN,52,,,,68.26445301156586,68.78644130390164
sustained_4,B_arrival,FROZEN,53,,,,69.48827610179721,70.47067876287662
sustained_4,B_arrival,FROZEN,54,,,,71.4170158542939,72.24286225371304
sustained_4,B_arrival,FROZEN,55,,,,73.54931074424292,74.01504574454947
sustained_4,B_arrival,FROZEN,56,,,,75.41141864275993,75.8222064336335
sustained_4,B_arrival,FROZEN,57,,,,77.19503621766805,77.50644389260846
sustained_4,B_arrival,FROZEN,58,,,,79.49863830983841,79.2786273834449
sustained_4,B_arrival,FROZEN,59,,,,81.69929984484382,81.05081087428132
sustained_4,B_arrival,FROZEN,60,,,,83.4572106705139,82.85797156336534
sustained_4,B_arrival,FROZEN,61,,,,85.17932325512278,84.54220902234033
sustained_4,B_arrival,FROZEN,62,,,,87.15809793014535,86.31439251317676
sustained_4,B_arrival,FROZEN,63,,,,89.10560589677179,88.08657600401317
sustained_4,B_arrival,FROZEN,64,,,,91.37684563053057,89.89373669309721
sustained_4,B_arrival,FROZEN,65,,,,93.50761516765341,91.57797415207219
sustained_4,B_arrival,FROZEN,66,,,,95.07865260733828,93.35015764290861
sustained_4,B_arrival,FROZEN,67,,,,96.13509312263555,95.12234113374504
sustained_4,B_arrival,FROZEN,68,,,,97.71171832424602,96.92950182282907
sustained_4,B_arrival,FROZEN,69,,,,99.68342862141472,98.61373928180404
sustained_4,B_arrival,FROZEN,70,,,,101.69810332597932,100.38592277264047
sustained_4,B_arrival,FROZEN,71,,,,103.62103571463047,102.1581062634769
sustained_4,B_arrival,FROZEN,72,,,,105.74456022518314,103.96526695256092
sustained_4,B_arrival,FROZEN,73,,,,107.71521931617698,105.6495044115359
sustained_4,B_arrival,FROZEN,74,,,,109.15381728004112,107.42168790237233
sustained_4,B_arrival,FROZEN,75,,,,110.76275365574614,109.19387139320877
sustained_4,B_arrival,FROZEN,76,,,,112.60574751438166,111.00103208229278
sustained_4,B_arrival,FROZEN,77,,,,114.7829605001117,112.68526954126776
sustained_4,B_arrival,FROZEN,78,,,,116.91503953883918,114.4574530321042
sustained_4,B_arrival,FROZEN,79,,,,118.83135521022108,116.22963652294061
sustained_4,B_arrival,FROZEN,80,,,,121.08522782755234,118.03679721202464
sustained_4,B_arrival,FROZEN,81,,,,122.36945869537368,119.72103467099963
sustained_4,B_arrival,FROZEN,82,,,,123.90667325165161,121.49321816183604
sustained_4,B_arrival,FROZEN,83,,,,126.17515075110492,123.26540165267247
sustained_4,B_arrival,FROZEN,84,,,,128.45356599799842,125.07256234175651
sustained_4,B_arrival,FROZEN,85,,,,130.2967500366461,126.75679980073147
sustained_4,B_arrival,FROZEN,86,,,,132.34316748359433,128.5289832915679
sustained_4,B_arrival,FROZEN,87,,,,134.13874109321011,130.30116678240432
sustained_4,B_arrival,FROZEN,88,,,,135.2770895897685,132.10832747148834
sustained_4,B_arrival,FROZEN,89,,,,136.85956339963147,133.79256493046333
sustained_4,B_arrival,FROZEN,90,,,,139.169314507075,135.56474842129978
sustained_4,B_arrival,FROZEN,91,,,,141.61373532132586,137.3369319121362
sustained_4,B_arrival,FROZEN,92,,,,143.61168372355866,139.14409260122022
sustained_4,B_arrival,FROZEN,93,,,,145.585389011522,140.82833006019519
sustained_4,B_arrival,FROZEN,94,,,,147.8787708411561,142.6005135510316
sustained_4,B_arrival,FROZEN,95,,,,149.21834187235575,144.37269704186804
sustained_4,B_arrival,FROZEN,96,,,,150.98369451284654,146.17985773095208
sustained_4,B_arrival,FROZEN,97,,,,152.92376561300506,147.86409518992707
sustained_4,B_arrival,FROZEN,98,,,,154.8429461513733,149.63627868076347
sustained_4,B_arrival,FROZEN,99,,,,156.89957553908303,151.40846217159992
sustained_4,B_arrival,FROZEN,100,,,,158.55536042239208,153.21562286068394
sustained_4,B_arrival,FROZEN,101,,,,160.37833134213483,154.8998603196589
sustained_4,B_arrival,FROZEN,102,,,,161.72113081368175,156.67204381049532
sustained_4,B_arrival,FROZEN,103,,,,163.117953394131,158.44422730133178
sustained_4,B_arrival,FROZEN,104,,,,165.39859540662013,160.2513879904158
sustained_4,B_arrival,FROZEN,105,,,,167.05658467106568,161.93562544939078
sustained_4,B_arrival,FROZEN,106,,,,169.15338270091485,163.7078089402272
sustained_4,B_arrival,FROZEN,107,,,,170.82498092031022,165.47999243106364
sustained_4,B_arrival,FROZEN,108,,,,172.7936758626857,167.28715312014765
sustained_4,B_arrival,FROZEN,109,,,,174.344403444994,168.97139057912264
sustained_4,B_arrival,FROZEN,110,,,,175.550569218352,170.74357406995907
sustained_4,B_arrival,FROZEN,111,,,,177.7076089637974,172.51575756079546
sustained_4,B_arrival,FROZEN,112,,,,179.6304216389442,174.2879410516319
sustained_4,B_arrival,FROZEN,113,,,,180.92721959708734,175.41514873154765
sustained_4,B_arrival,FROZEN,114,,,,181.86708448728427,176.52737515409842
sustained_4,B_arrival,FROZEN,115,,,,182.58178730786716,177.63960157664923
sustained_4,B_arrival,FROZEN,116,,,,183.5106352407986,178.75182799920003
sustained_4,B_arrival,FROZEN,117,,,,184.57327307328916,179.86405442175084
sustained_4,B_arrival,FROZEN,118,,,,185.87797686987733,180.97628084430164
sustained_4,B_arrival,FROZEN,119,,,,186.90927118233532,182.08850726685242
sustained_4,B_arrival,FROZEN,120,,,,187.8837993867774,183.20073368940322
sustained_4,B_arrival,JOINT,36.241449553,30.6,30.664225433379322,0.0642254333793204,,
sustained_4,B_arrival,JOINT,38.771449553,30.6,31.029326392450447,0.4293263924504451,,
sustained_4,B_arrival,JOINT,41.301449553,30.6,31.343889780561334,0.7438897805613323,,
sustained_4,B_arrival,JOINT,44.246449553,30.6,31.659925290021942,1.0599252900219405,,
sustained_4,B_arrival,JOINT,46.906449553,32.1,31.897415717146302,-0.20258428285369945,,
sustained_4,B_arrival,JOINT,49.451449553,32.1,32.10038407187999,0.00038407187999212056,,
sustained_4,B_arrival,JOINT,52.116449553,32.1,32.28899525748322,0.18899525748322077,,
sustained_4,B_arrival,JOINT,54.631449553,32.1,32.41959771349626,0.31959771349625754,,
sustained_4,B_arrival,JOINT,57.221449553,32.5,32.545693821701434,0.04569382170143399,,
sustained_4,B_arrival,JOINT,59.846449553,32.5,32.661363093656625,0.16136309365662527,,
sustained_4,B_arrival,JOINT,62.431449553,32.5,32.77689806711782,0.27689806711781983,,
sustained_4,B_arrival,JOINT,65.181449553,32.5,32.83868806363009,0.3386880636300873,,
sustained_4,B_arrival,JOINT,67.691449553,32.7,32.905286023579265,0.20528602357926218,,
sustained_4,B_arrival,JOINT,70.346449553,32.7,32.984452618334,0.2844526183339937,,
sustained_4,B_arrival,JOINT,73.001449553,32.7,33.023288803515726,0.3232888035157231,,
sustained_4,B_arrival,JOINT,75.861449553,32.7,33.075838863834484,0.3758388638344812,,
sustained_4,B_arrival,JOINT,78.496449553,32.9,33.1272720101131,0.22727201011310427,,
sustained_4,B_arrival,JOINT,81.171449553,32.9,33.142775259170605,0.24277525917060672,,
sustained_4,B_arrival,JOINT,83.826449553,32.9,33.172573906593044,0.2725739065930455,,
sustained_4,B_arrival,JOINT,86.236449553,32.9,33.19654708241836,0.296547082418364,,
sustained_4,B_arrival,JOINT,88.836449553,33.0,33.239580535585986,0.23958053558598635,,
sustained_4,B_arrival,JOINT,91.346449553,33.0,33.24379106952428,0.24379106952427776,,
sustained_4,B_arrival,JOINT,94.046449553,33.0,33.24934038303791,0.24934038303791084,,
sustained_4,B_arrival,JOINT,96.566449553,33.0,33.26155204278128,0.2615520427812825,,
sustained_4,B_arrival,JOINT,98.981449553,33.0,33.272668548380786,0.2726685483807856,,
sustained_4,B_arrival,JOINT,101.576449553,33.0,33.30528090258601,0.3052809025860128,,
sustained_4,B_arrival,JOINT,103.896449553,33.0,33.303508274933684,0.3035082749336837,,
sustained_4,B_arrival,JOINT,106.591449553,33.1,33.305271501111086,0.20527150111108483,,
sustained_4,B_arrival,JOINT,109.066449553,33.1,33.30993969881583,0.2099396988158304,,
sustained_4,B_arrival,JOINT,111.791449553,33.1,33.31300207959649,0.21300207959648532,,
sustained_4,B_arrival,JOINT,114.466449553,33.1,32.956442088911906,-0.14355791108809512,,
sustained_4,B_arrival,JOINT,117.131449553,32.5,32.62492558533728,0.12492558533728015,,
sustained_4,B_arrival,JOINT,119.661449553,32.5,32.35577839455766,-0.14422160544233975,,
sustained_4,B_arrival,JOINT,122.351449553,32.5,32.11118371390748,-0.3888162860925206,,
sustained_4,B_arrival,JOINT,125.006449553,32.5,31.905654823148954,-0.5943451768510464,,
sustained_4,B_arrival,JOINT,127.711449553,31.5,31.727453486854408,0.22745348685440803,,
sustained_4,B_arrival,JOINT,130.266449553,31.5,31.58380680188861,0.08380680188860978,,
sustained_4,B_arrival,JOINT,132.976449553,31.5,31.453771452513493,-0.046228547486506955,,
sustained_4,B_arrival,JOINT,135.331449553,31.5,31.35678713344434,-0.14321286655566112,,
sustained_4,B_arrival,JOINT,138.006449553,31.3,31.262093642962608,-0.03790635703739298,,
sustained_4,B_arrival,JOINT,140.556449553,31.3,31.184984439566904,-0.11501556043309691,,
sustained_4,B_arrival,JOINT,143.216449553,31.3,31.11623378945724,-0.18376621054276043,,
sustained_4,B_arrival,JOINT,145.571449553,31.3,31.063920443866056,-0.23607955613394438,,
sustained_4,B_arrival,JOINT,148.251449553,31.2,31.012762832049706,-0.18723716795029333,,
sustained_4,B_arrival,JOINT,151.646449553,31.2,30.958774792767368,-0.24122520723263108,,
sustained_4,B_arrival,JOINT,154.946449553,31.2,30.915903545258764,-0.2840964547412348,,
sustained_4,B_arrival,JOINT,157.556449553,31.2,30.887555953123385,-0.31244404687661387,,
sustained_4,B_arrival,JOINT,160.431449553,31.2,30.861092704353766,-0.33890729564623356,,
sustained_4,B_arrival,JOINT,163.121449553,31.2,30.84016891332446,-0.35983108667553765,,
sustained_4,B_arrival,JOINT,165.736449553,31.2,30.822844320248663,-0.37715567975133624,,
sustained_4,B_arrival,JOINT,168.421449553,31.0,30.80769058882066,-0.19230941117934108,,
sustained_4,B_arrival,JOINT,170.941449553,31.0,30.7955430175753,-0.20445698242469845,,
sustained_4,B_arrival,JOINT,173.621449553,31.0,30.784505406892,-0.21549459310800145,,
sustained_4,B_arrival,JOINT,176.306449553,31.0,30.77510671468677,-0.22489328531322883,,
sustained_4,B_arrival,JOINT,178.936449553,31.0,30.767271508122406,-0.23272849187759448,,
sustained_4,B_arrival,JOINT,0,,,,0.0,0.0
sustained_4,B_arrival,JOINT,1,,,,1.0017724605040834,1.1122264225508003
sustained_4,B_arrival,JOINT,2,,,,1.9295120332982454,2.2244528451016006
sustained_4,B_arrival,JOINT,3,,,,3.155502171822031,3.336679267652401
sustained_4,B_arrival,JOINT,4,,,,4.054900658502264,4.448905690203201
sustained_4,B_arrival,JOINT,5,,,,4.950973786546834,5.561132112754001
sustained_4,B_arrival,JOINT,6,,,,6.049336186358966,6.673358535304802
sustained_4,B_arrival,JOINT,7,,,,7.0710793349629215,7.785584957855602
sustained_4,B_arrival,JOINT,8,,,,8.218185374338864,8.897811380406402
sustained_4,B_arrival,JOINT,9,,,,9.357969144560002,10.010037802957203
sustained_4,B_arrival,JOINT,10,,,,10.28116110728838,11.122264225508003
sustained_4,B_arrival,JOINT,11,,,,11.2327411399976,12.234490648058802
sustained_4,B_arrival,JOINT,12,,,,12.183767282075227,13.346717070609603
sustained_4,B_arrival,JOINT,13,,,,13.097920543079708,14.458943493160405
sustained_4,B_arrival,JOINT,14,,,,14.121643013772085,15.571169915711204
sustained_4,B_arrival,JOINT,15,,,,15.626360111583768,16.683396338262003
sustained_4,B_arrival,JOINT,16,,,,16.6799761547887,17.795622760812805
sustained_4,B_arrival,JOINT,17,,,,17.649098231563425,18.907849183363606
sustained_4,B_arrival,JOINT,18,,,,18.47664448569582,20.020075605914407
sustained_4,B_arrival,JOINT,19,,,,19.25296261473694,21.132302028465205
sustained_4,B_arrival,JOINT,20,,,,20.10054393205879,22.244528451016006
sustained_4,B_arrival,JOINT,21,,,,21.079752337755636,23.356754873566807
sustained_4,B_arrival,JOINT,22,,,,22.005707936098627,24.468981296117605
sustained_4,B_arrival,JOINT,23,,,,22.981652598240284,25.581207718668406
sustained_4,B_arrival,JOINT,24,,,,24.244827960518553,26.693434141219207
sustained_4,B_arrival,JOINT,25,,,,25.062863503367968,27.805660563770008
sustained_4,B_arrival,JOINT,26,,,,26.14373839888997,28.91788698632081
sustained_4,B_arrival,JOINT,27,,,,27.530438708973804,30.030113408871607
sustained_4,B_arrival,JOINT,28,,,,28.81181070120322,31.142339831422408
sustained_4,B_arrival,JOINT,29,,,,30.207367188375006,32.25456625397321
sustained_4,B_arrival,JOINT,30,,,,31.174428394169205,33.36679267652401
sustained_4,B_arrival,JOINT,31,,,,32.12252312752587,34.47901909907481
sustained_4,B_arrival,JOINT,32,,,,33.733443041258376,35.59124552162561
sustained_4,B_arrival,JOINT,33,,,,34.85522351860352,36.70347194417641
sustained_4,B_arrival,JOINT,34,,,,35.98013868178538,37.81569836672721
sustained_4,B_arrival,JOINT,35,,,,37.698119181842,38.92792478927801
sustained_4,B_arrival,JOINT,36,,,,39.64169137955571,40.70277837850864
sustained_4,B_arrival,JOINT,37,,,,41.595770086966844,42.45800126190076
sustained_4,B_arrival,JOINT,38,,,,42.95104694156491,44.29501363779123
sustained_4,B_arrival,JOINT,39,,,,44.584442472466364,46.132026013681696
sustained_4,B_arrival,JOINT,40,,,,46.60200415920979,48.0616205965198
sustained_4,B_arrival,JOINT,41,,,,48.334213263319874,49.816843479911924
sustained_4,B_arrival,JOINT,42,,,,50.528758519678355,51.6538558558024
sustained_4,B_arrival,JOINT,43,,,,52.036504276171044,53.49086823169286
sustained_4,B_arrival,JOINT,44,,,,53.95702183633293,55.420462814530964
sustained_4,B_arrival,JOINT,45,,,,55.481089563963664,57.17568569792309
sustained_4,B_arrival,JOINT,46,,,,56.57766162236731,59.01269807381356
sustained_4,B_arrival,JOINT,47,,,,58.270450952617374,60.849710449704034
sustained_4,B_arrival,JOINT,48,,,,60.10759481384783,62.77930503254213
sustained_4,B_arrival,JOINT,49,,,,62.12452431814455,64.53452791593426
sustained_4,B_arrival,JOINT,50,,,,63.991428114017104,66.37154029182473
sustained_4,B_arrival,JOINT,51,,,,66.25131478581844,68.2085526677152
sustained_4,B_arrival,JOINT,52,,,,68.26445301156586,70.1381472505533
sustained_4,B_arrival,JOINT,53,,,,69.48827610179721,71.89337013394542
sustained_4,B_arrival,JOINT,54,,,,71.4170158542939,73.73038250983589
sustained_4,B_arrival,JOINT,55,,,,73.54931074424292,75.56739488572636
sustained_4,B_arrival,JOINT,56,,,,75.41141864275993,77.49698946856446
sustained_4,B_arrival,JOINT,57,,,,77.19503621766805,79.25221235195659
sustained_4,B_arrival,JOINT,58,,,,79.49863830983841,81.08922472784707
sustained_4,B_arrival,JOINT,59,,,,81.69929984484382,82.92623710373753
sustained_4,B_arrival,JOINT,60,,,,83.4572106705139,84.85583168657563
sustained_4,B_arrival,JOINT,61,,,,85.17932325512278,86.61105456996776
sustained_4,B_arrival,JOINT,62,,,,87.15809793014535,88.44806694585823
sustained_4,B_arrival,JOINT,63,,,,89.10560589677179,90.2850793217487
sustained_4,B_arrival,JOINT,64,,,,91.37684563053057,92.2146739045868
sustained_4,B_arrival,JOINT,65,,,,93.50761516765341,93.96989678797894
sustained_4,B_arrival,JOINT,66,,,,95.07865260733828,95.8069091638694
sustained_4,B_arrival,JOINT,67,,,,96.13509312263555,97.64392153975987
sustained_4,B_arrival,JOINT,68,,,,97.71171832424602,99.57351612259798
sustained_4,B_arrival,JOINT,69,,,,99.68342862141472,101.3287390059901
sustained_4,B_arrival,JOINT,70,,,,101.69810332597932,103.16575138188058
sustained_4,B_arrival,JOINT,71,,,,103.62103571463047,105.00276375777105
sustained_4,B_arrival,JOINT,72,,,,105.74456022518314,106.93235834060914
sustained_4,B_arrival,JOINT,73,,,,107.71521931617698,108.68758122400128
sustained_4,B_arrival,JOINT,74,,,,109.15381728004112,110.52459359989176
sustained_4,B_arrival,JOINT,75,,,,110.76275365574614,112.36160597578223
sustained_4,B_arrival,JOINT,76,,,,112.60574751438166,114.2912005586203
sustained_4,B_arrival,JOINT,77,,,,114.7829605001117,116.04642344201245
sustained_4,B_arrival,JOINT,78,,,,116.91503953883918,117.88343581790292
sustained_4,B_arrival,JOINT,79,,,,118.83135521022108,119.72044819379339
sustained_4,B_arrival,JOINT,80,,,,121.08522782755234,121.6500427766315
sustained_4,B_arrival,JOINT,81,,,,122.36945869537368,123.40526566002363
sustained_4,B_arrival,JOINT,82,,,,123.90667325165161,125.2422780359141
sustained_4,B_arrival,JOINT,83,,,,126.17515075110492,127.07929041180456
sustained_4,B_arrival,JOINT,84,,,,128.45356599799842,129.00888499464264
sustained_4,B_arrival,JOINT,85,,,,130.2967500366461,130.7641078780348
sustained_4,B_arrival,JOINT,86,,,,132.34316748359433,132.60112025392527
sustained_4,B_arrival,JOINT,87,,,,134.13874109321011,134.43813262981575
sustained_4,B_arrival,JOINT,88,,,,135.2770895897685,136.36772721265382
sustained_4,B_arrival,JOINT,89,,,,136.85956339963147,138.12295009604597
sustained_4,B_arrival,JOINT,90,,,,139.169314507075,139.95996247193645
sustained_4,B_arrival,JOINT,91,,,,141.61373532132586,141.7969748478269
sustained_4,B_arrival,JOINT,92,,,,143.61168372355866,143.726569430665
sustained_4,B_arrival,JOINT,93,,,,145.585389011522,145.48179231405715
sustained_4,B_arrival,JOINT,94,,,,147.8787708411561,147.31880468994763
sustained_4,B_arrival,JOINT,95,,,,149.21834187235575,149.15581706583808
sustained_4,B_arrival,JOINT,96,,,,150.98369451284654,151.08541164867617
sustained_4,B_arrival,JOINT,97,,,,152.92376561300506,152.84063453206832
sustained_4,B_arrival,JOINT,98,,,,154.8429461513733,154.67764690795877
sustained_4,B_arrival,JOINT,99,,,,156.89957553908303,156.51465928384926
sustained_4,B_arrival,JOINT,100,,,,158.55536042239208,158.44425386668735
sustained_4,B_arrival,JOINT,101,,,,160.37833134213483,160.19947675007947
sustained_4,B_arrival,JOINT,102,,,,161.72113081368175,162.03648912596995
sustained_4,B_arrival,JOINT,103,,,,163.117953394131,163.87350150186043
sustained_4,B_arrival,JOINT,104,,,,165.39859540662013,165.80309608469852
sustained_4,B_arrival,JOINT,105,,,,167.05658467106568,167.55831896809065
sustained_4,B_arrival,JOINT,106,,,,169.15338270091485,169.39533134398113
sustained_4,B_arrival,JOINT,107,,,,170.82498092031022,171.2323437198716
sustained_4,B_arrival,JOINT,108,,,,172.7936758626857,173.16193830270967
sustained_4,B_arrival,JOINT,109,,,,174.344403444994,174.91716118610182
sustained_4,B_arrival,JOINT,110,,,,175.550569218352,176.7541735619923
sustained_4,B_arrival,JOINT,111,,,,177.7076089637974,178.59118593788276
sustained_4,B_arrival,JOINT,112,,,,179.6304216389442,180.42819831377324
sustained_4,B_arrival,JOINT,113,,,,180.92721959708734,181.55542842245768
sustained_4,B_arrival,JOINT,114,,,,181.86708448728427,182.66765484500846
sustained_4,B_arrival,JOINT,115,,,,182.58178730786716,183.77988126755926
sustained_4,B_arrival,JOINT,116,,,,183.5106352407986,184.89210769011007
sustained_4,B_arrival,JOINT,117,,,,184.57327307328916,186.00433411266087
sustained_4,B_arrival,JOINT,118,,,,185.87797686987733,187.11656053521168
sustained_4,B_arrival,JOINT,119,,,,186.90927118233532,188.22878695776245
sustained_4,B_arrival,JOINT,120,,,,187.8837993867774,189.34101338031326
sustained_5,A_conditional,FROZEN,35.83669938,30.7,30.735959957841278,0.03595995784127837,,
sustained_5,A_conditional,FROZEN,38.40669938,30.7,30.9566857798883,0.25668577988830066,,
sustained_5,A_conditional,FROZEN,41.01169938,31.5,31.137419078841706,-0.362580921158294,,
sustained_5,A_conditional,FROZEN,43.72169938,31.5,31.321886401074675,-0.17811359892532508,,
sustained_5,A_conditional,FROZEN,46.23169938,31.5,31.47142095681384,-0.028579043186159225,,
sustained_5,A_conditional,FROZEN,48.78669938,31.5,31.608028764746805,0.10802876474680545,,
sustained_5,A_conditional,FROZEN,51.40169938,32.5,31.715010119943123,-0.7849898800568766,,
sustained_5,A_conditional,FROZEN,54.24169938,32.5,31.841505591222145,-0.6584944087778553,,
sustained_5,A_conditional,FROZEN,56.85669938,32.5,31.93647236318722,-0.5635276368127791,,
sustained_5,A_conditional,FROZEN,59.35669938,32.5,32.00876586543913,-0.4912341345608695,,
sustained_5,A_conditional,FROZEN,61.92169938,32.8,32.076824584794096,-0.7231754152059011,,
sustained_5,A_conditional,FROZEN,64.77169938,32.8,32.1611315707754,-0.6388684292245941,,
sustained_5,A_conditional,FROZEN,67.36169938,32.8,32.206400128240894,-0.5935998717591033,,
sustained_5,A_conditional,FROZEN,69.96669938,32.8,32.25488114618956,-0.5451188538104361,,
sustained_5,A_conditional,FROZEN,72.61169938,32.9,32.30495830613744,-0.5950416938625551,,
sustained_5,A_conditional,FROZEN,75.59169938,32.9,32.34527419809354,-0.5547258019064571,,
sustained_5,A_conditional,FROZEN,78.21669938,32.9,32.38500921496044,-0.5149907850395579,,
sustained_5,A_conditional,FROZEN,80.78669938,33.1,32.417552215873215,-0.6824477841267864,,
sustained_5,A_conditional,FROZEN,83.34669938,33.1,32.436497319008815,-0.6635026809911864,,
sustained_5,A_conditional,FROZEN,86.18669938,33.1,32.46522769276896,-0.6347723072310387,,
sustained_5,A_conditional,FROZEN,88.82169938,33.1,32.49170883883788,-0.6082911611621213,,
sustained_5,A_conditional,FROZEN,91.50669938,33.2,32.499053538866924,-0.7009464611330785,,
sustained_5,A_conditional,FROZEN,94.20169938,33.2,32.52171418466815,-0.6782858153318543,,
sustained_5,A_conditional,FROZEN,96.62169938,33.2,32.536229249829816,-0.6637707501701868,,
sustained_5,A_conditional,FROZEN,98.93169938,33.2,32.54499690816019,-0.6550030918398093,,
sustained_5,A_conditional,FROZEN,101.51669938,33.3,32.56075446570935,-0.7392455342906459,,
sustained_5,A_conditional,FROZEN,104.20669938,33.3,32.56352899867438,-0.7364710013256186,,
sustained_5,A_conditional,FROZEN,107.06669938,33.3,32.58650464415267,-0.7134953558473285,,
sustained_5,A_conditional,FROZEN,109.74669938,33.3,32.58954966433854,-0.7104503356614558,,
sustained_5,A_conditional,FROZEN,112.36169938,33.4,32.57298496134507,-0.8270150386549275,,
sustained_5,A_conditional,FROZEN,114.70669938,33.4,32.361171186813046,-1.038828813186953,,
sustained_5,A_conditional,FROZEN,117.68669938,33.4,32.12288875500026,-1.2771112449997375,,
sustained_5,A_conditional,FROZEN,120.40669938,32.2,31.93208426035566,-0.26791573964434434,,
sustained_5,A_conditional,FROZEN,122.82169938,32.2,31.781524349961934,-0.41847565003806864,,
sustained_5,A_conditional,FROZEN,125.42169938,32.2,31.637036805643614,-0.5629631943563886,,
sustained_5,A_conditional,FROZEN,128.11169938,32.2,31.504627488995354,-0.6953725110046491,,
sustained_5,A_conditional,FROZEN,130.77669938,31.6,31.388615292663065,-0.21138470733693637,,
sustained_5,A_conditional,FROZEN,133.39169938,31.6,31.287768403767057,-0.3122315962329445,,
sustained_5,A_conditional,FROZEN,135.70169938,31.6,31.208211351416214,-0.3917886485837876,,
sustained_5,A_conditional,FROZEN,138.67169938,31.6,31.11756420261723,-0.4824357973827702,,
sustained_5,A_conditional,FROZEN,141.40169938,31.4,31.044462987781312,-0.3555370122186865,,
sustained_5,A_conditional,FROZEN,144.06669938,31.4,30.981410403896106,-0.41858959610389235,,
sustained_5,A_conditional,FROZEN,146.74169938,31.4,30.92541675707983,-0.4745832429201684,,
sustained_5,A_conditional,FROZEN,149.30669938,31.4,30.877808086985002,-0.5221919130149963,,
sustained_5,A_conditional,FROZEN,151.96669938,31.4,30.83400985078921,-0.565990149210787,,
sustained_5,A_conditional,FROZEN,154.59669938,31.4,30.795653514127682,-0.6043464858723162,,
sustained_5,A_conditional,FROZEN,157.29169938,31.4,30.760866293825497,-0.6391337061745013,,
sustained_5,A_conditional,FROZEN,159.88169938,31.4,30.731251615792704,-0.6687483842072943,,
sustained_5,A_conditional,FROZEN,162.59669938,31.3,30.703761707101034,-0.5962382928989669,,
sustained_5,A_conditional,FROZEN,165.05169938,31.3,30.68168563187432,-0.6183143681256809,,
sustained_5,A_conditional,FROZEN,167.75669938,31.3,30.660073025524735,-0.6399269744752658,,
sustained_5,A_conditional,FROZEN,170.28169938,31.2,30.642179671992125,-0.5578203280078746,,
sustained_5,A_conditional,FROZEN,172.91169938,31.2,30.62561881786695,-0.5743811821330489,,
sustained_5,A_conditional,FROZEN,175.55669938,31.2,30.610860389847733,-0.5891396101522659,,
sustained_5,A_conditional,FROZEN,177.86669938,31.2,30.599356718663095,-0.6006432813369038,,
sustained_5,A_conditional,FROZEN,0,,,,0.0,0.0
sustained_5,A_conditional,FROZEN,1,,,,1.3261050344920984,1.173973123771188
sustained_5,A_conditional,FROZEN,2,,,,2.5876240116027267,2.347946247542376
sustained_5,A_conditional,FROZEN,3,,,,3.8774563057955294,3.5219193713135635
sustained_5,A_conditional,FROZEN,4,,,,5.271072430860048,4.695892495084752
sustained_5,A_conditional,FROZEN,5,,,,6.591289065225052,5.86986561885594
sustained_5,A_conditional,FROZEN,6,,,,7.681125704288433,7.043838742627127
sustained_5,A_conditional,FROZEN,7,,,,8.642742909299843,8.217811866398316
sustained_5,A_conditional,FROZEN,8,,,,9.603273886782613,9.391784990169503
sustained_5,A_conditional,FROZEN,9,,,,10.565708954752687,10.56575811394069
sustained_5,A_conditional,FROZEN,10,,,,11.32843216029958,11.73973123771188
sustained_5,A_conditional,FROZEN,11,,,,12.354127142793958,12.913704361483067
sustained_5,A_conditional,FROZEN,12,,,,13.479808558307077,14.087677485254254
sustained_5,A_conditional,FROZEN,13,,,,14.436409609173225,15.261650609025443
sustained_5,A_conditional,FROZEN,14,,,,15.402384802174035,16.435623732796632
sustained_5,A_conditional,FROZEN,15,,,,16.397607277630883,17.60959685656782
sustained_5,A_conditional,FROZEN,16,,,,17.336743785131453,18.783569980339006
sustained_5,A_conditional,FROZEN,17,,,,18.73803198226626,19.957543104110194
sustained_5,A_conditional,FROZEN,18,,,,20.241603549652645,21.13151622788138
sustained_5,A_conditional,FROZEN,19,,,,21.430995777212217,22.30548935165257
sustained_5,A_conditional,FROZEN,20,,,,23.340425854915548,23.47946247542376
sustained_5,A_conditional,FROZEN,21,,,,24.483863887118403,24.653435599194946
sustained_5,A_conditional,FROZEN,22,,,,25.53114074697447,25.827408722966133
sustained_5,A_conditional,FROZEN,23,,,,26.768481840921954,27.00138184673732
sustained_5,A_conditional,FROZEN,24,,,,28.288648540358217,28.175354970508508
sustained_5,A_conditional,FROZEN,25,,,,30.08174751227368,29.3493280942797
sustained_5,A_conditional,FROZEN,26,,,,31.669854817646304,30.523301218050886
sustained_5,A_conditional,FROZEN,27,,,,32.8075018462659,31.697274341822073
sustained_5,A_conditional,FROZEN,28,,,,33.86198019864726,32.871247465593264
sustained_5,A_conditional,FROZEN,29,,,,34.82356027374777,34.04522058936445
sustained_5,A_conditional,FROZEN,30,,,,35.86312018657285,35.21919371313564
sustained_5,A_conditional,FROZEN,31,,,,36.88729074238903,36.39316683690682
sustained_5,A_conditional,FROZEN,32,,,,38.03562390193801,37.56713996067801
sustained_5,A_conditional,FROZEN,33,,,,39.0718939149489,38.7411130844492
sustained_5,A_conditional,FROZEN,34,,,,40.08452394510202,39.91508620822039
sustained_5,A_conditional,FROZEN,35,,,,41.50513367500813,41.08905933199158
sustained_5,A_conditional,FROZEN,36,,,,43.60275302573351,42.783165665287406
sustained_5,A_conditional,FROZEN,37,,,,45.277697940214566,44.62281718824888
sustained_5,A_conditional,FROZEN,38,,,,47.03403867091206,46.47715060839799
sustained_5,A_conditional,FROZEN,39,,,,48.620873200738004,48.340647049755596
sustained_5,A_conditional,FROZEN,40,,,,50.31420412344906,50.18737864015085
sustained_5,A_conditional,FROZEN,41,,,,51.94820620385081,52.02776816569746
sustained_5,A_conditional,FROZEN,42,,,,53.71704812901001,53.87739559679979
sustained_5,A_conditional,FROZEN,43,,,,55.53311409154844,55.73587087059844
sustained_5,A_conditional,FROZEN,44,,,,57.4293703962442,57.58791748680044
sustained_5,A_conditional,FROZEN,45,,,,59.42249117274613,59.42165149811127
sustained_5,A_conditional,FROZEN,46,,,,61.02879792943887,61.2753800560823
sustained_5,A_conditional,FROZEN,47,,,,62.62569043178669,63.13479866353448
sustained_5,A_conditional,FROZEN,48,,,,64.18634997266626,64.99544628844704
sustained_5,A_conditional,FROZEN,49,,,,65.88210730208387,66.83220510430645
sustained_5,A_conditional,FROZEN,50,,,,67.59779980118078,68.68632327455907
sustained_5,A_conditional,FROZEN,51,,,,69.26729280274664,70.54039293749854
sustained_5,A_conditional,FROZEN,52,,,,70.83002187354496,72.39843124732158
sustained_5,A_conditional,FROZEN,53,,,,72.32372107084231,74.22574834380552
sustained_5,A_conditional,FROZEN,54,,,,73.72781459306626,76.08420753382367
sustained_5,A_conditional,FROZEN,55,,,,75.81762648796658,77.93881655334394
sustained_5,A_conditional,FROZEN,56,,,,77.75272043346119,79.78277090038581
sustained_5,A_conditional,FROZEN,57,,,,79.3253647529504,81.6217623124241
sustained_5,A_conditional,FROZEN,58,,,,81.45931497970587,83.47968295858746
sustained_5,A_conditional,FROZEN,59,,,,83.82965523487364,85.34065736812208
sustained_5,A_conditional,FROZEN,60,,,,85.72409677216459,87.20441501738979
sustained_5,A_conditional,FROZEN,61,,,,87.29250537476034,89.03073710859054
sustained_5,A_conditional,FROZEN,62,,,,88.87696874256197,90.88727812196241
sustained_5,A_conditional,FROZEN,63,,,,91.18868784213525,92.74819748167954
sustained_5,A_conditional,FROZEN,64,,,,93.03307043624397,94.61130129537996
sustained_5,A_conditional,FROZEN,65,,,,94.63940604661165,96.43436421437244
sustained_5,A_conditional,FROZEN,66,,,,96.59431726793707,98.28397447562384
sustained_5,A_conditional,FROZEN,67,,,,98.53964420170276,100.14637496132251
sustained_5,A_conditional,FROZEN,68,,,,100.27963604337906,101.99041966377092
sustained_5,A_conditional,FROZEN,69,,,,102.0915538339887,103.81569604479236
sustained_5,A_conditional,FROZEN,70,,,,103.76741023763985,105.67376263065762
sustained_5,A_conditional,FROZEN,71,,,,105.37533950081149,107.53170214301207
sustained_5,A_conditional,FROZEN,72,,,,107.26890907746665,109.38898460151141
sustained_5,A_conditional,FROZEN,73,,,,109.11712930649702,111.21965876728157
sustained_5,A_conditional,FROZEN,74,,,,111.20592568682727,113.0759660793656
sustained_5,A_conditional,FROZEN,75,,,,112.84428354997961,114.93859601447728
sustained_5,A_conditional,FROZEN,76,,,,114.39001818272816,116.79462318236938
sustained_5,A_conditional,FROZEN,77,,,,115.77668638108773,118.6137126798362
sustained_5,A_conditional,FROZEN,78,,,,117.61136559409245,120.47178220165094
sustained_5,A_conditional,FROZEN,79,,,,119.94580921900199,122.32303844027388
sustained_5,A_conditional,FROZEN,80,,,,121.6605953332126,124.18116075294297
sustained_5,A_conditional,FROZEN,81,,,,123.16621774673804,125.99631082276053
sustained_5,A_conditional,FROZEN,82,,,,124.74927497614445,127.85617267067254
sustained_5,A_conditional,FROZEN,83,,,,126.24609162010326,129.71774709769096
sustained_5,A_conditional,FROZEN,84,,,,127.47459168154633,131.57714614963498
sustained_5,A_conditional,FROZEN,85,,,,129.0772626422583,133.40677609241155
sustained_5,A_conditional,FROZEN,86,,,,131.30845263076827,135.24726231417577
sustained_5,A_conditional,FROZEN,87,,,,132.50849093226054,137.11019360147304
sustained_5,A_conditional,FROZEN,88,,,,133.94745195594408,138.95814537314897
sustained_5,A_conditional,FROZEN,89,,,,135.69819788157932,140.79686110583404
sustained_5,A_conditional,FROZEN,90,,,,137.26007997796424,142.64969884604523
sustained_5,A_conditional,FROZEN,91,,,,138.38121287501465,144.51172404158103
sustained_5,A_conditional,FROZEN,92,,,,140.05188105902047,146.37150834543235
sustained_5,A_conditional,FROZEN,93,,,,142.29229699232434,148.19567268691372
sustained_5,A_conditional,FROZEN,94,,,,143.5509992783204,150.0525402852495
sustained_5,A_conditional,FROZEN,95,,,,145.1422940306069,151.914202458835
sustained_5,A_conditional,FROZEN,96,,,,147.0132361134437,153.77676434662436
sustained_5,A_conditional,FROZEN,97,,,,148.7269530855827,155.59845765005406
sustained_5,A_conditional,FROZEN,98,,,,150.38958588996817,157.4556756778524
sustained_5,A_conditional,FROZEN,99,,,,152.12447654771645,159.3138322098934
sustained_5,A_conditional,FROZEN,100,,,,154.5385877483949,161.16585261363255
sustained_5,A_conditional,FROZEN,101,,,,156.82238418204875,163.01044969859942
sustained_5,A_conditional,FROZEN,102,,,,158.49264087745087,164.8658855877084
sustained_5,A_conditional,FROZEN,103,,,,159.85799287623516,166.72801506951294
sustained_5,A_conditional,FROZEN,104,,,,161.39864506963846,168.5909021170201
sustained_5,A_conditional,FROZEN,105,,,,163.28144301079166,170.42700026015564
sustained_5,A_conditional,FROZEN,106,,,,165.23572896827787,172.26861567880223
sustained_5,A_conditional,FROZEN,107,,,,166.87889785099406,174.12992838486826
sustained_5,A_conditional,FROZEN,108,,,,168.53609916969572,175.97927254782522
sustained_5,A_conditional,FROZEN,109,,,,171.05289437829288,177.81989541976324
sustained_5,A_conditional,FROZEN,110,,,,172.68197486758564,179.6770479602886
sustained_5,A_conditional,FROZEN,111,,,,174.1040213576681,181.53263974751502
sustained_5,A_conditional,FROZEN,112,,,,175.80204662100178,183.382279089823
sustained_5,A_conditional,FROZEN,113,,,,176.9096046955296,184.58092367745047
sustained_5,A_conditional,FROZEN,114,,,,177.90110325349522,185.75489680122166
sustained_5,A_conditional,FROZEN,115,,,,178.89016235300988,186.92886992499285
sustained_5,A_conditional,FROZEN,116,,,,179.87794300947036,188.10284304876404
sustained_5,A_conditional,FROZEN,117,,,,181.19037373554113,189.27681617253523
sustained_5,A_conditional,FROZEN,118,,,,182.24426073400835,190.45078929630643
sustained_5,A_conditional,FROZEN,119,,,,183.31695944745326,191.62476242007762
sustained_5,A_conditional,FROZEN,120,,,,184.49115907570086,192.7987355438488
sustained_5,A_conditional,JOINT,35.83669938,30.7,30.74100095651548,0.0410009565154823,,
sustained_5,A_conditional,JOINT,38.40669938,30.7,30.99506899869931,0.29506899869931047,,
sustained_5,A_conditional,JOINT,41.01169938,31.5,31.194169133774437,-0.30583086622556266,,
sustained_5,A_conditional,JOINT,43.72169938,31.5,31.39141515435336,-0.1085848456466394,,
sustained_5,A_conditional,JOINT,46.23169938,31.5,31.545224096384207,0.04522409638420655,,
sustained_5,A_conditional,JOINT,48.78669938,31.5,31.680907737359863,0.18090773735986332,,
sustained_5,A_conditional,JOINT,51.40169938,32.5,31.779381452644017,-0.7206185473559827,,
sustained_5,A_conditional,JOINT,54.24169938,32.5,31.897908862778937,-0.6020911372210627,,
sustained_5,A_conditional,JOINT,56.85669938,32.5,31.981555227180667,-0.5184447728193327,,
sustained_5,A_conditional,JOINT,59.35669938,32.5,32.04004168150036,-0.45995831849963764,,
sustained_5,A_conditional,JOINT,61.92169938,32.8,32.09360506979497,-0.706394930205029,,
sustained_5,A_conditional,JOINT,64.77169938,32.8,32.164644333637746,-0.6353556663622513,,
sustained_5,A_conditional,JOINT,67.36169938,32.8,32.19332365041909,-0.6066763495809084,,
sustained_5,A_conditional,JOINT,69.96669938,32.8,32.22713231821247,-0.5728676817875282,,
sustained_5,A_conditional,JOINT,72.61169938,32.9,32.26399251730175,-0.6360074826982469,,
sustained_5,A_conditional,JOINT,75.59169938,32.9,32.28819807046452,-0.6118019295354813,,
sustained_5,A_conditional,JOINT,78.21669938,32.9,32.316089770872416,-0.5839102291275822,,
sustained_5,A_conditional,JOINT,80.78669938,33.1,32.337265436125186,-0.7627345638748153,,
sustained_5,A_conditional,JOINT,83.34669938,33.1,32.343665519213886,-0.7563344807861156,,
sustained_5,A_conditional,JOINT,86.18669938,33.1,32.36136942566425,-0.7386305743357511,,
sustained_5,A_conditional,JOINT,88.82169938,33.1,32.37885965199272,-0.7211403480072818,,
sustained_5,A_conditional,JOINT,91.50669938,33.2,32.374613337608295,-0.8253866623917077,,
sustained_5,A_conditional,JOINT,94.20169938,33.2,32.389660768924294,-0.8103392310757087,,
sustained_5,A_conditional,JOINT,96.62169938,33.2,32.39715811160165,-0.8028418883983548,,
sustained_5,A_conditional,JOINT,98.93169938,33.2,32.3990683904096,-0.8009316095903998,,
sustained_5,A_conditional,JOINT,101.51669938,33.3,32.409047042763895,-0.8909529572361023,,
sustained_5,A_conditional,JOINT,104.20669938,33.3,32.4039626710083,-0.8960373289916959,,
sustained_5,A_conditional,JOINT,107.06669938,33.3,32.423105678298775,-0.8768943217012222,,
sustained_5,A_conditional,JOINT,109.74669938,33.3,32.41987900362506,-0.8801209963749344,,
sustained_5,A_conditional,JOINT,112.36169938,33.4,32.394257142716725,-1.0057428572832734,,
sustained_5,A_conditional,JOINT,114.70669938,33.4,32.1431811371728,-1.2568188628271955,,
sustained_5,A_conditional,JOINT,117.68669938,33.4,31.871079045435362,-1.5289209545646365,,
sustained_5,A_conditional,JOINT,120.40669938,32.2,31.66179167004916,-0.5382083299508444,,
sustained_5,A_conditional,JOINT,122.82169938,32.2,31.50253033894637,-0.6974696610536313,,
sustained_5,A_conditional,JOINT,125.42169938,32.2,31.35498773499776,-0.8450122650022429,,
sustained_5,A_conditional,JOINT,128.11169938,32.2,31.224717841950426,-0.975282158049577,,
sustained_5,A_conditional,JOINT,130.77669938,31.6,31.11480233466937,-0.4851976653306309,,
sustained_5,A_conditional,JOINT,133.39169938,31.6,31.022740351669423,-0.5772596483305783,,
sustained_5,A_conditional,JOINT,135.70169938,31.6,30.952592089960117,-0.6474079100398846,,
sustained_5,A_conditional,JOINT,138.67169938,31.6,30.87556012844945,-0.7244398715505511,,
sustained_5,A_conditional,JOINT,141.40169938,31.4,30.815881729484026,-0.5841182705159724,,
sustained_5,A_conditional,JOINT,144.06669938,31.4,30.766320826708192,-0.6336791732918066,,
sustained_5,A_conditional,JOINT,146.74169938,31.4,30.7239264786072,-0.676073521392798,,
sustained_5,A_conditional,JOINT,149.30669938,31.4,30.689181908148772,-0.7108180918512268,,
sustained_5,A_conditional,JOINT,151.96669938,31.4,30.658365962353045,-0.7416340376469535,,
sustained_5,A_conditional,JOINT,154.59669938,31.4,30.63236007987453,-0.7676399201254682,,
sustained_5,A_conditional,JOINT,157.29169938,31.4,30.60963574656035,-0.7903642534396482,,
sustained_5,A_conditional,JOINT,159.88169938,31.4,30.5909922261955,-0.809007773804499,,
sustained_5,A_conditional,JOINT,162.59669938,31.3,30.574314683310718,-0.7256853166892832,,
sustained_5,A_conditional,JOINT,165.05169938,31.3,30.561396808792395,-0.7386031912076056,,
sustained_5,A_conditional,JOINT,167.75669938,31.3,30.549195523792882,-0.7508044762071187,,
sustained_5,A_conditional,JOINT,170.28169938,31.2,30.53945532222708,-0.6605446777729185,,
sustained_5,A_conditional,JOINT,172.91169938,31.2,30.530757233424126,-0.6692427665758736,,
sustained_5,A_conditional,JOINT,175.55669938,31.2,30.523284232144135,-0.676715767855864,,
sustained_5,A_conditional,JOINT,177.86669938,31.2,30.517656338382384,-0.6823436616176153,,
sustained_5,A_conditional,JOINT,0,,,,0.0,0.0
sustained_5,A_conditional,JOINT,1,,,,1.3261050344920984,1.173973123771188
sustained_5,A_conditional,JOINT,2,,,,2.5876240116027267,2.347946247542376
sustained_5,A_conditional,JOINT,3,,,,3.8774563057955294,3.5219193713135635
sustained_5,A_conditional,JOINT,4,,,,5.271072430860048,4.695892495084752
sustained_5,A_conditional,JOINT,5,,,,6.591289065225052,5.86986561885594
sustained_5,A_conditional,JOINT,6,,,,7.681125704288433,7.043838742627127
sustained_5,A_conditional,JOINT,7,,,,8.642742909299843,8.217811866398316
sustained_5,A_conditional,JOINT,8,,,,9.603273886782613,9.391784990169503
sustained_5,A_conditional,JOINT,9,,,,10.565708954752687,10.56575811394069
sustained_5,A_conditional,JOINT,10,,,,11.32843216029958,11.73973123771188
sustained_5,A_conditional,JOINT,11,,,,12.354127142793958,12.913704361483067
sustained_5,A_conditional,JOINT,12,,,,13.479808558307077,14.087677485254254
sustained_5,A_conditional,JOINT,13,,,,14.436409609173225,15.261650609025443
sustained_5,A_conditional,JOINT,14,,,,15.402384802174035,16.435623732796632
sustained_5,A_conditional,JOINT,15,,,,16.397607277630883,17.60959685656782
sustained_5,A_conditional,JOINT,16,,,,17.336743785131453,18.783569980339006
sustained_5,A_conditional,JOINT,17,,,,18.73803198226626,19.957543104110194
sustained_5,A_conditional,JOINT,18,,,,20.241603549652645,21.13151622788138
sustained_5,A_conditional,JOINT,19,,,,21.430995777212217,22.30548935165257
sustained_5,A_conditional,JOINT,20,,,,23.340425854915548,23.47946247542376
sustained_5,A_conditional,JOINT,21,,,,24.483863887118403,24.653435599194946
sustained_5,A_conditional,JOINT,22,,,,25.53114074697447,25.827408722966133
sustained_5,A_conditional,JOINT,23,,,,26.768481840921954,27.00138184673732
sustained_5,A_conditional,JOINT,24,,,,28.288648540358217,28.175354970508508
sustained_5,A_conditional,JOINT,25,,,,30.08174751227368,29.3493280942797
sustained_5,A_conditional,JOINT,26,,,,31.669854817646304,30.523301218050886
sustained_5,A_conditional,JOINT,27,,,,32.8075018462659,31.697274341822073
sustained_5,A_conditional,JOINT,28,,,,33.86198019864726,32.871247465593264
sustained_5,A_conditional,JOINT,29,,,,34.82356027374777,34.04522058936445
sustained_5,A_conditional,JOINT,30,,,,35.86312018657285,35.21919371313564
sustained_5,A_conditional,JOINT,31,,,,36.88729074238903,36.39316683690682
sustained_5,A_conditional,JOINT,32,,,,38.03562390193801,37.56713996067801
sustained_5,A_conditional,JOINT,33,,,,39.0718939149489,38.7411130844492
sustained_5,A_conditional,JOINT,34,,,,40.08452394510202,39.91508620822039
sustained_5,A_conditional,JOINT,35,,,,41.50513367500813,41.08905933199158
sustained_5,A_conditional,JOINT,36,,,,43.60275302573351,42.7791242695347
sustained_5,A_conditional,JOINT,37,,,,45.277697940214566,44.61049483659032
sustained_5,A_conditional,JOINT,38,,,,47.03403867091206,46.459808160657325
sustained_5,A_conditional,JOINT,39,,,,48.620873200738004,48.319665000187626
sustained_5,A_conditional,JOINT,40,,,,50.31420412344906,50.16256755791775
sustained_5,A_conditional,JOINT,41,,,,51.94820620385081,51.99427072621328
sustained_5,A_conditional,JOINT,42,,,,53.71704812901001,53.83952125758914
sustained_5,A_conditional,JOINT,43,,,,55.53311409154844,55.69396325321911
sustained_5,A_conditional,JOINT,44,,,,57.4293703962442,57.54211187669016
sustained_5,A_conditional,JOINT,45,,,,59.42249117274613,59.36659667818244
sustained_5,A_conditional,JOINT,46,,,,61.02879792943887,61.21660425325487
sustained_5,A_conditional,JOINT,47,,,,62.62569043178669,63.07171919303493
sustained_5,A_conditional,JOINT,48,,,,64.18634997266626,64.92829808953637
sustained_5,A_conditional,JOINT,49,,,,65.88210730208387,66.75659746880564
sustained_5,A_conditional,JOINT,50,,,,67.59779980118078,68.60660298626541
sustained_5,A_conditional,JOINT,51,,,,69.26729280274664,70.4568413590787
sustained_5,A_conditional,JOINT,52,,,,70.83002187354496,72.31118614177632
sustained_5,A_conditional,JOINT,53,,,,72.32372107084231,74.13014312562942
sustained_5,A_conditional,JOINT,54,,,,73.72781459306626,75.98412986449894
sustained_5,A_conditional,JOINT,55,,,,75.81762648796658,77.83486051664426
sustained_5,A_conditional,JOINT,56,,,,77.75272043346119,79.67497718119002
sustained_5,A_conditional,JOINT,57,,,,79.3253647529504,81.50526012385956
sustained_5,A_conditional,JOINT,58,,,,81.45931497970587,83.3588538583337
sustained_5,A_conditional,JOINT,59,,,,83.82965523487364,85.21575960937695
sustained_5,A_conditional,JOINT,60,,,,85.72409677216459,87.07583929294967
sustained_5,A_conditional,JOINT,61,,,,87.29250537476034,88.89360098885766
sustained_5,A_conditional,JOINT,62,,,,88.87696874256197,90.7453782519809
sustained_5,A_conditional,JOINT,63,,,,91.18868784213525,92.60218689331933
sustained_5,A_conditional,JOINT,64,,,,93.03307043624397,94.46167764698885
sustained_5,A_conditional,JOINT,65,,,,94.63940604661165,96.27613886091923
sustained_5,A_conditional,JOINT,66,,,,96.59431726793707,98.12195945985405
sustained_5,A_conditional,JOINT,67,,,,98.53964420170276,99.98058806661949
sustained_5,A_conditional,JOINT,68,,,,100.27963604337906,101.8210457056193
sustained_5,A_conditional,JOINT,69,,,,102.0915538339887,103.63721789858519
sustained_5,A_conditional,JOINT,70,,,,103.76741023763985,105.49109071356882
sustained_5,A_conditional,JOINT,71,,,,105.37533950081149,107.3449088291276
sustained_5,A_conditional,JOINT,72,,,,107.26890907746665,109.19816028718553
sustained_5,A_conditional,JOINT,73,,,,109.11712930649702,111.0202956308447
sustained_5,A_conditional,JOINT,74,,,,111.20592568682727,112.87177735909033
sustained_5,A_conditional,JOINT,75,,,,112.84428354997961,114.73068081065982
sustained_5,A_conditional,JOINT,76,,,,114.39001818272816,116.58289443275206
sustained_5,A_conditional,JOINT,77,,,,115.77668638108773,118.39320769649312
sustained_5,A_conditional,JOINT,78,,,,117.61136559409245,120.24737442257165
sustained_5,A_conditional,JOINT,79,,,,119.94580921900199,122.09460826025935
sustained_5,A_conditional,JOINT,80,,,,121.6605953332126,123.9485923206041
sustained_5,A_conditional,JOINT,81,,,,123.16621774673804,125.75513974399661
sustained_5,A_conditional,JOINT,82,,,,124.74927497614445,127.61151755538016
sustained_5,A_conditional,JOINT,83,,,,126.24609162010326,129.4691142279833
sustained_5,A_conditional,JOINT,84,,,,127.47459168154633,131.32469800895004
sustained_5,A_conditional,JOINT,85,,,,129.0772626422583,133.14526137443858
sustained_5,A_conditional,JOINT,86,,,,131.30845263076827,134.9821327247401
sustained_5,A_conditional,JOINT,87,,,,132.50849093226054,136.8413391943798
sustained_5,A_conditional,JOINT,88,,,,133.94745195594408,138.68551853212796
sustained_5,A_conditional,JOINT,89,,,,135.69819788157932,140.51527025434478
sustained_5,A_conditional,JOINT,90,,,,137.26007997796424,142.3638803026285
sustained_5,A_conditional,JOINT,91,,,,138.38121287501465,144.22171467053158
sustained_5,A_conditional,JOINT,92,,,,140.05188105902047,146.07754111829934
sustained_5,A_conditional,JOINT,93,,,,142.29229699232434,147.89265274246284
sustained_5,A_conditional,JOINT,94,,,,143.5509992783204,149.74530089976022
sustained_5,A_conditional,JOINT,95,,,,145.1422940306069,151.6029548383735
sustained_5,A_conditional,JOINT,96,,,,147.0132361134437,153.46173061247345
sustained_5,A_conditional,JOINT,97,,,,148.7269530855827,155.2742718595936
sustained_5,A_conditional,JOINT,98,,,,150.38958588996817,157.12776089658175
sustained_5,A_conditional,JOINT,99,,,,152.12447654771645,158.98170911314787
sustained_5,A_conditional,JOINT,100,,,,154.5385877483949,160.8298077009797
sustained_5,A_conditional,JOINT,101,,,,156.82238418204875,162.6668321207061
sustained_5,A_conditional,JOINT,102,,,,158.49264087745087,164.51711822816702
sustained_5,A_conditional,JOINT,103,,,,159.85799287623516,166.37528521736877
sustained_5,A_conditional,JOINT,104,,,,161.39864506963846,168.23444393283003
sustained_5,A_conditional,JOINT,105,,,,163.28144301079166,170.06254773972375
sustained_5,A_conditional,JOINT,106,,,,165.23572896827787,171.90025567015357
sustained_5,A_conditional,JOINT,107,,,,166.87889785099406,173.75767527200702
sustained_5,A_conditional,JOINT,108,,,,168.53609916969572,175.6032390943065
sustained_5,A_conditional,JOINT,109,,,,171.05289437829288,177.4353792321191
sustained_5,A_conditional,JOINT,110,,,,172.68197486758564,179.28795587536015
sustained_5,A_conditional,JOINT,111,,,,174.1040213576681,181.13992274077503
sustained_5,A_conditional,JOINT,112,,,,175.80204662100178,182.98575862146194
sustained_5,A_conditional,JOINT,113,,,,176.9096046955296,184.18444014527864
sustained_5,A_conditional,JOINT,114,,,,177.90110325349522,185.3584132690498
sustained_5,A_conditional,JOINT,115,,,,178.89016235300988,186.532386392821
sustained_5,A_conditional,JOINT,116,,,,179.87794300947036,187.7063595165922
sustained_5,A_conditional,JOINT,117,,,,181.19037373554113,188.88033264036338
sustained_5,A_conditional,JOINT,118,,,,182.24426073400835,190.05430576413457
sustained_5,A_conditional,JOINT,119,,,,183.31695944745326,191.22827888790576
sustained_5,A_conditional,JOINT,120,,,,184.49115907570086,192.40225201167695
sustained_5,B_arrival,FROZEN,35.83669938,30.7,30.736443898807554,0.03644389880755483,,
sustained_5,B_arrival,FROZEN,38.40669938,30.7,30.957117577461403,0.25711757746140407,,
sustained_5,B_arrival,FROZEN,41.01169938,31.5,31.135997049487944,-0.3640029505120559,,
sustained_5,B_arrival,FROZEN,43.72169938,31.5,31.322840156873667,-0.17715984312633282,,
sustained_5,B_arrival,FROZEN,46.23169938,31.5,31.472274510207434,-0.02772548979256584,,
sustained_5,B_arrival,FROZEN,48.78669938,31.5,31.608888327758535,0.1088883277585353,,
sustained_5,B_arrival,FROZEN,51.40169938,32.5,31.71396592459748,-0.7860340754025188,,
sustained_5,B_arrival,FROZEN,54.24169938,32.5,31.840575798318866,-0.6594242016811336,,
sustained_5,B_arrival,FROZEN,56.85669938,32.5,31.935369290825843,-0.5646307091741569,,
sustained_5,B_arrival,FROZEN,59.35669938,32.5,32.005509736535245,-0.4944902634647548,,
sustained_5,B_arrival,FROZEN,61.92169938,32.8,32.07688513806739,-0.7231148619326078,,
sustained_5,B_arrival,FROZEN,64.77169938,32.8,32.159268584244955,-0.6407314157550417,,
sustained_5,B_arrival,FROZEN,67.36169938,32.8,32.20446742154865,-0.5955325784513477,,
sustained_5,B_arrival,FROZEN,69.96669938,32.8,32.2556770918898,-0.5443229081101961,,
sustained_5,B_arrival,FROZEN,72.61169938,32.9,32.30730590724268,-0.5926940927573199,,
sustained_5,B_arrival,FROZEN,75.59169938,32.9,32.34625849849922,-0.5537415015007809,,
sustained_5,B_arrival,FROZEN,78.21669938,32.9,32.38663561242229,-0.5133643875777096,,
sustained_5,B_arrival,FROZEN,80.78669938,33.1,32.420940202414094,-0.6790597975859072,,
sustained_5,B_arrival,FROZEN,83.34669938,33.1,32.43696705776229,-0.663032942237713,,
sustained_5,B_arrival,FROZEN,86.18669938,33.1,32.46800977342958,-0.6319902265704229,,
sustained_5,B_arrival,FROZEN,88.82169938,33.1,32.49514063292203,-0.6048593670779709,,
sustained_5,B_arrival,FROZEN,91.50669938,33.2,32.50069263079535,-0.6993073692046536,,
sustained_5,B_arrival,FROZEN,94.20169938,33.2,32.525145816349415,-0.6748541836505879,,
sustained_5,B_arrival,FROZEN,96.62169938,33.2,32.538993223619606,-0.6610067763803968,,
sustained_5,B_arrival,FROZEN,98.93169938,33.2,32.54803464596248,-0.6519653540375216,,
sustained_5,B_arrival,FROZEN,101.51669938,33.3,32.564175521313516,-0.7358244786864816,,
sustained_5,B_arrival,FROZEN,104.20669938,33.3,32.561280723593086,-0.7387192764069113,,
sustained_5,B_arrival,FROZEN,107.06669938,33.3,32.58302669583623,-0.7169733041637656,,
sustained_5,B_arrival,FROZEN,109.74669938,33.3,32.5837185569803,-0.716281443019696,,
sustained_5,B_arrival,FROZEN,112.36169938,33.4,32.56847065800232,-0.8315293419976797,,
sustained_5,B_arrival,FROZEN,114.70669938,33.4,32.35711785539055,-1.0428821446094503,,
sustained_5,B_arrival,FROZEN,117.68669938,33.4,32.11935394268052,-1.2806460573194798,,
sustained_5,B_arrival,FROZEN,120.40669938,32.2,31.92896460120057,-0.27103539879943384,,
sustained_5,B_arrival,FROZEN,122.82169938,32.2,31.778732242386205,-0.42126775761379776,,
sustained_5,B_arrival,FROZEN,125.42169938,32.2,31.634559002938733,-0.5654409970612697,,
sustained_5,B_arrival,FROZEN,128.11169938,32.2,31.502437681404924,-0.6975623185950788,,
sustained_5,B_arrival,FROZEN,130.77669938,31.6,31.386677782911892,-0.21332221708810906,,
sustained_5,B_arrival,FROZEN,133.39169938,31.6,31.286050181871435,-0.3139498181285667,,
sustained_5,B_arrival,FROZEN,135.70169938,31.6,31.206666101195207,-0.3933338988047943,,
sustained_5,B_arrival,FROZEN,138.67169938,31.6,31.116216008147767,-0.48378399185223486,,
sustained_5,B_arrival,FROZEN,141.40169938,31.4,31.0432736811354,-0.3567263188645988,,
sustained_5,B_arrival,FROZEN,144.06669938,31.4,30.980358122757956,-0.41964187724204294,,
sustained_5,B_arrival,FROZEN,146.74169938,31.4,30.92448614166157,-0.4755138583384273,,
sustained_5,B_arrival,FROZEN,149.30669938,31.4,30.87698090130452,-0.5230190986954781,,
sustained_5,B_arrival,FROZEN,151.96669938,31.4,30.833277800883565,-0.566722199116434,,
sustained_5,B_arrival,FROZEN,154.59669938,31.4,30.795004764954278,-0.6049952350457204,,
sustained_5,B_arrival,FROZEN,157.29169938,31.4,30.760293080457078,-0.6397069195429204,,
sustained_5,B_arrival,FROZEN,159.88169938,31.4,30.73074269479663,-0.6692573052033701,,
sustained_5,B_arrival,FROZEN,162.59669938,31.3,30.703312454193384,-0.596687545806617,,
sustained_5,B_arrival,FROZEN,165.05169938,31.3,30.68128428677239,-0.618715713227612,,
sustained_5,B_arrival,FROZEN,167.75669938,31.3,30.65971857307874,-0.6402814269212591,,
sustained_5,B_arrival,FROZEN,170.28169938,31.2,30.641864034436537,-0.5581359655634621,,
sustained_5,B_arrival,FROZEN,172.91169938,31.2,30.62533909704232,-0.5746609029576781,,
sustained_5,B_arrival,FROZEN,175.55669938,31.2,30.610612669486404,-0.5893873305135955,,
sustained_5,B_arrival,FROZEN,177.86669938,31.2,30.599133936062042,-0.600866063937957,,
sustained_5,B_arrival,FROZEN,0,,,,0.0,0.0
sustained_5,B_arrival,FROZEN,1,,,,1.3261050344920984,1.173973123771188
sustained_5,B_arrival,FROZEN,2,,,,2.5876240116027267,2.347946247542376
sustained_5,B_arrival,FROZEN,3,,,,3.8774563057955294,3.5219193713135635
sustained_5,B_arrival,FROZEN,4,,,,5.271072430860048,4.695892495084752
sustained_5,B_arrival,FROZEN,5,,,,6.591289065225052,5.86986561885594
sustained_5,B_arrival,FROZEN,6,,,,7.681125704288433,7.043838742627127
sustained_5,B_arrival,FROZEN,7,,,,8.642742909299843,8.217811866398316
sustained_5,B_arrival,FROZEN,8,,,,9.603273886782613,9.391784990169503
sustained_5,B_arrival,FROZEN,9,,,,10.565708954752687,10.56575811394069
sustained_5,B_arrival,FROZEN,10,,,,11.32843216029958,11.73973123771188
sustained_5,B_arrival,FROZEN,11,,,,12.354127142793958,12.913704361483067
sustained_5,B_arrival,FROZEN,12,,,,13.479808558307077,14.087677485254254
sustained_5,B_arrival,FROZEN,13,,,,14.436409609173225,15.261650609025443
sustained_5,B_arrival,FROZEN,14,,,,15.402384802174035,16.435623732796632
sustained_5,B_arrival,FROZEN,15,,,,16.397607277630883,17.60959685656782
sustained_5,B_arrival,FROZEN,16,,,,17.336743785131453,18.783569980339006
sustained_5,B_arrival,FROZEN,17,,,,18.73803198226626,19.957543104110194
sustained_5,B_arrival,FROZEN,18,,,,20.241603549652645,21.13151622788138
sustained_5,B_arrival,FROZEN,19,,,,21.430995777212217,22.30548935165257
sustained_5,B_arrival,FROZEN,20,,,,23.340425854915548,23.47946247542376
sustained_5,B_arrival,FROZEN,21,,,,24.483863887118403,24.653435599194946
sustained_5,B_arrival,FROZEN,22,,,,25.53114074697447,25.827408722966133
sustained_5,B_arrival,FROZEN,23,,,,26.768481840921954,27.00138184673732
sustained_5,B_arrival,FROZEN,24,,,,28.288648540358217,28.175354970508508
sustained_5,B_arrival,FROZEN,25,,,,30.08174751227368,29.3493280942797
sustained_5,B_arrival,FROZEN,26,,,,31.669854817646304,30.523301218050886
sustained_5,B_arrival,FROZEN,27,,,,32.8075018462659,31.697274341822073
sustained_5,B_arrival,FROZEN,28,,,,33.86198019864726,32.871247465593264
sustained_5,B_arrival,FROZEN,29,,,,34.82356027374777,34.04522058936445
sustained_5,B_arrival,FROZEN,30,,,,35.86312018657285,35.21919371313564
sustained_5,B_arrival,FROZEN,31,,,,36.88729074238903,36.39316683690682
sustained_5,B_arrival,FROZEN,32,,,,38.03562390193801,37.56713996067801
sustained_5,B_arrival,FROZEN,33,,,,39.0718939149489,38.7411130844492
sustained_5,B_arrival,FROZEN,34,,,,40.08452394510202,39.91508620822039
sustained_5,B_arrival,FROZEN,35,,,,41.50513367500813,41.08905933199158
sustained_5,B_arrival,FROZEN,36,,,,43.60275302573351,42.78734525167547
sustained_5,B_arrival,FROZEN,37,,,,45.277697940214566,44.613236888132086
sustained_5,B_arrival,FROZEN,38,,,,47.03403867091206,46.469632219195724
sustained_5,B_arrival,FROZEN,39,,,,48.620873200738004,48.326027550259354
sustained_5,B_arrival,FROZEN,40,,,,50.31420412344906,50.18242288132299
sustained_5,B_arrival,FROZEN,41,,,,51.94820620385081,52.0083145177796
sustained_5,B_arrival,FROZEN,42,,,,53.71704812901001,53.86470984884325
sustained_5,B_arrival,FROZEN,43,,,,55.53311409154844,55.721105179906885
sustained_5,B_arrival,FROZEN,44,,,,57.4293703962442,57.577500510970516
sustained_5,B_arrival,FROZEN,45,,,,59.42249117274613,59.403392147427134
sustained_5,B_arrival,FROZEN,46,,,,61.02879792943887,61.259787478490765
sustained_5,B_arrival,FROZEN,47,,,,62.62569043178669,63.1161828095544
sustained_5,B_arrival,FROZEN,48,,,,64.18634997266626,64.97257814061804
sustained_5,B_arrival,FROZEN,49,,,,65.88210730208387,66.79846977707466
sustained_5,B_arrival,FROZEN,50,,,,67.59779980118078,68.6548651081383
sustained_5,B_arrival,FROZEN,51,,,,69.26729280274664,70.51126043920193
sustained_5,B_arrival,FROZEN,52,,,,70.83002187354496,72.36765577026557
sustained_5,B_arrival,FROZEN,53,,,,72.32372107084231,74.19354740672217
sustained_5,B_arrival,FROZEN,54,,,,73.72781459306626,76.04994273778581
sustained_5,B_arrival,FROZEN,55,,,,75.81762648796658,77.90633806884945
sustained_5,B_arrival,FROZEN,56,,,,77.75272043346119,79.76273339991309
sustained_5,B_arrival,FROZEN,57,,,,79.3253647529504,81.58862503636969
sustained_5,B_arrival,FROZEN,58,,,,81.45931497970587,83.44502036743334
sustained_5,B_arrival,FROZEN,59,,,,83.82965523487364,85.30141569849698
sustained_5,B_arrival,FROZEN,60,,,,85.72409677216459,87.15781102956062
sustained_5,B_arrival,FROZEN,61,,,,87.29250537476034,88.98370266601724
sustained_5,B_arrival,FROZEN,62,,,,88.87696874256197,90.84009799708086
sustained_5,B_arrival,FROZEN,63,,,,91.18868784213525,92.6964933281445
sustained_5,B_arrival,FROZEN,64,,,,93.03307043624397,94.55288865920814
sustained_5,B_arrival,FROZEN,65,,,,94.63940604661165,96.37878029566474
sustained_5,B_arrival,FROZEN,66,,,,96.59431726793707,98.23517562672839
sustained_5,B_arrival,FROZEN,67,,,,98.53964420170276,100.09157095779202
sustained_5,B_arrival,FROZEN,68,,,,100.27963604337906,101.94796628885565
sustained_5,B_arrival,FROZEN,69,,,,102.0915538339887,103.77385792531226
sustained_5,B_arrival,FROZEN,70,,,,103.76741023763985,105.63025325637591
sustained_5,B_arrival,FROZEN,71,,,,105.37533950081149,107.48664858743956
sustained_5,B_arrival,FROZEN,72,,,,107.26890907746665,109.34304391850317
sustained_5,B_arrival,FROZEN,73,,,,109.11712930649702,111.16893555495979
sustained_5,B_arrival,FROZEN,74,,,,111.20592568682727,113.02533088602343
sustained_5,B_arrival,FROZEN,75,,,,112.84428354997961,114.88172621708708
sustained_5,B_arrival,FROZEN,76,,,,114.39001818272816,116.7381215481507
sustained_5,B_arrival,FROZEN,77,,,,115.77668638108773,118.5640131846073
sustained_5,B_arrival,FROZEN,78,,,,117.61136559409245,120.42040851567094
sustained_5,B_arrival,FROZEN,79,,,,119.94580921900199,122.2768038467346
sustained_5,B_arrival,FROZEN,80,,,,121.6605953332126,124.13319917779822
sustained_5,B_arrival,FROZEN,81,,,,123.16621774673804,125.95909081425484
sustained_5,B_arrival,FROZEN,82,,,,124.74927497614445,127.81548614531846
sustained_5,B_arrival,FROZEN,83,,,,126.24609162010326,129.6718814763821
sustained_5,B_arrival,FROZEN,84,,,,127.47459168154633,131.52827680744574
sustained_5,B_arrival,FROZEN,85,,,,129.0772626422583,133.35416844390235
sustained_5,B_arrival,FROZEN,86,,,,131.30845263076827,135.210563774966
sustained_5,B_arrival,FROZEN,87,,,,132.50849093226054,137.06695910602963
sustained_5,B_arrival,FROZEN,88,,,,133.94745195594408,138.92335443709325
sustained_5,B_arrival,FROZEN,89,,,,135.69819788157932,140.74924607354987
sustained_5,B_arrival,FROZEN,90,,,,137.26007997796424,142.60564140461352
sustained_5,B_arrival,FROZEN,91,,,,138.38121287501465,144.46203673567715
sustained_5,B_arrival,FROZEN,92,,,,140.05188105902047,146.3184320667408
sustained_5,B_arrival,FROZEN,93,,,,142.29229699232434,148.1443237031974
sustained_5,B_arrival,FROZEN,94,,,,143.5509992783204,150.00071903426104
sustained_5,B_arrival,FROZEN,95,,,,145.1422940306069,151.85711436532466
sustained_5,B_arrival,FROZEN,96,,,,147.0132361134437,153.71350969638831
sustained_5,B_arrival,FROZEN,97,,,,148.7269530855827,155.5394013328449
sustained_5,B_arrival,FROZEN,98,,,,150.38958588996817,157.39579666390856
sustained_5,B_arrival,FROZEN,99,,,,152.12447654771645,159.25219199497218
sustained_5,B_arrival,FROZEN,100,,,,154.5385877483949,161.10858732603583
sustained_5,B_arrival,FROZEN,101,,,,156.82238418204875,162.93447896249242
sustained_5,B_arrival,FROZEN,102,,,,158.49264087745087,164.79087429355607
sustained_5,B_arrival,FROZEN,103,,,,159.85799287623516,166.6472696246197
sustained_5,B_arrival,FROZEN,104,,,,161.39864506963846,168.50366495568335
sustained_5,B_arrival,FROZEN,105,,,,163.28144301079166,170.32955659213997
sustained_5,B_arrival,FROZEN,106,,,,165.23572896827787,172.1859519232036
sustained_5,B_arrival,FROZEN,107,,,,166.87889785099406,174.04234725426724
sustained_5,B_arrival,FROZEN,108,,,,168.53609916969572,175.89874258533087
sustained_5,B_arrival,FROZEN,109,,,,171.05289437829288,177.72463422178748
sustained_5,B_arrival,FROZEN,110,,,,172.68197486758564,179.58102955285113
sustained_5,B_arrival,FROZEN,111,,,,174.1040213576681,181.43742488391476
sustained_5,B_arrival,FROZEN,112,,,,175.80204662100178,183.29382021497838
sustained_5,B_arrival,FROZEN,113,,,,176.9096046955296,184.48331756974943
sustained_5,B_arrival,FROZEN,114,,,,177.90110325349522,185.65729069352062
sustained_5,B_arrival,FROZEN,115,,,,178.89016235300988,186.8312638172918
sustained_5,B_arrival,FROZEN,116,,,,179.87794300947036,188.005236941063
sustained_5,B_arrival,FROZEN,117,,,,181.19037373554113,189.1792100648342
sustained_5,B_arrival,FROZEN,118,,,,182.24426073400835,190.35318318860539
sustained_5,B_arrival,FROZEN,119,,,,183.31695944745326,191.52715631237658
sustained_5,B_arrival,FROZEN,120,,,,184.49115907570086,192.70112943614777
sustained_5,B_arrival,JOINT,35.83669938,30.7,30.741571201909984,0.04157120190998498,,
sustained_5,B_arrival,JOINT,38.40669938,30.7,30.99557593613688,0.29557593613688127,,
sustained_5,B_arrival,JOINT,41.01169938,31.5,31.19251155167886,-0.3074884483211413,,
sustained_5,B_arrival,JOINT,43.72169938,31.5,31.39257582745445,-0.10742417254554937,,
sustained_5,B_arrival,JOINT,46.23169938,31.5,31.54622250920802,0.046222509208021734,,
sustained_5,B_arrival,JOINT,48.78669938,31.5,31.681898846072574,0.18189884607257412,,
sustained_5,B_arrival,JOINT,51.40169938,32.5,31.778138078642314,-0.7218619213576858,,
sustained_5,B_arrival,JOINT,54.24169938,32.5,31.896804724373876,-0.6031952756261241,,
sustained_5,B_arrival,JOINT,56.85669938,32.5,31.980229418869264,-0.5197705811307358,,
sustained_5,B_arrival,JOINT,59.35669938,32.5,32.03618780546198,-0.463812194538022,,
sustained_5,B_arrival,JOINT,61.92169938,32.8,32.09373074309114,-0.706269256908854,,
sustained_5,B_arrival,JOINT,64.77169938,32.8,32.16253535169943,-0.6374646483005648,,
sustained_5,B_arrival,JOINT,67.36169938,32.8,32.19118618298894,-0.608813817011054,,
sustained_5,B_arrival,JOINT,69.96669938,32.8,32.22822480532683,-0.5717751946731653,,
sustained_5,B_arrival,JOINT,72.61169938,32.9,32.26684389527331,-0.6331561047266874,,
sustained_5,B_arrival,JOINT,75.59169938,32.9,32.28935445924009,-0.6106455407599114,,
sustained_5,B_arrival,JOINT,78.21669938,32.9,32.3179394417418,-0.582060558258199,,
sustained_5,B_arrival,JOINT,80.78669938,33.1,32.34109549108541,-0.7589045089145898,,
sustained_5,B_arrival,JOINT,83.34669938,33.1,32.34396065136439,-0.7560393486356105,,
sustained_5,B_arrival,JOINT,86.18669938,33.1,32.3643719782261,-0.7356280217738984,,
sustained_5,B_arrival,JOINT,88.82169938,33.1,32.38259284187973,-0.7174071581202739,,
sustained_5,B_arrival,JOINT,91.50669938,33.2,32.376204972197684,-0.8237950278023192,,
sustained_5,B_arrival,JOINT,94.20169938,33.2,32.39333774612528,-0.8066622538747197,,
sustained_5,B_arrival,JOINT,96.62169938,33.2,32.400016394700025,-0.7999836052999783,,
sustained_5,B_arrival,JOINT,98.93169938,33.2,32.40219934080663,-0.7978006591933706,,
sustained_5,B_arrival,JOINT,101.51669938,33.3,32.412590349129175,-0.887409650870822,,
sustained_5,B_arrival,JOINT,104.20669938,33.3,32.400894754301525,-0.8991052456984718,,
sustained_5,B_arrival,JOINT,107.06669938,33.3,32.41879780982129,-0.8812021901787048,,
sustained_5,B_arrival,JOINT,109.74669938,33.3,32.412934571993574,-0.887065428006423,,
sustained_5,B_arrival,JOINT,112.36169938,33.4,32.38903461440002,-1.010965385599981,,
sustained_5,B_arrival,JOINT,114.70669938,33.4,32.13864474861385,-1.2613552513861492,,
sustained_5,B_arrival,JOINT,117.68669938,33.4,31.867286110604066,-1.5327138893959322,,
sustained_5,B_arrival,JOINT,120.40669938,32.2,31.658570432507357,-0.5414295674926457,,
sustained_5,B_arrival,JOINT,122.82169938,32.2,31.499744049639805,-0.7002559503601979,,
sustained_5,B_arrival,JOINT,125.42169938,32.2,31.35260429709062,-0.8473957029093846,,
sustained_5,B_arrival,JOINT,128.11169938,32.2,31.222690001513378,-0.9773099984866249,,
sustained_5,B_arrival,JOINT,130.77669938,31.6,31.113074445613233,-0.48692555438676877,,
sustained_5,B_arrival,JOINT,133.39169938,31.6,31.021263617903823,-0.578736382096178,,
sustained_5,B_arrival,JOINT,135.70169938,31.6,30.951306671177413,-0.6486933288225885,,
sustained_5,B_arrival,JOINT,138.67169938,31.6,30.874484726965875,-0.7255152730341266,,
sustained_5,B_arrival,JOINT,141.40169938,31.4,30.81496896833362,-0.5850310316663787,,
sustained_5,B_arrival,JOINT,144.06669938,31.4,30.76554307813693,-0.6344569218630696,,
sustained_5,B_arrival,JOINT,146.74169938,31.4,30.723264169935067,-0.6767358300649313,,
sustained_5,B_arrival,JOINT,149.30669938,31.4,30.68861416608893,-0.7113858339110699,,
sustained_5,B_arrival,JOINT,151.96669938,31.4,30.657882053495413,-0.7421179465045853,,
sustained_5,B_arrival,JOINT,154.59669938,31.4,30.631946881466156,-0.7680531185338424,,
sustained_5,B_arrival,JOINT,157.29169938,31.4,30.60928430092904,-0.7907156990709581,,
sustained_5,B_arrival,JOINT,159.88169938,31.4,30.590691413169477,-0.8093085868305216,,
sustained_5,B_arrival,JOINT,162.59669938,31.3,30.574059134162866,-0.7259408658371349,,
sustained_5,B_arrival,JOINT,165.05169938,31.3,30.56117629565294,-0.7388237043470625,,
sustained_5,B_arrival,JOINT,167.75669938,31.3,30.549008079109708,-0.7509919208902929,,
sustained_5,B_arrival,JOINT,170.28169938,31.2,30.53929425500268,-0.660705744997319,,
sustained_5,B_arrival,JOINT,172.91169938,31.2,30.530619701904058,-0.6693802980959411,,
sustained_5,B_arrival,JOINT,175.55669938,31.2,30.52316690296601,-0.6768330970339882,,
sustained_5,B_arrival,JOINT,177.86669938,31.2,30.517554209526914,-0.6824457904730856,,
sustained_5,B_arrival,JOINT,0,,,,0.0,0.0
sustained_5,B_arrival,JOINT,1,,,,1.3261050344920984,1.173973123771188
sustained_5,B_arrival,JOINT,2,,,,2.5876240116027267,2.347946247542376
sustained_5,B_arrival,JOINT,3,,,,3.8774563057955294,3.5219193713135635
sustained_5,B_arrival,JOINT,4,,,,5.271072430860048,4.695892495084752
sustained_5,B_arrival,JOINT,5,,,,6.591289065225052,5.86986561885594
sustained_5,B_arrival,JOINT,6,,,,7.681125704288433,7.043838742627127
sustained_5,B_arrival,JOINT,7,,,,8.642742909299843,8.217811866398316
sustained_5,B_arrival,JOINT,8,,,,9.603273886782613,9.391784990169503
sustained_5,B_arrival,JOINT,9,,,,10.565708954752687,10.56575811394069
sustained_5,B_arrival,JOINT,10,,,,11.32843216029958,11.73973123771188
sustained_5,B_arrival,JOINT,11,,,,12.354127142793958,12.913704361483067
sustained_5,B_arrival,JOINT,12,,,,13.479808558307077,14.087677485254254
sustained_5,B_arrival,JOINT,13,,,,14.436409609173225,15.261650609025443
sustained_5,B_arrival,JOINT,14,,,,15.402384802174035,16.435623732796632
sustained_5,B_arrival,JOINT,15,,,,16.397607277630883,17.60959685656782
sustained_5,B_arrival,JOINT,16,,,,17.336743785131453,18.783569980339006
sustained_5,B_arrival,JOINT,17,,,,18.73803198226626,19.957543104110194
sustained_5,B_arrival,JOINT,18,,,,20.241603549652645,21.13151622788138
sustained_5,B_arrival,JOINT,19,,,,21.430995777212217,22.30548935165257
sustained_5,B_arrival,JOINT,20,,,,23.340425854915548,23.47946247542376
sustained_5,B_arrival,JOINT,21,,,,24.483863887118403,24.653435599194946
sustained_5,B_arrival,JOINT,22,,,,25.53114074697447,25.827408722966133
sustained_5,B_arrival,JOINT,23,,,,26.768481840921954,27.00138184673732
sustained_5,B_arrival,JOINT,24,,,,28.288648540358217,28.175354970508508
sustained_5,B_arrival,JOINT,25,,,,30.08174751227368,29.3493280942797
sustained_5,B_arrival,JOINT,26,,,,31.669854817646304,30.523301218050886
sustained_5,B_arrival,JOINT,27,,,,32.8075018462659,31.697274341822073
sustained_5,B_arrival,JOINT,28,,,,33.86198019864726,32.871247465593264
sustained_5,B_arrival,JOINT,29,,,,34.82356027374777,34.04522058936445
sustained_5,B_arrival,JOINT,30,,,,35.86312018657285,35.21919371313564
sustained_5,B_arrival,JOINT,31,,,,36.88729074238903,36.39316683690682
sustained_5,B_arrival,JOINT,32,,,,38.03562390193801,37.56713996067801
sustained_5,B_arrival,JOINT,33,,,,39.0718939149489,38.7411130844492
sustained_5,B_arrival,JOINT,34,,,,40.08452394510202,39.91508620822039
sustained_5,B_arrival,JOINT,35,,,,41.50513367500813,41.08905933199158
sustained_5,B_arrival,JOINT,36,,,,43.60275302573351,42.78323528223871
sustained_5,B_arrival,JOINT,37,,,,45.277697940214566,44.60031306096012
sustained_5,B_arrival,JOINT,38,,,,47.03403867091206,46.45283513165161
sustained_5,B_arrival,JOINT,39,,,,48.620873200738004,48.30535720234309
sustained_5,B_arrival,JOINT,40,,,,50.31420412344906,50.15787927303458
sustained_5,B_arrival,JOINT,41,,,,51.94820620385081,51.974957051755986
sustained_5,B_arrival,JOINT,42,,,,53.71704812901001,53.82747912244748
sustained_5,B_arrival,JOINT,43,,,,55.53311409154844,55.68000119313896
sustained_5,B_arrival,JOINT,44,,,,57.4293703962442,57.53252326383045
sustained_5,B_arrival,JOINT,45,,,,59.42249117274613,59.34960104255186
sustained_5,B_arrival,JOINT,46,,,,61.02879792943887,61.202123113243346
sustained_5,B_arrival,JOINT,47,,,,62.62569043178669,63.05464518393484
sustained_5,B_arrival,JOINT,48,,,,64.18634997266626,64.90716725462632
sustained_5,B_arrival,JOINT,49,,,,65.88210730208387,66.72424503334773
sustained_5,B_arrival,JOINT,50,,,,67.59779980118078,68.57676710403922
sustained_5,B_arrival,JOINT,51,,,,69.26729280274664,70.4292891747307
sustained_5,B_arrival,JOINT,52,,,,70.83002187354496,72.28181124542219
sustained_5,B_arrival,JOINT,53,,,,72.32372107084231,74.0988890241436
sustained_5,B_arrival,JOINT,54,,,,73.72781459306626,75.9514110948351
sustained_5,B_arrival,JOINT,55,,,,75.81762648796658,77.80393316552657
sustained_5,B_arrival,JOINT,56,,,,77.75272043346119,79.65645523621806
sustained_5,B_arrival,JOINT,57,,,,79.3253647529504,81.47353301493946
sustained_5,B_arrival,JOINT,58,,,,81.45931497970587,83.32605508563095
sustained_5,B_arrival,JOINT,59,,,,83.82965523487364,85.17857715632245
sustained_5,B_arrival,JOINT,60,,,,85.72409677216459,87.03109922701394
sustained_5,B_arrival,JOINT,61,,,,87.29250537476034,88.84817700573535
sustained_5,B_arrival,JOINT,62,,,,88.87696874256197,90.70069907642683
sustained_5,B_arrival,JOINT,63,,,,91.18868784213525,92.55322114711831
sustained_5,B_arrival,JOINT,64,,,,93.03307043624397,94.4057432178098
sustained_5,B_arrival,JOINT,65,,,,94.63940604661165,96.22282099653121
sustained_5,B_arrival,JOINT,66,,,,96.59431726793707,98.0753430672227
sustained_5,B_arrival,JOINT,67,,,,98.53964420170276,99.92786513791418
sustained_5,B_arrival,JOINT,68,,,,100.27963604337906,101.78038720860567
sustained_5,B_arrival,JOINT,69,,,,102.0915538339887,103.59746498732707
sustained_5,B_arrival,JOINT,70,,,,103.76741023763985,105.44998705801856
sustained_5,B_arrival,JOINT,71,,,,105.37533950081149,107.30250912871006
sustained_5,B_arrival,JOINT,72,,,,107.26890907746665,109.15503119940153
sustained_5,B_arrival,JOINT,73,,,,109.11712930649702,110.97210897812295
sustained_5,B_arrival,JOINT,74,,,,111.20592568682727,112.82463104881444
sustained_5,B_arrival,JOINT,75,,,,112.84428354997961,114.67715311950593
sustained_5,B_arrival,JOINT,76,,,,114.39001818272816,116.52967519019741
sustained_5,B_arrival,JOINT,77,,,,115.77668638108773,118.3467529689188
sustained_5,B_arrival,JOINT,78,,,,117.61136559409245,120.1992750396103
sustained_5,B_arrival,JOINT,79,,,,119.94580921900199,122.05179711030179
sustained_5,B_arrival,JOINT,80,,,,121.6605953332126,123.90431918099328
sustained_5,B_arrival,JOINT,81,,,,123.16621774673804,125.72139695971468
sustained_5,B_arrival,JOINT,82,,,,124.74927497614445,127.57391903040616
sustained_5,B_arrival,JOINT,83,,,,126.24609162010326,129.42644110109765
sustained_5,B_arrival,JOINT,84,,,,127.47459168154633,131.27896317178914
sustained_5,B_arrival,JOINT,85,,,,129.0772626422583,133.09604095051054
sustained_5,B_arrival,JOINT,86,,,,131.30845263076827,134.94856302120203
sustained_5,B_arrival,JOINT,87,,,,132.50849093226054,136.80108509189353
sustained_5,B_arrival,JOINT,88,,,,133.94745195594408,138.65360716258502
sustained_5,B_arrival,JOINT,89,,,,135.69819788157932,140.47068494130642
sustained_5,B_arrival,JOINT,90,,,,137.26007997796424,142.3232070119979
sustained_5,B_arrival,JOINT,91,,,,138.38121287501465,144.1757290826894
sustained_5,B_arrival,JOINT,92,,,,140.05188105902047,146.0282511533809
sustained_5,B_arrival,JOINT,93,,,,142.29229699232434,147.8453289321023
sustained_5,B_arrival,JOINT,94,,,,143.5509992783204,149.69785100279378
sustained_5,B_arrival,JOINT,95,,,,145.1422940306069,151.55037307348528
sustained_5,B_arrival,JOINT,96,,,,147.0132361134437,153.40289514417674
sustained_5,B_arrival,JOINT,97,,,,148.7269530855827,155.21997292289814
sustained_5,B_arrival,JOINT,98,,,,150.38958588996817,157.07249499358963
sustained_5,B_arrival,JOINT,99,,,,152.12447654771645,158.92501706428112
sustained_5,B_arrival,JOINT,100,,,,154.5385877483949,160.7775391349726
sustained_5,B_arrival,JOINT,101,,,,156.82238418204875,162.594616913694
sustained_5,B_arrival,JOINT,102,,,,158.49264087745087,164.4471389843855
sustained_5,B_arrival,JOINT,103,,,,159.85799287623516,166.299661055077
sustained_5,B_arrival,JOINT,104,,,,161.39864506963846,168.1521831257685
sustained_5,B_arrival,JOINT,105,,,,163.28144301079166,169.9692609044899
sustained_5,B_arrival,JOINT,106,,,,165.23572896827787,171.82178297518138
sustained_5,B_arrival,JOINT,107,,,,166.87889785099406,173.67430504587287
sustained_5,B_arrival,JOINT,108,,,,168.53609916969572,175.52682711656433
sustained_5,B_arrival,JOINT,109,,,,171.05289437829288,177.34390489528576
sustained_5,B_arrival,JOINT,110,,,,172.68197486758564,179.19642696597725
sustained_5,B_arrival,JOINT,111,,,,174.1040213576681,181.04894903666874
sustained_5,B_arrival,JOINT,112,,,,175.80204662100178,182.90147110736024
sustained_5,B_arrival,JOINT,113,,,,176.9096046955296,184.0909917037977
sustained_5,B_arrival,JOINT,114,,,,177.90110325349522,185.26496482756886
sustained_5,B_arrival,JOINT,115,,,,178.89016235300988,186.43893795134005
sustained_5,B_arrival,JOINT,116,,,,179.87794300947036,187.61291107511124
sustained_5,B_arrival,JOINT,117,,,,181.19037373554113,188.78688419888243
sustained_5,B_arrival,JOINT,118,,,,182.24426073400835,189.96085732265362
sustained_5,B_arrival,JOINT,119,,,,183.31695944745326,191.13483044642481
sustained_5,B_arrival,JOINT,120,,,,184.49115907570086,192.308803570196
sustained_6,A_conditional,FROZEN,36.246375284,30.8,30.801517935836497,0.001517935836496065,,
sustained_6,A_conditional,FROZEN,38.781375284,30.8,31.050934143728387,0.2509341437283865,,
sustained_6,A_conditional,FROZEN,41.451375284,30.8,31.284269587296244,0.48426958729624303,,
sustained_6,A_conditional,FROZEN,43.846375284,30.8,31.467522723333936,0.6675227233339349,,
sustained_6,A_conditional,FROZEN,46.361375284,32.1,31.64458637003918,-0.45541362996082313,,
sustained_6,A_conditional,FROZEN,48.931375284,32.1,31.799177161450107,-0.30082283854989456,,
sustained_6,A_conditional,FROZEN,51.546375284,32.1,31.940647673792693,-0.15935232620730844,,
sustained_6,A_conditional,FROZEN,54.416375284,32.7,32.09538666756593,-0.6046133324340701,,
sustained_6,A_conditional,FROZEN,57.046375284,32.7,32.194597372906145,-0.5054026270938579,,
sustained_6,A_conditional,FROZEN,59.671375284,32.7,32.30177512237092,-0.3982248776290831,,
sustained_6,A_conditional,FROZEN,62.326375284,32.7,32.401940756295716,-0.29805924370428727,,
sustained_6,A_conditional,FROZEN,64.891375284,32.9,32.48155501591327,-0.4184449840867259,,
sustained_6,A_conditional,FROZEN,67.466375284,32.9,32.541949805020415,-0.3580501949795831,,
sustained_6,A_conditional,FROZEN,69.991375284,32.9,32.609447354268596,-0.2905526457314025,,
sustained_6,A_conditional,FROZEN,72.581375284,32.9,32.67401709036308,-0.2259829096369188,,
sustained_6,A_conditional,FROZEN,75.556375284,33.1,32.72586096219024,-0.374139037809762,,
sustained_6,A_conditional,FROZEN,78.146375284,33.1,32.774968525930944,-0.32503147406905697,,
sustained_6,A_conditional,FROZEN,80.756375284,33.1,32.82215538023308,-0.277844619766924,,
sustained_6,A_conditional,FROZEN,83.306375284,33.1,32.85473831866909,-0.2452616813309092,,
sustained_6,A_conditional,FROZEN,85.716375284,33.2,32.89203473582746,-0.30796526417254455,,
sustained_6,A_conditional,FROZEN,88.286375284,33.2,32.911177899654575,-0.28882210034542766,,
sustained_6,A_conditional,FROZEN,90.821375284,33.2,32.940190242956,-0.2598097570440032,,
sustained_6,A_conditional,FROZEN,93.361375284,33.2,32.96921122604978,-0.23078877395022346,,
sustained_6,A_conditional,FROZEN,96.146375284,33.3,32.98643541317058,-0.3135645868294148,,
sustained_6,A_conditional,FROZEN,98.696375284,33.3,32.99879220703796,-0.3012077929620389,,
sustained_6,A_conditional,FROZEN,101.246375284,33.3,33.0193559440098,-0.2806440559901944,,
sustained_6,A_conditional,FROZEN,103.711375284,33.3,33.034817669493975,-0.2651823305060219,,
sustained_6,A_conditional,FROZEN,106.391375284,33.4,33.05481025159618,-0.34518974840381844,,
sustained_6,A_conditional,FROZEN,108.946375284,33.4,33.059237266972204,-0.3407627330277947,,
sustained_6,A_conditional,FROZEN,111.546375284,33.4,33.067208301264756,-0.3327916987352424,,
sustained_6,A_conditional,FROZEN,114.141375284,33.2,32.89057910705833,-0.30942089294167374,,
sustained_6,A_conditional,FROZEN,116.986375284,33.2,32.660107425910574,-0.5398925740894285,,
sustained_6,A_conditional,FROZEN,119.651375284,33.2,32.46999927945871,-0.7300007205412911,,
sustained_6,A_conditional,FROZEN,122.366375284,33.2,32.29892525538174,-0.9010747446182634,,
sustained_6,A_conditional,FROZEN,125.036375284,32.0,32.150346034627,0.15034603462699891,,
sustained_6,A_conditional,FROZEN,127.541375284,32.0,32.02664890733365,0.02664890733365155,,
sustained_6,A_conditional,FROZEN,130.151375284,32.0,31.912112346761514,-0.0878876532384858,,
sustained_6,A_conditional,FROZEN,132.501375284,32.0,31.82015244330969,-0.1798475566903086,,
sustained_6,A_conditional,FROZEN,135.126375284,31.6,31.728566090418358,0.12856609041835654,,
sustained_6,A_conditional,FROZEN,137.976375284,31.6,31.640928815252234,0.04092881525223291,,
sustained_6,A_conditional,FROZEN,140.451375284,31.6,31.573641779732046,-0.02635822026795509,,
sustained_6,A_conditional,FROZEN,142.996375284,31.6,31.512025375538922,-0.08797462446107929,,
sustained_6,A_conditional,FROZEN,145.331375284,31.5,31.461525526083854,-0.038474473916146223,,
sustained_6,A_conditional,FROZEN,147.971375284,31.5,31.410623274691616,-0.0893767253083837,,
sustained_6,A_conditional,FROZEN,150.386375284,31.5,31.36919808501656,-0.13080191498344007,,
sustained_6,A_conditional,FROZEN,153.081375284,31.5,31.328115607895366,-0.17188439210463358,,
sustained_6,A_conditional,FROZEN,155.856375284,31.4,31.29083817096656,-0.10916182903343952,,
sustained_6,A_conditional,FROZEN,158.476375284,31.4,31.25977395683601,-0.14022604316398812,,
sustained_6,A_conditional,FROZEN,160.941375284,31.4,31.23379298680964,-0.16620701319035902,,
sustained_6,A_conditional,FROZEN,163.626375284,31.4,31.20867003776352,-0.1913299622364768,,
sustained_6,A_conditional,FROZEN,166.356375284,31.3,31.186134647810587,-0.11386535218941418,,
sustained_6,A_conditional,FROZEN,169.056375284,31.3,31.166480211655635,-0.1335197883443655,,
sustained_6,A_conditional,FROZEN,171.536375284,31.3,31.150469739081288,-0.1495302609187128,,
sustained_6,A_conditional,FROZEN,173.951375284,31.2,31.136550679054476,-0.06344932094552291,,
sustained_6,A_conditional,FROZEN,176.626375284,31.2,31.122846781720796,-0.07715321827920363,,
sustained_6,A_conditional,FROZEN,179.416375284,31.2,31.110253636821263,-0.08974636317873674,,
sustained_6,A_conditional,FROZEN,0,,,,0.0,0.0
sustained_6,A_conditional,FROZEN,1,,,,0.9476115714169587,1.1053643898424788
sustained_6,A_conditional,FROZEN,2,,,,1.9717402000451107,2.2107287796849575
sustained_6,A_conditional,FROZEN,3,,,,3.011225841285353,3.316093169527436
sustained_6,A_conditional,FROZEN,4,,,,4.118057537208854,4.421457559369915
sustained_6,A_conditional,FROZEN,5,,,,5.342608528410176,5.526821949212394
sustained_6,A_conditional,FROZEN,6,,,,6.156450752332346,6.632186339054872
sustained_6,A_conditional,FROZEN,7,,,,6.9390837072349045,7.737550728897351
sustained_6,A_conditional,FROZEN,8,,,,7.8781904483189,8.84291511873983
sustained_6,A_conditional,FROZEN,9,,,,8.823349917798783,9.948279508582308
sustained_6,A_conditional,FROZEN,10,,,,9.896719145060905,11.053643898424788
sustained_6,A_conditional,FROZEN,11,,,,11.203128005886244,12.159008288267266
sustained_6,A_conditional,FROZEN,12,,,,12.285874233171878,13.264372678109744
sustained_6,A_conditional,FROZEN,13,,,,13.273994421196084,14.369737067952224
sustained_6,A_conditional,FROZEN,14,,,,14.458243666426553,15.475101457794702
sustained_6,A_conditional,FROZEN,15,,,,15.777911931399617,16.580465847637182
sustained_6,A_conditional,FROZEN,16,,,,16.70516257469223,17.68583023747966
sustained_6,A_conditional,FROZEN,17,,,,17.683993299278193,18.791194627322138
sustained_6,A_conditional,FROZEN,18,,,,19.420777877025788,19.896559017164616
sustained_6,A_conditional,FROZEN,19,,,,20.62689454792353,21.001923407007098
sustained_6,A_conditional,FROZEN,20,,,,21.658780031033434,22.107287796849576
sustained_6,A_conditional,FROZEN,21,,,,22.935524710288334,23.212652186692054
sustained_6,A_conditional,FROZEN,22,,,,23.998146436275004,24.318016576534532
sustained_6,A_conditional,FROZEN,23,,,,24.979189794036284,25.42338096637701
sustained_6,A_conditional,FROZEN,24,,,,26.180706705330575,26.52874535621949
sustained_6,A_conditional,FROZEN,25,,,,27.523944566638,27.63410974606197
sustained_6,A_conditional,FROZEN,26,,,,28.79409030365664,28.739474135904448
sustained_6,A_conditional,FROZEN,27,,,,29.89367534949156,29.844838525746926
sustained_6,A_conditional,FROZEN,28,,,,30.898605894734242,30.950202915589404
sustained_6,A_conditional,FROZEN,29,,,,31.657217765494973,32.055567305431886
sustained_6,A_conditional,FROZEN,30,,,,32.57063108224457,33.160931695274364
sustained_6,A_conditional,FROZEN,31,,,,33.54117836076262,34.26629608511684
sustained_6,A_conditional,FROZEN,32,,,,34.46953813663599,35.37166047495932
sustained_6,A_conditional,FROZEN,33,,,,35.90392120814549,36.4770248648018
sustained_6,A_conditional,FROZEN,34,,,,37.549754758500356,37.582389254644276
sustained_6,A_conditional,FROZEN,35,,,,38.60634660476963,38.687753644486754
sustained_6,A_conditional,FROZEN,36,,,,39.93391600148334,40.3195214879679
sustained_6,A_conditional,FROZEN,37,,,,41.526864407725775,42.08695792135067
sustained_6,A_conditional,FROZEN,38,,,,43.58816948634036,43.8750119537534
sustained_6,A_conditional,FROZEN,39,,,,45.14146443806719,45.666461046352076
sustained_6,A_conditional,FROZEN,40,,,,46.69279703386192,47.45427697282257
sustained_6,A_conditional,FROZEN,41,,,,48.53157331856785,49.21787875868607
sustained_6,A_conditional,FROZEN,42,,,,50.27269837567002,50.99565034711385
sustained_6,A_conditional,FROZEN,43,,,,51.71540267845187,52.786729559994676
sustained_6,A_conditional,FROZEN,44,,,,53.345689079442614,54.58050845674837
sustained_6,A_conditional,FROZEN,45,,,,55.40652176393944,56.338499487574126
sustained_6,A_conditional,FROZEN,46,,,,57.128882776216265,58.121301012256524
sustained_6,A_conditional,FROZEN,47,,,,58.71958738175832,59.915734611675184
sustained_6,A_conditional,FROZEN,48,,,,60.629244905284345,61.706139633621454
sustained_6,A_conditional,FROZEN,49,,,,62.62983228102446,63.46891419574867
sustained_6,A_conditional,FROZEN,50,,,,65.11510642507682,65.24689349160685
sustained_6,A_conditional,FROZEN,51,,,,66.83558708647872,67.03932717702999
sustained_6,A_conditional,FROZEN,52,,,,69.00249369601427,68.83262429425125
sustained_6,A_conditional,FROZEN,53,,,,70.89607305783422,70.60549463609436
sustained_6,A_conditional,FROZEN,54,,,,72.39206763077382,72.39439871570045
sustained_6,A_conditional,FROZEN,55,,,,73.807012616676,74.18299567553103
sustained_6,A_conditional,FROZEN,56,,,,75.68672415276326,75.95919373881688
sustained_6,A_conditional,FROZEN,57,,,,78.21397580338876,77.72915673898899
sustained_6,A_conditional,FROZEN,58,,,,79.93674156214972,79.50885057626374
sustained_6,A_conditional,FROZEN,59,,,,81.85181168916617,81.29597004979108
sustained_6,A_conditional,FROZEN,60,,,,83.4461607541146,83.07476986204142
sustained_6,A_conditional,FROZEN,61,,,,84.95090906202746,84.8399657950919
sustained_6,A_conditional,FROZEN,62,,,,86.4945000941484,86.62370533895555
sustained_6,A_conditional,FROZEN,63,,,,88.14772819427151,88.41240964388585
sustained_6,A_conditional,FROZEN,64,,,,90.23498731356997,90.20517080289792
sustained_6,A_conditional,FROZEN,65,,,,92.37681828998888,91.97632325888868
sustained_6,A_conditional,FROZEN,66,,,,94.89526322299628,93.75379492927794
sustained_6,A_conditional,FROZEN,67,,,,96.44568247542738,95.54758889948926
sustained_6,A_conditional,FROZEN,68,,,,97.96746966446466,97.32227874349589
sustained_6,A_conditional,FROZEN,69,,,,99.45762569548985,99.09527560789863
sustained_6,A_conditional,FROZEN,70,,,,100.99105069792748,100.87245218993827
sustained_6,A_conditional,FROZEN,71,,,,102.86869747329237,102.66393459816196
sustained_6,A_conditional,FROZEN,72,,,,105.15243382137751,104.45666243322925
sustained_6,A_conditional,FROZEN,73,,,,107.59359684545609,106.23038188635597
sustained_6,A_conditional,FROZEN,74,,,,109.26237456036324,108.01380664650291
sustained_6,A_conditional,FROZEN,75,,,,110.93646867932107,109.79789577894944
sustained_6,A_conditional,FROZEN,76,,,,112.74697982734187,111.59052864691029
sustained_6,A_conditional,FROZEN,77,,,,114.88459886275295,113.35632009276782
sustained_6,A_conditional,FROZEN,78,,,,116.78776819345018,115.14260447566036
sustained_6,A_conditional,FROZEN,79,,,,118.82831327298014,116.93598040471855
sustained_6,A_conditional,FROZEN,80,,,,120.70328505250424,118.72858411547207
sustained_6,A_conditional,FROZEN,81,,,,122.22946479793369,120.49943500451799
sustained_6,A_conditional,FROZEN,82,,,,124.49117406537299,122.28012020810839
sustained_6,A_conditional,FROZEN,83,,,,126.08528716531778,124.07252161537613
sustained_6,A_conditional,FROZEN,84,,,,128.04113866673623,125.8574251289939
sustained_6,A_conditional,FROZEN,85,,,,130.130067757595,127.62016044728738
sustained_6,A_conditional,FROZEN,86,,,,132.78729213390739,129.40919392919884
sustained_6,A_conditional,FROZEN,87,,,,134.93107529456378,131.20328836857257
sustained_6,A_conditional,FROZEN,88,,,,136.70659000267193,132.99809052014348
sustained_6,A_conditional,FROZEN,89,,,,138.05202376881766,134.7620277650887
sustained_6,A_conditional,FROZEN,90,,,,139.64963814331466,136.54818731371714
sustained_6,A_conditional,FROZEN,91,,,,141.54611799235082,138.33260113276353
sustained_6,A_conditional,FROZEN,92,,,,143.58864955978518,140.12741526898617
sustained_6,A_conditional,FROZEN,93,,,,145.78612541620208,141.89611961997167
sustained_6,A_conditional,FROZEN,94,,,,147.54877450335337,143.67330236247435
sustained_6,A_conditional,FROZEN,95,,,,149.40590945185536,145.46642687157734
sustained_6,A_conditional,FROZEN,96,,,,150.82087855556478,147.2609849512818
sustained_6,A_conditional,FROZEN,97,,,,152.4048335304784,149.0085464977425
sustained_6,A_conditional,FROZEN,98,,,,154.12857785336075,150.79792534875298
sustained_6,A_conditional,FROZEN,99,,,,156.18783173876432,152.58915533049168
sustained_6,A_conditional,FROZEN,100,,,,157.9241521152229,154.3818340127827
sustained_6,A_conditional,FROZEN,101,,,,159.59972166834507,156.15408340157427
sustained_6,A_conditional,FROZEN,102,,,,161.90672417767757,157.94294970438898
sustained_6,A_conditional,FROZEN,103,,,,163.7595606245065,159.7353292829748
sustained_6,A_conditional,FROZEN,104,,,,165.2845806988379,161.51917953512137
sustained_6,A_conditional,FROZEN,105,,,,166.80695318575664,163.2741504152413
sustained_6,A_conditional,FROZEN,106,,,,168.32978001818174,165.06440095200094
sustained_6,A_conditional,FROZEN,107,,,,170.46099957567833,166.85875804446488
sustained_6,A_conditional,FROZEN,108,,,,172.4055911382251,168.63909813562086
sustained_6,A_conditional,FROZEN,109,,,,173.95316879283357,170.4052320678073
sustained_6,A_conditional,FROZEN,110,,,,175.56565126815408,172.19175845575538
sustained_6,A_conditional,FROZEN,111,,,,177.21524826237902,173.95627809943588
sustained_6,A_conditional,FROZEN,112,,,,178.7456081175706,175.74904667462195
sustained_6,A_conditional,FROZEN,113,,,,180.1114268099442,176.8794345490304
sustained_6,A_conditional,FROZEN,114,,,,181.49542627533293,177.98479893887287
sustained_6,A_conditional,FROZEN,115,,,,182.5170373355636,179.09016332871536
sustained_6,A_conditional,FROZEN,116,,,,183.5543883950436,180.19552771855786
sustained_6,A_conditional,FROZEN,117,,,,184.48142230996086,181.30089210840032
sustained_6,A_conditional,FROZEN,118,,,,185.18493595598943,182.4062564982428
sustained_6,A_conditional,FROZEN,119,,,,186.11033174994316,183.51162088808528
sustained_6,A_conditional,FROZEN,120,,,,187.53339168334185,184.61698527792777
sustained_6,A_conditional,JOINT,36.246375284,30.8,30.810167449844922,0.01016744984492135,,
sustained_6,A_conditional,JOINT,38.781375284,30.8,31.08847731671352,0.28847731671351795,,
sustained_6,A_conditional,JOINT,41.451375284,30.8,31.339101133539593,0.5391011335395923,,
sustained_6,A_conditional,JOINT,43.846375284,30.8,31.528269868818942,0.7282698688189413,,
sustained_6,A_conditional,JOINT,46.361375284,32.1,31.70528803666332,-0.39471196333668246,,
sustained_6,A_conditional,JOINT,48.931375284,32.1,31.852540892458087,-0.24745910754191414,,
sustained_6,A_conditional,JOINT,51.546375284,32.1,31.982355984713823,-0.11764401528617796,,
sustained_6,A_conditional,JOINT,54.416375284,32.7,32.12369151911531,-0.5763084808846912,,
sustained_6,A_conditional,JOINT,57.046375284,32.7,32.20308268172833,-0.4969173182716702,,
sustained_6,A_conditional,JOINT,59.671375284,32.7,32.29288988868593,-0.4071101113140756,,
sustained_6,A_conditional,JOINT,62.326375284,32.7,32.37514162603755,-0.3248583739624493,,
sustained_6,A_conditional,JOINT,64.891375284,32.9,32.43565151680315,-0.46434848319685074,,
sustained_6,A_conditional,JOINT,67.466375284,32.9,32.47485695477605,-0.4251430452239475,,
sustained_6,A_conditional,JOINT,69.991375284,32.9,32.52480058697429,-0.3751994130257117,,
sustained_6,A_conditional,JOINT,72.581375284,32.9,32.57225633111174,-0.32774366888826023,,
sustained_6,A_conditional,JOINT,75.556375284,33.1,32.602486807340824,-0.49751319265917715,,
sustained_6,A_conditional,JOINT,78.146375284,33.1,32.63552292682616,-0.464477073173839,,
sustained_6,A_conditional,JOINT,80.756375284,33.1,32.667831374832055,-0.43216862516794663,,
sustained_6,A_conditional,JOINT,83.306375284,33.1,32.684991477369095,-0.41500852263090593,,
sustained_6,A_conditional,JOINT,85.716375284,33.2,32.71032277373979,-0.4896772262602127,,
sustained_6,A_conditional,JOINT,88.286375284,33.2,32.71429884396757,-0.4857011560324338,,
sustained_6,A_conditional,JOINT,90.821375284,33.2,32.731638953535736,-0.4683610464642669,,
sustained_6,A_conditional,JOINT,93.361375284,33.2,32.750269872465246,-0.4497301275347567,,
sustained_6,A_conditional,JOINT,96.146375284,33.3,32.75483846177374,-0.5451615382262602,,
sustained_6,A_conditional,JOINT,98.696375284,33.3,32.75631877634134,-0.543681223658659,,
sustained_6,A_conditional,JOINT,101.246375284,33.3,32.76868683896003,-0.531313161039968,,
sustained_6,A_conditional,JOINT,103.711375284,33.3,32.77639270858973,-0.523607291410265,,
sustained_6,A_conditional,JOINT,106.391375284,33.4,32.789583044359944,-0.6104169556400549,,
sustained_6,A_conditional,JOINT,108.946375284,33.4,32.785657899421516,-0.614342100578483,,
sustained_6,A_conditional,JOINT,111.546375284,33.4,32.78661930917075,-0.6133806908292456,,
sustained_6,A_conditional,JOINT,114.141375284,33.2,32.57256387453749,-0.6274361254625163,,
sustained_6,A_conditional,JOINT,116.986375284,33.2,32.30496179297589,-0.8950382070241147,,
sustained_6,A_conditional,JOINT,119.651375284,33.2,32.092627963386924,-1.1073720366130786,,
sustained_6,A_conditional,JOINT,122.366375284,33.2,31.908645312556406,-1.2913546874435973,,
sustained_6,A_conditional,JOINT,125.036375284,32.0,31.754797153911078,-0.2452028460889224,,
sustained_6,A_conditional,JOINT,127.541375284,32.0,31.631300233628654,-0.36869976637134627,,
sustained_6,A_conditional,JOINT,130.151375284,32.0,31.52098911233999,-0.4790108876600101,,
sustained_6,A_conditional,JOINT,132.501375284,32.0,31.435468322377037,-0.5645316776229627,,
sustained_6,A_conditional,JOINT,135.126375284,31.6,31.35322086089017,-0.24677913910983307,,
sustained_6,A_conditional,JOINT,137.976375284,31.6,31.27749247381468,-0.32250752618532275,,
sustained_6,A_conditional,JOINT,140.451375284,31.6,31.221498323333787,-0.3785016766662146,,
sustained_6,A_conditional,JOINT,142.996375284,31.6,31.172005960377795,-0.42799403962220595,,
sustained_6,A_conditional,JOINT,145.331375284,31.5,31.132818656185584,-0.3671813438144156,,
sustained_6,A_conditional,JOINT,147.971375284,31.5,31.094679259158678,-0.4053207408413222,,
sustained_6,A_conditional,JOINT,150.386375284,31.5,31.064732196486435,-0.43526780351356464,,
sustained_6,A_conditional,JOINT,153.081375284,31.5,31.03608463901483,-0.46391536098516895,,
sustained_6,A_conditional,JOINT,155.856375284,31.4,31.011077165948613,-0.3889228340513853,,
sustained_6,A_conditional,JOINT,158.476375284,31.4,30.991020656692548,-0.40897934330745045,,
sustained_6,A_conditional,JOINT,160.941375284,31.4,30.974841368203997,-0.4251586317960019,,
sustained_6,A_conditional,JOINT,163.626375284,31.4,30.959757360903236,-0.44024263909676264,,
sustained_6,A_conditional,JOINT,166.356375284,31.3,30.946738034120486,-0.35326196587951486,,
sustained_6,A_conditional,JOINT,169.056375284,31.3,30.93581412812336,-0.3641858718766393,,
sustained_6,A_conditional,JOINT,171.536375284,31.3,30.927239100997117,-0.3727608990028841,,
sustained_6,A_conditional,JOINT,173.951375284,31.2,30.920040720067142,-0.2799592799328572,,
sustained_6,A_conditional,JOINT,176.626375284,31.2,30.913206754231048,-0.28679324576895127,,
sustained_6,A_conditional,JOINT,179.416375284,31.2,30.907168039215463,-0.292831960784536,,
sustained_6,A_conditional,JOINT,0,,,,0.0,0.0
sustained_6,A_conditional,JOINT,1,,,,0.9476115714169587,1.1053643898424788
sustained_6,A_conditional,JOINT,2,,,,1.9717402000451107,2.2107287796849575
sustained_6,A_conditional,JOINT,3,,,,3.011225841285353,3.316093169527436
sustained_6,A_conditional,JOINT,4,,,,4.118057537208854,4.421457559369915
sustained_6,A_conditional,JOINT,5,,,,5.342608528410176,5.526821949212394
sustained_6,A_conditional,JOINT,6,,,,6.156450752332346,6.632186339054872
sustained_6,A_conditional,JOINT,7,,,,6.9390837072349045,7.737550728897351
sustained_6,A_conditional,JOINT,8,,,,7.8781904483189,8.84291511873983
sustained_6,A_conditional,JOINT,9,,,,8.823349917798783,9.948279508582308
sustained_6,A_conditional,JOINT,10,,,,9.896719145060905,11.053643898424788
sustained_6,A_conditional,JOINT,11,,,,11.203128005886244,12.159008288267266
sustained_6,A_conditional,JOINT,12,,,,12.285874233171878,13.264372678109744
sustained_6,A_conditional,JOINT,13,,,,13.273994421196084,14.369737067952224
sustained_6,A_conditional,JOINT,14,,,,14.458243666426553,15.475101457794702
sustained_6,A_conditional,JOINT,15,,,,15.777911931399617,16.580465847637182
sustained_6,A_conditional,JOINT,16,,,,16.70516257469223,17.68583023747966
sustained_6,A_conditional,JOINT,17,,,,17.683993299278193,18.791194627322138
sustained_6,A_conditional,JOINT,18,,,,19.420777877025788,19.896559017164616
sustained_6,A_conditional,JOINT,19,,,,20.62689454792353,21.001923407007098
sustained_6,A_conditional,JOINT,20,,,,21.658780031033434,22.107287796849576
sustained_6,A_conditional,JOINT,21,,,,22.935524710288334,23.212652186692054
sustained_6,A_conditional,JOINT,22,,,,23.998146436275004,24.318016576534532
sustained_6,A_conditional,JOINT,23,,,,24.979189794036284,25.42338096637701
sustained_6,A_conditional,JOINT,24,,,,26.180706705330575,26.52874535621949
sustained_6,A_conditional,JOINT,25,,,,27.523944566638,27.63410974606197
sustained_6,A_conditional,JOINT,26,,,,28.79409030365664,28.739474135904448
sustained_6,A_conditional,JOINT,27,,,,29.89367534949156,29.844838525746926
sustained_6,A_conditional,JOINT,28,,,,30.898605894734242,30.950202915589404
sustained_6,A_conditional,JOINT,29,,,,31.657217765494973,32.055567305431886
sustained_6,A_conditional,JOINT,30,,,,32.57063108224457,33.160931695274364
sustained_6,A_conditional,JOINT,31,,,,33.54117836076262,34.26629608511684
sustained_6,A_conditional,JOINT,32,,,,34.46953813663599,35.37166047495932
sustained_6,A_conditional,JOINT,33,,,,35.90392120814549,36.4770248648018
sustained_6,A_conditional,JOINT,34,,,,37.549754758500356,37.582389254644276
sustained_6,A_conditional,JOINT,35,,,,38.60634660476963,38.687753644486754
sustained_6,A_conditional,JOINT,36,,,,39.93391600148334,40.315156360393544
sustained_6,A_conditional,JOINT,37,,,,41.526864407725775,42.07359067025521
sustained_6,A_conditional,JOINT,38,,,,43.58816948634036,43.85714542030076
sustained_6,A_conditional,JOINT,39,,,,45.14146443806719,45.64503339211679
sustained_6,A_conditional,JOINT,40,,,,46.69279703386192,47.42871352945038
sustained_6,A_conditional,JOINT,41,,,,48.53157331856785,49.1826743041056
sustained_6,A_conditional,JOINT,42,,,,50.27269837567002,50.95645373415361
sustained_6,A_conditional,JOINT,43,,,,51.71540267845187,52.74328456392818
sustained_6,A_conditional,JOINT,44,,,,53.345689079442614,54.53305558478048
sustained_6,A_conditional,JOINT,45,,,,55.40652176393944,56.2824743998765
sustained_6,A_conditional,JOINT,46,,,,57.128882776216265,58.06135031436916
sustained_6,A_conditional,JOINT,47,,,,58.71958738175832,59.85199411627749
sustained_6,A_conditional,JOINT,48,,,,60.629244905284345,61.638473033176965
sustained_6,A_conditional,JOINT,49,,,,62.62983228102446,63.39282348086464
sustained_6,A_conditional,JOINT,50,,,,65.11510642507682,65.16681776420073
sustained_6,A_conditional,JOINT,51,,,,66.83558708647872,66.95526293482438
sustained_6,A_conditional,JOINT,52,,,,69.00249369601427,68.74467225945223
sustained_6,A_conditional,JOINT,53,,,,70.89607305783422,70.50933363442311
sustained_6,A_conditional,JOINT,54,,,,72.39206763077382,72.29343416595844
sustained_6,A_conditional,JOINT,55,,,,73.807012616676,74.07826772368766
sustained_6,A_conditional,JOINT,56,,,,75.68672415276326,75.85065429278468
sustained_6,A_conditional,JOINT,57,,,,78.21397580338876,77.61194603178684
sustained_6,A_conditional,JOINT,58,,,,79.93674156214972,79.38749805292142
sustained_6,A_conditional,JOINT,59,,,,81.85181168916617,81.17085402954466
sustained_6,A_conditional,JOINT,60,,,,83.4461607541146,82.94612413414745
sustained_6,A_conditional,JOINT,61,,,,84.95090906202746,84.70286680312101
sustained_6,A_conditional,JOINT,62,,,,86.4945000941484,86.48268721890578
sustained_6,A_conditional,JOINT,63,,,,88.14772819427151,88.2678261114446
sustained_6,A_conditional,JOINT,64,,,,90.23498731356997,90.05661260329273
sustained_6,A_conditional,JOINT,65,,,,92.37681828998888,91.8190877184862
sustained_6,A_conditional,JOINT,66,,,,94.89526322299628,93.5926563564465
sustained_6,A_conditional,JOINT,67,,,,96.44568247542738,95.38252963030642
sustained_6,A_conditional,JOINT,68,,,,97.96746966446466,97.15356050479834
sustained_6,A_conditional,JOINT,69,,,,99.45762569548985,98.91844768863547
sustained_6,A_conditional,JOINT,70,,,,100.99105069792748,100.69136836934858
sustained_6,A_conditional,JOINT,71,,,,102.86869747329237,102.47855189082401
sustained_6,A_conditional,JOINT,72,,,,105.15243382137751,104.26736376001219
sustained_6,A_conditional,JOINT,73,,,,107.59359684545609,106.03287965626058
sustained_6,A_conditional,JOINT,74,,,,109.26237456036324,107.81205835937303
sustained_6,A_conditional,JOINT,75,,,,110.93646867932107,109.59216956620755
sustained_6,A_conditional,JOINT,76,,,,112.74697982734187,111.3807293350229
sustained_6,A_conditional,JOINT,77,,,,114.88459886275295,113.1382812677576
sustained_6,A_conditional,JOINT,78,,,,116.78776819345018,114.9194685771881
sustained_6,A_conditional,JOINT,79,,,,118.82831327298014,116.70896152418042
sustained_6,A_conditional,JOINT,80,,,,120.70328505250424,118.49752452958302
sustained_6,A_conditional,JOINT,81,,,,122.22946479793369,120.25940781334936
sustained_6,A_conditional,JOINT,82,,,,124.49117406537299,122.03632220021993
sustained_6,A_conditional,JOINT,83,,,,126.08528716531778,123.82506976335563
sustained_6,A_conditional,JOINT,84,,,,128.04113866673623,125.60635520805222
sustained_6,A_conditional,JOINT,85,,,,130.130067757595,127.36048511093666
sustained_6,A_conditional,JOINT,86,,,,132.78729213390739,129.1454369097857
sustained_6,A_conditional,JOINT,87,,,,134.93107529456378,130.93576601066283
sustained_6,A_conditional,JOINT,88,,,,136.70659000267193,132.72694087357752
sustained_6,A_conditional,JOINT,89,,,,138.05202376881766,134.48231521513267
sustained_6,A_conditional,JOINT,90,,,,139.64963814331466,136.2646223058434
sustained_6,A_conditional,JOINT,91,,,,141.54611799235082,138.0452028660165
sustained_6,A_conditional,JOINT,92,,,,143.58864955978518,139.83629284306534
sustained_6,A_conditional,JOINT,93,,,,145.78612541620208,141.59621771790427
sustained_6,A_conditional,JOINT,94,,,,147.54877450335337,143.36941396591723
sustained_6,A_conditional,JOINT,95,,,,149.40590945185536,145.1585517145917
sustained_6,A_conditional,JOINT,96,,,,150.82087855556478,146.94941506606978
sustained_6,A_conditional,JOINT,97,,,,152.4048335304784,148.6881527751522
sustained_6,A_conditional,JOINT,98,,,,154.12857785336075,150.47331201129379
sustained_6,A_conditional,JOINT,99,,,,156.18783173876432,152.26017640857913
sustained_6,A_conditional,JOINT,100,,,,157.9241521152229,154.04877608470358
sustained_6,A_conditional,JOINT,101,,,,159.59972166834507,155.81249835187552
sustained_6,A_conditional,JOINT,102,,,,161.90672417767757,157.59679435666766
sustained_6,A_conditional,JOINT,103,,,,163.7595606245065,159.3849325037034
sustained_6,A_conditional,JOINT,104,,,,165.2845806988379,161.16484722495127
sustained_6,A_conditional,JOINT,105,,,,166.80695318575664,162.91100839602234
sustained_6,A_conditional,JOINT,106,,,,168.32978001818174,164.69704254415163
sustained_6,A_conditional,JOINT,107,,,,170.46099957567833,166.48763831273007
sustained_6,A_conditional,JOINT,108,,,,172.4055911382251,168.26433561485607
sustained_6,A_conditional,JOINT,109,,,,173.95316879283357,170.0219199714889
sustained_6,A_conditional,JOINT,110,,,,175.56565126815408,171.80452451635747
sustained_6,A_conditional,JOINT,111,,,,177.21524826237902,173.5659581551243
sustained_6,A_conditional,JOINT,112,,,,178.7456081175706,175.35466453895378
sustained_6,A_conditional,JOINT,113,,,,180.1114268099442,176.48508987656936
sustained_6,A_conditional,JOINT,114,,,,181.49542627533293,177.59045426641183
sustained_6,A_conditional,JOINT,115,,,,182.5170373355636,178.6958186562543
sustained_6,A_conditional,JOINT,116,,,,183.5543883950436,179.8011830460968
sustained_6,A_conditional,JOINT,117,,,,184.48142230996086,180.90654743593927
sustained_6,A_conditional,JOINT,118,,,,185.18493595598943,182.01191182578174
sustained_6,A_conditional,JOINT,119,,,,186.11033174994316,183.1172762156242
sustained_6,A_conditional,JOINT,120,,,,187.53339168334185,184.22264060546672
sustained_6,B_arrival,FROZEN,36.246375284,30.8,30.80289965504176,0.0028996550417588196,,
sustained_6,B_arrival,FROZEN,38.781375284,30.8,31.050472870554056,0.25047287055405576,,
sustained_6,B_arrival,FROZEN,41.451375284,30.8,31.286907788610286,0.48690778861028505,,
sustained_6,B_arrival,FROZEN,43.846375284,30.8,31.47100138023555,0.6710013802355483,,
sustained_6,B_arrival,FROZEN,46.361375284,32.1,31.647803600454704,-0.4521963995452971,,
sustained_6,B_arrival,FROZEN,48.931375284,32.1,31.798476490397483,-0.30152350960251795,,
sustained_6,B_arrival,FROZEN,51.546375284,32.1,31.94061903966794,-0.1593809603320615,,
sustained_6,B_arrival,FROZEN,54.416375284,32.7,32.09371452250198,-0.6062854774980195,,
sustained_6,B_arrival,FROZEN,57.046375284,32.7,32.193472928509344,-0.5065270714906589,,
sustained_6,B_arrival,FROZEN,59.671375284,32.7,32.30146846597636,-0.3985315340236397,,
sustained_6,B_arrival,FROZEN,62.326375284,32.7,32.400221565383156,-0.2997784346168473,,
sustained_6,B_arrival,FROZEN,64.891375284,32.9,32.4759158532841,-0.42408414671589867,,
sustained_6,B_arrival,FROZEN,67.466375284,32.9,32.53925490540119,-0.360745094598812,,
sustained_6,B_arrival,FROZEN,69.991375284,32.9,32.6053645922466,-0.2946354077533968,,
sustained_6,B_arrival,FROZEN,72.581375284,32.9,32.66807047735757,-0.2319295226424316,,
sustained_6,B_arrival,FROZEN,75.556375284,33.1,32.721091995382984,-0.378908004617017,,
sustained_6,B_arrival,FROZEN,78.146375284,33.1,32.77157475539936,-0.3284252446006448,,
sustained_6,B_arrival,FROZEN,80.756375284,33.1,32.81806773482551,-0.28193226517448977,,
sustained_6,B_arrival,FROZEN,83.306375284,33.1,32.84803564938299,-0.2519643506170084,,
sustained_6,B_arrival,FROZEN,85.716375284,33.2,32.8777015454514,-0.3222984545486014,,
sustained_6,B_arrival,FROZEN,88.286375284,33.2,32.901670119362905,-0.2983298806370982,,
sustained_6,B_arrival,FROZEN,90.821375284,33.2,32.931183747669365,-0.26881625233063744,,
sustained_6,B_arrival,FROZEN,93.361375284,33.2,32.95821181831312,-0.24178818168688565,,
sustained_6,B_arrival,FROZEN,96.146375284,33.3,32.97658980362201,-0.32341019637798496,,
sustained_6,B_arrival,FROZEN,98.696375284,33.3,32.992945110610975,-0.3070548893890219,,
sustained_6,B_arrival,FROZEN,101.246375284,33.3,33.01372599541489,-0.28627400458510976,,
sustained_6,B_arrival,FROZEN,103.711375284,33.3,33.0300836585922,-0.2699163414078001,,
sustained_6,B_arrival,FROZEN,106.391375284,33.4,33.05164852584373,-0.3483514741562672,,
sustained_6,B_arrival,FROZEN,108.946375284,33.4,33.05340270772298,-0.34659729227701774,,
sustained_6,B_arrival,FROZEN,111.546375284,33.4,33.06350674154878,-0.33649325845122036,,
sustained_6,B_arrival,FROZEN,114.141375284,33.2,32.88578494621972,-0.3142150537802806,,
sustained_6,B_arrival,FROZEN,116.986375284,33.2,32.65590054849849,-0.5440994515015163,,
sustained_6,B_arrival,FROZEN,119.651375284,33.2,32.466277095809545,-0.7337229041904578,,
sustained_6,B_arrival,FROZEN,122.366375284,33.2,32.295639476567175,-0.9043605234328282,,
sustained_6,B_arrival,FROZEN,125.036375284,32.0,32.14743949315527,0.14743949315526805,,
sustained_6,B_arrival,FROZEN,127.541375284,32.0,32.02405827260853,0.024058272608527886,,
sustained_6,B_arrival,FROZEN,130.151375284,32.0,31.909814393052258,-0.0901856069477418,,
sustained_6,B_arrival,FROZEN,132.501375284,32.0,31.818089615813662,-0.1819103841863381,,
sustained_6,B_arrival,FROZEN,135.126375284,31.6,31.72673757434914,0.12673757434913924,,
sustained_6,B_arrival,FROZEN,137.976375284,31.6,31.639324660371425,0.0393246603714239,,
sustained_6,B_arrival,FROZEN,140.451375284,31.6,31.572210005959306,-0.027789994040695376,,
sustained_6,B_arrival,FROZEN,142.996375284,31.6,31.51075156120479,-0.08924843879521305,,
sustained_6,B_arrival,FROZEN,145.331375284,31.5,31.460381260091165,-0.039618739908835465,,
sustained_6,B_arrival,FROZEN,147.971375284,31.5,31.409609681611045,-0.09039031838895539,,
sustained_6,B_arrival,FROZEN,150.386375284,31.5,31.368290915105277,-0.1317090848947231,,
sustained_6,B_arrival,FROZEN,153.081375284,31.5,31.32731406248785,-0.17268593751214922,,
sustained_6,B_arrival,FROZEN,155.856375284,31.4,31.290132549533585,-0.10986745046641389,,
sustained_6,B_arrival,FROZEN,158.476375284,31.4,31.259148341516553,-0.14085165848344516,,
sustained_6,B_arrival,FROZEN,160.941375284,31.4,31.23323434303576,-0.1667656569642375,,
sustained_6,B_arrival,FROZEN,163.626375284,31.4,31.208176211779055,-0.19182378822094392,,
sustained_6,B_arrival,FROZEN,166.356375284,31.3,31.185699020355823,-0.1143009796441774,,
sustained_6,B_arrival,FROZEN,169.056375284,31.3,31.16609539399564,-0.13390460600436072,,
sustained_6,B_arrival,FROZEN,171.536375284,31.3,31.150126352469208,-0.1498736475307929,,
sustained_6,B_arrival,FROZEN,173.951375284,31.2,31.136243346646243,-0.06375665335375658,,
sustained_6,B_arrival,FROZEN,176.626375284,31.2,31.122574983370278,-0.07742501662972145,,
sustained_6,B_arrival,FROZEN,179.416375284,31.2,31.110014530406875,-0.08998546959312392,,
sustained_6,B_arrival,FROZEN,0,,,,0.0,0.0
sustained_6,B_arrival,FROZEN,1,,,,0.9476115714169587,1.1053643898424788
sustained_6,B_arrival,FROZEN,2,,,,1.9717402000451107,2.2107287796849575
sustained_6,B_arrival,FROZEN,3,,,,3.011225841285353,3.316093169527436
sustained_6,B_arrival,FROZEN,4,,,,4.118057537208854,4.421457559369915
sustained_6,B_arrival,FROZEN,5,,,,5.342608528410176,5.526821949212394
sustained_6,B_arrival,FROZEN,6,,,,6.156450752332346,6.632186339054872
sustained_6,B_arrival,FROZEN,7,,,,6.9390837072349045,7.737550728897351
sustained_6,B_arrival,FROZEN,8,,,,7.8781904483189,8.84291511873983
sustained_6,B_arrival,FROZEN,9,,,,8.823349917798783,9.948279508582308
sustained_6,B_arrival,FROZEN,10,,,,9.896719145060905,11.053643898424788
sustained_6,B_arrival,FROZEN,11,,,,11.203128005886244,12.159008288267266
sustained_6,B_arrival,FROZEN,12,,,,12.285874233171878,13.264372678109744
sustained_6,B_arrival,FROZEN,13,,,,13.273994421196084,14.369737067952224
sustained_6,B_arrival,FROZEN,14,,,,14.458243666426553,15.475101457794702
sustained_6,B_arrival,FROZEN,15,,,,15.777911931399617,16.580465847637182
sustained_6,B_arrival,FROZEN,16,,,,16.70516257469223,17.68583023747966
sustained_6,B_arrival,FROZEN,17,,,,17.683993299278193,18.791194627322138
sustained_6,B_arrival,FROZEN,18,,,,19.420777877025788,19.896559017164616
sustained_6,B_arrival,FROZEN,19,,,,20.62689454792353,21.001923407007098
sustained_6,B_arrival,FROZEN,20,,,,21.658780031033434,22.107287796849576
sustained_6,B_arrival,FROZEN,21,,,,22.935524710288334,23.212652186692054
sustained_6,B_arrival,FROZEN,22,,,,23.998146436275004,24.318016576534532
sustained_6,B_arrival,FROZEN,23,,,,24.979189794036284,25.42338096637701
sustained_6,B_arrival,FROZEN,24,,,,26.180706705330575,26.52874535621949
sustained_6,B_arrival,FROZEN,25,,,,27.523944566638,27.63410974606197
sustained_6,B_arrival,FROZEN,26,,,,28.79409030365664,28.739474135904448
sustained_6,B_arrival,FROZEN,27,,,,29.89367534949156,29.844838525746926
sustained_6,B_arrival,FROZEN,28,,,,30.898605894734242,30.950202915589404
sustained_6,B_arrival,FROZEN,29,,,,31.657217765494973,32.055567305431886
sustained_6,B_arrival,FROZEN,30,,,,32.57063108224457,33.160931695274364
sustained_6,B_arrival,FROZEN,31,,,,33.54117836076262,34.26629608511684
sustained_6,B_arrival,FROZEN,32,,,,34.46953813663599,35.37166047495932
sustained_6,B_arrival,FROZEN,33,,,,35.90392120814549,36.4770248648018
sustained_6,B_arrival,FROZEN,34,,,,37.549754758500356,37.582389254644276
sustained_6,B_arrival,FROZEN,35,,,,38.60634660476963,38.687753644486754
sustained_6,B_arrival,FROZEN,36,,,,39.93391600148334,40.31743083024194
sustained_6,B_arrival,FROZEN,37,,,,41.526864407725775,42.074713732769844
sustained_6,B_arrival,FROZEN,38,,,,43.58816948634036,43.862500329904776
sustained_6,B_arrival,FROZEN,39,,,,45.14146443806719,45.6502869270397
sustained_6,B_arrival,FROZEN,40,,,,46.69279703386192,47.43807352417463
sustained_6,B_arrival,FROZEN,41,,,,48.53157331856785,49.19535642670253
sustained_6,B_arrival,FROZEN,42,,,,50.27269837567002,50.983143023837464
sustained_6,B_arrival,FROZEN,43,,,,51.71540267845187,52.77092962097239
sustained_6,B_arrival,FROZEN,44,,,,53.345689079442614,54.558716218107314
sustained_6,B_arrival,FROZEN,45,,,,55.40652176393944,56.31599912063522
sustained_6,B_arrival,FROZEN,46,,,,57.128882776216265,58.103785717770144
sustained_6,B_arrival,FROZEN,47,,,,58.71958738175832,59.891572314905076
sustained_6,B_arrival,FROZEN,48,,,,60.629244905284345,61.67935891204
sustained_6,B_arrival,FROZEN,49,,,,62.62983228102446,63.436641814567906
sustained_6,B_arrival,FROZEN,50,,,,65.11510642507682,65.22442841170283
sustained_6,B_arrival,FROZEN,51,,,,66.83558708647872,67.01221500883777
sustained_6,B_arrival,FROZEN,52,,,,69.00249369601427,68.8000016059727
sustained_6,B_arrival,FROZEN,53,,,,70.89607305783422,70.5572845085006
sustained_6,B_arrival,FROZEN,54,,,,72.39206763077382,72.34507110563553
sustained_6,B_arrival,FROZEN,55,,,,73.807012616676,74.13285770277045
sustained_6,B_arrival,FROZEN,56,,,,75.68672415276326,75.92064429990538
sustained_6,B_arrival,FROZEN,57,,,,78.21397580338876,77.67792720243328
sustained_6,B_arrival,FROZEN,58,,,,79.93674156214972,79.46571379956822
sustained_6,B_arrival,FROZEN,59,,,,81.85181168916617,81.25350039670315
sustained_6,B_arrival,FROZEN,60,,,,83.4461607541146,83.04128699383807
sustained_6,B_arrival,FROZEN,61,,,,84.95090906202746,84.79856989636598
sustained_6,B_arrival,FROZEN,62,,,,86.4945000941484,86.5863564935009
sustained_6,B_arrival,FROZEN,63,,,,88.14772819427151,88.37414309063583
sustained_6,B_arrival,FROZEN,64,,,,90.23498731356997,90.16192968777075
sustained_6,B_arrival,FROZEN,65,,,,92.37681828998888,91.91921259029866
sustained_6,B_arrival,FROZEN,66,,,,94.89526322299628,93.70699918743358
sustained_6,B_arrival,FROZEN,67,,,,96.44568247542738,95.4947857845685
sustained_6,B_arrival,FROZEN,68,,,,97.96746966446466,97.28257238170343
sustained_6,B_arrival,FROZEN,69,,,,99.45762569548985,99.03985528423132
sustained_6,B_arrival,FROZEN,70,,,,100.99105069792748,100.82764188136626
sustained_6,B_arrival,FROZEN,71,,,,102.86869747329237,102.6154284785012
sustained_6,B_arrival,FROZEN,72,,,,105.15243382137751,104.40321507563611
sustained_6,B_arrival,FROZEN,73,,,,107.59359684545609,106.16049797816402
sustained_6,B_arrival,FROZEN,74,,,,109.26237456036324,107.94828457529894
sustained_6,B_arrival,FROZEN,75,,,,110.93646867932107,109.7360711724339
sustained_6,B_arrival,FROZEN,76,,,,112.74697982734187,111.52385776956882
sustained_6,B_arrival,FROZEN,77,,,,114.88459886275295,113.28114067209671
sustained_6,B_arrival,FROZEN,78,,,,116.78776819345018,115.06892726923164
sustained_6,B_arrival,FROZEN,79,,,,118.82831327298014,116.85671386636658
sustained_6,B_arrival,FROZEN,80,,,,120.70328505250424,118.64450046350149
sustained_6,B_arrival,FROZEN,81,,,,122.22946479793369,120.40178336602939
sustained_6,B_arrival,FROZEN,82,,,,124.49117406537299,122.18956996316432
sustained_6,B_arrival,FROZEN,83,,,,126.08528716531778,123.97735656029926
sustained_6,B_arrival,FROZEN,84,,,,128.04113866673623,125.76514315743418
sustained_6,B_arrival,FROZEN,85,,,,130.130067757595,127.52242605996207
sustained_6,B_arrival,FROZEN,86,,,,132.78729213390739,129.310212657097
sustained_6,B_arrival,FROZEN,87,,,,134.93107529456378,131.09799925423192
sustained_6,B_arrival,FROZEN,88,,,,136.70659000267193,132.88578585136685
sustained_6,B_arrival,FROZEN,89,,,,138.05202376881766,134.64306875389474
sustained_6,B_arrival,FROZEN,90,,,,139.64963814331466,136.4308553510297
sustained_6,B_arrival,FROZEN,91,,,,141.54611799235082,138.21864194816462
sustained_6,B_arrival,FROZEN,92,,,,143.58864955978518,140.00642854529954
sustained_6,B_arrival,FROZEN,93,,,,145.78612541620208,141.76371144782743
sustained_6,B_arrival,FROZEN,94,,,,147.54877450335337,143.55149804496236
sustained_6,B_arrival,FROZEN,95,,,,149.40590945185536,145.3392846420973
sustained_6,B_arrival,FROZEN,96,,,,150.82087855556478,147.12707123923224
sustained_6,B_arrival,FROZEN,97,,,,152.4048335304784,148.88435414176013
sustained_6,B_arrival,FROZEN,98,,,,154.12857785336075,150.67214073889505
sustained_6,B_arrival,FROZEN,99,,,,156.18783173876432,152.45992733602998
sustained_6,B_arrival,FROZEN,100,,,,157.9241521152229,154.2477139331649
sustained_6,B_arrival,FROZEN,101,,,,159.59972166834507,156.00499683569282
sustained_6,B_arrival,FROZEN,102,,,,161.90672417767757,157.79278343282775
sustained_6,B_arrival,FROZEN,103,,,,163.7595606245065,159.58057002996267
sustained_6,B_arrival,FROZEN,104,,,,165.2845806988379,161.3683566270976
sustained_6,B_arrival,FROZEN,105,,,,166.80695318575664,163.1256395296255
sustained_6,B_arrival,FROZEN,106,,,,168.32978001818174,164.9134261267604
sustained_6,B_arrival,FROZEN,107,,,,170.46099957567833,166.70121272389537
sustained_6,B_arrival,FROZEN,108,,,,172.4055911382251,168.4889993210303
sustained_6,B_arrival,FROZEN,109,,,,173.95316879283357,170.24628222355818
sustained_6,B_arrival,FROZEN,110,,,,175.56565126815408,172.0340688206931
sustained_6,B_arrival,FROZEN,111,,,,177.21524826237902,173.82185541782803
sustained_6,B_arrival,FROZEN,112,,,,178.7456081175706,175.60964201496296
sustained_6,B_arrival,FROZEN,113,,,,180.1114268099442,176.73053063580528
sustained_6,B_arrival,FROZEN,114,,,,181.49542627533293,177.83589502564777
sustained_6,B_arrival,FROZEN,115,,,,182.5170373355636,178.94125941549026
sustained_6,B_arrival,FROZEN,116,,,,183.5543883950436,180.04662380533273
sustained_6,B_arrival,FROZEN,117,,,,184.48142230996086,181.1519881951752
sustained_6,B_arrival,FROZEN,118,,,,185.18493595598943,182.2573525850177
sustained_6,B_arrival,FROZEN,119,,,,186.11033174994316,183.36271697486018
sustained_6,B_arrival,FROZEN,120,,,,187.53339168334185,184.46808136470264
sustained_6,B_arrival,JOINT,36.246375284,30.8,30.811802391208115,0.011802391208114216,,
sustained_6,B_arrival,JOINT,38.781375284,30.8,31.087895255519534,0.2878952555195333,,
sustained_6,B_arrival,JOINT,41.451375284,30.8,31.342144835329517,0.5421448353295162,,
sustained_6,B_arrival,JOINT,43.846375284,30.8,31.532189606534967,0.7321896065349662,,
sustained_6,B_arrival,JOINT,46.361375284,32.1,31.708794889596742,-0.3912051104032592,,
sustained_6,B_arrival,JOINT,48.931375284,32.1,31.851415244272598,-0.24858475572740346,,
sustained_6,B_arrival,JOINT,51.546375284,32.1,31.98206560805104,-0.11793439194896038,,
sustained_6,B_arrival,JOINT,54.416375284,32.7,32.12155025056692,-0.5784497494330836,,
sustained_6,B_arrival,JOINT,57.046375284,32.7,32.20166283592688,-0.4983371640731207,,
sustained_6,B_arrival,JOINT,59.671375284,32.7,32.292486823377864,-0.40751317662213893,,
sustained_6,B_arrival,JOINT,62.326375284,32.7,32.373151069312755,-0.3268489306872482,,
sustained_6,B_arrival,JOINT,64.891375284,32.9,32.429148081128496,-0.470851918871503,,
sustained_6,B_arrival,JOINT,67.466375284,32.9,32.47199586712947,-0.42800413287052663,,
sustained_6,B_arrival,JOINT,69.991375284,32.9,32.52041632949469,-0.37958367050531194,,
sustained_6,B_arrival,JOINT,72.581375284,32.9,32.56578544168431,-0.33421455831568636,,
sustained_6,B_arrival,JOINT,75.556375284,33.1,32.597576939343895,-0.5024230606561062,,
sustained_6,B_arrival,JOINT,78.146375284,33.1,32.63230852947798,-0.46769147052201987,,
sustained_6,B_arrival,JOINT,80.756375284,33.1,32.66385969767235,-0.4361403023276509,,
sustained_6,B_arrival,JOINT,83.306375284,33.1,32.67800546190971,-0.42199453809028853,,
sustained_6,B_arrival,JOINT,85.716375284,33.2,32.694422048858726,-0.5055779511412766,,
sustained_6,B_arrival,JOINT,88.286375284,33.2,32.704322703944136,-0.49567729605586663,,
sustained_6,B_arrival,JOINT,90.821375284,33.2,32.722456242830944,-0.47754375716905884,,
sustained_6,B_arrival,JOINT,93.361375284,33.2,32.738924935709846,-0.46107506429015643,,
sustained_6,B_arrival,JOINT,96.146375284,33.3,32.74503172752521,-0.5549682724747882,,
sustained_6,B_arrival,JOINT,98.696375284,33.3,32.751325321934196,-0.548674678065801,,
sustained_6,B_arrival,JOINT,101.246375284,33.3,32.76394716415652,-0.5360528358434777,,
sustained_6,B_arrival,JOINT,103.711375284,33.3,32.77267610352463,-0.5273238964753659,,
sustained_6,B_arrival,JOINT,106.391375284,33.4,32.787624397421645,-0.6123756025783536,,
sustained_6,B_arrival,JOINT,108.946375284,33.4,32.78046925004698,-0.6195307499530216,,
sustained_6,B_arrival,JOINT,111.546375284,33.4,32.78390532567643,-0.6160946743235698,,
sustained_6,B_arrival,JOINT,114.141375284,33.2,32.56850502988885,-0.6314949701111559,,
sustained_6,B_arrival,JOINT,116.986375284,33.2,32.30154050910899,-0.898459490891014,,
sustained_6,B_arrival,JOINT,119.651375284,33.2,32.08971274439653,-1.110287255603474,,
sustained_6,B_arrival,JOINT,122.366375284,33.2,31.90616875182143,-1.2938312481785736,,
sustained_6,B_arrival,JOINT,125.036375284,32.0,31.752687551416425,-0.2473124485835747,,
sustained_6,B_arrival,JOINT,127.541375284,32.0,31.629485318213707,-0.3705146817862932,,
sustained_6,B_arrival,JOINT,130.151375284,32.0,31.519437535929505,-0.48056246407049485,,
sustained_6,B_arrival,JOINT,132.501375284,32.0,31.434120997950213,-0.5658790020497868,,
sustained_6,B_arrival,JOINT,135.126375284,31.6,31.352070066650107,-0.24792993334989433,,
sustained_6,B_arrival,JOINT,137.976375284,31.6,31.276522736890733,-0.32347726310926816,,
sustained_6,B_arrival,JOINT,140.451375284,31.6,31.220662542789942,-0.3793374572100596,,
sustained_6,B_arrival,JOINT,142.996375284,31.6,31.171288654160808,-0.42871134583919357,,
sustained_6,B_arrival,JOINT,145.331375284,31.5,31.13219521585542,-0.36780478414458173,,
sustained_6,B_arrival,JOINT,147.971375284,31.5,31.094147237753035,-0.4058527622469654,,
sustained_6,B_arrival,JOINT,150.386375284,31.5,31.06427201137616,-0.43572798862383877,,
sustained_6,B_arrival,JOINT,153.081375284,31.5,31.03569322887549,-0.4643067711245088,,
sustained_6,B_arrival,JOINT,155.856375284,31.4,31.010745848171553,-0.389254151828446,,
sustained_6,B_arrival,JOINT,158.476375284,31.4,30.990737582248908,-0.4092624177510906,,
sustained_6,B_arrival,JOINT,160.941375284,31.4,30.974597250181972,-0.4254027498180264,,
sustained_6,B_arrival,JOINT,163.626375284,31.4,30.959549601730743,-0.440450398269256,,
sustained_6,B_arrival,JOINT,166.356375284,31.3,30.94656169579086,-0.353438304209142,,
sustained_6,B_arrival,JOINT,169.056375284,31.3,30.935664188711105,-0.36433581128889614,,
sustained_6,B_arrival,JOINT,171.536375284,31.3,30.92710991254306,-0.3728900874569412,,
sustained_6,B_arrival,JOINT,173.951375284,31.2,30.919928975309606,-0.28007102469039324,,
sustained_6,B_arrival,JOINT,176.626375284,31.2,30.913111595558032,-0.2868884044419673,,
sustained_6,B_arrival,JOINT,179.416375284,31.2,30.907087562589236,-0.292912437410763,,
sustained_6,B_arrival,JOINT,0,,,,0.0,0.0
sustained_6,B_arrival,JOINT,1,,,,0.9476115714169587,1.1053643898424788
sustained_6,B_arrival,JOINT,2,,,,1.9717402000451107,2.2107287796849575
sustained_6,B_arrival,JOINT,3,,,,3.011225841285353,3.316093169527436
sustained_6,B_arrival,JOINT,4,,,,4.118057537208854,4.421457559369915
sustained_6,B_arrival,JOINT,5,,,,5.342608528410176,5.526821949212394
sustained_6,B_arrival,JOINT,6,,,,6.156450752332346,6.632186339054872
sustained_6,B_arrival,JOINT,7,,,,6.9390837072349045,7.737550728897351
sustained_6,B_arrival,JOINT,8,,,,7.8781904483189,8.84291511873983
sustained_6,B_arrival,JOINT,9,,,,8.823349917798783,9.948279508582308
sustained_6,B_arrival,JOINT,10,,,,9.896719145060905,11.053643898424788
sustained_6,B_arrival,JOINT,11,,,,11.203128005886244,12.159008288267266
sustained_6,B_arrival,JOINT,12,,,,12.285874233171878,13.264372678109744
sustained_6,B_arrival,JOINT,13,,,,13.273994421196084,14.369737067952224
sustained_6,B_arrival,JOINT,14,,,,14.458243666426553,15.475101457794702
sustained_6,B_arrival,JOINT,15,,,,15.777911931399617,16.580465847637182
sustained_6,B_arrival,JOINT,16,,,,16.70516257469223,17.68583023747966
sustained_6,B_arrival,JOINT,17,,,,17.683993299278193,18.791194627322138
sustained_6,B_arrival,JOINT,18,,,,19.420777877025788,19.896559017164616
sustained_6,B_arrival,JOINT,19,,,,20.62689454792353,21.001923407007098
sustained_6,B_arrival,JOINT,20,,,,21.658780031033434,22.107287796849576
sustained_6,B_arrival,JOINT,21,,,,22.935524710288334,23.212652186692054
sustained_6,B_arrival,JOINT,22,,,,23.998146436275004,24.318016576534532
sustained_6,B_arrival,JOINT,23,,,,24.979189794036284,25.42338096637701
sustained_6,B_arrival,JOINT,24,,,,26.180706705330575,26.52874535621949
sustained_6,B_arrival,JOINT,25,,,,27.523944566638,27.63410974606197
sustained_6,B_arrival,JOINT,26,,,,28.79409030365664,28.739474135904448
sustained_6,B_arrival,JOINT,27,,,,29.89367534949156,29.844838525746926
sustained_6,B_arrival,JOINT,28,,,,30.898605894734242,30.950202915589404
sustained_6,B_arrival,JOINT,29,,,,31.657217765494973,32.055567305431886
sustained_6,B_arrival,JOINT,30,,,,32.57063108224457,33.160931695274364
sustained_6,B_arrival,JOINT,31,,,,33.54117836076262,34.26629608511684
sustained_6,B_arrival,JOINT,32,,,,34.46953813663599,35.37166047495932
sustained_6,B_arrival,JOINT,33,,,,35.90392120814549,36.4770248648018
sustained_6,B_arrival,JOINT,34,,,,37.549754758500356,37.582389254644276
sustained_6,B_arrival,JOINT,35,,,,38.60634660476963,38.687753644486754
sustained_6,B_arrival,JOINT,36,,,,39.93391600148334,40.31332086080518
sustained_6,B_arrival,JOINT,37,,,,41.526864407725775,42.06178990559788
sustained_6,B_arrival,JOINT,38,,,,43.58816948634036,43.84570324236066
sustained_6,B_arrival,JOINT,39,,,,45.14146443806719,45.629616579123436
sustained_6,B_arrival,JOINT,40,,,,46.69279703386192,47.413529915886215
sustained_6,B_arrival,JOINT,41,,,,48.53157331856785,49.161998960678915
sustained_6,B_arrival,JOINT,42,,,,50.27269837567002,50.945912297441694
sustained_6,B_arrival,JOINT,43,,,,51.71540267845187,52.729825634204474
sustained_6,B_arrival,JOINT,44,,,,53.345689079442614,54.513738970967246
sustained_6,B_arrival,JOINT,45,,,,55.40652176393944,56.262208015759946
sustained_6,B_arrival,JOINT,46,,,,57.128882776216265,58.046121352522725
sustained_6,B_arrival,JOINT,47,,,,58.71958738175832,59.830034689285505
sustained_6,B_arrival,JOINT,48,,,,60.629244905284345,61.61394802604828
sustained_6,B_arrival,JOINT,49,,,,62.62983228102446,63.36241707084098
sustained_6,B_arrival,JOINT,50,,,,65.11510642507682,65.14633040760376
sustained_6,B_arrival,JOINT,51,,,,66.83558708647872,66.93024374436654
sustained_6,B_arrival,JOINT,52,,,,69.00249369601427,68.71415708112931
sustained_6,B_arrival,JOINT,53,,,,70.89607305783422,70.46262612592201
sustained_6,B_arrival,JOINT,54,,,,72.39206763077382,72.2465394626848
sustained_6,B_arrival,JOINT,55,,,,73.807012616676,74.03045279944757
sustained_6,B_arrival,JOINT,56,,,,75.68672415276326,75.81436613621035
sustained_6,B_arrival,JOINT,57,,,,78.21397580338876,77.56283518100305
sustained_6,B_arrival,JOINT,58,,,,79.93674156214972,79.34674851776583
sustained_6,B_arrival,JOINT,59,,,,81.85181168916617,81.13066185452861
sustained_6,B_arrival,JOINT,60,,,,83.4461607541146,82.91457519129139
sustained_6,B_arrival,JOINT,61,,,,84.95090906202746,84.66304423608409
sustained_6,B_arrival,JOINT,62,,,,86.4945000941484,86.44695757284687
sustained_6,B_arrival,JOINT,63,,,,88.14772819427151,88.23087090960965
sustained_6,B_arrival,JOINT,64,,,,90.23498731356997,90.01478424637241
sustained_6,B_arrival,JOINT,65,,,,92.37681828998888,91.76325329116511
sustained_6,B_arrival,JOINT,66,,,,94.89526322299628,93.5471666279279
sustained_6,B_arrival,JOINT,67,,,,96.44568247542738,95.33107996469067
sustained_6,B_arrival,JOINT,68,,,,97.96746966446466,97.11499330145345
sustained_6,B_arrival,JOINT,69,,,,99.45762569548985,98.86346234624614
sustained_6,B_arrival,JOINT,70,,,,100.99105069792748,100.64737568300892
sustained_6,B_arrival,JOINT,71,,,,102.86869747329237,102.4312890197717
sustained_6,B_arrival,JOINT,72,,,,105.15243382137751,104.21520235653448
sustained_6,B_arrival,JOINT,73,,,,107.59359684545609,105.96367140132716
sustained_6,B_arrival,JOINT,74,,,,109.26237456036324,107.74758473808996
sustained_6,B_arrival,JOINT,75,,,,110.93646867932107,109.53149807485275
sustained_6,B_arrival,JOINT,76,,,,112.74697982734187,111.31541141161551
sustained_6,B_arrival,JOINT,77,,,,114.88459886275295,113.06388045640821
sustained_6,B_arrival,JOINT,78,,,,116.78776819345018,114.847793793171
sustained_6,B_arrival,JOINT,79,,,,118.82831327298014,116.63170712993377
sustained_6,B_arrival,JOINT,80,,,,120.70328505250424,118.41562046669655
sustained_6,B_arrival,JOINT,81,,,,122.22946479793369,120.16408951148924
sustained_6,B_arrival,JOINT,82,,,,124.49117406537299,121.94800284825202
sustained_6,B_arrival,JOINT,83,,,,126.08528716531778,123.7319161850148
sustained_6,B_arrival,JOINT,84,,,,128.04113866673623,125.51582952177758
sustained_6,B_arrival,JOINT,85,,,,130.130067757595,127.26429856657026
sustained_6,B_arrival,JOINT,86,,,,132.78729213390739,129.04821190333305
sustained_6,B_arrival,JOINT,87,,,,134.93107529456378,130.83212524009582
sustained_6,B_arrival,JOINT,88,,,,136.70659000267193,132.6160385768586
sustained_6,B_arrival,JOINT,89,,,,138.05202376881766,134.36450762165128
sustained_6,B_arrival,JOINT,90,,,,139.64963814331466,136.14842095841408
sustained_6,B_arrival,JOINT,91,,,,141.54611799235082,137.93233429517687
sustained_6,B_arrival,JOINT,92,,,,143.58864955978518,139.71624763193964
sustained_6,B_arrival,JOINT,93,,,,145.78612541620208,141.46471667673234
sustained_6,B_arrival,JOINT,94,,,,147.54877450335337,143.2486300134951
sustained_6,B_arrival,JOINT,95,,,,149.40590945185536,145.0325433502579
sustained_6,B_arrival,JOINT,96,,,,150.82087855556478,146.81645668702066
sustained_6,B_arrival,JOINT,97,,,,152.4048335304784,148.56492573181336
sustained_6,B_arrival,JOINT,98,,,,154.12857785336075,150.34883906857615
sustained_6,B_arrival,JOINT,99,,,,156.18783173876432,152.13275240533892
sustained_6,B_arrival,JOINT,100,,,,157.9241521152229,153.9166657421017
sustained_6,B_arrival,JOINT,101,,,,159.59972166834507,155.66513478689438
sustained_6,B_arrival,JOINT,102,,,,161.90672417767757,157.44904812365718
sustained_6,B_arrival,JOINT,103,,,,163.7595606245065,159.23296146041997
sustained_6,B_arrival,JOINT,104,,,,165.2845806988379,161.01687479718274
sustained_6,B_arrival,JOINT,105,,,,166.80695318575664,162.76534384197544
sustained_6,B_arrival,JOINT,106,,,,168.32978001818174,164.5492571787382
sustained_6,B_arrival,JOINT,107,,,,170.46099957567833,166.333170515501
sustained_6,B_arrival,JOINT,108,,,,172.4055911382251,168.11708385226376
sustained_6,B_arrival,JOINT,109,,,,173.95316879283357,169.86555289705646
sustained_6,B_arrival,JOINT,110,,,,175.56565126815408,171.64946623381923
sustained_6,B_arrival,JOINT,111,,,,177.21524826237902,173.43337957058202
sustained_6,B_arrival,JOINT,112,,,,178.7456081175706,175.21729290734478
sustained_6,B_arrival,JOINT,113,,,,180.1114268099442,176.33820476985355
sustained_6,B_arrival,JOINT,114,,,,181.49542627533293,177.44356915969604
sustained_6,B_arrival,JOINT,115,,,,182.5170373355636,178.5489335495385
sustained_6,B_arrival,JOINT,116,,,,183.5543883950436,179.654297939381
sustained_6,B_arrival,JOINT,117,,,,184.48142230996086,180.75966232922346
sustained_6,B_arrival,JOINT,118,,,,185.18493595598943,181.86502671906595
sustained_6,B_arrival,JOINT,119,,,,186.11033174994316,182.97039110890842
sustained_6,B_arrival,JOINT,120,,,,187.53339168334185,184.0757554987509
sustained_7,A_conditional,FROZEN,36.23707411,30.8,31.056003701705592,0.25600370170559117,,
sustained_7,A_conditional,FROZEN,38.82207411,30.8,31.390271053776925,0.5902710537769238,,
sustained_7,A_conditional,FROZEN,41.42207411,30.8,31.6916161554245,0.8916161554245008,,
sustained_7,A_conditional,FROZEN,43.96707411,30.8,31.972714380610327,1.1727143806103264,,
sustained_7,A_conditional,FROZEN,46.52207411,32.2,32.21091624073597,0.010916240735966198,,
sustained_7,A_conditional,FROZEN,49.06707411,32.2,32.40611587879684,0.20611587879683668,,
sustained_7,A_conditional,FROZEN,51.60707411,32.2,32.59411657753499,0.3941165775349873,,
sustained_7,A_conditional,FROZEN,54.40707411,32.7,32.8096550375733,0.10965503757329742,,
sustained_7,A_conditional,FROZEN,56.99707411,32.7,32.9438797449066,0.24387974490660014,,
sustained_7,A_conditional,FROZEN,59.53707411,32.7,33.076112958280056,0.37611295828005353,,
sustained_7,A_conditional,FROZEN,62.24707411,32.7,33.20866693758991,0.5086669375899078,,
sustained_7,A_conditional,FROZEN,65.14207411,33.0,33.332327297307614,0.33232729730761434,,
sustained_7,A_conditional,FROZEN,67.69707411,33.0,33.420242638869595,0.42024263886959545,,
sustained_7,A_conditional,FROZEN,70.26707411,33.0,33.5136404877963,0.5136404877963017,,
sustained_7,A_conditional,FROZEN,72.82207411,33.0,33.60659277517842,0.6065927751784201,,
sustained_7,A_conditional,FROZEN,75.60707411,33.2,33.65560484683119,0.45560484683118574,,
sustained_7,A_conditional,FROZEN,78.15707411,33.2,33.713867105669564,0.5138671056695614,,
sustained_7,A_conditional,FROZEN,80.75707411,33.2,33.78929144667943,0.5892914466794252,,
sustained_7,A_conditional,FROZEN,83.45207411,33.2,33.82950434242133,0.6295043424213276,,
sustained_7,A_conditional,FROZEN,85.92707411,33.2,33.87122957517172,0.671229575171715,,
sustained_7,A_conditional,FROZEN,88.56207411,33.2,33.906654797832104,0.7066547978321012,,
sustained_7,A_conditional,FROZEN,91.20207411,33.2,33.965947352814375,0.7659473528143721,,
sustained_7,A_conditional,FROZEN,93.87207411,33.2,33.994017057870565,0.7940170578705619,,
sustained_7,A_conditional,FROZEN,96.47707411,33.3,34.017183484791886,0.7171834847918888,,
sustained_7,A_conditional,FROZEN,99.08707411,33.3,34.04553521785353,0.7455352178535364,,
sustained_7,A_conditional,FROZEN,101.80707411,33.3,34.065802269009126,0.7658022690091286,,
sustained_7,A_conditional,FROZEN,104.45207411,33.4,34.076315375860396,0.6763153758603977,,
sustained_7,A_conditional,FROZEN,107.02707411,33.4,34.09949954910703,0.6994995491070313,,
sustained_7,A_conditional,FROZEN,109.67207411,33.4,34.142650483211526,0.742650483211527,,
sustained_7,A_conditional,FROZEN,112.03207411,33.4,34.1306056822146,0.7306056822146019,,
sustained_7,A_conditional,FROZEN,114.78707411,33.3,33.80131884721529,0.5013188472152947,,
sustained_7,A_conditional,FROZEN,117.29207411,33.3,33.53207405968145,0.23207405968145167,,
sustained_7,A_conditional,FROZEN,120.06207411,33.3,33.268413739337056,-0.0315862606629409,,
sustained_7,A_conditional,FROZEN,122.76207411,33.3,33.041884078853435,-0.2581159211465618,,
sustained_7,A_conditional,FROZEN,125.48207411,32.1,32.84049397731813,0.7404939773181312,,
sustained_7,A_conditional,FROZEN,127.98707411,32.1,32.67610108819957,0.5761010881995716,,
sustained_7,A_conditional,FROZEN,130.68707411,32.1,32.51894912491008,0.4189491249100783,,
sustained_7,A_conditional,FROZEN,133.40707411,32.1,32.379245528627216,0.2792455286272144,,
sustained_7,A_conditional,FROZEN,136.11207411,31.6,32.256664885067686,0.6566648850676842,,
sustained_7,A_conditional,FROZEN,138.57707411,31.6,32.15753832100346,0.5575383210034559,,
sustained_7,A_conditional,FROZEN,141.24707411,31.6,32.062163618787714,0.46216361878771295,,
sustained_7,A_conditional,FROZEN,143.88207411,31.6,31.978893480501927,0.37889348050192595,,
sustained_7,A_conditional,FROZEN,146.54207411,31.5,31.90450949635568,0.40450949635567923,,
sustained_7,A_conditional,FROZEN,149.04207411,31.5,31.84246058987157,0.34246058987157113,,
sustained_7,A_conditional,FROZEN,151.66207411,31.5,31.784685795448077,0.2846857954480768,,
sustained_7,A_conditional,FROZEN,154.34207411,31.4,31.732399718065714,0.3323997180657159,,
sustained_7,A_conditional,FROZEN,156.98707411,31.4,31.68677407946341,0.28677407946341305,,
sustained_7,A_conditional,FROZEN,159.55207411,31.4,31.647551467036852,0.24755146703685327,,
sustained_7,A_conditional,FROZEN,162.25207411,31.4,31.610995543184814,0.21099554318481495,,
sustained_7,A_conditional,FROZEN,164.67207411,31.4,31.581894033919344,0.18189403391934533,,
sustained_7,A_conditional,FROZEN,167.05207411,31.4,31.556282547422743,0.1562825474227445,,
sustained_7,A_conditional,FROZEN,169.53707411,31.4,31.532387695779246,0.13238769577924714,,
sustained_7,A_conditional,FROZEN,171.95207411,31.4,31.51165679314486,0.11165679314485999,,
sustained_7,A_conditional,FROZEN,174.59707411,31.3,31.491459815926422,0.19145981592642158,,
sustained_7,A_conditional,FROZEN,177.28707411,31.3,31.473306486960386,0.1733064869603851,,
sustained_7,A_conditional,FROZEN,179.75707411,31.3,31.45851757974234,0.15851757974234104,,
sustained_7,A_conditional,FROZEN,0,,,,0.0,0.0
sustained_7,A_conditional,FROZEN,1,,,,0.9686100724469064,1.2277814222068093
sustained_7,A_conditional,FROZEN,2,,,,2.1744450867185687,2.4555628444136186
sustained_7,A_conditional,FROZEN,3,,,,3.4205999747299813,3.683344266620428
sustained_7,A_conditional,FROZEN,4,,,,4.8024253174802185,4.911125688827237
sustained_7,A_conditional,FROZEN,5,,,,6.241142963389237,6.1389071110340465
sustained_7,A_conditional,FROZEN,6,,,,7.161012335888396,7.366688533240856
sustained_7,A_conditional,FROZEN,7,,,,8.003777150993086,8.594469955447664
sustained_7,A_conditional,FROZEN,8,,,,9.84749495067128,9.822251377654474
sustained_7,A_conditional,FROZEN,9,,,,11.494364608590558,11.050032799861285
sustained_7,A_conditional,FROZEN,10,,,,12.906970187967122,12.277814222068093
sustained_7,A_conditional,FROZEN,11,,,,14.807812532534465,13.505595644274901
sustained_7,A_conditional,FROZEN,12,,,,16.576007694109087,14.733377066481712
sustained_7,A_conditional,FROZEN,13,,,,19.313183030598942,15.961158488688522
sustained_7,A_conditional,FROZEN,14,,,,20.45416507708549,17.18893991089533
sustained_7,A_conditional,FROZEN,15,,,,21.465282352855173,18.41672133310214
sustained_7,A_conditional,FROZEN,16,,,,22.492460899300507,19.64450275530895
sustained_7,A_conditional,FROZEN,17,,,,23.520159690591623,20.87228417751576
sustained_7,A_conditional,FROZEN,18,,,,24.963228028928675,22.10006559972257
sustained_7,A_conditional,FROZEN,19,,,,26.207151615426586,23.327847021929376
sustained_7,A_conditional,FROZEN,20,,,,27.155516937804904,24.555628444136186
sustained_7,A_conditional,FROZEN,21,,,,28.0992325356819,25.783409866342996
sustained_7,A_conditional,FROZEN,22,,,,28.969336633129465,27.011191288549803
sustained_7,A_conditional,FROZEN,23,,,,29.7145676690528,28.238972710756613
sustained_7,A_conditional,FROZEN,24,,,,30.750614211790435,29.466754132963423
sustained_7,A_conditional,FROZEN,25,,,,32.04206889569155,30.694535555170233
sustained_7,A_conditional,FROZEN,26,,,,33.322846483640284,31.922316977377044
sustained_7,A_conditional,FROZEN,27,,,,34.34017832060764,33.150098399583854
sustained_7,A_conditional,FROZEN,28,,,,35.32848063932825,34.37787982179066
sustained_7,A_conditional,FROZEN,29,,,,36.595883909206286,35.60566124399747
sustained_7,A_conditional,FROZEN,30,,,,37.6573215942286,36.83344266620428
sustained_7,A_conditional,FROZEN,31,,,,39.10269785785056,38.06122408841109
sustained_7,A_conditional,FROZEN,32,,,,40.297129790938904,39.2890055106179
sustained_7,A_conditional,FROZEN,33,,,,41.646721069466885,40.51678693282471
sustained_7,A_conditional,FROZEN,34,,,,42.72247159627137,41.74456835503152
sustained_7,A_conditional,FROZEN,35,,,,43.718637728232544,42.97234977723833
sustained_7,A_conditional,FROZEN,36,,,,45.40235900152934,44.803018688040844
sustained_7,A_conditional,FROZEN,37,,,,47.40520215762981,46.58320964073412
sustained_7,A_conditional,FROZEN,38,,,,49.68684551806144,48.45532509091604
sustained_7,A_conditional,FROZEN,39,,,,51.48138413759945,50.32752502803961
sustained_7,A_conditional,FROZEN,40,,,,53.25336387726943,52.24726111448309
sustained_7,A_conditional,FROZEN,41,,,,54.68842838646344,54.01928170680115
sustained_7,A_conditional,FROZEN,42,,,,56.10997523621347,55.88869294447288
sustained_7,A_conditional,FROZEN,43,,,,57.711538818195834,57.76295522956816
sustained_7,A_conditional,FROZEN,44,,,,59.65519109175389,59.677157904476225
sustained_7,A_conditional,FROZEN,45,,,,61.984590814950145,61.44341298454157
sustained_7,A_conditional,FROZEN,46,,,,63.944668625226925,63.319479590130726
sustained_7,A_conditional,FROZEN,47,,,,66.11008323130831,65.1962754268599
sustained_7,A_conditional,FROZEN,48,,,,67.3663197037891,67.09674612452363
sustained_7,A_conditional,FROZEN,49,,,,68.92991902375492,68.88340056589855
sustained_7,A_conditional,FROZEN,50,,,,70.78945780727294,70.74281493467797
sustained_7,A_conditional,FROZEN,51,,,,72.50048044517649,72.6238239493763
sustained_7,A_conditional,FROZEN,52,,,,74.61348575338575,74.53160562725589
sustained_7,A_conditional,FROZEN,53,,,,76.67106038135051,76.31750228990533
sustained_7,A_conditional,FROZEN,54,,,,78.5876756129098,78.20348142922352
sustained_7,A_conditional,FROZEN,55,,,,79.82768722289278,80.08578641791267
sustained_7,A_conditional,FROZEN,56,,,,81.25592931888632,81.98412860569637
sustained_7,A_conditional,FROZEN,57,,,,83.16505689920382,83.76959053640908
sustained_7,A_conditional,FROZEN,58,,,,85.02533482813203,85.6399953258648
sustained_7,A_conditional,FROZEN,59,,,,87.24596930192858,87.51276999054888
sustained_7,A_conditional,FROZEN,60,,,,88.95031099231562,89.42695056876134
sustained_7,A_conditional,FROZEN,61,,,,91.02855096508148,91.22197457733536
sustained_7,A_conditional,FROZEN,62,,,,92.9304786096265,93.09632415817957
sustained_7,A_conditional,FROZEN,63,,,,94.66422781258291,94.97067983175208
sustained_7,A_conditional,FROZEN,64,,,,96.63739747266399,96.87308742035069
sustained_7,A_conditional,FROZEN,65,,,,99.05732921410879,98.71074206712161
sustained_7,A_conditional,FROZEN,66,,,,101.49682545520187,100.56286684039098
sustained_7,A_conditional,FROZEN,67,,,,103.34302335720042,102.43896948383181
sustained_7,A_conditional,FROZEN,68,,,,105.33556978100964,104.34648493762202
sustained_7,A_conditional,FROZEN,69,,,,106.58315553801715,106.1395518108925
sustained_7,A_conditional,FROZEN,70,,,,107.85852522971639,108.01533179776443
sustained_7,A_conditional,FROZEN,71,,,,109.68811411313106,109.88637267542238
sustained_7,A_conditional,FROZEN,72,,,,111.63640709416707,111.80225612866144
sustained_7,A_conditional,FROZEN,73,,,,113.84954938983132,113.58673138846716
sustained_7,A_conditional,FROZEN,74,,,,115.93261018200175,115.45414447638208
sustained_7,A_conditional,FROZEN,75,,,,117.98722658047993,117.32715089016607
sustained_7,A_conditional,FROZEN,76,,,,119.42410215206914,119.24086149568278
sustained_7,A_conditional,FROZEN,77,,,,121.3206858124353,121.02039598100563
sustained_7,A_conditional,FROZEN,78,,,,123.00410783515605,122.90423035446285
sustained_7,A_conditional,FROZEN,79,,,,125.06704669606822,124.78338135354178
sustained_7,A_conditional,FROZEN,80,,,,127.45371309891455,126.69678323038066
sustained_7,A_conditional,FROZEN,81,,,,129.42948466333684,128.48730910215448
sustained_7,A_conditional,FROZEN,82,,,,131.47221330454596,130.36380476911955
sustained_7,A_conditional,FROZEN,83,,,,133.13314141268654,132.24410069069592
sustained_7,A_conditional,FROZEN,84,,,,135.14413177252683,134.15811584329876
sustained_7,A_conditional,FROZEN,85,,,,137.43889624762895,135.9354642105804
sustained_7,A_conditional,FROZEN,86,,,,139.60447150191635,137.82386133226657
sustained_7,A_conditional,FROZEN,87,,,,141.70765087800777,139.6981377671858
sustained_7,A_conditional,FROZEN,88,,,,143.36231618927883,141.60706760609693
sustained_7,A_conditional,FROZEN,89,,,,145.51379820170146,143.38921958543563
sustained_7,A_conditional,FROZEN,90,,,,147.44745413682693,145.26568533347012
sustained_7,A_conditional,FROZEN,91,,,,148.7275425111013,147.15071522552
sustained_7,A_conditional,FROZEN,92,,,,150.62983886447907,149.08734268703193
sustained_7,A_conditional,FROZEN,93,,,,152.34745090866687,150.9161320495636
sustained_7,A_conditional,FROZEN,94,,,,154.57763278833997,152.7893131730247
sustained_7,A_conditional,FROZEN,95,,,,156.80726999539073,154.65799368798275
sustained_7,A_conditional,FROZEN,96,,,,158.89466378968984,156.56040215126103
sustained_7,A_conditional,FROZEN,97,,,,160.37617494614622,158.367574662092
sustained_7,A_conditional,FROZEN,98,,,,161.73363399331626,160.23119926438238
sustained_7,A_conditional,FROZEN,99,,,,163.63319419938074,162.1103175327984
sustained_7,A_conditional,FROZEN,100,,,,165.75163466551342,164.02483947679303
sustained_7,A_conditional,FROZEN,101,,,,168.1492883322411,165.8074357128675
sustained_7,A_conditional,FROZEN,102,,,,170.6451462123885,167.68876057116665
sustained_7,A_conditional,FROZEN,103,,,,172.89958334729073,169.55226581471567
sustained_7,A_conditional,FROZEN,104,,,,174.97278306097616,171.4624959746603
sustained_7,A_conditional,FROZEN,105,,,,176.35412644187653,173.24405575474378
sustained_7,A_conditional,FROZEN,106,,,,178.42573568848024,175.13468356638052
sustained_7,A_conditional,FROZEN,107,,,,180.5689159317681,177.04083105183972
sustained_7,A_conditional,FROZEN,108,,,,182.40538646780536,178.94366325512698
sustained_7,A_conditional,FROZEN,109,,,,183.97937019390895,180.74877355216984
sustained_7,A_conditional,FROZEN,110,,,,185.7764546624691,182.61232033568865
sustained_7,A_conditional,FROZEN,111,,,,187.58459053921763,184.48986704097467
sustained_7,A_conditional,FROZEN,112,,,,188.72807786812047,186.37561480336777
sustained_7,A_conditional,FROZEN,113,,,,189.83235392199452,187.65508796466705
sustained_7,A_conditional,FROZEN,114,,,,191.21255882319122,188.88286938687386
sustained_7,A_conditional,FROZEN,115,,,,193.09080656519495,190.11065080908068
sustained_7,A_conditional,FROZEN,116,,,,194.25889935525407,191.33843223128747
sustained_7,A_conditional,FROZEN,117,,,,195.71710271418132,192.5662136534943
sustained_7,A_conditional,FROZEN,118,,,,196.99336112360334,193.7939950757011
sustained_7,A_conditional,FROZEN,119,,,,198.01096805850761,195.02177649790792
sustained_7,A_conditional,FROZEN,120,,,,199.21568049721043,196.2495579201147
sustained_7,A_conditional,JOINT,36.23707411,30.8,31.071533392960582,0.2715333929605812,,
sustained_7,A_conditional,JOINT,38.82207411,30.8,31.444132778114646,0.6441327781146455,,
sustained_7,A_conditional,JOINT,41.42207411,30.8,31.767626066312673,0.9676260663126719,,
sustained_7,A_conditional,JOINT,43.96707411,30.8,32.060862914242556,1.260862914242555,,
sustained_7,A_conditional,JOINT,46.52207411,32.2,32.2983348649641,0.09833486496409449,,
sustained_7,A_conditional,JOINT,49.06707411,32.2,32.48198982530519,0.2819898253051889,,
sustained_7,A_conditional,JOINT,51.60707411,32.2,32.65580492661446,0.45580492661445504,,
sustained_7,A_conditional,JOINT,54.40707411,32.7,32.85651430407988,0.15651430407987732,,
sustained_7,A_conditional,JOINT,56.99707411,32.7,32.96516208771588,0.2651620877158791,,
sustained_7,A_conditional,JOINT,59.53707411,32.7,33.073618509115526,0.3736185091155235,,
sustained_7,A_conditional,JOINT,62.24707411,32.7,33.180843253530576,0.48084325353057267,,
sustained_7,A_conditional,JOINT,65.14207411,33.0,33.27639786281767,0.2763978628176673,,
sustained_7,A_conditional,JOINT,67.69707411,33.0,33.337912975513206,0.33791297551320554,,
sustained_7,A_conditional,JOINT,70.26707411,33.0,33.40799444277029,0.4079944427702884,,
sustained_7,A_conditional,JOINT,72.82207411,33.0,33.480101175315184,0.48010117531518404,,
sustained_7,A_conditional,JOINT,75.60707411,33.2,33.49940677490566,0.2994067749056555,,
sustained_7,A_conditional,JOINT,78.15707411,33.2,33.53554996945408,0.3355499694540782,,
sustained_7,A_conditional,JOINT,80.75707411,33.2,33.5936239168025,0.39362391680249686,,
sustained_7,A_conditional,JOINT,83.45207411,33.2,33.611008764086364,0.4110087640863611,,
sustained_7,A_conditional,JOINT,85.92707411,33.2,33.63487570116411,0.4348757011641098,,
sustained_7,A_conditional,JOINT,88.56207411,33.2,33.6516615040882,0.45166150408820016,,
sustained_7,A_conditional,JOINT,91.20207411,33.2,33.698663715098796,0.49866371509879315,,
sustained_7,A_conditional,JOINT,93.87207411,33.2,33.7098379200862,0.5098379200861984,,
sustained_7,A_conditional,JOINT,96.47707411,33.3,33.717585634185184,0.4175856341851869,,
sustained_7,A_conditional,JOINT,99.08707411,33.3,33.73328931313832,0.4332893131383244,,
sustained_7,A_conditional,JOINT,101.80707411,33.3,33.740388572302905,0.44038857230290773,,
sustained_7,A_conditional,JOINT,104.45207411,33.4,33.737933402817376,0.33793340281737727,,
sustained_7,A_conditional,JOINT,107.02707411,33.4,33.75222563460481,0.3522256346048138,,
sustained_7,A_conditional,JOINT,109.67207411,33.4,33.7907541684897,0.3907541684896998,,
sustained_7,A_conditional,JOINT,112.03207411,33.4,33.76619713363618,0.36619713363618445,,
sustained_7,A_conditional,JOINT,114.78707411,33.3,33.37260078072787,0.07260078072787479,,
sustained_7,A_conditional,JOINT,117.29207411,33.3,33.06252994078969,-0.23747005921030961,,
sustained_7,A_conditional,JOINT,120.06207411,33.3,32.76993407695436,-0.5300659230456404,,
sustained_7,A_conditional,JOINT,122.76207411,33.3,32.528048710711246,-0.7719512892887508,,
sustained_7,A_conditional,JOINT,125.48207411,32.1,32.32106079227467,0.22106079227467035,,
sustained_7,A_conditional,JOINT,127.98707411,32.1,32.158217412426616,0.0582174124266146,,
sustained_7,A_conditional,JOINT,130.68707411,32.1,32.008145190692616,-0.09185480930738521,,
sustained_7,A_conditional,JOINT,133.40707411,32.1,31.879737292841494,-0.2202627071585077,,
sustained_7,A_conditional,JOINT,136.11207411,31.6,31.7712993811088,0.17129938110879905,,
sustained_7,A_conditional,JOINT,138.57707411,31.6,31.686758682024827,0.08675868202482562,,
sustained_7,A_conditional,JOINT,141.24707411,31.6,31.60830994760273,0.008309947602729295,,
sustained_7,A_conditional,JOINT,143.88207411,31.6,31.54233890744066,-0.05766109255934282,,
sustained_7,A_conditional,JOINT,146.54207411,31.5,31.485573702180705,-0.014426297819294831,,
sustained_7,A_conditional,JOINT,149.04207411,31.5,31.43992256638388,-0.060077433616118725,,
sustained_7,A_conditional,JOINT,151.66207411,31.5,31.398928685453114,-0.10107131454688556,,
sustained_7,A_conditional,JOINT,154.34207411,31.4,31.36319710938059,-0.03680289061940911,,
sustained_7,A_conditional,JOINT,156.98707411,31.4,31.33317425588228,-0.06682574411771824,,
sustained_7,A_conditional,JOINT,159.55207411,31.4,31.308303692494373,-0.09169630750562519,,
sustained_7,A_conditional,JOINT,162.25207411,31.4,31.285975531915252,-0.11402446808474664,,
sustained_7,A_conditional,JOINT,164.67207411,31.4,31.26883895944552,-0.13116104055447764,,
sustained_7,A_conditional,JOINT,167.05207411,31.4,31.254265619207064,-0.1457343807929341,,
sustained_7,A_conditional,JOINT,169.53707411,31.4,31.241133378012496,-0.158866621987503,,
sustained_7,A_conditional,JOINT,171.95207411,31.4,31.2301330713364,-0.16986692866359832,,
sustained_7,A_conditional,JOINT,174.59707411,31.3,31.219797389371784,-0.08020261062821632,,
sustained_7,A_conditional,JOINT,177.28707411,31.3,31.210856984837587,-0.08914301516241352,,
sustained_7,A_conditional,JOINT,179.75707411,31.3,31.203839923256805,-0.09616007674319604,,
sustained_7,A_conditional,JOINT,0,,,,0.0,0.0
sustained_7,A_conditional,JOINT,1,,,,0.9686100724469064,1.2277814222068093
sustained_7,A_conditional,JOINT,2,,,,2.1744450867185687,2.4555628444136186
sustained_7,A_conditional,JOINT,3,,,,3.4205999747299813,3.683344266620428
sustained_7,A_conditional,JOINT,4,,,,4.8024253174802185,4.911125688827237
sustained_7,A_conditional,JOINT,5,,,,6.241142963389237,6.1389071110340465
sustained_7,A_conditional,JOINT,6,,,,7.161012335888396,7.366688533240856
sustained_7,A_conditional,JOINT,7,,,,8.003777150993086,8.594469955447664
sustained_7,A_conditional,JOINT,8,,,,9.84749495067128,9.822251377654474
sustained_7,A_conditional,JOINT,9,,,,11.494364608590558,11.050032799861285
sustained_7,A_conditional,JOINT,10,,,,12.906970187967122,12.277814222068093
sustained_7,A_conditional,JOINT,11,,,,14.807812532534465,13.505595644274901
sustained_7,A_conditional,JOINT,12,,,,16.576007694109087,14.733377066481712
sustained_7,A_conditional,JOINT,13,,,,19.313183030598942,15.961158488688522
sustained_7,A_conditional,JOINT,14,,,,20.45416507708549,17.18893991089533
sustained_7,A_conditional,JOINT,15,,,,21.465282352855173,18.41672133310214
sustained_7,A_conditional,JOINT,16,,,,22.492460899300507,19.64450275530895
sustained_7,A_conditional,JOINT,17,,,,23.520159690591623,20.87228417751576
sustained_7,A_conditional,JOINT,18,,,,24.963228028928675,22.10006559972257
sustained_7,A_conditional,JOINT,19,,,,26.207151615426586,23.327847021929376
sustained_7,A_conditional,JOINT,20,,,,27.155516937804904,24.555628444136186
sustained_7,A_conditional,JOINT,21,,,,28.0992325356819,25.783409866342996
sustained_7,A_conditional,JOINT,22,,,,28.969336633129465,27.011191288549803
sustained_7,A_conditional,JOINT,23,,,,29.7145676690528,28.238972710756613
sustained_7,A_conditional,JOINT,24,,,,30.750614211790435,29.466754132963423
sustained_7,A_conditional,JOINT,25,,,,32.04206889569155,30.694535555170233
sustained_7,A_conditional,JOINT,26,,,,33.322846483640284,31.922316977377044
sustained_7,A_conditional,JOINT,27,,,,34.34017832060764,33.150098399583854
sustained_7,A_conditional,JOINT,28,,,,35.32848063932825,34.37787982179066
sustained_7,A_conditional,JOINT,29,,,,36.595883909206286,35.60566124399747
sustained_7,A_conditional,JOINT,30,,,,37.6573215942286,36.83344266620428
sustained_7,A_conditional,JOINT,31,,,,39.10269785785056,38.06122408841109
sustained_7,A_conditional,JOINT,32,,,,40.297129790938904,39.2890055106179
sustained_7,A_conditional,JOINT,33,,,,41.646721069466885,40.51678693282471
sustained_7,A_conditional,JOINT,34,,,,42.72247159627137,41.74456835503152
sustained_7,A_conditional,JOINT,35,,,,43.718637728232544,42.97234977723833
sustained_7,A_conditional,JOINT,36,,,,45.40235900152934,44.86077824122938
sustained_7,A_conditional,JOINT,37,,,,47.40520215762981,46.72431934600201
sustained_7,A_conditional,JOINT,38,,,,49.68684551806144,48.66616660129286
sustained_7,A_conditional,JOINT,39,,,,51.48138413759945,50.6038119063892
sustained_7,A_conditional,JOINT,40,,,,53.25336387726943,52.641271683316724
sustained_7,A_conditional,JOINT,41,,,,54.68842838646344,54.49347009588901
sustained_7,A_conditional,JOINT,42,,,,56.10997523621347,56.42736621949409
sustained_7,A_conditional,JOINT,43,,,,57.711538818195834,58.368805338079255
sustained_7,A_conditional,JOINT,44,,,,59.65519109175389,60.40938518083381
sustained_7,A_conditional,JOINT,45,,,,61.984590814950145,62.25169142951308
sustained_7,A_conditional,JOINT,46,,,,63.944668625226925,64.19962813384143
sustained_7,A_conditional,JOINT,47,,,,66.11008323130831,66.14828387856048
sustained_7,A_conditional,JOINT,48,,,,67.3663197037891,68.16672372433092
sustained_7,A_conditional,JOINT,49,,,,68.92991902375492,70.02761856446348
sustained_7,A_conditional,JOINT,50,,,,70.78945780727294,71.95203554281855
sustained_7,A_conditional,JOINT,51,,,,72.50048044517649,73.90094503157852
sustained_7,A_conditional,JOINT,52,,,,74.61348575338575,75.93507746968731
sustained_7,A_conditional,JOINT,53,,,,76.67106038135051,77.80426630358383
sustained_7,A_conditional,JOINT,54,,,,78.5876756129098,79.76794787729503
sustained_7,A_conditional,JOINT,55,,,,79.82768722289278,81.71592954478467
sustained_7,A_conditional,JOINT,56,,,,81.25592931888632,83.73236304668963
sustained_7,A_conditional,JOINT,57,,,,83.16505689920382,85.59933394071653
sustained_7,A_conditional,JOINT,58,,,,85.02533482813203,87.53527568423513
sustained_7,A_conditional,JOINT,59,,,,87.24596930192858,89.47434201799899
sustained_7,A_conditional,JOINT,60,,,,88.95031099231562,91.51609556352733
sustained_7,A_conditional,JOINT,61,,,,91.02855096508148,93.38910779514347
sustained_7,A_conditional,JOINT,62,,,,92.9304786096265,95.33390423764035
sustained_7,A_conditional,JOINT,63,,,,94.66422781258291,97.277312242721
sustained_7,A_conditional,JOINT,64,,,,96.63739747266399,99.3033705593719
sustained_7,A_conditional,JOINT,65,,,,99.05732921410879,101.21877203654861
sustained_7,A_conditional,JOINT,66,,,,101.49682545520187,103.13014061693903
sustained_7,A_conditional,JOINT,67,,,,103.34302335720042,105.0757656531974
sustained_7,A_conditional,JOINT,68,,,,105.33556978100964,107.10783114181999
sustained_7,A_conditional,JOINT,69,,,,106.58315553801715,108.97880515868931
sustained_7,A_conditional,JOINT,70,,,,107.85852522971639,110.92467561994557
sustained_7,A_conditional,JOINT,71,,,,109.68811411313106,112.86016114498788
sustained_7,A_conditional,JOINT,72,,,,111.63640709416707,114.90049126557042
sustained_7,A_conditional,JOINT,73,,,,113.84954938983132,116.76874222167861
sustained_7,A_conditional,JOINT,74,,,,115.93261018200175,118.70013996984828
sustained_7,A_conditional,JOINT,75,,,,117.98722658047993,120.63829705061889
sustained_7,A_conditional,JOINT,76,,,,119.42410215206914,122.67530586869157
sustained_7,A_conditional,JOINT,77,,,,121.3206858124353,124.52795196103955
sustained_7,A_conditional,JOINT,78,,,,123.00410783515605,126.48016547943288
sustained_7,A_conditional,JOINT,79,,,,125.06704669606822,128.42724830415617
sustained_7,A_conditional,JOINT,80,,,,127.45371309891455,130.4665618556231
sustained_7,A_conditional,JOINT,81,,,,129.42948466333684,132.34013088635658
sustained_7,A_conditional,JOINT,82,,,,131.47221330454596,134.28461353008282
sustained_7,A_conditional,JOINT,83,,,,133.13314141268654,136.23589013912846
sustained_7,A_conditional,JOINT,84,,,,135.14413177252683,138.2722577329187
sustained_7,A_conditional,JOINT,85,,,,137.43889624762895,140.1195024641521
sustained_7,A_conditional,JOINT,86,,,,139.60447150191635,142.0831133449285
sustained_7,A_conditional,JOINT,87,,,,141.70765087800777,144.01958288296822
sustained_7,A_conditional,JOINT,88,,,,143.36231618927883,146.05353274175434
sustained_7,A_conditional,JOINT,89,,,,145.51379820170146,147.91834387320995
sustained_7,A_conditional,JOINT,90,,,,147.44745413682693,149.8597954479843
sustained_7,A_conditional,JOINT,91,,,,148.7275425111013,151.8160198213567
sustained_7,A_conditional,JOINT,92,,,,150.62983886447907,153.88436776319202
sustained_7,A_conditional,JOINT,93,,,,152.34745090866687,155.79848679033603
sustained_7,A_conditional,JOINT,94,,,,154.57763278833997,157.7385615809659
sustained_7,A_conditional,JOINT,95,,,,156.80726999539073,159.67402309821708
sustained_7,A_conditional,JOINT,96,,,,158.89466378968984,161.6983357878638
sustained_7,A_conditional,JOINT,97,,,,160.37617494614622,163.57966607071452
sustained_7,A_conditional,JOINT,98,,,,161.73363399331626,165.50862516837105
sustained_7,A_conditional,JOINT,99,,,,163.63319419938074,167.45518088687498
sustained_7,A_conditional,JOINT,100,,,,165.75163466551342,169.48948109129591
sustained_7,A_conditional,JOINT,101,,,,168.1492883322411,171.34977523904786
sustained_7,A_conditional,JOINT,102,,,,170.6451462123885,173.3066616184781
sustained_7,A_conditional,JOINT,103,,,,172.89958334729073,175.23298355078742
sustained_7,A_conditional,JOINT,104,,,,174.97278306097616,177.26570137988602
sustained_7,A_conditional,JOINT,105,,,,176.35412644187653,179.12683464556306
sustained_7,A_conditional,JOINT,106,,,,178.42573568848024,181.08109358931068
sustained_7,A_conditional,JOINT,107,,,,180.5689159317681,183.05357197800723
sustained_7,A_conditional,JOINT,108,,,,182.40538646780536,185.0821716272813
sustained_7,A_conditional,JOINT,109,,,,183.97937019390895,186.97879943846578
sustained_7,A_conditional,JOINT,110,,,,185.7764546624691,188.91194185847323
sustained_7,A_conditional,JOINT,111,,,,187.58459053921763,190.8488016436406
sustained_7,A_conditional,JOINT,112,,,,188.72807786812047,192.80798473823734
sustained_7,A_conditional,JOINT,113,,,,189.83235392199452,194.08753528837198
sustained_7,A_conditional,JOINT,114,,,,191.21255882319122,195.3153167105788
sustained_7,A_conditional,JOINT,115,,,,193.09080656519495,196.54309813278562
sustained_7,A_conditional,JOINT,116,,,,194.25889935525407,197.7708795549924
sustained_7,A_conditional,JOINT,117,,,,195.71710271418132,198.99866097719922
sustained_7,A_conditional,JOINT,118,,,,196.99336112360334,200.22644239940604
sustained_7,A_conditional,JOINT,119,,,,198.01096805850761,201.45422382161286
sustained_7,A_conditional,JOINT,120,,,,199.21568049721043,202.68200524381965
sustained_7,B_arrival,FROZEN,36.23707411,30.8,31.052405997273894,0.25240599727389323,,
sustained_7,B_arrival,FROZEN,38.82207411,30.8,31.388710800581787,0.5887108005817865,,
sustained_7,B_arrival,FROZEN,41.42207411,30.8,31.69289950803903,0.8928995080390294,,
sustained_7,B_arrival,FROZEN,43.96707411,30.8,31.97365982429174,1.1736598242917395,,
sustained_7,B_arrival,FROZEN,46.52207411,32.2,32.20820294028731,0.008202940287304727,,
sustained_7,B_arrival,FROZEN,49.06707411,32.2,32.40952605724449,0.20952605724448858,,
sustained_7,B_arrival,FROZEN,51.60707411,32.2,32.5979881416978,0.3979881416977946,,
sustained_7,B_arrival,FROZEN,54.40707411,32.7,32.80447205839316,0.10447205839315643,,
sustained_7,B_arrival,FROZEN,56.99707411,32.7,32.93962096351815,0.2396209635181492,,
sustained_7,B_arrival,FROZEN,59.53707411,32.7,33.07240567205071,0.37240567205070363,,
sustained_7,B_arrival,FROZEN,62.24707411,32.7,33.20308192306965,0.5030819230696437,,
sustained_7,B_arrival,FROZEN,65.14207411,33.0,33.321479011594235,0.321479011594235,,
sustained_7,B_arrival,FROZEN,67.69707411,33.0,33.41512211734728,0.41512211734728055,,
sustained_7,B_arrival,FROZEN,70.26707411,33.0,33.50694006683555,0.506940066835547,,
sustained_7,B_arrival,FROZEN,72.82207411,33.0,33.59936708663288,0.5993670866328813,,
sustained_7,B_arrival,FROZEN,75.60707411,33.2,33.65176214212081,0.45176214212080623,,
sustained_7,B_arrival,FROZEN,78.15707411,33.2,33.71090902039618,0.510909020396177,,
sustained_7,B_arrival,FROZEN,80.75707411,33.2,33.78245397395187,0.5824539739518642,,
sustained_7,B_arrival,FROZEN,83.45207411,33.2,33.819969811558515,0.6199698115585122,,
sustained_7,B_arrival,FROZEN,85.92707411,33.2,33.861343585491674,0.6613435854916716,,
sustained_7,B_arrival,FROZEN,88.56207411,33.2,33.89940892477967,0.699408924779668,,
sustained_7,B_arrival,FROZEN,91.20207411,33.2,33.95649507406986,0.7564950740698606,,
sustained_7,B_arrival,FROZEN,93.87207411,33.2,33.97044575244686,0.7704457524468538,,
sustained_7,B_arrival,FROZEN,96.47707411,33.3,33.996977480231,0.6969774802310056,,
sustained_7,B_arrival,FROZEN,99.08707411,33.3,34.03061056160214,0.7306105616021412,,
sustained_7,B_arrival,FROZEN,101.80707411,33.3,34.04853719905252,0.7485371990525209,,
sustained_7,B_arrival,FROZEN,104.45207411,33.4,34.06694159562141,0.6669415956214095,,
sustained_7,B_arrival,FROZEN,107.02707411,33.4,34.08648519719564,0.686485197195644,,
sustained_7,B_arrival,FROZEN,109.67207411,33.4,34.11949877041129,0.7194987704112918,,
sustained_7,B_arrival,FROZEN,112.03207411,33.4,34.11002102434518,0.7100210243451812,,
sustained_7,B_arrival,FROZEN,114.78707411,33.3,33.77873228415205,0.47873228415205205,,
sustained_7,B_arrival,FROZEN,117.29207411,33.3,33.51194238939156,0.21194238939155952,,
sustained_7,B_arrival,FROZEN,120.06207411,33.3,33.25068723162531,-0.04931276837469056,,
sustained_7,B_arrival,FROZEN,122.76207411,33.3,33.02622511809926,-0.27377488190073507,,
sustained_7,B_arrival,FROZEN,125.48207411,32.1,32.8266741148029,0.726674114802897,,
sustained_7,B_arrival,FROZEN,127.98707411,32.1,32.66378328159796,0.5637832815979564,,
sustained_7,B_arrival,FROZEN,130.68707411,32.1,32.50806801661235,0.40806801661234715,,
sustained_7,B_arrival,FROZEN,133.40707411,32.1,32.369642374047,0.2696423740469953,,
sustained_7,B_arrival,FROZEN,136.11207411,31.6,32.24818375096684,0.6481837509668367,,
sustained_7,B_arrival,FROZEN,138.57707411,31.6,32.14996508452165,0.549965084521645,,
sustained_7,B_arrival,FROZEN,141.24707411,31.6,32.055464468555186,0.45546446855518496,,
sustained_7,B_arrival,FROZEN,143.88207411,31.6,31.972957996967786,0.3729579969677843,,
sustained_7,B_arrival,FROZEN,146.54207411,31.5,31.899256661032627,0.39925666103262714,,
sustained_7,B_arrival,FROZEN,149.04207411,31.5,31.837777600354993,0.33777760035499327,,
sustained_7,B_arrival,FROZEN,151.66207411,31.5,31.780533781569932,0.28053378156993247,,
sustained_7,B_arrival,FROZEN,154.34207411,31.4,31.728728607091764,0.3287286070917652,,
sustained_7,B_arrival,FROZEN,156.98707411,31.4,31.68352294884725,0.2835229488472528,,
sustained_7,B_arrival,FROZEN,159.55207411,31.4,31.64466167106069,0.24466167106069037,,
sustained_7,B_arrival,FROZEN,162.25207411,31.4,31.608442801126753,0.20844280112675406,,
sustained_7,B_arrival,FROZEN,164.67207411,31.4,31.579609844094204,0.17960984409420533,,
sustained_7,B_arrival,FROZEN,167.05207411,31.4,31.554234899047135,0.15423489904713605,,
sustained_7,B_arrival,FROZEN,169.53707411,31.4,31.530560925216893,0.13056092521689422,,
sustained_7,B_arrival,FROZEN,171.95207411,31.4,31.51002182609471,0.11002182609471234,,
sustained_7,B_arrival,FROZEN,174.59707411,31.3,31.490011891450465,0.19001189145046382,,
sustained_7,B_arrival,FROZEN,177.28707411,31.3,31.47202685480825,0.17202685480824798,,
sustained_7,B_arrival,FROZEN,179.75707411,31.3,31.457375193430817,0.1573751934308163,,
sustained_7,B_arrival,FROZEN,0,,,,0.0,0.0
sustained_7,B_arrival,FROZEN,1,,,,0.9686100724469064,1.2277814222068093
sustained_7,B_arrival,FROZEN,2,,,,2.1744450867185687,2.4555628444136186
sustained_7,B_arrival,FROZEN,3,,,,3.4205999747299813,3.683344266620428
sustained_7,B_arrival,FROZEN,4,,,,4.8024253174802185,4.911125688827237
sustained_7,B_arrival,FROZEN,5,,,,6.241142963389237,6.1389071110340465
sustained_7,B_arrival,FROZEN,6,,,,7.161012335888396,7.366688533240856
sustained_7,B_arrival,FROZEN,7,,,,8.003777150993086,8.594469955447664
sustained_7,B_arrival,FROZEN,8,,,,9.84749495067128,9.822251377654474
sustained_7,B_arrival,FROZEN,9,,,,11.494364608590558,11.050032799861285
sustained_7,B_arrival,FROZEN,10,,,,12.906970187967122,12.277814222068093
sustained_7,B_arrival,FROZEN,11,,,,14.807812532534465,13.505595644274901
sustained_7,B_arrival,FROZEN,12,,,,16.576007694109087,14.733377066481712
sustained_7,B_arrival,FROZEN,13,,,,19.313183030598942,15.961158488688522
sustained_7,B_arrival,FROZEN,14,,,,20.45416507708549,17.18893991089533
sustained_7,B_arrival,FROZEN,15,,,,21.465282352855173,18.41672133310214
sustained_7,B_arrival,FROZEN,16,,,,22.492460899300507,19.64450275530895
sustained_7,B_arrival,FROZEN,17,,,,23.520159690591623,20.87228417751576
sustained_7,B_arrival,FROZEN,18,,,,24.963228028928675,22.10006559972257
sustained_7,B_arrival,FROZEN,19,,,,26.207151615426586,23.327847021929376
sustained_7,B_arrival,FROZEN,20,,,,27.155516937804904,24.555628444136186
sustained_7,B_arrival,FROZEN,21,,,,28.0992325356819,25.783409866342996
sustained_7,B_arrival,FROZEN,22,,,,28.969336633129465,27.011191288549803
sustained_7,B_arrival,FROZEN,23,,,,29.7145676690528,28.238972710756613
sustained_7,B_arrival,FROZEN,24,,,,30.750614211790435,29.466754132963423
sustained_7,B_arrival,FROZEN,25,,,,32.04206889569155,30.694535555170233
sustained_7,B_arrival,FROZEN,26,,,,33.322846483640284,31.922316977377044
sustained_7,B_arrival,FROZEN,27,,,,34.34017832060764,33.150098399583854
sustained_7,B_arrival,FROZEN,28,,,,35.32848063932825,34.37787982179066
sustained_7,B_arrival,FROZEN,29,,,,36.595883909206286,35.60566124399747
sustained_7,B_arrival,FROZEN,30,,,,37.6573215942286,36.83344266620428
sustained_7,B_arrival,FROZEN,31,,,,39.10269785785056,38.06122408841109
sustained_7,B_arrival,FROZEN,32,,,,40.297129790938904,39.2890055106179
sustained_7,B_arrival,FROZEN,33,,,,41.646721069466885,40.51678693282471
sustained_7,B_arrival,FROZEN,34,,,,42.72247159627137,41.74456835503152
sustained_7,B_arrival,FROZEN,35,,,,43.718637728232544,42.97234977723833
sustained_7,B_arrival,FROZEN,36,,,,45.40235900152934,44.803360772590544
sustained_7,B_arrival,FROZEN,37,,,,47.40520215762981,46.60315323122152
sustained_7,B_arrival,FROZEN,38,,,,49.68684551806144,48.49089172171396
sustained_7,B_arrival,FROZEN,39,,,,51.48138413759945,50.37863021220639
sustained_7,B_arrival,FROZEN,40,,,,53.25336387726943,52.30134590094643
sustained_7,B_arrival,FROZEN,41,,,,54.68842838646344,54.10113835957741
sustained_7,B_arrival,FROZEN,42,,,,56.10997523621347,55.98887685006985
sustained_7,B_arrival,FROZEN,43,,,,57.711538818195834,57.87661534056228
sustained_7,B_arrival,FROZEN,44,,,,59.65519109175389,59.79933102930232
sustained_7,B_arrival,FROZEN,45,,,,61.984590814950145,61.599123487933305
sustained_7,B_arrival,FROZEN,46,,,,63.944668625226925,63.48686197842574
sustained_7,B_arrival,FROZEN,47,,,,66.11008323130831,65.37460046891817
sustained_7,B_arrival,FROZEN,48,,,,67.3663197037891,67.29731615765822
sustained_7,B_arrival,FROZEN,49,,,,68.92991902375492,69.0971086162892
sustained_7,B_arrival,FROZEN,50,,,,70.78945780727294,70.98484710678164
sustained_7,B_arrival,FROZEN,51,,,,72.50048044517649,72.87258559727407
sustained_7,B_arrival,FROZEN,52,,,,74.61348575338575,74.79530128601411
sustained_7,B_arrival,FROZEN,53,,,,76.67106038135051,76.59509374464508
sustained_7,B_arrival,FROZEN,54,,,,78.5876756129098,78.48283223513754
sustained_7,B_arrival,FROZEN,55,,,,79.82768722289278,80.37057072562996
sustained_7,B_arrival,FROZEN,56,,,,81.25592931888632,82.29328641436999
sustained_7,B_arrival,FROZEN,57,,,,83.16505689920382,84.09307887300098
sustained_7,B_arrival,FROZEN,58,,,,85.02533482813203,85.98081736349341
sustained_7,B_arrival,FROZEN,59,,,,87.24596930192858,87.86855585398585
sustained_7,B_arrival,FROZEN,60,,,,88.95031099231562,89.7912715427259
sustained_7,B_arrival,FROZEN,61,,,,91.02855096508148,91.59106400135687
sustained_7,B_arrival,FROZEN,62,,,,92.9304786096265,93.47880249184931
sustained_7,B_arrival,FROZEN,63,,,,94.66422781258291,95.36654098234175
sustained_7,B_arrival,FROZEN,64,,,,96.63739747266399,97.28925667108179
sustained_7,B_arrival,FROZEN,65,,,,99.05732921410879,99.08904912971276
sustained_7,B_arrival,FROZEN,66,,,,101.49682545520187,100.97678762020522
sustained_7,B_arrival,FROZEN,67,,,,103.34302335720042,102.86452611069764
sustained_7,B_arrival,FROZEN,68,,,,105.33556978100964,104.78724179943768
sustained_7,B_arrival,FROZEN,69,,,,106.58315553801715,106.58703425806867
sustained_7,B_arrival,FROZEN,70,,,,107.85852522971639,108.47477274856111
sustained_7,B_arrival,FROZEN,71,,,,109.68811411313106,110.36251123905353
sustained_7,B_arrival,FROZEN,72,,,,111.63640709416707,112.28522692779357
sustained_7,B_arrival,FROZEN,73,,,,113.84954938983132,114.08501938642456
sustained_7,B_arrival,FROZEN,74,,,,115.93261018200175,115.972757876917
sustained_7,B_arrival,FROZEN,75,,,,117.98722658047993,117.86049636740944
sustained_7,B_arrival,FROZEN,76,,,,119.42410215206914,119.78321205614947
sustained_7,B_arrival,FROZEN,77,,,,121.3206858124353,121.58300451478047
sustained_7,B_arrival,FROZEN,78,,,,123.00410783515605,123.4707430052729
sustained_7,B_arrival,FROZEN,79,,,,125.06704669606822,125.35848149576533
sustained_7,B_arrival,FROZEN,80,,,,127.45371309891455,127.28119718450536
sustained_7,B_arrival,FROZEN,81,,,,129.42948466333684,129.08098964313635
sustained_7,B_arrival,FROZEN,82,,,,131.47221330454596,130.9687281336288
sustained_7,B_arrival,FROZEN,83,,,,133.13314141268654,132.85646662412123
sustained_7,B_arrival,FROZEN,84,,,,135.14413177252683,134.77918231286125
sustained_7,B_arrival,FROZEN,85,,,,137.43889624762895,136.57897477149226
sustained_7,B_arrival,FROZEN,86,,,,139.60447150191635,138.4667132619847
sustained_7,B_arrival,FROZEN,87,,,,141.70765087800777,140.35445175247713
sustained_7,B_arrival,FROZEN,88,,,,143.36231618927883,142.27716744121716
sustained_7,B_arrival,FROZEN,89,,,,145.51379820170146,144.07695989984813
sustained_7,B_arrival,FROZEN,90,,,,147.44745413682693,145.96469839034057
sustained_7,B_arrival,FROZEN,91,,,,148.7275425111013,147.852436880833
sustained_7,B_arrival,FROZEN,92,,,,150.62983886447907,149.77515256957304
sustained_7,B_arrival,FROZEN,93,,,,152.34745090866687,151.57494502820404
sustained_7,B_arrival,FROZEN,94,,,,154.57763278833997,153.46268351869645
sustained_7,B_arrival,FROZEN,95,,,,156.80726999539073,155.35042200918892
sustained_7,B_arrival,FROZEN,96,,,,158.89466378968984,157.27313769792895
sustained_7,B_arrival,FROZEN,97,,,,160.37617494614622,159.07293015655992
sustained_7,B_arrival,FROZEN,98,,,,161.73363399331626,160.96066864705236
sustained_7,B_arrival,FROZEN,99,,,,163.63319419938074,162.8484071375448
sustained_7,B_arrival,FROZEN,100,,,,165.75163466551342,164.77112282628485
sustained_7,B_arrival,FROZEN,101,,,,168.1492883322411,166.57091528491583
sustained_7,B_arrival,FROZEN,102,,,,170.6451462123885,168.45865377540827
sustained_7,B_arrival,FROZEN,103,,,,172.89958334729073,170.3463922659007
sustained_7,B_arrival,FROZEN,104,,,,174.97278306097616,172.26910795464073
sustained_7,B_arrival,FROZEN,105,,,,176.35412644187653,174.0689004132717
sustained_7,B_arrival,FROZEN,106,,,,178.42573568848024,175.95663890376414
sustained_7,B_arrival,FROZEN,107,,,,180.5689159317681,177.84437739425658
sustained_7,B_arrival,FROZEN,108,,,,182.40538646780536,179.76709308299664
sustained_7,B_arrival,FROZEN,109,,,,183.97937019390895,181.5668855416276
sustained_7,B_arrival,FROZEN,110,,,,185.7764546624691,183.45462403212005
sustained_7,B_arrival,FROZEN,111,,,,187.58459053921763,185.3423625226125
sustained_7,B_arrival,FROZEN,112,,,,188.72807786812047,187.2301010131049
sustained_7,B_arrival,FROZEN,113,,,,189.83235392199452,188.47286369267664
sustained_7,B_arrival,FROZEN,114,,,,191.21255882319122,189.70064511488346
sustained_7,B_arrival,FROZEN,115,,,,193.09080656519495,190.92842653709027
sustained_7,B_arrival,FROZEN,116,,,,194.25889935525407,192.15620795929706
sustained_7,B_arrival,FROZEN,117,,,,195.71710271418132,193.38398938150388
sustained_7,B_arrival,FROZEN,118,,,,196.99336112360334,194.6117708037107
sustained_7,B_arrival,FROZEN,119,,,,198.01096805850761,195.83955222591752
sustained_7,B_arrival,FROZEN,120,,,,199.21568049721043,197.0673336481243
sustained_7,B_arrival,JOINT,36.23707411,30.8,31.067276401980834,0.26727640198083336,,
sustained_7,B_arrival,JOINT,38.82207411,30.8,31.442399145161033,0.6423991451610327,,
sustained_7,B_arrival,JOINT,41.42207411,30.8,31.76924321782112,0.9692432178211199,,
sustained_7,B_arrival,JOINT,43.96707411,30.8,32.06201025275821,1.2620102527582127,,
sustained_7,B_arrival,JOINT,46.52207411,32.2,32.295052994676226,0.09505299467622308,,
sustained_7,B_arrival,JOINT,49.06707411,32.2,32.48595420686851,0.28595420686851014,,
sustained_7,B_arrival,JOINT,51.60707411,32.2,32.66014960259994,0.46014960259993387,,
sustained_7,B_arrival,JOINT,54.40707411,32.7,32.85015408726368,0.15015408726367951,,
sustained_7,B_arrival,JOINT,56.99707411,32.7,32.96008784946287,0.2600878494628702,,
sustained_7,B_arrival,JOINT,59.53707411,32.7,33.0693024543621,0.3693024543620993,,
sustained_7,B_arrival,JOINT,62.24707411,32.7,33.174499472695466,0.474499472695463,,
sustained_7,B_arrival,JOINT,65.14207411,33.0,33.26403444166272,0.26403444166272294,,
sustained_7,B_arrival,JOINT,67.69707411,33.0,33.332507341788016,0.3325073417880162,,
sustained_7,B_arrival,JOINT,70.26707411,33.0,33.40086143914516,0.40086143914516015,,
sustained_7,B_arrival,JOINT,72.82207411,33.0,33.472485579386976,0.47248557938697644,,
sustained_7,B_arrival,JOINT,75.60707411,33.2,33.49591107968674,0.29591107968673924,,
sustained_7,B_arrival,JOINT,78.15707411,33.2,33.53306096012151,0.3330609601215073,,
sustained_7,B_arrival,JOINT,80.75707411,33.2,33.58658833446186,0.38658833446185525,,
sustained_7,B_arrival,JOINT,83.45207411,33.2,33.600978531613144,0.40097853161314134,,
sustained_7,B_arrival,JOINT,85.92707411,33.2,33.62450058861858,0.424500588618578,,
sustained_7,B_arrival,JOINT,88.56207411,33.2,33.64452975442475,0.4445297544247495,,
sustained_7,B_arrival,JOINT,91.20207411,33.2,33.68906044440771,0.4890604444077056,,
sustained_7,B_arrival,JOINT,93.87207411,33.2,33.684084918894456,0.48408491889445315,,
sustained_7,B_arrival,JOINT,96.47707411,33.3,33.69634683506727,0.39634683506726986,,
sustained_7,B_arrival,JOINT,99.08707411,33.3,33.71861161731245,0.41861161731245033,,
sustained_7,B_arrival,JOINT,101.80707411,33.3,33.72304475383083,0.42304475383082973,,
sustained_7,B_arrival,JOINT,104.45207411,33.4,33.73001885434052,0.3300188543405227,,
sustained_7,B_arrival,JOINT,107.02707411,33.4,33.740003750252285,0.34000375025228635,,
sustained_7,B_arrival,JOINT,109.67207411,33.4,33.76675517265194,0.366755172651942,,
sustained_7,B_arrival,JOINT,112.03207411,33.4,33.7454815529823,0.34548155298229943,,
sustained_7,B_arrival,JOINT,114.78707411,33.3,33.349968175394004,0.049968175394006664,,
sustained_7,B_arrival,JOINT,117.29207411,33.3,33.0430588487688,-0.2569411512311959,,
sustained_7,B_arrival,JOINT,120.06207411,33.3,32.75344738953299,-0.5465526104670104,,
sustained_7,B_arrival,JOINT,122.76207411,33.3,32.51403018038227,-0.7859698196177263,,
sustained_7,B_arrival,JOINT,125.48207411,32.1,32.30915523149254,0.209155231492538,,
sustained_7,B_arrival,JOINT,127.98707411,32.1,32.147974920847346,0.047974920847345004,,
sustained_7,B_arrival,JOINT,130.68707411,32.1,31.999436062219537,-0.10056393778046413,,
sustained_7,B_arrival,JOINT,133.40707411,32.1,31.872340864260014,-0.2276591357399873,,
sustained_7,B_arrival,JOINT,136.11207411,31.6,31.765012131217368,0.1650121312173667,,
sustained_7,B_arrival,JOINT,138.57707411,31.6,31.681336677170783,0.08133667717078197,,
sustained_7,B_arrival,JOINT,141.24707411,31.6,31.603691334861043,0.003691334861041895,,
sustained_7,B_arrival,JOINT,143.88207411,31.6,31.5383963666984,-0.061603633301601235,,
sustained_7,B_arrival,JOINT,146.54207411,31.5,31.482213319849162,-0.017786680150837952,,
sustained_7,B_arrival,JOINT,149.04207411,31.5,31.437030722264893,-0.06296927773510674,,
sustained_7,B_arrival,JOINT,151.66207411,31.5,31.396457924082178,-0.10354207591782227,,
sustained_7,B_arrival,JOINT,154.34207411,31.4,31.36109371071146,-0.03890628928853701,,
sustained_7,B_arrival,JOINT,156.98707411,31.4,31.33137983059718,-0.0686201694028199,,
sustained_7,B_arrival,JOINT,159.55207411,31.4,31.3067654811581,-0.09323451884189993,,
sustained_7,B_arrival,JOINT,162.25207411,31.4,31.284667600144676,-0.11533239985532262,,
sustained_7,B_arrival,JOINT,164.67207411,31.4,31.267707971130793,-0.13229202886920532,,
sustained_7,B_arrival,JOINT,167.05207411,31.4,31.253285284073034,-0.14671471592696506,,
sustained_7,B_arrival,JOINT,169.53707411,31.4,31.240288970600076,-0.1597110293999222,,
sustained_7,B_arrival,JOINT,171.95207411,31.4,31.229402680201606,-0.170597319798393,,
sustained_7,B_arrival,JOINT,174.59707411,31.3,31.219174287180305,-0.08082571281969564,,
sustained_7,B_arrival,JOINT,177.28707411,31.3,31.210326846495608,-0.08967315350439264,,
sustained_7,B_arrival,JOINT,179.75707411,31.3,31.203382879303238,-0.09661712069676298,,
sustained_7,B_arrival,JOINT,0,,,,0.0,0.0
sustained_7,B_arrival,JOINT,1,,,,0.9686100724469064,1.2277814222068093
sustained_7,B_arrival,JOINT,2,,,,2.1744450867185687,2.4555628444136186
sustained_7,B_arrival,JOINT,3,,,,3.4205999747299813,3.683344266620428
sustained_7,B_arrival,JOINT,4,,,,4.8024253174802185,4.911125688827237
sustained_7,B_arrival,JOINT,5,,,,6.241142963389237,6.1389071110340465
sustained_7,B_arrival,JOINT,6,,,,7.161012335888396,7.366688533240856
sustained_7,B_arrival,JOINT,7,,,,8.003777150993086,8.594469955447664
sustained_7,B_arrival,JOINT,8,,,,9.84749495067128,9.822251377654474
sustained_7,B_arrival,JOINT,9,,,,11.494364608590558,11.050032799861285
sustained_7,B_arrival,JOINT,10,,,,12.906970187967122,12.277814222068093
sustained_7,B_arrival,JOINT,11,,,,14.807812532534465,13.505595644274901
sustained_7,B_arrival,JOINT,12,,,,16.576007694109087,14.733377066481712
sustained_7,B_arrival,JOINT,13,,,,19.313183030598942,15.961158488688522
sustained_7,B_arrival,JOINT,14,,,,20.45416507708549,17.18893991089533
sustained_7,B_arrival,JOINT,15,,,,21.465282352855173,18.41672133310214
sustained_7,B_arrival,JOINT,16,,,,22.492460899300507,19.64450275530895
sustained_7,B_arrival,JOINT,17,,,,23.520159690591623,20.87228417751576
sustained_7,B_arrival,JOINT,18,,,,24.963228028928675,22.10006559972257
sustained_7,B_arrival,JOINT,19,,,,26.207151615426586,23.327847021929376
sustained_7,B_arrival,JOINT,20,,,,27.155516937804904,24.555628444136186
sustained_7,B_arrival,JOINT,21,,,,28.0992325356819,25.783409866342996
sustained_7,B_arrival,JOINT,22,,,,28.969336633129465,27.011191288549803
sustained_7,B_arrival,JOINT,23,,,,29.7145676690528,28.238972710756613
sustained_7,B_arrival,JOINT,24,,,,30.750614211790435,29.466754132963423
sustained_7,B_arrival,JOINT,25,,,,32.04206889569155,30.694535555170233
sustained_7,B_arrival,JOINT,26,,,,33.322846483640284,31.922316977377044
sustained_7,B_arrival,JOINT,27,,,,34.34017832060764,33.150098399583854
sustained_7,B_arrival,JOINT,28,,,,35.32848063932825,34.37787982179066
sustained_7,B_arrival,JOINT,29,,,,36.595883909206286,35.60566124399747
sustained_7,B_arrival,JOINT,30,,,,37.6573215942286,36.83344266620428
sustained_7,B_arrival,JOINT,31,,,,39.10269785785056,38.06122408841109
sustained_7,B_arrival,JOINT,32,,,,40.297129790938904,39.2890055106179
sustained_7,B_arrival,JOINT,33,,,,41.646721069466885,40.51678693282471
sustained_7,B_arrival,JOINT,34,,,,42.72247159627137,41.74456835503152
sustained_7,B_arrival,JOINT,35,,,,43.718637728232544,42.97234977723833
sustained_7,B_arrival,JOINT,36,,,,45.40235900152934,44.862758366124964
sustained_7,B_arrival,JOINT,37,,,,47.40520215762981,46.73353624917309
sustained_7,B_arrival,JOINT,38,,,,49.68684551806144,48.68610362471957
sustained_7,B_arrival,JOINT,39,,,,51.48138413759945,50.638671000266044
sustained_7,B_arrival,JOINT,40,,,,53.25336387726943,52.68382058276016
sustained_7,B_arrival,JOINT,41,,,,54.68842838646344,54.5545984658083
sustained_7,B_arrival,JOINT,42,,,,56.10997523621347,56.50716584135478
sustained_7,B_arrival,JOINT,43,,,,57.711538818195834,58.459733216901256
sustained_7,B_arrival,JOINT,44,,,,59.65519109175389,60.50488279939536
sustained_7,B_arrival,JOINT,45,,,,61.984590814950145,62.375660682443495
sustained_7,B_arrival,JOINT,46,,,,63.944668625226925,64.32822805798997
sustained_7,B_arrival,JOINT,47,,,,66.11008323130831,66.28079543353645
sustained_7,B_arrival,JOINT,48,,,,67.3663197037891,68.32594501603057
sustained_7,B_arrival,JOINT,49,,,,68.92991902375492,70.19672289907871
sustained_7,B_arrival,JOINT,50,,,,70.78945780727294,72.14929027462519
sustained_7,B_arrival,JOINT,51,,,,72.50048044517649,74.10185765017165
sustained_7,B_arrival,JOINT,52,,,,74.61348575338575,76.14700723266577
sustained_7,B_arrival,JOINT,53,,,,76.67106038135051,78.0177851157139
sustained_7,B_arrival,JOINT,54,,,,78.5876756129098,79.97035249126039
sustained_7,B_arrival,JOINT,55,,,,79.82768722289278,81.92291986680685
sustained_7,B_arrival,JOINT,56,,,,81.25592931888632,83.96806944930097
sustained_7,B_arrival,JOINT,57,,,,83.16505689920382,85.8388473323491
sustained_7,B_arrival,JOINT,58,,,,85.02533482813203,87.79141470789558
sustained_7,B_arrival,JOINT,59,,,,87.24596930192858,89.74398208344206
sustained_7,B_arrival,JOINT,60,,,,88.95031099231562,91.78913166593617
sustained_7,B_arrival,JOINT,61,,,,91.02855096508148,93.65990954898432
sustained_7,B_arrival,JOINT,62,,,,92.9304786096265,95.61247692453078
sustained_7,B_arrival,JOINT,63,,,,94.66422781258291,97.56504430007726
sustained_7,B_arrival,JOINT,64,,,,96.63739747266399,99.61019388257138
sustained_7,B_arrival,JOINT,65,,,,99.05732921410879,101.48097176561953
sustained_7,B_arrival,JOINT,66,,,,101.49682545520187,103.43353914116601
sustained_7,B_arrival,JOINT,67,,,,103.34302335720042,105.38610651671247
sustained_7,B_arrival,JOINT,68,,,,105.33556978100964,107.43125609920659
sustained_7,B_arrival,JOINT,69,,,,106.58315553801715,109.30203398225473
sustained_7,B_arrival,JOINT,70,,,,107.85852522971639,111.25460135780122
sustained_7,B_arrival,JOINT,71,,,,109.68811411313106,113.20716873334769
sustained_7,B_arrival,JOINT,72,,,,111.63640709416707,115.25231831584179
sustained_7,B_arrival,JOINT,73,,,,113.84954938983132,117.12309619888994
sustained_7,B_arrival,JOINT,74,,,,115.93261018200175,119.07566357443642
sustained_7,B_arrival,JOINT,75,,,,117.98722658047993,121.0282309499829
sustained_7,B_arrival,JOINT,76,,,,119.42410215206914,123.07338053247699
sustained_7,B_arrival,JOINT,77,,,,121.3206858124353,124.94415841552515
sustained_7,B_arrival,JOINT,78,,,,123.00410783515605,126.89672579107162
sustained_7,B_arrival,JOINT,79,,,,125.06704669606822,128.8492931666181
sustained_7,B_arrival,JOINT,80,,,,127.45371309891455,130.89444274911222
sustained_7,B_arrival,JOINT,81,,,,129.42948466333684,132.76522063216035
sustained_7,B_arrival,JOINT,82,,,,131.47221330454596,134.71778800770684
sustained_7,B_arrival,JOINT,83,,,,133.13314141268654,136.6703553832533
sustained_7,B_arrival,JOINT,84,,,,135.14413177252683,138.7155049657474
sustained_7,B_arrival,JOINT,85,,,,137.43889624762895,140.58628284879558
sustained_7,B_arrival,JOINT,86,,,,139.60447150191635,142.53885022434204
sustained_7,B_arrival,JOINT,87,,,,141.70765087800777,144.4914175998885
sustained_7,B_arrival,JOINT,88,,,,143.36231618927883,146.5365671823826
sustained_7,B_arrival,JOINT,89,,,,145.51379820170146,148.40734506543077
sustained_7,B_arrival,JOINT,90,,,,147.44745413682693,150.35991244097724
sustained_7,B_arrival,JOINT,91,,,,148.7275425111013,152.31247981652373
sustained_7,B_arrival,JOINT,92,,,,150.62983886447907,154.3576293990178
sustained_7,B_arrival,JOINT,93,,,,152.34745090866687,156.22840728206597
sustained_7,B_arrival,JOINT,94,,,,154.57763278833997,158.18097465761247
sustained_7,B_arrival,JOINT,95,,,,156.80726999539073,160.13354203315896
sustained_7,B_arrival,JOINT,96,,,,158.89466378968984,162.17869161565304
sustained_7,B_arrival,JOINT,97,,,,160.37617494614622,164.04946949870117
sustained_7,B_arrival,JOINT,98,,,,161.73363399331626,166.00203687424766
sustained_7,B_arrival,JOINT,99,,,,163.63319419938074,167.95460424979413
sustained_7,B_arrival,JOINT,100,,,,165.75163466551342,169.99975383228823
sustained_7,B_arrival,JOINT,101,,,,168.1492883322411,171.8705317153364
sustained_7,B_arrival,JOINT,102,,,,170.6451462123885,173.82309909088286
sustained_7,B_arrival,JOINT,103,,,,172.89958334729073,175.77566646642936
sustained_7,B_arrival,JOINT,104,,,,174.97278306097616,177.82081604892346
sustained_7,B_arrival,JOINT,105,,,,176.35412644187653,179.6915939319716
sustained_7,B_arrival,JOINT,106,,,,178.42573568848024,181.64416130751806
sustained_7,B_arrival,JOINT,107,,,,180.5689159317681,183.59672868306455
sustained_7,B_arrival,JOINT,108,,,,182.40538646780536,185.64187826555866
sustained_7,B_arrival,JOINT,109,,,,183.97937019390895,187.5126561486068
sustained_7,B_arrival,JOINT,110,,,,185.7764546624691,189.4652235241533
sustained_7,B_arrival,JOINT,111,,,,187.58459053921763,191.41779089969978
sustained_7,B_arrival,JOINT,112,,,,188.72807786812047,193.37035827524622
sustained_7,B_arrival,JOINT,113,,,,189.83235392199452,194.61314338358667
sustained_7,B_arrival,JOINT,114,,,,191.21255882319122,195.8409248057935
sustained_7,B_arrival,JOINT,115,,,,193.09080656519495,197.0687062280003
sustained_7,B_arrival,JOINT,116,,,,194.25889935525407,198.2964876502071
sustained_7,B_arrival,JOINT,117,,,,195.71710271418132,199.52426907241392
sustained_7,B_arrival,JOINT,118,,,,196.99336112360334,200.75205049462073
sustained_7,B_arrival,JOINT,119,,,,198.01096805850761,201.97983191682755
sustained_7,B_arrival,JOINT,120,,,,199.21568049721043,203.20761333903434
confirmation_180_C0,A_conditional,FROZEN,37.246899757999984,29.2,29.161055640832643,-0.03894435916735617,,
confirmation_180_C0,A_conditional,FROZEN,39.731899758,29.2,29.13177852646717,-0.06822147353283015,,
confirmation_180_C0,A_conditional,FROZEN,42.276899759,28.9,29.105687163341234,0.20568716334123494,,
confirmation_180_C0,A_conditional,FROZEN,44.81689975799998,28.9,29.083094181523137,0.1830941815231384,,
confirmation_180_C0,A_conditional,FROZEN,47.421899758999984,28.9,29.06305387200142,0.16305387200142007,,
confirmation_180_C0,A_conditional,FROZEN,49.971899758999996,28.9,29.04612195904847,0.1461219590484717,,
confirmation_180_C0,A_conditional,FROZEN,52.42689975899998,28.7,29.032017103906796,0.3320171039067965,,
confirmation_180_C0,A_conditional,FROZEN,54.88689975899996,28.7,29.019777835837296,0.31977783583729646,,
confirmation_180_C0,A_conditional,FROZEN,57.351899758,28.7,29.00918201848608,0.30918201848608007,,
confirmation_180_C0,A_conditional,FROZEN,59.781899759,28.7,29.000169719357864,0.3001697193578643,,
confirmation_180_C0,A_conditional,FROZEN,62.256899758999964,28.7,28.992271202966922,0.29227120296692277,,
confirmation_180_C0,A_conditional,FROZEN,64.81689975799998,28.7,28.985288835939038,0.2852888359390384,,
confirmation_180_C0,A_conditional,FROZEN,67.37689975799998,28.7,28.97935710565668,0.27935710565667904,,
confirmation_180_C0,A_conditional,FROZEN,69.94189975799998,28.7,28.97432788431533,0.27432788431532984,,
confirmation_180_C0,A_conditional,FROZEN,72.401899759,28.6,28.970250482530925,0.3702504825309241,,
confirmation_180_C0,A_conditional,FROZEN,74.846899758,28.6,28.966826371077534,0.3668263710775328,,
confirmation_180_C0,A_conditional,FROZEN,77.401899759,28.6,28.96382875833536,0.36382875833535877,,
confirmation_180_C0,A_conditional,FROZEN,79.87189975899997,28.6,28.961419053621196,0.3614190536211943,,
confirmation_180_C0,A_conditional,FROZEN,82.44189975799998,28.7,28.9593507946518,0.25935079465180166,,
confirmation_180_C0,A_conditional,FROZEN,84.981899758,28.7,28.95768503858353,0.2576850385835314,,
confirmation_180_C0,A_conditional,FROZEN,87.57689975799997,28.7,28.956315640356365,0.256315640356366,,
confirmation_180_C0,A_conditional,FROZEN,90.11689975799999,28.7,28.955253115095214,0.25525311509521487,,
confirmation_180_C0,A_conditional,FROZEN,92.55189975799999,28.6,28.95445465691979,0.3544546569197884,,
confirmation_180_C0,A_conditional,FROZEN,95.13689975899996,28.6,28.953807568961608,0.3538075689616065,,
confirmation_180_C0,A_conditional,FROZEN,97.586899759,28.6,28.953356114745976,0.3533561147459743,,
confirmation_180_C0,A_conditional,FROZEN,100.13689975899996,28.6,28.953027247231933,0.3530272472319318,,
confirmation_180_C0,A_conditional,FROZEN,102.586899759,28.6,28.95282527578471,0.3528252757847099,,
confirmation_180_C0,A_conditional,FROZEN,105.026899759,28.6,28.952717040724032,0.35271704072403054,,
confirmation_180_C0,A_conditional,FROZEN,107.50689975799997,28.6,28.952686158548605,0.35268615854860386,,
confirmation_180_C0,A_conditional,FROZEN,109.966899759,28.6,28.95272063103592,0.35272063103591833,,
confirmation_180_C0,A_conditional,FROZEN,112.54189975899999,28.6,28.952813352119378,0.3528133521193766,,
confirmation_180_C0,A_conditional,FROZEN,115.07689975899996,28.6,28.952950148042234,0.35295014804223257,,
confirmation_180_C0,A_conditional,FROZEN,117.55689975899998,28.6,28.953118556192397,0.3531185561923955,,
confirmation_180_C0,A_conditional,FROZEN,120.11689975799999,28.6,28.95332023027777,0.35332023027777026,,
confirmation_180_C0,A_conditional,FROZEN,122.66689975899999,28.6,28.953542319734595,0.3535423197345935,,
confirmation_180_C0,A_conditional,FROZEN,125.216899759,28.6,28.953779690659115,0.3537796906591133,,
confirmation_180_C0,A_conditional,FROZEN,127.69189975799998,28.6,28.954020015418923,0.3540200154189215,,
confirmation_180_C0,A_conditional,FROZEN,130.13189975899996,28.6,28.954262793767576,0.35426279376757464,,
confirmation_180_C0,A_conditional,FROZEN,132.63189975899996,28.6,28.95451438684952,0.3545143868495195,,
confirmation_180_C0,A_conditional,FROZEN,135.19689975799997,28.6,28.954772708093145,0.35477270809314376,,
confirmation_180_C0,A_conditional,FROZEN,137.75189975899997,28.6,28.955027858380458,0.35502785838045625,,
confirmation_180_C0,A_conditional,FROZEN,140.286899759,28.6,28.95527699053359,0.3552769905335893,,
confirmation_180_C0,A_conditional,FROZEN,142.95189975799997,28.5,28.955532947054255,0.4555329470542553,,
confirmation_180_C0,A_conditional,FROZEN,145.44189975899997,28.5,28.955765408888606,0.45576540888860606,,
confirmation_180_C0,A_conditional,FROZEN,147.966899759,28.5,28.955993656192952,0.45599365619295185,,
confirmation_180_C0,A_conditional,FROZEN,150.391899759,28.5,28.956205167758363,0.4562051677583625,,
confirmation_180_C0,A_conditional,FROZEN,152.891899759,28.5,28.956414885241404,0.4564148852414043,,
confirmation_180_C0,A_conditional,FROZEN,155.44689975799997,28.5,28.956620166877812,0.45662016687781204,,
confirmation_180_C0,A_conditional,FROZEN,157.906899759,28.5,28.956809005305576,0.4568090053055762,,
confirmation_180_C0,A_conditional,FROZEN,160.32689975899996,28.5,28.95698628218641,0.4569862821864099,,
confirmation_180_C0,A_conditional,FROZEN,162.83689975799996,28.5,28.957161281807835,0.457161281807835,,
confirmation_180_C0,A_conditional,FROZEN,165.37189975899997,28.5,28.957328958493882,0.457328958493882,,
confirmation_180_C0,A_conditional,FROZEN,167.846899758,28.5,28.957484033994245,0.45748403399424475,,
confirmation_180_C0,A_conditional,FROZEN,170.37189975799998,28.5,28.957633661568227,0.45763366156822727,,
confirmation_180_C0,A_conditional,FROZEN,172.87689975899997,28.6,28.957773784617373,0.35777378461737186,,
confirmation_180_C0,A_conditional,FROZEN,175.51189975899996,28.6,28.957912536833962,0.35791253683396107,,
confirmation_180_C0,A_conditional,FROZEN,178.07189975799997,28.6,28.9580391717635,0.3580391717634974,,
confirmation_180_C0,A_conditional,FROZEN,0,,,,0.0,0.0
confirmation_180_C0,A_conditional,FROZEN,1,,,,1.091577547811915,0.9876866695078006
confirmation_180_C0,A_conditional,FROZEN,2,,,,1.8595133287828793,1.9753733390156012
confirmation_180_C0,A_conditional,FROZEN,3,,,,2.6718953773499394,2.963060008523402
confirmation_180_C0,A_conditional,FROZEN,4,,,,4.456586799230319,3.9507466780312024
confirmation_180_C0,A_conditional,FROZEN,5,,,,5.539192160944097,4.938433347539003
confirmation_180_C0,A_conditional,FROZEN,6,,,,6.452276503852126,5.926120017046804
confirmation_180_C0,A_conditional,FROZEN,7,,,,7.39123988949183,6.913806686554604
confirmation_180_C0,A_conditional,FROZEN,8,,,,8.32878366714642,7.901493356062405
confirmation_180_C0,A_conditional,FROZEN,9,,,,9.585309574874852,8.889180025570205
confirmation_180_C0,A_conditional,FROZEN,10,,,,10.525140529607029,9.876866695078006
confirmation_180_C0,A_conditional,FROZEN,11,,,,11.426411721441509,10.864553364585806
confirmation_180_C0,A_conditional,FROZEN,12,,,,12.4304326730731,11.852240034093608
confirmation_180_C0,A_conditional,FROZEN,13,,,,13.194634572876865,12.839926703601408
confirmation_180_C0,A_conditional,FROZEN,14,,,,14.0704852128452,13.827613373109209
confirmation_180_C0,A_conditional,FROZEN,15,,,,15.025889330892069,14.81530004261701
confirmation_180_C0,A_conditional,FROZEN,16,,,,15.99490914313703,15.80298671212481
confirmation_180_C0,A_conditional,FROZEN,17,,,,16.953685216054634,16.79067338163261
confirmation_180_C0,A_conditional,FROZEN,18,,,,18.231885852099566,17.77836005114041
confirmation_180_C0,A_conditional,FROZEN,19,,,,19.159973630375664,18.766046720648212
confirmation_180_C0,A_conditional,FROZEN,20,,,,20.044551496365177,19.75373339015601
confirmation_180_C0,A_conditional,FROZEN,21,,,,20.945659973240524,20.741420059663813
confirmation_180_C0,A_conditional,FROZEN,22,,,,21.644142267573752,21.729106729171612
confirmation_180_C0,A_conditional,FROZEN,23,,,,22.37912031994863,22.716793398679414
confirmation_180_C0,A_conditional,FROZEN,24,,,,23.41573316808008,23.704480068187216
confirmation_180_C0,A_conditional,FROZEN,25,,,,24.648115787256405,24.692166737695015
confirmation_180_C0,A_conditional,FROZEN,26,,,,25.716196730117492,25.679853407202817
confirmation_180_C0,A_conditional,FROZEN,27,,,,26.50960238830147,26.667540076710615
confirmation_180_C0,A_conditional,FROZEN,28,,,,27.175245160060435,27.655226746218418
confirmation_180_C0,A_conditional,FROZEN,29,,,,28.05146552357537,28.642913415726216
confirmation_180_C0,A_conditional,FROZEN,30,,,,29.365945919293498,29.63060008523402
confirmation_180_C0,A_conditional,FROZEN,31,,,,30.697024294000457,30.618286754741817
confirmation_180_C0,A_conditional,FROZEN,32,,,,32.02880878894121,31.60597342424962
confirmation_180_C0,A_conditional,FROZEN,33,,,,33.07321674260352,32.59366009375742
confirmation_180_C0,A_conditional,FROZEN,34,,,,33.780325192719644,33.58134676326522
confirmation_180_C0,A_conditional,FROZEN,35,,,,34.58209384171874,34.56903343277302
confirmation_180_C0,A_conditional,FROZEN,36,,,,35.51822702422008,35.55672010228082
confirmation_180_C0,A_conditional,FROZEN,37,,,,37.05458195903182,36.54440677178862
confirmation_180_C0,A_conditional,FROZEN,38,,,,39.04971747283869,37.532093441296425
confirmation_180_C0,A_conditional,FROZEN,39,,,,40.62197577492414,38.51978011080422
confirmation_180_C0,A_conditional,FROZEN,40,,,,41.652809599892315,39.50746678031202
confirmation_180_C0,A_conditional,FROZEN,41,,,,42.70806696146663,40.495153449819824
confirmation_180_C0,A_conditional,FROZEN,42,,,,43.586770137796435,41.482840119327626
confirmation_180_C0,A_conditional,FROZEN,43,,,,44.39042943771241,42.47052678883543
confirmation_180_C0,A_conditional,FROZEN,44,,,,45.34918874083237,43.458213458343224
confirmation_180_C0,A_conditional,FROZEN,45,,,,46.46765710752681,44.445900127851026
confirmation_180_C0,A_conditional,FROZEN,46,,,,47.33807888143022,45.43358679735883
confirmation_180_C0,A_conditional,FROZEN,47,,,,48.064430998786584,46.42127346686663
confirmation_180_C0,A_conditional,FROZEN,48,,,,48.97344320887087,47.40896013637443
confirmation_180_C0,A_conditional,FROZEN,49,,,,49.91743136611619,48.39664680588223
confirmation_180_C0,A_conditional,FROZEN,50,,,,50.84886196067053,49.38433347539003
confirmation_180_C0,A_conditional,FROZEN,51,,,,51.67713165504241,50.37202014489783
confirmation_180_C0,A_conditional,FROZEN,52,,,,52.48035465739475,51.359706814405634
confirmation_180_C0,A_conditional,FROZEN,53,,,,53.45315997320487,52.34739348391343
confirmation_180_C0,A_conditional,FROZEN,54,,,,54.23885615929477,53.33508015342123
confirmation_180_C0,A_conditional,FROZEN,55,,,,55.08855454467297,54.32276682292903
confirmation_180_C0,A_conditional,FROZEN,56,,,,56.026654193917665,55.310453492436835
confirmation_180_C0,A_conditional,FROZEN,57,,,,56.82191574396393,56.29814016194464
confirmation_180_C0,A_conditional,FROZEN,58,,,,58.00966275176381,57.28582683145243
confirmation_180_C0,A_conditional,FROZEN,59,,,,59.4070388796367,58.273513500960235
confirmation_180_C0,A_conditional,FROZEN,60,,,,60.57024182865338,59.26120017046804
confirmation_180_C0,A_conditional,FROZEN,61,,,,61.56570882755567,60.24888683997584
confirmation_180_C0,A_conditional,FROZEN,62,,,,62.33341730481742,61.236573509483634
confirmation_180_C0,A_conditional,FROZEN,63,,,,63.42244319064823,62.224260178991436
confirmation_180_C0,A_conditional,FROZEN,64,,,,64.52176281247279,63.21194684849924
confirmation_180_C0,A_conditional,FROZEN,65,,,,65.28480624281728,64.19963351800703
confirmation_180_C0,A_conditional,FROZEN,66,,,,66.26732527207669,65.18732018751484
confirmation_180_C0,A_conditional,FROZEN,67,,,,67.44135054946527,66.17500685702264
confirmation_180_C0,A_conditional,FROZEN,68,,,,68.51291796799289,67.16269352653045
confirmation_180_C0,A_conditional,FROZEN,69,,,,69.69994680871878,68.15038019603824
confirmation_180_C0,A_conditional,FROZEN,70,,,,70.7424914700974,69.13806686554604
confirmation_180_C0,A_conditional,FROZEN,71,,,,71.66840702121969,70.12575353505385
confirmation_180_C0,A_conditional,FROZEN,72,,,,72.3322318475932,71.11344020456164
confirmation_180_C0,A_conditional,FROZEN,73,,,,73.60937568802464,72.10112687406945
confirmation_180_C0,A_conditional,FROZEN,74,,,,74.56724771368707,73.08881354357725
confirmation_180_C0,A_conditional,FROZEN,75,,,,75.81606383043757,74.07650021308504
confirmation_180_C0,A_conditional,FROZEN,76,,,,76.80805074074387,75.06418688259285
confirmation_180_C0,A_conditional,FROZEN,77,,,,77.74903253324128,76.05187355210064
confirmation_180_C0,A_conditional,FROZEN,78,,,,78.53996233533385,77.03956022160844
confirmation_180_C0,A_conditional,FROZEN,79,,,,79.28343254752855,78.02724689111625
confirmation_180_C0,A_conditional,FROZEN,80,,,,80.15190335524959,79.01493356062404
confirmation_180_C0,A_conditional,FROZEN,81,,,,81.08176477577571,80.00262023013185
confirmation_180_C0,A_conditional,FROZEN,82,,,,81.8957406842552,80.99030689963965
confirmation_180_C0,A_conditional,FROZEN,83,,,,82.80657677784818,81.97799356914744
confirmation_180_C0,A_conditional,FROZEN,84,,,,83.54749704676526,82.96568023865525
confirmation_180_C0,A_conditional,FROZEN,85,,,,84.30763065727606,83.95336690816305
confirmation_180_C0,A_conditional,FROZEN,86,,,,85.29675650311736,84.94105357767086
confirmation_180_C0,A_conditional,FROZEN,87,,,,86.25637869519942,85.92874024717865
confirmation_180_C0,A_conditional,FROZEN,88,,,,87.1860968000979,86.91642691668645
confirmation_180_C0,A_conditional,FROZEN,89,,,,88.11966031935282,87.90411358619426
confirmation_180_C0,A_conditional,FROZEN,90,,,,88.71448914612319,88.89180025570205
confirmation_180_C0,A_conditional,FROZEN,91,,,,89.37759458466547,89.87948692520986
confirmation_180_C0,A_conditional,FROZEN,92,,,,90.28295106422365,90.86717359471766
confirmation_180_C0,A_conditional,FROZEN,93,,,,91.38548472006215,91.85486026422545
confirmation_180_C0,A_conditional,FROZEN,94,,,,92.60498891494932,92.84254693373326
confirmation_180_C0,A_conditional,FROZEN,95,,,,93.47275984637388,93.83023360324106
confirmation_180_C0,A_conditional,FROZEN,96,,,,94.48809900497567,94.81792027274886
confirmation_180_C0,A_conditional,FROZEN,97,,,,95.15428552815295,95.80560694225666
confirmation_180_C0,A_conditional,FROZEN,98,,,,95.98724507375962,96.79329361176445
confirmation_180_C0,A_conditional,FROZEN,99,,,,96.79743529132456,97.78098028127226
confirmation_180_C0,A_conditional,FROZEN,100,,,,97.86202961146643,98.76866695078006
confirmation_180_C0,A_conditional,FROZEN,101,,,,99.27015788465773,99.75635362028785
confirmation_180_C0,A_conditional,FROZEN,102,,,,100.04683373671222,100.74404028979566
confirmation_180_C0,A_conditional,FROZEN,103,,,,100.71153073266228,101.73172695930346
confirmation_180_C0,A_conditional,FROZEN,104,,,,101.34669239440281,102.71941362881127
confirmation_180_C0,A_conditional,FROZEN,105,,,,102.13054154061575,103.70710029831906
confirmation_180_C0,A_conditional,FROZEN,106,,,,102.95200415115357,104.69478696782686
confirmation_180_C0,A_conditional,FROZEN,107,,,,103.89222466095637,105.68247363733467
confirmation_180_C0,A_conditional,FROZEN,108,,,,105.19009607798675,106.67016030684246
confirmation_180_C0,A_conditional,FROZEN,109,,,,106.08581216954101,107.65784697635027
confirmation_180_C0,A_conditional,FROZEN,110,,,,106.84572691395921,108.64553364585807
confirmation_180_C0,A_conditional,FROZEN,111,,,,107.74035038827674,109.63322031536586
confirmation_180_C0,A_conditional,FROZEN,112,,,,108.47348783786775,110.62090698487367
confirmation_180_C0,A_conditional,FROZEN,113,,,,109.27329191574626,111.60859365438147
confirmation_180_C0,A_conditional,FROZEN,114,,,,110.39526886886235,112.59628032388927
confirmation_180_C0,A_conditional,FROZEN,115,,,,111.53787429769257,113.58396699339707
confirmation_180_C0,A_conditional,FROZEN,116,,,,112.19039086041349,114.57165366290486
confirmation_180_C0,A_conditional,FROZEN,117,,,,113.02704914344903,115.55934033241267
confirmation_180_C0,A_conditional,FROZEN,118,,,,113.9848250139032,116.54702700192047
confirmation_180_C0,A_conditional,FROZEN,119,,,,114.81156559047668,117.53471367142826
confirmation_180_C0,A_conditional,FROZEN,120,,,,115.75836041977018,118.52240034093607
confirmation_180_C0,A_conditional,JOINT,37.246899757999984,29.2,29.141225580239432,-0.0587744197605673,,
confirmation_180_C0,A_conditional,JOINT,39.731899758,29.2,29.09838937634155,-0.10161062365844842,,
confirmation_180_C0,A_conditional,JOINT,42.276899759,28.9,29.061313257136984,0.1613132571369853,,
confirmation_180_C0,A_conditional,JOINT,44.81689975799998,28.9,29.03014881250793,0.1301488125079331,,
confirmation_180_C0,A_conditional,JOINT,47.421899758999984,28.9,29.003330630603404,0.10333063060340564,,
confirmation_180_C0,A_conditional,JOINT,49.971899758999996,28.9,28.981357564593374,0.08135756459337529,,
confirmation_180_C0,A_conditional,JOINT,52.42689975899998,28.7,28.96359815363737,0.26359815363737127,,
confirmation_180_C0,A_conditional,JOINT,54.88689975899996,28.7,28.948644777406642,0.2486447774066427,,
confirmation_180_C0,A_conditional,JOINT,57.351899758,28.7,28.93609117907605,0.23609117907605182,,
confirmation_180_C0,A_conditional,JOINT,59.781899759,28.7,28.925742346161986,0.22574234616198652,,
confirmation_180_C0,A_conditional,JOINT,62.256899758999964,28.7,28.916959585980056,0.2169595859800566,,
confirmation_180_C0,A_conditional,JOINT,64.81689975799998,28.7,28.90945602031098,0.20945602031098076,,
confirmation_180_C0,A_conditional,JOINT,67.37689975799998,28.7,28.90330808846104,0.2033080884610392,,
confirmation_180_C0,A_conditional,JOINT,69.94189975799998,28.7,28.89829037626257,0.19829037626256962,,
confirmation_180_C0,A_conditional,JOINT,72.401899759,28.6,28.89438069728116,0.29438069728115934,,
confirmation_180_C0,A_conditional,JOINT,74.846899758,28.6,28.891231191622957,0.2912311916229555,,
confirmation_180_C0,A_conditional,JOINT,77.401899759,28.6,28.88859831948525,0.2885983194852493,,
confirmation_180_C0,A_conditional,JOINT,79.87189975899997,28.6,28.886588348077613,0.28658834807761124,,
confirmation_180_C0,A_conditional,JOINT,82.44189975799998,28.7,28.884961775264507,0.18496177526450808,,
confirmation_180_C0,A_conditional,JOINT,84.981899758,28.7,28.88374051247857,0.18374051247857182,,
confirmation_180_C0,A_conditional,JOINT,87.57689975799997,28.7,28.88281946714749,0.18281946714748898,,
confirmation_180_C0,A_conditional,JOINT,90.11689975799999,28.7,28.882180259013634,0.18218025901363433,,
confirmation_180_C0,A_conditional,JOINT,92.55189975799999,28.6,28.88176680136379,0.28176680136378707,,
confirmation_180_C0,A_conditional,JOINT,95.13689975899996,28.6,28.881501565546632,0.2815015655466304,,
confirmation_180_C0,A_conditional,JOINT,97.586899759,28.6,28.88138384636571,0.2813838463657099,,
confirmation_180_C0,A_conditional,JOINT,100.13689975899996,28.6,28.881371795838277,0.2813717958382753,,
confirmation_180_C0,A_conditional,JOINT,102.586899759,28.6,28.881444515743674,0.28144451574367224,,
confirmation_180_C0,A_conditional,JOINT,105.026899759,28.6,28.881581280788755,0.2815812807887532,,
confirmation_180_C0,A_conditional,JOINT,107.50689975799997,28.6,28.88177109529637,0.28177109529636724,,
confirmation_180_C0,A_conditional,JOINT,109.966899759,28.6,28.881997550565952,0.28199755056595066,,
confirmation_180_C0,A_conditional,JOINT,112.54189975899999,28.6,28.882264158951806,0.28226415895180423,,
confirmation_180_C0,A_conditional,JOINT,115.07689975899996,28.6,28.88254695205577,0.2825469520557675,,
confirmation_180_C0,A_conditional,JOINT,117.55689975899998,28.6,28.88283588864677,0.282835888646769,,
confirmation_180_C0,A_conditional,JOINT,120.11689975799999,28.6,28.88314082746208,0.283140827462077,,
confirmation_180_C0,A_conditional,JOINT,122.66689975899999,28.6,28.883446407584362,0.28344640758436057,,
confirmation_180_C0,A_conditional,JOINT,125.216899759,28.6,28.883749887988394,0.2837498879883924,,
confirmation_180_C0,A_conditional,JOINT,127.69189975799998,28.6,28.884039525184722,0.28403952518472053,,
confirmation_180_C0,A_conditional,JOINT,130.13189975899996,28.6,28.884318189581567,0.2843181895815654,,
confirmation_180_C0,A_conditional,JOINT,132.63189975899996,28.6,28.884594971672396,0.28459497167239434,,
confirmation_180_C0,A_conditional,JOINT,135.19689975799997,28.6,28.88486846965003,0.28486846965002854,,
confirmation_180_C0,A_conditional,JOINT,137.75189975899997,28.6,28.88512942412353,0.2851294241235287,,
confirmation_180_C0,A_conditional,JOINT,140.286899759,28.6,28.88537642323705,0.28537642323705015,,
confirmation_180_C0,A_conditional,JOINT,142.95189975799997,28.5,28.885622940094677,0.38562294009467735,,
confirmation_180_C0,A_conditional,JOINT,145.44189975899997,28.5,28.88584097584434,0.38584097584433863,,
confirmation_180_C0,A_conditional,JOINT,147.966899759,28.5,28.88605000129756,0.3860500012975585,,
confirmation_180_C0,A_conditional,JOINT,150.391899759,28.5,28.886239468025167,0.38623946802516684,,
confirmation_180_C0,A_conditional,JOINT,152.891899759,28.5,28.886423486595035,0.3864234865950351,,
confirmation_180_C0,A_conditional,JOINT,155.44689975799997,28.5,28.886600042719813,0.3866000427198131,,
confirmation_180_C0,A_conditional,JOINT,157.906899759,28.5,28.886759428126943,0.3867594281269433,,
confirmation_180_C0,A_conditional,JOINT,160.32689975899996,28.5,28.886906473079446,0.3869064730794456,,
confirmation_180_C0,A_conditional,JOINT,162.83689975799996,28.5,28.887049216815907,0.38704921681590676,,
confirmation_180_C0,A_conditional,JOINT,165.37189975899997,28.5,28.88718376485069,0.3871837648506897,,
confirmation_180_C0,A_conditional,JOINT,167.846899758,28.5,28.88730627888375,0.3873062788837487,,
confirmation_180_C0,A_conditional,JOINT,170.37189975799998,28.5,28.887422742557177,0.38742274255717746,,
confirmation_180_C0,A_conditional,JOINT,172.87689975899997,28.6,28.887530251604716,0.28753025160471424,,
confirmation_180_C0,A_conditional,JOINT,175.51189975899996,28.6,28.88763521854051,0.2876352185405082,,
confirmation_180_C0,A_conditional,JOINT,178.07189975799997,28.6,28.887729714202553,0.2877297142025519,,
confirmation_180_C0,A_conditional,JOINT,0,,,,0.0,0.0
confirmation_180_C0,A_conditional,JOINT,1,,,,1.091577547811915,0.9876866695078006
confirmation_180_C0,A_conditional,JOINT,2,,,,1.8595133287828793,1.9753733390156012
confirmation_180_C0,A_conditional,JOINT,3,,,,2.6718953773499394,2.963060008523402
confirmation_180_C0,A_conditional,JOINT,4,,,,4.456586799230319,3.9507466780312024
confirmation_180_C0,A_conditional,JOINT,5,,,,5.539192160944097,4.938433347539003
confirmation_180_C0,A_conditional,JOINT,6,,,,6.452276503852126,5.926120017046804
confirmation_180_C0,A_conditional,JOINT,7,,,,7.39123988949183,6.913806686554604
confirmation_180_C0,A_conditional,JOINT,8,,,,8.32878366714642,7.901493356062405
confirmation_180_C0,A_conditional,JOINT,9,,,,9.585309574874852,8.889180025570205
confirmation_180_C0,A_conditional,JOINT,10,,,,10.525140529607029,9.876866695078006
confirmation_180_C0,A_conditional,JOINT,11,,,,11.426411721441509,10.864553364585806
confirmation_180_C0,A_conditional,JOINT,12,,,,12.4304326730731,11.852240034093608
confirmation_180_C0,A_conditional,JOINT,13,,,,13.194634572876865,12.839926703601408
confirmation_180_C0,A_conditional,JOINT,14,,,,14.0704852128452,13.827613373109209
confirmation_180_C0,A_conditional,JOINT,15,,,,15.025889330892069,14.81530004261701
confirmation_180_C0,A_conditional,JOINT,16,,,,15.99490914313703,15.80298671212481
confirmation_180_C0,A_conditional,JOINT,17,,,,16.953685216054634,16.79067338163261
confirmation_180_C0,A_conditional,JOINT,18,,,,18.231885852099566,17.77836005114041
confirmation_180_C0,A_conditional,JOINT,19,,,,19.159973630375664,18.766046720648212
confirmation_180_C0,A_conditional,JOINT,20,,,,20.044551496365177,19.75373339015601
confirmation_180_C0,A_conditional,JOINT,21,,,,20.945659973240524,20.741420059663813
confirmation_180_C0,A_conditional,JOINT,22,,,,21.644142267573752,21.729106729171612
confirmation_180_C0,A_conditional,JOINT,23,,,,22.37912031994863,22.716793398679414
confirmation_180_C0,A_conditional,JOINT,24,,,,23.41573316808008,23.704480068187216
confirmation_180_C0,A_conditional,JOINT,25,,,,24.648115787256405,24.692166737695015
confirmation_180_C0,A_conditional,JOINT,26,,,,25.716196730117492,25.679853407202817
confirmation_180_C0,A_conditional,JOINT,27,,,,26.50960238830147,26.667540076710615
confirmation_180_C0,A_conditional,JOINT,28,,,,27.175245160060435,27.655226746218418
confirmation_180_C0,A_conditional,JOINT,29,,,,28.05146552357537,28.642913415726216
confirmation_180_C0,A_conditional,JOINT,30,,,,29.365945919293498,29.63060008523402
confirmation_180_C0,A_conditional,JOINT,31,,,,30.697024294000457,30.618286754741817
confirmation_180_C0,A_conditional,JOINT,32,,,,32.02880878894121,31.60597342424962
confirmation_180_C0,A_conditional,JOINT,33,,,,33.07321674260352,32.59366009375742
confirmation_180_C0,A_conditional,JOINT,34,,,,33.780325192719644,33.58134676326522
confirmation_180_C0,A_conditional,JOINT,35,,,,34.58209384171874,34.56903343277302
confirmation_180_C0,A_conditional,JOINT,36,,,,35.51822702422008,35.55672010228082
confirmation_180_C0,A_conditional,JOINT,37,,,,37.05458195903182,36.54440677178862
confirmation_180_C0,A_conditional,JOINT,38,,,,39.04971747283869,37.532093441296425
confirmation_180_C0,A_conditional,JOINT,39,,,,40.62197577492414,38.51978011080422
confirmation_180_C0,A_conditional,JOINT,40,,,,41.652809599892315,39.50746678031202
confirmation_180_C0,A_conditional,JOINT,41,,,,42.70806696146663,40.495153449819824
confirmation_180_C0,A_conditional,JOINT,42,,,,43.586770137796435,41.482840119327626
confirmation_180_C0,A_conditional,JOINT,43,,,,44.39042943771241,42.47052678883543
confirmation_180_C0,A_conditional,JOINT,44,,,,45.34918874083237,43.458213458343224
confirmation_180_C0,A_conditional,JOINT,45,,,,46.46765710752681,44.445900127851026
confirmation_180_C0,A_conditional,JOINT,46,,,,47.33807888143022,45.43358679735883
confirmation_180_C0,A_conditional,JOINT,47,,,,48.064430998786584,46.42127346686663
confirmation_180_C0,A_conditional,JOINT,48,,,,48.97344320887087,47.40896013637443
confirmation_180_C0,A_conditional,JOINT,49,,,,49.91743136611619,48.39664680588223
confirmation_180_C0,A_conditional,JOINT,50,,,,50.84886196067053,49.38433347539003
confirmation_180_C0,A_conditional,JOINT,51,,,,51.67713165504241,50.37202014489783
confirmation_180_C0,A_conditional,JOINT,52,,,,52.48035465739475,51.359706814405634
confirmation_180_C0,A_conditional,JOINT,53,,,,53.45315997320487,52.34739348391343
confirmation_180_C0,A_conditional,JOINT,54,,,,54.23885615929477,53.33508015342123
confirmation_180_C0,A_conditional,JOINT,55,,,,55.08855454467297,54.32276682292903
confirmation_180_C0,A_conditional,JOINT,56,,,,56.026654193917665,55.310453492436835
confirmation_180_C0,A_conditional,JOINT,57,,,,56.82191574396393,56.29814016194464
confirmation_180_C0,A_conditional,JOINT,58,,,,58.00966275176381,57.28582683145243
confirmation_180_C0,A_conditional,JOINT,59,,,,59.4070388796367,58.273513500960235
confirmation_180_C0,A_conditional,JOINT,60,,,,60.57024182865338,59.26120017046804
confirmation_180_C0,A_conditional,JOINT,61,,,,61.56570882755567,60.24888683997584
confirmation_180_C0,A_conditional,JOINT,62,,,,62.33341730481742,61.236573509483634
confirmation_180_C0,A_conditional,JOINT,63,,,,63.42244319064823,62.224260178991436
confirmation_180_C0,A_conditional,JOINT,64,,,,64.52176281247279,63.21194684849924
confirmation_180_C0,A_conditional,JOINT,65,,,,65.28480624281728,64.19963351800703
confirmation_180_C0,A_conditional,JOINT,66,,,,66.26732527207669,65.18732018751484
confirmation_180_C0,A_conditional,JOINT,67,,,,67.44135054946527,66.17500685702264
confirmation_180_C0,A_conditional,JOINT,68,,,,68.51291796799289,67.16269352653045
confirmation_180_C0,A_conditional,JOINT,69,,,,69.69994680871878,68.15038019603824
confirmation_180_C0,A_conditional,JOINT,70,,,,70.7424914700974,69.13806686554604
confirmation_180_C0,A_conditional,JOINT,71,,,,71.66840702121969,70.12575353505385
confirmation_180_C0,A_conditional,JOINT,72,,,,72.3322318475932,71.11344020456164
confirmation_180_C0,A_conditional,JOINT,73,,,,73.60937568802464,72.10112687406945
confirmation_180_C0,A_conditional,JOINT,74,,,,74.56724771368707,73.08881354357725
confirmation_180_C0,A_conditional,JOINT,75,,,,75.81606383043757,74.07650021308504
confirmation_180_C0,A_conditional,JOINT,76,,,,76.80805074074387,75.06418688259285
confirmation_180_C0,A_conditional,JOINT,77,,,,77.74903253324128,76.05187355210064
confirmation_180_C0,A_conditional,JOINT,78,,,,78.53996233533385,77.03956022160844
confirmation_180_C0,A_conditional,JOINT,79,,,,79.28343254752855,78.02724689111625
confirmation_180_C0,A_conditional,JOINT,80,,,,80.15190335524959,79.01493356062404
confirmation_180_C0,A_conditional,JOINT,81,,,,81.08176477577571,80.00262023013185
confirmation_180_C0,A_conditional,JOINT,82,,,,81.8957406842552,80.99030689963965
confirmation_180_C0,A_conditional,JOINT,83,,,,82.80657677784818,81.97799356914744
confirmation_180_C0,A_conditional,JOINT,84,,,,83.54749704676526,82.96568023865525
confirmation_180_C0,A_conditional,JOINT,85,,,,84.30763065727606,83.95336690816305
confirmation_180_C0,A_conditional,JOINT,86,,,,85.29675650311736,84.94105357767086
confirmation_180_C0,A_conditional,JOINT,87,,,,86.25637869519942,85.92874024717865
confirmation_180_C0,A_conditional,JOINT,88,,,,87.1860968000979,86.91642691668645
confirmation_180_C0,A_conditional,JOINT,89,,,,88.11966031935282,87.90411358619426
confirmation_180_C0,A_conditional,JOINT,90,,,,88.71448914612319,88.89180025570205
confirmation_180_C0,A_conditional,JOINT,91,,,,89.37759458466547,89.87948692520986
confirmation_180_C0,A_conditional,JOINT,92,,,,90.28295106422365,90.86717359471766
confirmation_180_C0,A_conditional,JOINT,93,,,,91.38548472006215,91.85486026422545
confirmation_180_C0,A_conditional,JOINT,94,,,,92.60498891494932,92.84254693373326
confirmation_180_C0,A_conditional,JOINT,95,,,,93.47275984637388,93.83023360324106
confirmation_180_C0,A_conditional,JOINT,96,,,,94.48809900497567,94.81792027274886
confirmation_180_C0,A_conditional,JOINT,97,,,,95.15428552815295,95.80560694225666
confirmation_180_C0,A_conditional,JOINT,98,,,,95.98724507375962,96.79329361176445
confirmation_180_C0,A_conditional,JOINT,99,,,,96.79743529132456,97.78098028127226
confirmation_180_C0,A_conditional,JOINT,100,,,,97.86202961146643,98.76866695078006
confirmation_180_C0,A_conditional,JOINT,101,,,,99.27015788465773,99.75635362028785
confirmation_180_C0,A_conditional,JOINT,102,,,,100.04683373671222,100.74404028979566
confirmation_180_C0,A_conditional,JOINT,103,,,,100.71153073266228,101.73172695930346
confirmation_180_C0,A_conditional,JOINT,104,,,,101.34669239440281,102.71941362881127
confirmation_180_C0,A_conditional,JOINT,105,,,,102.13054154061575,103.70710029831906
confirmation_180_C0,A_conditional,JOINT,106,,,,102.95200415115357,104.69478696782686
confirmation_180_C0,A_conditional,JOINT,107,,,,103.89222466095637,105.68247363733467
confirmation_180_C0,A_conditional,JOINT,108,,,,105.19009607798675,106.67016030684246
confirmation_180_C0,A_conditional,JOINT,109,,,,106.08581216954101,107.65784697635027
confirmation_180_C0,A_conditional,JOINT,110,,,,106.84572691395921,108.64553364585807
confirmation_180_C0,A_conditional,JOINT,111,,,,107.74035038827674,109.63322031536586
confirmation_180_C0,A_conditional,JOINT,112,,,,108.47348783786775,110.62090698487367
confirmation_180_C0,A_conditional,JOINT,113,,,,109.27329191574626,111.60859365438147
confirmation_180_C0,A_conditional,JOINT,114,,,,110.39526886886235,112.59628032388927
confirmation_180_C0,A_conditional,JOINT,115,,,,111.53787429769257,113.58396699339707
confirmation_180_C0,A_conditional,JOINT,116,,,,112.19039086041349,114.57165366290486
confirmation_180_C0,A_conditional,JOINT,117,,,,113.02704914344903,115.55934033241267
confirmation_180_C0,A_conditional,JOINT,118,,,,113.9848250139032,116.54702700192047
confirmation_180_C0,A_conditional,JOINT,119,,,,114.81156559047668,117.53471367142826
confirmation_180_C0,A_conditional,JOINT,120,,,,115.75836041977018,118.52240034093607
confirmation_180_CPU,A_conditional,FROZEN,37.16254210699998,28.5,28.678272956348017,0.17827295634801743,,
confirmation_180_CPU,A_conditional,FROZEN,39.73254210599998,28.5,28.888994794027486,0.3889947940274858,,
confirmation_180_CPU,A_conditional,FROZEN,42.147542106,28.5,29.07667834654101,0.5766783465410086,,
confirmation_180_CPU,A_conditional,FROZEN,44.542542105999985,29.7,29.224685995086652,-0.4753140049133471,,
confirmation_180_CPU,A_conditional,FROZEN,46.98254210599998,29.7,29.38220933835719,-0.31779066164281033,,
confirmation_180_CPU,A_conditional,FROZEN,49.43754210599997,29.7,29.50450985707857,-0.19549014292142886,,
confirmation_180_CPU,A_conditional,FROZEN,51.89754210699999,29.7,29.630116952390544,-0.06988304760945496,,
confirmation_180_CPU,A_conditional,FROZEN,54.467542105999996,30.3,29.728642373351843,-0.5713576266481581,,
confirmation_180_CPU,A_conditional,FROZEN,56.917542105999985,30.3,29.830885111036295,-0.46911488896370557,,
confirmation_180_CPU,A_conditional,FROZEN,59.382542107000006,30.3,29.90468915459063,-0.39531084540936945,,
confirmation_180_CPU,A_conditional,FROZEN,61.842542105999996,30.3,29.9881002745606,-0.3118997254393996,,
confirmation_180_CPU,A_conditional,FROZEN,64.387542107,30.6,30.05071342753476,-0.5492865724652418,,
confirmation_180_CPU,A_conditional,FROZEN,66.827542107,30.6,30.117520270109594,-0.4824797298904073,,
confirmation_180_CPU,A_conditional,FROZEN,69.29754210599998,30.6,30.18321511089647,-0.41678488910353195,,
confirmation_180_CPU,A_conditional,FROZEN,71.777542106,30.6,30.29337796721457,-0.3066220327854303,,
confirmation_180_CPU,A_conditional,FROZEN,74.24754210699996,30.8,30.25658235539559,-0.5434176446044106,,
confirmation_180_CPU,A_conditional,FROZEN,76.67754210599998,30.8,30.071065502838096,-0.7289344971619052,,
confirmation_180_CPU,A_conditional,FROZEN,79.12254210699996,30.8,29.904173735526975,-0.8958262644730262,,
confirmation_180_CPU,A_conditional,FROZEN,82.12754210700001,30.8,29.723140605348586,-1.0768593946514144,,
confirmation_180_CPU,A_conditional,FROZEN,84.79254210699997,29.5,29.58221693096532,0.08221693096531979,,
confirmation_180_CPU,A_conditional,FROZEN,87.35254210599999,29.5,29.462158961918192,-0.037841038081808165,,
confirmation_180_CPU,A_conditional,FROZEN,89.822542107,29.5,29.358963433924103,-0.14103656607589699,,
confirmation_180_CPU,A_conditional,FROZEN,92.35254210599999,29.0,29.26472559991104,0.2647255999110385,,
confirmation_180_CPU,A_conditional,FROZEN,94.82754210600001,29.0,29.182548842630165,0.18254884263016535,,
confirmation_180_CPU,A_conditional,FROZEN,97.48754210699997,29.0,29.10404795152556,0.10404795152555835,,
confirmation_180_CPU,A_conditional,FROZEN,100.04754210699997,29.0,29.037036645179388,0.03703664517938776,,
confirmation_180_CPU,A_conditional,FROZEN,102.882542107,28.9,28.971466305735333,0.07146630573533486,,
confirmation_180_CPU,A_conditional,FROZEN,105.392542107,28.9,28.920126985366952,0.020126985366953676,,
confirmation_180_CPU,A_conditional,FROZEN,107.93254210599997,28.9,28.873862622402036,-0.026137377597962086,,
confirmation_180_CPU,A_conditional,FROZEN,110.47754210599999,28.9,28.832616490454953,-0.06738350954504568,,
confirmation_180_CPU,A_conditional,FROZEN,113.267542107,28.8,28.792609341603175,-0.007390658396825955,,
confirmation_180_CPU,A_conditional,FROZEN,115.837542106,28.8,28.760028655166305,-0.039971344833695355,,
confirmation_180_CPU,A_conditional,FROZEN,118.35754210599998,28.8,28.7316069805861,-0.06839301941390019,,
confirmation_180_CPU,A_conditional,FROZEN,120.85254210699998,28.8,28.70652887801449,-0.09347112198551244,,
confirmation_180_CPU,A_conditional,FROZEN,123.73754210699997,28.7,28.680896478678346,-0.019103521321653716,,
confirmation_180_CPU,A_conditional,FROZEN,126.262542107,28.7,28.661087116169114,-0.03891288383088565,,
confirmation_180_CPU,A_conditional,FROZEN,128.72254210699998,28.7,28.64387592740169,-0.05612407259830832,,
confirmation_180_CPU,A_conditional,FROZEN,131.252542107,28.7,28.62809113932513,-0.07190886067487057,,
confirmation_180_CPU,A_conditional,FROZEN,134.082542107,28.7,28.61247747777597,-0.08752252222403101,,
confirmation_180_CPU,A_conditional,FROZEN,136.69254210599996,28.7,28.599770158551813,-0.10022984144818636,,
confirmation_180_CPU,A_conditional,FROZEN,139.23254210599998,28.7,28.588783473595143,-0.11121652640485635,,
confirmation_180_CPU,A_conditional,FROZEN,141.712542106,28.7,28.579224680610935,-0.1207753193890646,,
confirmation_180_CPU,A_conditional,FROZEN,144.702542106,28.7,28.569058200766552,-0.1309417992334474,,
confirmation_180_CPU,A_conditional,FROZEN,147.342542106,28.7,28.561171890889515,-0.13882810911048438,,
confirmation_180_CPU,A_conditional,FROZEN,149.892542107,28.7,28.554410647346174,-0.14558935265382544,,
confirmation_180_CPU,A_conditional,FROZEN,152.352542106,28.7,28.548597197181174,-0.15140280281882568,,
confirmation_180_CPU,A_conditional,FROZEN,154.91754210599998,28.7,28.54319604514475,-0.15680395485524912,,
confirmation_180_CPU,A_conditional,FROZEN,157.457542106,28.7,28.53843929877622,-0.16156070122378097,,
confirmation_180_CPU,A_conditional,FROZEN,160.05254210699997,28.7,28.534120058994663,-0.1658799410053362,,
confirmation_180_CPU,A_conditional,FROZEN,162.54754210599998,28.7,28.530425583394642,-0.16957441660535721,,
confirmation_180_CPU,A_conditional,FROZEN,165.382542107,28.7,28.526710723618244,-0.1732892763817553,,
confirmation_180_CPU,A_conditional,FROZEN,168.04754210699997,28.7,28.523633257870433,-0.1763667421295665,,
confirmation_180_CPU,A_conditional,FROZEN,170.577542107,28.7,28.52104042685429,-0.17895957314570765,,
confirmation_180_CPU,A_conditional,FROZEN,173.05254210599998,28.7,28.51877944062572,-0.18122055937427817,,
confirmation_180_CPU,A_conditional,FROZEN,175.54754210599998,28.7,28.516746027224798,-0.1832539727752014,,
confirmation_180_CPU,A_conditional,FROZEN,178.17254210599998,28.7,28.514843887787556,-0.185156112212443,,
confirmation_180_CPU,A_conditional,FROZEN,0,,,,0.0,0.0
confirmation_180_CPU,A_conditional,FROZEN,1,,,,0.958025591182853,0.9808969956148778
confirmation_180_CPU,A_conditional,FROZEN,2,,,,1.9181988166563118,1.9617939912297555
confirmation_180_CPU,A_conditional,FROZEN,3,,,,2.62231855013828,2.9426909868446334
confirmation_180_CPU,A_conditional,FROZEN,4,,,,3.2698638510977944,3.923587982459511
confirmation_180_CPU,A_conditional,FROZEN,5,,,,4.3038759728813085,4.904484978074389
confirmation_180_CPU,A_conditional,FROZEN,6,,,,5.194641458515186,5.885381973689267
confirmation_180_CPU,A_conditional,FROZEN,7,,,,5.888231328199469,6.866278969304144
confirmation_180_CPU,A_conditional,FROZEN,8,,,,6.575260051367049,7.847175964919022
confirmation_180_CPU,A_conditional,FROZEN,9,,,,7.462917264363377,8.8280729605339
confirmation_180_CPU,A_conditional,FROZEN,10,,,,8.235089977642103,9.808969956148777
confirmation_180_CPU,A_conditional,FROZEN,11,,,,9.255484727050662,10.789866951763655
confirmation_180_CPU,A_conditional,FROZEN,12,,,,10.717478180399391,11.770763947378533
confirmation_180_CPU,A_conditional,FROZEN,13,,,,12.036907141505544,12.75166094299341
confirmation_180_CPU,A_conditional,FROZEN,14,,,,13.041265994181344,13.732557938608288
confirmation_180_CPU,A_conditional,FROZEN,15,,,,13.836088919109432,14.713454934223167
confirmation_180_CPU,A_conditional,FROZEN,16,,,,14.498906210496946,15.694351929838044
confirmation_180_CPU,A_conditional,FROZEN,17,,,,15.394141058958247,16.675248925452923
confirmation_180_CPU,A_conditional,FROZEN,18,,,,16.494391060245995,17.6561459210678
confirmation_180_CPU,A_conditional,FROZEN,19,,,,18.24189920856813,18.637042916682677
confirmation_180_CPU,A_conditional,FROZEN,20,,,,19.242053862149927,19.617939912297555
confirmation_180_CPU,A_conditional,FROZEN,21,,,,19.92531759346228,20.598836907912432
confirmation_180_CPU,A_conditional,FROZEN,22,,,,20.726860055485236,21.57973390352731
confirmation_180_CPU,A_conditional,FROZEN,23,,,,21.512470722584492,22.56063089914219
confirmation_180_CPU,A_conditional,FROZEN,24,,,,22.366401204024495,23.541527894757067
confirmation_180_CPU,A_conditional,FROZEN,25,,,,23.325713509751115,24.522424890371944
confirmation_180_CPU,A_conditional,FROZEN,26,,,,24.488391550129684,25.50332188598682
confirmation_180_CPU,A_conditional,FROZEN,27,,,,25.234616439027743,26.4842188816017
confirmation_180_CPU,A_conditional,FROZEN,28,,,,26.189769116884918,27.465115877216576
confirmation_180_CPU,A_conditional,FROZEN,29,,,,27.155052929779586,28.446012872831457
confirmation_180_CPU,A_conditional,FROZEN,30,,,,28.05259494553619,29.426909868446334
confirmation_180_CPU,A_conditional,FROZEN,31,,,,28.85235679883295,30.40780686406121
confirmation_180_CPU,A_conditional,FROZEN,32,,,,29.775671843569512,31.388703859676088
confirmation_180_CPU,A_conditional,FROZEN,33,,,,30.728596226813377,32.36960085529097
confirmation_180_CPU,A_conditional,FROZEN,34,,,,31.674509306214038,33.350497850905846
confirmation_180_CPU,A_conditional,FROZEN,35,,,,32.368556848855306,34.33139484652072
confirmation_180_CPU,A_conditional,FROZEN,36,,,,33.13420568430676,35.861645779077435
confirmation_180_CPU,A_conditional,FROZEN,37,,,,34.729598284778106,37.50741668514709
confirmation_180_CPU,A_conditional,FROZEN,38,,,,36.58245948715804,39.176729527035086
confirmation_180_CPU,A_conditional,FROZEN,39,,,,38.247382124398044,40.823205255973875
confirmation_180_CPU,A_conditional,FROZEN,40,,,,40.42295323496805,42.495152772830046
confirmation_180_CPU,A_conditional,FROZEN,41,,,,42.203097051966495,44.14407102882777
confirmation_180_CPU,A_conditional,FROZEN,42,,,,43.68881709850291,45.808236779344
confirmation_180_CPU,A_conditional,FROZEN,43,,,,45.105885322013556,47.477207107736525
confirmation_180_CPU,A_conditional,FROZEN,44,,,,46.43406626259637,49.14555193528959
confirmation_180_CPU,A_conditional,FROZEN,45,,,,47.89463953838551,50.787175196208864
confirmation_180_CPU,A_conditional,FROZEN,46,,,,49.68468906762725,52.44089107100317
confirmation_180_CPU,A_conditional,FROZEN,47,,,,51.64289659411857,54.110832715610435
confirmation_180_CPU,A_conditional,FROZEN,48,,,,53.61068871883005,55.7800500778322
confirmation_180_CPU,A_conditional,FROZEN,49,,,,55.129635196280034,57.43466637494662
confirmation_180_CPU,A_conditional,FROZEN,50,,,,56.625192588718406,59.07558125559842
confirmation_180_CPU,A_conditional,FROZEN,51,,,,57.99902781772798,60.74193026938953
confirmation_180_CPU,A_conditional,FROZEN,52,,,,59.58200169663961,62.411003137985624
confirmation_180_CPU,A_conditional,FROZEN,53,,,,61.14952936959054,64.07863002218329
confirmation_180_CPU,A_conditional,FROZEN,54,,,,62.817983455437854,65.72434705657122
confirmation_180_CPU,A_conditional,FROZEN,55,,,,63.910222475055654,67.36869362902675
confirmation_180_CPU,A_conditional,FROZEN,56,,,,65.44538679417846,69.03436094613
confirmation_180_CPU,A_conditional,FROZEN,57,,,,67.41978993253053,70.7039321885442
confirmation_180_CPU,A_conditional,FROZEN,58,,,,68.95260851373186,72.37083295050262
confirmation_180_CPU,A_conditional,FROZEN,59,,,,70.19061762140461,74.01142590258056
confirmation_180_CPU,A_conditional,FROZEN,60,,,,72.27312654652245,75.66317502137835
confirmation_180_CPU,A_conditional,FROZEN,61,,,,73.87480029072925,77.33124106770227
confirmation_180_CPU,A_conditional,FROZEN,62,,,,75.45175349449602,79.00090440114553
confirmation_180_CPU,A_conditional,FROZEN,63,,,,77.46320060037772,80.65652756303777
confirmation_180_CPU,A_conditional,FROZEN,64,,,,79.25717872278841,82.29671081332518
confirmation_180_CPU,A_conditional,FROZEN,65,,,,80.73934591509195,83.96187222403586
confirmation_180_CPU,A_conditional,FROZEN,66,,,,82.06903856209637,85.63091228513333
confirmation_180_CPU,A_conditional,FROZEN,67,,,,83.7892298733857,87.29835236381818
confirmation_180_CPU,A_conditional,FROZEN,68,,,,85.56837208297121,88.94008580501746
confirmation_180_CPU,A_conditional,FROZEN,69,,,,86.94539935645275,90.61506930377837
confirmation_180_CPU,A_conditional,FROZEN,70,,,,88.5243292077926,92.30770046366123
confirmation_180_CPU,A_conditional,FROZEN,71,,,,89.9165604504679,93.99801516260291
confirmation_180_CPU,A_conditional,FROZEN,72,,,,91.46247778455258,95.68846202731294
confirmation_180_CPU,A_conditional,FROZEN,73,,,,92.78833653095094,97.38037971234094
confirmation_180_CPU,A_conditional,FROZEN,74,,,,94.0199811173372,98.45835127955021
confirmation_180_CPU,A_conditional,FROZEN,75,,,,95.46149362735447,99.43924827516508
confirmation_180_CPU,A_conditional,FROZEN,76,,,,96.31316051750092,100.42014527077998
confirmation_180_CPU,A_conditional,FROZEN,77,,,,97.35402554399585,101.40104226639485
confirmation_180_CPU,A_conditional,FROZEN,78,,,,98.20828053738543,102.38193926200972
confirmation_180_CPU,A_conditional,FROZEN,79,,,,98.9501328186236,103.36283625762462
confirmation_180_CPU,A_conditional,FROZEN,80,,,,99.8669744420166,104.34373325323949
confirmation_180_CPU,A_conditional,FROZEN,81,,,,101.26928022339501,105.32463024885436
confirmation_180_CPU,A_conditional,FROZEN,82,,,,103.2709481073111,106.30552724446923
confirmation_180_CPU,A_conditional,FROZEN,83,,,,104.51852070875938,107.28642424008413
confirmation_180_CPU,A_conditional,FROZEN,84,,,,105.24997727487747,108.267321235699
confirmation_180_CPU,A_conditional,FROZEN,85,,,,106.11573548113887,109.24821823131387
confirmation_180_CPU,A_conditional,FROZEN,86,,,,106.91707678114757,110.22911522692874
confirmation_180_CPU,A_conditional,FROZEN,87,,,,107.81554454765396,111.21001222254364
confirmation_180_CPU,A_conditional,FROZEN,88,,,,109.11312819432288,112.19090921815851
confirmation_180_CPU,A_conditional,FROZEN,89,,,,109.9156570643841,113.17180621377338
confirmation_180_CPU,A_conditional,FROZEN,90,,,,110.61235056722327,114.15270320938828
confirmation_180_CPU,A_conditional,FROZEN,91,,,,111.27069257019446,115.13360020500315
confirmation_180_CPU,A_conditional,FROZEN,92,,,,112.02914974679945,116.11449720061802
confirmation_180_CPU,A_conditional,FROZEN,93,,,,112.92093414120464,117.09539419623289
confirmation_180_CPU,A_conditional,FROZEN,94,,,,113.77895177178304,118.07629119184779
confirmation_180_CPU,A_conditional,FROZEN,95,,,,115.0057302993706,119.05718818746266
confirmation_180_CPU,A_conditional,FROZEN,96,,,,116.07685966459566,120.03808518307753
confirmation_180_CPU,A_conditional,FROZEN,97,,,,116.84718646425041,121.0189821786924
confirmation_180_CPU,A_conditional,FROZEN,98,,,,118.02610008061708,121.9998791743073
confirmation_180_CPU,A_conditional,FROZEN,99,,,,119.04339109303154,122.98077616992217
confirmation_180_CPU,A_conditional,FROZEN,100,,,,120.01621706563411,123.96167316553704
confirmation_180_CPU,A_conditional,FROZEN,101,,,,120.98552453299565,124.9425701611519
confirmation_180_CPU,A_conditional,FROZEN,102,,,,122.21283028750554,125.9234671567668
confirmation_180_CPU,A_conditional,FROZEN,103,,,,123.47399477796488,126.90436415238167
confirmation_180_CPU,A_conditional,FROZEN,104,,,,124.30077911516773,127.88526114799654
confirmation_180_CPU,A_conditional,FROZEN,105,,,,125.12644367014114,128.86615814361144
confirmation_180_CPU,A_conditional,FROZEN,106,,,,126.02655219751557,129.8470551392263
confirmation_180_CPU,A_conditional,FROZEN,107,,,,126.72051601718587,130.82795213484118
confirmation_180_CPU,A_conditional,FROZEN,108,,,,127.43358761472811,131.80884913045605
confirmation_180_CPU,A_conditional,FROZEN,109,,,,128.69743138991856,132.78974612607095
confirmation_180_CPU,A_conditional,FROZEN,110,,,,130.00481404282192,133.77064312168582
confirmation_180_CPU,A_conditional,FROZEN,111,,,,130.88027546364071,134.7515401173007
confirmation_180_CPU,A_conditional,FROZEN,112,,,,131.6884873993227,135.73243711291556
confirmation_180_CPU,A_conditional,FROZEN,113,,,,132.79589263817527,136.71333410853046
confirmation_180_CPU,A_conditional,FROZEN,114,,,,133.8968726520152,137.69423110414533
confirmation_180_CPU,A_conditional,FROZEN,115,,,,134.86036462648548,138.6751280997602
confirmation_180_CPU,A_conditional,FROZEN,116,,,,135.9811210533965,139.6560250953751
confirmation_180_CPU,A_conditional,FROZEN,117,,,,137.1149644940674,140.63692209098997
confirmation_180_CPU,A_conditional,FROZEN,118,,,,137.80472242630606,141.61781908660484
confirmation_180_CPU,A_conditional,FROZEN,119,,,,138.51059082891595,142.5987160822197
confirmation_180_CPU,A_conditional,FROZEN,120,,,,139.38460552113264,143.5796130778346
confirmation_180_CPU,A_conditional,JOINT,37.16254210699998,28.5,28.708645959432435,0.20864595943243458,,
confirmation_180_CPU,A_conditional,JOINT,39.73254210599998,28.5,28.947410130878094,0.4474101308780938,,
confirmation_180_CPU,A_conditional,JOINT,42.147542106,28.5,29.153536958239233,0.6535369582392327,,
confirmation_180_CPU,A_conditional,JOINT,44.542542105999985,29.7,29.308492879634798,-0.3915071203652012,,
confirmation_180_CPU,A_conditional,JOINT,46.98254210599998,29.7,29.471523756458332,-0.2284762435416674,,
confirmation_180_CPU,A_conditional,JOINT,49.43754210599997,29.7,29.59039988576092,-0.109600114239079,,
confirmation_180_CPU,A_conditional,JOINT,51.89754210699999,29.7,29.712186563662684,0.012186563662684335,,
confirmation_180_CPU,A_conditional,JOINT,54.467542105999996,30.3,29.800163240498087,-0.499836759501914,,
confirmation_180_CPU,A_conditional,JOINT,56.917542105999985,30.3,29.893960014468274,-0.40603998553172715,,
confirmation_180_CPU,A_conditional,JOINT,59.382542107000006,30.3,29.954318253128662,-0.3456817468713389,,
confirmation_180_CPU,A_conditional,JOINT,61.842542105999996,30.3,30.026811159226583,-0.2731888407734182,,
confirmation_180_CPU,A_conditional,JOINT,64.387542107,30.6,30.07474986735756,-0.5252501326424408,,
confirmation_180_CPU,A_conditional,JOINT,66.827542107,30.6,30.12979948699538,-0.4702005130046203,,
confirmation_180_CPU,A_conditional,JOINT,69.29754210599998,30.6,30.184308258023712,-0.4156917419762891,,
confirmation_180_CPU,A_conditional,JOINT,71.777542106,30.6,30.290935003245124,-0.3090649967548771,,
confirmation_180_CPU,A_conditional,JOINT,74.24754210699996,30.8,30.22391031205639,-0.576089687943611,,
confirmation_180_CPU,A_conditional,JOINT,76.67754210599998,30.8,29.989796127080627,-0.8102038729193737,,
confirmation_180_CPU,A_conditional,JOINT,79.12254210699996,30.8,29.786316176863583,-1.013683823136418,,
confirmation_180_CPU,A_conditional,JOINT,82.12754210700001,30.8,29.573892298251955,-1.2261077017480453,,
confirmation_180_CPU,A_conditional,JOINT,84.79254210699997,29.5,29.415045738178883,-0.08495426182111743,,
confirmation_180_CPU,A_conditional,JOINT,87.35254210599999,29.5,29.28462810040887,-0.2153718995911298,,
confirmation_180_CPU,A_conditional,JOINT,89.822542107,29.5,29.176445185488536,-0.3235548145114642,,
confirmation_180_CPU,A_conditional,JOINT,92.35254210599999,29.0,29.081080405553152,0.08108040555315199,,
confirmation_180_CPU,A_conditional,JOINT,94.82754210600001,29.0,29.000811803053587,0.000811803053586857,,
confirmation_180_CPU,A_conditional,JOINT,97.48754210699997,29.0,28.92686157083206,-0.07313842916794044,,
confirmation_180_CPU,A_conditional,JOINT,100.04754210699997,29.0,28.86602277838697,-0.13397722161302994,,
confirmation_180_CPU,A_conditional,JOINT,102.882542107,28.9,28.808713519472786,-0.09128648052721289,,
confirmation_180_CPU,A_conditional,JOINT,105.392542107,28.9,28.765510059649177,-0.1344899403508215,,
confirmation_180_CPU,A_conditional,JOINT,107.93254210599997,28.9,28.727941680562225,-0.17205831943777383,,
confirmation_180_CPU,A_conditional,JOINT,110.47754210599999,28.9,28.695630283311132,-0.20436971668886628,,
confirmation_180_CPU,A_conditional,JOINT,113.267542107,28.8,28.66544645579096,-0.13455354420904087,,
confirmation_180_CPU,A_conditional,JOINT,115.837542106,28.8,28.64178088012149,-0.15821911987850967,,
confirmation_180_CPU,A_conditional,JOINT,118.35754210599998,28.8,28.621865884253616,-0.17813411574638494,,
confirmation_180_CPU,A_conditional,JOINT,120.85254210699998,28.8,28.604905620831627,-0.19509437916837413,,
confirmation_180_CPU,A_conditional,JOINT,123.73754210699997,28.7,28.588214914516975,-0.11178508548302446,,
confirmation_180_CPU,A_conditional,JOINT,126.262542107,28.7,28.575801197405433,-0.12419880259456662,,
confirmation_180_CPU,A_conditional,JOINT,128.72254210699998,28.7,28.56538914725161,-0.1346108527483878,,
confirmation_180_CPU,A_conditional,JOINT,131.252542107,28.7,28.556170629958757,-0.1438293700412423,,
confirmation_180_CPU,A_conditional,JOINT,134.082542107,28.7,28.54739005991717,-0.15260994008282935,,
confirmation_180_CPU,A_conditional,JOINT,136.69254210599996,28.7,28.54051389858604,-0.15948610141396102,,
confirmation_180_CPU,A_conditional,JOINT,139.23254210599998,28.7,28.53478137943804,-0.16521862056195857,,
confirmation_180_CPU,A_conditional,JOINT,141.712542106,28.7,28.529967788801823,-0.17003221119817624,,
confirmation_180_CPU,A_conditional,JOINT,144.702542106,28.7,28.525041421509005,-0.17495857849099394,,
confirmation_180_CPU,A_conditional,JOINT,147.342542106,28.7,28.521369442472267,-0.1786305575277325,,
confirmation_180_CPU,A_conditional,JOINT,149.892542107,28.7,28.51833475461462,-0.18166524538537843,,
confirmation_180_CPU,A_conditional,JOINT,152.352542106,28.7,28.515816293283304,-0.18418370671669493,,
confirmation_180_CPU,A_conditional,JOINT,154.91754210599998,28.7,28.513557990866666,-0.18644200913333364,,
confirmation_180_CPU,A_conditional,JOINT,157.457542106,28.7,28.511639601253126,-0.18836039874687316,,
confirmation_180_CPU,A_conditional,JOINT,160.05254210699997,28.7,28.50995969787204,-0.19004030212795797,,
confirmation_180_CPU,A_conditional,JOINT,162.54754210599998,28.7,28.508573591330233,-0.19142640866976635,,
confirmation_180_CPU,A_conditional,JOINT,165.382542107,28.7,28.5072311990133,-0.19276880098669835,,
confirmation_180_CPU,A_conditional,JOINT,168.04754210699997,28.7,28.50616158422015,-0.19383841577985095,,
confirmation_180_CPU,A_conditional,JOINT,170.577542107,28.7,28.505292928287595,-0.1947070717124042,,
confirmation_180_CPU,A_conditional,JOINT,173.05254210599998,28.7,28.504561779977386,-0.1954382200226128,,
confirmation_180_CPU,A_conditional,JOINT,175.54754210599998,28.7,28.503926910009188,-0.1960730899908114,,
confirmation_180_CPU,A_conditional,JOINT,178.17254210599998,28.7,28.503354103384318,-0.19664589661568144,,
confirmation_180_CPU,A_conditional,JOINT,0,,,,0.0,0.0
confirmation_180_CPU,A_conditional,JOINT,1,,,,0.958025591182853,0.9808969956148778
confirmation_180_CPU,A_conditional,JOINT,2,,,,1.9181988166563118,1.9617939912297555
confirmation_180_CPU,A_conditional,JOINT,3,,,,2.62231855013828,2.9426909868446334
confirmation_180_CPU,A_conditional,JOINT,4,,,,3.2698638510977944,3.923587982459511
confirmation_180_CPU,A_conditional,JOINT,5,,,,4.3038759728813085,4.904484978074389
confirmation_180_CPU,A_conditional,JOINT,6,,,,5.194641458515186,5.885381973689267
confirmation_180_CPU,A_conditional,JOINT,7,,,,5.888231328199469,6.866278969304144
confirmation_180_CPU,A_conditional,JOINT,8,,,,6.575260051367049,7.847175964919022
confirmation_180_CPU,A_conditional,JOINT,9,,,,7.462917264363377,8.8280729605339
confirmation_180_CPU,A_conditional,JOINT,10,,,,8.235089977642103,9.808969956148777
confirmation_180_CPU,A_conditional,JOINT,11,,,,9.255484727050662,10.789866951763655
confirmation_180_CPU,A_conditional,JOINT,12,,,,10.717478180399391,11.770763947378533
confirmation_180_CPU,A_conditional,JOINT,13,,,,12.036907141505544,12.75166094299341
confirmation_180_CPU,A_conditional,JOINT,14,,,,13.041265994181344,13.732557938608288
confirmation_180_CPU,A_conditional,JOINT,15,,,,13.836088919109432,14.713454934223167
confirmation_180_CPU,A_conditional,JOINT,16,,,,14.498906210496946,15.694351929838044
confirmation_180_CPU,A_conditional,JOINT,17,,,,15.394141058958247,16.675248925452923
confirmation_180_CPU,A_conditional,JOINT,18,,,,16.494391060245995,17.6561459210678
confirmation_180_CPU,A_conditional,JOINT,19,,,,18.24189920856813,18.637042916682677
confirmation_180_CPU,A_conditional,JOINT,20,,,,19.242053862149927,19.617939912297555
confirmation_180_CPU,A_conditional,JOINT,21,,,,19.92531759346228,20.598836907912432
confirmation_180_CPU,A_conditional,JOINT,22,,,,20.726860055485236,21.57973390352731
confirmation_180_CPU,A_conditional,JOINT,23,,,,21.512470722584492,22.56063089914219
confirmation_180_CPU,A_conditional,JOINT,24,,,,22.366401204024495,23.541527894757067
confirmation_180_CPU,A_conditional,JOINT,25,,,,23.325713509751115,24.522424890371944
confirmation_180_CPU,A_conditional,JOINT,26,,,,24.488391550129684,25.50332188598682
confirmation_180_CPU,A_conditional,JOINT,27,,,,25.234616439027743,26.4842188816017
confirmation_180_CPU,A_conditional,JOINT,28,,,,26.189769116884918,27.465115877216576
confirmation_180_CPU,A_conditional,JOINT,29,,,,27.155052929779586,28.446012872831457
confirmation_180_CPU,A_conditional,JOINT,30,,,,28.05259494553619,29.426909868446334
confirmation_180_CPU,A_conditional,JOINT,31,,,,28.85235679883295,30.40780686406121
confirmation_180_CPU,A_conditional,JOINT,32,,,,29.775671843569512,31.388703859676088
confirmation_180_CPU,A_conditional,JOINT,33,,,,30.728596226813377,32.36960085529097
confirmation_180_CPU,A_conditional,JOINT,34,,,,31.674509306214038,33.350497850905846
confirmation_180_CPU,A_conditional,JOINT,35,,,,32.368556848855306,34.33139484652072
confirmation_180_CPU,A_conditional,JOINT,36,,,,33.13420568430676,35.8576029212654
confirmation_180_CPU,A_conditional,JOINT,37,,,,34.729598284778106,37.49454770316437
confirmation_180_CPU,A_conditional,JOINT,38,,,,36.58245948715804,39.16011445663033
confirmation_180_CPU,A_conditional,JOINT,39,,,,38.247382124398044,40.79790114977021
confirmation_180_CPU,A_conditional,JOINT,40,,,,40.42295323496805,42.46653191745594
confirmation_180_CPU,A_conditional,JOINT,41,,,,42.203097051966495,44.10734469627597
confirmation_180_CPU,A_conditional,JOINT,42,,,,43.68881709850291,45.76688386559131
confirmation_180_CPU,A_conditional,JOINT,43,,,,45.105885322013556,47.432024863935794
confirmation_180_CPU,A_conditional,JOINT,44,,,,46.43406626259637,49.09638482234368
confirmation_180_CPU,A_conditional,JOINT,45,,,,47.89463953838551,50.72821803701107
confirmation_180_CPU,A_conditional,JOINT,46,,,,49.68468906762725,52.374897964669856
confirmation_180_CPU,A_conditional,JOINT,47,,,,51.64289659411857,54.04118987843485
confirmation_180_CPU,A_conditional,JOINT,48,,,,53.61068871883005,55.70660522088522
confirmation_180_CPU,A_conditional,JOINT,49,,,,55.129635196280034,57.35416003562048
confirmation_180_CPU,A_conditional,JOINT,50,,,,56.625192588718406,58.98514234081968
confirmation_180_CPU,A_conditional,JOINT,51,,,,57.99902781772798,60.64729001828494
confirmation_180_CPU,A_conditional,JOINT,52,,,,59.58200169663961,62.312481814540206
confirmation_180_CPU,A_conditional,JOINT,53,,,,61.14952936959054,63.97595233793683
confirmation_180_CPU,A_conditional,JOINT,54,,,,62.817983455437854,65.61281075517917
confirmation_180_CPU,A_conditional,JOINT,55,,,,63.910222475055654,67.24812800597874
confirmation_180_CPU,A_conditional,JOINT,56,,,,65.44538679417846,68.90964107195448
confirmation_180_CPU,A_conditional,JOINT,57,,,,67.41978993253053,70.57544319349512
confirmation_180_CPU,A_conditional,JOINT,58,,,,68.95260851373186,72.23807072590976
confirmation_180_CPU,A_conditional,JOINT,59,,,,70.19061762140461,73.86914344892666
confirmation_180_CPU,A_conditional,JOINT,60,,,,72.27312654652245,75.51352184232928
confirmation_180_CPU,A_conditional,JOINT,61,,,,73.87480029072925,77.17725398558261
confirmation_180_CPU,A_conditional,JOINT,62,,,,75.45175349449602,78.84321039859451
confirmation_180_CPU,A_conditional,JOINT,63,,,,77.46320060037772,80.49226626647783
confirmation_180_CPU,A_conditional,JOINT,64,,,,79.25717872278841,82.1223304125744
confirmation_180_CPU,A_conditional,JOINT,65,,,,80.73934591509195,83.7831652652023
confirmation_180_CPU,A_conditional,JOINT,66,,,,82.06903856209637,85.44845187386565
confirmation_180_CPU,A_conditional,JOINT,67,,,,83.7892298733857,87.1117842041123
confirmation_180_CPU,A_conditional,JOINT,68,,,,85.56837208297121,88.7442561938855
confirmation_180_CPU,A_conditional,JOINT,69,,,,86.94539935645275,90.4167269818501
confirmation_180_CPU,A_conditional,JOINT,70,,,,88.5243292077926,92.11042369454734
confirmation_180_CPU,A_conditional,JOINT,71,,,,89.9165604504679,93.80180047827898
confirmation_180_CPU,A_conditional,JOINT,72,,,,91.46247778455258,95.4933096256472
confirmation_180_CPU,A_conditional,JOINT,73,,,,92.78833653095094,97.18629179533075
confirmation_180_CPU,A_conditional,JOINT,74,,,,94.0199811173372,98.26440869500847
confirmation_180_CPU,A_conditional,JOINT,75,,,,95.46149362735447,99.24530569062334
confirmation_180_CPU,A_conditional,JOINT,76,,,,96.31316051750092,100.22620268623822
confirmation_180_CPU,A_conditional,JOINT,77,,,,97.35402554399585,101.20709968185311
confirmation_180_CPU,A_conditional,JOINT,78,,,,98.20828053738543,102.18799667746798
confirmation_180_CPU,A_conditional,JOINT,79,,,,98.9501328186236,103.16889367308286
confirmation_180_CPU,A_conditional,JOINT,80,,,,99.8669744420166,104.14979066869773
confirmation_180_CPU,A_conditional,JOINT,81,,,,101.26928022339501,105.13068766431262
confirmation_180_CPU,A_conditional,JOINT,82,,,,103.2709481073111,106.11158465992749
confirmation_180_CPU,A_conditional,JOINT,83,,,,104.51852070875938,107.09248165554237
confirmation_180_CPU,A_conditional,JOINT,84,,,,105.24997727487747,108.07337865115724
confirmation_180_CPU,A_conditional,JOINT,85,,,,106.11573548113887,109.05427564677213
confirmation_180_CPU,A_conditional,JOINT,86,,,,106.91707678114757,110.035172642387
confirmation_180_CPU,A_conditional,JOINT,87,,,,107.81554454765396,111.01606963800188
confirmation_180_CPU,A_conditional,JOINT,88,,,,109.11312819432288,111.99696663361675
confirmation_180_CPU,A_conditional,JOINT,89,,,,109.9156570643841,112.97786362923163
confirmation_180_CPU,A_conditional,JOINT,90,,,,110.61235056722327,113.95876062484652
confirmation_180_CPU,A_conditional,JOINT,91,,,,111.27069257019446,114.93965762046139
confirmation_180_CPU,A_conditional,JOINT,92,,,,112.02914974679945,115.92055461607627
confirmation_180_CPU,A_conditional,JOINT,93,,,,112.92093414120464,116.90145161169114
confirmation_180_CPU,A_conditional,JOINT,94,,,,113.77895177178304,117.88234860730603
confirmation_180_CPU,A_conditional,JOINT,95,,,,115.0057302993706,118.8632456029209
confirmation_180_CPU,A_conditional,JOINT,96,,,,116.07685966459566,119.84414259853578
confirmation_180_CPU,A_conditional,JOINT,97,,,,116.84718646425041,120.82503959415065
confirmation_180_CPU,A_conditional,JOINT,98,,,,118.02610008061708,121.80593658976554
confirmation_180_CPU,A_conditional,JOINT,99,,,,119.04339109303154,122.7868335853804
confirmation_180_CPU,A_conditional,JOINT,100,,,,120.01621706563411,123.76773058099529
confirmation_180_CPU,A_conditional,JOINT,101,,,,120.98552453299565,124.74862757661016
confirmation_180_CPU,A_conditional,JOINT,102,,,,122.21283028750554,125.72952457222505
confirmation_180_CPU,A_conditional,JOINT,103,,,,123.47399477796488,126.71042156783993
confirmation_180_CPU,A_conditional,JOINT,104,,,,124.30077911516773,127.6913185634548
confirmation_180_CPU,A_conditional,JOINT,105,,,,125.12644367014114,128.67221555906968
confirmation_180_CPU,A_conditional,JOINT,106,,,,126.02655219751557,129.65311255468455
confirmation_180_CPU,A_conditional,JOINT,107,,,,126.72051601718587,130.63400955029942
confirmation_180_CPU,A_conditional,JOINT,108,,,,127.43358761472811,131.6149065459143
confirmation_180_CPU,A_conditional,JOINT,109,,,,128.69743138991856,132.5958035415292
confirmation_180_CPU,A_conditional,JOINT,110,,,,130.00481404282192,133.57670053714406
confirmation_180_CPU,A_conditional,JOINT,111,,,,130.88027546364071,134.55759753275893
confirmation_180_CPU,A_conditional,JOINT,112,,,,131.6884873993227,135.5384945283738
confirmation_180_CPU,A_conditional,JOINT,113,,,,132.79589263817527,136.5193915239887
confirmation_180_CPU,A_conditional,JOINT,114,,,,133.8968726520152,137.50028851960357
confirmation_180_CPU,A_conditional,JOINT,115,,,,134.86036462648548,138.48118551521844
confirmation_180_CPU,A_conditional,JOINT,116,,,,135.9811210533965,139.46208251083334
confirmation_180_CPU,A_conditional,JOINT,117,,,,137.1149644940674,140.4429795064482
confirmation_180_CPU,A_conditional,JOINT,118,,,,137.80472242630606,141.42387650206308
confirmation_180_CPU,A_conditional,JOINT,119,,,,138.51059082891595,142.40477349767795
confirmation_180_CPU,A_conditional,JOINT,120,,,,139.38460552113264,143.38567049329285
confirmation_180_PAR,A_conditional,FROZEN,35.347779065,28.7,28.723313620781198,0.023313620781198807,,
confirmation_180_PAR,A_conditional,FROZEN,38.207779066,28.7,29.14161888774119,0.44161888774118907,,
confirmation_180_PAR,A_conditional,FROZEN,40.682779065999966,29.4,29.470134397403,0.07013439740300242,,
confirmation_180_PAR,A_conditional,FROZEN,43.10277906599998,29.4,29.751248144835362,0.35124814483536326,,
confirmation_180_PAR,A_conditional,FROZEN,45.66777906599998,29.4,30.027323820305927,0.6273238203059286,,
confirmation_180_PAR,A_conditional,FROZEN,48.01277906599995,29.4,30.249192406669778,0.8491924066697791,,
confirmation_180_PAR,A_conditional,FROZEN,50.37777906599996,30.6,30.44698668193651,-0.15301331806348983,,
confirmation_180_PAR,A_conditional,FROZEN,52.85277906499999,30.6,30.638675234991464,0.038675234991462304,,
confirmation_180_PAR,A_conditional,FROZEN,55.35277906599998,30.6,30.800775057684543,0.20077505768454174,,
confirmation_180_PAR,A_conditional,FROZEN,57.93277906499998,30.6,30.95916796811967,0.35916796811966734,,
confirmation_180_PAR,A_conditional,FROZEN,60.452779066000005,31.0,31.115690895314362,0.11569089531436205,,
confirmation_180_PAR,A_conditional,FROZEN,63.007779065999955,31.0,31.219855974161753,0.21985597416175295,,
confirmation_180_PAR,A_conditional,FROZEN,65.43777906499997,31.0,31.345495046348034,0.3454950463480344,,
confirmation_180_PAR,A_conditional,FROZEN,67.99277906499998,31.0,31.43531264694363,0.43531264694362903,,
confirmation_180_PAR,A_conditional,FROZEN,70.35277906599998,31.2,31.282530112016392,0.08253011201639282,,
confirmation_180_PAR,A_conditional,FROZEN,72.82777906499996,31.2,31.012259083152312,-0.18774091684768734,,
confirmation_180_PAR,A_conditional,FROZEN,75.29277906599998,31.2,30.771996835294793,-0.4280031647052063,,
confirmation_180_PAR,A_conditional,FROZEN,77.86277906499998,31.2,30.54888818827028,-0.6511118117297201,,
confirmation_180_PAR,A_conditional,FROZEN,80.522779066,29.7,30.34413713827636,0.6441371382763599,,
confirmation_180_PAR,A_conditional,FROZEN,83.097779065,29.7,30.168427806783377,0.46842780678337803,,
confirmation_180_PAR,A_conditional,FROZEN,85.592779065,29.7,30.016929280722763,0.31692928072276416,,
confirmation_180_PAR,A_conditional,FROZEN,88.16777906599998,29.7,29.87778565928133,0.17778565928133006,,
confirmation_180_PAR,A_conditional,FROZEN,90.717779065,29.6,29.755323729136872,0.15532372913687098,,
confirmation_180_PAR,A_conditional,FROZEN,93.35277906599998,29.6,29.643009425712634,0.043009425712632776,,
confirmation_180_PAR,A_conditional,FROZEN,95.91277906599998,29.6,29.546192213088208,-0.05380778691179344,,
confirmation_180_PAR,A_conditional,FROZEN,98.54777906599998,29.4,29.45776671565015,0.05776671565014979,,
confirmation_180_PAR,A_conditional,FROZEN,101.25777906599996,29.4,29.37734979705708,-0.02265020294291986,,
confirmation_180_PAR,A_conditional,FROZEN,103.76277906599995,29.4,29.31143144907661,-0.08856855092338733,,
confirmation_180_PAR,A_conditional,FROZEN,106.342779065,29.4,29.251037971901802,-0.1489620280981967,,
confirmation_180_PAR,A_conditional,FROZEN,108.952779066,29.1,29.19682292190407,0.09682292190406727,,
confirmation_180_PAR,A_conditional,FROZEN,111.68277906599997,29.1,29.146673593602564,0.046673593602562846,,
confirmation_180_PAR,A_conditional,FROZEN,114.29277906599998,29.1,29.104278838361598,0.004278838361596371,,
confirmation_180_PAR,A_conditional,FROZEN,116.83777906499995,29.1,29.067568721764946,-0.032431278235055316,,
confirmation_180_PAR,A_conditional,FROZEN,119.32277906599995,29.1,29.035646168392667,-0.06435383160733466,,
confirmation_180_PAR,A_conditional,FROZEN,122.28277906599999,29.1,29.002096331415313,-0.09790366858468857,,
confirmation_180_PAR,A_conditional,FROZEN,124.75777906599996,29.1,28.977350883425718,-0.12264911657428357,,
confirmation_180_PAR,A_conditional,FROZEN,127.40777906599999,29.1,28.95380477645556,-0.14619522354444214,,
confirmation_180_PAR,A_conditional,FROZEN,129.91277906599998,29.0,28.934041210872998,-0.06595878912700215,,
confirmation_180_PAR,A_conditional,FROZEN,132.532779066,29.0,28.91567205990558,-0.08432794009441835,,
confirmation_180_PAR,A_conditional,FROZEN,135.16777906599998,29.0,28.899304953067286,-0.1006950469327137,,
confirmation_180_PAR,A_conditional,FROZEN,137.72777906599998,29.0,28.885198717842677,-0.11480128215732321,,
confirmation_180_PAR,A_conditional,FROZEN,140.217779065,28.9,28.87298642654072,-0.02701357345927846,,
confirmation_180_PAR,A_conditional,FROZEN,143.26277906499996,28.9,28.859837797595052,-0.04016220240494661,,
confirmation_180_PAR,A_conditional,FROZEN,145.707779066,28.9,28.85053816763006,-0.049461832369939174,,
confirmation_180_PAR,A_conditional,FROZEN,148.28777906599998,28.9,28.841798344769188,-0.058201655230810445,,
confirmation_180_PAR,A_conditional,FROZEN,150.83777906499995,29.0,28.834124226664045,-0.16587577333595505,,
confirmation_180_PAR,A_conditional,FROZEN,153.41277906599998,29.0,28.82723890147174,-0.17276109852825883,,
confirmation_180_PAR,A_conditional,FROZEN,156.05277906599997,29.0,28.820979847848594,-0.17902015215140565,,
confirmation_180_PAR,A_conditional,FROZEN,158.56277906599996,28.9,28.815696119541727,-0.08430388045827186,,
confirmation_180_PAR,A_conditional,FROZEN,161.08777906499995,28.9,28.810963916620583,-0.08903608337941549,,
confirmation_180_PAR,A_conditional,FROZEN,164.06277906599996,28.9,28.806052051954875,-0.0939479480451233,,
confirmation_180_PAR,A_conditional,FROZEN,166.727779065,28.9,28.802189827786723,-0.09781017221327559,,
confirmation_180_PAR,A_conditional,FROZEN,169.32277906499996,28.9,28.79885930855105,-0.101140691448947,,
confirmation_180_PAR,A_conditional,FROZEN,171.87277906499997,28.9,28.79595329195589,-0.10404670804410898,,
confirmation_180_PAR,A_conditional,FROZEN,174.38777906499996,28.9,28.793403679310067,-0.10659632068993119,,
confirmation_180_PAR,A_conditional,FROZEN,176.74277906499998,28.9,28.791270490426623,-0.1087295095733758,,
confirmation_180_PAR,A_conditional,FROZEN,179.31777906599996,28.9,28.789188982278063,-0.11081101772193591,,
confirmation_180_PAR,A_conditional,FROZEN,0,,,,0.0,0.0
confirmation_180_PAR,A_conditional,FROZEN,1,,,,0.8577856190087597,0.975698855476638
confirmation_180_PAR,A_conditional,FROZEN,2,,,,2.016981224886514,1.951397710953276
confirmation_180_PAR,A_conditional,FROZEN,3,,,,3.6330628355048136,2.9270965664299142
confirmation_180_PAR,A_conditional,FROZEN,4,,,,4.67083984059425,3.902795421906552
confirmation_180_PAR,A_conditional,FROZEN,5,,,,5.617810464582089,4.87849427738319
confirmation_180_PAR,A_conditional,FROZEN,6,,,,6.4839003552041055,5.8541931328598285
confirmation_180_PAR,A_conditional,FROZEN,7,,,,7.255217393399169,6.829891988336466
confirmation_180_PAR,A_conditional,FROZEN,8,,,,8.2253426914827,7.805590843813104
confirmation_180_PAR,A_conditional,FROZEN,9,,,,9.244285346053944,8.781289699289742
confirmation_180_PAR,A_conditional,FROZEN,10,,,,10.732961520801922,9.75698855476638
confirmation_180_PAR,A_conditional,FROZEN,11,,,,11.913426675735119,10.732687410243019
confirmation_180_PAR,A_conditional,FROZEN,12,,,,12.685778360908362,11.708386265719657
confirmation_180_PAR,A_conditional,FROZEN,13,,,,13.523393325988321,12.684085121196295
confirmation_180_PAR,A_conditional,FROZEN,14,,,,14.158068562162804,13.659783976672932
confirmation_180_PAR,A_conditional,FROZEN,15,,,,14.853720370652203,14.63548283214957
confirmation_180_PAR,A_conditional,FROZEN,16,,,,15.745051969762626,15.611181687626209
confirmation_180_PAR,A_conditional,FROZEN,17,,,,16.975900035743642,16.586880543102847
confirmation_180_PAR,A_conditional,FROZEN,18,,,,18.182250579976493,17.562579398579484
confirmation_180_PAR,A_conditional,FROZEN,19,,,,19.072259734894836,18.538278254056124
confirmation_180_PAR,A_conditional,FROZEN,20,,,,19.966888076106507,19.51397710953276
confirmation_180_PAR,A_conditional,FROZEN,21,,,,20.753254964654417,20.4896759650094
confirmation_180_PAR,A_conditional,FROZEN,22,,,,21.72456040387939,21.465374820486037
confirmation_180_PAR,A_conditional,FROZEN,23,,,,23.078089421022874,22.441073675962674
confirmation_180_PAR,A_conditional,FROZEN,24,,,,24.452407263642268,23.416772531439314
confirmation_180_PAR,A_conditional,FROZEN,25,,,,25.404387249668623,24.39247138691595
confirmation_180_PAR,A_conditional,FROZEN,26,,,,26.6489856724704,25.36817024239259
confirmation_180_PAR,A_conditional,FROZEN,27,,,,27.480976620669274,26.343869097869227
confirmation_180_PAR,A_conditional,FROZEN,28,,,,28.297173734457694,27.319567953345864
confirmation_180_PAR,A_conditional,FROZEN,29,,,,29.248440348621134,28.295266808822504
confirmation_180_PAR,A_conditional,FROZEN,30,,,,30.301243908034746,29.27096566429914
confirmation_180_PAR,A_conditional,FROZEN,31,,,,31.609370329604307,30.24666451977578
confirmation_180_PAR,A_conditional,FROZEN,32,,,,32.3116938030321,31.222363375252417
confirmation_180_PAR,A_conditional,FROZEN,33,,,,33.171132316225616,32.19806223072906
confirmation_180_PAR,A_conditional,FROZEN,34,,,,34.25424716976273,33.173761086205694
confirmation_180_PAR,A_conditional,FROZEN,35,,,,34.95241420705209,34.14945994168233
confirmation_180_PAR,A_conditional,FROZEN,36,,,,36.43674199727378,35.76443016895006
confirmation_180_PAR,A_conditional,FROZEN,37,,,,38.58055893483242,37.40949985651165
confirmation_180_PAR,A_conditional,FROZEN,38,,,,39.938485815326736,39.106577127661616
confirmation_180_PAR,A_conditional,FROZEN,39,,,,41.820183229321046,40.78549227152023
confirmation_180_PAR,A_conditional,FROZEN,40,,,,43.60605729018402,42.48728095908772
confirmation_180_PAR,A_conditional,FROZEN,41,,,,44.84035958714845,44.152632843947885
confirmation_180_PAR,A_conditional,FROZEN,42,,,,46.634247597245604,45.832515101837686
confirmation_180_PAR,A_conditional,FROZEN,43,,,,48.374543943374405,47.54419807513717
confirmation_180_PAR,A_conditional,FROZEN,44,,,,50.03740926440389,49.19381275114216
confirmation_180_PAR,A_conditional,FROZEN,45,,,,52.814267590219856,50.91019280764719
confirmation_180_PAR,A_conditional,FROZEN,46,,,,55.39248872874805,52.577541561197975
confirmation_180_PAR,A_conditional,FROZEN,47,,,,57.08394073994011,54.28160459236682
confirmation_180_PAR,A_conditional,FROZEN,48,,,,59.00901139193305,55.95884917163991
confirmation_180_PAR,A_conditional,FROZEN,49,,,,61.19499188384608,57.69398586018231
confirmation_180_PAR,A_conditional,FROZEN,50,,,,62.44977129201743,59.395879856465
confirmation_180_PAR,A_conditional,FROZEN,51,,,,64.46345897227883,61.036612630763074
confirmation_180_PAR,A_conditional,FROZEN,52,,,,66.19206437359361,62.750827046734585
confirmation_180_PAR,A_conditional,FROZEN,53,,,,68.23879272802559,64.38804240775596
confirmation_180_PAR,A_conditional,FROZEN,54,,,,69.82050617935984,66.09142082061523
confirmation_180_PAR,A_conditional,FROZEN,55,,,,71.4905488212561,67.7624702883329
confirmation_180_PAR,A_conditional,FROZEN,56,,,,73.26838574016634,69.43978505262348
confirmation_180_PAR,A_conditional,FROZEN,57,,,,75.1929702093121,71.1738977818485
confirmation_180_PAR,A_conditional,FROZEN,58,,,,77.42039899846264,72.83316259117977
confirmation_180_PAR,A_conditional,FROZEN,59,,,,79.08876071961053,74.56331966604694
confirmation_180_PAR,A_conditional,FROZEN,60,,,,80.9215291434276,76.2455741634003
confirmation_180_PAR,A_conditional,FROZEN,61,,,,82.85727892655134,77.95423471782385
confirmation_180_PAR,A_conditional,FROZEN,62,,,,84.90488996969128,79.6239680482301
confirmation_180_PAR,A_conditional,FROZEN,63,,,,86.5634270490931,81.31141687137418
confirmation_180_PAR,A_conditional,FROZEN,64,,,,88.32179313490904,83.05249272537125
confirmation_180_PAR,A_conditional,FROZEN,65,,,,90.44679619450709,84.72156336274975
confirmation_180_PAR,A_conditional,FROZEN,66,,,,92.20583116301327,86.43868282411414
confirmation_180_PAR,A_conditional,FROZEN,67,,,,93.3830332905627,88.0891757957204
confirmation_180_PAR,A_conditional,FROZEN,68,,,,94.78473016550602,89.80277804669818
confirmation_180_PAR,A_conditional,FROZEN,69,,,,96.53628991688055,91.42922955342402
confirmation_180_PAR,A_conditional,FROZEN,70,,,,97.2025301885359,92.40492840890064
confirmation_180_PAR,A_conditional,FROZEN,71,,,,97.84237779658494,93.3806272643773
confirmation_180_PAR,A_conditional,FROZEN,72,,,,98.9487083295655,94.35632611985392
confirmation_180_PAR,A_conditional,FROZEN,73,,,,99.8879367609144,95.33202497533057
confirmation_180_PAR,A_conditional,FROZEN,74,,,,100.77649755893407,96.30772383080722
confirmation_180_PAR,A_conditional,FROZEN,75,,,,101.75865718715922,97.28342268628384
confirmation_180_PAR,A_conditional,FROZEN,76,,,,102.73026707647483,98.25912154176049
confirmation_180_PAR,A_conditional,FROZEN,77,,,,103.41258857625847,99.23482039723712
confirmation_180_PAR,A_conditional,FROZEN,78,,,,104.3512484835335,100.21051925271377
confirmation_180_PAR,A_conditional,FROZEN,79,,,,106.03014221072868,101.18621810819039
confirmation_180_PAR,A_conditional,FROZEN,80,,,,107.53162042255086,102.16191696366704
confirmation_180_PAR,A_conditional,FROZEN,81,,,,108.91568184431699,103.13761581914366
confirmation_180_PAR,A_conditional,FROZEN,82,,,,110.08538668982607,104.11331467462031
confirmation_180_PAR,A_conditional,FROZEN,83,,,,110.8681743470002,105.08901353009693
confirmation_180_PAR,A_conditional,FROZEN,84,,,,111.69859261308687,106.06471238557359
confirmation_180_PAR,A_conditional,FROZEN,85,,,,112.46232489470245,107.04041124105024
confirmation_180_PAR,A_conditional,FROZEN,86,,,,113.75343507378503,108.01611009652686
confirmation_180_PAR,A_conditional,FROZEN,87,,,,114.7408641463891,108.99180895200351
confirmation_180_PAR,A_conditional,FROZEN,88,,,,116.35152635479857,109.96750780748013
confirmation_180_PAR,A_conditional,FROZEN,89,,,,118.45942888886229,110.94320666295678
confirmation_180_PAR,A_conditional,FROZEN,90,,,,119.64062706391762,111.9189055184334
confirmation_180_PAR,A_conditional,FROZEN,91,,,,120.80491463270454,112.89460437391006
confirmation_180_PAR,A_conditional,FROZEN,92,,,,121.64639755060263,113.87030322938668
confirmation_180_PAR,A_conditional,FROZEN,93,,,,122.86173449178082,114.84600208486333
confirmation_180_PAR,A_conditional,FROZEN,94,,,,123.96853766962262,115.82170094033998
confirmation_180_PAR,A_conditional,FROZEN,95,,,,124.83107321688752,116.7973997958166
confirmation_180_PAR,A_conditional,FROZEN,96,,,,125.64982217292057,117.77309865129325
confirmation_180_PAR,A_conditional,FROZEN,97,,,,126.76576868079027,118.74879750676988
confirmation_180_PAR,A_conditional,FROZEN,98,,,,127.64470248424763,119.72449636224653
confirmation_180_PAR,A_conditional,FROZEN,99,,,,128.5475555082623,120.70019521772315
confirmation_180_PAR,A_conditional,FROZEN,100,,,,130.19048029091775,121.6758940731998
confirmation_180_PAR,A_conditional,FROZEN,101,,,,131.22332948866952,122.65159292867642
confirmation_180_PAR,A_conditional,FROZEN,102,,,,132.25247238323075,123.62729178415307
confirmation_180_PAR,A_conditional,FROZEN,103,,,,132.94012012411457,124.6029906396297
confirmation_180_PAR,A_conditional,FROZEN,104,,,,133.6074377672956,125.57868949510635
confirmation_180_PAR,A_conditional,FROZEN,105,,,,134.56464770986446,126.554388350583
confirmation_180_PAR,A_conditional,FROZEN,106,,,,135.5564884440928,127.53008720605962
confirmation_180_PAR,A_conditional,FROZEN,107,,,,136.5696078061173,128.50578606153627
confirmation_180_PAR,A_conditional,FROZEN,108,,,,137.4191708003774,129.4814849170129
confirmation_180_PAR,A_conditional,FROZEN,109,,,,138.08869486636502,130.45718377248954
confirmation_180_PAR,A_conditional,FROZEN,110,,,,138.95840311085237,131.43288262796617
confirmation_180_PAR,A_conditional,FROZEN,111,,,,140.0072439852878,132.40858148344282
confirmation_180_PAR,A_conditional,FROZEN,112,,,,141.67853402941563,133.38428033891944
confirmation_180_PAR,A_conditional,FROZEN,113,,,,142.84136782820784,134.3599791943961
confirmation_180_PAR,A_conditional,FROZEN,114,,,,144.11624558124527,135.33567804987274
confirmation_180_PAR,A_conditional,FROZEN,115,,,,144.93337182571264,136.31137690534936
confirmation_180_PAR,A_conditional,FROZEN,116,,,,145.9548441555004,137.287075760826
confirmation_180_PAR,A_conditional,FROZEN,117,,,,147.12594481534674,138.26277461630264
confirmation_180_PAR,A_conditional,FROZEN,118,,,,148.50173906660174,139.2384734717793
confirmation_180_PAR,A_conditional,FROZEN,119,,,,149.43947094094585,140.2141723272559
confirmation_180_PAR,A_conditional,FROZEN,120,,,,150.87169051201684,141.18987118273256
confirmation_180_PAR,A_conditional,JOINT,35.347779065,28.7,28.72700323686299,0.027003236862991997,,
confirmation_180_PAR,A_conditional,JOINT,38.207779066,28.7,29.212086478695692,0.5120864786956929,,
confirmation_180_PAR,A_conditional,JOINT,40.682779065999966,29.4,29.579140383570248,0.17914038357024964,,
confirmation_180_PAR,A_conditional,JOINT,43.10277906599998,29.4,29.881993403002426,0.4819934030024271,,
confirmation_180_PAR,A_conditional,JOINT,45.66777906599998,29.4,30.17056966286229,0.7705696628622931,,
confirmation_180_PAR,A_conditional,JOINT,48.01277906599995,29.4,30.393895652476488,0.993895652476489,,
confirmation_180_PAR,A_conditional,JOINT,50.37777906599996,30.6,30.58552582607848,-0.014474173921520617,,
confirmation_180_PAR,A_conditional,JOINT,52.85277906499999,30.6,30.76663582138373,0.16663582138372846,,
confirmation_180_PAR,A_conditional,JOINT,55.35277906599998,30.6,30.91185930703134,0.31185930703133735,,
confirmation_180_PAR,A_conditional,JOINT,57.93277906499998,30.6,31.051584848059846,0.451584848059845,,
confirmation_180_PAR,A_conditional,JOINT,60.452779066000005,31.0,31.190893361067637,0.1908933610676371,,
confirmation_180_PAR,A_conditional,JOINT,63.007779065999955,31.0,31.268868507470234,0.26886850747023416,,
confirmation_180_PAR,A_conditional,JOINT,65.43777906499997,31.0,31.376059050565715,0.37605905056571487,,
confirmation_180_PAR,A_conditional,JOINT,67.99277906499998,31.0,31.440700269262237,0.44070026926223704,,
confirmation_180_PAR,A_conditional,JOINT,70.35277906599998,31.2,31.225769103506735,0.025769103506736002,,
confirmation_180_PAR,A_conditional,JOINT,72.82777906499996,31.2,30.884518500467795,-0.31548149953220417,,
confirmation_180_PAR,A_conditional,JOINT,75.29277906599998,31.2,30.591551695830304,-0.6084483041696949,,
confirmation_180_PAR,A_conditional,JOINT,77.86277906499998,31.2,30.32899020979527,-0.8710097902047309,,
confirmation_180_PAR,A_conditional,JOINT,80.522779066,29.7,30.09675868297387,0.3967586829738714,,
confirmation_180_PAR,A_conditional,JOINT,83.097779065,29.7,29.904702725874156,0.2047027258741565,,
confirmation_180_PAR,A_conditional,JOINT,85.592779065,29.7,29.744936979005825,0.044936979005825606,,
confirmation_180_PAR,A_conditional,JOINT,88.16777906599998,29.7,29.60335758013451,-0.09664241986548916,,
confirmation_180_PAR,A_conditional,JOINT,90.717779065,29.6,29.48318287952949,-0.11681712047051107,,
confirmation_180_PAR,A_conditional,JOINT,93.35277906599998,29.6,29.376927732470296,-0.22307226752970521,,
confirmation_180_PAR,A_conditional,JOINT,95.91277906599998,29.6,29.288637384665478,-0.3113626153345237,,
confirmation_180_PAR,A_conditional,JOINT,98.54777906599998,29.4,29.21090525150858,-0.18909474849141716,,
confirmation_180_PAR,A_conditional,JOINT,101.25777906599996,29.4,29.142833393161283,-0.25716660683871595,,
confirmation_180_PAR,A_conditional,JOINT,103.76277906599995,29.4,29.089058771341435,-0.3109412286585638,,
confirmation_180_PAR,A_conditional,JOINT,106.342779065,29.4,29.041531283394264,-0.358468716605735,,
confirmation_180_PAR,A_conditional,JOINT,108.952779066,29.1,29.000404649729724,-0.09959535027027755,,
confirmation_180_PAR,A_conditional,JOINT,111.68277906599997,29.1,28.963772584559745,-0.1362274154402563,,
confirmation_180_PAR,A_conditional,JOINT,114.29277906599998,29.1,28.933955980751733,-0.16604401924826817,,
confirmation_180_PAR,A_conditional,JOINT,116.83777906499995,29.1,28.90906451686854,-0.19093548313146158,,
confirmation_180_PAR,A_conditional,JOINT,119.32277906599995,29.1,28.88817840210798,-0.2118215978920226,,
confirmation_180_PAR,A_conditional,JOINT,122.28277906599999,29.1,28.86705640649137,-0.23294359350863303,,
confirmation_180_PAR,A_conditional,JOINT,124.75777906599996,29.1,28.8520698989571,-0.24793010104290047,,
confirmation_180_PAR,A_conditional,JOINT,127.40777906599999,29.1,28.838319193406495,-0.2616808065935068,,
confirmation_180_PAR,A_conditional,JOINT,129.91277906599998,29.0,28.827193653567353,-0.17280634643264747,,
confirmation_180_PAR,A_conditional,JOINT,132.532779066,29.0,28.817223322714323,-0.18277667728567693,,
confirmation_180_PAR,A_conditional,JOINT,135.16777906599998,29.0,28.80866625819634,-0.19133374180366047,,
confirmation_180_PAR,A_conditional,JOINT,137.72777906599998,29.0,28.80155982407067,-0.19844017592933128,,
confirmation_180_PAR,A_conditional,JOINT,140.217779065,28.9,28.795625686277013,-0.10437431372298533,,
confirmation_180_PAR,A_conditional,JOINT,143.26277906499996,28.9,28.789483438609395,-0.11051656139060384,,
confirmation_180_PAR,A_conditional,JOINT,145.707779066,28.9,28.785307648487482,-0.11469235151251667,,
confirmation_180_PAR,A_conditional,JOINT,148.28777906599998,28.9,28.781522056918142,-0.11847794308185655,,
confirmation_180_PAR,A_conditional,JOINT,150.83777906499995,29.0,28.778318430650625,-0.221681569349375,,
confirmation_180_PAR,A_conditional,JOINT,153.41277906599998,29.0,28.775548204116312,-0.22445179588368802,,
confirmation_180_PAR,A_conditional,JOINT,156.05277906599997,29.0,28.77312287858557,-0.22687712141442873,,
confirmation_180_PAR,A_conditional,JOINT,158.56277906599996,28.9,28.77115039011295,-0.1288496098870482,,
confirmation_180_PAR,A_conditional,JOINT,161.08777906499995,28.9,28.76944706854094,-0.13055293145905722,,
confirmation_180_PAR,A_conditional,JOINT,164.06277906599996,28.9,28.767748043677816,-0.13225195632218245,,
confirmation_180_PAR,A_conditional,JOINT,166.727779065,28.9,28.766466005114495,-0.13353399488550366,,
confirmation_180_PAR,A_conditional,JOINT,169.32277906499996,28.9,28.765402165971363,-0.1345978340286358,,
confirmation_180_PAR,A_conditional,JOINT,171.87277906499997,28.9,28.764508284065077,-0.13549171593492204,,
confirmation_180_PAR,A_conditional,JOINT,174.38777906499996,28.9,28.763752710072797,-0.13624728992720136,,
confirmation_180_PAR,A_conditional,JOINT,176.74277906499998,28.9,28.763142886127305,-0.1368571138726935,,
confirmation_180_PAR,A_conditional,JOINT,179.31777906599996,28.9,28.762569129379727,-0.13743087062027115,,
confirmation_180_PAR,A_conditional,JOINT,0,,,,0.0,0.0
confirmation_180_PAR,A_conditional,JOINT,1,,,,0.8577856190087597,0.975698855476638
confirmation_180_PAR,A_conditional,JOINT,2,,,,2.016981224886514,1.951397710953276
confirmation_180_PAR,A_conditional,JOINT,3,,,,3.6330628355048136,2.9270965664299142
confirmation_180_PAR,A_conditional,JOINT,4,,,,4.67083984059425,3.902795421906552
confirmation_180_PAR,A_conditional,JOINT,5,,,,5.617810464582089,4.87849427738319
confirmation_180_PAR,A_conditional,JOINT,6,,,,6.4839003552041055,5.8541931328598285
confirmation_180_PAR,A_conditional,JOINT,7,,,,7.255217393399169,6.829891988336466
confirmation_180_PAR,A_conditional,JOINT,8,,,,8.2253426914827,7.805590843813104
confirmation_180_PAR,A_conditional,JOINT,9,,,,9.244285346053944,8.781289699289742
confirmation_180_PAR,A_conditional,JOINT,10,,,,10.732961520801922,9.75698855476638
confirmation_180_PAR,A_conditional,JOINT,11,,,,11.913426675735119,10.732687410243019
confirmation_180_PAR,A_conditional,JOINT,12,,,,12.685778360908362,11.708386265719657
confirmation_180_PAR,A_conditional,JOINT,13,,,,13.523393325988321,12.684085121196295
confirmation_180_PAR,A_conditional,JOINT,14,,,,14.158068562162804,13.659783976672932
confirmation_180_PAR,A_conditional,JOINT,15,,,,14.853720370652203,14.63548283214957
confirmation_180_PAR,A_conditional,JOINT,16,,,,15.745051969762626,15.611181687626209
confirmation_180_PAR,A_conditional,JOINT,17,,,,16.975900035743642,16.586880543102847
confirmation_180_PAR,A_conditional,JOINT,18,,,,18.182250579976493,17.562579398579484
confirmation_180_PAR,A_conditional,JOINT,19,,,,19.072259734894836,18.538278254056124
confirmation_180_PAR,A_conditional,JOINT,20,,,,19.966888076106507,19.51397710953276
confirmation_180_PAR,A_conditional,JOINT,21,,,,20.753254964654417,20.4896759650094
confirmation_180_PAR,A_conditional,JOINT,22,,,,21.72456040387939,21.465374820486037
confirmation_180_PAR,A_conditional,JOINT,23,,,,23.078089421022874,22.441073675962674
confirmation_180_PAR,A_conditional,JOINT,24,,,,24.452407263642268,23.416772531439314
confirmation_180_PAR,A_conditional,JOINT,25,,,,25.404387249668623,24.39247138691595
confirmation_180_PAR,A_conditional,JOINT,26,,,,26.6489856724704,25.36817024239259
confirmation_180_PAR,A_conditional,JOINT,27,,,,27.480976620669274,26.343869097869227
confirmation_180_PAR,A_conditional,JOINT,28,,,,28.297173734457694,27.319567953345864
confirmation_180_PAR,A_conditional,JOINT,29,,,,29.248440348621134,28.295266808822504
confirmation_180_PAR,A_conditional,JOINT,30,,,,30.301243908034746,29.27096566429914
confirmation_180_PAR,A_conditional,JOINT,31,,,,31.609370329604307,30.24666451977578
confirmation_180_PAR,A_conditional,JOINT,32,,,,32.3116938030321,31.222363375252417
confirmation_180_PAR,A_conditional,JOINT,33,,,,33.171132316225616,32.19806223072906
confirmation_180_PAR,A_conditional,JOINT,34,,,,34.25424716976273,33.173761086205694
confirmation_180_PAR,A_conditional,JOINT,35,,,,34.95241420705209,34.14945994168233
confirmation_180_PAR,A_conditional,JOINT,36,,,,36.43674199727378,35.843167753336566
confirmation_180_PAR,A_conditional,JOINT,37,,,,38.58055893483242,37.569162501190235
confirmation_180_PAR,A_conditional,JOINT,38,,,,39.938485815326736,39.394147084730605
confirmation_180_PAR,A_conditional,JOINT,39,,,,41.820183229321046,41.18359611767427
confirmation_180_PAR,A_conditional,JOINT,40,,,,43.60605729018402,42.98902446237536
confirmation_180_PAR,A_conditional,JOINT,41,,,,44.84035958714845,44.78502686982264
confirmation_180_PAR,A_conditional,JOINT,42,,,,46.634247597245604,46.5426413165128
confirmation_180_PAR,A_conditional,JOINT,43,,,,48.374543943374405,48.40940392918691
confirmation_180_PAR,A_conditional,JOINT,44,,,,50.03740926440389,50.14111328159879
confirmation_180_PAR,A_conditional,JOINT,45,,,,52.814267590219856,51.99241192446618
confirmation_180_PAR,A_conditional,JOINT,46,,,,55.39248872874805,53.764829340010806
confirmation_180_PAR,A_conditional,JOINT,47,,,,57.08394073994011,55.57275949032852
confirmation_180_PAR,A_conditional,JOINT,48,,,,59.00901139193305,57.38791539248054
confirmation_180_PAR,A_conditional,JOINT,49,,,,61.19499188384608,59.23063235431507
confirmation_180_PAR,A_conditional,JOINT,50,,,,62.44977129201743,61.08106145605645
confirmation_180_PAR,A_conditional,JOINT,51,,,,64.46345897227883,62.80096103627072
confirmation_180_PAR,A_conditional,JOINT,52,,,,66.19206437359361,64.64999473515455
confirmation_180_PAR,A_conditional,JOINT,53,,,,68.23879272802559,66.38784749275037
confirmation_180_PAR,A_conditional,JOINT,54,,,,69.82050617935984,68.20073884236905
confirmation_180_PAR,A_conditional,JOINT,55,,,,71.4905488212561,70.0040852225427
confirmation_180_PAR,A_conditional,JOINT,56,,,,73.26838574016634,71.75848688541234
confirmation_180_PAR,A_conditional,JOINT,57,,,,75.1929702093121,73.64822166644686
confirmation_180_PAR,A_conditional,JOINT,58,,,,77.42039899846264,75.39425399921272
confirmation_180_PAR,A_conditional,JOINT,59,,,,79.08876071961053,77.26625372392121
confirmation_180_PAR,A_conditional,JOINT,60,,,,80.9215291434276,79.05395716568918
confirmation_180_PAR,A_conditional,JOINT,61,,,,82.85727892655134,80.87317566477867
confirmation_180_PAR,A_conditional,JOINT,62,,,,84.90488996969128,82.67792128357604
confirmation_180_PAR,A_conditional,JOINT,63,,,,86.5634270490931,84.44784102064428
confirmation_180_PAR,A_conditional,JOINT,64,,,,88.32179313490904,86.35548203749026
confirmation_180_PAR,A_conditional,JOINT,65,,,,90.44679619450709,88.11399788407894
confirmation_180_PAR,A_conditional,JOINT,66,,,,92.20583116301327,89.9658786579385
confirmation_180_PAR,A_conditional,JOINT,67,,,,93.3830332905627,91.71687476720037
confirmation_180_PAR,A_conditional,JOINT,68,,,,94.78473016550602,93.54201676970888
confirmation_180_PAR,A_conditional,JOINT,69,,,,96.53628991688055,95.22763012983626
confirmation_180_PAR,A_conditional,JOINT,70,,,,97.2025301885359,96.2033289853129
confirmation_180_PAR,A_conditional,JOINT,71,,,,97.84237779658494,97.17902784078953
confirmation_180_PAR,A_conditional,JOINT,72,,,,98.9487083295655,98.15472669626617
confirmation_180_PAR,A_conditional,JOINT,73,,,,99.8879367609144,99.1304255517428
confirmation_180_PAR,A_conditional,JOINT,74,,,,100.77649755893407,100.10612440721945
confirmation_180_PAR,A_conditional,JOINT,75,,,,101.75865718715922,101.08182326269609
confirmation_180_PAR,A_conditional,JOINT,76,,,,102.73026707647483,102.05752211817273
confirmation_180_PAR,A_conditional,JOINT,77,,,,103.41258857625847,103.03322097364936
confirmation_180_PAR,A_conditional,JOINT,78,,,,104.3512484835335,104.008919829126
confirmation_180_PAR,A_conditional,JOINT,79,,,,106.03014221072868,104.98461868460264
confirmation_180_PAR,A_conditional,JOINT,80,,,,107.53162042255086,105.96031754007927
confirmation_180_PAR,A_conditional,JOINT,81,,,,108.91568184431699,106.93601639555591
confirmation_180_PAR,A_conditional,JOINT,82,,,,110.08538668982607,107.91171525103255
confirmation_180_PAR,A_conditional,JOINT,83,,,,110.8681743470002,108.88741410650918
confirmation_180_PAR,A_conditional,JOINT,84,,,,111.69859261308687,109.86311296198583
confirmation_180_PAR,A_conditional,JOINT,85,,,,112.46232489470245,110.83881181746247
confirmation_180_PAR,A_conditional,JOINT,86,,,,113.75343507378503,111.81451067293911
confirmation_180_PAR,A_conditional,JOINT,87,,,,114.7408641463891,112.79020952841574
confirmation_180_PAR,A_conditional,JOINT,88,,,,116.35152635479857,113.76590838389238
confirmation_180_PAR,A_conditional,JOINT,89,,,,118.45942888886229,114.74160723936902
confirmation_180_PAR,A_conditional,JOINT,90,,,,119.64062706391762,115.71730609484565
confirmation_180_PAR,A_conditional,JOINT,91,,,,120.80491463270454,116.69300495032229
confirmation_180_PAR,A_conditional,JOINT,92,,,,121.64639755060263,117.66870380579893
confirmation_180_PAR,A_conditional,JOINT,93,,,,122.86173449178082,118.64440266127556
confirmation_180_PAR,A_conditional,JOINT,94,,,,123.96853766962262,119.62010151675221
confirmation_180_PAR,A_conditional,JOINT,95,,,,124.83107321688752,120.59580037222885
confirmation_180_PAR,A_conditional,JOINT,96,,,,125.64982217292057,121.57149922770549
confirmation_180_PAR,A_conditional,JOINT,97,,,,126.76576868079027,122.54719808318212
confirmation_180_PAR,A_conditional,JOINT,98,,,,127.64470248424763,123.52289693865876
confirmation_180_PAR,A_conditional,JOINT,99,,,,128.5475555082623,124.4985957941354
confirmation_180_PAR,A_conditional,JOINT,100,,,,130.19048029091775,125.47429464961203
confirmation_180_PAR,A_conditional,JOINT,101,,,,131.22332948866952,126.44999350508867
confirmation_180_PAR,A_conditional,JOINT,102,,,,132.25247238323075,127.42569236056531
confirmation_180_PAR,A_conditional,JOINT,103,,,,132.94012012411457,128.40139121604193
confirmation_180_PAR,A_conditional,JOINT,104,,,,133.6074377672956,129.37709007151858
confirmation_180_PAR,A_conditional,JOINT,105,,,,134.56464770986446,130.35278892699523
confirmation_180_PAR,A_conditional,JOINT,106,,,,135.5564884440928,131.32848778247188
confirmation_180_PAR,A_conditional,JOINT,107,,,,136.5696078061173,132.3041866379485
confirmation_180_PAR,A_conditional,JOINT,108,,,,137.4191708003774,133.27988549342513
confirmation_180_PAR,A_conditional,JOINT,109,,,,138.08869486636502,134.25558434890178
confirmation_180_PAR,A_conditional,JOINT,110,,,,138.95840311085237,135.23128320437843
confirmation_180_PAR,A_conditional,JOINT,111,,,,140.0072439852878,136.20698205985505
confirmation_180_PAR,A_conditional,JOINT,112,,,,141.67853402941563,137.18268091533167
confirmation_180_PAR,A_conditional,JOINT,113,,,,142.84136782820784,138.15837977080832
confirmation_180_PAR,A_conditional,JOINT,114,,,,144.11624558124527,139.13407862628497
confirmation_180_PAR,A_conditional,JOINT,115,,,,144.93337182571264,140.10977748176163
confirmation_180_PAR,A_conditional,JOINT,116,,,,145.9548441555004,141.08547633723825
confirmation_180_PAR,A_conditional,JOINT,117,,,,147.12594481534674,142.06117519271487
confirmation_180_PAR,A_conditional,JOINT,118,,,,148.50173906660174,143.03687404819152
confirmation_180_PAR,A_conditional,JOINT,119,,,,149.43947094094585,144.01257290366817
confirmation_180_PAR,A_conditional,JOINT,120,,,,150.87169051201684,144.9882717591448
confirmation_30_PAR,A_conditional,FROZEN,35.848286419000004,28.9,28.99674622244747,0.09674622244747155,,
confirmation_30_PAR,A_conditional,FROZEN,38.32328641800001,28.9,29.34478570678814,0.4447857067881422,,
confirmation_30_PAR,A_conditional,FROZEN,40.848286418000015,29.6,29.68168873775657,0.08168873775656849,,
confirmation_30_PAR,A_conditional,FROZEN,43.443286418000014,29.6,29.957144538972216,0.3571445389722143,,
confirmation_30_PAR,A_conditional,FROZEN,45.863286418,29.6,30.22533845812003,0.6253384581200301,,
confirmation_30_PAR,A_conditional,FROZEN,48.303286418,29.6,30.43792679737704,0.8379267973770403,,
confirmation_30_PAR,A_conditional,FROZEN,50.763286418999996,30.8,30.656314883731095,-0.14368511626890523,,
confirmation_30_PAR,A_conditional,FROZEN,53.358286418000006,30.8,30.844267654073,0.04426765407299982,,
confirmation_30_PAR,A_conditional,FROZEN,55.978286419,30.8,31.006169631807847,0.2061696318078461,,
confirmation_30_PAR,A_conditional,FROZEN,58.38828641800001,30.8,31.16561577158398,0.36561577158397895,,
confirmation_30_PAR,A_conditional,FROZEN,60.90828641900001,31.2,31.27641982206001,0.07641982206001074,,
confirmation_30_PAR,A_conditional,FROZEN,63.368286418,31.2,31.401653597562905,0.20165359756290613,,
confirmation_30_PAR,A_conditional,FROZEN,65.82328641800001,31.2,31.48810404043855,0.28810404043855087,,
confirmation_30_PAR,A_conditional,FROZEN,68.33828641900001,31.2,31.57984463203592,0.379844632035919,,
confirmation_30_PAR,A_conditional,FROZEN,70.80328641899999,31.4,31.35551474483656,-0.04448525516343693,,
confirmation_30_PAR,A_conditional,FROZEN,73.31328641900001,31.4,31.08812669054534,-0.31187330945465774,,
confirmation_30_PAR,A_conditional,FROZEN,75.808286418,31.4,30.851199179099847,-0.5488008209001514,,
confirmation_30_PAR,A_conditional,FROZEN,78.31828641799999,31.4,30.638727495461534,-0.7612725045384643,,
confirmation_30_PAR,A_conditional,FROZEN,80.90328641900001,29.8,30.444064084410932,0.6440640844109318,,
confirmation_30_PAR,A_conditional,FROZEN,83.38828641900002,29.8,30.27750741259324,0.4775074125932406,,
confirmation_30_PAR,A_conditional,FROZEN,86.00328641799999,29.8,30.121600766849376,0.3216007668493752,,
confirmation_30_PAR,A_conditional,FROZEN,88.43828641799999,29.8,29.99233369889949,0.19233369889948904,,
confirmation_30_PAR,A_conditional,FROZEN,90.923286419,29.4,29.874504738748833,0.47450473874883414,,
confirmation_30_PAR,A_conditional,FROZEN,93.363286418,29.4,29.771184719774208,0.3711847197742095,,
confirmation_30_PAR,A_conditional,FROZEN,95.84328641900001,29.4,29.677389398941536,0.277389398941537,,
confirmation_30_PAR,A_conditional,FROZEN,98.31828641799999,29.4,29.593851800706815,0.19385180070681685,,
confirmation_30_PAR,A_conditional,FROZEN,100.76328641900002,29.4,29.520145037326945,0.12014503732694592,,
confirmation_30_PAR,A_conditional,FROZEN,103.21828641900001,29.4,29.454013494358165,0.05401349435816627,,
confirmation_30_PAR,A_conditional,FROZEN,105.76328641900002,29.4,29.39289234364792,-0.007107656352079772,,
confirmation_30_PAR,A_conditional,FROZEN,108.24828641799999,29.4,29.339724532078396,-0.060275467921602655,,
confirmation_30_PAR,A_conditional,FROZEN,110.793286419,29.2,29.291212231060804,0.09121223106080478,,
confirmation_30_PAR,A_conditional,FROZEN,113.358286418,29.2,29.247732424400063,0.04773242440006342,,
confirmation_30_PAR,A_conditional,FROZEN,115.913286419,29.2,29.20922701984164,0.009227019841642203,,
confirmation_30_PAR,A_conditional,FROZEN,118.483286418,29.2,29.174796032382154,-0.025203967617844825,,
confirmation_30_PAR,A_conditional,FROZEN,120.97828641800001,29.1,29.145041475475853,0.04504147547585191,,
confirmation_30_PAR,A_conditional,FROZEN,123.49828641799999,29.1,29.118257930907767,0.018257930907765285,,
confirmation_30_PAR,A_conditional,FROZEN,125.95828641800003,29.1,29.094938384700875,-0.005061615299126743,,
confirmation_30_PAR,A_conditional,FROZEN,128.45828641800003,29.1,29.073790792170215,-0.026209207829786862,,
confirmation_30_PAR,A_conditional,FROZEN,130.938286418,29.1,29.055079762542206,-0.044920237457795054,,
confirmation_30_PAR,A_conditional,FROZEN,133.418286419,29.1,29.03838323911596,-0.061616760884042776,,
confirmation_30_PAR,A_conditional,FROZEN,135.88828641900002,29.1,29.023541064396543,-0.0764589356034584,,
confirmation_30_PAR,A_conditional,FROZEN,138.45828641800003,29.1,29.009785342658038,-0.09021465734196354,,
confirmation_30_PAR,A_conditional,FROZEN,141.033286419,29.1,28.997538852816277,-0.10246114718372468,,
confirmation_30_PAR,A_conditional,FROZEN,143.55828641899998,29.1,28.98685770242414,-0.11314229757586247,,
confirmation_30_PAR,A_conditional,FROZEN,146.01828641900002,29.1,28.977577479723045,-0.12242252027695599,,
confirmation_30_PAR,A_conditional,FROZEN,148.55828641899998,29.1,28.969034651468377,-0.13096534853162467,,
confirmation_30_PAR,A_conditional,FROZEN,151.06828641899997,29.1,28.961517269960645,-0.13848273003935674,,
confirmation_30_PAR,A_conditional,FROZEN,153.58328641800003,29.1,28.954805889413663,-0.14519411058633835,,
confirmation_30_PAR,A_conditional,FROZEN,156.13828641900002,29.1,28.948737076740535,-0.15126292325946622,,
confirmation_30_PAR,A_conditional,FROZEN,158.718286419,29.1,28.943290541385974,-0.15670945861402785,,
confirmation_30_PAR,A_conditional,FROZEN,161.20328641799998,29.0,28.93862083333144,-0.06137916666855858,,
confirmation_30_PAR,A_conditional,FROZEN,163.733286418,29.0,28.93438369873578,-0.06561630126422102,,
confirmation_30_PAR,A_conditional,FROZEN,166.24828641899998,29.0,28.930632523055365,-0.06936747694463463,,
confirmation_30_PAR,A_conditional,FROZEN,169.26328641900002,29.1,28.926670970874017,-0.17332902912598414,,
confirmation_30_PAR,A_conditional,FROZEN,171.603286418,29.1,28.923953001588302,-0.17604699841169946,,
confirmation_30_PAR,A_conditional,FROZEN,173.94328641799999,29.1,28.92151201348361,-0.17848798651639086,,
confirmation_30_PAR,A_conditional,FROZEN,176.538286419,29.1,28.919094811625676,-0.18090518837432512,,
confirmation_30_PAR,A_conditional,FROZEN,179.00328641899998,29.1,28.917050729571937,-0.18294927042806464,,
confirmation_30_PAR,A_conditional,FROZEN,0,,,,0.0,0.0
confirmation_30_PAR,A_conditional,FROZEN,1,,,,1.0381892689790209,1.0402069353663965
confirmation_30_PAR,A_conditional,FROZEN,2,,,,2.671339283873374,2.080413870732793
confirmation_30_PAR,A_conditional,FROZEN,3,,,,3.558145863615607,3.12062080609919
confirmation_30_PAR,A_conditional,FROZEN,4,,,,4.42555952193719,4.160827741465586
confirmation_30_PAR,A_conditional,FROZEN,5,,,,5.217085621549061,5.201034676831982
confirmation_30_PAR,A_conditional,FROZEN,6,,,,6.440273870221509,6.24124161219838
confirmation_30_PAR,A_conditional,FROZEN,7,,,,7.362744071253714,7.281448547564776
confirmation_30_PAR,A_conditional,FROZEN,8,,,,8.423091138394305,8.321655482931172
confirmation_30_PAR,A_conditional,FROZEN,9,,,,9.528601176274265,9.36186241829757
confirmation_30_PAR,A_conditional,FROZEN,10,,,,10.509180434981715,10.402069353663965
confirmation_30_PAR,A_conditional,FROZEN,11,,,,11.620354227217291,11.442276289030362
confirmation_30_PAR,A_conditional,FROZEN,12,,,,12.79192782601925,12.48248322439676
confirmation_30_PAR,A_conditional,FROZEN,13,,,,14.0066593973854,13.522690159763155
confirmation_30_PAR,A_conditional,FROZEN,14,,,,15.267534871050676,14.562897095129552
confirmation_30_PAR,A_conditional,FROZEN,15,,,,16.241239101484098,15.603104030495947
confirmation_30_PAR,A_conditional,FROZEN,16,,,,17.200298709887313,16.643310965862344
confirmation_30_PAR,A_conditional,FROZEN,17,,,,18.19393624307225,17.68351790122874
confirmation_30_PAR,A_conditional,FROZEN,18,,,,19.19149912640608,18.72372483659514
confirmation_30_PAR,A_conditional,FROZEN,19,,,,20.442150879703107,19.763931771961534
confirmation_30_PAR,A_conditional,FROZEN,20,,,,22.01222625497032,20.80413870732793
confirmation_30_PAR,A_conditional,FROZEN,21,,,,23.173586559077457,21.84434564269433
confirmation_30_PAR,A_conditional,FROZEN,22,,,,24.237677961891002,22.884552578060724
confirmation_30_PAR,A_conditional,FROZEN,23,,,,25.15724440676569,23.92475951342712
confirmation_30_PAR,A_conditional,FROZEN,24,,,,26.632297704821717,24.96496644879352
confirmation_30_PAR,A_conditional,FROZEN,25,,,,27.782904400354425,26.005173384159914
confirmation_30_PAR,A_conditional,FROZEN,26,,,,28.633811702285207,27.04538031952631
confirmation_30_PAR,A_conditional,FROZEN,27,,,,30.0971160305058,28.085587254892705
confirmation_30_PAR,A_conditional,FROZEN,28,,,,31.240063311969436,29.125794190259104
confirmation_30_PAR,A_conditional,FROZEN,29,,,,32.68644804454753,30.1660011256255
confirmation_30_PAR,A_conditional,FROZEN,30,,,,33.65964819226542,31.206208060991894
confirmation_30_PAR,A_conditional,FROZEN,31,,,,34.723257608519994,32.24641499635829
confirmation_30_PAR,A_conditional,FROZEN,32,,,,35.522425632322516,33.28662193172469
confirmation_30_PAR,A_conditional,FROZEN,33,,,,36.20076783983385,34.32682886709109
confirmation_30_PAR,A_conditional,FROZEN,34,,,,37.09151375909739,35.36703580245748
confirmation_30_PAR,A_conditional,FROZEN,35,,,,37.822431521255965,36.40724273782388
confirmation_30_PAR,A_conditional,FROZEN,36,,,,38.84038772988461,38.11028439566745
confirmation_30_PAR,A_conditional,FROZEN,37,,,,40.569466115079116,39.81375850618204
confirmation_30_PAR,A_conditional,FROZEN,38,,,,42.109939361046685,41.6048411631234
confirmation_30_PAR,A_conditional,FROZEN,39,,,,43.50249774701556,43.30683874591544
confirmation_30_PAR,A_conditional,FROZEN,40,,,,45.01307572237007,45.07611912400026
confirmation_30_PAR,A_conditional,FROZEN,41,,,,46.4505766004651,46.79481758111873
confirmation_30_PAR,A_conditional,FROZEN,42,,,,48.06828273459952,48.556149972691635
confirmation_30_PAR,A_conditional,FROZEN,43,,,,49.93778753555403,50.33399167671547
confirmation_30_PAR,A_conditional,FROZEN,44,,,,52.0039202625689,52.06953574697674
confirmation_30_PAR,A_conditional,FROZEN,45,,,,53.530158892324344,53.86020262851176
confirmation_30_PAR,A_conditional,FROZEN,46,,,,54.87810552153369,55.59531372798116
confirmation_30_PAR,A_conditional,FROZEN,47,,,,56.58504068818914,57.36380432118635
confirmation_30_PAR,A_conditional,FROZEN,48,,,,58.485037345178284,59.096162740586074
confirmation_30_PAR,A_conditional,FROZEN,49,,,,59.90066718395246,60.85659625503666
confirmation_30_PAR,A_conditional,FROZEN,50,,,,61.59867650591022,62.65014514496483
confirmation_30_PAR,A_conditional,FROZEN,51,,,,63.48921093883684,64.38269673318945
confirmation_30_PAR,A_conditional,FROZEN,52,,,,64.92162786068042,66.14812637779956
confirmation_30_PAR,A_conditional,FROZEN,53,,,,66.39234565668409,67.8703292232285
confirmation_30_PAR,A_conditional,FROZEN,54,,,,68.46488411418295,69.62753929247167
confirmation_30_PAR,A_conditional,FROZEN,55,,,,70.19387167446877,71.41430114386556
confirmation_30_PAR,A_conditional,FROZEN,56,,,,71.67714018972157,73.15850719694089
confirmation_30_PAR,A_conditional,FROZEN,57,,,,73.78559937799768,74.95901930051184
confirmation_30_PAR,A_conditional,FROZEN,58,,,,75.26103906237005,76.65704103369066
confirmation_30_PAR,A_conditional,FROZEN,59,,,,77.07048698506271,78.45341658131579
confirmation_30_PAR,A_conditional,FROZEN,60,,,,78.93955628305895,80.15820662684423
confirmation_30_PAR,A_conditional,FROZEN,61,,,,80.38189590937023,81.94515872488972
confirmation_30_PAR,A_conditional,FROZEN,62,,,,81.60207847242842,83.68234017521557
confirmation_30_PAR,A_conditional,FROZEN,63,,,,83.50854298527639,85.45190611322587
confirmation_30_PAR,A_conditional,FROZEN,64,,,,85.4778778592338,87.22051452074578
confirmation_30_PAR,A_conditional,FROZEN,65,,,,87.51876340344481,88.93112157836383
confirmation_30_PAR,A_conditional,FROZEN,66,,,,89.62259319549418,90.72297771431954
confirmation_30_PAR,A_conditional,FROZEN,67,,,,91.34518887940331,92.43786372988001
confirmation_30_PAR,A_conditional,FROZEN,68,,,,93.44997602599719,94.19561486312612
confirmation_30_PAR,A_conditional,FROZEN,69,,,,95.79880876344974,95.84728957225346
confirmation_30_PAR,A_conditional,FROZEN,70,,,,97.06426731897555,96.88749650761986
confirmation_30_PAR,A_conditional,FROZEN,71,,,,98.09327497312614,97.92770344298626
confirmation_30_PAR,A_conditional,FROZEN,72,,,,99.06834982719485,98.96791037835266
confirmation_30_PAR,A_conditional,FROZEN,73,,,,99.947185743427,100.00811731371904
confirmation_30_PAR,A_conditional,FROZEN,74,,,,100.64436794954324,101.04832424908544
confirmation_30_PAR,A_conditional,FROZEN,75,,,,101.6989294473713,102.08853118445184
confirmation_30_PAR,A_conditional,FROZEN,76,,,,102.88458483086505,103.12873811981824
confirmation_30_PAR,A_conditional,FROZEN,77,,,,103.78269706238798,104.16894505518464
confirmation_30_PAR,A_conditional,FROZEN,78,,,,104.51290646533705,105.20915199055104
confirmation_30_PAR,A_conditional,FROZEN,79,,,,105.457089075024,106.24935892591742
confirmation_30_PAR,A_conditional,FROZEN,80,,,,106.9719938532677,107.28956586128382
confirmation_30_PAR,A_conditional,FROZEN,81,,,,107.79335490193932,108.32977279665022
confirmation_30_PAR,A_conditional,FROZEN,82,,,,108.87240659896263,109.36997973201662
confirmation_30_PAR,A_conditional,FROZEN,83,,,,109.73277294627566,110.41018666738302
confirmation_30_PAR,A_conditional,FROZEN,84,,,,110.55997932036775,111.45039360274941
confirmation_30_PAR,A_conditional,FROZEN,85,,,,111.57504384675227,112.4906005381158
confirmation_30_PAR,A_conditional,FROZEN,86,,,,112.38277065064521,113.5308074734822
confirmation_30_PAR,A_conditional,FROZEN,87,,,,113.03495618421498,114.5710144088486
confirmation_30_PAR,A_conditional,FROZEN,88,,,,113.77018931345201,115.611221344215
confirmation_30_PAR,A_conditional,FROZEN,89,,,,115.18692640112606,116.6514282795814
confirmation_30_PAR,A_conditional,FROZEN,90,,,,115.99196670088415,117.6916352149478
confirmation_30_PAR,A_conditional,FROZEN,91,,,,116.86647149338741,118.73184215031418
confirmation_30_PAR,A_conditional,FROZEN,92,,,,118.01309415389056,119.77204908568058
confirmation_30_PAR,A_conditional,FROZEN,93,,,,118.72528332865323,120.81225602104698
confirmation_30_PAR,A_conditional,FROZEN,94,,,,119.58187317667759,121.85246295641338
confirmation_30_PAR,A_conditional,FROZEN,95,,,,120.58370044487374,122.89266989177978
confirmation_30_PAR,A_conditional,FROZEN,96,,,,122.19817337247444,123.93287682714617
confirmation_30_PAR,A_conditional,FROZEN,97,,,,123.4611308886989,124.97308376251256
confirmation_30_PAR,A_conditional,FROZEN,98,,,,124.97098674061111,126.01329069787896
confirmation_30_PAR,A_conditional,FROZEN,99,,,,126.13499202599084,127.05349763324536
confirmation_30_PAR,A_conditional,FROZEN,100,,,,126.83150830210057,128.09370456861177
confirmation_30_PAR,A_conditional,FROZEN,101,,,,127.6239386342613,129.13391150397817
confirmation_30_PAR,A_conditional,FROZEN,102,,,,128.5283579965267,130.17411843934454
confirmation_30_PAR,A_conditional,FROZEN,103,,,,129.6552725719181,131.21432537471094
confirmation_30_PAR,A_conditional,FROZEN,104,,,,130.80197485009995,132.25453231007734
confirmation_30_PAR,A_conditional,FROZEN,105,,,,131.51936898242278,133.29473924544374
confirmation_30_PAR,A_conditional,FROZEN,106,,,,132.2001323241182,134.33494618081014
confirmation_30_PAR,A_conditional,FROZEN,107,,,,133.05472999504917,135.37515311617653
confirmation_30_PAR,A_conditional,FROZEN,108,,,,133.89428594870233,136.41536005154293
confirmation_30_PAR,A_conditional,FROZEN,109,,,,135.18446280232226,137.45556698690933
confirmation_30_PAR,A_conditional,FROZEN,110,,,,136.36959005737418,138.49577392227573
confirmation_30_PAR,A_conditional,FROZEN,111,,,,137.27907948772412,139.53598085764213
confirmation_30_PAR,A_conditional,FROZEN,112,,,,138.22394619236653,140.57618779300853
confirmation_30_PAR,A_conditional,FROZEN,113,,,,138.96268049634787,141.61639472837493
confirmation_30_PAR,A_conditional,FROZEN,114,,,,140.33902478819925,142.6566016637413
confirmation_30_PAR,A_conditional,FROZEN,115,,,,141.48536108119941,143.6968085991077
confirmation_30_PAR,A_conditional,FROZEN,116,,,,142.55770639889855,144.7370155344741
confirmation_30_PAR,A_conditional,FROZEN,117,,,,143.8531068181892,145.7772224698405
confirmation_30_PAR,A_conditional,FROZEN,118,,,,144.8662375582291,146.8174294052069
confirmation_30_PAR,A_conditional,FROZEN,119,,,,145.6722989532978,147.8576363405733
confirmation_30_PAR,A_conditional,FROZEN,120,,,,146.53786019460392,148.8978432759397
confirmation_30_PAR,A_conditional,JOINT,35.848286419000004,28.9,29.014265452887933,0.11426545288793477,,
confirmation_30_PAR,A_conditional,JOINT,38.32328641800001,28.9,29.41637628789655,0.5163762878965521,,
confirmation_30_PAR,A_conditional,JOINT,40.848286418000015,29.6,29.793331512204418,0.19333151220441636,,
confirmation_30_PAR,A_conditional,JOINT,43.443286418000014,29.6,30.0876763499815,0.48767634998149845,,
confirmation_30_PAR,A_conditional,JOINT,45.863286418,29.6,30.36939560381305,0.7693956038130487,,
confirmation_30_PAR,A_conditional,JOINT,48.303286418,29.6,30.580751073017186,0.9807510730171849,,
confirmation_30_PAR,A_conditional,JOINT,50.763286418999996,30.8,30.796085609356645,-0.003914390643355858,,
confirmation_30_PAR,A_conditional,JOINT,53.358286418000006,30.8,30.97149022485209,0.1714902248520893,,
confirmation_30_PAR,A_conditional,JOINT,55.978286419,30.8,31.11503318696363,0.31503318696362825,,
confirmation_30_PAR,A_conditional,JOINT,58.38828641800001,30.8,31.259993914661106,0.45999391466110495,,
confirmation_30_PAR,A_conditional,JOINT,60.90828641900001,31.2,31.34639578702219,0.1463957870221897,,
confirmation_30_PAR,A_conditional,JOINT,63.368286418,31.2,31.45231868394013,0.2523186839401319,,
confirmation_30_PAR,A_conditional,JOINT,65.82328641800001,31.2,31.5142439194393,0.3142439194392992,,
confirmation_30_PAR,A_conditional,JOINT,68.33828641900001,31.2,31.58355979519934,0.38355979519933925,,
confirmation_30_PAR,A_conditional,JOINT,70.80328641899999,31.4,31.286175698799006,-0.1138243012009923,,
confirmation_30_PAR,A_conditional,JOINT,73.31328641900001,31.4,30.95223811773294,-0.44776188226705926,,
confirmation_30_PAR,A_conditional,JOINT,75.808286418,31.4,30.666624967927174,-0.733375032072825,,
confirmation_30_PAR,A_conditional,JOINT,78.31828641799999,31.4,30.419391510333316,-0.9806084896666825,,
confirmation_30_PAR,A_conditional,JOINT,80.90328641900001,29.8,30.2008841203274,0.40088412032740095,,
confirmation_30_PAR,A_conditional,JOINT,83.38828641900002,29.8,30.020510890375302,0.22051089037530147,,
confirmation_30_PAR,A_conditional,JOINT,86.00328641799999,29.8,29.85764034198651,0.05764034198650947,,
confirmation_30_PAR,A_conditional,JOINT,88.43828641799999,29.8,29.727340298787706,-0.07265970121229515,,
confirmation_30_PAR,A_conditional,JOINT,90.923286419,29.4,29.612625975132197,0.21262597513219816,,
confirmation_30_PAR,A_conditional,JOINT,93.363286418,29.4,29.515478613031988,0.11547861303198914,,
confirmation_30_PAR,A_conditional,JOINT,95.84328641900001,29.4,29.43029906761255,0.030299067612553188,,
confirmation_30_PAR,A_conditional,JOINT,98.31828641799999,29.4,29.35704523795087,-0.04295476204912774,,
confirmation_30_PAR,A_conditional,JOINT,100.76328641900002,29.4,29.29462089640863,-0.1053791035913676,,
confirmation_30_PAR,A_conditional,JOINT,103.21828641900001,29.4,29.24051803142729,-0.15948196857270958,,
confirmation_30_PAR,A_conditional,JOINT,105.76328641900002,29.4,29.19224860848775,-0.2077513915122502,,
confirmation_30_PAR,A_conditional,JOINT,108.24828641799999,29.4,29.15172707039025,-0.24827292960974745,,
confirmation_30_PAR,A_conditional,JOINT,110.793286419,29.2,29.11604402482733,-0.08395597517267106,,
confirmation_30_PAR,A_conditional,JOINT,113.358286418,29.2,29.085196547833018,-0.1148034521669814,,
confirmation_30_PAR,A_conditional,JOINT,115.913286419,29.2,29.05884895773732,-0.1411510422626776,,
confirmation_30_PAR,A_conditional,JOINT,118.483286418,29.2,29.036127092760655,-0.16387290723934456,,
confirmation_30_PAR,A_conditional,JOINT,120.97828641800001,29.1,29.017182074920978,-0.08281792507902352,,
confirmation_30_PAR,A_conditional,JOINT,123.49828641799999,29.1,29.00072230590388,-0.09927769409611997,,
confirmation_30_PAR,A_conditional,JOINT,125.95828641800003,29.1,28.986887093050047,-0.11311290694995435,,
confirmation_30_PAR,A_conditional,JOINT,128.45828641800003,29.1,28.97477242297512,-0.12522757702488008,,
confirmation_30_PAR,A_conditional,JOINT,130.938286418,29.1,28.96442424700005,-0.1355757529999515,,
confirmation_30_PAR,A_conditional,JOINT,133.418286419,29.1,28.95550821327075,-0.144491786729251,,
confirmation_30_PAR,A_conditional,JOINT,135.88828641900002,29.1,28.947854854554357,-0.15214514544564395,,
confirmation_30_PAR,A_conditional,JOINT,138.45828641800003,29.1,28.941009663001637,-0.1589903369983645,,
confirmation_30_PAR,A_conditional,JOINT,141.033286419,29.1,28.935133059617325,-0.16486694038267657,,
confirmation_30_PAR,A_conditional,JOINT,143.55828641899998,29.1,28.930189089929883,-0.16981091007011884,,
confirmation_30_PAR,A_conditional,JOINT,146.01828641900002,29.1,28.926042317461803,-0.1739576825381981,,
confirmation_30_PAR,A_conditional,JOINT,148.55828641899998,29.1,28.922357456495117,-0.1776425435048843,,
confirmation_30_PAR,A_conditional,JOINT,151.06828641899997,29.1,28.919228602679144,-0.18077139732085712,,
confirmation_30_PAR,A_conditional,JOINT,153.58328641800003,29.1,28.916532656004065,-0.183467343995936,,
confirmation_30_PAR,A_conditional,JOINT,156.13828641900002,29.1,28.914180583847834,-0.18581941615216735,,
confirmation_30_PAR,A_conditional,JOINT,158.718286419,29.1,28.912144886395204,-0.18785511360479745,,
confirmation_30_PAR,A_conditional,JOINT,161.20328641799998,29.0,28.910460945180567,-0.0895390548194328,,
confirmation_30_PAR,A_conditional,JOINT,163.733286418,29.0,28.908986168277977,-0.09101383172202304,,
confirmation_30_PAR,A_conditional,JOINT,166.24828641899998,29.0,28.907726262349673,-0.09227373765032709,,
confirmation_30_PAR,A_conditional,JOINT,169.26328641900002,29.1,28.906446464447065,-0.19355353555293675,,
confirmation_30_PAR,A_conditional,JOINT,171.603286418,29.1,28.905601204931617,-0.1943987950683841,,
confirmation_30_PAR,A_conditional,JOINT,173.94328641799999,29.1,28.90486677572516,-0.1951332242748407,,
confirmation_30_PAR,A_conditional,JOINT,176.538286419,29.1,28.904164370821597,-0.19583562917840425,,
confirmation_30_PAR,A_conditional,JOINT,179.00328641899998,29.1,28.903591274277094,-0.19640872572290746,,
confirmation_30_PAR,A_conditional,JOINT,0,,,,0.0,0.0
confirmation_30_PAR,A_conditional,JOINT,1,,,,1.0381892689790209,1.0402069353663965
confirmation_30_PAR,A_conditional,JOINT,2,,,,2.671339283873374,2.080413870732793
confirmation_30_PAR,A_conditional,JOINT,3,,,,3.558145863615607,3.12062080609919
confirmation_30_PAR,A_conditional,JOINT,4,,,,4.42555952193719,4.160827741465586
confirmation_30_PAR,A_conditional,JOINT,5,,,,5.217085621549061,5.201034676831982
confirmation_30_PAR,A_conditional,JOINT,6,,,,6.440273870221509,6.24124161219838
confirmation_30_PAR,A_conditional,JOINT,7,,,,7.362744071253714,7.281448547564776
confirmation_30_PAR,A_conditional,JOINT,8,,,,8.423091138394305,8.321655482931172
confirmation_30_PAR,A_conditional,JOINT,9,,,,9.528601176274265,9.36186241829757
confirmation_30_PAR,A_conditional,JOINT,10,,,,10.509180434981715,10.402069353663965
confirmation_30_PAR,A_conditional,JOINT,11,,,,11.620354227217291,11.442276289030362
confirmation_30_PAR,A_conditional,JOINT,12,,,,12.79192782601925,12.48248322439676
confirmation_30_PAR,A_conditional,JOINT,13,,,,14.0066593973854,13.522690159763155
confirmation_30_PAR,A_conditional,JOINT,14,,,,15.267534871050676,14.562897095129552
confirmation_30_PAR,A_conditional,JOINT,15,,,,16.241239101484098,15.603104030495947
confirmation_30_PAR,A_conditional,JOINT,16,,,,17.200298709887313,16.643310965862344
confirmation_30_PAR,A_conditional,JOINT,17,,,,18.19393624307225,17.68351790122874
confirmation_30_PAR,A_conditional,JOINT,18,,,,19.19149912640608,18.72372483659514
confirmation_30_PAR,A_conditional,JOINT,19,,,,20.442150879703107,19.763931771961534
confirmation_30_PAR,A_conditional,JOINT,20,,,,22.01222625497032,20.80413870732793
confirmation_30_PAR,A_conditional,JOINT,21,,,,23.173586559077457,21.84434564269433
confirmation_30_PAR,A_conditional,JOINT,22,,,,24.237677961891002,22.884552578060724
confirmation_30_PAR,A_conditional,JOINT,23,,,,25.15724440676569,23.92475951342712
confirmation_30_PAR,A_conditional,JOINT,24,,,,26.632297704821717,24.96496644879352
confirmation_30_PAR,A_conditional,JOINT,25,,,,27.782904400354425,26.005173384159914
confirmation_30_PAR,A_conditional,JOINT,26,,,,28.633811702285207,27.04538031952631
confirmation_30_PAR,A_conditional,JOINT,27,,,,30.0971160305058,28.085587254892705
confirmation_30_PAR,A_conditional,JOINT,28,,,,31.240063311969436,29.125794190259104
confirmation_30_PAR,A_conditional,JOINT,29,,,,32.68644804454753,30.1660011256255
confirmation_30_PAR,A_conditional,JOINT,30,,,,33.65964819226542,31.206208060991894
confirmation_30_PAR,A_conditional,JOINT,31,,,,34.723257608519994,32.24641499635829
confirmation_30_PAR,A_conditional,JOINT,32,,,,35.522425632322516,33.28662193172469
confirmation_30_PAR,A_conditional,JOINT,33,,,,36.20076783983385,34.32682886709109
confirmation_30_PAR,A_conditional,JOINT,34,,,,37.09151375909739,35.36703580245748
confirmation_30_PAR,A_conditional,JOINT,35,,,,37.822431521255965,36.40724273782388
confirmation_30_PAR,A_conditional,JOINT,36,,,,38.84038772988461,38.19091515062759
confirmation_30_PAR,A_conditional,JOINT,37,,,,40.569466115079116,39.96907619929404
confirmation_30_PAR,A_conditional,JOINT,38,,,,42.109939361046685,41.89678335562479
confirmation_30_PAR,A_conditional,JOINT,39,,,,43.50249774701556,43.69776617763332
confirmation_30_PAR,A_conditional,JOINT,40,,,,45.01307572237007,45.57533092775396
confirmation_30_PAR,A_conditional,JOINT,41,,,,46.4505766004651,47.414494720278356
confirmation_30_PAR,A_conditional,JOINT,42,,,,48.06828273459952,49.26059426342236
confirmation_30_PAR,A_conditional,JOINT,43,,,,49.93778753555403,51.18328014878276
confirmation_30_PAR,A_conditional,JOINT,44,,,,52.0039202625689,53.00813831256164
confirmation_30_PAR,A_conditional,JOINT,45,,,,53.530158892324344,54.93777691130198
confirmation_30_PAR,A_conditional,JOINT,46,,,,54.87810552153369,56.77481670779766
confirmation_30_PAR,A_conditional,JOINT,47,,,,56.58504068818914,58.651963279275776
confirmation_30_PAR,A_conditional,JOINT,48,,,,58.485037345178284,60.515740858832416
confirmation_30_PAR,A_conditional,JOINT,49,,,,59.90066718395246,62.3578672291831
confirmation_30_PAR,A_conditional,JOINT,50,,,,61.59867650591022,64.30878849960291
confirmation_30_PAR,A_conditional,JOINT,51,,,,63.48921093883684,66.12409364359544
confirmation_30_PAR,A_conditional,JOINT,52,,,,64.92162786068042,68.02041944214719
confirmation_30_PAR,A_conditional,JOINT,53,,,,66.39234565668409,69.85107133433024
confirmation_30_PAR,A_conditional,JOINT,54,,,,68.46488411418295,71.70705866846123
confirmation_30_PAR,A_conditional,JOINT,55,,,,70.19387167446877,73.63892782729695
confirmation_30_PAR,A_conditional,JOINT,56,,,,71.67714018972157,75.45778021907982
confirmation_30_PAR,A_conditional,JOINT,57,,,,73.78559937799768,77.42157702300676
confirmation_30_PAR,A_conditional,JOINT,58,,,,75.26103906237005,79.19396282929235
confirmation_30_PAR,A_conditional,JOINT,59,,,,77.07048698506271,81.13086636422409
confirmation_30_PAR,A_conditional,JOINT,60,,,,78.93955628305895,82.93263771581547
confirmation_30_PAR,A_conditional,JOINT,61,,,,80.38189590937023,84.83542824148974
confirmation_30_PAR,A_conditional,JOINT,62,,,,81.60207847242842,86.69675586293386
confirmation_30_PAR,A_conditional,JOINT,63,,,,83.50854298527639,88.55318495755913
confirmation_30_PAR,A_conditional,JOINT,64,,,,85.4778778592338,90.4753030162494
confirmation_30_PAR,A_conditional,JOINT,65,,,,87.51876340344481,92.26738900553048
confirmation_30_PAR,A_conditional,JOINT,66,,,,89.62259319549418,94.19438727103682
confirmation_30_PAR,A_conditional,JOINT,67,,,,91.34518887940331,96.00944800459001
confirmation_30_PAR,A_conditional,JOINT,68,,,,93.44997602599719,97.87307575553288
confirmation_30_PAR,A_conditional,JOINT,69,,,,95.79880876344974,99.56859663821649
confirmation_30_PAR,A_conditional,JOINT,70,,,,97.06426731897555,100.60880357358289
confirmation_30_PAR,A_conditional,JOINT,71,,,,98.09327497312614,101.64901050894929
confirmation_30_PAR,A_conditional,JOINT,72,,,,99.06834982719485,102.68921744431569
confirmation_30_PAR,A_conditional,JOINT,73,,,,99.947185743427,103.72942437968209
confirmation_30_PAR,A_conditional,JOINT,74,,,,100.64436794954324,104.76963131504849
confirmation_30_PAR,A_conditional,JOINT,75,,,,101.6989294473713,105.80983825041488
confirmation_30_PAR,A_conditional,JOINT,76,,,,102.88458483086505,106.85004518578128
confirmation_30_PAR,A_conditional,JOINT,77,,,,103.78269706238798,107.89025212114768
confirmation_30_PAR,A_conditional,JOINT,78,,,,104.51290646533705,108.93045905651408
confirmation_30_PAR,A_conditional,JOINT,79,,,,105.457089075024,109.97066599188045
confirmation_30_PAR,A_conditional,JOINT,80,,,,106.9719938532677,111.01087292724685
confirmation_30_PAR,A_conditional,JOINT,81,,,,107.79335490193932,112.05107986261325
confirmation_30_PAR,A_conditional,JOINT,82,,,,108.87240659896263,113.09128679797965
confirmation_30_PAR,A_conditional,JOINT,83,,,,109.73277294627566,114.13149373334605
confirmation_30_PAR,A_conditional,JOINT,84,,,,110.55997932036775,115.17170066871245
confirmation_30_PAR,A_conditional,JOINT,85,,,,111.57504384675227,116.21190760407885
confirmation_30_PAR,A_conditional,JOINT,86,,,,112.38277065064521,117.25211453944524
confirmation_30_PAR,A_conditional,JOINT,87,,,,113.03495618421498,118.29232147481164
confirmation_30_PAR,A_conditional,JOINT,88,,,,113.77018931345201,119.33252841017804
confirmation_30_PAR,A_conditional,JOINT,89,,,,115.18692640112606,120.37273534554444
confirmation_30_PAR,A_conditional,JOINT,90,,,,115.99196670088415,121.41294228091084
confirmation_30_PAR,A_conditional,JOINT,91,,,,116.86647149338741,122.45314921627721
confirmation_30_PAR,A_conditional,JOINT,92,,,,118.01309415389056,123.49335615164361
confirmation_30_PAR,A_conditional,JOINT,93,,,,118.72528332865323,124.53356308701001
confirmation_30_PAR,A_conditional,JOINT,94,,,,119.58187317667759,125.57377002237641
confirmation_30_PAR,A_conditional,JOINT,95,,,,120.58370044487374,126.6139769577428
confirmation_30_PAR,A_conditional,JOINT,96,,,,122.19817337247444,127.6541838931092
confirmation_30_PAR,A_conditional,JOINT,97,,,,123.4611308886989,128.6943908284756
confirmation_30_PAR,A_conditional,JOINT,98,,,,124.97098674061111,129.734597763842
confirmation_30_PAR,A_conditional,JOINT,99,,,,126.13499202599084,130.7748046992084
confirmation_30_PAR,A_conditional,JOINT,100,,,,126.83150830210057,131.8150116345748
confirmation_30_PAR,A_conditional,JOINT,101,,,,127.6239386342613,132.8552185699412
confirmation_30_PAR,A_conditional,JOINT,102,,,,128.5283579965267,133.89542550530757
confirmation_30_PAR,A_conditional,JOINT,103,,,,129.6552725719181,134.93563244067397
confirmation_30_PAR,A_conditional,JOINT,104,,,,130.80197485009995,135.97583937604037
confirmation_30_PAR,A_conditional,JOINT,105,,,,131.51936898242278,137.01604631140677
confirmation_30_PAR,A_conditional,JOINT,106,,,,132.2001323241182,138.05625324677317
confirmation_30_PAR,A_conditional,JOINT,107,,,,133.05472999504917,139.09646018213957
confirmation_30_PAR,A_conditional,JOINT,108,,,,133.89428594870233,140.13666711750597
confirmation_30_PAR,A_conditional,JOINT,109,,,,135.18446280232226,141.17687405287236
confirmation_30_PAR,A_conditional,JOINT,110,,,,136.36959005737418,142.21708098823876
confirmation_30_PAR,A_conditional,JOINT,111,,,,137.27907948772412,143.25728792360516
confirmation_30_PAR,A_conditional,JOINT,112,,,,138.22394619236653,144.29749485897156
confirmation_30_PAR,A_conditional,JOINT,113,,,,138.96268049634787,145.33770179433796
confirmation_30_PAR,A_conditional,JOINT,114,,,,140.33902478819925,146.37790872970433
confirmation_30_PAR,A_conditional,JOINT,115,,,,141.48536108119941,147.41811566507073
confirmation_30_PAR,A_conditional,JOINT,116,,,,142.55770639889855,148.45832260043713
confirmation_30_PAR,A_conditional,JOINT,117,,,,143.8531068181892,149.49852953580353
confirmation_30_PAR,A_conditional,JOINT,118,,,,144.8662375582291,150.53873647116993
confirmation_30_PAR,A_conditional,JOINT,119,,,,145.6722989532978,151.57894340653633
confirmation_30_PAR,A_conditional,JOINT,120,,,,146.53786019460392,152.61915034190272
confirmation_30_CPU,A_conditional,FROZEN,36.125311001,29.0,29.080697235874,0.08069723587399835,,
confirmation_30_CPU,A_conditional,FROZEN,38.60531100199998,29.0,29.28915179597342,0.2891517959734209,,
confirmation_30_CPU,A_conditional,FROZEN,41.34531100199999,29.0,29.508431155561077,0.5084311555610768,,
confirmation_30_CPU,A_conditional,FROZEN,43.79031100199998,29.0,29.684893684315913,0.684893684315913,,
confirmation_30_CPU,A_conditional,FROZEN,46.300311002,30.6,29.83036671928955,-0.7696332807104511,,
confirmation_30_CPU,A_conditional,FROZEN,48.715311001,30.6,29.9699562366206,-0.6300437633794012,,
confirmation_30_CPU,A_conditional,FROZEN,51.20031100099999,30.6,30.08354519644514,-0.5164548035548613,,
confirmation_30_CPU,A_conditional,FROZEN,53.64531100099998,30.6,30.199029154387528,-0.4009708456124734,,
confirmation_30_CPU,A_conditional,FROZEN,56.10531100199998,30.6,30.286168104874417,-0.31383189512558474,,
confirmation_30_CPU,A_conditional,FROZEN,58.53031100199999,31.0,30.37917042112105,-0.6208295788789506,,
confirmation_30_CPU,A_conditional,FROZEN,61.02031100099998,31.0,30.448580849009094,-0.5514191509909061,,
confirmation_30_CPU,A_conditional,FROZEN,63.57531100099999,31.0,30.521412889236856,-0.47858711076314364,,
confirmation_30_CPU,A_conditional,FROZEN,66.05031100099998,31.0,30.58066047714732,-0.41933952285268106,,
confirmation_30_CPU,A_conditional,FROZEN,68.60531100199998,31.2,30.62827265347722,-0.5717273465227777,,
confirmation_30_CPU,A_conditional,FROZEN,71.10031100199998,31.2,30.742587121203055,-0.45741287879694426,,
confirmation_30_CPU,A_conditional,FROZEN,73.63031100199998,31.2,30.761078699831227,-0.4389213001687722,,
confirmation_30_CPU,A_conditional,FROZEN,76.20531100199997,30.8,30.562269323940566,-0.2377306760594351,,
confirmation_30_CPU,A_conditional,FROZEN,78.66031100099997,30.8,30.393435602729827,-0.40656439727017357,,
confirmation_30_CPU,A_conditional,FROZEN,81.22531100200001,30.8,30.236259941226677,-0.5637400587733232,,
confirmation_30_CPU,A_conditional,FROZEN,83.755311001,30.8,30.098370896734398,-0.7016291032656028,,
confirmation_30_CPU,A_conditional,FROZEN,86.22031100200002,29.8,29.97860628387302,0.17860628387301958,,
confirmation_30_CPU,A_conditional,FROZEN,88.735311002,29.8,29.869632603126707,0.06963260312670627,,
confirmation_30_CPU,A_conditional,FROZEN,91.22031100200002,29.8,29.77365610264087,-0.026343897359129897,,
confirmation_30_CPU,A_conditional,FROZEN,93.860311002,29.8,29.683023868524884,-0.11697613147511632,,
confirmation_30_CPU,A_conditional,FROZEN,96.41531100099996,29.5,29.6051913687732,0.10519136877319823,,
confirmation_30_CPU,A_conditional,FROZEN,99.03531100099997,29.5,29.53433323788139,0.0343332378813912,,
confirmation_30_CPU,A_conditional,FROZEN,101.615311002,29.5,29.472424317074708,-0.027575682925292,,
confirmation_30_CPU,A_conditional,FROZEN,104.27531100099998,29.5,29.415841841661788,-0.08415815833821227,,
confirmation_30_CPU,A_conditional,FROZEN,106.84031100199996,29.4,29.367461780731578,-0.03253821926842093,,
confirmation_30_CPU,A_conditional,FROZEN,109.370311002,29.4,29.325020698881417,-0.07497930111858153,,
confirmation_30_CPU,A_conditional,FROZEN,111.95531100199997,29.4,29.286470358757963,-0.11352964124203524,,
confirmation_30_CPU,A_conditional,FROZEN,114.84531100200002,29.4,29.248467176378046,-0.15153282362195242,,
confirmation_30_CPU,A_conditional,FROZEN,117.46531100199996,29.3,29.218121025647513,-0.08187897435248814,,
confirmation_30_CPU,A_conditional,FROZEN,120.09531100099997,29.3,29.191125486819807,-0.10887451318019359,,
confirmation_30_CPU,A_conditional,FROZEN,122.670311002,29.3,29.167678842685692,-0.13232115731430838,,
confirmation_30_CPU,A_conditional,FROZEN,125.235311002,29.3,29.146929078441502,-0.15307092155849844,,
confirmation_30_CPU,A_conditional,FROZEN,127.72031100200002,29.3,29.12903303269216,-0.1709669673078409,,
confirmation_30_CPU,A_conditional,FROZEN,130.28031100099997,29.3,29.112617615996943,-0.18738238400305818,,
confirmation_30_CPU,A_conditional,FROZEN,132.84031100199996,29.3,29.098027285439304,-0.20197271456069643,,
confirmation_30_CPU,A_conditional,FROZEN,135.71531100199996,29.3,29.083566617599097,-0.21643338240090415,,
confirmation_30_CPU,A_conditional,FROZEN,138.375311002,29.2,29.071789427389465,-0.12821057261053426,,
confirmation_30_CPU,A_conditional,FROZEN,140.790311002,29.2,29.062277250746934,-0.13772274925306505,,
confirmation_30_CPU,A_conditional,FROZEN,143.375311002,29.2,29.053202136622694,-0.14679786337730505,,
confirmation_30_CPU,A_conditional,FROZEN,146.02031100099998,29.2,29.044969846655924,-0.15503015334407522,,
confirmation_30_CPU,A_conditional,FROZEN,148.565311002,29.1,29.03794155924761,-0.06205844075239142,,
confirmation_30_CPU,A_conditional,FROZEN,151.140311001,29.1,29.031621417466077,-0.06837858253392426,,
confirmation_30_CPU,A_conditional,FROZEN,153.620311002,29.1,29.026203777432475,-0.07379622256752683,,
confirmation_30_CPU,A_conditional,FROZEN,156.58031100199997,29.1,29.02049792749069,-0.0795020725093103,,
confirmation_30_CPU,A_conditional,FROZEN,158.92031100100002,29.1,29.01650691298352,-0.08349308701648184,,
confirmation_30_CPU,A_conditional,FROZEN,161.265311001,29.1,29.012916658179844,-0.08708334182015776,,
confirmation_30_CPU,A_conditional,FROZEN,163.850311002,29.1,29.009383643378285,-0.09061635662171597,,
confirmation_30_CPU,A_conditional,FROZEN,166.500311001,29.1,29.006173368043388,-0.09382663195661323,,
confirmation_30_CPU,A_conditional,FROZEN,169.390311001,29.1,29.00309171436804,-0.09690828563196163,,
confirmation_30_CPU,A_conditional,FROZEN,172.39031100199998,29.1,29.000298793268943,-0.09970120673105853,,
confirmation_30_CPU,A_conditional,FROZEN,175.740311002,29.1,28.997604289964546,-0.10239571003545578,,
confirmation_30_CPU,A_conditional,FROZEN,178.28031100099997,29.4,28.995821531986365,-0.4041784680136331,,
confirmation_30_CPU,A_conditional,FROZEN,0,,,,0.0,0.0
confirmation_30_CPU,A_conditional,FROZEN,1,,,,0.7314818839690236,1.0305387242514759
confirmation_30_CPU,A_conditional,FROZEN,2,,,,1.4588089343725639,2.0610774485029517
confirmation_30_CPU,A_conditional,FROZEN,3,,,,2.3968280160657205,3.091616172754428
confirmation_30_CPU,A_conditional,FROZEN,4,,,,3.578369346576783,4.122154897005903
confirmation_30_CPU,A_conditional,FROZEN,5,,,,4.748639376099983,5.152693621257379
confirmation_30_CPU,A_conditional,FROZEN,6,,,,5.523182614040994,6.183232345508856
confirmation_30_CPU,A_conditional,FROZEN,7,,,,6.294554281757402,7.213771069760331
confirmation_30_CPU,A_conditional,FROZEN,8,,,,7.618899981189955,8.244309794011807
confirmation_30_CPU,A_conditional,FROZEN,9,,,,8.990616441844764,9.274848518263283
confirmation_30_CPU,A_conditional,FROZEN,10,,,,10.145486143903122,10.305387242514758
confirmation_30_CPU,A_conditional,FROZEN,11,,,,11.241001637146338,11.335925966766235
confirmation_30_CPU,A_conditional,FROZEN,12,,,,12.234821581713717,12.366464691017711
confirmation_30_CPU,A_conditional,FROZEN,13,,,,13.259679000977243,13.397003415269186
confirmation_30_CPU,A_conditional,FROZEN,14,,,,14.153108685680621,14.427542139520662
confirmation_30_CPU,A_conditional,FROZEN,15,,,,14.779025116990937,15.458080863772137
confirmation_30_CPU,A_conditional,FROZEN,16,,,,15.658793388533327,16.488619588023614
confirmation_30_CPU,A_conditional,FROZEN,17,,,,16.903745541202262,17.51915831227509
confirmation_30_CPU,A_conditional,FROZEN,18,,,,17.830348962494092,18.549697036526567
confirmation_30_CPU,A_conditional,FROZEN,19,,,,18.60202123037785,19.58023576077804
confirmation_30_CPU,A_conditional,FROZEN,20,,,,19.750261514052458,20.610774485029516
confirmation_30_CPU,A_conditional,FROZEN,21,,,,20.960762986304083,21.641313209280995
confirmation_30_CPU,A_conditional,FROZEN,22,,,,21.884363935218044,22.67185193353247
confirmation_30_CPU,A_conditional,FROZEN,23,,,,22.800248769207453,23.702390657783944
confirmation_30_CPU,A_conditional,FROZEN,24,,,,23.59079645437774,24.732929382035422
confirmation_30_CPU,A_conditional,FROZEN,25,,,,24.812380378821416,25.763468106286897
confirmation_30_CPU,A_conditional,FROZEN,26,,,,25.623185538228764,26.794006830538372
confirmation_30_CPU,A_conditional,FROZEN,27,,,,26.62096926608583,27.824545554789847
confirmation_30_CPU,A_conditional,FROZEN,28,,,,27.686832234743765,28.855084279041325
confirmation_30_CPU,A_conditional,FROZEN,29,,,,28.972309447012645,29.8856230032928
confirmation_30_CPU,A_conditional,FROZEN,30,,,,29.818859065448212,30.916161727544274
confirmation_30_CPU,A_conditional,FROZEN,31,,,,31.003887809518265,31.946700451795753
confirmation_30_CPU,A_conditional,FROZEN,32,,,,32.46182625234455,32.97723917604723
confirmation_30_CPU,A_conditional,FROZEN,33,,,,33.57097090844311,34.007777900298706
confirmation_30_CPU,A_conditional,FROZEN,34,,,,34.70381577319374,35.03831662455018
confirmation_30_CPU,A_conditional,FROZEN,35,,,,35.70183485085597,36.068855348801655
confirmation_30_CPU,A_conditional,FROZEN,36,,,,36.98164839112126,37.67458841730584
confirmation_30_CPU,A_conditional,FROZEN,37,,,,39.16494277331575,39.36934618557988
confirmation_30_CPU,A_conditional,FROZEN,38,,,,40.86232193083736,41.08761791605797
confirmation_30_CPU,A_conditional,FROZEN,39,,,,42.590305267697744,42.78470871078885
confirmation_30_CPU,A_conditional,FROZEN,40,,,,44.58384552796449,44.504666359142085
confirmation_30_CPU,A_conditional,FROZEN,41,,,,46.32063080482605,46.20434922605611
confirmation_30_CPU,A_conditional,FROZEN,42,,,,47.7960783745049,47.91773142905973
confirmation_30_CPU,A_conditional,FROZEN,43,,,,49.17445928944872,49.63680730265743
confirmation_30_CPU,A_conditional,FROZEN,44,,,,50.71914927151043,51.355498326137194
confirmation_30_CPU,A_conditional,FROZEN,45,,,,52.46206972044083,53.047252076483076
confirmation_30_CPU,A_conditional,FROZEN,46,,,,54.520365947301386,54.74559570993798
confirmation_30_CPU,A_conditional,FROZEN,47,,,,56.47508644175774,56.4647967447979
confirmation_30_CPU,A_conditional,FROZEN,48,,,,58.340139654471,58.18285531458099
confirmation_30_CPU,A_conditional,FROZEN,49,,,,60.06064145914694,59.8883046779622
confirmation_30_CPU,A_conditional,FROZEN,50,,,,61.73733289859055,61.578002507391986
confirmation_30_CPU,A_conditional,FROZEN,51,,,,63.13206781070687,63.293446305961325
confirmation_30_CPU,A_conditional,FROZEN,52,,,,64.98107168510695,65.01417301818927
confirmation_30_CPU,A_conditional,FROZEN,53,,,,67.25999014986411,66.72535046792576
confirmation_30_CPU,A_conditional,FROZEN,54,,,,69.08716074013657,68.41464010998241
confirmation_30_CPU,A_conditional,FROZEN,55,,,,71.40382409860325,70.12138405725062
confirmation_30_CPU,A_conditional,FROZEN,56,,,,73.59856411019254,71.84053102678776
confirmation_30_CPU,A_conditional,FROZEN,57,,,,74.85030348511219,73.55789119771373
confirmation_30_CPU,A_conditional,FROZEN,58,,,,76.18974604436077,75.25710850757294
confirmation_30_CPU,A_conditional,FROZEN,59,,,,78.55751985102972,76.97331816630113
confirmation_30_CPU,A_conditional,FROZEN,60,,,,80.45411848785146,78.67137587217002
confirmation_30_CPU,A_conditional,FROZEN,61,,,,82.13822948995198,80.38884112114235
confirmation_30_CPU,A_conditional,FROZEN,62,,,,84.01945772331158,82.0966819137317
confirmation_30_CPU,A_conditional,FROZEN,63,,,,85.68772701565358,83.79993229821709
confirmation_30_CPU,A_conditional,FROZEN,64,,,,87.1641116330555,85.51958200645342
confirmation_30_CPU,A_conditional,FROZEN,65,,,,88.60585484666125,87.21176103966715
confirmation_30_CPU,A_conditional,FROZEN,66,,,,90.37643805428095,88.9309244410077
confirmation_30_CPU,A_conditional,FROZEN,67,,,,91.99710157313136,90.62985553889177
confirmation_30_CPU,A_conditional,FROZEN,68,,,,93.3720367644598,92.34165343657618
confirmation_30_CPU,A_conditional,FROZEN,69,,,,94.93972788262352,94.06197716306141
confirmation_30_CPU,A_conditional,FROZEN,70,,,,96.84976207258852,95.80194121324342
confirmation_30_CPU,A_conditional,FROZEN,71,,,,98.326489503845,97.54370403037125
confirmation_30_CPU,A_conditional,FROZEN,72,,,,100.42127391430097,99.28413065967302
confirmation_30_CPU,A_conditional,FROZEN,73,,,,102.11573419021799,100.97923017662255
confirmation_30_CPU,A_conditional,FROZEN,74,,,,103.27444475974083,102.00976890087402
confirmation_30_CPU,A_conditional,FROZEN,75,,,,104.11796179355038,103.04030762512551
confirmation_30_CPU,A_conditional,FROZEN,76,,,,104.78043350766066,104.07084634937698
confirmation_30_CPU,A_conditional,FROZEN,77,,,,105.62626268620895,105.10138507362845
confirmation_30_CPU,A_conditional,FROZEN,78,,,,106.65113848952878,106.13192379787994
confirmation_30_CPU,A_conditional,FROZEN,79,,,,107.70317633094214,107.1624625221314
confirmation_30_CPU,A_conditional,FROZEN,80,,,,108.61636848247825,108.19300124638288
confirmation_30_CPU,A_conditional,FROZEN,81,,,,109.68038549869588,109.22353997063436
confirmation_30_CPU,A_conditional,FROZEN,82,,,,110.43131438014859,110.25407869488583
confirmation_30_CPU,A_conditional,FROZEN,83,,,,111.67100954701247,111.2846174191373
confirmation_30_CPU,A_conditional,FROZEN,84,,,,113.41662606637665,112.31515614338879
confirmation_30_CPU,A_conditional,FROZEN,85,,,,114.60950446188201,113.34569486764026
confirmation_30_CPU,A_conditional,FROZEN,86,,,,115.3605503909073,114.37623359189173
confirmation_30_CPU,A_conditional,FROZEN,87,,,,116.66736073041595,115.40677231614322
confirmation_30_CPU,A_conditional,FROZEN,88,,,,117.4653150766941,116.43731104039469
confirmation_30_CPU,A_conditional,FROZEN,89,,,,118.15618803821845,117.46784976464616
confirmation_30_CPU,A_conditional,FROZEN,90,,,,119.04297763157933,118.49838848889765
confirmation_30_CPU,A_conditional,FROZEN,91,,,,119.96148980035646,119.52892721314912
confirmation_30_CPU,A_conditional,FROZEN,92,,,,120.76237797254728,120.55946593740059
confirmation_30_CPU,A_conditional,FROZEN,93,,,,121.37169389985486,121.59000466165207
confirmation_30_CPU,A_conditional,FROZEN,94,,,,122.72495499684987,122.62054338590355
confirmation_30_CPU,A_conditional,FROZEN,95,,,,123.81899800912682,123.65108211015502
confirmation_30_CPU,A_conditional,FROZEN,96,,,,124.67360299296271,124.6816208344065
confirmation_30_CPU,A_conditional,FROZEN,97,,,,125.77330285521893,125.71215955865797
confirmation_30_CPU,A_conditional,FROZEN,98,,,,126.73917450126137,126.74269828290944
confirmation_30_CPU,A_conditional,FROZEN,99,,,,127.66607104365761,127.77323700716092
confirmation_30_CPU,A_conditional,FROZEN,100,,,,128.48479758724613,128.8037757314124
confirmation_30_CPU,A_conditional,FROZEN,101,,,,129.37073611336075,129.83431445566387
confirmation_30_CPU,A_conditional,FROZEN,102,,,,130.62300681679892,130.86485317991534
confirmation_30_CPU,A_conditional,FROZEN,103,,,,131.69483322417892,131.89539190416684
confirmation_30_CPU,A_conditional,FROZEN,104,,,,132.76032461098472,132.9259306284183
confirmation_30_CPU,A_conditional,FROZEN,105,,,,134.2600107200124,133.95646935266979
confirmation_30_CPU,A_conditional,FROZEN,106,,,,135.14285918246324,134.98700807692126
confirmation_30_CPU,A_conditional,FROZEN,107,,,,135.92236228250331,136.01754680117273
confirmation_30_CPU,A_conditional,FROZEN,108,,,,137.02532147320107,137.0480855254242
confirmation_30_CPU,A_conditional,FROZEN,109,,,,138.46891176205213,138.0786242496757
confirmation_30_CPU,A_conditional,FROZEN,110,,,,139.6339362393805,139.10916297392717
confirmation_30_CPU,A_conditional,FROZEN,111,,,,140.68981872064364,140.13970169817864
confirmation_30_CPU,A_conditional,FROZEN,112,,,,141.46865860514785,141.1702404224301
confirmation_30_CPU,A_conditional,FROZEN,113,,,,142.132903586565,142.20077914668158
confirmation_30_CPU,A_conditional,FROZEN,114,,,,142.94672785396077,143.23131787093305
confirmation_30_CPU,A_conditional,FROZEN,115,,,,144.44421187885456,144.26185659518455
confirmation_30_CPU,A_conditional,FROZEN,116,,,,145.50012582540256,145.29239531943603
confirmation_30_CPU,A_conditional,FROZEN,117,,,,146.3558030385168,146.3229340436875
confirmation_30_CPU,A_conditional,FROZEN,118,,,,146.99923532683135,147.35347276793897
confirmation_30_CPU,A_conditional,FROZEN,119,,,,147.96841932021323,148.38401149219044
confirmation_30_CPU,A_conditional,FROZEN,120,,,,149.3609815014571,149.4145502164419
confirmation_30_CPU,A_conditional,JOINT,36.125311001,29.0,29.09426161055157,0.09426161055156967,,
confirmation_30_CPU,A_conditional,JOINT,38.60531100199998,29.0,29.333148038046087,0.3331480380460867,,
confirmation_30_CPU,A_conditional,JOINT,41.34531100199999,29.0,29.576531434081087,0.5765314340810868,,
confirmation_30_CPU,A_conditional,JOINT,43.79031100199998,29.0,29.765598687027868,0.7655986870278682,,
confirmation_30_CPU,A_conditional,JOINT,46.300311002,30.6,29.914178494518037,-0.6858215054819645,,
confirmation_30_CPU,A_conditional,JOINT,48.715311001,30.6,30.05428139500811,-0.5457186049918903,,
confirmation_30_CPU,A_conditional,JOINT,51.20031100099999,30.6,30.16169598509387,-0.43830401490613013,,
confirmation_30_CPU,A_conditional,JOINT,53.64531100099998,30.6,30.27093292977969,-0.32906707022031156,,
confirmation_30_CPU,A_conditional,JOINT,56.10531100199998,30.6,30.34659828061711,-0.253401719382893,,
confirmation_30_CPU,A_conditional,JOINT,58.53031100199999,31.0,30.429671088758177,-0.5703289112418233,,
confirmation_30_CPU,A_conditional,JOINT,61.02031100099998,31.0,30.484767950232467,-0.5152320497675333,,
confirmation_30_CPU,A_conditional,JOINT,63.57531100099999,31.0,30.544139637752842,-0.455860362247158,,
confirmation_30_CPU,A_conditional,JOINT,66.05031100099998,31.0,30.58953055283761,-0.41046944716239153,,
confirmation_30_CPU,A_conditional,JOINT,68.60531100199998,31.2,30.621516304296758,-0.5784836957032411,,
confirmation_30_CPU,A_conditional,JOINT,71.10031100199998,31.2,30.733328044908546,-0.4666719550914529,,
confirmation_30_CPU,A_conditional,JOINT,73.63031100199998,31.2,30.730729668470243,-0.4692703315297564,,
confirmation_30_CPU,A_conditional,JOINT,76.20531100199997,30.8,30.478580278449844,-0.3214197215501571,,
confirmation_30_CPU,A_conditional,JOINT,78.66031100099997,30.8,30.27191872348747,-0.5280812765125305,,
confirmation_30_CPU,A_conditional,JOINT,81.22531100200001,30.8,30.08621222849004,-0.7137877715099599,,
confirmation_30_CPU,A_conditional,JOINT,83.755311001,30.8,29.92904453155809,-0.8709554684419096,,
confirmation_30_CPU,A_conditional,JOINT,86.22031100200002,29.8,29.797262599917858,-0.002737400082143182,,
confirmation_30_CPU,A_conditional,JOINT,88.735311002,29.8,29.681490480682545,-0.11850951931745612,,
confirmation_30_CPU,A_conditional,JOINT,91.22031100200002,29.8,29.583059942612817,-0.21694005738718403,,
confirmation_30_CPU,A_conditional,JOINT,93.860311002,29.8,29.49340537091364,-0.30659462908636215,,
confirmation_30_CPU,A_conditional,JOINT,96.41531100099996,29.5,29.419184327096303,-0.08081567290369662,,
confirmation_30_CPU,A_conditional,JOINT,99.03531100099997,29.5,29.35403444686148,-0.14596555313852022,,
confirmation_30_CPU,A_conditional,JOINT,101.615311002,29.5,29.29916346115513,-0.20083653884487163,,
confirmation_30_CPU,A_conditional,JOINT,104.27531100099998,29.5,29.250831948314396,-0.2491680516856043,,
confirmation_30_CPU,A_conditional,JOINT,106.84031100199996,29.4,29.211003478013765,-0.1889965219862333,,
confirmation_30_CPU,A_conditional,JOINT,109.370311002,29.4,29.17729820446751,-0.2227017955324868,,
confirmation_30_CPU,A_conditional,JOINT,111.95531100199997,29.4,29.147767533124192,-0.2522324668758067,,
confirmation_30_CPU,A_conditional,JOINT,114.84531100200002,29.4,29.119756371950007,-0.28024362804999114,,
confirmation_30_CPU,A_conditional,JOINT,117.46531100199996,29.3,29.098244137304935,-0.20175586269506596,,
confirmation_30_CPU,A_conditional,JOINT,120.09531100099997,29.3,29.07980329807818,-0.2201967019218216,,
confirmation_30_CPU,A_conditional,JOINT,122.670311002,29.3,29.064364906915667,-0.2356350930843334,,
confirmation_30_CPU,A_conditional,JOINT,125.235311002,29.3,29.051189328028503,-0.24881067197149775,,
confirmation_30_CPU,A_conditional,JOINT,127.72031100200002,29.3,29.040224246209515,-0.25977575379048545,,
confirmation_30_CPU,A_conditional,JOINT,130.28031100099997,29.3,29.030518302046946,-0.2694816979530543,,
confirmation_30_CPU,A_conditional,JOINT,132.84031100199996,29.3,29.022198030388683,-0.27780196961131765,,
confirmation_30_CPU,A_conditional,JOINT,135.71531100199996,29.3,29.014261662661443,-0.28573833733855736,,
confirmation_30_CPU,A_conditional,JOINT,138.375311002,29.2,29.008046615580227,-0.19195338441977228,,
confirmation_30_CPU,A_conditional,JOINT,140.790311002,29.2,29.00320425364979,-0.19679574635020813,,
confirmation_30_CPU,A_conditional,JOINT,143.375311002,29.2,28.99874476356803,-0.20125523643196885,,
confirmation_30_CPU,A_conditional,JOINT,146.02031100099998,29.2,28.99484641219993,-0.2051535878000692,,
confirmation_30_CPU,A_conditional,JOINT,148.565311002,29.1,28.9916384478673,-0.1083615521327026,,
confirmation_30_CPU,A_conditional,JOINT,151.140311001,29.1,28.988856482409822,-0.11114351759017893,,
confirmation_30_CPU,A_conditional,JOINT,153.620311002,29.1,28.986555815269277,-0.11344418473072437,,
confirmation_30_CPU,A_conditional,JOINT,156.58031100199997,29.1,28.98422412813072,-0.11577587186928184,,
confirmation_30_CPU,A_conditional,JOINT,158.92031100100002,29.1,28.98265377096661,-0.11734622903339087,,
confirmation_30_CPU,A_conditional,JOINT,161.265311001,29.1,28.98128735875444,-0.11871264124556191,,
confirmation_30_CPU,A_conditional,JOINT,163.850311002,29.1,28.97998896325769,-0.12001103674231217,,
confirmation_30_CPU,A_conditional,JOINT,166.500311001,29.1,28.978852305970793,-0.121147694029208,,
confirmation_30_CPU,A_conditional,JOINT,169.390311001,29.1,28.977803335054762,-0.12219666494523906,,
confirmation_30_CPU,A_conditional,JOINT,172.39031100199998,29.1,28.976891728828473,-0.12310827117152812,,
confirmation_30_CPU,A_conditional,JOINT,175.740311002,29.1,28.976051133866505,-0.12394886613349598,,
confirmation_30_CPU,A_conditional,JOINT,178.28031100099997,29.4,28.975518084910114,-0.42448191508988486,,
confirmation_30_CPU,A_conditional,JOINT,0,,,,0.0,0.0
confirmation_30_CPU,A_conditional,JOINT,1,,,,0.7314818839690236,1.0305387242514759
confirmation_30_CPU,A_conditional,JOINT,2,,,,1.4588089343725639,2.0610774485029517
confirmation_30_CPU,A_conditional,JOINT,3,,,,2.3968280160657205,3.091616172754428
confirmation_30_CPU,A_conditional,JOINT,4,,,,3.578369346576783,4.122154897005903
confirmation_30_CPU,A_conditional,JOINT,5,,,,4.748639376099983,5.152693621257379
confirmation_30_CPU,A_conditional,JOINT,6,,,,5.523182614040994,6.183232345508856
confirmation_30_CPU,A_conditional,JOINT,7,,,,6.294554281757402,7.213771069760331
confirmation_30_CPU,A_conditional,JOINT,8,,,,7.618899981189955,8.244309794011807
confirmation_30_CPU,A_conditional,JOINT,9,,,,8.990616441844764,9.274848518263283
confirmation_30_CPU,A_conditional,JOINT,10,,,,10.145486143903122,10.305387242514758
confirmation_30_CPU,A_conditional,JOINT,11,,,,11.241001637146338,11.335925966766235
confirmation_30_CPU,A_conditional,JOINT,12,,,,12.234821581713717,12.366464691017711
confirmation_30_CPU,A_conditional,JOINT,13,,,,13.259679000977243,13.397003415269186
confirmation_30_CPU,A_conditional,JOINT,14,,,,14.153108685680621,14.427542139520662
confirmation_30_CPU,A_conditional,JOINT,15,,,,14.779025116990937,15.458080863772137
confirmation_30_CPU,A_conditional,JOINT,16,,,,15.658793388533327,16.488619588023614
confirmation_30_CPU,A_conditional,JOINT,17,,,,16.903745541202262,17.51915831227509
confirmation_30_CPU,A_conditional,JOINT,18,,,,17.830348962494092,18.549697036526567
confirmation_30_CPU,A_conditional,JOINT,19,,,,18.60202123037785,19.58023576077804
confirmation_30_CPU,A_conditional,JOINT,20,,,,19.750261514052458,20.610774485029516
confirmation_30_CPU,A_conditional,JOINT,21,,,,20.960762986304083,21.641313209280995
confirmation_30_CPU,A_conditional,JOINT,22,,,,21.884363935218044,22.67185193353247
confirmation_30_CPU,A_conditional,JOINT,23,,,,22.800248769207453,23.702390657783944
confirmation_30_CPU,A_conditional,JOINT,24,,,,23.59079645437774,24.732929382035422
confirmation_30_CPU,A_conditional,JOINT,25,,,,24.812380378821416,25.763468106286897
confirmation_30_CPU,A_conditional,JOINT,26,,,,25.623185538228764,26.794006830538372
confirmation_30_CPU,A_conditional,JOINT,27,,,,26.62096926608583,27.824545554789847
confirmation_30_CPU,A_conditional,JOINT,28,,,,27.686832234743765,28.855084279041325
confirmation_30_CPU,A_conditional,JOINT,29,,,,28.972309447012645,29.8856230032928
confirmation_30_CPU,A_conditional,JOINT,30,,,,29.818859065448212,30.916161727544274
confirmation_30_CPU,A_conditional,JOINT,31,,,,31.003887809518265,31.946700451795753
confirmation_30_CPU,A_conditional,JOINT,32,,,,32.46182625234455,32.97723917604723
confirmation_30_CPU,A_conditional,JOINT,33,,,,33.57097090844311,34.007777900298706
confirmation_30_CPU,A_conditional,JOINT,34,,,,34.70381577319374,35.03831662455018
confirmation_30_CPU,A_conditional,JOINT,35,,,,35.70183485085597,36.068855348801655
confirmation_30_CPU,A_conditional,JOINT,36,,,,36.98164839112126,37.66947714472336
confirmation_30_CPU,A_conditional,JOINT,37,,,,39.16494277331575,39.35579561298894
confirmation_30_CPU,A_conditional,JOINT,38,,,,40.86232193083736,41.07017538436445
confirmation_30_CPU,A_conditional,JOINT,39,,,,42.590305267697744,42.7588154396995
confirmation_30_CPU,A_conditional,JOINT,40,,,,44.58384552796449,44.47518962887977
confirmation_30_CPU,A_conditional,JOINT,41,,,,46.32063080482605,46.166699501435694
confirmation_30_CPU,A_conditional,JOINT,42,,,,47.7960783745049,47.87535964234944
confirmation_30_CPU,A_conditional,JOINT,43,,,,49.17445928944872,49.5907348251141
confirmation_30_CPU,A_conditional,JOINT,44,,,,50.71914927151043,51.30557154919965
confirmation_30_CPU,A_conditional,JOINT,45,,,,52.46206972044083,52.98812467016997
confirmation_30_CPU,A_conditional,JOINT,46,,,,54.520365947301386,54.67838297262126
confirmation_30_CPU,A_conditional,JOINT,47,,,,56.47508644175774,56.39385335014525
confirmation_30_CPU,A_conditional,JOINT,48,,,,58.340139654471,58.10793140900315
confirmation_30_CPU,A_conditional,JOINT,49,,,,60.06064145914694,59.80665603643783
confirmation_30_CPU,A_conditional,JOINT,50,,,,61.73733289859055,61.48632068680951
confirmation_30_CPU,A_conditional,JOINT,51,,,,63.13206781070687,63.19763260413605
confirmation_30_CPU,A_conditional,JOINT,52,,,,64.98107168510695,64.9147583410266
confirmation_30_CPU,A_conditional,JOINT,53,,,,67.25999014986411,66.62092830225262
confirmation_30_CPU,A_conditional,JOINT,54,,,,69.08716074013657,68.29998367230581
confirmation_30_CPU,A_conditional,JOINT,55,,,,71.40382409860325,70.0005333563235
confirmation_30_CPU,A_conditional,JOINT,56,,,,73.59856411019254,71.71603486441039
confirmation_30_CPU,A_conditional,JOINT,57,,,,74.85030348511219,73.4292250735884
confirmation_30_CPU,A_conditional,JOINT,58,,,,76.18974604436077,75.12028221818956
confirmation_30_CPU,A_conditional,JOINT,59,,,,78.55751985102972,76.83255592195034
confirmation_30_CPU,A_conditional,JOINT,60,,,,80.45411848785146,78.52240419492003
confirmation_30_CPU,A_conditional,JOINT,61,,,,82.13822948995198,80.23568837420098
confirmation_30_CPU,A_conditional,JOINT,62,,,,84.01945772331158,81.93750438508123
confirmation_30_CPU,A_conditional,JOINT,63,,,,85.68772701565358,83.63381587168055
confirmation_30_CPU,A_conditional,JOINT,64,,,,87.1641116330555,85.34994412110524
confirmation_30_CPU,A_conditional,JOINT,65,,,,88.60585484666125,87.03267427768995
confirmation_30_CPU,A_conditional,JOINT,66,,,,90.37643805428095,88.74815030796562
confirmation_30_CPU,A_conditional,JOINT,67,,,,91.99710157313136,90.4389172841845
confirmation_30_CPU,A_conditional,JOINT,68,,,,93.3720367644598,92.1457587789239
confirmation_30_CPU,A_conditional,JOINT,69,,,,94.93972788262352,93.86241230055646
confirmation_30_CPU,A_conditional,JOINT,70,,,,96.84976207258852,95.60343844694039
confirmation_30_CPU,A_conditional,JOINT,71,,,,98.326489503845,97.34626605324351
confirmation_30_CPU,A_conditional,JOINT,72,,,,100.42127391430097,99.08775547128454
confirmation_30_CPU,A_conditional,JOINT,73,,,,102.11573419021799,100.78384991676012
confirmation_30_CPU,A_conditional,JOINT,74,,,,103.27444475974083,101.81438864101159
confirmation_30_CPU,A_conditional,JOINT,75,,,,104.11796179355038,102.84492736526308
confirmation_30_CPU,A_conditional,JOINT,76,,,,104.78043350766066,103.87546608951455
confirmation_30_CPU,A_conditional,JOINT,77,,,,105.62626268620895,104.90600481376602
confirmation_30_CPU,A_conditional,JOINT,78,,,,106.65113848952878,105.9365435380175
confirmation_30_CPU,A_conditional,JOINT,79,,,,107.70317633094214,106.96708226226897
confirmation_30_CPU,A_conditional,JOINT,80,,,,108.61636848247825,107.99762098652045
confirmation_30_CPU,A_conditional,JOINT,81,,,,109.68038549869588,109.02815971077193
confirmation_30_CPU,A_conditional,JOINT,82,,,,110.43131438014859,110.0586984350234
confirmation_30_CPU,A_conditional,JOINT,83,,,,111.67100954701247,111.08923715927487
confirmation_30_CPU,A_conditional,JOINT,84,,,,113.41662606637665,112.11977588352636
confirmation_30_CPU,A_conditional,JOINT,85,,,,114.60950446188201,113.15031460777783
confirmation_30_CPU,A_conditional,JOINT,86,,,,115.3605503909073,114.1808533320293
confirmation_30_CPU,A_conditional,JOINT,87,,,,116.66736073041595,115.21139205628079
confirmation_30_CPU,A_conditional,JOINT,88,,,,117.4653150766941,116.24193078053226
confirmation_30_CPU,A_conditional,JOINT,89,,,,118.15618803821845,117.27246950478373
confirmation_30_CPU,A_conditional,JOINT,90,,,,119.04297763157933,118.30300822903521
confirmation_30_CPU,A_conditional,JOINT,91,,,,119.96148980035646,119.33354695328669
confirmation_30_CPU,A_conditional,JOINT,92,,,,120.76237797254728,120.36408567753816
confirmation_30_CPU,A_conditional,JOINT,93,,,,121.37169389985486,121.39462440178964
confirmation_30_CPU,A_conditional,JOINT,94,,,,122.72495499684987,122.42516312604111
confirmation_30_CPU,A_conditional,JOINT,95,,,,123.81899800912682,123.45570185029258
confirmation_30_CPU,A_conditional,JOINT,96,,,,124.67360299296271,124.48624057454407
confirmation_30_CPU,A_conditional,JOINT,97,,,,125.77330285521893,125.51677929879554
confirmation_30_CPU,A_conditional,JOINT,98,,,,126.73917450126137,126.54731802304701
confirmation_30_CPU,A_conditional,JOINT,99,,,,127.66607104365761,127.57785674729848
confirmation_30_CPU,A_conditional,JOINT,100,,,,128.48479758724613,128.60839547154995
confirmation_30_CPU,A_conditional,JOINT,101,,,,129.37073611336075,129.63893419580143
confirmation_30_CPU,A_conditional,JOINT,102,,,,130.62300681679892,130.6694729200529
confirmation_30_CPU,A_conditional,JOINT,103,,,,131.69483322417892,131.7000116443044
confirmation_30_CPU,A_conditional,JOINT,104,,,,132.76032461098472,132.73055036855587
confirmation_30_CPU,A_conditional,JOINT,105,,,,134.2600107200124,133.76108909280734
confirmation_30_CPU,A_conditional,JOINT,106,,,,135.14285918246324,134.7916278170588
confirmation_30_CPU,A_conditional,JOINT,107,,,,135.92236228250331,135.82216654131028
confirmation_30_CPU,A_conditional,JOINT,108,,,,137.02532147320107,136.85270526556175
confirmation_30_CPU,A_conditional,JOINT,109,,,,138.46891176205213,137.88324398981325
confirmation_30_CPU,A_conditional,JOINT,110,,,,139.6339362393805,138.91378271406472
confirmation_30_CPU,A_conditional,JOINT,111,,,,140.68981872064364,139.9443214383162
confirmation_30_CPU,A_conditional,JOINT,112,,,,141.46865860514785,140.97486016256767
confirmation_30_CPU,A_conditional,JOINT,113,,,,142.132903586565,142.00539888681914
confirmation_30_CPU,A_conditional,JOINT,114,,,,142.94672785396077,143.0359376110706
confirmation_30_CPU,A_conditional,JOINT,115,,,,144.44421187885456,144.0664763353221
confirmation_30_CPU,A_conditional,JOINT,116,,,,145.50012582540256,145.09701505957358
confirmation_30_CPU,A_conditional,JOINT,117,,,,146.3558030385168,146.12755378382505
confirmation_30_CPU,A_conditional,JOINT,118,,,,146.99923532683135,147.15809250807652
confirmation_30_CPU,A_conditional,JOINT,119,,,,147.96841932021323,148.188631232328
confirmation_30_CPU,A_conditional,JOINT,120,,,,149.3609815014571,149.21916995657946
confirmation_30_C0,A_conditional,FROZEN,37.580874893000015,29.3,29.15376710677033,-0.14623289322966926,,
confirmation_30_C0,A_conditional,FROZEN,40.10587489300002,29.3,29.177586824957412,-0.12241317504258831,,
confirmation_30_C0,A_conditional,FROZEN,42.590874893000006,29.3,29.19890549781271,-0.10109450218729066,,
confirmation_30_C0,A_conditional,FROZEN,45.145874894,29.1,29.218832934457076,0.11883293445707466,,
confirmation_30_C0,A_conditional,FROZEN,47.580874893000015,29.1,29.23611795945054,0.13611795945053728,,
confirmation_30_C0,A_conditional,FROZEN,50.05587489400003,29.1,29.252136674225866,0.15213667422586497,,
confirmation_30_C0,A_conditional,FROZEN,52.590874894000024,29.1,29.267071257903964,0.16707125790396304,,
confirmation_30_C0,A_conditional,FROZEN,55.175874894,29.1,29.2809081733086,0.1809081733085982,,
confirmation_30_C0,A_conditional,FROZEN,57.645874894,29.1,29.292937554394506,0.19293755439450422,,
confirmation_30_C0,A_conditional,FROZEN,60.11587489300001,29.1,29.303908679817845,0.2039086798178431,,
confirmation_30_C0,A_conditional,FROZEN,62.66587489400001,29.1,29.314225766777334,0.21422576677733218,,
confirmation_30_C0,A_conditional,FROZEN,65.28587489400002,29.1,29.323856605525165,0.22385660552516384,,
confirmation_30_C0,A_conditional,FROZEN,67.78087489400002,29.1,29.332199016981733,0.23219901698173118,,
confirmation_30_C0,A_conditional,FROZEN,70.32587489300002,29.1,29.339952261889067,0.2399522618890657,,
confirmation_30_C0,A_conditional,FROZEN,72.80587489400003,29.1,29.34683904327285,0.24683904327284978,,
confirmation_30_C0,A_conditional,FROZEN,75.265874894,29.0,29.353076962172924,0.35307696217292417,,
confirmation_30_C0,A_conditional,FROZEN,77.82087489400001,29.0,29.35898625809342,0.3589862580934202,,
confirmation_30_C0,A_conditional,FROZEN,80.38087489400002,29.0,29.36437768301312,0.3643776830131209,,
confirmation_30_C0,A_conditional,FROZEN,82.86587489300004,29.0,29.36915011947997,0.36915011947996845,,
confirmation_30_C0,A_conditional,FROZEN,85.49087489300004,29.0,29.37374303688099,0.37374303688099175,,
confirmation_30_C0,A_conditional,FROZEN,88.030874894,29.0,29.3777884185804,0.37778841858040124,,
confirmation_30_C0,A_conditional,FROZEN,90.62587489400002,29.0,29.381553441069443,0.38155344106944256,,
confirmation_30_C0,A_conditional,FROZEN,93.150874894,29.0,29.384892160635804,0.384892160635804,,
confirmation_30_C0,A_conditional,FROZEN,95.645874894,28.9,29.38790479959863,0.4879047995986312,,
confirmation_30_C0,A_conditional,FROZEN,98.18587489400002,28.9,29.390705296591257,0.4907052965912584,,
confirmation_30_C0,A_conditional,FROZEN,100.75087489300003,28.9,29.39328481290765,0.4932848129076497,,
confirmation_30_C0,A_conditional,FROZEN,103.29087489400004,28.9,29.395615066220387,0.4956150662203882,,
confirmation_30_C0,A_conditional,FROZEN,106.265874894,28.9,29.39808744447922,0.4980874444792214,,
confirmation_30_C0,A_conditional,FROZEN,108.83087489300001,28.9,29.400017424837177,0.5000174248371785,,
confirmation_30_C0,A_conditional,FROZEN,111.41087489399999,28.9,29.401788050586486,0.5017880505864873,,
confirmation_30_C0,A_conditional,FROZEN,113.98587489299999,28.9,29.403399869941627,0.503399869941628,,
confirmation_30_C0,A_conditional,FROZEN,116.54087489400004,28.9,29.404859433131794,0.504859433131795,,
confirmation_30_C0,A_conditional,FROZEN,119.19087489400002,28.9,29.406239413332003,0.5062394133320041,,
confirmation_30_C0,A_conditional,FROZEN,121.61587489300004,28.9,29.407393305808952,0.5073933058089537,,
confirmation_30_C0,A_conditional,FROZEN,124.19087489400002,28.9,29.408514656841614,0.5085146568416157,,
confirmation_30_C0,A_conditional,FROZEN,127.05587489400003,28.9,29.409647834886663,0.509647834886664,,
confirmation_30_C0,A_conditional,FROZEN,129.525874894,28.9,29.41053676886767,0.5105367688676701,,
confirmation_30_C0,A_conditional,FROZEN,132.07087489300002,28.9,29.411375132401304,0.5113751324013052,,
confirmation_30_C0,A_conditional,FROZEN,134.525874894,28.9,29.412115624313437,0.5121156243134379,,
confirmation_30_C0,A_conditional,FROZEN,137.350874893,28.9,29.412892198283167,0.5128921982831685,,
confirmation_30_C0,A_conditional,FROZEN,139.86587489300004,28.9,29.41352158574398,0.5135215857439803,,
confirmation_30_C0,A_conditional,FROZEN,142.355874893,28.9,29.414092328406646,0.5140923284066474,,
confirmation_30_C0,A_conditional,FROZEN,144.86587489300004,28.9,29.41461940037812,0.5146194003781197,,
confirmation_30_C0,A_conditional,FROZEN,147.43087489400003,28.9,29.41511225990363,0.5151122599036313,,
confirmation_30_C0,A_conditional,FROZEN,149.885874894,28.9,29.41554435131092,0.5155443513109219,,
confirmation_30_C0,A_conditional,FROZEN,152.335874893,28.9,29.415940182138318,0.5159401821383192,,
confirmation_30_C0,A_conditional,FROZEN,154.895874894,29.6,29.416319205570087,-0.18368079442991458,,
confirmation_30_C0,A_conditional,FROZEN,157.37087489300004,29.6,29.416654880389352,-0.18334511961064948,,
confirmation_30_C0,A_conditional,FROZEN,159.905874894,29.6,29.41697000976329,-0.18302999023671163,,
confirmation_30_C0,A_conditional,FROZEN,162.42087489400004,29.6,29.417256394097425,-0.18274360590257643,,
confirmation_30_C0,A_conditional,FROZEN,164.95087489300002,29.1,29.417520341138005,0.3175203411380032,,
confirmation_30_C0,A_conditional,FROZEN,167.450874894,29.1,29.41775938142913,0.3177593814291271,,
confirmation_30_C0,A_conditional,FROZEN,169.81087489400002,29.1,29.417966817656918,0.3179668176569166,,
confirmation_30_C0,A_conditional,FROZEN,172.31587489300003,29.1,29.418169236881525,0.31816923688152343,,
confirmation_30_C0,A_conditional,FROZEN,174.780874894,29.1,29.418352030595162,0.31835203059516104,,
confirmation_30_C0,A_conditional,FROZEN,177.260874894,29.0,29.418520890480877,0.4185208904808775,,
confirmation_30_C0,A_conditional,FROZEN,179.81087489400002,29.0,29.418680093317338,0.418680093317338,,
confirmation_30_C0,A_conditional,FROZEN,0,,,,0.0,0.0
confirmation_30_C0,A_conditional,FROZEN,1,,,,1.521725324208394,1.0527204737314289
confirmation_30_C0,A_conditional,FROZEN,2,,,,2.879345015882659,2.1054409474628577
confirmation_30_C0,A_conditional,FROZEN,3,,,,4.5757873167910885,3.1581614211942863
confirmation_30_C0,A_conditional,FROZEN,4,,,,6.024956381001777,4.210881894925715
confirmation_30_C0,A_conditional,FROZEN,5,,,,8.302533102668264,5.2636023686571445
confirmation_30_C0,A_conditional,FROZEN,6,,,,9.916108213332166,6.316322842388573
confirmation_30_C0,A_conditional,FROZEN,7,,,,11.168258139708165,7.369043316120002
confirmation_30_C0,A_conditional,FROZEN,8,,,,12.023151392706026,8.42176378985143
confirmation_30_C0,A_conditional,FROZEN,9,,,,12.893980602678733,9.474484263582859
confirmation_30_C0,A_conditional,FROZEN,10,,,,13.858570831990999,10.527204737314289
confirmation_30_C0,A_conditional,FROZEN,11,,,,14.632489069078074,11.579925211045717
confirmation_30_C0,A_conditional,FROZEN,12,,,,16.04232104158225,12.632645684777145
confirmation_30_C0,A_conditional,FROZEN,13,,,,17.6177981605108,13.685366158508575
confirmation_30_C0,A_conditional,FROZEN,14,,,,18.890927091695875,14.738086632240003
confirmation_30_C0,A_conditional,FROZEN,15,,,,19.624150700575196,15.790807105971433
confirmation_30_C0,A_conditional,FROZEN,16,,,,20.383482529213715,16.84352757970286
confirmation_30_C0,A_conditional,FROZEN,17,,,,21.215166365252472,17.89624805343429
confirmation_30_C0,A_conditional,FROZEN,18,,,,21.861376142322264,18.948968527165718
confirmation_30_C0,A_conditional,FROZEN,19,,,,22.509929646810775,20.001689000897148
confirmation_30_C0,A_conditional,FROZEN,20,,,,23.679116641061103,21.054409474628578
confirmation_30_C0,A_conditional,FROZEN,21,,,,24.94108337186379,22.107129948360004
confirmation_30_C0,A_conditional,FROZEN,22,,,,25.758201187807497,23.159850422091434
confirmation_30_C0,A_conditional,FROZEN,23,,,,26.848914988855043,24.212570895822864
confirmation_30_C0,A_conditional,FROZEN,24,,,,27.582606071701854,25.26529136955429
confirmation_30_C0,A_conditional,FROZEN,25,,,,28.354262356186116,26.31801184328572
confirmation_30_C0,A_conditional,FROZEN,26,,,,29.30822786128808,27.37073231701715
confirmation_30_C0,A_conditional,FROZEN,27,,,,30.43780302548897,28.42345279074858
confirmation_30_C0,A_conditional,FROZEN,28,,,,31.66566683077449,29.476173264480007
confirmation_30_C0,A_conditional,FROZEN,29,,,,32.482974661238,30.528893738211437
confirmation_30_C0,A_conditional,FROZEN,30,,,,33.2301092648692,31.581614211942867
confirmation_30_C0,A_conditional,FROZEN,31,,,,34.58984137378892,32.6343346856743
confirmation_30_C0,A_conditional,FROZEN,32,,,,35.474360188204066,33.68705515940572
confirmation_30_C0,A_conditional,FROZEN,33,,,,36.92073136130146,34.73977563313715
confirmation_30_C0,A_conditional,FROZEN,34,,,,37.89951157912739,35.79249610686858
confirmation_30_C0,A_conditional,FROZEN,35,,,,38.73152217378788,36.84521658060001
confirmation_30_C0,A_conditional,FROZEN,36,,,,39.43459225641095,37.897937054331436
confirmation_30_C0,A_conditional,FROZEN,37,,,,40.11687597729034,38.95065752806287
confirmation_30_C0,A_conditional,FROZEN,38,,,,40.930422612981836,40.003378001794296
confirmation_30_C0,A_conditional,FROZEN,39,,,,41.598231428427525,41.05609847552572
confirmation_30_C0,A_conditional,FROZEN,40,,,,42.352654317810945,42.108818949257156
confirmation_30_C0,A_conditional,FROZEN,41,,,,43.642435446137384,43.16153942298858
confirmation_30_C0,A_conditional,FROZEN,42,,,,44.38411110980127,44.21425989672001
confirmation_30_C0,A_conditional,FROZEN,43,,,,45.3872652286077,45.26698037045144
confirmation_30_C0,A_conditional,FROZEN,44,,,,46.523928762706966,46.31970084418287
confirmation_30_C0,A_conditional,FROZEN,45,,,,47.13875711753631,47.372421317914295
confirmation_30_C0,A_conditional,FROZEN,46,,,,47.770024503256636,48.42514179164573
confirmation_30_C0,A_conditional,FROZEN,47,,,,48.618532277459174,49.477862265377155
confirmation_30_C0,A_conditional,FROZEN,48,,,,50.23548936434645,50.53058273910858
confirmation_30_C0,A_conditional,FROZEN,49,,,,51.16421584353589,51.583303212840015
confirmation_30_C0,A_conditional,FROZEN,50,,,,51.93049243729543,52.63602368657144
confirmation_30_C0,A_conditional,FROZEN,51,,,,52.93895372988768,53.688744160302875
confirmation_30_C0,A_conditional,FROZEN,52,,,,53.616857306771614,54.7414646340343
confirmation_30_C0,A_conditional,FROZEN,53,,,,54.41229638885484,55.79418510776573
confirmation_30_C0,A_conditional,FROZEN,54,,,,55.288207516798344,56.84690558149716
confirmation_30_C0,A_conditional,FROZEN,55,,,,56.44534284339413,57.89962605522859
confirmation_30_C0,A_conditional,FROZEN,56,,,,57.49703025156191,58.952346528960014
confirmation_30_C0,A_conditional,FROZEN,57,,,,58.246396170599105,60.00506700269145
confirmation_30_C0,A_conditional,FROZEN,58,,,,58.8864736927771,61.057787476422874
confirmation_30_C0,A_conditional,FROZEN,59,,,,59.51728526134392,62.1105079501543
confirmation_30_C0,A_conditional,FROZEN,60,,,,60.287606248043815,63.163228423885734
confirmation_30_C0,A_conditional,FROZEN,61,,,,61.6521514030296,64.21594889761715
confirmation_30_C0,A_conditional,FROZEN,62,,,,63.19762431329711,65.2686693713486
confirmation_30_C0,A_conditional,FROZEN,63,,,,64.2580870552837,66.32138984508002
confirmation_30_C0,A_conditional,FROZEN,64,,,,66.01699828122076,67.37411031881145
confirmation_30_C0,A_conditional,FROZEN,65,,,,67.16522819972433,68.42683079254287
confirmation_30_C0,A_conditional,FROZEN,66,,,,68.0705958832401,69.4795512662743
confirmation_30_C0,A_conditional,FROZEN,67,,,,68.98838922674413,70.53227174000574
confirmation_30_C0,A_conditional,FROZEN,68,,,,70.010401999044,71.58499221373717
confirmation_30_C0,A_conditional,FROZEN,69,,,,71.22119609232477,72.63771268746859
confirmation_30_C0,A_conditional,FROZEN,70,,,,71.89060652007176,73.69043316120002
confirmation_30_C0,A_conditional,FROZEN,71,,,,72.62665128463951,74.74315363493145
confirmation_30_C0,A_conditional,FROZEN,72,,,,73.42594108905519,75.79587410866287
confirmation_30_C0,A_conditional,FROZEN,73,,,,74.390168039195,76.84859458239431
confirmation_30_C0,A_conditional,FROZEN,74,,,,75.21006847340021,77.90131505612574
confirmation_30_C0,A_conditional,FROZEN,75,,,,76.17699452981479,78.95403552985717
confirmation_30_C0,A_conditional,FROZEN,76,,,,77.64425443113821,80.00675600358859
confirmation_30_C0,A_conditional,FROZEN,77,,,,79.20976854905516,81.05947647732002
confirmation_30_C0,A_conditional,FROZEN,78,,,,80.09612865801154,82.11219695105144
confirmation_30_C0,A_conditional,FROZEN,79,,,,81.01004472816254,83.16491742478289
confirmation_30_C0,A_conditional,FROZEN,80,,,,81.74161452466358,84.21763789851431
confirmation_30_C0,A_conditional,FROZEN,81,,,,82.68243768466661,85.27035837224574
confirmation_30_C0,A_conditional,FROZEN,82,,,,83.73658160330308,86.32307884597716
confirmation_30_C0,A_conditional,FROZEN,83,,,,84.56832711375321,87.37579931970859
confirmation_30_C0,A_conditional,FROZEN,84,,,,85.47800489471905,88.42851979344002
confirmation_30_C0,A_conditional,FROZEN,85,,,,86.40236967475596,89.48124026717146
confirmation_30_C0,A_conditional,FROZEN,86,,,,87.11543410095125,90.53396074090288
confirmation_30_C0,A_conditional,FROZEN,87,,,,87.87911845728965,91.58668121463431
confirmation_30_C0,A_conditional,FROZEN,88,,,,88.85896410064525,92.63940168836574
confirmation_30_C0,A_conditional,FROZEN,89,,,,90.23136539768494,93.69212216209716
confirmation_30_C0,A_conditional,FROZEN,90,,,,91.28946798135172,94.74484263582859
confirmation_30_C0,A_conditional,FROZEN,91,,,,92.2506049201443,95.79756310956003
confirmation_30_C0,A_conditional,FROZEN,92,,,,93.07124971652395,96.85028358329146
confirmation_30_C0,A_conditional,FROZEN,93,,,,93.69696048087063,97.90300405702288
confirmation_30_C0,A_conditional,FROZEN,94,,,,94.55738995038703,98.95572453075431
confirmation_30_C0,A_conditional,FROZEN,95,,,,95.27762352832117,100.00844500448574
confirmation_30_C0,A_conditional,FROZEN,96,,,,96.4057965805766,101.06116547821716
confirmation_30_C0,A_conditional,FROZEN,97,,,,97.70747460925868,102.1138859519486
confirmation_30_C0,A_conditional,FROZEN,98,,,,98.45122361429776,103.16660642568003
confirmation_30_C0,A_conditional,FROZEN,99,,,,99.28714193438573,104.21932689941146
confirmation_30_C0,A_conditional,FROZEN,100,,,,100.242183008538,105.27204737314288
confirmation_30_C0,A_conditional,FROZEN,101,,,,101.3550053351537,106.32476784687431
confirmation_30_C0,A_conditional,FROZEN,102,,,,102.26792467014947,107.37748832060575
confirmation_30_C0,A_conditional,FROZEN,103,,,,103.59874291393615,108.43020879433718
confirmation_30_C0,A_conditional,FROZEN,104,,,,105.11585539101684,109.4829292680686
confirmation_30_C0,A_conditional,FROZEN,105,,,,105.85072851813577,110.53564974180003
confirmation_30_C0,A_conditional,FROZEN,106,,,,106.60348561245063,111.58837021553146
confirmation_30_C0,A_conditional,FROZEN,107,,,,107.56189760047236,112.64109068926288
confirmation_30_C0,A_conditional,FROZEN,108,,,,108.4264404602663,113.69381116299432
confirmation_30_C0,A_conditional,FROZEN,109,,,,109.43995645024818,114.74653163672575
confirmation_30_C0,A_conditional,FROZEN,110,,,,110.71472177257326,115.79925211045718
confirmation_30_C0,A_conditional,FROZEN,111,,,,112.06163973178488,116.8519725841886
confirmation_30_C0,A_conditional,FROZEN,112,,,,113.0866195847082,117.90469305792003
confirmation_30_C0,A_conditional,FROZEN,113,,,,113.8291403248682,118.95741353165145
confirmation_30_C0,A_conditional,FROZEN,114,,,,114.5368061522613,120.0101340053829
confirmation_30_C0,A_conditional,FROZEN,115,,,,115.50686385471487,121.06285447911432
confirmation_30_C0,A_conditional,FROZEN,116,,,,116.95644497986885,122.11557495284575
confirmation_30_C0,A_conditional,FROZEN,117,,,,118.80559625710038,123.16829542657717
confirmation_30_C0,A_conditional,FROZEN,118,,,,119.95365240797992,124.2210159003086
confirmation_30_C0,A_conditional,FROZEN,119,,,,120.94614362020886,125.27373637404003
confirmation_30_C0,A_conditional,FROZEN,120,,,,121.9058569581336,126.32645684777147
confirmation_30_C0,A_conditional,JOINT,37.580874893000015,29.3,29.16265866388446,-0.13734133611554,,
confirmation_30_C0,A_conditional,JOINT,40.10587489300002,29.3,29.18905734031317,-0.11094265968683104,,
confirmation_30_C0,A_conditional,JOINT,42.590874893000006,29.3,29.21193782064927,-0.08806217935073235,,
confirmation_30_C0,A_conditional,JOINT,45.145874894,29.1,29.232662867797988,0.1326628677979862,,
confirmation_30_C0,A_conditional,JOINT,47.580874893000015,29.1,29.250101952394733,0.15010195239473134,,
confirmation_30_C0,A_conditional,JOINT,50.05587489400003,29.1,29.265800979600645,0.16580097960064322,,
confirmation_30_C0,A_conditional,JOINT,52.590874894000024,29.1,29.280022404913744,0.18002240491374266,,
confirmation_30_C0,A_conditional,JOINT,55.175874894,29.1,29.292828296989157,0.1928282969891555,,
confirmation_30_C0,A_conditional,JOINT,57.645874894,29.1,29.30366180939503,0.20366180939502954,,
confirmation_30_C0,A_conditional,JOINT,60.11587489300001,29.1,29.313291133357296,0.21329113335729488,,
confirmation_30_C0,A_conditional,JOINT,62.66587489400001,29.1,29.32212065747442,0.2221206574744201,,
confirmation_30_C0,A_conditional,JOINT,65.28587489400002,29.1,29.330158979813195,0.23015897981319355,,
confirmation_30_C0,A_conditional,JOINT,67.78087489400002,29.1,29.336957719561482,0.23695771956148093,,
confirmation_30_C0,A_conditional,JOINT,70.32587489300002,29.1,29.343135422272773,0.24313542227277196,,
confirmation_30_C0,A_conditional,JOINT,72.80587489400003,29.1,29.34850556199073,0.24850556199072926,,
confirmation_30_C0,A_conditional,JOINT,75.265874894,29.0,29.353271886000577,0.35327188600057724,,
confirmation_30_C0,A_conditional,JOINT,77.82087489400001,29.0,29.35769896728098,0.3576989672809816,,
confirmation_30_C0,A_conditional,JOINT,80.38087489400002,29.0,29.361661253715493,0.36166125371549285,,
confirmation_30_C0,A_conditional,JOINT,82.86587489300004,29.0,29.365105885949266,0.36510588594926574,,
confirmation_30_C0,A_conditional,JOINT,85.49087489300004,29.0,29.368363908584456,0.3683639085844561,,
confirmation_30_C0,A_conditional,JOINT,88.030874894,29.0,29.371186084316022,0.3711860843160224,,
confirmation_30_C0,A_conditional,JOINT,90.62587489400002,29.0,29.373771818457552,0.37377181845755203,,
confirmation_30_C0,A_conditional,JOINT,93.150874894,29.0,29.37603110820527,0.37603110820527164,,
confirmation_30_C0,A_conditional,JOINT,95.645874894,28.9,29.378042020939645,0.47804202093964676,,
confirmation_30_C0,A_conditional,JOINT,98.18587489400002,28.9,29.379887293602,0.4798872936020011,,
confirmation_30_C0,A_conditional,JOINT,100.75087489300003,28.9,29.381566099716622,0.48156609971662334,,
confirmation_30_C0,A_conditional,JOINT,103.29087489400004,28.9,29.383065192179437,0.48306519217943844,,
confirmation_30_C0,A_conditional,JOINT,106.265874894,28.9,29.384637270498093,0.48463727049809435,,
confirmation_30_C0,A_conditional,JOINT,108.83087489300001,28.9,29.38585106709095,0.4858510670909517,,
confirmation_30_C0,A_conditional,JOINT,111.41087489399999,28.9,29.386954176016125,0.4869541760161269,,
confirmation_30_C0,A_conditional,JOINT,113.98587489299999,28.9,29.387949543534216,0.48794954353421716,,
confirmation_30_C0,A_conditional,JOINT,116.54087489400004,28.9,29.388843580006505,0.4888435800065061,,
confirmation_30_C0,A_conditional,JOINT,119.19087489400002,28.9,29.389682434359468,0.48968243435946945,,
confirmation_30_C0,A_conditional,JOINT,121.61587489300004,28.9,29.390379028024604,0.49037902802460565,,
confirmation_30_C0,A_conditional,JOINT,124.19087489400002,28.9,29.391051748929467,0.49105174892946835,,
confirmation_30_C0,A_conditional,JOINT,127.05587489400003,28.9,29.39172732561927,0.4917273256192729,,
confirmation_30_C0,A_conditional,JOINT,129.525874894,28.9,29.39225430922819,0.4922543092281906,,
confirmation_30_C0,A_conditional,JOINT,132.07087489300002,28.9,29.39274892129519,0.4927489212951919,,
confirmation_30_C0,A_conditional,JOINT,134.525874894,28.9,29.393183872241615,0.493183872241616,,
confirmation_30_C0,A_conditional,JOINT,137.350874893,28.9,29.393638101039983,0.4936381010399842,,
confirmation_30_C0,A_conditional,JOINT,139.86587489300004,28.9,29.394004817570462,0.4940048175704632,,
confirmation_30_C0,A_conditional,JOINT,142.355874893,28.9,29.394336282740547,0.49433628274054797,,
confirmation_30_C0,A_conditional,JOINT,144.86587489300004,28.9,29.394641490151322,0.49464149015132364,,
confirmation_30_C0,A_conditional,JOINT,147.43087489400003,28.9,29.394926127459225,0.4949261274592267,,
confirmation_30_C0,A_conditional,JOINT,149.885874894,28.9,29.39517508410224,0.4951750841022431,,
confirmation_30_C0,A_conditional,JOINT,152.335874893,28.9,29.395402685012627,0.4954026850126283,,
confirmation_30_C0,A_conditional,JOINT,154.895874894,29.6,29.395620223398115,-0.20437977660188622,,
confirmation_30_C0,A_conditional,JOINT,157.37087489300004,29.6,29.39581257260706,-0.2041874273929416,,
confirmation_30_C0,A_conditional,JOINT,159.905874894,29.6,29.395992899781103,-0.20400710021889878,,
confirmation_30_C0,A_conditional,JOINT,162.42087489400004,29.6,29.396156583479566,-0.20384341652043503,,
confirmation_30_C0,A_conditional,JOINT,164.95087489300002,29.1,29.396307292736623,0.29630729273662126,,
confirmation_30_C0,A_conditional,JOINT,167.450874894,29.1,29.396443668818435,0.29644366881843354,,
confirmation_30_C0,A_conditional,JOINT,169.81087489400002,29.1,29.396561938660042,0.2965619386600409,,
confirmation_30_C0,A_conditional,JOINT,172.31587489300003,29.1,29.396677290593026,0.29667729059302417,,
confirmation_30_C0,A_conditional,JOINT,174.780874894,29.1,29.396781419356756,0.29678141935675484,,
confirmation_30_C0,A_conditional,JOINT,177.260874894,29.0,29.396877586518013,0.39687758651801275,,
confirmation_30_C0,A_conditional,JOINT,179.81087489400002,29.0,29.396968241255735,0.3969682412557347,,
confirmation_30_C0,A_conditional,JOINT,0,,,,0.0,0.0
confirmation_30_C0,A_conditional,JOINT,1,,,,1.521725324208394,1.0527204737314289
confirmation_30_C0,A_conditional,JOINT,2,,,,2.879345015882659,2.1054409474628577
confirmation_30_C0,A_conditional,JOINT,3,,,,4.5757873167910885,3.1581614211942863
confirmation_30_C0,A_conditional,JOINT,4,,,,6.024956381001777,4.210881894925715
confirmation_30_C0,A_conditional,JOINT,5,,,,8.302533102668264,5.2636023686571445
confirmation_30_C0,A_conditional,JOINT,6,,,,9.916108213332166,6.316322842388573
confirmation_30_C0,A_conditional,JOINT,7,,,,11.168258139708165,7.369043316120002
confirmation_30_C0,A_conditional,JOINT,8,,,,12.023151392706026,8.42176378985143
confirmation_30_C0,A_conditional,JOINT,9,,,,12.893980602678733,9.474484263582859
confirmation_30_C0,A_conditional,JOINT,10,,,,13.858570831990999,10.527204737314289
confirmation_30_C0,A_conditional,JOINT,11,,,,14.632489069078074,11.579925211045717
confirmation_30_C0,A_conditional,JOINT,12,,,,16.04232104158225,12.632645684777145
confirmation_30_C0,A_conditional,JOINT,13,,,,17.6177981605108,13.685366158508575
confirmation_30_C0,A_conditional,JOINT,14,,,,18.890927091695875,14.738086632240003
confirmation_30_C0,A_conditional,JOINT,15,,,,19.624150700575196,15.790807105971433
confirmation_30_C0,A_conditional,JOINT,16,,,,20.383482529213715,16.84352757970286
confirmation_30_C0,A_conditional,JOINT,17,,,,21.215166365252472,17.89624805343429
confirmation_30_C0,A_conditional,JOINT,18,,,,21.861376142322264,18.948968527165718
confirmation_30_C0,A_conditional,JOINT,19,,,,22.509929646810775,20.001689000897148
confirmation_30_C0,A_conditional,JOINT,20,,,,23.679116641061103,21.054409474628578
confirmation_30_C0,A_conditional,JOINT,21,,,,24.94108337186379,22.107129948360004
confirmation_30_C0,A_conditional,JOINT,22,,,,25.758201187807497,23.159850422091434
confirmation_30_C0,A_conditional,JOINT,23,,,,26.848914988855043,24.212570895822864
confirmation_30_C0,A_conditional,JOINT,24,,,,27.582606071701854,25.26529136955429
confirmation_30_C0,A_conditional,JOINT,25,,,,28.354262356186116,26.31801184328572
confirmation_30_C0,A_conditional,JOINT,26,,,,29.30822786128808,27.37073231701715
confirmation_30_C0,A_conditional,JOINT,27,,,,30.43780302548897,28.42345279074858
confirmation_30_C0,A_conditional,JOINT,28,,,,31.66566683077449,29.476173264480007
confirmation_30_C0,A_conditional,JOINT,29,,,,32.482974661238,30.528893738211437
confirmation_30_C0,A_conditional,JOINT,30,,,,33.2301092648692,31.581614211942867
confirmation_30_C0,A_conditional,JOINT,31,,,,34.58984137378892,32.6343346856743
confirmation_30_C0,A_conditional,JOINT,32,,,,35.474360188204066,33.68705515940572
confirmation_30_C0,A_conditional,JOINT,33,,,,36.92073136130146,34.73977563313715
confirmation_30_C0,A_conditional,JOINT,34,,,,37.89951157912739,35.79249610686858
confirmation_30_C0,A_conditional,JOINT,35,,,,38.73152217378788,36.84521658060001
confirmation_30_C0,A_conditional,JOINT,36,,,,39.43459225641095,37.897937054331436
confirmation_30_C0,A_conditional,JOINT,37,,,,40.11687597729034,38.95065752806287
confirmation_30_C0,A_conditional,JOINT,38,,,,40.930422612981836,40.003378001794296
confirmation_30_C0,A_conditional,JOINT,39,,,,41.598231428427525,41.05609847552572
confirmation_30_C0,A_conditional,JOINT,40,,,,42.352654317810945,42.108818949257156
confirmation_30_C0,A_conditional,JOINT,41,,,,43.642435446137384,43.16153942298858
confirmation_30_C0,A_conditional,JOINT,42,,,,44.38411110980127,44.21425989672001
confirmation_30_C0,A_conditional,JOINT,43,,,,45.3872652286077,45.26698037045144
confirmation_30_C0,A_conditional,JOINT,44,,,,46.523928762706966,46.31970084418287
confirmation_30_C0,A_conditional,JOINT,45,,,,47.13875711753631,47.372421317914295
confirmation_30_C0,A_conditional,JOINT,46,,,,47.770024503256636,48.42514179164573
confirmation_30_C0,A_conditional,JOINT,47,,,,48.618532277459174,49.477862265377155
confirmation_30_C0,A_conditional,JOINT,48,,,,50.23548936434645,50.53058273910858
confirmation_30_C0,A_conditional,JOINT,49,,,,51.16421584353589,51.583303212840015
confirmation_30_C0,A_conditional,JOINT,50,,,,51.93049243729543,52.63602368657144
confirmation_30_C0,A_conditional,JOINT,51,,,,52.93895372988768,53.688744160302875
confirmation_30_C0,A_conditional,JOINT,52,,,,53.616857306771614,54.7414646340343
confirmation_30_C0,A_conditional,JOINT,53,,,,54.41229638885484,55.79418510776573
confirmation_30_C0,A_conditional,JOINT,54,,,,55.288207516798344,56.84690558149716
confirmation_30_C0,A_conditional,JOINT,55,,,,56.44534284339413,57.89962605522859
confirmation_30_C0,A_conditional,JOINT,56,,,,57.49703025156191,58.952346528960014
confirmation_30_C0,A_conditional,JOINT,57,,,,58.246396170599105,60.00506700269145
confirmation_30_C0,A_conditional,JOINT,58,,,,58.8864736927771,61.057787476422874
confirmation_30_C0,A_conditional,JOINT,59,,,,59.51728526134392,62.1105079501543
confirmation_30_C0,A_conditional,JOINT,60,,,,60.287606248043815,63.163228423885734
confirmation_30_C0,A_conditional,JOINT,61,,,,61.6521514030296,64.21594889761715
confirmation_30_C0,A_conditional,JOINT,62,,,,63.19762431329711,65.2686693713486
confirmation_30_C0,A_conditional,JOINT,63,,,,64.2580870552837,66.32138984508002
confirmation_30_C0,A_conditional,JOINT,64,,,,66.01699828122076,67.37411031881145
confirmation_30_C0,A_conditional,JOINT,65,,,,67.16522819972433,68.42683079254287
confirmation_30_C0,A_conditional,JOINT,66,,,,68.0705958832401,69.4795512662743
confirmation_30_C0,A_conditional,JOINT,67,,,,68.98838922674413,70.53227174000574
confirmation_30_C0,A_conditional,JOINT,68,,,,70.010401999044,71.58499221373717
confirmation_30_C0,A_conditional,JOINT,69,,,,71.22119609232477,72.63771268746859
confirmation_30_C0,A_conditional,JOINT,70,,,,71.89060652007176,73.69043316120002
confirmation_30_C0,A_conditional,JOINT,71,,,,72.62665128463951,74.74315363493145
confirmation_30_C0,A_conditional,JOINT,72,,,,73.42594108905519,75.79587410866287
confirmation_30_C0,A_conditional,JOINT,73,,,,74.390168039195,76.84859458239431
confirmation_30_C0,A_conditional,JOINT,74,,,,75.21006847340021,77.90131505612574
confirmation_30_C0,A_conditional,JOINT,75,,,,76.17699452981479,78.95403552985717
confirmation_30_C0,A_conditional,JOINT,76,,,,77.64425443113821,80.00675600358859
confirmation_30_C0,A_conditional,JOINT,77,,,,79.20976854905516,81.05947647732002
confirmation_30_C0,A_conditional,JOINT,78,,,,80.09612865801154,82.11219695105144
confirmation_30_C0,A_conditional,JOINT,79,,,,81.01004472816254,83.16491742478289
confirmation_30_C0,A_conditional,JOINT,80,,,,81.74161452466358,84.21763789851431
confirmation_30_C0,A_conditional,JOINT,81,,,,82.68243768466661,85.27035837224574
confirmation_30_C0,A_conditional,JOINT,82,,,,83.73658160330308,86.32307884597716
confirmation_30_C0,A_conditional,JOINT,83,,,,84.56832711375321,87.37579931970859
confirmation_30_C0,A_conditional,JOINT,84,,,,85.47800489471905,88.42851979344002
confirmation_30_C0,A_conditional,JOINT,85,,,,86.40236967475596,89.48124026717146
confirmation_30_C0,A_conditional,JOINT,86,,,,87.11543410095125,90.53396074090288
confirmation_30_C0,A_conditional,JOINT,87,,,,87.87911845728965,91.58668121463431
confirmation_30_C0,A_conditional,JOINT,88,,,,88.85896410064525,92.63940168836574
confirmation_30_C0,A_conditional,JOINT,89,,,,90.23136539768494,93.69212216209716
confirmation_30_C0,A_conditional,JOINT,90,,,,91.28946798135172,94.74484263582859
confirmation_30_C0,A_conditional,JOINT,91,,,,92.2506049201443,95.79756310956003
confirmation_30_C0,A_conditional,JOINT,92,,,,93.07124971652395,96.85028358329146
confirmation_30_C0,A_conditional,JOINT,93,,,,93.69696048087063,97.90300405702288
confirmation_30_C0,A_conditional,JOINT,94,,,,94.55738995038703,98.95572453075431
confirmation_30_C0,A_conditional,JOINT,95,,,,95.27762352832117,100.00844500448574
confirmation_30_C0,A_conditional,JOINT,96,,,,96.4057965805766,101.06116547821716
confirmation_30_C0,A_conditional,JOINT,97,,,,97.70747460925868,102.1138859519486
confirmation_30_C0,A_conditional,JOINT,98,,,,98.45122361429776,103.16660642568003
confirmation_30_C0,A_conditional,JOINT,99,,,,99.28714193438573,104.21932689941146
confirmation_30_C0,A_conditional,JOINT,100,,,,100.242183008538,105.27204737314288
confirmation_30_C0,A_conditional,JOINT,101,,,,101.3550053351537,106.32476784687431
confirmation_30_C0,A_conditional,JOINT,102,,,,102.26792467014947,107.37748832060575
confirmation_30_C0,A_conditional,JOINT,103,,,,103.59874291393615,108.43020879433718
confirmation_30_C0,A_conditional,JOINT,104,,,,105.11585539101684,109.4829292680686
confirmation_30_C0,A_conditional,JOINT,105,,,,105.85072851813577,110.53564974180003
confirmation_30_C0,A_conditional,JOINT,106,,,,106.60348561245063,111.58837021553146
confirmation_30_C0,A_conditional,JOINT,107,,,,107.56189760047236,112.64109068926288
confirmation_30_C0,A_conditional,JOINT,108,,,,108.4264404602663,113.69381116299432
confirmation_30_C0,A_conditional,JOINT,109,,,,109.43995645024818,114.74653163672575
confirmation_30_C0,A_conditional,JOINT,110,,,,110.71472177257326,115.79925211045718
confirmation_30_C0,A_conditional,JOINT,111,,,,112.06163973178488,116.8519725841886
confirmation_30_C0,A_conditional,JOINT,112,,,,113.0866195847082,117.90469305792003
confirmation_30_C0,A_conditional,JOINT,113,,,,113.8291403248682,118.95741353165145
confirmation_30_C0,A_conditional,JOINT,114,,,,114.5368061522613,120.0101340053829
confirmation_30_C0,A_conditional,JOINT,115,,,,115.50686385471487,121.06285447911432
confirmation_30_C0,A_conditional,JOINT,116,,,,116.95644497986885,122.11557495284575
confirmation_30_C0,A_conditional,JOINT,117,,,,118.80559625710038,123.16829542657717
confirmation_30_C0,A_conditional,JOINT,118,,,,119.95365240797992,124.2210159003086
confirmation_30_C0,A_conditional,JOINT,119,,,,120.94614362020886,125.27373637404003
confirmation_30_C0,A_conditional,JOINT,120,,,,121.9058569581336,126.32645684777147
